13:44:37.585 ### logger started (auto: PJRC 16C0:0483)
13:44:38.946 ### port COM4 open
13:44:38.988 VT: partner 0xFE silent -- requesting address claims to find another VT
13:44:39.000 W] [AC]: Address violation for address 129
13:44:39.034 VT: partner 0xFE silent -- requesting address claims to find another VT
13:44:39.036 W] [AC]: Address violation for address 129
13:44:45.122 === ISOBUS DEBUG MENU ===
13:44:45.154 1. Full status dump
13:44:45.156 2. Periodic summary line (OFF - press to toggle)
13:44:45.479 ### auto: 1 Hz line was OFF -> switched ON
13:44:45.481 3. Reset message counters
13:44:45.482 4. Dump DDOP as hex (open in AgIsoDDOPGenerator)
13:44:45.482 5. Dump VT object pool as hex
13:44:45.483 q. Exit
13:44:45.486 Periodic summary line: ON
13:44:45.487 === ISOBUS DEBUG MENU ===
13:44:45.488 1. Full status dump
13:44:45.489 2. Periodic summary line (ON - press to toggle)
13:44:45.490 3. Reset message counters
13:44:45.491 4. Dump DDOP as hex (open in AgIsoDDOPGenerator)
13:44:45.492 5. Dump VT object pool as hex
13:44:45.494 q. Exit
13:44:45.495 Exiting.
13:44:45.498 [ISOBUS] addr=0x81 claimed=Y load=14.7% msgs=4026 aiso=293(449476ms) xte=0.00m spd=0.00m/s q=0 ggaAge=99 vtgAge=449476 xteAge=449476 xteraw=80:51FFFFFFFFFFFFFF vt=Y(21/22) vtstat=588/499ms tc=Y drp=0mm tcq=0
13:44:44.862 [ISOBUS] addr=0x81 claimed=Y load=14.5% msgs=4067 aiso=294(450476ms) xte=0.00m spd=0.00m/s q=0 ggaAge=99 vtgAge=450476 xteAge=450476 xteraw=80:51FFFFFFFFFFFFFF vt=Y(21/22) vtstat=590/499ms tc=Y drp=0mm tcq=0
13:44:45.859 [ISOBUS] addr=0x81 claimed=Y load=14.7% msgs=4108 aiso=295(451476ms) xte=0.00m spd=0.00m/s q=0 ggaAge=99 vtgAge=451476 xteAge=451476 xteraw=80:51FFFFFFFFFFFFFF vt=Y(21/22) vtstat=592/499ms tc=Y drp=0mm tcq=0
13:44:46.857 [ISOBUS] addr=0x81 claimed=Y load=14.5% msgs=4149 aiso=296(452476ms) xte=0.00m spd=0.00m/s q=0 ggaAge=99 vtgAge=452476 xteAge=452476 xteraw=80:51FFFFFFFFFFFFFF vt=Y(21/22) vtstat=594/499ms tc=Y drp=0mm tcq=0
13:44:47.856 [ISOBUS] addr=0x81 claimed=Y load=14.7% msgs=4190 aiso=297(453476ms) xte=0.00m spd=0.00m/s q=0 ggaAge=99 vtgAge=453476 xteAge=453476 xteraw=80:51FFFFFFFFFFFFFF vt=Y(21/22) vtstat=596/499ms tc=Y drp=0mm tcq=0
13:44:48.854 [ISOBUS] addr=0x81 claimed=Y load=14.5% msgs=4231 aiso=298(454476ms) xte=0.00m spd=0.00m/s q=0 ggaAge=99 vtgAge=454476 xteAge=454476 xteraw=80:51FFFFFFFFFFFFFF vt=Y(21/22) vtstat=598/499ms tc=Y drp=0mm tcq=0
13:44:49.860 [ISOBUS] addr=0x81 claimed=Y load=14.7% msgs=4272 aiso=299(455476ms) xte=0.00m spd=0.00m/s q=0 ggaAge=99 vtgAge=455476 xteAge=455476 xteraw=80:51FFFFFFFFFFFFFF vt=Y(21/22) vtstat=600/499ms tc=Y drp=0mm tcq=0
13:44:50.862 [ISOBUS] addr=0x81 claimed=Y load=14.5% msgs=4313 aiso=300(456476ms) xte=0.00m spd=0.00m/s q=0 ggaAge=99 vtgAge=456476 xteAge=456476 xteraw=80:51FFFFFFFFFFFFFF vt=Y(21/22) vtstat=602/499ms tc=Y drp=0mm tcq=0
13:44:51.863 [ISOBUS] addr=0x81 claimed=Y load=15.1% msgs=4358 aiso=301(457476ms) xte=0.00m spd=0.00m/s q=0 ggaAge=99 vtgAge=457476 xteAge=457476 xteraw=80:51FFFFFFFFFFFFFF vt=Y(21/22) vtstat=604/499ms tc=Y drp=0mm tcq=0
13:44:52.836 [ISOBUS] addr=0x81 claimed=Y load=14.5% msgs=4399 aiso=302(458476ms) xte=0.00m spd=0.00m/s q=0 ggaAge=99 vtgAge=458476 xteAge=458476 xteraw=80:51FFFFFFFFFFFFFF vt=Y(21/22) vtstat=606/499ms tc=Y drp=0mm tcq=0
13:44:53.863 [ISOBUS] addr=0x81 claimed=Y load=14.7% msgs=4440 aiso=303(459476ms) xte=0.00m spd=0.00m/s q=0 ggaAge=99 vtgAge=459476 xteAge=459476 xteraw=80:51FFFFFFFFFFFFFF vt=Y(21/22) vtstat=608/499ms tc=Y drp=0mm tcq=0
13:44:54.858 [ISOBUS] addr=0x81 claimed=Y load=14.5% msgs=4481 aiso=304(460476ms) xte=0.00m spd=0.00m/s q=0 ggaAge=99 vtgAge=460476 xteAge=460476 xteraw=80:51FFFFFFFFFFFFFF vt=Y(21/22) vtstat=610/499ms tc=Y drp=0mm tcq=0
13:44:55.854 [ISOBUS] addr=0x81 claimed=Y load=14.7% msgs=4522 aiso=305(461476ms) xte=0.00m spd=0.00m/s q=0 ggaAge=99 vtgAge=461476 xteAge=461476 xteraw=80:51FFFFFFFFFFFFFF vt=Y(21/22) vtstat=612/499ms tc=Y drp=0mm tcq=0
13:44:56.854 [ISOBUS] addr=0x81 claimed=Y load=14.5% msgs=4563 aiso=306(462476ms) xte=0.00m spd=0.00m/s q=0 ggaAge=99 vtgAge=462476 xteAge=462476 xteraw=80:51FFFFFFFFFFFFFF vt=Y(21/22) vtstat=614/499ms tc=Y drp=0mm tcq=0
13:44:57.834 [ISOBUS] addr=0x81 claimed=Y load=14.7% msgs=4604 aiso=307(463476ms) xte=0.00m spd=0.00m/s q=0 ggaAge=100 vtgAge=463476 xteAge=463476 xteraw=80:51FFFFFFFFFFFFFF vt=Y(21/22) vtstat=616/499ms tc=Y drp=0mm tcq=0
13:44:58.846 [ISOBUS] addr=0x81 claimed=Y load=14.5% msgs=4645 aiso=308(464476ms) xte=0.00m spd=0.00m/s q=0 ggaAge=100 vtgAge=464476 xteAge=464476 xteraw=80:51FFFFFFFFFFFFFF vt=Y(21/22) vtstat=618/500ms tc=Y drp=0mm tcq=0
13:44:59.843 [ISOBUS] addr=0x81 claimed=Y load=14.7% msgs=4686 aiso=309(465476ms) xte=0.00m spd=0.00m/s q=0 ggaAge=100 vtgAge=465476 xteAge=465476 xteraw=80:51FFFFFFFFFFFFFF vt=Y(21/22) vtstat=620/500ms tc=Y drp=0mm tcq=0
13:45:00.844 [ISOBUS] addr=0x81 claimed=Y load=14.5% msgs=4727 aiso=310(466476ms) xte=0.00m spd=0.00m/s q=0 ggaAge=100 vtgAge=466476 xteAge=466476 xteraw=80:51FFFFFFFFFFFFFF vt=Y(21/22) vtstat=622/500ms tc=Y drp=0mm tcq=0
13:45:01.843 [ISOBUS] addr=0x81 claimed=Y load=15.1% msgs=4772 aiso=311(467476ms) xte=0.00m spd=0.00m/s q=0 ggaAge=100 vtgAge=467476 xteAge=467476 xteraw=80:51FFFFFFFFFFFFFF vt=Y(21/22) vtstat=624/500ms tc=Y drp=0mm tcq=0
13:45:02.841 [ISOBUS] addr=0x81 claimed=Y load=14.5% msgs=4813 aiso=312(468476ms) xte=0.00m spd=0.00m/s q=0 ggaAge=100 vtgAge=468476 xteAge=468476 xteraw=80:51FFFFFFFFFFFFFF vt=Y(21/22) vtstat=626/500ms tc=Y drp=0mm tcq=0
13:45:03.843 [ISOBUS] addr=0x81 claimed=Y load=14.7% msgs=4854 aiso=313(469476ms) xte=0.00m spd=0.00m/s q=0 ggaAge=100 vtgAge=469476 xteAge=469476 xteraw=80:51FFFFFFFFFFFFFF vt=Y(21/22) vtstat=628/496ms tc=Y drp=0mm tcq=0
13:45:04.843 [ISOBUS] addr=0x81 claimed=Y load=14.5% msgs=4895 aiso=314(470476ms) xte=0.00m spd=0.00m/s q=0 ggaAge=100 vtgAge=470476 xteAge=470476 xteraw=80:51FFFFFFFFFFFFFF vt=Y(21/22) vtstat=630/500ms tc=Y drp=0mm tcq=0
13:45:05.841 [ISOBUS] addr=0x81 claimed=Y load=14.7% msgs=4936 aiso=315(471476ms) xte=0.00m spd=0.00m/s q=0 ggaAge=100 vtgAge=471476 xteAge=471476 xteraw=80:51FFFFFFFFFFFFFF vt=Y(21/22) vtstat=632/496ms tc=Y drp=0mm tcq=0
13:45:06.840 [ISOBUS] addr=0x81 claimed=Y load=14.5% msgs=4977 aiso=316(472476ms) xte=0.00m spd=0.00m/s q=0 ggaAge=100 vtgAge=472476 xteAge=472476 xteraw=80:51FFFFFFFFFFFFFF vt=Y(21/22) vtstat=634/500ms tc=Y drp=0mm tcq=0
13:45:07.840 [ISOBUS] addr=0x81 claimed=Y load=14.7% msgs=5018 aiso=317(473476ms) xte=0.00m spd=0.00m/s q=0 ggaAge=100 vtgAge=473476 xteAge=473476 xteraw=80:51FFFFFFFFFFFFFF vt=Y(21/22) vtstat=636/500ms tc=Y drp=0mm tcq=0
13:45:08.839 [ISOBUS] addr=0x81 claimed=Y load=14.5% msgs=5059 aiso=318(474476ms) xte=0.00m spd=0.00m/s q=0 ggaAge=100 vtgAge=474476 xteAge=474476 xteraw=80:51FFFFFFFFFFFFFF vt=Y(21/22) vtstat=638/500ms tc=Y drp=0mm tcq=0
13:45:09.851 [ISOBUS] addr=0x81 claimed=Y load=14.7% msgs=5100 aiso=319(475476ms) xte=0.00m spd=0.00m/s q=0 ggaAge=100 vtgAge=475476 xteAge=475476 xteraw=80:51FFFFFFFFFFFFFF vt=Y(21/22) vtstat=640/500ms tc=Y drp=0mm tcq=0
13:45:10.834 [ISOBUS] addr=0x81 claimed=Y load=14.5% msgs=5141 aiso=320(476476ms) xte=0.00m spd=0.00m/s q=0 ggaAge=100 vtgAge=476476 xteAge=476476 xteraw=80:51FFFFFFFFFFFFFF vt=Y(21/22) vtstat=642/500ms tc=Y drp=0mm tcq=0
13:45:11.845 [ISOBUS] addr=0x81 claimed=Y load=15.1% msgs=5186 aiso=321(477476ms) xte=0.00m spd=0.00m/s q=0 ggaAge=100 vtgAge=477476 xteAge=477476 xteraw=80:51FFFFFFFFFFFFFF vt=Y(21/22) vtstat=644/500ms tc=Y drp=0mm tcq=0
13:45:12.844 [ISOBUS] addr=0x81 claimed=Y load=14.5% msgs=5227 aiso=322(478476ms) xte=0.00m spd=0.00m/s q=0 ggaAge=100 vtgAge=478476 xteAge=478476 xteraw=80:51FFFFFFFFFFFFFF vt=Y(21/22) vtstat=646/496ms tc=Y drp=0mm tcq=0
13:45:13.283 ### sending keys: x1q
13:45:13.856 === ISOBUS DEBUG MENU ===
13:45:13.858 1. Full status dump
13:45:13.860 2. Periodic summary line (ON - press to toggle)
13:45:13.861 3. Reset message counters
13:45:13.863 4. Dump DDOP as hex (open in AgIsoDDOPGenerator)
13:45:13.864 5. Dump VT object pool as hex
13:45:13.865 q. Exit
13:45:13.867 === ISOBUS STATUS ===
13:45:13.868 Address claim: CLAIMED  address=0x81
13:45:13.869 CAN controller: error-active  TX err 0 (peak 144)  RX err 0 (peak 0)
13:45:13.870   error-passive entries: 1  bus-off entries: 0  longest episode: 149561 ms
13:45:13.872 Bus load (ch0): 14.5 %
13:45:13.873 --- Message counters ---
13:45:13.874   PGN 129025 Position NMEA2000: 0
13:45:13.875   PGN 129026 Speed NMEA2000:    0
13:45:13.876   PGN 129283 XTE NMEA2000:      47
13:45:13.877   PGN 65267  Position legacy:   507
13:45:13.878   PGN 65256  Speed legacy:      507   last SA=0x80 raw=0xFFFF
13:45:13.880   PGN 65535  all senders:       507   last SA=0x80
13:45:13.881   PGN 65535  XTE carrier 0x2A:  0   (none decoded)
13:45:13.882              raw SA=0x80 word=0xFFFF byte1=0xFF payload 51FFFFFFFFFFFFFF  (17 ms ago)
13:45:13.883   PGN 60160  XTE Trimble legacy:139   last SA=0x26
13:45:13.884   PGN 64770  AISO stop:         322   last 479093 ms ago
13:45:13.886   TOTAL:                        5254
13:45:13.887 --- Guidance telemetry ---
13:45:13.889   XTE:          0.00 m
13:45:13.890   Speed:        0.00 m/s (0.00 kn)
13:45:13.891   Quality:      0   RTK quality=4  PGN 129029 GNSS position: (none received)
13:45:13.893   PGN 129027 position deltas: 0
13:45:13.895   Guidance machine info (PGN 44032): 3225 msgs, last 33 ms ago
13:45:13.896     lockout=YES/READY  steeringReady=n/a  remoteEngage=n/a  curvature=-1.25 1/km
13:45:13.897   IsRtkQuality=N
13:45:13.898   GGA fix age:  17 ms
13:45:13.899   VTG fix age:  479093 ms
13:45:13.900   XTE fix age:  479093 ms
13:45:13.901   Lat/Lon/Alt/Course: 0.000000 / 0.000000 / 0.0 m / 0.0 deg
13:45:13.903 --- Virtual Terminal ---
13:45:13.904   Connected:    Y
13:45:13.905   State:        21/22  Connected
13:45:13.906   VT version:  3
13:45:13.907   VT status msgs: 648   last 117 ms ago
13:45:13.911   Partner: addr=0x80 valid=Y  reconnect attempts=0
13:45:13.913   VT failover: switches=0 claim requests=14
13:45:13.914 --- Task Controller ---
13:45:13.915   Connected:    Y
13:45:13.916   TC-GEO (with/without pos): Y/N
13:45:13.918   Task active:  Y
13:45:13.919   DRP deviation (DDI 513): 0 mm, last 479093 ms ago
13:45:13.920   GNSS quality (DDI 514):  0, last 479093 ms ago
13:45:13.921   [via stack] Value cmds to handler: 0  last DDI=(none)
13:45:13.922   [via stack] Value req callbacks:  0   (mostly AgIsoStack's own re-polling -- NOT bus traffic)
13:45:13.923   [on bus] Requests for our values: 0
13:45:13.925   [on bus] Set-value commands:      0
13:45:13.926   [on bus] Measurement commands:    0  (none)
13:45:13.927   [on bus] Other, addressed to us:  6
13:45:13.928   Partner: addr=0xF7 valid=Y  reconnect attempts=0
13:45:13.930   Tramline setpoint (DDI 506): (none yet -- no Tramline Control seen on this terminal)
13:45:13.932   Guidance track (DDI 507-511): (none yet)
13:45:13.933 === ISOBUS DEBUG MENU ===
13:45:13.934 1. Full status dump
13:45:13.936 2. Periodic summary line (ON - press to toggle)
13:45:13.937 3. Reset message counters
13:45:13.938 4. Dump DDOP as hex (open in AgIsoDDOPGenerator)
13:45:13.939 5. Dump VT object pool as hex
13:45:13.940 q. Exit
13:45:13.942 Exiting.
13:45:13.943 [ISOBUS] addr=0x81 claimed=Y load=14.7% msgs=5268 aiso=323(479476ms) xte=0.00m spd=0.00m/s q=0 ggaAge=100 vtgAge=479476 xteAge=479476 xteraw=80:51FFFFFFFFFFFFFF vt=Y(21/22) vtstat=648/500ms tc=Y drp=0mm tcq=0
13:45:14.834 [ISOBUS] addr=0x81 claimed=Y load=14.5% msgs=5309 aiso=324(480476ms) xte=0.00m spd=0.00m/s q=0 ggaAge=100 vtgAge=480476 xteAge=480476 xteraw=80:51FFFFFFFFFFFFFF vt=Y(21/22) vtstat=650/500ms tc=Y drp=0mm tcq=0
13:45:15.854 [ISOBUS] addr=0x81 claimed=Y load=14.7% msgs=5350 aiso=325(481476ms) xte=0.00m spd=0.00m/s q=0 ggaAge=100 vtgAge=481476 xteAge=481476 xteraw=80:51FFFFFFFFFFFFFF vt=Y(21/22) vtstat=652/500ms tc=Y drp=0mm tcq=0
13:45:16.856 [ISOBUS] addr=0x81 claimed=Y load=14.5% msgs=5391 aiso=326(482476ms) xte=0.00m spd=0.00m/s q=0 ggaAge=100 vtgAge=482476 xteAge=482476 xteraw=80:51FFFFFFFFFFFFFF vt=Y(21/22) vtstat=654/500ms tc=Y drp=0mm tcq=0
13:45:17.842 [ISOBUS] addr=0x81 claimed=Y load=14.7% msgs=5432 aiso=327(483476ms) xte=0.00m spd=0.00m/s q=0 ggaAge=100 vtgAge=483476 xteAge=483476 xteraw=80:51FFFFFFFFFFFFFF vt=Y(21/22) vtstat=656/496ms tc=Y drp=0mm tcq=0
13:45:18.840 [ISOBUS] addr=0x81 claimed=Y load=14.5% msgs=5473 aiso=328(484476ms) xte=0.00m spd=0.00m/s q=0 ggaAge=100 vtgAge=484476 xteAge=484476 xteraw=80:51FFFFFFFFFFFFFF vt=Y(21/22) vtstat=658/500ms tc=Y drp=0mm tcq=0
13:45:19.841 [ISOBUS] addr=0x81 claimed=Y load=14.7% msgs=5514 aiso=329(485476ms) xte=0.00m spd=0.00m/s q=0 ggaAge=100 vtgAge=485476 xteAge=485476 xteraw=80:51FFFFFFFFFFFFFF vt=Y(21/22) vtstat=660/496ms tc=Y drp=0mm tcq=0
13:45:20.842 [ISOBUS] addr=0x81 claimed=Y load=14.5% msgs=5555 aiso=330(486476ms) xte=0.00m spd=0.00m/s q=0 ggaAge=100 vtgAge=486476 xteAge=486476 xteraw=80:51FFFFFFFFFFFFFF vt=Y(21/22) vtstat=662/496ms tc=Y drp=0mm tcq=0
13:45:21.856 [ISOBUS] addr=0x81 claimed=Y load=15.1% msgs=5600 aiso=331(487476ms) xte=0.00m spd=0.00m/s q=0 ggaAge=100 vtgAge=487476 xteAge=487476 xteraw=80:51FFFFFFFFFFFFFF vt=Y(21/22) vtstat=664/496ms tc=Y drp=0mm tcq=0
13:45:22.867 [ISOBUS] addr=0x81 claimed=Y load=14.5% msgs=5641 aiso=332(488476ms) xte=0.00m spd=0.00m/s q=0 ggaAge=100 vtgAge=488476 xteAge=488476 xteraw=80:51FFFFFFFFFFFFFF vt=Y(21/22) vtstat=666/496ms tc=Y drp=0mm tcq=0
13:45:23.836 [ISOBUS] addr=0x81 claimed=Y load=14.7% msgs=5682 aiso=333(489476ms) xte=0.00m spd=0.00m/s q=0 ggaAge=100 vtgAge=489476 xteAge=489476 xteraw=80:51FFFFFFFFFFFFFF vt=Y(21/22) vtstat=668/496ms tc=Y drp=0mm tcq=0
13:45:24.848 [ISOBUS] addr=0x81 claimed=Y load=14.5% msgs=5723 aiso=334(490476ms) xte=0.00m spd=0.00m/s q=0 ggaAge=100 vtgAge=490476 xteAge=490476 xteraw=80:51FFFFFFFFFFFFFF vt=Y(21/22) vtstat=670/496ms tc=Y drp=0mm tcq=0
13:45:25.836 [ISOBUS] addr=0x81 claimed=Y load=14.7% msgs=5764 aiso=335(491476ms) xte=0.00m spd=0.00m/s q=0 ggaAge=100 vtgAge=491476 xteAge=491476 xteraw=80:51FFFFFFFFFFFFFF vt=Y(21/22) vtstat=672/496ms tc=Y drp=0mm tcq=0
13:45:26.847 [ISOBUS] addr=0x81 claimed=Y load=14.5% msgs=5805 aiso=336(492476ms) xte=0.00m spd=0.00m/s q=0 ggaAge=100 vtgAge=492476 xteAge=492476 xteraw=80:51FFFFFFFFFFFFFF vt=Y(21/22) vtstat=674/496ms tc=Y drp=0mm tcq=0
13:45:27.842 [ISOBUS] addr=0x81 claimed=Y load=14.7% msgs=5846 aiso=337(493476ms) xte=0.00m spd=0.00m/s q=0 ggaAge=100 vtgAge=493476 xteAge=493476 xteraw=80:51FFFFFFFFFFFFFF vt=Y(21/22) vtstat=676/496ms tc=Y drp=0mm tcq=0
13:45:28.842 [ISOBUS] addr=0x81 claimed=Y load=14.5% msgs=5887 aiso=338(494476ms) xte=0.00m spd=0.00m/s q=0 ggaAge=100 vtgAge=494476 xteAge=494476 xteraw=80:51FFFFFFFFFFFFFF vt=Y(21/22) vtstat=678/496ms tc=Y drp=0mm tcq=0
13:45:29.842 [ISOBUS] addr=0x81 claimed=Y load=14.7% msgs=5928 aiso=339(495476ms) xte=0.00m spd=0.00m/s q=0 ggaAge=100 vtgAge=495476 xteAge=495476 xteraw=80:51FFFFFFFFFFFFFF vt=Y(21/22) vtstat=680/496ms tc=Y drp=0mm tcq=0
13:45:30.862 [ISOBUS] addr=0x81 claimed=Y load=14.5% msgs=5969 aiso=340(496476ms) xte=0.00m spd=0.00m/s q=0 ggaAge=100 vtgAge=496476 xteAge=496476 xteraw=80:51FFFFFFFFFFFFFF vt=Y(21/22) vtstat=682/496ms tc=Y drp=0mm tcq=0
13:45:31.861 [ISOBUS] addr=0x81 claimed=Y load=15.1% msgs=6014 aiso=341(497476ms) xte=0.00m spd=0.00m/s q=0 ggaAge=100 vtgAge=497476 xteAge=497476 xteraw=80:51FFFFFFFFFFFFFF vt=Y(21/22) vtstat=684/496ms tc=Y drp=0mm tcq=0
13:45:32.861 [ISOBUS] addr=0x81 claimed=Y load=14.5% msgs=6055 aiso=342(498476ms) xte=0.00m spd=0.00m/s q=0 ggaAge=100 vtgAge=498476 xteAge=498476 xteraw=80:51FFFFFFFFFFFFFF vt=Y(21/22) vtstat=686/496ms tc=Y drp=0mm tcq=0
13:45:33.860 [ISOBUS] addr=0x81 claimed=Y load=14.7% msgs=6096 aiso=343(499476ms) xte=0.00m spd=0.00m/s q=0 ggaAge=100 vtgAge=499476 xteAge=499476 xteraw=80:51FFFFFFFFFFFFFF vt=Y(21/22) vtstat=688/496ms tc=Y drp=0mm tcq=0
13:45:34.859 [ISOBUS] addr=0x81 claimed=Y load=14.5% msgs=6137 aiso=344(500476ms) xte=0.00m spd=0.00m/s q=0 ggaAge=100 vtgAge=500476 xteAge=500476 xteraw=80:51FFFFFFFFFFFFFF vt=Y(21/22) vtstat=690/496ms tc=Y drp=0mm tcq=0
13:45:35.862 [ISOBUS] addr=0x81 claimed=Y load=14.7% msgs=6178 aiso=345(501476ms) xte=0.00m spd=0.00m/s q=0 ggaAge=100 vtgAge=501476 xteAge=501476 xteraw=80:51FFFFFFFFFFFFFF vt=Y(21/22) vtstat=692/496ms tc=Y drp=0mm tcq=0
13:45:36.845 [ISOBUS] addr=0x81 claimed=Y load=14.5% msgs=6219 aiso=346(502476ms) xte=0.00m spd=0.00m/s q=0 ggaAge=100 vtgAge=502476 xteAge=502476 xteraw=80:51FFFFFFFFFFFFFF vt=Y(21/22) vtstat=694/496ms tc=Y drp=0mm tcq=0
13:45:37.846 [ISOBUS] addr=0x81 claimed=Y load=14.7% msgs=6260 aiso=347(503476ms) xte=0.00m spd=0.00m/s q=0 ggaAge=100 vtgAge=503476 xteAge=503476 xteraw=80:51FFFFFFFFFFFFFF vt=Y(21/22) vtstat=696/500ms tc=Y drp=0mm tcq=0
13:45:38.854 [ISOBUS] addr=0x81 claimed=Y load=14.5% msgs=6301 aiso=348(504476ms) xte=0.00m spd=0.00m/s q=0 ggaAge=100 vtgAge=504476 xteAge=504476 xteraw=80:51FFFFFFFFFFFFFF vt=Y(21/22) vtstat=698/496ms tc=Y drp=0mm tcq=0
13:45:39.857 [ISOBUS] addr=0x81 claimed=Y load=14.7% msgs=6342 aiso=349(505476ms) xte=0.00m spd=0.00m/s q=0 ggaAge=92 vtgAge=505476 xteAge=505476 xteraw=80:51FFFFFFFFFFFFFF vt=Y(21/22) vtstat=700/500ms tc=Y drp=0mm tcq=0
13:45:40.858 [ISOBUS] addr=0x81 claimed=Y load=17.0% msgs=6383 aiso=350(506476ms) xte=0.00m spd=0.00m/s q=0 ggaAge=100 vtgAge=506476 xteAge=506476 xteraw=80:51FFFFFFFFFFFFFF vt=Y(21/22) vtstat=702/496ms tc=Y drp=0mm tcq=0
13:45:41.858 [ISOBUS] addr=0x81 claimed=Y load=18.0% msgs=6428 aiso=351(507476ms) xte=0.00m spd=0.00m/s q=0 ggaAge=100 vtgAge=507476 xteAge=507476 xteraw=80:51FFFFFFFFFFFFFF vt=Y(21/22) vtstat=704/500ms tc=Y drp=0mm tcq=0
13:45:42.857 [ISOBUS] addr=0x81 claimed=Y load=17.3% msgs=6470 aiso=352(508476ms) xte=0.00m spd=0.00m/s q=0 ggaAge=0 vtgAge=508476 xteAge=508476 xteraw=80:51FFFFFFFFFFFFFF vt=Y(21/22) vtstat=706/496ms tc=Y drp=0mm tcq=0
13:45:43.839 [ISOBUS] addr=0x81 claimed=Y load=17.5% msgs=6511 aiso=353(509476ms) xte=0.00m spd=0.00m/s q=0 ggaAge=0 vtgAge=509476 xteAge=509476 xteraw=80:51FFFFFFFFFFFFFF vt=Y(21/22) vtstat=708/496ms tc=Y drp=0mm tcq=0
13:45:44.851 [ISOBUS] addr=0x81 claimed=Y load=17.3% msgs=6552 aiso=354(510476ms) xte=0.00m spd=0.00m/s q=0 ggaAge=1 vtgAge=510476 xteAge=510476 xteraw=80:51FFFFFFFFFFFFFF vt=Y(21/22) vtstat=710/496ms tc=Y drp=0mm tcq=0
13:45:45.859 [ISOBUS] addr=0x81 claimed=Y load=17.5% msgs=6593 aiso=355(511476ms) xte=0.00m spd=0.00m/s q=0 ggaAge=1 vtgAge=511476 xteAge=511476 xteraw=80:51FFFFFFFFFFFFFF vt=Y(21/22) vtstat=712/497ms tc=Y drp=0mm tcq=0
13:45:46.857 [ISOBUS] addr=0x81 claimed=Y load=17.3% msgs=6634 aiso=356(512476ms) xte=0.00m spd=0.00m/s q=0 ggaAge=1 vtgAge=512476 xteAge=512476 xteraw=80:51FFFFFFFFFFFFFF vt=Y(21/22) vtstat=714/501ms tc=Y drp=0mm tcq=0
13:45:47.853 [ISOBUS] addr=0x81 claimed=Y load=17.5% msgs=6675 aiso=357(513476ms) xte=0.00m spd=0.00m/s q=0 ggaAge=1 vtgAge=513476 xteAge=513476 xteraw=80:51FFFFFFFFFFFFFF vt=Y(21/22) vtstat=716/497ms tc=Y drp=0mm tcq=0
13:45:48.865 [ISOBUS] addr=0x81 claimed=Y load=17.3% msgs=6716 aiso=358(514476ms) xte=0.00m spd=0.00m/s q=0 ggaAge=1 vtgAge=514476 xteAge=514476 xteraw=80:51FFFFFFFFFFFFFF vt=Y(21/22) vtstat=718/497ms tc=Y drp=0mm tcq=0
13:45:49.846 [ISOBUS] addr=0x81 claimed=Y load=17.5% msgs=6757 aiso=359(515476ms) xte=0.00m spd=0.00m/s q=0 ggaAge=1 vtgAge=515476 xteAge=515476 xteraw=80:51FFFFFFFFFFFFFF vt=Y(21/22) vtstat=720/497ms tc=Y drp=0mm tcq=0
13:45:50.843 [ISOBUS] addr=0x81 claimed=Y load=17.3% msgs=6799 aiso=360(516476ms) xte=0.00m spd=0.00m/s q=0 ggaAge=1 vtgAge=516476 xteAge=516476 xteraw=80:51FFFFFFFFFFFFFF vt=Y(21/22) vtstat=722/497ms tc=Y drp=0mm tcq=0
13:45:51.840 [ISOBUS] addr=0x81 claimed=Y load=18.0% msgs=6843 aiso=361(517476ms) xte=0.00m spd=0.00m/s q=0 ggaAge=1 vtgAge=517476 xteAge=517476 xteraw=80:51FFFFFFFFFFFFFF vt=Y(21/22) vtstat=724/497ms tc=Y drp=0mm tcq=0
13:45:52.836 [ISOBUS] addr=0x81 claimed=Y load=17.3% msgs=6885 aiso=362(518476ms) xte=0.00m spd=0.00m/s q=0 ggaAge=1 vtgAge=518476 xteAge=518476 xteraw=80:51FFFFFFFFFFFFFF vt=Y(21/22) vtstat=726/497ms tc=Y drp=0mm tcq=0
13:45:53.849 [ISOBUS] addr=0x81 claimed=Y load=17.5% msgs=6925 aiso=363(519476ms) xte=0.00m spd=0.00m/s q=0 ggaAge=1 vtgAge=519476 xteAge=519476 xteraw=80:51FFFFFFFFFFFFFF vt=Y(21/22) vtstat=728/497ms tc=Y drp=0mm tcq=0
13:45:54.861 [ISOBUS] addr=0x81 claimed=Y load=17.3% msgs=6967 aiso=364(520476ms) xte=0.00m spd=0.00m/s q=0 ggaAge=1 vtgAge=520476 xteAge=520476 xteraw=80:51FFFFFFFFFFFFFF vt=Y(21/22) vtstat=730/497ms tc=Y drp=0mm tcq=0
13:45:55.851 [ISOBUS] addr=0x81 claimed=Y load=17.5% msgs=7008 aiso=365(521476ms) xte=0.00m spd=0.00m/s q=0 ggaAge=1 vtgAge=521476 xteAge=521476 xteraw=80:51FFFFFFFFFFFFFF vt=Y(21/22) vtstat=732/497ms tc=Y drp=0mm tcq=0
13:45:56.845 [ISOBUS] addr=0x81 claimed=Y load=17.3% msgs=7049 aiso=366(522476ms) xte=0.00m spd=0.00m/s q=0 ggaAge=1 vtgAge=522476 xteAge=522476 xteraw=80:51FFFFFFFFFFFFFF vt=Y(21/22) vtstat=734/497ms tc=Y drp=0mm tcq=0
13:45:57.838 [ISOBUS] addr=0x81 claimed=Y load=17.5% msgs=7089 aiso=367(523476ms) xte=0.00m spd=0.00m/s q=0 ggaAge=1 vtgAge=523476 xteAge=523476 xteraw=80:51FFFFFFFFFFFFFF vt=Y(21/22) vtstat=736/497ms tc=Y drp=0mm tcq=0
13:45:58.849 [ISOBUS] addr=0x81 claimed=Y load=17.3% msgs=7130 aiso=368(524476ms) xte=0.00m spd=0.00m/s q=0 ggaAge=1 vtgAge=524476 xteAge=524476 xteraw=80:51FFFFFFFFFFFFFF vt=Y(21/22) vtstat=738/497ms tc=Y drp=0mm tcq=0
13:45:59.862 [ISOBUS] addr=0x81 claimed=Y load=17.5% msgs=7171 aiso=369(525476ms) xte=0.00m spd=0.00m/s q=0 ggaAge=1 vtgAge=525476 xteAge=525476 xteraw=80:51FFFFFFFFFFFFFF vt=Y(21/22) vtstat=740/497ms tc=Y drp=0mm tcq=0
13:46:00.859 [ISOBUS] addr=0x81 claimed=Y load=17.3% msgs=7212 aiso=370(526476ms) xte=0.00m spd=0.00m/s q=0 ggaAge=1 vtgAge=526476 xteAge=526476 xteraw=80:51FFFFFFFFFFFFFF vt=Y(21/22) vtstat=742/497ms tc=Y drp=0mm tcq=0
13:46:01.861 [ISOBUS] addr=0x81 claimed=Y load=18.0% msgs=7256 aiso=371(527476ms) xte=0.00m spd=0.00m/s q=0 ggaAge=97 vtgAge=527476 xteAge=527476 xteraw=80:51FFFFFFFFFFFFFF vt=Y(21/22) vtstat=744/497ms tc=Y drp=0mm tcq=0
13:46:02.857 [ISOBUS] addr=0x81 claimed=Y load=17.3% msgs=7298 aiso=372(528476ms) xte=0.00m spd=0.00m/s q=0 ggaAge=1 vtgAge=528476 xteAge=528476 xteraw=80:51FFFFFFFFFFFFFF vt=Y(21/22) vtstat=746/497ms tc=Y drp=0mm tcq=0
13:46:03.850 [ISOBUS] addr=0x81 claimed=Y load=17.5% msgs=7339 aiso=373(529476ms) xte=0.00m spd=0.00m/s q=0 ggaAge=1 vtgAge=529476 xteAge=529476 xteraw=80:51FFFFFFFFFFFFFF vt=Y(21/22) vtstat=748/497ms tc=Y drp=0mm tcq=0
13:46:04.849 [ISOBUS] addr=0x81 claimed=Y load=17.3% msgs=7380 aiso=374(530476ms) xte=0.00m spd=0.00m/s q=0 ggaAge=1 vtgAge=530476 xteAge=530476 xteraw=80:51FFFFFFFFFFFFFF vt=Y(21/22) vtstat=750/501ms tc=Y drp=0mm tcq=0
13:46:05.863 [ISOBUS] addr=0x81 claimed=Y load=17.5% msgs=7421 aiso=375(531476ms) xte=0.00m spd=0.00m/s q=0 ggaAge=1 vtgAge=531476 xteAge=531476 xteraw=80:51FFFFFFFFFFFFFF vt=Y(21/22) vtstat=752/497ms tc=Y drp=0mm tcq=0
13:46:06.857 [ISOBUS] addr=0x81 claimed=Y load=17.3% msgs=7462 aiso=376(532476ms) xte=0.00m spd=0.00m/s q=0 ggaAge=1 vtgAge=532476 xteAge=532476 xteraw=80:51FFFFFFFFFFFFFF vt=Y(21/22) vtstat=754/501ms tc=Y drp=0mm tcq=0
13:46:07.855 [ISOBUS] addr=0x81 claimed=Y load=17.5% msgs=7503 aiso=377(533476ms) xte=0.00m spd=0.00m/s q=0 ggaAge=1 vtgAge=533476 xteAge=533476 xteraw=80:51FFFFFFFFFFFFFF vt=Y(21/22) vtstat=756/501ms tc=Y drp=0mm tcq=0
13:46:08.849 [ISOBUS] addr=0x81 claimed=Y load=17.3% msgs=7543 aiso=378(534476ms) xte=0.00m spd=0.00m/s q=0 ggaAge=97 vtgAge=534476 xteAge=534476 xteraw=80:51FFFFFFFFFFFFFF vt=Y(21/22) vtstat=758/497ms tc=Y drp=0mm tcq=0
13:46:09.838 [ISOBUS] addr=0x81 claimed=Y load=17.5% msgs=7584 aiso=379(535476ms) xte=0.00m spd=0.00m/s q=0 ggaAge=97 vtgAge=535476 xteAge=535476 xteraw=80:51FFFFFFFFFFFFFF vt=Y(21/22) vtstat=760/501ms tc=Y drp=0mm tcq=0
13:46:10.844 [ISOBUS] addr=0x81 claimed=Y load=17.3% msgs=7625 aiso=380(536476ms) xte=0.00m spd=0.00m/s q=0 ggaAge=97 vtgAge=536476 xteAge=536476 xteraw=80:51FFFFFFFFFFFFFF vt=Y(21/22) vtstat=762/497ms tc=Y drp=0mm tcq=0
13:46:11.847 [ISOBUS] addr=0x81 claimed=Y load=18.0% msgs=7670 aiso=381(537476ms) xte=0.00m spd=0.00m/s q=0 ggaAge=97 vtgAge=537476 xteAge=537476 xteraw=80:51FFFFFFFFFFFFFF vt=Y(21/22) vtstat=764/501ms tc=Y drp=0mm tcq=0
13:46:12.843 [ISOBUS] addr=0x81 claimed=Y load=17.3% msgs=7711 aiso=382(538476ms) xte=0.00m spd=0.00m/s q=0 ggaAge=97 vtgAge=538476 xteAge=538476 xteraw=80:51FFFFFFFFFFFFFF vt=Y(21/22) vtstat=766/497ms tc=Y drp=0mm tcq=0
13:46:13.845 [ISOBUS] addr=0x81 claimed=Y load=17.5% msgs=7752 aiso=383(539476ms) xte=0.00m spd=0.00m/s q=0 ggaAge=97 vtgAge=539476 xteAge=539476 xteraw=80:51FFFFFFFFFFFFFF vt=Y(21/22) vtstat=768/501ms tc=Y drp=0mm tcq=0
13:46:14.843 [ISOBUS] addr=0x81 claimed=Y load=17.3% msgs=7793 aiso=384(540476ms) xte=0.00m spd=0.00m/s q=0 ggaAge=97 vtgAge=540476 xteAge=540476 xteraw=80:51FFFFFFFFFFFFFF vt=Y(21/22) vtstat=770/497ms tc=Y drp=0mm tcq=0
13:46:15.836 [ISOBUS] addr=0x81 claimed=Y load=17.5% msgs=7834 aiso=385(541476ms) xte=0.00m spd=0.00m/s q=0 ggaAge=97 vtgAge=541476 xteAge=541476 xteraw=80:51FFFFFFFFFFFFFF vt=Y(21/22) vtstat=772/501ms tc=Y drp=0mm tcq=0
13:46:16.840 [ISOBUS] addr=0x81 claimed=Y load=17.3% msgs=7875 aiso=386(542476ms) xte=0.00m spd=0.00m/s q=0 ggaAge=97 vtgAge=542476 xteAge=542476 xteraw=80:51FFFFFFFFFFFFFF vt=Y(21/22) vtstat=774/497ms tc=Y drp=0mm tcq=0
13:46:17.844 [ISOBUS] addr=0x81 claimed=Y load=17.5% msgs=7916 aiso=387(543476ms) xte=0.00m spd=0.00m/s q=0 ggaAge=97 vtgAge=543476 xteAge=543476 xteraw=80:51FFFFFFFFFFFFFF vt=Y(21/22) vtstat=776/501ms tc=Y drp=0mm tcq=0
13:46:18.848 [ISOBUS] addr=0x81 claimed=Y load=17.3% msgs=7957 aiso=388(544476ms) xte=0.00m spd=0.00m/s q=0 ggaAge=97 vtgAge=544476 xteAge=544476 xteraw=80:51FFFFFFFFFFFFFF vt=Y(21/22) vtstat=778/497ms tc=Y drp=0mm tcq=0
13:46:19.849 [ISOBUS] addr=0x81 claimed=Y load=17.5% msgs=7998 aiso=389(545476ms) xte=0.00m spd=0.00m/s q=0 ggaAge=97 vtgAge=545476 xteAge=545476 xteraw=80:51FFFFFFFFFFFFFF vt=Y(21/22) vtstat=780/497ms tc=Y drp=0mm tcq=0
13:46:20.846 [ISOBUS] addr=0x81 claimed=Y load=17.3% msgs=8039 aiso=390(546476ms) xte=0.00m spd=0.00m/s q=0 ggaAge=97 vtgAge=546476 xteAge=546476 xteraw=80:51FFFFFFFFFFFFFF vt=Y(21/22) vtstat=782/501ms tc=Y drp=0mm tcq=0
13:46:21.850 [ISOBUS] addr=0x81 claimed=Y load=18.0% msgs=8084 aiso=391(547476ms) xte=0.00m spd=0.00m/s q=0 ggaAge=97 vtgAge=547476 xteAge=547476 xteraw=80:51FFFFFFFFFFFFFF vt=Y(21/22) vtstat=784/497ms tc=Y drp=0mm tcq=0
13:46:22.867 [ISOBUS] addr=0x81 claimed=Y load=17.3% msgs=8125 aiso=392(548476ms) xte=0.00m spd=0.00m/s q=0 ggaAge=97 vtgAge=548476 xteAge=548476 xteraw=80:51FFFFFFFFFFFFFF vt=Y(21/22) vtstat=786/497ms tc=Y drp=0mm tcq=0
13:46:23.842 [ISOBUS] addr=0x81 claimed=Y load=17.5% msgs=8166 aiso=393(549476ms) xte=0.00m spd=0.00m/s q=0 ggaAge=97 vtgAge=549476 xteAge=549476 xteraw=80:51FFFFFFFFFFFFFF vt=Y(21/22) vtstat=788/497ms tc=Y drp=0mm tcq=0
13:46:24.843 [ISOBUS] addr=0x81 claimed=Y load=17.3% msgs=8207 aiso=394(550476ms) xte=0.00m spd=0.00m/s q=0 ggaAge=97 vtgAge=550476 xteAge=550476 xteraw=80:51FFFFFFFFFFFFFF vt=Y(21/22) vtstat=790/497ms tc=Y drp=0mm tcq=0
13:46:25.842 [ISOBUS] addr=0x81 claimed=Y load=17.5% msgs=8248 aiso=395(551476ms) xte=0.00m spd=0.00m/s q=0 ggaAge=97 vtgAge=551476 xteAge=551476 xteraw=80:51FFFFFFFFFFFFFF vt=Y(21/22) vtstat=792/497ms tc=Y drp=0mm tcq=0
13:46:26.849 [ISOBUS] addr=0x81 claimed=Y load=17.3% msgs=8289 aiso=396(552476ms) xte=0.00m spd=0.00m/s q=0 ggaAge=97 vtgAge=552476 xteAge=552476 xteraw=80:51FFFFFFFFFFFFFF vt=Y(21/22) vtstat=794/497ms tc=Y drp=0mm tcq=0
13:46:27.839 [ISOBUS] addr=0x81 claimed=Y load=17.5% msgs=8330 aiso=397(553476ms) xte=0.00m spd=0.00m/s q=0 ggaAge=97 vtgAge=553476 xteAge=553476 xteraw=80:51FFFFFFFFFFFFFF vt=Y(21/22) vtstat=796/497ms tc=Y drp=0mm tcq=0
13:46:28.839 [ISOBUS] addr=0x81 claimed=Y load=17.3% msgs=8371 aiso=398(554476ms) xte=0.00m spd=0.00m/s q=0 ggaAge=97 vtgAge=554476 xteAge=554476 xteraw=80:51FFFFFFFFFFFFFF vt=Y(21/22) vtstat=798/497ms tc=Y drp=0mm tcq=0
13:46:29.840 [ISOBUS] addr=0x81 claimed=Y load=17.5% msgs=8412 aiso=399(555476ms) xte=0.00m spd=0.00m/s q=0 ggaAge=97 vtgAge=555476 xteAge=555476 xteraw=80:51FFFFFFFFFFFFFF vt=Y(21/22) vtstat=800/497ms tc=Y drp=0mm tcq=0
13:46:30.840 [ISOBUS] addr=0x81 claimed=Y load=17.3% msgs=8453 aiso=400(556476ms) xte=0.00m spd=0.00m/s q=0 ggaAge=98 vtgAge=556476 xteAge=556476 xteraw=80:51FFFFFFFFFFFFFF vt=Y(21/22) vtstat=802/497ms tc=Y drp=0mm tcq=0
13:46:31.846 [ISOBUS] addr=0x81 claimed=Y load=18.0% msgs=8498 aiso=401(557476ms) xte=0.00m spd=0.00m/s q=0 ggaAge=98 vtgAge=557476 xteAge=557476 xteraw=80:51FFFFFFFFFFFFFF vt=Y(21/22) vtstat=804/497ms tc=Y drp=0mm tcq=0
13:46:32.851 [ISOBUS] addr=0x81 claimed=Y load=17.3% msgs=8539 aiso=402(558476ms) xte=0.00m spd=0.00m/s q=0 ggaAge=98 vtgAge=558476 xteAge=558476 xteraw=80:51FFFFFFFFFFFFFF vt=Y(21/22) vtstat=806/498ms tc=Y drp=0mm tcq=0
13:46:33.868 [ISOBUS] addr=0x81 claimed=Y load=17.4% msgs=8580 aiso=403(559476ms) xte=0.00m spd=0.00m/s q=0 ggaAge=98 vtgAge=559476 xteAge=559476 xteraw=80:51FFFFFFFFFFFFFF vt=Y(21/22) vtstat=808/498ms tc=Y drp=0mm tcq=0
13:46:34.838 [ISOBUS] addr=0x81 claimed=Y load=17.4% msgs=8621 aiso=404(560476ms) xte=0.00m spd=0.00m/s q=0 ggaAge=98 vtgAge=560476 xteAge=560476 xteraw=80:51FFFFFFFFFFFFFF vt=Y(21/22) vtstat=810/498ms tc=Y drp=0mm tcq=0
13:46:35.856 [ISOBUS] addr=0x81 claimed=Y load=17.5% msgs=8662 aiso=405(561476ms) xte=0.00m spd=0.00m/s q=0 ggaAge=98 vtgAge=561476 xteAge=561476 xteraw=80:51FFFFFFFFFFFFFF vt=Y(21/22) vtstat=812/498ms tc=Y drp=0mm tcq=0
13:46:36.860 [ISOBUS] addr=0x81 claimed=Y load=17.3% msgs=8703 aiso=406(562476ms) xte=0.00m spd=0.00m/s q=0 ggaAge=98 vtgAge=562476 xteAge=562476 xteraw=80:51FFFFFFFFFFFFFF vt=Y(21/22) vtstat=814/498ms tc=Y drp=0mm tcq=0
13:46:37.858 [ISOBUS] addr=0x81 claimed=Y load=17.5% msgs=8744 aiso=407(563476ms) xte=0.00m spd=0.00m/s q=0 ggaAge=98 vtgAge=563476 xteAge=563476 xteraw=80:51FFFFFFFFFFFFFF vt=Y(21/22) vtstat=816/498ms tc=Y drp=0mm tcq=0
13:46:38.858 [ISOBUS] addr=0x81 claimed=Y load=17.3% msgs=8785 aiso=408(564476ms) xte=0.00m spd=0.00m/s q=0 ggaAge=98 vtgAge=564476 xteAge=564476 xteraw=80:51FFFFFFFFFFFFFF vt=Y(21/22) vtstat=818/498ms tc=Y drp=0mm tcq=0
13:46:39.863 [ISOBUS] addr=0x81 claimed=Y load=17.5% msgs=8826 aiso=409(565476ms) xte=0.00m spd=0.00m/s q=0 ggaAge=98 vtgAge=565476 xteAge=565476 xteraw=80:51FFFFFFFFFFFFFF vt=Y(21/22) vtstat=820/498ms tc=Y drp=0mm tcq=0
13:46:40.865 [ISOBUS] addr=0x81 claimed=Y load=17.4% msgs=8867 aiso=410(566476ms) xte=0.00m spd=0.00m/s q=0 ggaAge=98 vtgAge=566476 xteAge=566476 xteraw=80:51FFFFFFFFFFFFFF vt=Y(21/22) vtstat=822/498ms tc=Y drp=0mm tcq=0
13:46:41.852 [ISOBUS] addr=0x81 claimed=Y load=18.0% msgs=8912 aiso=411(567476ms) xte=0.00m spd=0.00m/s q=0 ggaAge=98 vtgAge=567476 xteAge=567476 xteraw=80:51FFFFFFFFFFFFFF vt=Y(21/22) vtstat=824/498ms tc=Y drp=0mm tcq=0
13:46:42.870 [ISOBUS] addr=0x81 claimed=Y load=17.3% msgs=8953 aiso=412(568476ms) xte=0.00m spd=0.00m/s q=0 ggaAge=98 vtgAge=568476 xteAge=568476 xteraw=80:51FFFFFFFFFFFFFF vt=Y(21/22) vtstat=826/498ms tc=Y drp=0mm tcq=0
13:46:43.841 [ISOBUS] addr=0x81 claimed=Y load=17.5% msgs=8994 aiso=413(569476ms) xte=0.00m spd=0.00m/s q=0 ggaAge=98 vtgAge=569476 xteAge=569476 xteraw=80:51FFFFFFFFFFFFFF vt=Y(21/22) vtstat=828/498ms tc=Y drp=0mm tcq=0
13:46:44.836 [ISOBUS] addr=0x81 claimed=Y load=17.3% msgs=9035 aiso=414(570476ms) xte=0.00m spd=0.00m/s q=0 ggaAge=98 vtgAge=570476 xteAge=570476 xteraw=80:51FFFFFFFFFFFFFF vt=Y(21/22) vtstat=830/498ms tc=Y drp=0mm tcq=0
13:46:45.874 [ISOBUS] addr=0x81 claimed=Y load=17.7% msgs=9076 aiso=415(571476ms) xte=0.00m spd=0.00m/s q=0 ggaAge=98 vtgAge=571476 xteAge=571476 xteraw=80:51FFFFFFFFFFFFFF vt=Y(21/22) vtstat=832/498ms tc=Y drp=0mm tcq=0
13:46:46.867 [ISOBUS] addr=0x81 claimed=Y load=17.9% msgs=9117 aiso=416(572476ms) xte=0.00m spd=0.00m/s q=0 ggaAge=98 vtgAge=572476 xteAge=572476 xteraw=80:51FFFFFFFFFFFFFF vt=Y(21/22) vtstat=834/498ms tc=Y drp=0mm tcq=0
13:46:47.850 [ISOBUS] addr=0x81 claimed=Y load=18.1% msgs=9158 aiso=417(573476ms) xte=0.00m spd=0.00m/s q=0 ggaAge=98 vtgAge=573476 xteAge=573476 xteraw=80:51FFFFFFFFFFFFFF vt=Y(21/22) vtstat=836/498ms tc=Y drp=0mm tcq=0
13:46:48.862 [ISOBUS] addr=0x81 claimed=Y load=17.9% msgs=9199 aiso=418(574476ms) xte=0.00m spd=0.00m/s q=0 ggaAge=98 vtgAge=574476 xteAge=574476 xteraw=80:51FFFFFFFFFFFFFF vt=Y(21/22) vtstat=838/498ms tc=Y drp=0mm tcq=0
13:46:49.856 [ISOBUS] addr=0x81 claimed=Y load=18.0% msgs=9240 aiso=419(575476ms) xte=0.00m spd=0.00m/s q=0 ggaAge=98 vtgAge=575476 xteAge=575476 xteraw=80:51FFFFFFFFFFFFFF vt=Y(21/22) vtstat=840/498ms tc=Y drp=0mm tcq=0
13:46:50.859 [ISOBUS] addr=0x81 claimed=Y load=17.9% msgs=9281 aiso=420(576476ms) xte=0.00m spd=0.00m/s q=0 ggaAge=98 vtgAge=576476 xteAge=576476 xteraw=80:51FFFFFFFFFFFFFF vt=Y(21/22) vtstat=842/498ms tc=Y drp=0mm tcq=0
13:46:51.837 [ISOBUS] addr=0x81 claimed=Y load=18.6% msgs=9326 aiso=421(577476ms) xte=0.00m spd=0.00m/s q=0 ggaAge=98 vtgAge=577476 xteAge=577476 xteraw=80:51FFFFFFFFFFFFFF vt=Y(21/22) vtstat=844/498ms tc=Y drp=0mm tcq=0
13:46:52.851 [ISOBUS] addr=0x81 claimed=Y load=17.9% msgs=9367 aiso=422(578476ms) xte=0.00m spd=0.00m/s q=0 ggaAge=98 vtgAge=578476 xteAge=578476 xteraw=80:51FFFFFFFFFFFFFF vt=Y(21/22) vtstat=846/498ms tc=Y drp=0mm tcq=0
13:46:54.559 ### logger started (auto: PJRC 16C0:0483)
13:46:55.645 ### port COM4 open
13:46:55.678 [ISOBUS] addr=0x81 claimed=Y load=18.1% msgs=9408 aiso=423(579476ms) xte=0.00m spd=0.00m/s q=0 ggaAge=98 vtgAge=579476 xteAge=579476 xteraw=80:51FFFFFFFFFFFFFF vt=Y(21/22) vtstat=848/498ms tc=Y drp=0mm tcq=0
13:46:55.689 [ISOBUS] addr=0x81 claimed=Y load=17.9% msgs=9449 aiso=424(580476ms) xte=0.00m spd=0.00m/s q=0 ggaAge=98 vtgAge=580476 xteAge=580476 xteraw=80:51FFFFFFFFFFFFFF vt=Y(21/22) vtstat=850/498ms tc=Y drp=0mm tcq=0
13:46:55.859 [ISOBUS] addr=0x81 claimed=Y load=18.1% msgs=9490 aiso=425(581476ms) xte=0.00m spd=0.00m/s q=0 ggaAge=98 vtgAge=581476 xteAge=581476 xteraw=80:51FFFFFFFFFFFFFF vt=Y(21/22) vtstat=852/498ms tc=Y drp=0mm tcq=0
13:46:56.860 [ISOBUS] addr=0x81 claimed=Y load=17.9% msgs=9531 aiso=426(582476ms) xte=0.00m spd=0.00m/s q=0 ggaAge=98 vtgAge=582476 xteAge=582476 xteraw=80:51FFFFFFFFFFFFFF vt=Y(21/22) vtstat=854/498ms tc=Y drp=0mm tcq=0
13:46:57.860 [ISOBUS] addr=0x81 claimed=Y load=18.0% msgs=9572 aiso=427(583476ms) xte=0.00m spd=0.00m/s q=0 ggaAge=98 vtgAge=583476 xteAge=583476 xteraw=80:51FFFFFFFFFFFFFF vt=Y(21/22) vtstat=856/498ms tc=Y drp=0mm tcq=0
13:46:58.863 [ISOBUS] addr=0x81 claimed=Y load=17.9% msgs=9613 aiso=428(584476ms) xte=0.00m spd=0.00m/s q=0 ggaAge=98 vtgAge=584476 xteAge=584476 xteraw=80:51FFFFFFFFFFFFFF vt=Y(21/22) vtstat=858/498ms tc=Y drp=0mm tcq=0
13:46:59.866 [ISOBUS] addr=0x81 claimed=Y load=18.1% msgs=9654 aiso=429(585476ms) xte=0.00m spd=0.00m/s q=0 ggaAge=98 vtgAge=585476 xteAge=585476 xteraw=80:51FFFFFFFFFFFFFF vt=Y(21/22) vtstat=860/498ms tc=Y drp=0mm tcq=0
13:47:00.842 [ISOBUS] addr=0x81 claimed=Y load=17.9% msgs=9695 aiso=430(586476ms) xte=0.00m spd=0.00m/s q=0 ggaAge=98 vtgAge=586476 xteAge=586476 xteraw=80:51FFFFFFFFFFFFFF vt=Y(21/22) vtstat=862/498ms tc=Y drp=0mm tcq=0
13:47:01.831 === ISOBUS DEBUG MENU ===
13:47:01.833 1. Full status dump
13:47:01.834 2. Periodic summary line (ON - press to toggle)
13:47:02.001 ### auto: 1 Hz line already ON
13:47:02.002 3. Reset message counters
13:47:02.004 4. Dump DDOP as hex (open in AgIsoDDOPGenerator)
13:47:02.005 5. Dump VT object pool as hex
13:47:02.006 q. Exit
13:47:02.009 Exiting.
13:47:02.058 [ISOBUS] addr=0x81 claimed=Y load=18.6% msgs=9740 aiso=431(587476ms) xte=0.00m spd=0.00m/s q=0 ggaAge=98 vtgAge=587476 xteAge=587476 xteraw=80:51FFFFFFFFFFFFFF vt=Y(21/22) vtstat=864/498ms tc=Y drp=0mm tcq=0
13:47:02.845 [ISOBUS] addr=0x81 claimed=Y load=17.9% msgs=9781 aiso=432(588476ms) xte=0.00m spd=0.00m/s q=0 ggaAge=98 vtgAge=588476 xteAge=588476 xteraw=80:51FFFFFFFFFFFFFF vt=Y(21/22) vtstat=866/498ms tc=Y drp=0mm tcq=0
13:47:03.849 [ISOBUS] addr=0x81 claimed=Y load=18.0% msgs=9822 aiso=433(589476ms) xte=0.00m spd=0.00m/s q=0 ggaAge=98 vtgAge=589476 xteAge=589476 xteraw=80:51FFFFFFFFFFFFFF vt=Y(21/22) vtstat=868/498ms tc=Y drp=0mm tcq=0
13:47:04.849 [ISOBUS] addr=0x81 claimed=Y load=17.9% msgs=9863 aiso=434(590476ms) xte=0.00m spd=0.00m/s q=0 ggaAge=98 vtgAge=590476 xteAge=590476 xteraw=80:51FFFFFFFFFFFFFF vt=Y(21/22) vtstat=870/498ms tc=Y drp=0mm tcq=0
13:47:05.883 [ISOBUS] addr=0x81 claimed=Y load=18.0% msgs=9904 aiso=435(591476ms) xte=0.00m spd=0.00m/s q=0 ggaAge=98 vtgAge=591476 xteAge=591476 xteraw=80:51FFFFFFFFFFFFFF vt=Y(21/22) vtstat=872/498ms tc=Y drp=0mm tcq=0
13:47:06.867 [ISOBUS] addr=0x81 claimed=Y load=17.9% msgs=9945 aiso=436(592476ms) xte=0.00m spd=0.00m/s q=0 ggaAge=98 vtgAge=592476 xteAge=592476 xteraw=80:51FFFFFFFFFFFFFF vt=Y(21/22) vtstat=874/498ms tc=Y drp=0mm tcq=0
13:47:07.841 [ISOBUS] addr=0x81 claimed=Y load=18.1% msgs=9986 aiso=437(593476ms) xte=0.00m spd=0.00m/s q=0 ggaAge=98 vtgAge=593476 xteAge=593476 xteraw=80:51FFFFFFFFFFFFFF vt=Y(21/22) vtstat=876/498ms tc=Y drp=0mm tcq=0
13:47:08.841 [ISOBUS] addr=0x81 claimed=Y load=17.9% msgs=10027 aiso=438(594476ms) xte=0.00m spd=0.00m/s q=0 ggaAge=98 vtgAge=594476 xteAge=594476 xteraw=80:51FFFFFFFFFFFFFF vt=Y(21/22) vtstat=878/498ms tc=Y drp=0mm tcq=0
13:47:09.852 [ISOBUS] addr=0x81 claimed=Y load=18.0% msgs=10068 aiso=439(595476ms) xte=0.00m spd=0.00m/s q=0 ggaAge=98 vtgAge=595476 xteAge=595476 xteraw=80:51FFFFFFFFFFFFFF vt=Y(21/22) vtstat=880/498ms tc=Y drp=0mm tcq=0
13:47:10.853 [ISOBUS] addr=0x81 claimed=Y load=17.9% msgs=10109 aiso=440(596476ms) xte=0.00m spd=0.00m/s q=0 ggaAge=98 vtgAge=596476 xteAge=596476 xteraw=80:51FFFFFFFFFFFFFF vt=Y(21/22) vtstat=882/494ms tc=Y drp=0mm tcq=0
13:47:11.869 [ISOBUS] addr=0x81 claimed=Y load=18.6% msgs=10154 aiso=441(597476ms) xte=0.00m spd=0.00m/s q=0 ggaAge=98 vtgAge=597476 xteAge=597476 xteraw=80:51FFFFFFFFFFFFFF vt=Y(21/22) vtstat=884/498ms tc=Y drp=0mm tcq=0
13:47:12.855 [ISOBUS] addr=0x81 claimed=Y load=17.9% msgs=10195 aiso=442(598476ms) xte=0.00m spd=0.00m/s q=0 ggaAge=98 vtgAge=598476 xteAge=598476 xteraw=80:51FFFFFFFFFFFFFF vt=Y(21/22) vtstat=886/498ms tc=Y drp=0mm tcq=0
13:47:13.858 [ISOBUS] addr=0x81 claimed=Y load=18.1% msgs=10236 aiso=443(599476ms) xte=0.00m spd=0.00m/s q=0 ggaAge=98 vtgAge=599476 xteAge=599476 xteraw=80:51FFFFFFFFFFFFFF vt=Y(21/22) vtstat=888/498ms tc=Y drp=0mm tcq=0
13:47:14.857 [ISOBUS] addr=0x81 claimed=Y load=17.8% msgs=10277 aiso=444(600476ms) xte=0.00m spd=0.00m/s q=0 ggaAge=98 vtgAge=600476 xteAge=600476 xteraw=80:51FFFFFFFFFFFFFF vt=Y(21/22) vtstat=890/494ms tc=Y drp=0mm tcq=0
13:47:15.854 [ISOBUS] addr=0x81 claimed=Y load=18.1% msgs=10318 aiso=445(601476ms) xte=0.00m spd=0.00m/s q=0 ggaAge=98 vtgAge=601476 xteAge=601476 xteraw=80:51FFFFFFFFFFFFFF vt=Y(21/22) vtstat=892/498ms tc=Y drp=0mm tcq=0
13:47:16.854 [ISOBUS] addr=0x81 claimed=Y load=17.8% msgs=10359 aiso=446(602476ms) xte=0.00m spd=0.00m/s q=0 ggaAge=98 vtgAge=602476 xteAge=602476 xteraw=80:51FFFFFFFFFFFFFF vt=Y(21/22) vtstat=894/498ms tc=Y drp=0mm tcq=0
13:47:17.850 [ISOBUS] addr=0x81 claimed=Y load=18.1% msgs=10400 aiso=447(603476ms) xte=0.00m spd=0.00m/s q=0 ggaAge=98 vtgAge=603476 xteAge=603476 xteraw=80:51FFFFFFFFFFFFFF vt=Y(21/22) vtstat=896/494ms tc=Y drp=0mm tcq=0
13:47:18.848 [ISOBUS] addr=0x81 claimed=Y load=17.9% msgs=10441 aiso=448(604476ms) xte=0.00m spd=0.00m/s q=0 ggaAge=98 vtgAge=604476 xteAge=604476 xteraw=80:51FFFFFFFFFFFFFF vt=Y(21/22) vtstat=898/494ms tc=Y drp=0mm tcq=0
13:47:19.845 [ISOBUS] addr=0x81 claimed=Y load=18.1% msgs=10482 aiso=449(605476ms) xte=0.00m spd=0.00m/s q=0 ggaAge=99 vtgAge=605476 xteAge=605476 xteraw=80:51FFFFFFFFFFFFFF vt=Y(21/22) vtstat=900/499ms tc=Y drp=0mm tcq=0
13:47:20.844 [ISOBUS] addr=0x81 claimed=Y load=17.9% msgs=10523 aiso=450(606476ms) xte=0.00m spd=0.00m/s q=0 ggaAge=99 vtgAge=606476 xteAge=606476 xteraw=80:51FFFFFFFFFFFFFF vt=Y(21/22) vtstat=902/499ms tc=Y drp=0mm tcq=0
13:47:21.840 [ISOBUS] addr=0x81 claimed=Y load=18.6% msgs=10568 aiso=451(607476ms) xte=0.00m spd=0.00m/s q=0 ggaAge=99 vtgAge=607476 xteAge=607476 xteraw=80:51FFFFFFFFFFFFFF vt=Y(21/22) vtstat=904/499ms tc=Y drp=0mm tcq=0
13:47:22.853 [ISOBUS] addr=0x81 claimed=Y load=17.9% msgs=10609 aiso=452(608476ms) xte=0.00m spd=0.00m/s q=0 ggaAge=99 vtgAge=608476 xteAge=608476 xteraw=80:51FFFFFFFFFFFFFF vt=Y(21/22) vtstat=906/495ms tc=Y drp=0mm tcq=0
13:47:23.858 [ISOBUS] addr=0x81 claimed=Y load=18.1% msgs=10650 aiso=453(609476ms) xte=0.00m spd=0.00m/s q=0 ggaAge=99 vtgAge=609476 xteAge=609476 xteraw=80:51FFFFFFFFFFFFFF vt=Y(21/22) vtstat=908/495ms tc=Y drp=0mm tcq=0
13:47:24.855 [ISOBUS] addr=0x81 claimed=Y load=17.9% msgs=10691 aiso=454(610476ms) xte=0.00m spd=0.00m/s q=0 ggaAge=99 vtgAge=610476 xteAge=610476 xteraw=80:51FFFFFFFFFFFFFF vt=Y(21/22) vtstat=910/495ms tc=Y drp=0mm tcq=0
13:47:25.841 [ISOBUS] addr=0x81 claimed=Y load=18.1% msgs=10732 aiso=455(611476ms) xte=0.00m spd=0.00m/s q=0 ggaAge=99 vtgAge=611476 xteAge=611476 xteraw=80:51FFFFFFFFFFFFFF vt=Y(21/22) vtstat=912/495ms tc=Y drp=0mm tcq=0
13:47:26.842 [ISOBUS] addr=0x81 claimed=Y load=17.9% msgs=10773 aiso=456(612476ms) xte=0.00m spd=0.00m/s q=0 ggaAge=99 vtgAge=612476 xteAge=612476 xteraw=80:51FFFFFFFFFFFFFF vt=Y(21/22) vtstat=914/495ms tc=Y drp=0mm tcq=0
13:47:27.859 [ISOBUS] addr=0x81 claimed=Y load=18.1% msgs=10814 aiso=457(613476ms) xte=0.00m spd=0.00m/s q=0 ggaAge=99 vtgAge=613476 xteAge=613476 xteraw=80:51FFFFFFFFFFFFFF vt=Y(21/22) vtstat=916/495ms tc=Y drp=0mm tcq=0
13:47:28.859 [ISOBUS] addr=0x81 claimed=Y load=17.9% msgs=10855 aiso=458(614476ms) xte=0.00m spd=0.00m/s q=0 ggaAge=99 vtgAge=614476 xteAge=614476 xteraw=80:51FFFFFFFFFFFFFF vt=Y(21/22) vtstat=918/495ms tc=Y drp=0mm tcq=0
13:47:29.881 [ISOBUS] addr=0x81 claimed=Y load=18.1% msgs=10896 aiso=459(615476ms) xte=0.00m spd=0.00m/s q=0 ggaAge=99 vtgAge=615476 xteAge=615476 xteraw=80:51FFFFFFFFFFFFFF vt=Y(21/22) vtstat=920/495ms tc=Y drp=0mm tcq=0
13:47:30.863 [ISOBUS] addr=0x81 claimed=Y load=17.9% msgs=10937 aiso=460(616476ms) xte=0.00m spd=0.00m/s q=0 ggaAge=99 vtgAge=616476 xteAge=616476 xteraw=80:51FFFFFFFFFFFFFF vt=Y(21/22) vtstat=922/495ms tc=Y drp=0mm tcq=0
13:47:31.859 [ISOBUS] addr=0x81 claimed=Y load=18.6% msgs=10982 aiso=461(617476ms) xte=0.00m spd=0.00m/s q=0 ggaAge=99 vtgAge=617476 xteAge=617476 xteraw=80:51FFFFFFFFFFFFFF vt=Y(21/22) vtstat=924/495ms tc=Y drp=0mm tcq=0
13:47:32.855 [ISOBUS] addr=0x81 claimed=Y load=17.9% msgs=11023 aiso=462(618476ms) xte=0.00m spd=0.00m/s q=0 ggaAge=99 vtgAge=618476 xteAge=618476 xteraw=80:51FFFFFFFFFFFFFF vt=Y(21/22) vtstat=926/495ms tc=Y drp=0mm tcq=0
13:47:33.864 [ISOBUS] addr=0x81 claimed=Y load=18.1% msgs=11064 aiso=463(619476ms) xte=0.00m spd=0.00m/s q=0 ggaAge=99 vtgAge=619476 xteAge=619476 xteraw=80:51FFFFFFFFFFFFFF vt=Y(21/22) vtstat=928/495ms tc=Y drp=0mm tcq=0
13:47:34.864 [ISOBUS] addr=0x81 claimed=Y load=17.9% msgs=11105 aiso=464(620476ms) xte=0.00m spd=0.00m/s q=0 ggaAge=99 vtgAge=620476 xteAge=620476 xteraw=80:51FFFFFFFFFFFFFF vt=Y(21/22) vtstat=930/499ms tc=Y drp=0mm tcq=0
13:47:35.847 [ISOBUS] addr=0x81 claimed=Y load=18.1% msgs=11146 aiso=465(621476ms) xte=0.00m spd=0.00m/s q=0 ggaAge=99 vtgAge=621476 xteAge=621476 xteraw=80:51FFFFFFFFFFFFFF vt=Y(21/22) vtstat=932/495ms tc=Y drp=0mm tcq=0
13:47:36.846 [ISOBUS] addr=0x81 claimed=Y load=17.9% msgs=11187 aiso=466(622476ms) xte=0.00m spd=0.00m/s q=0 ggaAge=99 vtgAge=622476 xteAge=622476 xteraw=80:51FFFFFFFFFFFFFF vt=Y(21/22) vtstat=934/499ms tc=Y drp=0mm tcq=0
13:47:37.839 [ISOBUS] addr=0x81 claimed=Y load=18.1% msgs=11228 aiso=467(623476ms) xte=0.00m spd=0.00m/s q=0 ggaAge=99 vtgAge=623476 xteAge=623476 xteraw=80:51FFFFFFFFFFFFFF vt=Y(21/22) vtstat=936/495ms tc=Y drp=0mm tcq=0
13:47:38.841 [ISOBUS] addr=0x81 claimed=Y load=17.9% msgs=11269 aiso=468(624476ms) xte=0.00m spd=0.00m/s q=0 ggaAge=99 vtgAge=624476 xteAge=624476 xteraw=80:51FFFFFFFFFFFFFF vt=Y(21/22) vtstat=938/499ms tc=Y drp=0mm tcq=0
13:47:39.850 [ISOBUS] addr=0x81 claimed=Y load=18.1% msgs=11310 aiso=469(625476ms) xte=0.00m spd=0.00m/s q=0 ggaAge=99 vtgAge=625476 xteAge=625476 xteraw=80:51FFFFFFFFFFFFFF vt=Y(21/22) vtstat=940/495ms tc=Y drp=0mm tcq=0
13:47:40.865 [ISOBUS] addr=0x81 claimed=Y load=17.9% msgs=11351 aiso=470(626476ms) xte=0.00m spd=0.00m/s q=0 ggaAge=99 vtgAge=626476 xteAge=626476 xteraw=80:51FFFFFFFFFFFFFF vt=Y(21/22) vtstat=942/495ms tc=Y drp=0mm tcq=0
13:47:41.862 [ISOBUS] addr=0x81 claimed=Y load=18.6% msgs=11396 aiso=471(627476ms) xte=0.00m spd=0.00m/s q=0 ggaAge=99 vtgAge=627476 xteAge=627476 xteraw=80:51FFFFFFFFFFFFFF vt=Y(21/22) vtstat=944/495ms tc=Y drp=0mm tcq=0
13:47:42.850 [ISOBUS] addr=0x81 claimed=Y load=17.9% msgs=11437 aiso=472(628476ms) xte=0.00m spd=0.00m/s q=0 ggaAge=99 vtgAge=628476 xteAge=628476 xteraw=80:51FFFFFFFFFFFFFF vt=Y(21/22) vtstat=946/495ms tc=Y drp=0mm tcq=0
13:47:43.863 [ISOBUS] addr=0x81 claimed=Y load=18.1% msgs=11478 aiso=473(629476ms) xte=0.00m spd=0.00m/s q=0 ggaAge=99 vtgAge=629476 xteAge=629476 xteraw=80:51FFFFFFFFFFFFFF vt=Y(21/22) vtstat=948/495ms tc=Y drp=0mm tcq=0
13:47:44.864 [ISOBUS] addr=0x81 claimed=Y load=17.9% msgs=11519 aiso=474(630476ms) xte=0.00m spd=0.00m/s q=0 ggaAge=99 vtgAge=630476 xteAge=630476 xteraw=80:51FFFFFFFFFFFFFF vt=Y(21/22) vtstat=950/499ms tc=Y drp=0mm tcq=0
13:47:45.852 [ISOBUS] addr=0x81 claimed=Y load=18.1% msgs=11560 aiso=475(631476ms) xte=0.00m spd=0.00m/s q=0 ggaAge=99 vtgAge=631476 xteAge=631476 xteraw=80:51FFFFFFFFFFFFFF vt=Y(21/22) vtstat=952/499ms tc=Y drp=0mm tcq=0
13:47:46.851 [ISOBUS] addr=0x81 claimed=Y load=17.9% msgs=11601 aiso=476(632476ms) xte=0.00m spd=0.00m/s q=0 ggaAge=99 vtgAge=632476 xteAge=632476 xteraw=80:51FFFFFFFFFFFFFF vt=Y(21/22) vtstat=954/495ms tc=Y drp=0mm tcq=0
13:47:47.862 [ISOBUS] addr=0x81 claimed=Y load=18.1% msgs=11642 aiso=477(633476ms) xte=0.00m spd=0.00m/s q=0 ggaAge=99 vtgAge=633476 xteAge=633476 xteraw=80:51FFFFFFFFFFFFFF vt=Y(21/22) vtstat=956/499ms tc=Y drp=0mm tcq=0
13:47:48.861 [ISOBUS] addr=0x81 claimed=Y load=17.9% msgs=11683 aiso=478(634476ms) xte=0.00m spd=0.00m/s q=0 ggaAge=99 vtgAge=634476 xteAge=634476 xteraw=80:51FFFFFFFFFFFFFF vt=Y(21/22) vtstat=958/495ms tc=Y drp=0mm tcq=0
13:47:49.865 [ISOBUS] addr=0x81 claimed=Y load=18.1% msgs=11724 aiso=479(635476ms) xte=0.00m spd=0.00m/s q=0 ggaAge=99 vtgAge=635476 xteAge=635476 xteraw=80:51FFFFFFFFFFFFFF vt=Y(21/22) vtstat=960/495ms tc=Y drp=0mm tcq=0
13:47:50.864 [ISOBUS] addr=0x81 claimed=Y load=17.9% msgs=11765 aiso=480(636476ms) xte=0.00m spd=0.00m/s q=0 ggaAge=99 vtgAge=636476 xteAge=636476 xteraw=80:51FFFFFFFFFFFFFF vt=Y(21/22) vtstat=962/495ms tc=Y drp=0mm tcq=0
13:47:51.860 [ISOBUS] addr=0x81 claimed=Y load=18.6% msgs=11810 aiso=481(637476ms) xte=0.00m spd=0.00m/s q=0 ggaAge=99 vtgAge=637476 xteAge=637476 xteraw=80:51FFFFFFFFFFFFFF vt=Y(21/22) vtstat=964/495ms tc=Y drp=0mm tcq=0
13:47:52.860 [ISOBUS] addr=0x81 claimed=Y load=17.9% msgs=11851 aiso=482(638476ms) xte=0.00m spd=0.00m/s q=0 ggaAge=99 vtgAge=638476 xteAge=638476 xteraw=80:51FFFFFFFFFFFFFF vt=Y(21/22) vtstat=966/495ms tc=Y drp=0mm tcq=0
13:47:53.860 [ISOBUS] addr=0x81 claimed=Y load=18.1% msgs=11892 aiso=483(639476ms) xte=0.00m spd=0.00m/s q=0 ggaAge=99 vtgAge=639476 xteAge=639476 xteraw=80:51FFFFFFFFFFFFFF vt=Y(21/22) vtstat=968/495ms tc=Y drp=0mm tcq=0
13:47:54.858 [ISOBUS] addr=0x81 claimed=Y load=17.9% msgs=11933 aiso=484(640476ms) xte=0.00m spd=0.00m/s q=0 ggaAge=99 vtgAge=640476 xteAge=640476 xteraw=80:51FFFFFFFFFFFFFF vt=Y(21/22) vtstat=970/495ms tc=Y drp=0mm tcq=0
13:47:55.854 [ISOBUS] addr=0x81 claimed=Y load=18.1% msgs=11974 aiso=485(641476ms) xte=0.00m spd=0.00m/s q=0 ggaAge=99 vtgAge=641476 xteAge=641476 xteraw=80:51FFFFFFFFFFFFFF vt=Y(21/22) vtstat=972/495ms tc=Y drp=0mm tcq=0
13:47:56.867 [ISOBUS] addr=0x81 claimed=Y load=17.9% msgs=12015 aiso=486(642476ms) xte=0.00m spd=0.00m/s q=0 ggaAge=99 vtgAge=642476 xteAge=642476 xteraw=80:51FFFFFFFFFFFFFF vt=Y(21/22) vtstat=974/495ms tc=Y drp=0mm tcq=0
13:47:57.864 [ISOBUS] addr=0x81 claimed=Y load=18.1% msgs=12056 aiso=487(643476ms) xte=0.00m spd=0.00m/s q=0 ggaAge=95 vtgAge=643476 xteAge=643476 xteraw=80:51FFFFFFFFFFFFFF vt=Y(21/22) vtstat=976/495ms tc=Y drp=0mm tcq=0
13:47:58.846 [ISOBUS] addr=0x81 claimed=Y load=17.9% msgs=12097 aiso=488(644476ms) xte=0.00m spd=0.00m/s q=0 ggaAge=95 vtgAge=644476 xteAge=644476 xteraw=80:51FFFFFFFFFFFFFF vt=Y(21/22) vtstat=978/495ms tc=Y drp=0mm tcq=0
13:47:59.845 [ISOBUS] addr=0x81 claimed=Y load=18.1% msgs=12138 aiso=489(645476ms) xte=0.00m spd=0.00m/s q=0 ggaAge=99 vtgAge=645476 xteAge=645476 xteraw=80:51FFFFFFFFFFFFFF vt=Y(21/22) vtstat=980/491ms tc=Y drp=0mm tcq=0
13:48:00.851 [ISOBUS] addr=0x81 claimed=Y load=17.9% msgs=12179 aiso=490(646476ms) xte=0.00m spd=0.00m/s q=0 ggaAge=99 vtgAge=646476 xteAge=646476 xteraw=80:51FFFFFFFFFFFFFF vt=Y(21/22) vtstat=982/495ms tc=Y drp=0mm tcq=0
13:48:01.860 [ISOBUS] addr=0x81 claimed=Y load=18.6% msgs=12224 aiso=491(647476ms) xte=0.00m spd=0.00m/s q=0 ggaAge=95 vtgAge=647476 xteAge=647476 xteraw=80:51FFFFFFFFFFFFFF vt=Y(21/22) vtstat=984/495ms tc=Y drp=0mm tcq=0
13:48:02.856 [ISOBUS] addr=0x81 claimed=Y load=17.9% msgs=12265 aiso=492(648476ms) xte=0.00m spd=0.00m/s q=0 ggaAge=99 vtgAge=648476 xteAge=648476 xteraw=80:51FFFFFFFFFFFFFF vt=Y(21/22) vtstat=986/495ms tc=Y drp=0mm tcq=0
13:48:03.866 [ISOBUS] addr=0x81 claimed=Y load=18.1% msgs=12306 aiso=493(649476ms) xte=0.00m spd=0.00m/s q=0 ggaAge=99 vtgAge=649476 xteAge=649476 xteraw=80:51FFFFFFFFFFFFFF vt=Y(21/22) vtstat=988/495ms tc=Y drp=0mm tcq=0
13:48:04.850 [ISOBUS] addr=0x81 claimed=Y load=17.9% msgs=12347 aiso=494(650476ms) xte=0.00m spd=0.00m/s q=0 ggaAge=99 vtgAge=650476 xteAge=650476 xteraw=80:51FFFFFFFFFFFFFF vt=Y(21/22) vtstat=990/499ms tc=Y drp=0mm tcq=0
13:48:05.869 [ISOBUS] addr=0x81 claimed=Y load=18.5% msgs=12388 aiso=495(651476ms) xte=0.00m spd=0.00m/s q=0 ggaAge=100 vtgAge=651476 xteAge=651476 xteraw=80:51FFFFFFFFFFFFFF vt=Y(21/22) vtstat=992/495ms tc=Y drp=0mm tcq=0
13:48:06.860 [ISOBUS] addr=0x81 claimed=Y load=18.4% msgs=12429 aiso=496(652476ms) xte=0.00m spd=0.00m/s q=0 ggaAge=96 vtgAge=652476 xteAge=652476 xteraw=80:51FFFFFFFFFFFFFF vt=Y(21/22) vtstat=994/496ms tc=Y drp=0mm tcq=0
13:48:07.858 [ISOBUS] addr=0x81 claimed=Y load=18.4% msgs=12470 aiso=497(653476ms) xte=0.00m spd=0.00m/s q=0 ggaAge=96 vtgAge=653476 xteAge=653476 xteraw=80:51FFFFFFFFFFFFFF vt=Y(21/22) vtstat=996/496ms tc=Y drp=0mm tcq=0
13:48:08.861 [ISOBUS] addr=0x81 claimed=Y load=18.4% msgs=12511 aiso=498(654476ms) xte=0.00m spd=0.00m/s q=0 ggaAge=96 vtgAge=654476 xteAge=654476 xteraw=80:51FFFFFFFFFFFFFF vt=Y(21/22) vtstat=998/496ms tc=Y drp=0mm tcq=0
13:48:09.856 [ISOBUS] addr=0x81 claimed=Y load=18.4% msgs=12552 aiso=499(655476ms) xte=0.00m spd=0.00m/s q=0 ggaAge=96 vtgAge=655476 xteAge=655476 xteraw=80:51FFFFFFFFFFFFFF vt=Y(21/22) vtstat=1000/496ms tc=Y drp=0mm tcq=0
13:48:10.863 [ISOBUS] addr=0x81 claimed=Y load=18.4% msgs=12593 aiso=500(656476ms) xte=0.00m spd=0.00m/s q=0 ggaAge=96 vtgAge=656476 xteAge=656476 xteraw=80:51FFFFFFFFFFFFFF vt=Y(21/22) vtstat=1002/496ms tc=Y drp=0mm tcq=0
13:48:11.862 [ISOBUS] addr=0x81 claimed=Y load=18.9% msgs=12638 aiso=501(657476ms) xte=0.00m spd=0.00m/s q=0 ggaAge=96 vtgAge=657476 xteAge=657476 xteraw=80:51FFFFFFFFFFFFFF vt=Y(21/22) vtstat=1004/496ms tc=Y drp=0mm tcq=0
13:48:12.866 [ISOBUS] addr=0x81 claimed=Y load=18.4% msgs=12679 aiso=502(658476ms) xte=0.00m spd=0.00m/s q=0 ggaAge=96 vtgAge=658476 xteAge=658476 xteraw=80:51FFFFFFFFFFFFFF vt=Y(21/22) vtstat=1006/496ms tc=Y drp=0mm tcq=0
13:48:13.870 [ISOBUS] addr=0x81 claimed=Y load=18.4% msgs=12720 aiso=503(659476ms) xte=0.00m spd=0.00m/s q=0 ggaAge=96 vtgAge=659476 xteAge=659476 xteraw=80:51FFFFFFFFFFFFFF vt=Y(21/22) vtstat=1008/496ms tc=Y drp=0mm tcq=0
13:48:14.846 [ISOBUS] addr=0x81 claimed=Y load=18.4% msgs=12761 aiso=504(660476ms) xte=0.00m spd=0.00m/s q=0 ggaAge=96 vtgAge=660476 xteAge=660476 xteraw=80:51FFFFFFFFFFFFFF vt=Y(21/22) vtstat=1010/500ms tc=Y drp=0mm tcq=0
13:48:15.849 [ISOBUS] addr=0x81 claimed=Y load=18.4% msgs=12802 aiso=505(661476ms) xte=0.00m spd=0.00m/s q=0 ggaAge=96 vtgAge=661476 xteAge=661476 xteraw=80:51FFFFFFFFFFFFFF vt=Y(21/22) vtstat=1012/496ms tc=Y drp=0mm tcq=0
13:48:16.852 [ISOBUS] addr=0x81 claimed=Y load=18.4% msgs=12843 aiso=506(662476ms) xte=0.00m spd=0.00m/s q=0 ggaAge=96 vtgAge=662476 xteAge=662476 xteraw=80:51FFFFFFFFFFFFFF vt=Y(21/22) vtstat=1014/496ms tc=Y drp=0mm tcq=0
13:48:17.840 [ISOBUS] addr=0x81 claimed=Y load=18.4% msgs=12884 aiso=507(663476ms) xte=0.00m spd=0.00m/s q=0 ggaAge=96 vtgAge=663476 xteAge=663476 xteraw=80:51FFFFFFFFFFFFFF vt=Y(21/22) vtstat=1016/496ms tc=Y drp=0mm tcq=0
13:48:18.844 [ISOBUS] addr=0x81 claimed=Y load=18.4% msgs=12925 aiso=508(664476ms) xte=0.00m spd=0.00m/s q=0 ggaAge=96 vtgAge=664476 xteAge=664476 xteraw=80:51FFFFFFFFFFFFFF vt=Y(21/22) vtstat=1018/496ms tc=Y drp=0mm tcq=0
13:48:19.846 [ISOBUS] addr=0x81 claimed=Y load=18.4% msgs=12966 aiso=509(665476ms) xte=0.00m spd=0.00m/s q=0 ggaAge=96 vtgAge=665476 xteAge=665476 xteraw=80:51FFFFFFFFFFFFFF vt=Y(21/22) vtstat=1020/496ms tc=Y drp=0mm tcq=0
13:48:20.857 [ISOBUS] addr=0x81 claimed=Y load=18.4% msgs=13007 aiso=510(666476ms) xte=0.00m spd=0.00m/s q=0 ggaAge=96 vtgAge=666476 xteAge=666476 xteraw=80:51FFFFFFFFFFFFFF vt=Y(21/22) vtstat=1022/496ms tc=Y drp=0mm tcq=0
13:48:21.847 [ISOBUS] addr=0x81 claimed=Y load=18.9% msgs=13052 aiso=511(667476ms) xte=0.00m spd=0.00m/s q=0 ggaAge=96 vtgAge=667476 xteAge=667476 xteraw=80:51FFFFFFFFFFFFFF vt=Y(21/22) vtstat=1024/496ms tc=Y drp=0mm tcq=0
13:48:22.866 [ISOBUS] addr=0x81 claimed=Y load=18.4% msgs=13093 aiso=512(668476ms) xte=0.00m spd=0.00m/s q=0 ggaAge=96 vtgAge=668476 xteAge=668476 xteraw=80:51FFFFFFFFFFFFFF vt=Y(21/22) vtstat=1026/496ms tc=Y drp=0mm tcq=0
13:48:23.849 [ISOBUS] addr=0x81 claimed=Y load=18.4% msgs=13134 aiso=513(669476ms) xte=0.00m spd=0.00m/s q=0 ggaAge=96 vtgAge=669476 xteAge=669476 xteraw=80:51FFFFFFFFFFFFFF vt=Y(21/22) vtstat=1028/500ms tc=Y drp=0mm tcq=0
13:48:24.851 [ISOBUS] addr=0x81 claimed=Y load=18.4% msgs=13175 aiso=514(670476ms) xte=0.00m spd=0.00m/s q=0 ggaAge=96 vtgAge=670476 xteAge=670476 xteraw=80:51FFFFFFFFFFFFFF vt=Y(21/22) vtstat=1030/496ms tc=Y drp=0mm tcq=0
13:48:25.848 [ISOBUS] addr=0x81 claimed=Y load=18.4% msgs=13216 aiso=515(671476ms) xte=0.00m spd=0.00m/s q=0 ggaAge=96 vtgAge=671476 xteAge=671476 xteraw=80:51FFFFFFFFFFFFFF vt=Y(21/22) vtstat=1032/496ms tc=Y drp=0mm tcq=0
13:48:26.849 [ISOBUS] addr=0x81 claimed=Y load=18.4% msgs=13257 aiso=516(672476ms) xte=0.00m spd=0.00m/s q=0 ggaAge=96 vtgAge=672476 xteAge=672476 xteraw=80:51FFFFFFFFFFFFFF vt=Y(21/22) vtstat=1034/496ms tc=Y drp=0mm tcq=0
13:48:27.851 [ISOBUS] addr=0x81 claimed=Y load=18.4% msgs=13298 aiso=517(673476ms) xte=0.00m spd=0.00m/s q=0 ggaAge=96 vtgAge=673476 xteAge=673476 xteraw=80:51FFFFFFFFFFFFFF vt=Y(21/22) vtstat=1036/496ms tc=Y drp=0mm tcq=0
13:48:28.851 [ISOBUS] addr=0x81 claimed=Y load=18.4% msgs=13339 aiso=518(674476ms) xte=0.00m spd=0.00m/s q=0 ggaAge=96 vtgAge=674476 xteAge=674476 xteraw=80:51FFFFFFFFFFFFFF vt=Y(21/22) vtstat=1038/496ms tc=Y drp=0mm tcq=0
13:48:29.841 [ISOBUS] addr=0x81 claimed=Y load=18.4% msgs=13380 aiso=519(675476ms) xte=0.00m spd=0.00m/s q=0 ggaAge=96 vtgAge=675476 xteAge=675476 xteraw=80:51FFFFFFFFFFFFFF vt=Y(21/22) vtstat=1040/496ms tc=Y drp=0mm tcq=0
13:48:30.874 [ISOBUS] addr=0x81 claimed=Y load=18.4% msgs=13421 aiso=520(676476ms) xte=0.00m spd=0.00m/s q=0 ggaAge=96 vtgAge=676476 xteAge=676476 xteraw=80:51FFFFFFFFFFFFFF vt=Y(21/22) vtstat=1042/496ms tc=Y drp=0mm tcq=0
13:48:31.844 [ISOBUS] addr=0x81 claimed=Y load=18.9% msgs=13466 aiso=521(677476ms) xte=0.00m spd=0.00m/s q=0 ggaAge=96 vtgAge=677476 xteAge=677476 xteraw=80:51FFFFFFFFFFFFFF vt=Y(21/22) vtstat=1044/496ms tc=Y drp=0mm tcq=0
13:48:32.842 [ISOBUS] addr=0x81 claimed=Y load=18.4% msgs=13507 aiso=522(678476ms) xte=0.00m spd=0.00m/s q=0 ggaAge=96 vtgAge=678476 xteAge=678476 xteraw=80:51FFFFFFFFFFFFFF vt=Y(21/22) vtstat=1046/496ms tc=Y drp=0mm tcq=0
13:48:33.868 [ISOBUS] addr=0x81 claimed=Y load=18.4% msgs=13548 aiso=523(679476ms) xte=0.00m spd=0.00m/s q=0 ggaAge=96 vtgAge=679476 xteAge=679476 xteraw=80:51FFFFFFFFFFFFFF vt=Y(21/22) vtstat=1048/496ms tc=Y drp=0mm tcq=0
13:48:34.847 [ISOBUS] addr=0x81 claimed=Y load=18.4% msgs=13589 aiso=524(680476ms) xte=0.00m spd=0.00m/s q=0 ggaAge=96 vtgAge=680476 xteAge=680476 xteraw=80:51FFFFFFFFFFFFFF vt=Y(21/22) vtstat=1050/496ms tc=Y drp=0mm tcq=0
13:48:35.856 [ISOBUS] addr=0x81 claimed=Y load=18.4% msgs=13630 aiso=525(681476ms) xte=0.00m spd=0.00m/s q=0 ggaAge=96 vtgAge=681476 xteAge=681476 xteraw=80:51FFFFFFFFFFFFFF vt=Y(21/22) vtstat=1052/496ms tc=Y drp=0mm tcq=0
13:48:36.851 [ISOBUS] addr=0x81 claimed=Y load=18.4% msgs=13671 aiso=526(682476ms) xte=0.00m spd=0.00m/s q=0 ggaAge=96 vtgAge=682476 xteAge=682476 xteraw=80:51FFFFFFFFFFFFFF vt=Y(21/22) vtstat=1054/496ms tc=Y drp=0mm tcq=0
13:48:37.843 [ISOBUS] addr=0x81 claimed=Y load=18.4% msgs=13712 aiso=527(683476ms) xte=0.00m spd=0.00m/s q=0 ggaAge=96 vtgAge=683476 xteAge=683476 xteraw=80:51FFFFFFFFFFFFFF vt=Y(21/22) vtstat=1056/496ms tc=Y drp=0mm tcq=0
13:48:38.846 [ISOBUS] addr=0x81 claimed=Y load=18.4% msgs=13753 aiso=528(684476ms) xte=0.00m spd=0.00m/s q=0 ggaAge=96 vtgAge=684476 xteAge=684476 xteraw=80:51FFFFFFFFFFFFFF vt=Y(21/22) vtstat=1058/496ms tc=Y drp=0mm tcq=0
13:48:39.865 [ISOBUS] addr=0x81 claimed=Y load=18.4% msgs=13794 aiso=529(685476ms) xte=0.00m spd=0.00m/s q=0 ggaAge=96 vtgAge=685476 xteAge=685476 xteraw=80:51FFFFFFFFFFFFFF vt=Y(21/22) vtstat=1060/496ms tc=Y drp=0mm tcq=0
13:48:40.842 [ISOBUS] addr=0x81 claimed=Y load=18.4% msgs=13835 aiso=530(686476ms) xte=0.00m spd=0.00m/s q=0 ggaAge=96 vtgAge=686476 xteAge=686476 xteraw=80:51FFFFFFFFFFFFFF vt=Y(21/22) vtstat=1062/496ms tc=Y drp=0mm tcq=0
13:48:41.868 [ISOBUS] addr=0x81 claimed=Y load=18.9% msgs=13880 aiso=531(687476ms) xte=0.00m spd=0.00m/s q=0 ggaAge=96 vtgAge=687476 xteAge=687476 xteraw=80:51FFFFFFFFFFFFFF vt=Y(21/22) vtstat=1064/496ms tc=Y drp=0mm tcq=0
13:48:42.866 [ISOBUS] addr=0x81 claimed=Y load=18.4% msgs=13921 aiso=532(688476ms) xte=0.00m spd=0.00m/s q=0 ggaAge=96 vtgAge=688476 xteAge=688476 xteraw=80:51FFFFFFFFFFFFFF vt=Y(21/22) vtstat=1066/496ms tc=Y drp=0mm tcq=0
13:48:43.859 [ISOBUS] addr=0x81 claimed=Y load=18.4% msgs=13962 aiso=533(689476ms) xte=0.00m spd=0.00m/s q=0 ggaAge=96 vtgAge=689476 xteAge=689476 xteraw=80:51FFFFFFFFFFFFFF vt=Y(21/22) vtstat=1068/496ms tc=Y drp=0mm tcq=0
13:48:44.857 [ISOBUS] addr=0x81 claimed=Y load=18.4% msgs=14003 aiso=534(690476ms) xte=0.00m spd=0.00m/s q=0 ggaAge=96 vtgAge=690476 xteAge=690476 xteraw=80:51FFFFFFFFFFFFFF vt=Y(21/22) vtstat=1070/496ms tc=Y drp=0mm tcq=0
13:48:45.855 [ISOBUS] addr=0x81 claimed=Y load=18.4% msgs=14044 aiso=535(691476ms) xte=0.00m spd=0.00m/s q=0 ggaAge=96 vtgAge=691476 xteAge=691476 xteraw=80:51FFFFFFFFFFFFFF vt=Y(21/22) vtstat=1072/496ms tc=Y drp=0mm tcq=0
13:48:46.867 [ISOBUS] addr=0x81 claimed=Y load=18.4% msgs=14085 aiso=536(692476ms) xte=0.00m spd=0.00m/s q=0 ggaAge=96 vtgAge=692476 xteAge=692476 xteraw=80:51FFFFFFFFFFFFFF vt=Y(21/22) vtstat=1074/496ms tc=Y drp=0mm tcq=0
13:48:47.867 [ISOBUS] addr=0x81 claimed=Y load=18.4% msgs=14126 aiso=537(693476ms) xte=0.00m spd=0.00m/s q=0 ggaAge=96 vtgAge=693476 xteAge=693476 xteraw=80:51FFFFFFFFFFFFFF vt=Y(21/22) vtstat=1076/496ms tc=Y drp=0mm tcq=0
13:48:48.848 [ISOBUS] addr=0x81 claimed=Y load=18.4% msgs=14167 aiso=538(694476ms) xte=0.00m spd=0.00m/s q=0 ggaAge=96 vtgAge=694476 xteAge=694476 xteraw=80:51FFFFFFFFFFFFFF vt=Y(21/22) vtstat=1078/496ms tc=Y drp=0mm tcq=0
13:48:49.848 [ISOBUS] addr=0x81 claimed=Y load=18.4% msgs=14208 aiso=539(695476ms) xte=0.00m spd=0.00m/s q=0 ggaAge=96 vtgAge=695476 xteAge=695476 xteraw=80:51FFFFFFFFFFFFFF vt=Y(21/22) vtstat=1080/496ms tc=Y drp=0mm tcq=0
13:48:50.844 [ISOBUS] addr=0x81 claimed=Y load=18.4% msgs=14249 aiso=540(696476ms) xte=0.00m spd=0.00m/s q=0 ggaAge=96 vtgAge=696476 xteAge=696476 xteraw=80:51FFFFFFFFFFFFFF vt=Y(21/22) vtstat=1082/496ms tc=Y drp=0mm tcq=0
13:48:51.865 [ISOBUS] addr=0x81 claimed=Y load=18.9% msgs=14294 aiso=541(697476ms) xte=0.00m spd=0.00m/s q=0 ggaAge=96 vtgAge=697476 xteAge=697476 xteraw=80:51FFFFFFFFFFFFFF vt=Y(21/22) vtstat=1084/496ms tc=Y drp=0mm tcq=0
13:48:52.883 [ISOBUS] addr=0x81 claimed=Y load=18.4% msgs=14335 aiso=542(698476ms) xte=0.00m spd=0.00m/s q=0 ggaAge=97 vtgAge=698476 xteAge=698476 xteraw=80:51FFFFFFFFFFFFFF vt=Y(21/22) vtstat=1086/496ms tc=Y drp=0mm tcq=0
13:48:53.868 [ISOBUS] addr=0x81 claimed=Y load=18.4% msgs=14376 aiso=543(699476ms) xte=0.00m spd=0.00m/s q=0 ggaAge=97 vtgAge=699476 xteAge=699476 xteraw=80:51FFFFFFFFFFFFFF vt=Y(21/22) vtstat=1088/496ms tc=Y drp=0mm tcq=0
13:48:54.856 [ISOBUS] addr=0x81 claimed=Y load=18.4% msgs=14417 aiso=544(700476ms) xte=0.00m spd=0.00m/s q=0 ggaAge=97 vtgAge=700476 xteAge=700476 xteraw=80:51FFFFFFFFFFFFFF vt=Y(21/22) vtstat=1090/496ms tc=Y drp=0mm tcq=0
13:48:55.863 [ISOBUS] addr=0x81 claimed=Y load=18.4% msgs=14458 aiso=545(701476ms) xte=0.00m spd=0.00m/s q=0 ggaAge=97 vtgAge=701476 xteAge=701476 xteraw=80:51FFFFFFFFFFFFFF vt=Y(21/22) vtstat=1092/497ms tc=Y drp=0mm tcq=0
13:48:56.868 [ISOBUS] addr=0x81 claimed=Y load=18.4% msgs=14499 aiso=546(702476ms) xte=0.00m spd=0.00m/s q=0 ggaAge=97 vtgAge=702476 xteAge=702476 xteraw=80:51FFFFFFFFFFFFFF vt=Y(21/22) vtstat=1094/497ms tc=Y drp=0mm tcq=0
13:48:57.871 [ISOBUS] addr=0x81 claimed=Y load=18.4% msgs=14540 aiso=547(703476ms) xte=0.00m spd=0.00m/s q=0 ggaAge=97 vtgAge=703476 xteAge=703476 xteraw=80:51FFFFFFFFFFFFFF vt=Y(21/22) vtstat=1096/497ms tc=Y drp=0mm tcq=0
13:48:58.868 [ISOBUS] addr=0x81 claimed=Y load=18.4% msgs=14581 aiso=548(704476ms) xte=0.00m spd=0.00m/s q=0 ggaAge=97 vtgAge=704476 xteAge=704476 xteraw=80:51FFFFFFFFFFFFFF vt=Y(21/22) vtstat=1098/497ms tc=Y drp=0mm tcq=0
13:48:59.869 [ISOBUS] addr=0x81 claimed=Y load=18.4% msgs=14622 aiso=549(705476ms) xte=0.00m spd=0.00m/s q=0 ggaAge=97 vtgAge=705476 xteAge=705476 xteraw=80:51FFFFFFFFFFFFFF vt=Y(21/22) vtstat=1100/497ms tc=Y drp=0mm tcq=0
13:49:00.848 [ISOBUS] addr=0x81 claimed=Y load=18.4% msgs=14663 aiso=550(706476ms) xte=0.00m spd=0.00m/s q=0 ggaAge=97 vtgAge=706476 xteAge=706476 xteraw=80:51FFFFFFFFFFFFFF vt=Y(21/22) vtstat=1102/493ms tc=Y drp=0mm tcq=0
13:49:01.872 [ISOBUS] addr=0x81 claimed=Y load=18.9% msgs=14708 aiso=551(707476ms) xte=0.00m spd=0.00m/s q=0 ggaAge=97 vtgAge=707476 xteAge=707476 xteraw=80:51FFFFFFFFFFFFFF vt=Y(21/22) vtstat=1104/497ms tc=Y drp=0mm tcq=0
13:49:02.853 [ISOBUS] addr=0x81 claimed=Y load=18.4% msgs=14749 aiso=552(708476ms) xte=0.00m spd=0.00m/s q=0 ggaAge=97 vtgAge=708476 xteAge=708476 xteraw=80:51FFFFFFFFFFFFFF vt=Y(21/22) vtstat=1106/497ms tc=Y drp=0mm tcq=0
13:49:03.864 [ISOBUS] addr=0x81 claimed=Y load=18.4% msgs=14790 aiso=553(709476ms) xte=0.00m spd=0.00m/s q=0 ggaAge=97 vtgAge=709476 xteAge=709476 xteraw=80:51FFFFFFFFFFFFFF vt=Y(21/22) vtstat=1108/493ms tc=Y drp=0mm tcq=0
13:49:04.866 [ISOBUS] addr=0x81 claimed=Y load=18.4% msgs=14831 aiso=554(710476ms) xte=0.00m spd=0.00m/s q=0 ggaAge=97 vtgAge=710476 xteAge=710476 xteraw=80:51FFFFFFFFFFFFFF vt=Y(21/22) vtstat=1110/493ms tc=Y drp=0mm tcq=0
13:49:05.881 [ISOBUS] addr=0x81 claimed=Y load=18.4% msgs=14872 aiso=555(711476ms) xte=0.00m spd=0.00m/s q=0 ggaAge=97 vtgAge=711476 xteAge=711476 xteraw=80:51FFFFFFFFFFFFFF vt=Y(21/22) vtstat=1112/493ms tc=Y drp=0mm tcq=0
13:49:06.864 [ISOBUS] addr=0x81 claimed=Y load=18.4% msgs=14913 aiso=556(712476ms) xte=0.00m spd=0.00m/s q=0 ggaAge=97 vtgAge=712476 xteAge=712476 xteraw=80:51FFFFFFFFFFFFFF vt=Y(21/22) vtstat=1114/493ms tc=Y drp=0mm tcq=0
13:49:07.848 [ISOBUS] addr=0x81 claimed=Y load=18.4% msgs=14954 aiso=557(713476ms) xte=0.00m spd=0.00m/s q=0 ggaAge=97 vtgAge=713476 xteAge=713476 xteraw=80:51FFFFFFFFFFFFFF vt=Y(21/22) vtstat=1116/493ms tc=Y drp=0mm tcq=0
13:49:08.866 [ISOBUS] addr=0x81 claimed=Y load=18.4% msgs=14995 aiso=558(714476ms) xte=0.00m spd=0.00m/s q=0 ggaAge=97 vtgAge=714476 xteAge=714476 xteraw=80:51FFFFFFFFFFFFFF vt=Y(21/22) vtstat=1118/493ms tc=Y drp=0mm tcq=0
13:49:09.864 [ISOBUS] addr=0x81 claimed=Y load=18.4% msgs=15036 aiso=559(715476ms) xte=0.00m spd=0.00m/s q=0 ggaAge=97 vtgAge=715476 xteAge=715476 xteraw=80:51FFFFFFFFFFFFFF vt=Y(21/22) vtstat=1120/493ms tc=Y drp=0mm tcq=0
13:49:10.865 [ISOBUS] addr=0x81 claimed=Y load=18.4% msgs=15077 aiso=560(716476ms) xte=0.00m spd=0.00m/s q=0 ggaAge=97 vtgAge=716476 xteAge=716476 xteraw=80:51FFFFFFFFFFFFFF vt=Y(21/22) vtstat=1122/489ms tc=Y drp=0mm tcq=0
13:49:11.851 [ISOBUS] addr=0x81 claimed=Y load=18.9% msgs=15122 aiso=561(717476ms) xte=0.00m spd=0.00m/s q=0 ggaAge=97 vtgAge=717476 xteAge=717476 xteraw=80:51FFFFFFFFFFFFFF vt=Y(21/22) vtstat=1124/489ms tc=Y drp=0mm tcq=0
13:49:12.847 [ISOBUS] addr=0x81 claimed=Y load=18.4% msgs=15163 aiso=562(718476ms) xte=0.00m spd=0.00m/s q=0 ggaAge=97 vtgAge=718476 xteAge=718476 xteraw=80:51FFFFFFFFFFFFFF vt=Y(21/22) vtstat=1126/489ms tc=Y drp=0mm tcq=0
13:49:13.844 [ISOBUS] addr=0x81 claimed=Y load=18.4% msgs=15204 aiso=563(719476ms) xte=0.00m spd=0.00m/s q=0 ggaAge=97 vtgAge=719476 xteAge=719476 xteraw=80:51FFFFFFFFFFFFFF vt=Y(21/22) vtstat=1128/489ms tc=Y drp=0mm tcq=0
13:49:14.870 [ISOBUS] addr=0x81 claimed=Y load=18.4% msgs=15245 aiso=564(720476ms) xte=0.00m spd=0.00m/s q=0 ggaAge=97 vtgAge=720476 xteAge=720476 xteraw=80:51FFFFFFFFFFFFFF vt=Y(21/22) vtstat=1130/489ms tc=Y drp=0mm tcq=0
13:49:15.870 [ISOBUS] addr=0x81 claimed=Y load=18.4% msgs=15286 aiso=565(721476ms) xte=0.00m spd=0.00m/s q=0 ggaAge=97 vtgAge=721476 xteAge=721476 xteraw=80:51FFFFFFFFFFFFFF vt=Y(21/22) vtstat=1132/489ms tc=Y drp=0mm tcq=0
13:49:16.861 [ISOBUS] addr=0x81 claimed=Y load=18.4% msgs=15327 aiso=566(722476ms) xte=0.00m spd=0.00m/s q=0 ggaAge=97 vtgAge=722476 xteAge=722476 xteraw=80:51FFFFFFFFFFFFFF vt=Y(21/22) vtstat=1134/485ms tc=Y drp=0mm tcq=0
13:49:17.857 [ISOBUS] addr=0x81 claimed=Y load=18.4% msgs=15368 aiso=567(723476ms) xte=0.00m spd=0.00m/s q=0 ggaAge=97 vtgAge=723476 xteAge=723476 xteraw=80:51FFFFFFFFFFFFFF vt=Y(21/22) vtstat=1136/485ms tc=Y drp=0mm tcq=0
13:49:18.871 [ISOBUS] addr=0x81 claimed=Y load=18.4% msgs=15409 aiso=568(724476ms) xte=0.00m spd=0.00m/s q=0 ggaAge=97 vtgAge=724476 xteAge=724476 xteraw=80:51FFFFFFFFFFFFFF vt=Y(21/22) vtstat=1138/485ms tc=Y drp=0mm tcq=0
13:49:19.868 [ISOBUS] addr=0x81 claimed=Y load=18.4% msgs=15450 aiso=569(725476ms) xte=0.00m spd=0.00m/s q=0 ggaAge=97 vtgAge=725476 xteAge=725476 xteraw=80:51FFFFFFFFFFFFFF vt=Y(21/22) vtstat=1140/485ms tc=Y drp=0mm tcq=0
13:49:20.862 [ISOBUS] addr=0x81 claimed=Y load=18.4% msgs=15491 aiso=570(726476ms) xte=0.00m spd=0.00m/s q=0 ggaAge=97 vtgAge=726476 xteAge=726476 xteraw=80:51FFFFFFFFFFFFFF vt=Y(21/22) vtstat=1142/485ms tc=Y drp=0mm tcq=0
13:49:21.860 [ISOBUS] addr=0x81 claimed=Y load=18.9% msgs=15536 aiso=571(727476ms) xte=0.00m spd=0.00m/s q=0 ggaAge=97 vtgAge=727476 xteAge=727476 xteraw=80:51FFFFFFFFFFFFFF vt=Y(21/22) vtstat=1144/485ms tc=Y drp=0mm tcq=0
13:49:22.855 [ISOBUS] addr=0x81 claimed=Y load=18.4% msgs=15577 aiso=572(728476ms) xte=0.00m spd=0.00m/s q=0 ggaAge=97 vtgAge=728476 xteAge=728476 xteraw=80:51FFFFFFFFFFFFFF vt=Y(21/22) vtstat=1146/485ms tc=Y drp=0mm tcq=0
13:49:23.854 [ISOBUS] addr=0x81 claimed=Y load=18.4% msgs=15618 aiso=573(729476ms) xte=0.00m spd=0.00m/s q=0 ggaAge=97 vtgAge=729476 xteAge=729476 xteraw=80:51FFFFFFFFFFFFFF vt=Y(21/22) vtstat=1148/481ms tc=Y drp=0mm tcq=0
13:49:24.865 [ISOBUS] addr=0x81 claimed=Y load=18.4% msgs=15659 aiso=574(730476ms) xte=0.00m spd=0.00m/s q=0 ggaAge=97 vtgAge=730476 xteAge=730476 xteraw=80:51FFFFFFFFFFFFFF vt=Y(21/22) vtstat=1150/481ms tc=Y drp=0mm tcq=0
13:49:25.871 [ISOBUS] addr=0x81 claimed=Y load=18.4% msgs=15700 aiso=575(731476ms) xte=0.00m spd=0.00m/s q=0 ggaAge=97 vtgAge=731476 xteAge=731476 xteraw=80:51FFFFFFFFFFFFFF vt=Y(21/22) vtstat=1152/481ms tc=Y drp=0mm tcq=0
13:49:26.870 [ISOBUS] addr=0x81 claimed=Y load=18.4% msgs=15741 aiso=576(732476ms) xte=0.00m spd=0.00m/s q=0 ggaAge=97 vtgAge=732476 xteAge=732476 xteraw=80:51FFFFFFFFFFFFFF vt=Y(21/22) vtstat=1154/481ms tc=Y drp=0mm tcq=0
13:49:27.869 [ISOBUS] addr=0x81 claimed=Y load=18.4% msgs=15782 aiso=577(733476ms) xte=0.00m spd=0.00m/s q=0 ggaAge=97 vtgAge=733476 xteAge=733476 xteraw=80:51FFFFFFFFFFFFFF vt=Y(21/22) vtstat=1156/481ms tc=Y drp=0mm tcq=0
13:49:28.866 [ISOBUS] addr=0x81 claimed=Y load=18.4% msgs=15823 aiso=578(734476ms) xte=0.00m spd=0.00m/s q=0 ggaAge=97 vtgAge=734476 xteAge=734476 xteraw=80:51FFFFFFFFFFFFFF vt=Y(21/22) vtstat=1158/481ms tc=Y drp=0mm tcq=0
13:49:29.854 [ISOBUS] addr=0x81 claimed=Y load=18.4% msgs=15864 aiso=579(735476ms) xte=0.00m spd=0.00m/s q=0 ggaAge=97 vtgAge=735476 xteAge=735476 xteraw=80:51FFFFFFFFFFFFFF vt=Y(21/22) vtstat=1160/481ms tc=Y drp=0mm tcq=0
13:49:30.853 [ISOBUS] addr=0x81 claimed=Y load=18.4% msgs=15905 aiso=580(736476ms) xte=0.00m spd=0.00m/s q=0 ggaAge=97 vtgAge=736476 xteAge=736476 xteraw=80:51FFFFFFFFFFFFFF vt=Y(21/22) vtstat=1162/477ms tc=Y drp=0mm tcq=0
13:49:31.868 [ISOBUS] addr=0x81 claimed=Y load=18.9% msgs=15950 aiso=581(737476ms) xte=0.00m spd=0.00m/s q=0 ggaAge=97 vtgAge=737476 xteAge=737476 xteraw=80:51FFFFFFFFFFFFFF vt=Y(21/22) vtstat=1164/477ms tc=Y drp=0mm tcq=0
13:49:32.865 [ISOBUS] addr=0x81 claimed=Y load=18.4% msgs=15991 aiso=582(738476ms) xte=0.00m spd=0.00m/s q=0 ggaAge=97 vtgAge=738476 xteAge=738476 xteraw=80:51FFFFFFFFFFFFFF vt=Y(21/22) vtstat=1166/477ms tc=Y drp=0mm tcq=0
13:49:33.845 [ISOBUS] addr=0x81 claimed=Y load=18.4% msgs=16032 aiso=583(739476ms) xte=0.00m spd=0.00m/s q=0 ggaAge=97 vtgAge=739476 xteAge=739476 xteraw=80:51FFFFFFFFFFFFFF vt=Y(21/22) vtstat=1168/477ms tc=Y drp=0mm tcq=0
13:49:34.868 [ISOBUS] addr=0x81 claimed=Y load=18.4% msgs=16073 aiso=584(740476ms) xte=0.00m spd=0.00m/s q=0 ggaAge=97 vtgAge=740476 xteAge=740476 xteraw=80:51FFFFFFFFFFFFFF vt=Y(21/22) vtstat=1170/477ms tc=Y drp=0mm tcq=0
13:49:35.847 [ISOBUS] addr=0x81 claimed=Y load=18.4% msgs=16114 aiso=585(741476ms) xte=0.00m spd=0.00m/s q=0 ggaAge=97 vtgAge=741476 xteAge=741476 xteraw=80:51FFFFFFFFFFFFFF vt=Y(21/22) vtstat=1172/477ms tc=Y drp=0mm tcq=0
13:49:36.873 [ISOBUS] addr=0x81 claimed=Y load=18.4% msgs=16155 aiso=586(742476ms) xte=0.00m spd=0.00m/s q=0 ggaAge=97 vtgAge=742476 xteAge=742476 xteraw=80:51FFFFFFFFFFFFFF vt=Y(21/22) vtstat=1174/473ms tc=Y drp=0mm tcq=0
13:49:37.872 [ISOBUS] addr=0x81 claimed=Y load=18.4% msgs=16196 aiso=587(743476ms) xte=0.00m spd=0.00m/s q=0 ggaAge=97 vtgAge=743476 xteAge=743476 xteraw=80:51FFFFFFFFFFFFFF vt=Y(21/22) vtstat=1176/473ms tc=Y drp=0mm tcq=0
13:49:38.871 [ISOBUS] addr=0x81 claimed=Y load=18.4% msgs=16237 aiso=588(744476ms) xte=0.00m spd=0.00m/s q=0 ggaAge=97 vtgAge=744476 xteAge=744476 xteraw=80:51FFFFFFFFFFFFFF vt=Y(21/22) vtstat=1178/473ms tc=Y drp=0mm tcq=0
13:49:39.865 [ISOBUS] addr=0x81 claimed=Y load=18.4% msgs=16278 aiso=589(745476ms) xte=0.00m spd=0.00m/s q=0 ggaAge=97 vtgAge=745476 xteAge=745476 xteraw=80:51FFFFFFFFFFFFFF vt=Y(21/22) vtstat=1180/473ms tc=Y drp=0mm tcq=0
13:49:40.849 [ISOBUS] addr=0x81 claimed=Y load=18.4% msgs=16319 aiso=590(746476ms) xte=0.00m spd=0.00m/s q=0 ggaAge=98 vtgAge=746476 xteAge=746476 xteraw=80:51FFFFFFFFFFFFFF vt=Y(21/22) vtstat=1182/473ms tc=Y drp=0mm tcq=0
13:49:41.863 [ISOBUS] addr=0x81 claimed=Y load=18.9% msgs=16364 aiso=591(747476ms) xte=0.00m spd=0.00m/s q=0 ggaAge=98 vtgAge=747476 xteAge=747476 xteraw=80:51FFFFFFFFFFFFFF vt=Y(21/22) vtstat=1184/474ms tc=Y drp=0mm tcq=0
13:49:42.861 [ISOBUS] addr=0x81 claimed=Y load=18.4% msgs=16405 aiso=592(748476ms) xte=0.00m spd=0.00m/s q=0 ggaAge=98 vtgAge=748476 xteAge=748476 xteraw=80:51FFFFFFFFFFFFFF vt=Y(21/22) vtstat=1186/470ms tc=Y drp=0mm tcq=0
13:49:43.857 [ISOBUS] addr=0x81 claimed=Y load=18.4% msgs=16446 aiso=593(749476ms) xte=0.00m spd=0.00m/s q=0 ggaAge=98 vtgAge=749476 xteAge=749476 xteraw=80:51FFFFFFFFFFFFFF vt=Y(21/22) vtstat=1188/470ms tc=Y drp=0mm tcq=0
13:49:44.869 [ISOBUS] addr=0x81 claimed=Y load=18.4% msgs=16487 aiso=594(750476ms) xte=0.00m spd=0.00m/s q=0 ggaAge=98 vtgAge=750476 xteAge=750476 xteraw=80:51FFFFFFFFFFFFFF vt=Y(21/22) vtstat=1190/470ms tc=Y drp=0mm tcq=0
13:49:45.864 [ISOBUS] addr=0x81 claimed=Y load=18.4% msgs=16528 aiso=595(751476ms) xte=0.00m spd=0.00m/s q=0 ggaAge=98 vtgAge=751476 xteAge=751476 xteraw=80:51FFFFFFFFFFFFFF vt=Y(21/22) vtstat=1192/470ms tc=Y drp=0mm tcq=0
13:49:46.846 [ISOBUS] addr=0x81 claimed=Y load=18.4% msgs=16569 aiso=596(752476ms) xte=0.00m spd=0.00m/s q=0 ggaAge=98 vtgAge=752476 xteAge=752476 xteraw=80:51FFFFFFFFFFFFFF vt=Y(21/22) vtstat=1194/470ms tc=Y drp=0mm tcq=0
13:49:47.875 [ISOBUS] addr=0x81 claimed=Y load=18.4% msgs=16610 aiso=597(753476ms) xte=0.00m spd=0.00m/s q=0 ggaAge=98 vtgAge=753476 xteAge=753476 xteraw=80:51FFFFFFFFFFFFFF vt=Y(21/22) vtstat=1196/470ms tc=Y drp=0mm tcq=0
13:49:48.872 [ISOBUS] addr=0x81 claimed=Y load=18.4% msgs=16651 aiso=598(754476ms) xte=0.00m spd=0.00m/s q=0 ggaAge=98 vtgAge=754476 xteAge=754476 xteraw=80:51FFFFFFFFFFFFFF vt=Y(21/22) vtstat=1198/470ms tc=Y drp=0mm tcq=0
13:49:49.844 [ISOBUS] addr=0x81 claimed=Y load=18.4% msgs=16692 aiso=599(755476ms) xte=0.00m spd=0.00m/s q=0 ggaAge=98 vtgAge=755476 xteAge=755476 xteraw=80:51FFFFFFFFFFFFFF vt=Y(21/22) vtstat=1200/466ms tc=Y drp=0mm tcq=0
13:49:50.847 [ISOBUS] addr=0x81 claimed=Y load=18.4% msgs=16733 aiso=600(756476ms) xte=0.00m spd=0.00m/s q=0 ggaAge=98 vtgAge=756476 xteAge=756476 xteraw=80:51FFFFFFFFFFFFFF vt=Y(21/22) vtstat=1202/466ms tc=Y drp=0mm tcq=0
13:49:51.866 [ISOBUS] addr=0x81 claimed=Y load=18.9% msgs=16778 aiso=601(757476ms) xte=0.00m spd=0.00m/s q=0 ggaAge=98 vtgAge=757476 xteAge=757476 xteraw=80:51FFFFFFFFFFFFFF vt=Y(21/22) vtstat=1204/466ms tc=Y drp=0mm tcq=0
13:49:52.862 [ISOBUS] addr=0x81 claimed=Y load=18.4% msgs=16819 aiso=602(758476ms) xte=0.00m spd=0.00m/s q=0 ggaAge=98 vtgAge=758476 xteAge=758476 xteraw=80:51FFFFFFFFFFFFFF vt=Y(21/22) vtstat=1206/466ms tc=Y drp=0mm tcq=0
13:49:53.846 [ISOBUS] addr=0x81 claimed=Y load=18.4% msgs=16860 aiso=603(759476ms) xte=0.00m spd=0.00m/s q=0 ggaAge=94 vtgAge=759476 xteAge=759476 xteraw=80:51FFFFFFFFFFFFFF vt=Y(21/22) vtstat=1208/466ms tc=Y drp=0mm tcq=0
13:49:54.872 [ISOBUS] addr=0x81 claimed=Y load=18.4% msgs=16901 aiso=604(760476ms) xte=0.00m spd=0.00m/s q=0 ggaAge=98 vtgAge=760476 xteAge=760476 xteraw=80:51FFFFFFFFFFFFFF vt=Y(21/22) vtstat=1210/466ms tc=Y drp=0mm tcq=0
13:49:55.868 [ISOBUS] addr=0x81 claimed=Y load=18.4% msgs=16942 aiso=605(761476ms) xte=0.00m spd=0.00m/s q=0 ggaAge=98 vtgAge=761476 xteAge=761476 xteraw=80:51FFFFFFFFFFFFFF vt=Y(21/22) vtstat=1212/462ms tc=Y drp=0mm tcq=0
13:49:56.869 [ISOBUS] addr=0x81 claimed=Y load=18.4% msgs=16983 aiso=606(762476ms) xte=0.00m spd=0.00m/s q=0 ggaAge=94 vtgAge=762476 xteAge=762476 xteraw=80:51FFFFFFFFFFFFFF vt=Y(21/22) vtstat=1214/462ms tc=Y drp=0mm tcq=0
13:49:57.851 [ISOBUS] addr=0x81 claimed=Y load=18.4% msgs=17024 aiso=607(763476ms) xte=0.00m spd=0.00m/s q=0 ggaAge=94 vtgAge=763476 xteAge=763476 xteraw=80:51FFFFFFFFFFFFFF vt=Y(21/22) vtstat=1216/462ms tc=Y drp=0mm tcq=0
13:49:58.850 [ISOBUS] addr=0x81 claimed=Y load=18.4% msgs=17065 aiso=608(764476ms) xte=0.00m spd=0.00m/s q=0 ggaAge=94 vtgAge=764476 xteAge=764476 xteraw=80:51FFFFFFFFFFFFFF vt=Y(21/22) vtstat=1218/462ms tc=Y drp=0mm tcq=0
13:49:59.868 [ISOBUS] addr=0x81 claimed=Y load=18.4% msgs=17106 aiso=609(765476ms) xte=0.00m spd=0.00m/s q=0 ggaAge=94 vtgAge=765476 xteAge=765476 xteraw=80:51FFFFFFFFFFFFFF vt=Y(21/22) vtstat=1220/462ms tc=Y drp=0mm tcq=0
13:50:00.848 [ISOBUS] addr=0x81 claimed=Y load=18.4% msgs=17147 aiso=610(766476ms) xte=0.00m spd=0.00m/s q=0 ggaAge=94 vtgAge=766476 xteAge=766476 xteraw=80:51FFFFFFFFFFFFFF vt=Y(21/22) vtstat=1222/462ms tc=Y drp=0mm tcq=0
13:50:01.850 [ISOBUS] addr=0x81 claimed=Y load=18.9% msgs=17192 aiso=611(767476ms) xte=0.00m spd=0.00m/s q=0 ggaAge=94 vtgAge=767476 xteAge=767476 xteraw=80:51FFFFFFFFFFFFFF vt=Y(21/22) vtstat=1224/458ms tc=Y drp=0mm tcq=0
13:50:02.849 [ISOBUS] addr=0x81 claimed=Y load=18.4% msgs=17233 aiso=612(768476ms) xte=0.00m spd=0.00m/s q=0 ggaAge=94 vtgAge=768476 xteAge=768476 xteraw=80:51FFFFFFFFFFFFFF vt=Y(21/22) vtstat=1226/458ms tc=Y drp=0mm tcq=0
13:50:03.863 [ISOBUS] addr=0x81 claimed=Y load=18.4% msgs=17274 aiso=613(769476ms) xte=0.00m spd=0.00m/s q=0 ggaAge=94 vtgAge=769476 xteAge=769476 xteraw=80:51FFFFFFFFFFFFFF vt=Y(21/22) vtstat=1228/458ms tc=Y drp=0mm tcq=0
13:50:04.860 [ISOBUS] addr=0x81 claimed=Y load=18.4% msgs=17315 aiso=614(770476ms) xte=0.00m spd=0.00m/s q=0 ggaAge=94 vtgAge=770476 xteAge=770476 xteraw=80:51FFFFFFFFFFFFFF vt=Y(21/22) vtstat=1230/458ms tc=Y drp=0mm tcq=0
13:50:05.862 [ISOBUS] addr=0x81 claimed=Y load=18.4% msgs=17356 aiso=615(771476ms) xte=0.00m spd=0.00m/s q=0 ggaAge=94 vtgAge=771476 xteAge=771476 xteraw=80:51FFFFFFFFFFFFFF vt=Y(21/22) vtstat=1232/458ms tc=Y drp=0mm tcq=0
13:50:06.861 [ISOBUS] addr=0x81 claimed=Y load=18.4% msgs=17397 aiso=616(772476ms) xte=0.00m spd=0.00m/s q=0 ggaAge=94 vtgAge=772476 xteAge=772476 xteraw=80:51FFFFFFFFFFFFFF vt=Y(21/22) vtstat=1234/454ms tc=Y drp=0mm tcq=0
13:50:07.854 [ISOBUS] addr=0x81 claimed=Y load=18.4% msgs=17438 aiso=617(773476ms) xte=0.00m spd=0.00m/s q=0 ggaAge=94 vtgAge=773476 xteAge=773476 xteraw=80:51FFFFFFFFFFFFFF vt=Y(21/22) vtstat=1236/454ms tc=Y drp=0mm tcq=0
13:50:08.853 [ISOBUS] addr=0x81 claimed=Y load=18.4% msgs=17479 aiso=618(774476ms) xte=0.00m spd=0.00m/s q=0 ggaAge=94 vtgAge=774476 xteAge=774476 xteraw=80:51FFFFFFFFFFFFFF vt=Y(21/22) vtstat=1238/454ms tc=Y drp=0mm tcq=0
13:50:09.866 [ISOBUS] addr=0x81 claimed=Y load=18.4% msgs=17520 aiso=619(775476ms) xte=0.00m spd=0.00m/s q=0 ggaAge=94 vtgAge=775476 xteAge=775476 xteraw=80:51FFFFFFFFFFFFFF vt=Y(21/22) vtstat=1240/454ms tc=Y drp=0mm tcq=0
13:50:10.846 [ISOBUS] addr=0x81 claimed=Y load=18.2% msgs=17561 aiso=620(776476ms) xte=0.00m spd=0.00m/s q=0 ggaAge=94 vtgAge=776476 xteAge=776476 xteraw=80:51FFFFFFFFFFFFFF vt=Y(21/22) vtstat=1242/454ms tc=Y drp=0mm tcq=0
13:50:11.847 [ISOBUS] addr=0x81 claimed=Y load=19.0% msgs=17606 aiso=621(777476ms) xte=0.00m spd=0.00m/s q=0 ggaAge=94 vtgAge=777476 xteAge=777476 xteraw=80:51FFFFFFFFFFFFFF vt=Y(21/22) vtstat=1244/454ms tc=Y drp=0mm tcq=0
13:50:12.882 [ISOBUS] addr=0x81 claimed=Y load=18.4% msgs=17647 aiso=622(778476ms) xte=0.00m spd=0.00m/s q=0 ggaAge=94 vtgAge=778476 xteAge=778476 xteraw=80:51FFFFFFFFFFFFFF vt=Y(21/22) vtstat=1246/454ms tc=Y drp=0mm tcq=0
13:50:13.851 [ISOBUS] addr=0x81 claimed=Y load=18.4% msgs=17688 aiso=623(779476ms) xte=0.00m spd=0.00m/s q=0 ggaAge=94 vtgAge=779476 xteAge=779476 xteraw=80:51FFFFFFFFFFFFFF vt=Y(21/22) vtstat=1248/450ms tc=Y drp=0mm tcq=0
13:50:14.868 [ISOBUS] addr=0x81 claimed=Y load=18.4% msgs=17729 aiso=624(780476ms) xte=0.00m spd=0.00m/s q=0 ggaAge=94 vtgAge=780476 xteAge=780476 xteraw=80:51FFFFFFFFFFFFFF vt=Y(21/22) vtstat=1250/450ms tc=Y drp=0mm tcq=0
13:50:15.851 [ISOBUS] addr=0x81 claimed=Y load=18.0% msgs=17770 aiso=625(781476ms) xte=0.00m spd=0.00m/s q=0 ggaAge=94 vtgAge=781476 xteAge=781476 xteraw=80:51FFFFFFFFFFFFFF vt=Y(21/22) vtstat=1252/450ms tc=Y drp=0mm tcq=0
13:50:16.864 [ISOBUS] addr=0x81 claimed=Y load=18.8% msgs=17811 aiso=626(782476ms) xte=0.00m spd=0.00m/s q=0 ggaAge=94 vtgAge=782476 xteAge=782476 xteraw=80:51FFFFFFFFFFFFFF vt=Y(21/22) vtstat=1254/450ms tc=Y drp=0mm tcq=0
13:50:17.862 [ISOBUS] addr=0x81 claimed=Y load=18.4% msgs=17852 aiso=627(783476ms) xte=0.00m spd=0.00m/s q=0 ggaAge=94 vtgAge=783476 xteAge=783476 xteraw=80:51FFFFFFFFFFFFFF vt=Y(21/22) vtstat=1256/450ms tc=Y drp=0mm tcq=0
13:50:18.857 [ISOBUS] addr=0x81 claimed=Y load=18.4% msgs=17893 aiso=628(784476ms) xte=0.00m spd=0.00m/s q=0 ggaAge=94 vtgAge=784476 xteAge=784476 xteraw=80:51FFFFFFFFFFFFFF vt=Y(21/22) vtstat=1258/450ms tc=Y drp=0mm tcq=0
13:50:19.865 [ISOBUS] addr=0x81 claimed=Y load=18.0% msgs=17934 aiso=629(785476ms) xte=0.00m spd=0.00m/s q=0 ggaAge=94 vtgAge=785476 xteAge=785476 xteraw=80:51FFFFFFFFFFFFFF vt=Y(21/22) vtstat=1260/446ms tc=Y drp=0mm tcq=0
13:50:20.873 [ISOBUS] addr=0x81 claimed=Y load=18.0% msgs=17975 aiso=630(786476ms) xte=0.00m spd=0.00m/s q=0 ggaAge=94 vtgAge=786476 xteAge=786476 xteraw=80:51FFFFFFFFFFFFFF vt=Y(21/22) vtstat=1262/446ms tc=Y drp=0mm tcq=0
13:50:21.867 [ISOBUS] addr=0x81 claimed=Y load=18.5% msgs=18020 aiso=631(787476ms) xte=0.00m spd=0.00m/s q=0 ggaAge=94 vtgAge=787476 xteAge=787476 xteraw=80:51FFFFFFFFFFFFFF vt=Y(21/22) vtstat=1264/446ms tc=Y drp=0mm tcq=0
13:50:22.846 [ISOBUS] addr=0x81 claimed=Y load=17.8% msgs=18061 aiso=632(788476ms) xte=0.00m spd=0.00m/s q=0 ggaAge=94 vtgAge=788476 xteAge=788476 xteraw=80:51FFFFFFFFFFFFFF vt=Y(21/22) vtstat=1266/446ms tc=Y drp=0mm tcq=0
13:50:23.869 [ISOBUS] addr=0x81 claimed=Y load=18.1% msgs=18102 aiso=633(789476ms) xte=0.00m spd=0.00m/s q=0 ggaAge=94 vtgAge=789476 xteAge=789476 xteraw=80:51FFFFFFFFFFFFFF vt=Y(21/22) vtstat=1268/446ms tc=Y drp=0mm tcq=0
13:50:24.860 [ISOBUS] addr=0x81 claimed=Y load=17.8% msgs=18143 aiso=634(790476ms) xte=0.00m spd=0.00m/s q=0 ggaAge=94 vtgAge=790476 xteAge=790476 xteraw=80:51FFFFFFFFFFFFFF vt=Y(21/22) vtstat=1270/446ms tc=Y drp=0mm tcq=0
13:50:25.857 [ISOBUS] addr=0x81 claimed=Y load=18.1% msgs=18184 aiso=635(791476ms) xte=0.00m spd=0.00m/s q=0 ggaAge=94 vtgAge=791476 xteAge=791476 xteraw=80:51FFFFFFFFFFFFFF vt=Y(21/22) vtstat=1272/442ms tc=Y drp=0mm tcq=0
13:50:26.855 [ISOBUS] addr=0x81 claimed=Y load=17.9% msgs=18225 aiso=636(792476ms) xte=0.00m spd=0.00m/s q=0 ggaAge=94 vtgAge=792476 xteAge=792476 xteraw=80:51FFFFFFFFFFFFFF vt=Y(21/22) vtstat=1274/442ms tc=Y drp=0mm tcq=0
13:50:27.855 [ISOBUS] addr=0x81 claimed=Y load=18.0% msgs=18266 aiso=637(793476ms) xte=0.00m spd=0.00m/s q=0 ggaAge=94 vtgAge=793476 xteAge=793476 xteraw=80:51FFFFFFFFFFFFFF vt=Y(21/22) vtstat=1276/442ms tc=Y drp=0mm tcq=0
13:50:28.848 [ISOBUS] addr=0x81 claimed=Y load=17.9% msgs=18307 aiso=638(794476ms) xte=0.00m spd=0.00m/s q=0 ggaAge=94 vtgAge=794476 xteAge=794476 xteraw=80:51FFFFFFFFFFFFFF vt=Y(21/22) vtstat=1278/443ms tc=Y drp=0mm tcq=0
13:50:29.848 [ISOBUS] addr=0x81 claimed=Y load=18.1% msgs=18348 aiso=639(795476ms) xte=0.00m spd=0.00m/s q=0 ggaAge=95 vtgAge=795476 xteAge=795476 xteraw=80:51FFFFFFFFFFFFFF vt=Y(21/22) vtstat=1280/443ms tc=Y drp=0mm tcq=0
13:50:30.865 [ISOBUS] addr=0x81 claimed=Y load=17.9% msgs=18389 aiso=640(796476ms) xte=0.00m spd=0.00m/s q=0 ggaAge=95 vtgAge=796476 xteAge=796476 xteraw=80:51FFFFFFFFFFFFFF vt=Y(21/22) vtstat=1282/443ms tc=Y drp=0mm tcq=0
13:50:31.883 [ISOBUS] addr=0x81 claimed=Y load=18.6% msgs=18434 aiso=641(797476ms) xte=0.00m spd=0.00m/s q=0 ggaAge=95 vtgAge=797476 xteAge=797476 xteraw=80:51FFFFFFFFFFFFFF vt=Y(21/22) vtstat=1284/443ms tc=Y drp=0mm tcq=0
13:50:32.854 [ISOBUS] addr=0x81 claimed=Y load=17.9% msgs=18475 aiso=642(798476ms) xte=0.00m spd=0.00m/s q=0 ggaAge=95 vtgAge=798476 xteAge=798476 xteraw=80:51FFFFFFFFFFFFFF vt=Y(21/22) vtstat=1286/439ms tc=Y drp=0mm tcq=0
13:50:33.859 [ISOBUS] addr=0x81 claimed=Y load=18.1% msgs=18516 aiso=643(799476ms) xte=0.00m spd=0.00m/s q=0 ggaAge=95 vtgAge=799476 xteAge=799476 xteraw=80:51FFFFFFFFFFFFFF vt=Y(21/22) vtstat=1288/439ms tc=Y drp=0mm tcq=0
13:50:34.857 [ISOBUS] addr=0x81 claimed=Y load=17.8% msgs=18557 aiso=644(800476ms) xte=0.00m spd=0.00m/s q=0 ggaAge=95 vtgAge=800476 xteAge=800476 xteraw=80:51FFFFFFFFFFFFFF vt=Y(21/22) vtstat=1290/439ms tc=Y drp=0mm tcq=0
13:50:35.849 [ISOBUS] addr=0x81 claimed=Y load=18.1% msgs=18598 aiso=645(801476ms) xte=0.00m spd=0.00m/s q=0 ggaAge=95 vtgAge=801476 xteAge=801476 xteraw=80:51FFFFFFFFFFFFFF vt=Y(21/22) vtstat=1292/439ms tc=Y drp=0mm tcq=0
13:50:36.864 [ISOBUS] addr=0x81 claimed=Y load=17.8% msgs=18639 aiso=646(802476ms) xte=0.00m spd=0.00m/s q=0 ggaAge=95 vtgAge=802476 xteAge=802476 xteraw=80:51FFFFFFFFFFFFFF vt=Y(21/22) vtstat=1294/439ms tc=Y drp=0mm tcq=0
13:50:37.861 [ISOBUS] addr=0x81 claimed=Y load=18.1% msgs=18680 aiso=647(803476ms) xte=0.00m spd=0.00m/s q=0 ggaAge=95 vtgAge=803476 xteAge=803476 xteraw=80:51FFFFFFFFFFFFFF vt=Y(21/22) vtstat=1296/439ms tc=Y drp=0mm tcq=0
13:50:38.857 [ISOBUS] addr=0x81 claimed=Y load=17.9% msgs=18721 aiso=648(804476ms) xte=0.00m spd=0.00m/s q=0 ggaAge=95 vtgAge=804476 xteAge=804476 xteraw=80:51FFFFFFFFFFFFFF vt=Y(21/22) vtstat=1298/435ms tc=Y drp=0mm tcq=0
13:50:39.861 [ISOBUS] addr=0x81 claimed=Y load=18.1% msgs=18762 aiso=649(805476ms) xte=0.00m spd=0.00m/s q=0 ggaAge=95 vtgAge=805476 xteAge=805476 xteraw=80:51FFFFFFFFFFFFFF vt=Y(21/22) vtstat=1300/435ms tc=Y drp=0mm tcq=0
13:50:40.859 [ISOBUS] addr=0x81 claimed=Y load=17.9% msgs=18803 aiso=650(806476ms) xte=0.00m spd=0.00m/s q=0 ggaAge=95 vtgAge=806476 xteAge=806476 xteraw=80:51FFFFFFFFFFFFFF vt=Y(21/22) vtstat=1302/435ms tc=Y drp=0mm tcq=0
13:50:41.857 [ISOBUS] addr=0x81 claimed=Y load=18.6% msgs=18848 aiso=651(807476ms) xte=0.00m spd=0.00m/s q=0 ggaAge=95 vtgAge=807476 xteAge=807476 xteraw=80:51FFFFFFFFFFFFFF vt=Y(21/22) vtstat=1304/435ms tc=Y drp=0mm tcq=0
13:50:42.857 [ISOBUS] addr=0x81 claimed=Y load=17.9% msgs=18889 aiso=652(808476ms) xte=0.00m spd=0.00m/s q=0 ggaAge=95 vtgAge=808476 xteAge=808476 xteraw=80:51FFFFFFFFFFFFFF vt=Y(21/22) vtstat=1306/435ms tc=Y drp=0mm tcq=0
13:50:43.854 [ISOBUS] addr=0x81 claimed=Y load=18.1% msgs=18930 aiso=653(809476ms) xte=0.00m spd=0.00m/s q=0 ggaAge=95 vtgAge=809476 xteAge=809476 xteraw=80:51FFFFFFFFFFFFFF vt=Y(21/22) vtstat=1308/435ms tc=Y drp=0mm tcq=0
13:50:44.864 [ISOBUS] addr=0x81 claimed=Y load=17.9% msgs=18971 aiso=654(810476ms) xte=0.00m spd=0.00m/s q=0 ggaAge=95 vtgAge=810476 xteAge=810476 xteraw=80:51FFFFFFFFFFFFFF vt=Y(21/22) vtstat=1310/431ms tc=Y drp=0mm tcq=0
13:50:45.866 [ISOBUS] addr=0x81 claimed=Y load=18.1% msgs=19012 aiso=655(811476ms) xte=0.00m spd=0.00m/s q=0 ggaAge=95 vtgAge=811476 xteAge=811476 xteraw=80:51FFFFFFFFFFFFFF vt=Y(21/22) vtstat=1312/431ms tc=Y drp=0mm tcq=0
13:50:46.847 [ISOBUS] addr=0x81 claimed=Y load=17.9% msgs=19053 aiso=656(812476ms) xte=0.00m spd=0.00m/s q=0 ggaAge=95 vtgAge=812476 xteAge=812476 xteraw=80:51FFFFFFFFFFFFFF vt=Y(21/22) vtstat=1314/431ms tc=Y drp=0mm tcq=0
13:50:47.876 [ISOBUS] addr=0x81 claimed=Y load=18.1% msgs=19094 aiso=657(813476ms) xte=0.00m spd=0.00m/s q=0 ggaAge=95 vtgAge=813476 xteAge=813476 xteraw=80:51FFFFFFFFFFFFFF vt=Y(21/22) vtstat=1316/431ms tc=Y drp=0mm tcq=0
13:50:48.871 [ISOBUS] addr=0x81 claimed=Y load=17.9% msgs=19135 aiso=658(814476ms) xte=0.00m spd=0.00m/s q=0 ggaAge=95 vtgAge=814476 xteAge=814476 xteraw=80:51FFFFFFFFFFFFFF vt=Y(21/22) vtstat=1318/431ms tc=Y drp=0mm tcq=0
13:50:49.869 [ISOBUS] addr=0x81 claimed=Y load=18.0% msgs=19176 aiso=659(815476ms) xte=0.00m spd=0.00m/s q=0 ggaAge=95 vtgAge=815476 xteAge=815476 xteraw=80:51FFFFFFFFFFFFFF vt=Y(21/22) vtstat=1320/431ms tc=Y drp=0mm tcq=0
13:50:50.872 [ISOBUS] addr=0x81 claimed=Y load=17.9% msgs=19217 aiso=660(816476ms) xte=0.00m spd=0.00m/s q=0 ggaAge=95 vtgAge=816476 xteAge=816476 xteraw=80:51FFFFFFFFFFFFFF vt=Y(21/22) vtstat=1322/427ms tc=Y drp=0mm tcq=0
13:50:51.874 [ISOBUS] addr=0x81 claimed=Y load=18.6% msgs=19262 aiso=661(817476ms) xte=0.00m spd=0.00m/s q=0 ggaAge=95 vtgAge=817476 xteAge=817476 xteraw=80:51FFFFFFFFFFFFFF vt=Y(21/22) vtstat=1324/427ms tc=Y drp=0mm tcq=0
13:50:52.870 [ISOBUS] addr=0x81 claimed=Y load=17.8% msgs=19303 aiso=662(818476ms) xte=0.00m spd=0.00m/s q=0 ggaAge=95 vtgAge=818476 xteAge=818476 xteraw=80:51FFFFFFFFFFFFFF vt=Y(21/22) vtstat=1326/427ms tc=Y drp=0mm tcq=0
13:50:53.867 [ISOBUS] addr=0x81 claimed=Y load=18.1% msgs=19344 aiso=663(819476ms) xte=0.00m spd=0.00m/s q=0 ggaAge=95 vtgAge=819476 xteAge=819476 xteraw=80:51FFFFFFFFFFFFFF vt=Y(21/22) vtstat=1328/427ms tc=Y drp=0mm tcq=0
13:50:54.857 [ISOBUS] addr=0x81 claimed=Y load=17.8% msgs=19385 aiso=664(820476ms) xte=0.00m spd=0.00m/s q=0 ggaAge=95 vtgAge=820476 xteAge=820476 xteraw=80:51FFFFFFFFFFFFFF vt=Y(21/22) vtstat=1330/423ms tc=Y drp=0mm tcq=0
13:50:55.859 [ISOBUS] addr=0x81 claimed=Y load=18.1% msgs=19426 aiso=665(821476ms) xte=0.00m spd=0.00m/s q=0 ggaAge=95 vtgAge=821476 xteAge=821476 xteraw=80:51FFFFFFFFFFFFFF vt=Y(21/22) vtstat=1332/423ms tc=Y drp=0mm tcq=0
13:50:56.857 [ISOBUS] addr=0x81 claimed=Y load=17.9% msgs=19467 aiso=666(822476ms) xte=0.00m spd=0.00m/s q=0 ggaAge=95 vtgAge=822476 xteAge=822476 xteraw=80:51FFFFFFFFFFFFFF vt=Y(21/22) vtstat=1334/423ms tc=Y drp=0mm tcq=0
13:50:57.856 [ISOBUS] addr=0x81 claimed=Y load=18.0% msgs=19508 aiso=667(823476ms) xte=0.00m spd=0.00m/s q=0 ggaAge=95 vtgAge=823476 xteAge=823476 xteraw=80:51FFFFFFFFFFFFFF vt=Y(21/22) vtstat=1336/423ms tc=Y drp=0mm tcq=0
13:50:58.867 [ISOBUS] addr=0x81 claimed=Y load=17.9% msgs=19549 aiso=668(824476ms) xte=0.00m spd=0.00m/s q=0 ggaAge=95 vtgAge=824476 xteAge=824476 xteraw=80:51FFFFFFFFFFFFFF vt=Y(21/22) vtstat=1338/423ms tc=Y drp=0mm tcq=0
13:50:59.876 [ISOBUS] addr=0x81 claimed=Y load=18.1% msgs=19590 aiso=669(825476ms) xte=0.00m spd=0.00m/s q=0 ggaAge=95 vtgAge=825476 xteAge=825476 xteraw=80:51FFFFFFFFFFFFFF vt=Y(21/22) vtstat=1340/423ms tc=Y drp=0mm tcq=0
13:51:00.869 [ISOBUS] addr=0x81 claimed=Y load=17.9% msgs=19631 aiso=670(826476ms) xte=0.00m spd=0.00m/s q=0 ggaAge=95 vtgAge=826476 xteAge=826476 xteraw=80:51FFFFFFFFFFFFFF vt=Y(21/22) vtstat=1342/423ms tc=Y drp=0mm tcq=0
13:51:01.876 [ISOBUS] addr=0x81 claimed=Y load=18.6% msgs=19676 aiso=671(827476ms) xte=0.00m spd=0.00m/s q=0 ggaAge=95 vtgAge=827476 xteAge=827476 xteraw=80:51FFFFFFFFFFFFFF vt=Y(21/22) vtstat=1344/423ms tc=Y drp=0mm tcq=0
13:51:02.875 [ISOBUS] addr=0x81 claimed=Y load=17.9% msgs=19717 aiso=672(828476ms) xte=0.00m spd=0.00m/s q=0 ggaAge=95 vtgAge=828476 xteAge=828476 xteraw=80:51FFFFFFFFFFFFFF vt=Y(21/22) vtstat=1346/423ms tc=Y drp=0mm tcq=0
13:51:03.873 [ISOBUS] addr=0x81 claimed=Y load=18.1% msgs=19758 aiso=673(829476ms) xte=0.00m spd=0.00m/s q=0 ggaAge=95 vtgAge=829476 xteAge=829476 xteraw=80:51FFFFFFFFFFFFFF vt=Y(21/22) vtstat=1348/419ms tc=Y drp=0mm tcq=0
13:51:04.870 [ISOBUS] addr=0x81 claimed=Y load=18.4% msgs=19799 aiso=674(830476ms) xte=0.00m spd=0.00m/s q=0 ggaAge=95 vtgAge=830476 xteAge=830476 xteraw=80:51FFFFFFFFFFFFFF vt=Y(21/22) vtstat=1350/419ms tc=Y drp=0mm tcq=0
13:51:05.867 [ISOBUS] addr=0x81 claimed=Y load=18.4% msgs=19840 aiso=675(831476ms) xte=0.00m spd=0.00m/s q=0 ggaAge=95 vtgAge=831476 xteAge=831476 xteraw=80:51FFFFFFFFFFFFFF vt=Y(21/22) vtstat=1352/419ms tc=Y drp=0mm tcq=0
13:51:06.869 [ISOBUS] addr=0x81 claimed=Y load=18.4% msgs=19881 aiso=676(832476ms) xte=0.00m spd=0.00m/s q=0 ggaAge=95 vtgAge=832476 xteAge=832476 xteraw=80:51FFFFFFFFFFFFFF vt=Y(21/22) vtstat=1354/419ms tc=Y drp=0mm tcq=0
13:51:07.865 [ISOBUS] addr=0x81 claimed=Y load=18.4% msgs=19922 aiso=677(833476ms) xte=0.00m spd=0.00m/s q=0 ggaAge=95 vtgAge=833476 xteAge=833476 xteraw=80:51FFFFFFFFFFFFFF vt=Y(21/22) vtstat=1356/419ms tc=Y drp=0mm tcq=0
13:51:08.862 [ISOBUS] addr=0x81 claimed=Y load=18.4% msgs=19963 aiso=678(834476ms) xte=0.00m spd=0.00m/s q=0 ggaAge=95 vtgAge=834476 xteAge=834476 xteraw=80:51FFFFFFFFFFFFFF vt=Y(21/22) vtstat=1358/419ms tc=Y drp=0mm tcq=0
13:51:09.858 [ISOBUS] addr=0x81 claimed=Y load=18.4% msgs=20004 aiso=679(835476ms) xte=0.00m spd=0.00m/s q=0 ggaAge=95 vtgAge=835476 xteAge=835476 xteraw=80:51FFFFFFFFFFFFFF vt=Y(21/22) vtstat=1360/419ms tc=Y drp=0mm tcq=0
13:51:10.857 [ISOBUS] addr=0x81 claimed=Y load=18.4% msgs=20045 aiso=680(836476ms) xte=0.00m spd=0.00m/s q=0 ggaAge=95 vtgAge=836476 xteAge=836476 xteraw=80:51FFFFFFFFFFFFFF vt=Y(21/22) vtstat=1362/415ms tc=Y drp=0mm tcq=0
13:51:11.855 [ISOBUS] addr=0x81 claimed=Y load=18.9% msgs=20090 aiso=681(837476ms) xte=0.00m spd=0.00m/s q=0 ggaAge=95 vtgAge=837476 xteAge=837476 xteraw=80:51FFFFFFFFFFFFFF vt=Y(21/22) vtstat=1364/415ms tc=Y drp=0mm tcq=0
13:51:12.866 [ISOBUS] addr=0x81 claimed=Y load=18.4% msgs=20131 aiso=682(838476ms) xte=0.00m spd=0.00m/s q=0 ggaAge=95 vtgAge=838476 xteAge=838476 xteraw=80:51FFFFFFFFFFFFFF vt=Y(21/22) vtstat=1366/415ms tc=Y drp=0mm tcq=0
13:51:13.866 [ISOBUS] addr=0x81 claimed=Y load=18.4% msgs=20172 aiso=683(839476ms) xte=0.00m spd=0.00m/s q=0 ggaAge=95 vtgAge=839476 xteAge=839476 xteraw=80:51FFFFFFFFFFFFFF vt=Y(21/22) vtstat=1368/415ms tc=Y drp=0mm tcq=0
13:51:14.855 [ISOBUS] addr=0x81 claimed=Y load=18.4% msgs=20213 aiso=684(840476ms) xte=0.00m spd=0.00m/s q=0 ggaAge=95 vtgAge=840476 xteAge=840476 xteraw=80:51FFFFFFFFFFFFFF vt=Y(21/22) vtstat=1370/415ms tc=Y drp=0mm tcq=0
13:51:15.883 [ISOBUS] addr=0x81 claimed=Y load=18.4% msgs=20254 aiso=685(841476ms) xte=0.00m spd=0.00m/s q=0 ggaAge=95 vtgAge=841476 xteAge=841476 xteraw=80:51FFFFFFFFFFFFFF vt=Y(21/22) vtstat=1372/415ms tc=Y drp=0mm tcq=0
13:51:16.864 [ISOBUS] addr=0x81 claimed=Y load=18.4% msgs=20295 aiso=686(842476ms) xte=0.00m spd=0.00m/s q=0 ggaAge=96 vtgAge=842476 xteAge=842476 xteraw=80:51FFFFFFFFFFFFFF vt=Y(21/22) vtstat=1374/412ms tc=Y drp=0mm tcq=0
13:51:17.867 [ISOBUS] addr=0x81 claimed=Y load=18.4% msgs=20336 aiso=687(843476ms) xte=0.00m spd=0.00m/s q=0 ggaAge=92 vtgAge=843476 xteAge=843476 xteraw=80:51FFFFFFFFFFFFFF vt=Y(21/22) vtstat=1376/412ms tc=Y drp=0mm tcq=0
13:51:18.870 [ISOBUS] addr=0x81 claimed=Y load=18.4% msgs=20377 aiso=688(844476ms) xte=0.00m spd=0.00m/s q=0 ggaAge=96 vtgAge=844476 xteAge=844476 xteraw=80:51FFFFFFFFFFFFFF vt=Y(21/22) vtstat=1378/412ms tc=Y drp=0mm tcq=0
13:51:19.868 [ISOBUS] addr=0x81 claimed=Y load=18.4% msgs=20418 aiso=689(845476ms) xte=0.00m spd=0.00m/s q=0 ggaAge=96 vtgAge=845476 xteAge=845476 xteraw=80:51FFFFFFFFFFFFFF vt=Y(21/22) vtstat=1380/412ms tc=Y drp=0mm tcq=0
13:51:20.865 [ISOBUS] addr=0x81 claimed=Y load=18.4% msgs=20459 aiso=690(846476ms) xte=0.00m spd=0.00m/s q=0 ggaAge=92 vtgAge=846476 xteAge=846476 xteraw=80:51FFFFFFFFFFFFFF vt=Y(21/22) vtstat=1382/412ms tc=Y drp=0mm tcq=0
13:51:21.865 [ISOBUS] addr=0x81 claimed=Y load=18.9% msgs=20504 aiso=691(847476ms) xte=0.00m spd=0.00m/s q=0 ggaAge=96 vtgAge=847476 xteAge=847476 xteraw=80:51FFFFFFFFFFFFFF vt=Y(21/22) vtstat=1384/412ms tc=Y drp=0mm tcq=0
13:51:22.866 [ISOBUS] addr=0x81 claimed=Y load=18.4% msgs=20545 aiso=692(848476ms) xte=0.00m spd=0.00m/s q=0 ggaAge=96 vtgAge=848476 xteAge=848476 xteraw=80:51FFFFFFFFFFFFFF vt=Y(21/22) vtstat=1386/408ms tc=Y drp=0mm tcq=0
13:51:23.868 [ISOBUS] addr=0x81 claimed=Y load=18.4% msgs=20586 aiso=693(849476ms) xte=0.00m spd=0.00m/s q=0 ggaAge=92 vtgAge=849476 xteAge=849476 xteraw=80:51FFFFFFFFFFFFFF vt=Y(21/22) vtstat=1388/408ms tc=Y drp=0mm tcq=0
13:51:24.868 [ISOBUS] addr=0x81 claimed=Y load=18.4% msgs=20627 aiso=694(850476ms) xte=0.00m spd=0.00m/s q=0 ggaAge=96 vtgAge=850476 xteAge=850476 xteraw=80:51FFFFFFFFFFFFFF vt=Y(21/22) vtstat=1390/408ms tc=Y drp=0mm tcq=0
13:51:25.852 [ISOBUS] addr=0x81 claimed=Y load=18.4% msgs=20668 aiso=695(851476ms) xte=0.00m spd=0.00m/s q=0 ggaAge=92 vtgAge=851476 xteAge=851476 xteraw=80:51FFFFFFFFFFFFFF vt=Y(21/22) vtstat=1392/408ms tc=Y drp=0mm tcq=0
13:51:26.850 [ISOBUS] addr=0x81 claimed=Y load=18.4% msgs=20709 aiso=696(852476ms) xte=0.00m spd=0.00m/s q=0 ggaAge=92 vtgAge=852476 xteAge=852476 xteraw=80:51FFFFFFFFFFFFFF vt=Y(21/22) vtstat=1394/408ms tc=Y drp=0mm tcq=0
13:51:27.855 [ISOBUS] addr=0x81 claimed=Y load=18.4% msgs=20750 aiso=697(853476ms) xte=0.00m spd=0.00m/s q=0 ggaAge=92 vtgAge=853476 xteAge=853476 xteraw=80:51FFFFFFFFFFFFFF vt=Y(21/22) vtstat=1396/404ms tc=Y drp=0mm tcq=0
13:51:28.867 [ISOBUS] addr=0x81 claimed=Y load=18.4% msgs=20791 aiso=698(854476ms) xte=0.00m spd=0.00m/s q=0 ggaAge=92 vtgAge=854476 xteAge=854476 xteraw=80:51FFFFFFFFFFFFFF vt=Y(21/22) vtstat=1398/404ms tc=Y drp=0mm tcq=0
13:51:29.850 [ISOBUS] addr=0x81 claimed=Y load=18.4% msgs=20832 aiso=699(855476ms) xte=0.00m spd=0.00m/s q=0 ggaAge=92 vtgAge=855476 xteAge=855476 xteraw=80:51FFFFFFFFFFFFFF vt=Y(21/22) vtstat=1400/404ms tc=Y drp=0mm tcq=0
13:51:30.848 [ISOBUS] addr=0x81 claimed=Y load=18.4% msgs=20873 aiso=700(856476ms) xte=0.00m spd=0.00m/s q=0 ggaAge=92 vtgAge=856476 xteAge=856476 xteraw=80:51FFFFFFFFFFFFFF vt=Y(21/22) vtstat=1402/404ms tc=Y drp=0mm tcq=0
13:51:31.877 [ISOBUS] addr=0x81 claimed=Y load=18.9% msgs=20918 aiso=701(857476ms) xte=0.00m spd=0.00m/s q=0 ggaAge=92 vtgAge=857476 xteAge=857476 xteraw=80:51FFFFFFFFFFFFFF vt=Y(21/22) vtstat=1404/404ms tc=Y drp=0mm tcq=0
13:51:32.877 [ISOBUS] addr=0x81 claimed=Y load=18.4% msgs=20959 aiso=702(858476ms) xte=0.00m spd=0.00m/s q=0 ggaAge=92 vtgAge=858476 xteAge=858476 xteraw=80:51FFFFFFFFFFFFFF vt=Y(21/22) vtstat=1406/404ms tc=Y drp=0mm tcq=0
13:51:33.864 [ISOBUS] addr=0x81 claimed=Y load=18.4% msgs=21000 aiso=703(859476ms) xte=0.00m spd=0.00m/s q=0 ggaAge=92 vtgAge=859476 xteAge=859476 xteraw=80:51FFFFFFFFFFFFFF vt=Y(21/22) vtstat=1408/404ms tc=Y drp=0mm tcq=0
13:51:34.850 [ISOBUS] addr=0x81 claimed=Y load=18.4% msgs=21041 aiso=704(860476ms) xte=0.00m spd=0.00m/s q=0 ggaAge=92 vtgAge=860476 xteAge=860476 xteraw=80:51FFFFFFFFFFFFFF vt=Y(21/22) vtstat=1410/400ms tc=Y drp=0mm tcq=0
13:51:35.864 [ISOBUS] addr=0x81 claimed=Y load=18.4% msgs=21082 aiso=705(861476ms) xte=0.00m spd=0.00m/s q=0 ggaAge=92 vtgAge=861476 xteAge=861476 xteraw=80:51FFFFFFFFFFFFFF vt=Y(21/22) vtstat=1412/400ms tc=Y drp=0mm tcq=0
13:51:36.849 [ISOBUS] addr=0x81 claimed=Y load=18.4% msgs=21123 aiso=706(862476ms) xte=0.00m spd=0.00m/s q=0 ggaAge=92 vtgAge=862476 xteAge=862476 xteraw=80:51FFFFFFFFFFFFFF vt=Y(21/22) vtstat=1414/400ms tc=Y drp=0mm tcq=0
13:51:37.871 [ISOBUS] addr=0x81 claimed=Y load=18.4% msgs=21164 aiso=707(863476ms) xte=0.00m spd=0.00m/s q=0 ggaAge=92 vtgAge=863476 xteAge=863476 xteraw=80:51FFFFFFFFFFFFFF vt=Y(21/22) vtstat=1416/400ms tc=Y drp=0mm tcq=0
13:51:38.875 [ISOBUS] addr=0x81 claimed=Y load=17.9% msgs=21205 aiso=708(864476ms) xte=0.00m spd=0.00m/s q=0 ggaAge=92 vtgAge=864476 xteAge=864476 xteraw=80:51FFFFFFFFFFFFFF vt=Y(21/22) vtstat=1418/400ms tc=Y drp=0mm tcq=0
13:51:39.850 [ISOBUS] addr=0x81 claimed=Y load=18.1% msgs=21246 aiso=709(865476ms) xte=0.00m spd=0.00m/s q=0 ggaAge=92 vtgAge=865476 xteAge=865476 xteraw=80:51FFFFFFFFFFFFFF vt=Y(21/22) vtstat=1420/400ms tc=Y drp=0mm tcq=0
13:51:40.868 [ISOBUS] addr=0x81 claimed=Y load=17.9% msgs=21287 aiso=710(866476ms) xte=0.00m spd=0.00m/s q=0 ggaAge=92 vtgAge=866476 xteAge=866476 xteraw=80:51FFFFFFFFFFFFFF vt=Y(21/22) vtstat=1422/400ms tc=Y drp=0mm tcq=0
13:51:41.873 [ISOBUS] addr=0x81 claimed=Y load=18.6% msgs=21332 aiso=711(867476ms) xte=0.00m spd=0.00m/s q=0 ggaAge=92 vtgAge=867476 xteAge=867476 xteraw=80:51FFFFFFFFFFFFFF vt=Y(21/22) vtstat=1424/396ms tc=Y drp=0mm tcq=0
13:51:42.877 [ISOBUS] addr=0x81 claimed=Y load=17.9% msgs=21373 aiso=712(868476ms) xte=0.00m spd=0.00m/s q=0 ggaAge=92 vtgAge=868476 xteAge=868476 xteraw=80:51FFFFFFFFFFFFFF vt=Y(21/22) vtstat=1426/396ms tc=Y drp=0mm tcq=0
13:51:43.871 [ISOBUS] addr=0x81 claimed=Y load=18.1% msgs=21414 aiso=713(869476ms) xte=0.00m spd=0.00m/s q=0 ggaAge=92 vtgAge=869476 xteAge=869476 xteraw=80:51FFFFFFFFFFFFFF vt=Y(21/22) vtstat=1428/396ms tc=Y drp=0mm tcq=0
13:51:44.870 [ISOBUS] addr=0x81 claimed=Y load=17.9% msgs=21455 aiso=714(870476ms) xte=0.00m spd=0.00m/s q=0 ggaAge=92 vtgAge=870476 xteAge=870476 xteraw=80:51FFFFFFFFFFFFFF vt=Y(21/22) vtstat=1430/396ms tc=Y drp=0mm tcq=0
13:51:45.871 [ISOBUS] addr=0x81 claimed=Y load=18.1% msgs=21496 aiso=715(871476ms) xte=0.00m spd=0.00m/s q=0 ggaAge=92 vtgAge=871476 xteAge=871476 xteraw=80:51FFFFFFFFFFFFFF vt=Y(21/22) vtstat=1432/392ms tc=Y drp=0mm tcq=0
13:51:46.870 [ISOBUS] addr=0x81 claimed=Y load=17.9% msgs=21537 aiso=716(872476ms) xte=0.00m spd=0.00m/s q=0 ggaAge=92 vtgAge=872476 xteAge=872476 xteraw=80:51FFFFFFFFFFFFFF vt=Y(21/22) vtstat=1434/392ms tc=Y drp=0mm tcq=0
13:51:47.882 [ISOBUS] addr=0x81 claimed=Y load=18.1% msgs=21578 aiso=717(873476ms) xte=0.00m spd=0.00m/s q=0 ggaAge=96 vtgAge=873476 xteAge=873476 xteraw=80:51FFFFFFFFFFFFFF vt=Y(21/22) vtstat=1436/392ms tc=Y drp=0mm tcq=0
13:51:48.866 [ISOBUS] addr=0x81 claimed=Y load=17.9% msgs=21619 aiso=718(874476ms) xte=0.00m spd=0.00m/s q=0 ggaAge=92 vtgAge=874476 xteAge=874476 xteraw=80:51FFFFFFFFFFFFFF vt=Y(21/22) vtstat=1438/392ms tc=Y drp=0mm tcq=0
13:51:49.875 [ISOBUS] addr=0x81 claimed=Y load=18.1% msgs=21660 aiso=719(875476ms) xte=0.00m spd=0.00m/s q=0 ggaAge=92 vtgAge=875476 xteAge=875476 xteraw=80:51FFFFFFFFFFFFFF vt=Y(21/22) vtstat=1440/392ms tc=Y drp=0mm tcq=0
13:51:50.869 [ISOBUS] addr=0x81 claimed=Y load=17.9% msgs=21701 aiso=720(876476ms) xte=0.00m spd=0.00m/s q=0 ggaAge=92 vtgAge=876476 xteAge=876476 xteraw=80:51FFFFFFFFFFFFFF vt=Y(21/22) vtstat=1442/392ms tc=Y drp=0mm tcq=0
13:51:51.865 [ISOBUS] addr=0x81 claimed=Y load=18.6% msgs=21746 aiso=721(877476ms) xte=0.00m spd=0.00m/s q=0 ggaAge=92 vtgAge=877476 xteAge=877476 xteraw=80:51FFFFFFFFFFFFFF vt=Y(21/22) vtstat=1444/392ms tc=Y drp=0mm tcq=0
13:51:52.875 [ISOBUS] addr=0x81 claimed=Y load=17.9% msgs=21787 aiso=722(878476ms) xte=0.00m spd=0.00m/s q=0 ggaAge=92 vtgAge=878476 xteAge=878476 xteraw=80:51FFFFFFFFFFFFFF vt=Y(21/22) vtstat=1446/392ms tc=Y drp=0mm tcq=0
13:51:53.855 [ISOBUS] addr=0x81 claimed=Y load=18.1% msgs=21828 aiso=723(879476ms) xte=0.00m spd=0.00m/s q=0 ggaAge=92 vtgAge=879476 xteAge=879476 xteraw=80:51FFFFFFFFFFFFFF vt=Y(21/22) vtstat=1448/388ms tc=Y drp=0mm tcq=0
13:51:54.869 [ISOBUS] addr=0x81 claimed=Y load=17.9% msgs=21869 aiso=724(880476ms) xte=0.00m spd=0.00m/s q=0 ggaAge=92 vtgAge=880476 xteAge=880476 xteraw=80:51FFFFFFFFFFFFFF vt=Y(21/22) vtstat=1450/388ms tc=Y drp=0mm tcq=0
13:51:55.859 [ISOBUS] addr=0x81 claimed=Y load=18.1% msgs=21910 aiso=725(881476ms) xte=0.00m spd=0.00m/s q=0 ggaAge=92 vtgAge=881476 xteAge=881476 xteraw=80:51FFFFFFFFFFFFFF vt=Y(21/22) vtstat=1452/388ms tc=Y drp=0mm tcq=0
13:51:56.875 [ISOBUS] addr=0x81 claimed=Y load=17.9% msgs=21951 aiso=726(882476ms) xte=0.00m spd=0.00m/s q=0 ggaAge=92 vtgAge=882476 xteAge=882476 xteraw=80:51FFFFFFFFFFFFFF vt=Y(21/22) vtstat=1454/388ms tc=Y drp=0mm tcq=0
13:51:57.859 [ISOBUS] addr=0x81 claimed=Y load=18.1% msgs=21992 aiso=727(883476ms) xte=0.00m spd=0.00m/s q=0 ggaAge=92 vtgAge=883476 xteAge=883476 xteraw=80:51FFFFFFFFFFFFFF vt=Y(21/22) vtstat=1456/388ms tc=Y drp=0mm tcq=0
13:51:58.853 [ISOBUS] addr=0x81 claimed=Y load=17.9% msgs=22033 aiso=728(884476ms) xte=0.00m spd=0.00m/s q=0 ggaAge=92 vtgAge=884476 xteAge=884476 xteraw=80:51FFFFFFFFFFFFFF vt=Y(21/22) vtstat=1458/388ms tc=Y drp=0mm tcq=0
13:51:59.879 [ISOBUS] addr=0x81 claimed=Y load=18.1% msgs=22074 aiso=729(885476ms) xte=0.00m spd=0.00m/s q=0 ggaAge=92 vtgAge=885476 xteAge=885476 xteraw=80:51FFFFFFFFFFFFFF vt=Y(21/22) vtstat=1460/388ms tc=Y drp=0mm tcq=0
13:52:00.861 [ISOBUS] addr=0x81 claimed=Y load=17.9% msgs=22115 aiso=730(886476ms) xte=0.00m spd=0.00m/s q=0 ggaAge=96 vtgAge=886476 xteAge=886476 xteraw=80:51FFFFFFFFFFFFFF vt=Y(21/22) vtstat=1462/384ms tc=Y drp=0mm tcq=0
13:52:01.859 [ISOBUS] addr=0x81 claimed=Y load=18.6% msgs=22160 aiso=731(887476ms) xte=0.00m spd=0.00m/s q=0 ggaAge=92 vtgAge=887476 xteAge=887476 xteraw=80:51FFFFFFFFFFFFFF vt=Y(21/22) vtstat=1464/384ms tc=Y drp=0mm tcq=0
13:52:02.857 [ISOBUS] addr=0x81 claimed=Y load=3.0% msgs=22169 aiso=731(888476ms) xte=0.00m spd=0.00m/s q=0 ggaAge=792 vtgAge=888476 xteAge=888476 xteraw=80:51FFFFFFFFFFFFFF vt=Y(21/22) vtstat=1464/1384ms tc=Y drp=0mm tcq=0
13:52:03.699 W] [VT]: Server response to a command timed out
13:52:03.855 [ISOBUS] addr=0x81 claimed=Y load=0.2% msgs=22169 aiso=731(889476ms) xte=0.00m spd=0.00m/s q=0 ggaAge=1792 vtgAge=889476 xteAge=889476 xteraw=80:51FFFFFFFFFFFFFF vt=Y(21/22) vtstat=1464/2384ms tc=Y drp=0mm tcq=0
13:52:04.472 E] [VT]: Status Timeout
13:52:04.853 [ISOBUS] addr=0x81 claimed=Y load=0.2% msgs=22169 aiso=731(890476ms) xte=0.00m spd=0.00m/s q=0 ggaAge=2792 vtgAge=890476 xteAge=890476 xteraw=80:51FFFFFFFFFFFFFF vt=N(1/22) vtstat=1464/3384ms tc=Y drp=0mm tcq=0
13:52:05.853 [ISOBUS] addr=0x81 claimed=Y load=0.1% msgs=22169 aiso=731(891476ms) xte=0.00m spd=0.00m/s q=0 ggaAge=3792 vtgAge=891476 xteAge=891476 xteraw=80:51FFFFFFFFFFFFFF vt=N(1/22) vtstat=1464/4384ms tc=Y drp=0mm tcq=0
13:52:06.863 [ISOBUS] addr=0x81 claimed=Y load=0.1% msgs=22169 aiso=731(892476ms) xte=0.00m spd=0.00m/s q=0 ggaAge=4792 vtgAge=892476 xteAge=892476 xteraw=80:51FFFFFFFFFFFFFF vt=N(1/22) vtstat=1464/5384ms tc=Y drp=0mm tcq=0
13:52:07.379 E] [TC]: Server Status Message Timeout. The TC may be offline.
13:52:07.870 [ISOBUS] addr=0x81 claimed=Y load=0.1% msgs=22169 aiso=731(893476ms) xte=0.00m spd=0.00m/s q=0 ggaAge=5792 vtgAge=893476 xteAge=893476 xteraw=80:51FFFFFFFFFFFFFF vt=N(1/22) vtstat=1464/6384ms tc=N drp=0mm tcq=0
13:52:08.880 [ISOBUS] addr=0x81 claimed=Y load=0.1% msgs=22169 aiso=731(894476ms) xte=0.00m spd=0.00m/s q=0 ggaAge=6792 vtgAge=894476 xteAge=894476 xteraw=80:51FFFFFFFFFFFFFF vt=N(1/22) vtstat=1464/7384ms tc=N drp=0mm tcq=0
13:52:09.882 [ISOBUS] addr=0x81 claimed=Y load=0.1% msgs=22169 aiso=731(895476ms) xte=0.00m spd=0.00m/s q=0 ggaAge=7792 vtgAge=895476 xteAge=895476 xteraw=80:51FFFFFFFFFFFFFF vt=N(1/22) vtstat=1464/8384ms tc=N drp=0mm tcq=0
13:52:10.853 [ISOBUS] addr=0x81 claimed=Y load=0.1% msgs=22169 aiso=731(896476ms) xte=0.00m spd=0.00m/s q=0 ggaAge=8792 vtgAge=896476 xteAge=896476 xteraw=80:51FFFFFFFFFFFFFF vt=N(1/22) vtstat=1464/9384ms tc=N drp=0mm tcq=0
13:52:11.857 [ISOBUS] addr=0x81 claimed=Y load=0.3% msgs=22169 aiso=731(897476ms) xte=0.00m spd=0.00m/s q=0 ggaAge=9792 vtgAge=897476 xteAge=897476 xteraw=80:51FFFFFFFFFFFFFF vt=N(1/22) vtstat=1464/10384ms tc=N drp=0mm tcq=0
13:52:12.873 [ISOBUS] addr=0x81 claimed=Y load=0.1% msgs=22169 aiso=731(898476ms) xte=0.00m spd=0.00m/s q=0 ggaAge=10792 vtgAge=898476 xteAge=898476 xteraw=80:51FFFFFFFFFFFFFF vt=N(1/22) vtstat=1464/11384ms tc=N drp=0mm tcq=0
13:52:13.856 [ISOBUS] addr=0x81 claimed=Y load=0.1% msgs=22169 aiso=731(899476ms) xte=0.00m spd=0.00m/s q=0 ggaAge=11792 vtgAge=899476 xteAge=899476 xteraw=80:51FFFFFFFFFFFFFF vt=N(1/22) vtstat=1464/12384ms tc=N drp=0mm tcq=0
13:52:13.921 W] [HB]: Initial heartbeat sequence counter not received from control function at address 0xF0.
13:52:13.954 W] [PR]: NACK-ing PGN request for PGN 60928 because no callback could handle it.
13:52:13.973 W] [PR]: NACK-ing PGN request for PGN 60928 because no callback could handle it.
13:52:13.974 W] [PR]: NACK-ing PGN request for PGN 60928 because no callback could handle it.
13:52:13.977 W] [PR]: NACK-ing PGN request for PGN 60928 because no callback could handle it.
13:52:13.978 W] [PR]: NACK-ing PGN request for PGN 60928 because no callback could handle it.
13:52:13.980 W] [PR]: NACK-ing PGN request for PGN 60928 because no callback could handle it.
13:52:14.198 E] [HB]: Heartbeat from control function at address 0xF0 timed out.
13:52:14.506 VT: disconnected 10s after having been connected -- forcing reconnect attempt 1 (partner addr=0x80 valid=Y)
13:52:14.506 I] [VT]: VT Client connection has been terminated.
13:52:14.873 [ISOBUS] addr=0x81 claimed=Y load=7.5% msgs=22208 aiso=731(900476ms) xte=0.00m spd=0.00m/s q=0 ggaAge=93 vtgAge=900476 xteAge=900476 xteraw=80:51FFFFFFFFFFFFFF vt=N(1/22) vtstat=1467/493ms tc=N drp=0mm tcq=0
13:52:15.187 I] [NM]: Control function with address 38 and NAME 000000000000000lx is now offline on channel 197275905.
13:52:15.187 I] [NM]: Control function with address 172 and NAME 000000000000000lx is now offline on channel 197275905.
13:52:15.187 I] [NM]: Control function with address 205 and NAME 000000000000000lx is now offline on channel 198344577.
13:52:15.402 I] [VT]: VT Server has a matching label for MW08   . It will be loaded and upload will be skipped.
13:52:15.402 I] [VT]: Loaded object pool version from VT non-volatile memory with no errors.
13:52:15.406 W] [VT]: Server response to a command timed out
13:52:15.472 I] [TC]: DDOP Activated without error.
13:52:15.871 [ISOBUS] addr=0x81 claimed=Y load=19.4% msgs=22251 aiso=732(901476ms) xte=0.00m spd=0.00m/s q=0 ggaAge=93 vtgAge=901476 xteAge=901476 xteraw=80:51FFFFFFFFFFFFFF vt=Y(21/22) vtstat=1468/493ms tc=Y drp=0mm tcq=0
13:52:16.882 [ISOBUS] addr=0x81 claimed=Y load=15.2% msgs=22292 aiso=733(902476ms) xte=0.00m spd=0.00m/s q=0 ggaAge=93 vtgAge=902476 xteAge=902476 xteraw=80:51FFFFFFFFFFFFFF vt=Y(21/22) vtstat=1469/493ms tc=Y drp=0mm tcq=0
13:52:17.852 [ISOBUS] addr=0x81 claimed=Y load=15.5% msgs=22333 aiso=734(903476ms) xte=0.00m spd=0.00m/s q=0 ggaAge=93 vtgAge=903476 xteAge=903476 xteraw=80:51FFFFFFFFFFFFFF vt=Y(21/22) vtstat=1470/493ms tc=Y drp=0mm tcq=0
13:52:18.855 [ISOBUS] addr=0x81 claimed=Y load=14.4% msgs=22374 aiso=735(904476ms) xte=0.00m spd=0.00m/s q=0 ggaAge=93 vtgAge=904476 xteAge=904476 xteraw=80:51FFFFFFFFFFFFFF vt=Y(21/22) vtstat=1471/493ms tc=Y drp=0mm tcq=0
13:52:19.856 [ISOBUS] addr=0x81 claimed=Y load=14.5% msgs=22415 aiso=736(905476ms) xte=0.00m spd=0.00m/s q=0 ggaAge=93 vtgAge=905476 xteAge=905476 xteraw=80:51FFFFFFFFFFFFFF vt=Y(21/22) vtstat=1472/493ms tc=Y drp=0mm tcq=0
13:52:20.855 [ISOBUS] addr=0x81 claimed=Y load=14.4% msgs=22456 aiso=737(906476ms) xte=0.00m spd=0.00m/s q=0 ggaAge=93 vtgAge=906476 xteAge=906476 xteraw=80:51FFFFFFFFFFFFFF vt=Y(21/22) vtstat=1473/493ms tc=Y drp=0mm tcq=0
13:52:21.853 [ISOBUS] addr=0x81 claimed=Y load=14.8% msgs=22497 aiso=738(907476ms) xte=0.00m spd=0.00m/s q=0 ggaAge=93 vtgAge=907476 xteAge=907476 xteraw=80:51FFFFFFFFFFFFFF vt=Y(21/22) vtstat=1474/493ms tc=Y drp=0mm tcq=0
13:52:22.860 [ISOBUS] addr=0x81 claimed=Y load=14.4% msgs=22538 aiso=739(908476ms) xte=0.00m spd=0.00m/s q=0 ggaAge=93 vtgAge=908476 xteAge=908476 xteraw=80:51FFFFFFFFFFFFFF vt=Y(21/22) vtstat=1475/493ms tc=Y drp=0mm tcq=0
13:52:23.852 [ISOBUS] addr=0x81 claimed=Y load=14.6% msgs=22579 aiso=740(909476ms) xte=0.00m spd=0.00m/s q=0 ggaAge=93 vtgAge=909476 xteAge=909476 xteraw=80:51FFFFFFFFFFFFFF vt=Y(21/22) vtstat=1476/493ms tc=Y drp=0mm tcq=0
13:52:24.881 [ISOBUS] addr=0x81 claimed=Y load=14.4% msgs=22620 aiso=741(910476ms) xte=0.00m spd=0.00m/s q=0 ggaAge=93 vtgAge=910476 xteAge=910476 xteraw=80:51FFFFFFFFFFFFFF vt=Y(21/22) vtstat=1477/493ms tc=Y drp=0mm tcq=0
13:52:25.856 [ISOBUS] addr=0x81 claimed=Y load=14.7% msgs=22661 aiso=742(911476ms) xte=0.00m spd=0.00m/s q=0 ggaAge=93 vtgAge=911476 xteAge=911476 xteraw=80:51FFFFFFFFFFFFFF vt=Y(21/22) vtstat=1478/493ms tc=Y drp=0mm tcq=0
13:52:26.884 [ISOBUS] addr=0x81 claimed=Y load=14.6% msgs=22702 aiso=743(912476ms) xte=0.00m spd=0.00m/s q=0 ggaAge=93 vtgAge=912476 xteAge=912476 xteraw=80:51FFFFFFFFFFFFFF vt=Y(21/22) vtstat=1479/493ms tc=Y drp=0mm tcq=0
13:52:27.864 [ISOBUS] addr=0x81 claimed=Y load=15.1% msgs=22743 aiso=744(913476ms) xte=0.00m spd=0.00m/s q=0 ggaAge=93 vtgAge=913476 xteAge=913476 xteraw=80:51FFFFFFFFFFFFFF vt=Y(21/22) vtstat=1480/493ms tc=Y drp=0mm tcq=0
13:52:28.856 [ISOBUS] addr=0x81 claimed=Y load=14.6% msgs=22784 aiso=745(914476ms) xte=0.00m spd=0.00m/s q=0 ggaAge=93 vtgAge=914476 xteAge=914476 xteraw=80:51FFFFFFFFFFFFFF vt=Y(21/22) vtstat=1481/493ms tc=Y drp=0mm tcq=0
13:52:29.852 [ISOBUS] addr=0x81 claimed=Y load=14.9% msgs=22825 aiso=746(915476ms) xte=0.00m spd=0.00m/s q=0 ggaAge=93 vtgAge=915476 xteAge=915476 xteraw=80:51FFFFFFFFFFFFFF vt=Y(21/22) vtstat=1482/493ms tc=Y drp=0mm tcq=0
13:52:30.862 [ISOBUS] addr=0x81 claimed=Y load=14.9% msgs=22866 aiso=747(916476ms) xte=0.00m spd=0.00m/s q=0 ggaAge=93 vtgAge=916476 xteAge=916476 xteraw=80:51FFFFFFFFFFFFFF vt=Y(21/22) vtstat=1483/493ms tc=Y drp=0mm tcq=0
13:52:31.859 [ISOBUS] addr=0x81 claimed=Y load=14.9% msgs=22907 aiso=748(917476ms) xte=0.00m spd=0.00m/s q=0 ggaAge=93 vtgAge=917476 xteAge=917476 xteraw=80:51FFFFFFFFFFFFFF vt=Y(21/22) vtstat=1484/493ms tc=Y drp=0mm tcq=0
13:52:32.857 [ISOBUS] addr=0x81 claimed=Y load=14.5% msgs=22948 aiso=749(918476ms) xte=0.00m spd=0.00m/s q=0 ggaAge=93 vtgAge=918476 xteAge=918476 xteraw=80:51FFFFFFFFFFFFFF vt=Y(21/22) vtstat=1485/493ms tc=Y drp=0mm tcq=0
13:52:33.865 [ISOBUS] addr=0x81 claimed=Y load=15.0% msgs=22989 aiso=750(919476ms) xte=0.00m spd=0.00m/s q=0 ggaAge=93 vtgAge=919476 xteAge=919476 xteraw=80:51FFFFFFFFFFFFFF vt=Y(21/22) vtstat=1486/493ms tc=Y drp=0mm tcq=0
13:52:34.875 [ISOBUS] addr=0x81 claimed=Y load=14.5% msgs=23030 aiso=751(920476ms) xte=0.00m spd=0.00m/s q=0 ggaAge=93 vtgAge=920476 xteAge=920476 xteraw=80:51FFFFFFFFFFFFFF vt=Y(21/22) vtstat=1487/493ms tc=Y drp=0mm tcq=0
13:52:35.856 [ISOBUS] addr=0x81 claimed=Y load=14.6% msgs=23071 aiso=752(921476ms) xte=0.00m spd=0.00m/s q=0 ggaAge=93 vtgAge=921476 xteAge=921476 xteraw=80:51FFFFFFFFFFFFFF vt=Y(21/22) vtstat=1488/493ms tc=Y drp=0mm tcq=0
13:52:36.165 I] [NM]: External control function with name 000000000000000lx has claimed address 198344577 on channel 2684363008.
13:52:36.168 I] [NM]: External control function with name 000000000000000lx has claimed address 197275905 on channel 536876800.
13:52:36.874 [ISOBUS] addr=0x81 claimed=Y load=14.6% msgs=23112 aiso=753(922476ms) xte=0.00m spd=0.00m/s q=0 ggaAge=93 vtgAge=922476 xteAge=922476 xteraw=80:51FFFFFFFFFFFFFF vt=Y(21/22) vtstat=1489/493ms tc=Y drp=0mm tcq=0
13:52:37.862 [ISOBUS] addr=0x81 claimed=Y load=14.9% msgs=23153 aiso=754(923476ms) xte=0.00m spd=0.00m/s q=0 ggaAge=93 vtgAge=923476 xteAge=923476 xteraw=80:51FFFFFFFFFFFFFF vt=Y(21/22) vtstat=1490/493ms tc=Y drp=0mm tcq=0
13:52:38.850 [ISOBUS] addr=0x81 claimed=Y load=14.8% msgs=23194 aiso=755(924476ms) xte=0.00m spd=0.00m/s q=0 ggaAge=93 vtgAge=924476 xteAge=924476 xteraw=80:51FFFFFFFFFFFFFF vt=Y(21/22) vtstat=1491/493ms tc=Y drp=0mm tcq=0
13:52:39.464 I] [NM]: External control function with name 000000000000000lx has claimed address 197275905 on channel 2684361992.
13:52:39.853 [ISOBUS] addr=0x81 claimed=Y load=15.7% msgs=23235 aiso=756(925476ms) xte=0.00m spd=0.00m/s q=0 ggaAge=93 vtgAge=925476 xteAge=925476 xteraw=80:51FFFFFFFFFFFFFF vt=Y(21/22) vtstat=1492/489ms tc=Y drp=0mm tcq=0
13:52:40.862 [ISOBUS] addr=0x81 claimed=Y load=15.8% msgs=23276 aiso=757(926476ms) xte=0.00m spd=0.00m/s q=0 ggaAge=93 vtgAge=926476 xteAge=926476 xteraw=80:51FFFFFFFFFFFFFF vt=Y(21/22) vtstat=1494/445ms tc=Y drp=0mm tcq=0
13:52:40.983 W] [TP]: Received a Request to Send (RTS) message with a global destination, ignoring
13:52:41.865 [ISOBUS] addr=0x81 claimed=Y load=16.4% msgs=23321 aiso=758(927476ms) xte=0.00m spd=0.00m/s q=0 ggaAge=93 vtgAge=927476 xteAge=927476 xteraw=80:51FFFFFFFFFFFFFF vt=Y(21/22) vtstat=1496/441ms tc=Y drp=0mm tcq=0
13:52:42.256 W] [TP]: Received a Request to Send (RTS) message with a global destination, ignoring
13:52:42.861 [ISOBUS] addr=0x81 claimed=Y load=15.3% msgs=23362 aiso=759(928476ms) xte=0.00m spd=0.00m/s q=0 ggaAge=93 vtgAge=928476 xteAge=928476 xteraw=80:51FFFFFFFFFFFFFF vt=Y(21/22) vtstat=1498/441ms tc=Y drp=0mm tcq=0
13:52:43.522 W] [TP]: Received a Request to Send (RTS) message with a global destination, ignoring
13:52:43.869 [ISOBUS] addr=0x81 claimed=Y load=15.0% msgs=23403 aiso=760(929476ms) xte=0.00m spd=0.00m/s q=0 ggaAge=93 vtgAge=929476 xteAge=929476 xteraw=80:51FFFFFFFFFFFFFF vt=Y(21/22) vtstat=1500/429ms tc=Y drp=0mm tcq=0
13:52:44.783 W] [TP]: Received an Abort message with a global destination, ignoring
13:52:44.785 W] [TP]: Received a Request to Send (RTS) message with a global destination, ignoring
13:52:44.873 [ISOBUS] addr=0x81 claimed=Y load=14.9% msgs=23444 aiso=761(930476ms) xte=0.00m spd=0.00m/s q=0 ggaAge=93 vtgAge=930476 xteAge=930476 xteraw=80:51FFFFFFFFFFFFFF vt=Y(21/22) vtstat=1502/425ms tc=Y drp=0mm tcq=0
13:52:45.852 [ISOBUS] addr=0x81 claimed=Y load=14.9% msgs=23485 aiso=762(931476ms) xte=0.00m spd=0.00m/s q=0 ggaAge=93 vtgAge=931476 xteAge=931476 xteraw=80:51FFFFFFFFFFFFFF vt=Y(21/22) vtstat=1504/425ms tc=Y drp=0mm tcq=0
13:52:46.114 W] [TP]: Received a Request to Send (RTS) message with a global destination, ignoring
13:52:46.864 [ISOBUS] addr=0x81 claimed=Y load=14.8% msgs=23526 aiso=763(932476ms) xte=0.00m spd=0.00m/s q=0 ggaAge=93 vtgAge=932476 xteAge=932476 xteraw=80:51FFFFFFFFFFFFFF vt=Y(21/22) vtstat=1506/425ms tc=Y drp=0mm tcq=0
13:52:47.415 W] [TP]: Received a Request to Send (RTS) message with a global destination, ignoring
13:52:47.853 [ISOBUS] addr=0x81 claimed=Y load=15.0% msgs=23567 aiso=764(933476ms) xte=0.00m spd=0.00m/s q=0 ggaAge=93 vtgAge=933476 xteAge=933476 xteraw=80:51FFFFFFFFFFFFFF vt=Y(21/22) vtstat=1508/425ms tc=Y drp=0mm tcq=0
13:52:48.688 W] [TP]: Received an Abort message with a global destination, ignoring
13:52:48.689 W] [TP]: Received a Request to Send (RTS) message with a global destination, ignoring
13:52:48.875 [ISOBUS] addr=0x81 claimed=Y load=14.9% msgs=23608 aiso=765(934476ms) xte=0.00m spd=0.00m/s q=0 ggaAge=93 vtgAge=934476 xteAge=934476 xteraw=80:51FFFFFFFFFFFFFF vt=Y(21/22) vtstat=1510/425ms tc=Y drp=0mm tcq=0
13:52:49.854 [ISOBUS] addr=0x81 claimed=Y load=14.8% msgs=23649 aiso=766(935476ms) xte=0.00m spd=0.00m/s q=0 ggaAge=93 vtgAge=935476 xteAge=935476 xteraw=80:51FFFFFFFFFFFFFF vt=Y(21/22) vtstat=1512/421ms tc=Y drp=0mm tcq=0
13:52:49.950 W] [TP]: Received a Request to Send (RTS) message with a global destination, ignoring
13:52:50.865 [ISOBUS] addr=0x81 claimed=Y load=14.8% msgs=23690 aiso=767(936476ms) xte=0.00m spd=0.00m/s q=0 ggaAge=94 vtgAge=936476 xteAge=936476 xteraw=80:51FFFFFFFFFFFFFF vt=Y(21/22) vtstat=1514/421ms tc=Y drp=0mm tcq=0
13:52:51.229 W] [TP]: Received a Request to Send (RTS) message with a global destination, ignoring
13:52:51.872 [ISOBUS] addr=0x81 claimed=Y load=15.4% msgs=23735 aiso=768(937476ms) xte=0.00m spd=0.00m/s q=0 ggaAge=94 vtgAge=937476 xteAge=937476 xteraw=80:51FFFFFFFFFFFFFF vt=Y(21/22) vtstat=1516/422ms tc=Y drp=0mm tcq=0
13:52:52.489 W] [TP]: Received an Abort message with a global destination, ignoring
13:52:52.491 W] [TP]: Received a Request to Send (RTS) message with a global destination, ignoring
13:52:52.856 [ISOBUS] addr=0x81 claimed=Y load=14.8% msgs=23776 aiso=769(938476ms) xte=0.00m spd=0.00m/s q=0 ggaAge=94 vtgAge=938476 xteAge=938476 xteraw=80:51FFFFFFFFFFFFFF vt=Y(21/22) vtstat=1518/494ms tc=Y drp=0mm tcq=0
13:52:53.763 W] [TP]: Received a Request to Send (RTS) message with a global destination, ignoring
13:52:53.868 [ISOBUS] addr=0x81 claimed=Y load=15.1% msgs=23817 aiso=770(939476ms) xte=0.00m spd=0.00m/s q=0 ggaAge=94 vtgAge=939476 xteAge=939476 xteraw=80:51FFFFFFFFFFFFFF vt=Y(21/22) vtstat=1520/494ms tc=Y drp=0mm tcq=0
13:52:54.877 [ISOBUS] addr=0x81 claimed=Y load=14.6% msgs=23858 aiso=771(940476ms) xte=0.00m spd=0.00m/s q=0 ggaAge=94 vtgAge=940476 xteAge=940476 xteraw=80:51FFFFFFFFFFFFFF vt=Y(21/22) vtstat=1522/494ms tc=Y drp=0mm tcq=0
13:52:55.036 W] [TP]: Received a Request to Send (RTS) message with a global destination, ignoring
13:52:55.870 [ISOBUS] addr=0x81 claimed=Y load=15.0% msgs=23899 aiso=772(941476ms) xte=0.00m spd=0.00m/s q=0 ggaAge=94 vtgAge=941476 xteAge=941476 xteraw=80:51FFFFFFFFFFFFFF vt=Y(21/22) vtstat=1524/494ms tc=Y drp=0mm tcq=0
13:52:56.317 W] [TP]: Received an Abort message with a global destination, ignoring
13:52:56.319 W] [TP]: Received a Request to Send (RTS) message with a global destination, ignoring
13:52:56.871 [ISOBUS] addr=0x81 claimed=Y load=14.8% msgs=23940 aiso=773(942476ms) xte=0.00m spd=0.00m/s q=0 ggaAge=94 vtgAge=942476 xteAge=942476 xteraw=80:51FFFFFFFFFFFFFF vt=Y(21/22) vtstat=1526/494ms tc=Y drp=0mm tcq=0
13:52:57.608 W] [TP]: Received a Request to Send (RTS) message with a global destination, ignoring
13:52:57.852 [ISOBUS] addr=0x81 claimed=Y load=15.1% msgs=23981 aiso=774(943476ms) xte=0.00m spd=0.00m/s q=0 ggaAge=94 vtgAge=943476 xteAge=943476 xteraw=80:51FFFFFFFFFFFFFF vt=Y(21/22) vtstat=1528/494ms tc=Y drp=0mm tcq=0
13:52:58.868 [ISOBUS] addr=0x81 claimed=Y load=14.6% msgs=24022 aiso=775(944476ms) xte=0.00m spd=0.00m/s q=0 ggaAge=94 vtgAge=944476 xteAge=944476 xteraw=80:51FFFFFFFFFFFFFF vt=Y(21/22) vtstat=1530/494ms tc=Y drp=0mm tcq=0
13:52:58.868 W] [TP]: Received a Request to Send (RTS) message with a global destination, ignoring
13:52:59.868 [ISOBUS] addr=0x81 claimed=Y load=15.0% msgs=24063 aiso=776(945476ms) xte=0.00m spd=0.00m/s q=0 ggaAge=94 vtgAge=945476 xteAge=945476 xteraw=80:51FFFFFFFFFFFFFF vt=Y(21/22) vtstat=1532/490ms tc=Y drp=0mm tcq=0
13:53:00.159 W] [TP]: Received an Abort message with a global destination, ignoring
13:53:00.160 W] [TP]: Received a Request to Send (RTS) message with a global destination, ignoring
13:53:00.876 [ISOBUS] addr=0x81 claimed=Y load=14.8% msgs=24104 aiso=777(946476ms) xte=0.00m spd=0.00m/s q=0 ggaAge=94 vtgAge=946476 xteAge=946476 xteraw=80:51FFFFFFFFFFFFFF vt=Y(21/22) vtstat=1534/494ms tc=Y drp=0mm tcq=0
13:53:01.450 W] [TP]: Received a Request to Send (RTS) message with a global destination, ignoring
13:53:01.856 [ISOBUS] addr=0x81 claimed=Y load=15.5% msgs=24149 aiso=778(947476ms) xte=0.00m spd=0.00m/s q=0 ggaAge=94 vtgAge=947476 xteAge=947476 xteraw=80:51FFFFFFFFFFFFFF vt=Y(21/22) vtstat=1536/494ms tc=Y drp=0mm tcq=0
13:53:02.699 W] [TP]: Received a Request to Send (RTS) message with a global destination, ignoring
13:53:02.869 [ISOBUS] addr=0x81 claimed=Y load=14.8% msgs=24190 aiso=779(948476ms) xte=0.00m spd=0.00m/s q=0 ggaAge=94 vtgAge=948476 xteAge=948476 xteraw=80:51FFFFFFFFFFFFFF vt=Y(21/22) vtstat=1538/494ms tc=Y drp=0mm tcq=0
13:53:03.855 [ISOBUS] addr=0x81 claimed=Y load=14.8% msgs=24231 aiso=780(949476ms) xte=0.00m spd=0.00m/s q=0 ggaAge=94 vtgAge=949476 xteAge=949476 xteraw=80:51FFFFFFFFFFFFFF vt=Y(21/22) vtstat=1540/494ms tc=Y drp=0mm tcq=0
13:53:03.998 W] [TP]: Received an Abort message with a global destination, ignoring
13:53:04.000 W] [TP]: Received a Request to Send (RTS) message with a global destination, ignoring
13:53:04.856 [ISOBUS] addr=0x81 claimed=Y load=14.8% msgs=24272 aiso=781(950476ms) xte=0.00m spd=0.00m/s q=0 ggaAge=94 vtgAge=950476 xteAge=950476 xteraw=80:51FFFFFFFFFFFFFF vt=Y(21/22) vtstat=1542/494ms tc=Y drp=0mm tcq=0
13:53:05.268 W] [TP]: Received a Request to Send (RTS) message with a global destination, ignoring
13:53:05.881 [ISOBUS] addr=0x81 claimed=Y load=14.9% msgs=24313 aiso=782(951476ms) xte=0.00m spd=0.00m/s q=0 ggaAge=94 vtgAge=951476 xteAge=951476 xteraw=80:51FFFFFFFFFFFFFF vt=Y(21/22) vtstat=1544/494ms tc=Y drp=0mm tcq=0
13:53:06.545 W] [TP]: Received a Request to Send (RTS) message with a global destination, ignoring
13:53:06.862 [ISOBUS] addr=0x81 claimed=Y load=14.7% msgs=24354 aiso=783(952476ms) xte=0.00m spd=0.00m/s q=0 ggaAge=94 vtgAge=952476 xteAge=952476 xteraw=80:51FFFFFFFFFFFFFF vt=Y(21/22) vtstat=1546/494ms tc=Y drp=0mm tcq=0
13:53:07.846 W] [TP]: Received an Abort message with a global destination, ignoring
13:53:07.846 W] [TP]: Received a Request to Send (RTS) message with a global destination, ignoring
13:53:07.851 [ISOBUS] addr=0x81 claimed=Y load=14.9% msgs=24395 aiso=784(953476ms) xte=0.00m spd=0.00m/s q=0 ggaAge=94 vtgAge=953476 xteAge=953476 xteraw=80:51FFFFFFFFFFFFFF vt=Y(21/22) vtstat=1548/494ms tc=Y drp=0mm tcq=0
13:53:08.862 [ISOBUS] addr=0x81 claimed=Y load=14.7% msgs=24436 aiso=785(954476ms) xte=0.00m spd=0.00m/s q=0 ggaAge=94 vtgAge=954476 xteAge=954476 xteraw=80:51FFFFFFFFFFFFFF vt=Y(21/22) vtstat=1550/494ms tc=Y drp=0mm tcq=0
13:53:09.116 W] [TP]: Received a Request to Send (RTS) message with a global destination, ignoring
13:53:09.860 [ISOBUS] addr=0x81 claimed=Y load=14.9% msgs=24477 aiso=786(955476ms) xte=0.00m spd=0.00m/s q=0 ggaAge=94 vtgAge=955476 xteAge=955476 xteraw=80:51FFFFFFFFFFFFFF vt=Y(21/22) vtstat=1552/490ms tc=Y drp=0mm tcq=0
13:53:10.409 W] [TP]: Received a Request to Send (RTS) message with a global destination, ignoring
13:53:10.874 [ISOBUS] addr=0x81 claimed=Y load=14.7% msgs=24518 aiso=787(956476ms) xte=0.00m spd=0.00m/s q=0 ggaAge=94 vtgAge=956476 xteAge=956476 xteraw=80:51FFFFFFFFFFFFFF vt=Y(21/22) vtstat=1554/494ms tc=Y drp=0mm tcq=0
13:53:11.659 W] [TP]: Received an Abort message with a global destination, ignoring
13:53:11.866 [ISOBUS] addr=0x81 claimed=Y load=15.4% msgs=24563 aiso=788(957476ms) xte=0.00m spd=0.00m/s q=0 ggaAge=94 vtgAge=957476 xteAge=957476 xteraw=80:51FFFFFFFFFFFFFF vt=Y(21/22) vtstat=1556/494ms tc=Y drp=0mm tcq=0
13:53:12.859 [ISOBUS] addr=0x81 claimed=Y load=14.4% msgs=24604 aiso=789(958476ms) xte=0.00m spd=0.00m/s q=0 ggaAge=94 vtgAge=958476 xteAge=958476 xteraw=80:51FFFFFFFFFFFFFF vt=Y(21/22) vtstat=1558/490ms tc=Y drp=0mm tcq=0
13:53:13.860 [ISOBUS] addr=0x81 claimed=Y load=14.7% msgs=24645 aiso=790(959476ms) xte=0.00m spd=0.00m/s q=0 ggaAge=94 vtgAge=959476 xteAge=959476 xteraw=80:51FFFFFFFFFFFFFF vt=Y(21/22) vtstat=1560/494ms tc=Y drp=0mm tcq=0
13:53:14.855 [ISOBUS] addr=0x81 claimed=Y load=14.4% msgs=24686 aiso=791(960476ms) xte=0.00m spd=0.00m/s q=0 ggaAge=94 vtgAge=960476 xteAge=960476 xteraw=80:51FFFFFFFFFFFFFF vt=Y(21/22) vtstat=1562/490ms tc=Y drp=0mm tcq=0
13:53:15.872 [ISOBUS] addr=0x81 claimed=Y load=14.7% msgs=24727 aiso=792(961476ms) xte=0.00m spd=0.00m/s q=0 ggaAge=94 vtgAge=961476 xteAge=961476 xteraw=80:51FFFFFFFFFFFFFF vt=Y(21/22) vtstat=1564/490ms tc=Y drp=0mm tcq=0
13:53:16.852 [ISOBUS] addr=0x81 claimed=Y load=14.4% msgs=24768 aiso=793(962476ms) xte=0.00m spd=0.00m/s q=0 ggaAge=94 vtgAge=962476 xteAge=962476 xteraw=80:51FFFFFFFFFFFFFF vt=Y(21/22) vtstat=1566/490ms tc=Y drp=0mm tcq=0
13:53:17.875 [ISOBUS] addr=0x81 claimed=Y load=14.7% msgs=24809 aiso=794(963476ms) xte=0.00m spd=0.00m/s q=0 ggaAge=94 vtgAge=963476 xteAge=963476 xteraw=80:51FFFFFFFFFFFFFF vt=Y(21/22) vtstat=1568/494ms tc=Y drp=0mm tcq=0
13:53:18.867 [ISOBUS] addr=0x81 claimed=Y load=14.4% msgs=24850 aiso=795(964476ms) xte=0.00m spd=0.00m/s q=0 ggaAge=94 vtgAge=964476 xteAge=964476 xteraw=80:51FFFFFFFFFFFFFF vt=Y(21/22) vtstat=1570/490ms tc=Y drp=0mm tcq=0
13:53:19.859 [ISOBUS] addr=0x81 claimed=Y load=14.7% msgs=24891 aiso=796(965476ms) xte=0.00m spd=0.00m/s q=0 ggaAge=94 vtgAge=965476 xteAge=965476 xteraw=80:51FFFFFFFFFFFFFF vt=Y(21/22) vtstat=1572/490ms tc=Y drp=0mm tcq=0
13:53:20.863 [ISOBUS] addr=0x81 claimed=Y load=14.4% msgs=24932 aiso=797(966476ms) xte=0.00m spd=0.00m/s q=0 ggaAge=94 vtgAge=966476 xteAge=966476 xteraw=80:51FFFFFFFFFFFFFF vt=Y(21/22) vtstat=1574/494ms tc=Y drp=0mm tcq=0
13:53:21.880 [ISOBUS] addr=0x81 claimed=Y load=15.2% msgs=24977 aiso=798(967476ms) xte=0.00m spd=0.00m/s q=0 ggaAge=94 vtgAge=967476 xteAge=967476 xteraw=80:51FFFFFFFFFFFFFF vt=Y(21/22) vtstat=1576/490ms tc=Y drp=0mm tcq=0
13:53:22.855 [ISOBUS] addr=0x81 claimed=Y load=14.4% msgs=25018 aiso=799(968476ms) xte=0.00m spd=0.00m/s q=0 ggaAge=94 vtgAge=968476 xteAge=968476 xteraw=80:51FFFFFFFFFFFFFF vt=Y(21/22) vtstat=1578/490ms tc=Y drp=0mm tcq=0
13:53:23.866 [ISOBUS] addr=0x81 claimed=Y load=14.7% msgs=25059 aiso=800(969476ms) xte=0.00m spd=0.00m/s q=0 ggaAge=94 vtgAge=969476 xteAge=969476 xteraw=80:51FFFFFFFFFFFFFF vt=Y(21/22) vtstat=1580/490ms tc=Y drp=0mm tcq=0
13:53:24.880 [ISOBUS] addr=0x81 claimed=Y load=14.4% msgs=25100 aiso=801(970476ms) xte=0.00m spd=0.00m/s q=0 ggaAge=94 vtgAge=970476 xteAge=970476 xteraw=80:51FFFFFFFFFFFFFF vt=Y(21/22) vtstat=1582/490ms tc=Y drp=0mm tcq=0
13:53:25.857 [ISOBUS] addr=0x81 claimed=Y load=14.7% msgs=25141 aiso=802(971476ms) xte=0.00m spd=0.00m/s q=0 ggaAge=94 vtgAge=971476 xteAge=971476 xteraw=80:51FFFFFFFFFFFFFF vt=Y(21/22) vtstat=1584/494ms tc=Y drp=0mm tcq=0
13:53:26.879 [ISOBUS] addr=0x81 claimed=Y load=14.4% msgs=25182 aiso=803(972476ms) xte=0.00m spd=0.00m/s q=0 ggaAge=94 vtgAge=972476 xteAge=972476 xteraw=80:51FFFFFFFFFFFFFF vt=Y(21/22) vtstat=1586/490ms tc=Y drp=0mm tcq=0
13:53:27.870 [ISOBUS] addr=0x81 claimed=Y load=14.8% msgs=25223 aiso=804(973476ms) xte=0.00m spd=0.00m/s q=0 ggaAge=94 vtgAge=973476 xteAge=973476 xteraw=80:51FFFFFFFFFFFFFF vt=Y(21/22) vtstat=1589/90ms tc=Y drp=0mm tcq=0
13:53:28.865 [ISOBUS] addr=0x81 claimed=Y load=14.4% msgs=25264 aiso=805(974476ms) xte=0.00m spd=0.00m/s q=0 ggaAge=94 vtgAge=974476 xteAge=974476 xteraw=80:51FFFFFFFFFFFFFF vt=Y(21/22) vtstat=1591/490ms tc=Y drp=0mm tcq=0
13:53:29.872 [ISOBUS] addr=0x81 claimed=Y load=14.7% msgs=25305 aiso=806(975476ms) xte=0.00m spd=0.00m/s q=0 ggaAge=94 vtgAge=975476 xteAge=975476 xteraw=80:51FFFFFFFFFFFFFF vt=Y(21/22) vtstat=1593/494ms tc=Y drp=0mm tcq=0
13:53:30.881 [ISOBUS] addr=0x81 claimed=Y load=14.4% msgs=25346 aiso=807(976476ms) xte=0.00m spd=0.00m/s q=0 ggaAge=94 vtgAge=976476 xteAge=976476 xteraw=80:51FFFFFFFFFFFFFF vt=Y(21/22) vtstat=1595/494ms tc=Y drp=0mm tcq=0
13:53:31.854 [ISOBUS] addr=0x81 claimed=Y load=15.2% msgs=25391 aiso=808(977476ms) xte=0.00m spd=0.00m/s q=0 ggaAge=94 vtgAge=977476 xteAge=977476 xteraw=80:51FFFFFFFFFFFFFF vt=Y(21/22) vtstat=1597/494ms tc=Y drp=0mm tcq=0
13:53:32.866 [ISOBUS] addr=0x81 claimed=Y load=14.4% msgs=25432 aiso=809(978476ms) xte=0.00m spd=0.00m/s q=0 ggaAge=94 vtgAge=978476 xteAge=978476 xteraw=80:51FFFFFFFFFFFFFF vt=Y(21/22) vtstat=1599/490ms tc=Y drp=0mm tcq=0
13:53:33.879 [ISOBUS] addr=0x81 claimed=Y load=14.7% msgs=25473 aiso=810(979476ms) xte=0.00m spd=0.00m/s q=0 ggaAge=94 vtgAge=979476 xteAge=979476 xteraw=80:51FFFFFFFFFFFFFF vt=Y(21/22) vtstat=1601/490ms tc=Y drp=0mm tcq=0
13:53:34.863 [ISOBUS] addr=0x81 claimed=Y load=14.4% msgs=25514 aiso=811(980476ms) xte=0.00m spd=0.00m/s q=0 ggaAge=94 vtgAge=980476 xteAge=980476 xteraw=80:51FFFFFFFFFFFFFF vt=Y(21/22) vtstat=1603/490ms tc=Y drp=0mm tcq=0
13:53:35.881 [ISOBUS] addr=0x81 claimed=Y load=14.7% msgs=25555 aiso=812(981476ms) xte=0.00m spd=0.00m/s q=0 ggaAge=94 vtgAge=981476 xteAge=981476 xteraw=80:51FFFFFFFFFFFFFF vt=Y(21/22) vtstat=1605/490ms tc=Y drp=0mm tcq=0
13:53:36.858 [ISOBUS] addr=0x81 claimed=Y load=14.4% msgs=25596 aiso=813(982476ms) xte=0.00m spd=0.00m/s q=0 ggaAge=94 vtgAge=982476 xteAge=982476 xteraw=80:51FFFFFFFFFFFFFF vt=Y(21/22) vtstat=1607/490ms tc=Y drp=0mm tcq=0
13:53:37.873 [ISOBUS] addr=0x81 claimed=Y load=14.7% msgs=25637 aiso=814(983476ms) xte=0.00m spd=0.00m/s q=0 ggaAge=94 vtgAge=983476 xteAge=983476 xteraw=80:51FFFFFFFFFFFFFF vt=Y(21/22) vtstat=1609/494ms tc=Y drp=0mm tcq=0
13:53:38.861 [ISOBUS] addr=0x81 claimed=Y load=14.4% msgs=25678 aiso=815(984476ms) xte=0.00m spd=0.00m/s q=0 ggaAge=94 vtgAge=984476 xteAge=984476 xteraw=80:51FFFFFFFFFFFFFF vt=Y(21/22) vtstat=1611/495ms tc=Y drp=0mm tcq=0
13:53:39.859 [ISOBUS] addr=0x81 claimed=Y load=14.7% msgs=25719 aiso=816(985476ms) xte=0.00m spd=0.00m/s q=0 ggaAge=95 vtgAge=985476 xteAge=985476 xteraw=80:51FFFFFFFFFFFFFF vt=Y(21/22) vtstat=1613/491ms tc=Y drp=0mm tcq=0
13:53:40.873 [ISOBUS] addr=0x81 claimed=Y load=14.4% msgs=25760 aiso=817(986476ms) xte=0.00m spd=0.00m/s q=0 ggaAge=95 vtgAge=986476 xteAge=986476 xteraw=80:51FFFFFFFFFFFFFF vt=Y(21/22) vtstat=1615/495ms tc=Y drp=0mm tcq=0
13:53:41.884 [ISOBUS] addr=0x81 claimed=Y load=15.2% msgs=25805 aiso=818(987476ms) xte=0.00m spd=0.00m/s q=0 ggaAge=95 vtgAge=987476 xteAge=987476 xteraw=80:51FFFFFFFFFFFFFF vt=Y(21/22) vtstat=1617/491ms tc=Y drp=0mm tcq=0
13:53:42.882 [ISOBUS] addr=0x81 claimed=Y load=14.4% msgs=25846 aiso=819(988476ms) xte=0.00m spd=0.00m/s q=0 ggaAge=95 vtgAge=988476 xteAge=988476 xteraw=80:51FFFFFFFFFFFFFF vt=Y(21/22) vtstat=1619/491ms tc=Y drp=0mm tcq=0
13:53:43.858 [ISOBUS] addr=0x81 claimed=Y load=14.7% msgs=25887 aiso=820(989476ms) xte=0.00m spd=0.00m/s q=0 ggaAge=95 vtgAge=989476 xteAge=989476 xteraw=80:51FFFFFFFFFFFFFF vt=Y(21/22) vtstat=1621/491ms tc=Y drp=0mm tcq=0
13:53:44.875 [ISOBUS] addr=0x81 claimed=Y load=14.4% msgs=25928 aiso=821(990476ms) xte=0.00m spd=0.00m/s q=0 ggaAge=95 vtgAge=990476 xteAge=990476 xteraw=80:51FFFFFFFFFFFFFF vt=Y(21/22) vtstat=1623/491ms tc=Y drp=0mm tcq=0
13:53:45.836 ### sending keys: x1q
13:53:47.167 === ISOBUS DEBUG MENU ===
13:53:47.167 1. Full status dump
13:53:47.171 2. Periodic summary line (ON - press to toggle)
13:53:47.171 3. Reset message counters
13:53:47.171 4. Dump DDOP as hex (open in AgIsoDDOPGenerator)
13:53:47.171 5. Dump VT object pool as hex
13:53:47.171 q. Exit
13:53:47.171 === ISOBUS STATUS ===
13:53:47.171 Address claim: CLAIMED  address=0x81
13:53:47.179 CAN controller: error-active  TX err 0 (peak 144)  RX err 0 (peak 129)
13:53:47.179   error-passive entries: 2  bus-off entries: 0  longest episode: 149561 ms
13:53:47.181 Bus load (ch0): 14.7 %
13:53:47.183 --- Message counters ---
13:53:47.183   PGN 129025 Position NMEA2000: 0
13:53:47.183   PGN 129026 Speed NMEA2000:    0
13:53:47.183   PGN 129283 XTE NMEA2000:      95
13:53:47.187   PGN 65267  Position legacy:   5517
13:53:47.187   PGN 65256  Speed legacy:      5516   last SA=0x80 raw=0xFFFF
13:53:47.187   PGN 65535  all senders:       5516   last SA=0x80
13:53:47.187   PGN 65535  XTE carrier 0x2A:  0   (none decoded)
13:53:47.187              raw SA=0x80 word=0xFFFF byte1=0xFF payload 51FFFFFFFFFFFFFF  (38 ms ago)
13:53:47.187   PGN 60160  XTE Trimble legacy:285   last SA=0x26
13:53:47.187   PGN 64770  AISO stop:         822   last 991623 ms ago
13:53:47.196   TOTAL:                        25976
13:53:47.196 --- Guidance telemetry ---
13:53:47.198   XTE:          0.00 m
13:53:47.200   Speed:        0.00 m/s (0.00 kn)
13:53:47.200   Quality:      0   RTK quality=4  PGN 129029 GNSS position: (none received)
13:53:47.200   PGN 129027 position deltas: 0
13:53:47.200   Guidance machine info (PGN 44032): 8225 msgs, last 74 ms ago
13:53:47.200     lockout=YES/READY  steeringReady=n/a  remoteEngage=n/a  curvature=-2.00 1/km
13:53:47.206   IsRtkQuality=N
13:53:47.206   GGA fix age:  42 ms
13:53:47.208   VTG fix age:  991623 ms
13:53:47.208   XTE fix age:  991623 ms
13:53:47.208   Lat/Lon/Alt/Course: 0.000000 / 0.000000 / 0.0 m / 0.0 deg
13:53:47.208 --- Virtual Terminal ---
13:53:47.208   Connected:    Y
13:53:47.213   State:        21/22  Connected
13:53:47.215   VT version:  3
13:53:47.217   VT status msgs: 1625   last 638 ms ago
13:53:47.217   Partner: addr=0x80 valid=Y  reconnect attempts=1
13:53:47.217   VT failover: switches=0 claim requests=14
13:53:47.217 --- Task Controller ---
13:53:47.221   Connected:    Y
13:53:47.221   TC-GEO (with/without pos): Y/N
13:53:47.221   Task active:  Y
13:53:47.221   DRP deviation (DDI 513): 0 mm, last 991623 ms ago
13:53:47.221   GNSS quality (DDI 514):  0, last 991623 ms ago
13:53:47.221   [via stack] Value cmds to handler: 0  last DDI=(none)
13:53:47.221   [via stack] Value req callbacks:  0   (mostly AgIsoStack's own re-polling -- NOT bus traffic)
13:53:47.230   [on bus] Requests for our values: 0
13:53:47.230   [on bus] Set-value commands:      0
13:53:47.233   [on bus] Measurement commands:    0  (none)
13:53:47.233   [on bus] Other, addressed to us:  12
13:53:47.233   Partner: addr=0xF7 valid=Y  reconnect attempts=0
13:53:47.233   Tramline setpoint (DDI 506): (none yet -- no Tramline Control seen on this terminal)
13:53:47.233   Guidance track (DDI 507-511): (none yet)
13:53:47.238 === ISOBUS DEBUG MENU ===
13:53:47.238 1. Full status dump
13:53:47.240 2. Periodic summary line (ON - press to toggle)
13:53:47.240 3. Reset message counters
13:53:47.240 4. Dump DDOP as hex (open in AgIsoDDOPGenerator)
13:53:47.240 5. Dump VT object pool as hex
13:53:47.240 q. Exit
13:53:47.246 Exiting.
13:53:47.247 [ISOBUS] addr=0x81 claimed=Y load=14.7% msgs=25981 aiso=822(991774ms) xte=0.00m spd=0.00m/s q=0 ggaAge=93 vtgAge=991774 xteAge=991774 xteraw=80:51FFFFFFFFFFFFFF vt=Y(21/22) vtstat=1626/101ms tc=Y drp=0mm tcq=0
13:53:47.247 [ISOBUS] addr=0x81 claimed=Y load=14.4% msgs=26022 aiso=823(992774ms) xte=0.00m spd=0.00m/s q=0 ggaAge=93 vtgAge=992774 xteAge=992774 xteraw=80:51FFFFFFFFFFFFFF vt=Y(21/22) vtstat=1628/101ms tc=Y drp=0mm tcq=0
13:53:48.149 [ISOBUS] addr=0x81 claimed=Y load=14.7% msgs=26063 aiso=824(993774ms) xte=0.00m spd=0.00m/s q=0 ggaAge=93 vtgAge=993774 xteAge=993774 xteraw=80:51FFFFFFFFFFFFFF vt=Y(21/22) vtstat=1630/101ms tc=Y drp=0mm tcq=0
13:53:49.161 [ISOBUS] addr=0x81 claimed=Y load=14.4% msgs=26104 aiso=825(994774ms) xte=0.00m spd=0.00m/s q=0 ggaAge=93 vtgAge=994774 xteAge=994774 xteraw=80:51FFFFFFFFFFFFFF vt=Y(21/22) vtstat=1632/101ms tc=Y drp=0mm tcq=0
13:53:50.155 [ISOBUS] addr=0x81 claimed=Y load=14.7% msgs=26145 aiso=826(995774ms) xte=0.00m spd=0.00m/s q=0 ggaAge=93 vtgAge=995774 xteAge=995774 xteraw=80:51FFFFFFFFFFFFFF vt=Y(21/22) vtstat=1634/101ms tc=Y drp=0mm tcq=0
13:53:51.165 [ISOBUS] addr=0x81 claimed=Y load=14.4% msgs=26186 aiso=827(996774ms) xte=0.00m spd=0.00m/s q=0 ggaAge=89 vtgAge=996774 xteAge=996774 xteraw=80:51FFFFFFFFFFFFFF vt=Y(21/22) vtstat=1636/101ms tc=Y drp=0mm tcq=0
13:53:52.172 [ISOBUS] addr=0x81 claimed=Y load=15.2% msgs=26231 aiso=828(997774ms) xte=0.00m spd=0.00m/s q=0 ggaAge=93 vtgAge=997774 xteAge=997774 xteraw=80:51FFFFFFFFFFFFFF vt=Y(21/22) vtstat=1638/101ms tc=Y drp=0mm tcq=0
13:53:53.168 [ISOBUS] addr=0x81 claimed=Y load=14.4% msgs=26272 aiso=829(998774ms) xte=0.00m spd=0.00m/s q=0 ggaAge=93 vtgAge=998774 xteAge=998774 xteraw=80:51FFFFFFFFFFFFFF vt=Y(21/22) vtstat=1640/101ms tc=Y drp=0mm tcq=0
13:53:54.172 [ISOBUS] addr=0x81 claimed=Y load=14.7% msgs=26313 aiso=830(999774ms) xte=0.00m spd=0.00m/s q=0 ggaAge=93 vtgAge=999774 xteAge=999774 xteraw=80:51FFFFFFFFFFFFFF vt=Y(21/22) vtstat=1642/97ms tc=Y drp=0mm tcq=0
13:53:55.176 [ISOBUS] addr=0x81 claimed=Y load=14.4% msgs=26354 aiso=831(1000774ms) xte=0.00m spd=0.00m/s q=0 ggaAge=89 vtgAge=1000774 xteAge=1000774 xteraw=80:51FFFFFFFFFFFFFF vt=Y(21/22) vtstat=1644/97ms tc=Y drp=0mm tcq=0
13:53:56.178 [ISOBUS] addr=0x81 claimed=Y load=14.7% msgs=26395 aiso=832(1001774ms) xte=0.00m spd=0.00m/s q=0 ggaAge=93 vtgAge=1001774 xteAge=1001774 xteraw=80:51FFFFFFFFFFFFFF vt=Y(21/22) vtstat=1646/97ms tc=Y drp=0mm tcq=0
13:53:57.171 [ISOBUS] addr=0x81 claimed=Y load=14.4% msgs=26436 aiso=833(1002774ms) xte=0.00m spd=0.00m/s q=0 ggaAge=93 vtgAge=1002774 xteAge=1002774 xteraw=80:51FFFFFFFFFFFFFF vt=Y(21/22) vtstat=1648/97ms tc=Y drp=0mm tcq=0
13:53:58.155 [ISOBUS] addr=0x81 claimed=Y load=14.7% msgs=26477 aiso=834(1003774ms) xte=0.00m spd=0.00m/s q=0 ggaAge=89 vtgAge=1003774 xteAge=1003774 xteraw=80:51FFFFFFFFFFFFFF vt=Y(21/22) vtstat=1650/97ms tc=Y drp=0mm tcq=0
13:53:59.166 [ISOBUS] addr=0x81 claimed=Y load=14.4% msgs=26518 aiso=835(1004774ms) xte=0.00m spd=0.00m/s q=0 ggaAge=93 vtgAge=1004774 xteAge=1004774 xteraw=80:51FFFFFFFFFFFFFF vt=Y(21/22) vtstat=1652/97ms tc=Y drp=0mm tcq=0
13:54:00.169 [ISOBUS] addr=0x81 claimed=Y load=14.7% msgs=26559 aiso=836(1005774ms) xte=0.00m spd=0.00m/s q=0 ggaAge=93 vtgAge=1005774 xteAge=1005774 xteraw=80:51FFFFFFFFFFFFFF vt=Y(21/22) vtstat=1654/97ms tc=Y drp=0mm tcq=0
13:54:01.173 [ISOBUS] addr=0x81 claimed=Y load=14.4% msgs=26600 aiso=837(1006774ms) xte=0.00m spd=0.00m/s q=0 ggaAge=89 vtgAge=1006774 xteAge=1006774 xteraw=80:51FFFFFFFFFFFFFF vt=Y(21/22) vtstat=1656/97ms tc=Y drp=0mm tcq=0
13:54:02.158 [ISOBUS] addr=0x81 claimed=Y load=15.2% msgs=26645 aiso=838(1007774ms) xte=0.00m spd=0.00m/s q=0 ggaAge=89 vtgAge=1007774 xteAge=1007774 xteraw=80:51FFFFFFFFFFFFFF vt=Y(21/22) vtstat=1658/97ms tc=Y drp=0mm tcq=0
13:54:03.169 [ISOBUS] addr=0x81 claimed=Y load=14.4% msgs=26686 aiso=839(1008774ms) xte=0.00m spd=0.00m/s q=0 ggaAge=93 vtgAge=1008774 xteAge=1008774 xteraw=80:51FFFFFFFFFFFFFF vt=Y(21/22) vtstat=1660/97ms tc=Y drp=0mm tcq=0
13:54:04.175 [ISOBUS] addr=0x81 claimed=Y load=14.7% msgs=26727 aiso=840(1009774ms) xte=0.00m spd=0.00m/s q=0 ggaAge=93 vtgAge=1009774 xteAge=1009774 xteraw=80:51FFFFFFFFFFFFFF vt=Y(21/22) vtstat=1662/97ms tc=Y drp=0mm tcq=0
13:54:05.160 [ISOBUS] addr=0x81 claimed=Y load=14.4% msgs=26768 aiso=841(1010774ms) xte=0.00m spd=0.00m/s q=0 ggaAge=89 vtgAge=1010774 xteAge=1010774 xteraw=80:51FFFFFFFFFFFFFF vt=Y(21/22) vtstat=1664/93ms tc=Y drp=0mm tcq=0
13:54:06.171 [ISOBUS] addr=0x81 claimed=Y load=14.7% msgs=26809 aiso=842(1011774ms) xte=0.00m spd=0.00m/s q=0 ggaAge=93 vtgAge=1011774 xteAge=1011774 xteraw=80:51FFFFFFFFFFFFFF vt=Y(21/22) vtstat=1666/93ms tc=Y drp=0mm tcq=0
13:54:07.155 [ISOBUS] addr=0x81 claimed=Y load=14.4% msgs=26850 aiso=843(1012774ms) xte=0.00m spd=0.00m/s q=0 ggaAge=89 vtgAge=1012774 xteAge=1012774 xteraw=80:51FFFFFFFFFFFFFF vt=Y(21/22) vtstat=1668/93ms tc=Y drp=0mm tcq=0
13:54:08.152 [ISOBUS] addr=0x81 claimed=Y load=14.7% msgs=26891 aiso=844(1013774ms) xte=0.00m spd=0.00m/s q=0 ggaAge=89 vtgAge=1013774 xteAge=1013774 xteraw=80:51FFFFFFFFFFFFFF vt=Y(21/22) vtstat=1670/93ms tc=Y drp=0mm tcq=0
13:54:09.173 [ISOBUS] addr=0x81 claimed=Y load=14.4% msgs=26932 aiso=845(1014774ms) xte=0.00m spd=0.00m/s q=0 ggaAge=89 vtgAge=1014774 xteAge=1014774 xteraw=80:51FFFFFFFFFFFFFF vt=Y(21/22) vtstat=1672/93ms tc=Y drp=0mm tcq=0
13:54:10.173 [ISOBUS] addr=0x81 claimed=Y load=14.7% msgs=26973 aiso=846(1015774ms) xte=0.00m spd=0.00m/s q=0 ggaAge=89 vtgAge=1015774 xteAge=1015774 xteraw=80:51FFFFFFFFFFFFFF vt=Y(21/22) vtstat=1674/93ms tc=Y drp=0mm tcq=0
13:54:11.184 [ISOBUS] addr=0x81 claimed=Y load=14.4% msgs=27014 aiso=847(1016774ms) xte=0.00m spd=0.00m/s q=0 ggaAge=89 vtgAge=1016774 xteAge=1016774 xteraw=80:51FFFFFFFFFFFFFF vt=Y(21/22) vtstat=1676/93ms tc=Y drp=0mm tcq=0
13:54:12.170 [ISOBUS] addr=0x81 claimed=Y load=15.2% msgs=27059 aiso=848(1017774ms) xte=0.00m spd=0.00m/s q=0 ggaAge=89 vtgAge=1017774 xteAge=1017774 xteraw=80:51FFFFFFFFFFFFFF vt=Y(21/22) vtstat=1678/93ms tc=Y drp=0mm tcq=0
13:54:13.190 [ISOBUS] addr=0x81 claimed=Y load=14.4% msgs=27100 aiso=849(1018774ms) xte=0.00m spd=0.00m/s q=0 ggaAge=89 vtgAge=1018774 xteAge=1018774 xteraw=80:51FFFFFFFFFFFFFF vt=Y(21/22) vtstat=1680/93ms tc=Y drp=0mm tcq=0
13:54:14.174 [ISOBUS] addr=0x81 claimed=Y load=14.7% msgs=27141 aiso=850(1019774ms) xte=0.00m spd=0.00m/s q=0 ggaAge=89 vtgAge=1019774 xteAge=1019774 xteraw=80:51FFFFFFFFFFFFFF vt=Y(21/22) vtstat=1682/93ms tc=Y drp=0mm tcq=0
13:54:15.164 [ISOBUS] addr=0x81 claimed=Y load=14.4% msgs=27182 aiso=851(1020774ms) xte=0.00m spd=0.00m/s q=0 ggaAge=89 vtgAge=1020774 xteAge=1020774 xteraw=80:51FFFFFFFFFFFFFF vt=Y(21/22) vtstat=1684/93ms tc=Y drp=0mm tcq=0
13:54:16.167 [ISOBUS] addr=0x81 claimed=Y load=14.7% msgs=27223 aiso=852(1021774ms) xte=0.00m spd=0.00m/s q=0 ggaAge=89 vtgAge=1021774 xteAge=1021774 xteraw=80:51FFFFFFFFFFFFFF vt=Y(21/22) vtstat=1686/89ms tc=Y drp=0mm tcq=0
13:54:17.170 [ISOBUS] addr=0x81 claimed=Y load=14.4% msgs=27264 aiso=853(1022774ms) xte=0.00m spd=0.00m/s q=0 ggaAge=89 vtgAge=1022774 xteAge=1022774 xteraw=80:51FFFFFFFFFFFFFF vt=Y(21/22) vtstat=1688/89ms tc=Y drp=0mm tcq=0
13:54:18.157 [ISOBUS] addr=0x81 claimed=Y load=14.7% msgs=27305 aiso=854(1023774ms) xte=0.00m spd=0.00m/s q=0 ggaAge=89 vtgAge=1023774 xteAge=1023774 xteraw=80:51FFFFFFFFFFFFFF vt=Y(21/22) vtstat=1690/89ms tc=Y drp=0mm tcq=0
13:54:19.152 [ISOBUS] addr=0x81 claimed=Y load=14.4% msgs=27346 aiso=855(1024774ms) xte=0.00m spd=0.00m/s q=0 ggaAge=89 vtgAge=1024774 xteAge=1024774 xteraw=80:51FFFFFFFFFFFFFF vt=Y(21/22) vtstat=1692/89ms tc=Y drp=0mm tcq=0
13:54:20.186 [ISOBUS] addr=0x81 claimed=Y load=14.7% msgs=27387 aiso=856(1025774ms) xte=0.00m spd=0.00m/s q=0 ggaAge=89 vtgAge=1025774 xteAge=1025774 xteraw=80:51FFFFFFFFFFFFFF vt=Y(21/22) vtstat=1694/89ms tc=Y drp=0mm tcq=0
13:54:21.153 [ISOBUS] addr=0x81 claimed=Y load=14.4% msgs=27428 aiso=857(1026774ms) xte=0.00m spd=0.00m/s q=0 ggaAge=89 vtgAge=1026774 xteAge=1026774 xteraw=80:51FFFFFFFFFFFFFF vt=Y(21/22) vtstat=1696/89ms tc=Y drp=0mm tcq=0
13:54:22.175 [ISOBUS] addr=0x81 claimed=Y load=15.2% msgs=27473 aiso=858(1027774ms) xte=0.00m spd=0.00m/s q=0 ggaAge=89 vtgAge=1027774 xteAge=1027774 xteraw=80:51FFFFFFFFFFFFFF vt=Y(21/22) vtstat=1698/89ms tc=Y drp=0mm tcq=0
13:54:23.175 [ISOBUS] addr=0x81 claimed=Y load=14.4% msgs=27514 aiso=859(1028774ms) xte=0.00m spd=0.00m/s q=0 ggaAge=89 vtgAge=1028774 xteAge=1028774 xteraw=80:51FFFFFFFFFFFFFF vt=Y(21/22) vtstat=1700/89ms tc=Y drp=0mm tcq=0
13:54:24.162 [ISOBUS] addr=0x81 claimed=Y load=14.7% msgs=27555 aiso=860(1029774ms) xte=0.00m spd=0.00m/s q=0 ggaAge=89 vtgAge=1029774 xteAge=1029774 xteraw=80:51FFFFFFFFFFFFFF vt=Y(21/22) vtstat=1702/89ms tc=Y drp=0mm tcq=0
13:54:25.165 [ISOBUS] addr=0x81 claimed=Y load=14.4% msgs=27596 aiso=861(1030774ms) xte=0.00m spd=0.00m/s q=0 ggaAge=89 vtgAge=1030774 xteAge=1030774 xteraw=80:51FFFFFFFFFFFFFF vt=Y(21/22) vtstat=1704/89ms tc=Y drp=0mm tcq=0
13:54:26.169 [ISOBUS] addr=0x81 claimed=Y load=14.7% msgs=27637 aiso=862(1031774ms) xte=0.00m spd=0.00m/s q=0 ggaAge=89 vtgAge=1031774 xteAge=1031774 xteraw=80:51FFFFFFFFFFFFFF vt=Y(21/22) vtstat=1706/89ms tc=Y drp=0mm tcq=0
13:54:27.158 [ISOBUS] addr=0x81 claimed=Y load=14.4% msgs=27678 aiso=863(1032774ms) xte=0.00m spd=0.00m/s q=0 ggaAge=90 vtgAge=1032774 xteAge=1032774 xteraw=80:51FFFFFFFFFFFFFF vt=Y(21/22) vtstat=1708/86ms tc=Y drp=0mm tcq=0
13:54:28.161 [ISOBUS] addr=0x81 claimed=Y load=14.7% msgs=27719 aiso=864(1033774ms) xte=0.00m spd=0.00m/s q=0 ggaAge=90 vtgAge=1033774 xteAge=1033774 xteraw=80:51FFFFFFFFFFFFFF vt=Y(21/22) vtstat=1710/86ms tc=Y drp=0mm tcq=0
13:54:29.176 [ISOBUS] addr=0x81 claimed=Y load=14.4% msgs=27760 aiso=865(1034774ms) xte=0.00m spd=0.00m/s q=0 ggaAge=90 vtgAge=1034774 xteAge=1034774 xteraw=80:51FFFFFFFFFFFFFF vt=Y(21/22) vtstat=1712/86ms tc=Y drp=0mm tcq=0
13:54:30.166 [ISOBUS] addr=0x81 claimed=Y load=14.7% msgs=27801 aiso=866(1035774ms) xte=0.00m spd=0.00m/s q=0 ggaAge=90 vtgAge=1035774 xteAge=1035774 xteraw=80:51FFFFFFFFFFFFFF vt=Y(21/22) vtstat=1714/86ms tc=Y drp=0mm tcq=0
13:54:31.171 [ISOBUS] addr=0x81 claimed=Y load=14.5% msgs=27842 aiso=867(1036774ms) xte=0.00m spd=0.00m/s q=0 ggaAge=90 vtgAge=1036774 xteAge=1036774 xteraw=80:51FFFFFFFFFFFFFF vt=Y(21/22) vtstat=1716/86ms tc=Y drp=0mm tcq=0
13:54:32.157 [ISOBUS] addr=0x81 claimed=Y load=14.0% msgs=27872 aiso=868(1037774ms) xte=0.00m spd=0.00m/s q=0 ggaAge=590 vtgAge=1037774 xteAge=1037774 xteraw=80:51FFFFFFFFFFFFFF vt=Y(21/22) vtstat=1718/86ms tc=Y drp=0mm tcq=0
13:54:33.167 [ISOBUS] addr=0x81 claimed=Y load=11.2% msgs=27883 aiso=869(1038774ms) xte=0.00m spd=0.00m/s q=0 ggaAge=1590 vtgAge=1038774 xteAge=1038774 xteraw=80:51FFFFFFFFFFFFFF vt=Y(21/22) vtstat=1719/86ms tc=Y drp=0mm tcq=0
13:54:34.003 W] [VT]: Server response to a command timed out
13:54:34.181 [ISOBUS] addr=0x81 claimed=Y load=11.2% msgs=27894 aiso=870(1039774ms) xte=0.00m spd=0.00m/s q=0 ggaAge=2590 vtgAge=1039774 xteAge=1039774 xteraw=80:51FFFFFFFFFFFFFF vt=Y(21/22) vtstat=1720/86ms tc=Y drp=0mm tcq=0
13:54:35.187 [ISOBUS] addr=0x81 claimed=Y load=11.1% msgs=27905 aiso=871(1040774ms) xte=0.00m spd=0.00m/s q=0 ggaAge=3590 vtgAge=1040774 xteAge=1040774 xteraw=80:51FFFFFFFFFFFFFF vt=Y(21/22) vtstat=1721/86ms tc=Y drp=0mm tcq=0
13:54:35.514 W] [VT]: Server response to a command timed out
13:54:36.177 [ISOBUS] addr=0x81 claimed=Y load=11.2% msgs=27916 aiso=872(1041774ms) xte=0.00m spd=0.00m/s q=0 ggaAge=4590 vtgAge=1041774 xteAge=1041774 xteraw=80:51FFFFFFFFFFFFFF vt=Y(21/22) vtstat=1722/86ms tc=Y drp=0mm tcq=0
13:54:37.017 W] [VT]: Server response to a command timed out
13:54:37.077 E] [TC]: Server Status Message Timeout. The TC may be offline.
13:54:37.174 [ISOBUS] addr=0x81 claimed=Y load=11.1% msgs=27927 aiso=873(1042774ms) xte=0.00m spd=0.00m/s q=0 ggaAge=5590 vtgAge=1042774 xteAge=1042774 xteraw=80:51FFFFFFFFFFFFFF vt=Y(21/22) vtstat=1723/86ms tc=N drp=0mm tcq=0
13:54:38.157 [ISOBUS] addr=0x81 claimed=Y load=11.1% msgs=27938 aiso=874(1043774ms) xte=0.00m spd=0.00m/s q=0 ggaAge=6590 vtgAge=1043774 xteAge=1043774 xteraw=80:51FFFFFFFFFFFFFF vt=Y(21/22) vtstat=1724/82ms tc=N drp=0mm tcq=0
13:54:38.514 W] [VT]: Server response to a command timed out
13:54:39.185 [ISOBUS] addr=0x81 claimed=Y load=11.1% msgs=27949 aiso=875(1044774ms) xte=0.00m spd=0.00m/s q=0 ggaAge=7590 vtgAge=1044774 xteAge=1044774 xteraw=80:51FFFFFFFFFFFFFF vt=Y(21/22) vtstat=1725/82ms tc=N drp=0mm tcq=0
13:54:40.011 W] [VT]: Server response to a command timed out
13:54:40.171 [ISOBUS] addr=0x81 claimed=Y load=11.1% msgs=27960 aiso=876(1045774ms) xte=0.00m spd=0.00m/s q=0 ggaAge=8590 vtgAge=1045774 xteAge=1045774 xteraw=80:51FFFFFFFFFFFFFF vt=Y(21/22) vtstat=1726/82ms tc=N drp=0mm tcq=0
13:54:41.197 [ISOBUS] addr=0x81 claimed=Y load=11.1% msgs=27971 aiso=877(1046774ms) xte=0.00m spd=0.00m/s q=0 ggaAge=9590 vtgAge=1046774 xteAge=1046774 xteraw=80:51FFFFFFFFFFFFFF vt=Y(21/22) vtstat=1727/82ms tc=N drp=0mm tcq=0
13:54:41.509 W] [VT]: Server response to a command timed out
13:54:42.159 [ISOBUS] addr=0x81 claimed=Y load=11.5% msgs=27986 aiso=878(1047774ms) xte=0.00m spd=0.00m/s q=0 ggaAge=10590 vtgAge=1047774 xteAge=1047774 xteraw=80:51FFFFFFFFFFFFFF vt=Y(21/22) vtstat=1728/82ms tc=N drp=0mm tcq=0
13:54:43.011 W] [VT]: Server response to a command timed out
13:54:43.165 [ISOBUS] addr=0x81 claimed=Y load=11.1% msgs=27997 aiso=879(1048774ms) xte=0.00m spd=0.00m/s q=0 ggaAge=11590 vtgAge=1048774 xteAge=1048774 xteraw=80:51FFFFFFFFFFFFFF vt=Y(21/22) vtstat=1729/82ms tc=N drp=0mm tcq=0
13:54:44.153 [ISOBUS] addr=0x81 claimed=Y load=11.1% msgs=28008 aiso=880(1049774ms) xte=0.00m spd=0.00m/s q=0 ggaAge=12590 vtgAge=1049774 xteAge=1049774 xteraw=80:51FFFFFFFFFFFFFF vt=Y(21/22) vtstat=1730/82ms tc=N drp=0mm tcq=0
13:54:44.524 W] [VT]: Server response to a command timed out
13:54:45.160 [ISOBUS] addr=0x81 claimed=Y load=11.1% msgs=28019 aiso=881(1050774ms) xte=0.00m spd=0.00m/s q=0 ggaAge=13590 vtgAge=1050774 xteAge=1050774 xteraw=80:51FFFFFFFFFFFFFF vt=Y(21/22) vtstat=1731/82ms tc=N drp=0mm tcq=0
13:54:45.999 W] [VT]: Server response to a command timed out
13:54:46.169 [ISOBUS] addr=0x81 claimed=Y load=11.1% msgs=28030 aiso=882(1051774ms) xte=0.00m spd=0.00m/s q=0 ggaAge=14590 vtgAge=1051774 xteAge=1051774 xteraw=80:51FFFFFFFFFFFFFF vt=Y(21/22) vtstat=1732/82ms tc=N drp=0mm tcq=0
13:54:47.154 [ISOBUS] addr=0x81 claimed=Y load=11.1% msgs=28041 aiso=883(1052774ms) xte=0.00m spd=0.00m/s q=0 ggaAge=15590 vtgAge=1052774 xteAge=1052774 xteraw=80:51FFFFFFFFFFFFFF vt=Y(21/22) vtstat=1733/82ms tc=N drp=0mm tcq=0
13:54:47.502 W] [VT]: Server response to a command timed out
13:54:48.177 [ISOBUS] addr=0x81 claimed=Y load=11.1% msgs=28052 aiso=884(1053774ms) xte=0.00m spd=0.00m/s q=0 ggaAge=16590 vtgAge=1053774 xteAge=1053774 xteraw=80:51FFFFFFFFFFFFFF vt=Y(21/22) vtstat=1734/78ms tc=N drp=0mm tcq=0
13:54:49.023 W] [VT]: Server response to a command timed out
13:54:49.183 [ISOBUS] addr=0x81 claimed=Y load=11.1% msgs=28063 aiso=885(1054774ms) xte=0.00m spd=0.00m/s q=0 ggaAge=17590 vtgAge=1054774 xteAge=1054774 xteraw=80:51FFFFFFFFFFFFFF vt=Y(21/22) vtstat=1735/78ms tc=N drp=0mm tcq=0
13:54:50.158 [ISOBUS] addr=0x81 claimed=Y load=11.1% msgs=28074 aiso=886(1055774ms) xte=0.00m spd=0.00m/s q=0 ggaAge=18590 vtgAge=1055774 xteAge=1055774 xteraw=80:51FFFFFFFFFFFFFF vt=Y(21/22) vtstat=1736/78ms tc=N drp=0mm tcq=0
13:54:50.524 W] [VT]: Server response to a command timed out
13:54:51.169 [ISOBUS] addr=0x81 claimed=Y load=11.2% msgs=28085 aiso=887(1056774ms) xte=0.00m spd=0.00m/s q=0 ggaAge=19590 vtgAge=1056774 xteAge=1056774 xteraw=80:51FFFFFFFFFFFFFF vt=Y(21/22) vtstat=1737/78ms tc=N drp=0mm tcq=0
13:54:52.003 W] [VT]: Server response to a command timed out
13:54:52.096 TC: disconnected 15s after having been connected -- forcing restart 1 (partner addr=0xF7 valid=Y)
13:54:52.152 [ISOBUS] addr=0x81 claimed=Y load=11.6% msgs=28100 aiso=888(1057774ms) xte=0.00m spd=0.00m/s q=0 ggaAge=20590 vtgAge=1057774 xteAge=1057774 xteraw=80:51FFFFFFFFFFFFFF vt=Y(21/22) vtstat=1738/78ms tc=N drp=0mm tcq=0
13:54:53.168 [ISOBUS] addr=0x81 claimed=Y load=11.1% msgs=28111 aiso=889(1058774ms) xte=0.00m spd=0.00m/s q=0 ggaAge=21590 vtgAge=1058774 xteAge=1058774 xteraw=80:51FFFFFFFFFFFFFF vt=Y(21/22) vtstat=1739/78ms tc=N drp=0mm tcq=0
13:54:53.500 W] [VT]: Server response to a command timed out
13:54:54.165 [ISOBUS] addr=0x81 claimed=Y load=11.1% msgs=28122 aiso=890(1059774ms) xte=0.00m spd=0.00m/s q=0 ggaAge=22590 vtgAge=1059774 xteAge=1059774 xteraw=80:51FFFFFFFFFFFFFF vt=Y(21/22) vtstat=1740/78ms tc=N drp=0mm tcq=0
13:54:55.035 W] [VT]: Server response to a command timed out
13:54:55.160 [ISOBUS] addr=0x81 claimed=Y load=11.2% msgs=28133 aiso=891(1060774ms) xte=0.00m spd=0.00m/s q=0 ggaAge=23590 vtgAge=1060774 xteAge=1060774 xteraw=80:51FFFFFFFFFFFFFF vt=Y(21/22) vtstat=1741/78ms tc=N drp=0mm tcq=0
13:54:56.169 [ISOBUS] addr=0x81 claimed=Y load=11.1% msgs=28144 aiso=892(1061774ms) xte=0.00m spd=0.00m/s q=0 ggaAge=24590 vtgAge=1061774 xteAge=1061774 xteraw=80:51FFFFFFFFFFFFFF vt=Y(21/22) vtstat=1742/78ms tc=N drp=0mm tcq=0
13:54:56.511 W] [VT]: Server response to a command timed out
13:54:57.186 [ISOBUS] addr=0x81 claimed=Y load=11.1% msgs=28155 aiso=893(1062774ms) xte=0.00m spd=0.00m/s q=0 ggaAge=25590 vtgAge=1062774 xteAge=1062774 xteraw=80:51FFFFFFFFFFFFFF vt=Y(21/22) vtstat=1743/78ms tc=N drp=0mm tcq=0
13:54:58.010 W] [VT]: Server response to a command timed out
13:54:58.158 [ISOBUS] addr=0x81 claimed=Y load=11.1% msgs=28166 aiso=894(1063774ms) xte=0.00m spd=0.00m/s q=0 ggaAge=26590 vtgAge=1063774 xteAge=1063774 xteraw=80:51FFFFFFFFFFFFFF vt=Y(21/22) vtstat=1744/78ms tc=N drp=0mm tcq=0
13:54:59.168 [ISOBUS] addr=0x81 claimed=Y load=11.1% msgs=28177 aiso=895(1064774ms) xte=0.00m spd=0.00m/s q=0 ggaAge=27590 vtgAge=1064774 xteAge=1064774 xteraw=80:51FFFFFFFFFFFFFF vt=Y(21/22) vtstat=1745/74ms tc=N drp=0mm tcq=0
13:54:59.512 W] [VT]: Server response to a command timed out
13:55:00.189 [ISOBUS] addr=0x81 claimed=Y load=11.1% msgs=28188 aiso=896(1065774ms) xte=0.00m spd=0.00m/s q=0 ggaAge=28590 vtgAge=1065774 xteAge=1065774 xteraw=80:51FFFFFFFFFFFFFF vt=Y(21/22) vtstat=1746/74ms tc=N drp=0mm tcq=0
13:55:01.029 W] [VT]: Server response to a command timed out
13:55:01.163 [ISOBUS] addr=0x81 claimed=Y load=11.1% msgs=28199 aiso=897(1066774ms) xte=0.00m spd=0.00m/s q=0 ggaAge=29590 vtgAge=1066774 xteAge=1066774 xteraw=80:51FFFFFFFFFFFFFF vt=Y(21/22) vtstat=1747/74ms tc=N drp=0mm tcq=0
13:55:02.170 [ISOBUS] addr=0x81 claimed=Y load=11.6% msgs=28214 aiso=898(1067774ms) xte=0.00m spd=0.00m/s q=0 ggaAge=30590 vtgAge=1067774 xteAge=1067774 xteraw=80:51FFFFFFFFFFFFFF vt=Y(21/22) vtstat=1748/74ms tc=N drp=0mm tcq=0
13:55:02.514 W] [VT]: Server response to a command timed out
13:55:03.153 [ISOBUS] addr=0x81 claimed=Y load=11.1% msgs=28225 aiso=899(1068774ms) xte=0.00m spd=0.00m/s q=0 ggaAge=31590 vtgAge=1068774 xteAge=1068774 xteraw=80:51FFFFFFFFFFFFFF vt=Y(21/22) vtstat=1749/74ms tc=N drp=0mm tcq=0
13:55:03.997 W] [VT]: Server response to a command timed out
13:55:04.173 [ISOBUS] addr=0x81 claimed=Y load=11.1% msgs=28236 aiso=900(1069774ms) xte=0.00m spd=0.00m/s q=0 ggaAge=32590 vtgAge=1069774 xteAge=1069774 xteraw=80:51FFFFFFFFFFFFFF vt=Y(21/22) vtstat=1750/74ms tc=N drp=0mm tcq=0
13:55:05.164 [ISOBUS] addr=0x81 claimed=Y load=11.0% msgs=28247 aiso=901(1070774ms) xte=0.00m spd=0.00m/s q=0 ggaAge=33590 vtgAge=1070774 xteAge=1070774 xteraw=80:51FFFFFFFFFFFFFF vt=Y(21/22) vtstat=1751/74ms tc=N drp=0mm tcq=0
13:55:05.516 W] [VT]: Server response to a command timed out
13:55:06.162 [ISOBUS] addr=0x81 claimed=Y load=11.2% msgs=28258 aiso=902(1071774ms) xte=0.00m spd=0.00m/s q=0 ggaAge=34590 vtgAge=1071774 xteAge=1071774 xteraw=80:51FFFFFFFFFFFFFF vt=Y(21/22) vtstat=1752/74ms tc=N drp=0mm tcq=0
13:55:07.011 W] [VT]: Server response to a command timed out
13:55:07.085 TC: disconnected 30s after having been connected -- forcing restart 2 (partner addr=0xF7 valid=Y)
13:55:07.151 [ISOBUS] addr=0x81 claimed=Y load=11.1% msgs=28269 aiso=903(1072774ms) xte=0.00m spd=0.00m/s q=0 ggaAge=35590 vtgAge=1072774 xteAge=1072774 xteraw=80:51FFFFFFFFFFFFFF vt=Y(21/22) vtstat=1753/74ms tc=N drp=0mm tcq=0
13:55:08.157 [ISOBUS] addr=0x81 claimed=Y load=11.1% msgs=28280 aiso=904(1073774ms) xte=0.00m spd=0.00m/s q=0 ggaAge=36590 vtgAge=1073774 xteAge=1073774 xteraw=80:51FFFFFFFFFFFFFF vt=Y(21/22) vtstat=1754/74ms tc=N drp=0mm tcq=0
13:55:08.496 W] [VT]: Server response to a command timed out
13:55:09.176 [ISOBUS] addr=0x81 claimed=Y load=11.1% msgs=28291 aiso=905(1074774ms) xte=0.00m spd=0.00m/s q=0 ggaAge=37590 vtgAge=1074774 xteAge=1074774 xteraw=80:51FFFFFFFFFFFFFF vt=Y(21/22) vtstat=1755/70ms tc=N drp=0mm tcq=0
13:55:10.015 W] [VT]: Server response to a command timed out
13:55:10.165 [ISOBUS] addr=0x81 claimed=Y load=11.1% msgs=28302 aiso=906(1075774ms) xte=0.00m spd=0.00m/s q=0 ggaAge=38590 vtgAge=1075774 xteAge=1075774 xteraw=80:51FFFFFFFFFFFFFF vt=Y(21/22) vtstat=1756/70ms tc=N drp=0mm tcq=0
13:55:11.177 [ISOBUS] addr=0x81 claimed=Y load=11.0% msgs=28313 aiso=907(1076774ms) xte=0.00m spd=0.00m/s q=0 ggaAge=39590 vtgAge=1076774 xteAge=1076774 xteraw=80:51FFFFFFFFFFFFFF vt=Y(21/22) vtstat=1757/70ms tc=N drp=0mm tcq=0
13:55:11.523 W] [VT]: Server response to a command timed out
13:55:12.154 [ISOBUS] addr=0x81 claimed=Y load=11.6% msgs=28328 aiso=908(1077774ms) xte=0.00m spd=0.00m/s q=0 ggaAge=40590 vtgAge=1077774 xteAge=1077774 xteraw=80:51FFFFFFFFFFFFFF vt=Y(21/22) vtstat=1758/70ms tc=N drp=0mm tcq=0
13:55:12.998 W] [VT]: Server response to a command timed out
13:55:13.175 [ISOBUS] addr=0x81 claimed=Y load=11.1% msgs=28339 aiso=909(1078774ms) xte=0.00m spd=0.00m/s q=0 ggaAge=41590 vtgAge=1078774 xteAge=1078774 xteraw=80:51FFFFFFFFFFFFFF vt=Y(21/22) vtstat=1759/71ms tc=N drp=0mm tcq=0
13:55:14.187 [ISOBUS] addr=0x81 claimed=Y load=11.1% msgs=28350 aiso=910(1079774ms) xte=0.00m spd=0.00m/s q=0 ggaAge=42590 vtgAge=1079774 xteAge=1079774 xteraw=80:51FFFFFFFFFFFFFF vt=Y(21/22) vtstat=1760/870ms tc=N drp=0mm tcq=0
13:55:14.499 W] [VT]: Server response to a command timed out
13:55:15.161 [ISOBUS] addr=0x81 claimed=Y load=11.1% msgs=28361 aiso=911(1080774ms) xte=0.00m spd=0.00m/s q=0 ggaAge=43590 vtgAge=1080774 xteAge=1080774 xteraw=80:51FFFFFFFFFFFFFF vt=Y(21/22) vtstat=1761/870ms tc=N drp=0mm tcq=0
13:55:16.008 W] [VT]: Server response to a command timed out
13:55:16.176 [ISOBUS] addr=0x81 claimed=Y load=11.1% msgs=28372 aiso=912(1081774ms) xte=0.00m spd=0.00m/s q=0 ggaAge=44590 vtgAge=1081774 xteAge=1081774 xteraw=80:51FFFFFFFFFFFFFF vt=Y(21/22) vtstat=1762/871ms tc=N drp=0mm tcq=0
13:55:17.168 [ISOBUS] addr=0x81 claimed=Y load=11.1% msgs=28383 aiso=913(1082774ms) xte=0.00m spd=0.00m/s q=0 ggaAge=45590 vtgAge=1082774 xteAge=1082774 xteraw=80:51FFFFFFFFFFFFFF vt=Y(21/22) vtstat=1763/871ms tc=N drp=0mm tcq=0
13:55:17.516 W] [VT]: Server response to a command timed out
13:55:18.164 [ISOBUS] addr=0x81 claimed=Y load=11.1% msgs=28394 aiso=914(1083774ms) xte=0.00m spd=0.00m/s q=0 ggaAge=46590 vtgAge=1083774 xteAge=1083774 xteraw=80:51FFFFFFFFFFFFFF vt=Y(21/22) vtstat=1764/871ms tc=N drp=0mm tcq=0
13:55:19.022 W] [VT]: Server response to a command timed out
13:55:19.192 [ISOBUS] addr=0x81 claimed=Y load=11.1% msgs=28405 aiso=915(1084774ms) xte=0.00m spd=0.00m/s q=0 ggaAge=47590 vtgAge=1084774 xteAge=1084774 xteraw=80:51FFFFFFFFFFFFFF vt=Y(21/22) vtstat=1765/871ms tc=N drp=0mm tcq=0
13:55:20.157 [ISOBUS] addr=0x81 claimed=Y load=11.1% msgs=28416 aiso=916(1085774ms) xte=0.00m spd=0.00m/s q=0 ggaAge=48590 vtgAge=1085774 xteAge=1085774 xteraw=80:51FFFFFFFFFFFFFF vt=Y(21/22) vtstat=1766/871ms tc=N drp=0mm tcq=0
13:55:20.522 W] [VT]: Server response to a command timed out
13:55:21.177 [ISOBUS] addr=0x81 claimed=Y load=11.1% msgs=28427 aiso=917(1086774ms) xte=0.00m spd=0.00m/s q=0 ggaAge=49590 vtgAge=1086774 xteAge=1086774 xteraw=80:51FFFFFFFFFFFFFF vt=Y(21/22) vtstat=1767/867ms tc=N drp=0mm tcq=0
13:55:21.999 W] [VT]: Server response to a command timed out
13:55:22.095 TC: disconnected 45s after having been connected -- forcing restart 3 (partner addr=0xF7 valid=Y)
13:55:22.187 [ISOBUS] addr=0x81 claimed=Y load=11.6% msgs=28442 aiso=918(1087774ms) xte=0.00m spd=0.00m/s q=0 ggaAge=50590 vtgAge=1087774 xteAge=1087774 xteraw=80:51FFFFFFFFFFFFFF vt=Y(21/22) vtstat=1768/867ms tc=N drp=0mm tcq=0
13:55:23.187 [ISOBUS] addr=0x81 claimed=Y load=11.0% msgs=28453 aiso=919(1088774ms) xte=0.00m spd=0.00m/s q=0 ggaAge=51590 vtgAge=1088774 xteAge=1088774 xteraw=80:51FFFFFFFFFFFFFF vt=Y(21/22) vtstat=1769/867ms tc=N drp=0mm tcq=0
13:55:23.535 W] [VT]: Server response to a command timed out
13:55:24.164 [ISOBUS] addr=0x81 claimed=Y load=11.1% msgs=28464 aiso=920(1089774ms) xte=0.00m spd=0.00m/s q=0 ggaAge=52590 vtgAge=1089774 xteAge=1089774 xteraw=80:51FFFFFFFFFFFFFF vt=Y(21/22) vtstat=1770/867ms tc=N drp=0mm tcq=0
13:55:24.996 W] [VT]: Server response to a command timed out
13:55:25.159 [ISOBUS] addr=0x81 claimed=Y load=11.1% msgs=28475 aiso=921(1090774ms) xte=0.00m spd=0.00m/s q=0 ggaAge=53590 vtgAge=1090774 xteAge=1090774 xteraw=80:51FFFFFFFFFFFFFF vt=Y(21/22) vtstat=1771/867ms tc=N drp=0mm tcq=0
13:55:26.174 [ISOBUS] addr=0x81 claimed=Y load=11.1% msgs=28486 aiso=922(1091774ms) xte=0.00m spd=0.00m/s q=0 ggaAge=54590 vtgAge=1091774 xteAge=1091774 xteraw=80:51FFFFFFFFFFFFFF vt=Y(21/22) vtstat=1772/867ms tc=N drp=0mm tcq=0
13:55:26.530 W] [VT]: Server response to a command timed out
13:55:27.169 [ISOBUS] addr=0x81 claimed=Y load=11.1% msgs=28497 aiso=923(1092774ms) xte=0.00m spd=0.00m/s q=0 ggaAge=55590 vtgAge=1092774 xteAge=1092774 xteraw=80:51FFFFFFFFFFFFFF vt=Y(21/22) vtstat=1773/867ms tc=N drp=0mm tcq=0
13:55:27.999 W] [VT]: Server response to a command timed out
13:55:28.164 [ISOBUS] addr=0x81 claimed=Y load=11.1% msgs=28508 aiso=924(1093774ms) xte=0.00m spd=0.00m/s q=0 ggaAge=56590 vtgAge=1093774 xteAge=1093774 xteraw=80:51FFFFFFFFFFFFFF vt=Y(21/22) vtstat=1774/867ms tc=N drp=0mm tcq=0
13:55:29.157 [ISOBUS] addr=0x81 claimed=Y load=11.1% msgs=28519 aiso=925(1094774ms) xte=0.00m spd=0.00m/s q=0 ggaAge=57590 vtgAge=1094774 xteAge=1094774 xteraw=80:51FFFFFFFFFFFFFF vt=Y(21/22) vtstat=1775/867ms tc=N drp=0mm tcq=0
13:55:29.533 W] [VT]: Server response to a command timed out
13:55:30.176 [ISOBUS] addr=0x81 claimed=Y load=11.1% msgs=28530 aiso=926(1095774ms) xte=0.00m spd=0.00m/s q=0 ggaAge=58590 vtgAge=1095774 xteAge=1095774 xteraw=80:51FFFFFFFFFFFFFF vt=Y(21/22) vtstat=1776/867ms tc=N drp=0mm tcq=0
13:55:31.021 W] [VT]: Server response to a command timed out
13:55:31.157 [ISOBUS] addr=0x81 claimed=Y load=11.1% msgs=28541 aiso=927(1096774ms) xte=0.00m spd=0.00m/s q=0 ggaAge=59590 vtgAge=1096774 xteAge=1096774 xteraw=80:51FFFFFFFFFFFFFF vt=Y(21/22) vtstat=1777/867ms tc=N drp=0mm tcq=0
13:55:32.155 [ISOBUS] addr=0x81 claimed=Y load=11.5% msgs=28556 aiso=928(1097774ms) xte=0.00m spd=0.00m/s q=0 ggaAge=60590 vtgAge=1097774 xteAge=1097774 xteraw=80:51FFFFFFFFFFFFFF vt=Y(21/22) vtstat=1778/863ms tc=N drp=0mm tcq=0
13:55:32.536 W] [VT]: Server response to a command timed out
13:55:33.168 [ISOBUS] addr=0x81 claimed=Y load=11.1% msgs=28567 aiso=929(1098774ms) xte=0.00m spd=0.00m/s q=0 ggaAge=61590 vtgAge=1098774 xteAge=1098774 xteraw=80:51FFFFFFFFFFFFFF vt=Y(21/22) vtstat=1779/863ms tc=N drp=0mm tcq=0
13:55:34.035 W] [VT]: Server response to a command timed out
13:55:34.169 [ISOBUS] addr=0x81 claimed=Y load=11.1% msgs=28578 aiso=930(1099774ms) xte=0.00m spd=0.00m/s q=0 ggaAge=62590 vtgAge=1099774 xteAge=1099774 xteraw=80:51FFFFFFFFFFFFFF vt=Y(21/22) vtstat=1780/863ms tc=N drp=0mm tcq=0
13:55:35.175 [ISOBUS] addr=0x81 claimed=Y load=11.1% msgs=28589 aiso=931(1100774ms) xte=0.00m spd=0.00m/s q=0 ggaAge=63590 vtgAge=1100774 xteAge=1100774 xteraw=80:51FFFFFFFFFFFFFF vt=Y(21/22) vtstat=1781/863ms tc=N drp=0mm tcq=0
13:55:35.504 W] [VT]: Server response to a command timed out
13:55:36.184 [ISOBUS] addr=0x81 claimed=Y load=11.1% msgs=28600 aiso=932(1101774ms) xte=0.00m spd=0.00m/s q=0 ggaAge=64590 vtgAge=1101774 xteAge=1101774 xteraw=80:51FFFFFFFFFFFFFF vt=Y(21/22) vtstat=1782/863ms tc=N drp=0mm tcq=0
13:55:37.021 W] [VT]: Server response to a command timed out
13:55:37.087 TC: disconnected 60s after having been connected -- forcing restart 4 (partner addr=0xF7 valid=Y)
13:55:37.183 [ISOBUS] addr=0x81 claimed=Y load=11.1% msgs=28611 aiso=933(1102774ms) xte=0.00m spd=0.00m/s q=0 ggaAge=65590 vtgAge=1102774 xteAge=1102774 xteraw=80:51FFFFFFFFFFFFFF vt=Y(21/22) vtstat=1783/863ms tc=N drp=0mm tcq=0
13:55:38.166 [ISOBUS] addr=0x81 claimed=Y load=11.1% msgs=28622 aiso=934(1103774ms) xte=0.00m spd=0.00m/s q=0 ggaAge=66590 vtgAge=1103774 xteAge=1103774 xteraw=80:51FFFFFFFFFFFFFF vt=Y(21/22) vtstat=1784/863ms tc=N drp=0mm tcq=0
13:55:38.504 W] [VT]: Server response to a command timed out
13:55:39.163 [ISOBUS] addr=0x81 claimed=Y load=11.1% msgs=28633 aiso=935(1104774ms) xte=0.00m spd=0.00m/s q=0 ggaAge=67590 vtgAge=1104774 xteAge=1104774 xteraw=80:51FFFFFFFFFFFFFF vt=Y(21/22) vtstat=1785/863ms tc=N drp=0mm tcq=0
13:55:40.032 W] [VT]: Server response to a command timed out
13:55:40.176 [ISOBUS] addr=0x81 claimed=Y load=11.1% msgs=28644 aiso=936(1105774ms) xte=0.00m spd=0.00m/s q=0 ggaAge=68590 vtgAge=1105774 xteAge=1105774 xteraw=80:51FFFFFFFFFFFFFF vt=Y(21/22) vtstat=1786/863ms tc=N drp=0mm tcq=0
13:55:41.156 [ISOBUS] addr=0x81 claimed=Y load=11.1% msgs=28655 aiso=937(1106774ms) xte=0.00m spd=0.00m/s q=0 ggaAge=69590 vtgAge=1106774 xteAge=1106774 xteraw=80:51FFFFFFFFFFFFFF vt=Y(21/22) vtstat=1787/863ms tc=N drp=0mm tcq=0
13:55:41.520 W] [VT]: Server response to a command timed out
13:55:42.169 [ISOBUS] addr=0x81 claimed=Y load=11.6% msgs=28670 aiso=938(1107774ms) xte=0.00m spd=0.00m/s q=0 ggaAge=70590 vtgAge=1107774 xteAge=1107774 xteraw=80:51FFFFFFFFFFFFFF vt=Y(21/22) vtstat=1788/863ms tc=N drp=0mm tcq=0
13:55:43.020 W] [VT]: Server response to a command timed out
13:55:43.157 [ISOBUS] addr=0x81 claimed=Y load=11.1% msgs=28681 aiso=939(1108774ms) xte=0.00m spd=0.00m/s q=0 ggaAge=71590 vtgAge=1108774 xteAge=1108774 xteraw=80:51FFFFFFFFFFFFFF vt=Y(21/22) vtstat=1789/859ms tc=N drp=0mm tcq=0
13:55:44.171 [ISOBUS] addr=0x81 claimed=Y load=11.1% msgs=28692 aiso=940(1109774ms) xte=0.00m spd=0.00m/s q=0 ggaAge=72590 vtgAge=1109774 xteAge=1109774 xteraw=80:51FFFFFFFFFFFFFF vt=Y(21/22) vtstat=1790/859ms tc=N drp=0mm tcq=0
13:55:44.516 W] [VT]: Server response to a command timed out
13:55:45.188 [ISOBUS] addr=0x81 claimed=Y load=11.1% msgs=28703 aiso=941(1110774ms) xte=0.00m spd=0.00m/s q=0 ggaAge=73590 vtgAge=1110774 xteAge=1110774 xteraw=80:51FFFFFFFFFFFFFF vt=Y(21/22) vtstat=1791/859ms tc=N drp=0mm tcq=0
13:55:46.000 W] [VT]: Server response to a command timed out
13:55:46.198 [ISOBUS] addr=0x81 claimed=Y load=11.1% msgs=28714 aiso=942(1111774ms) xte=0.00m spd=0.00m/s q=0 ggaAge=74590 vtgAge=1111774 xteAge=1111774 xteraw=80:51FFFFFFFFFFFFFF vt=Y(21/22) vtstat=1792/859ms tc=N drp=0mm tcq=0
13:55:47.170 [ISOBUS] addr=0x81 claimed=Y load=11.1% msgs=28725 aiso=943(1112774ms) xte=0.00m spd=0.00m/s q=0 ggaAge=75590 vtgAge=1112774 xteAge=1112774 xteraw=80:51FFFFFFFFFFFFFF vt=Y(21/22) vtstat=1793/859ms tc=N drp=0mm tcq=0
13:55:47.514 W] [VT]: Server response to a command timed out
13:55:48.191 [ISOBUS] addr=0x81 claimed=Y load=11.1% msgs=28736 aiso=944(1113774ms) xte=0.00m spd=0.00m/s q=0 ggaAge=76590 vtgAge=1113774 xteAge=1113774 xteraw=80:51FFFFFFFFFFFFFF vt=Y(21/22) vtstat=1794/859ms tc=N drp=0mm tcq=0
13:55:48.997 W] [VT]: Server response to a command timed out
13:55:49.161 [ISOBUS] addr=0x81 claimed=Y load=11.1% msgs=28747 aiso=945(1114774ms) xte=0.00m spd=0.00m/s q=0 ggaAge=77590 vtgAge=1114774 xteAge=1114774 xteraw=80:51FFFFFFFFFFFFFF vt=Y(21/22) vtstat=1795/859ms tc=N drp=0mm tcq=0
13:55:50.157 [ISOBUS] addr=0x81 claimed=Y load=11.1% msgs=28758 aiso=946(1115774ms) xte=0.00m spd=0.00m/s q=0 ggaAge=78590 vtgAge=1115774 xteAge=1115774 xteraw=80:51FFFFFFFFFFFFFF vt=Y(21/22) vtstat=1797/455ms tc=N drp=0mm tcq=0
13:55:50.505 W] [VT]: Server response to a command timed out
13:55:51.171 [ISOBUS] addr=0x81 claimed=Y load=11.1% msgs=28769 aiso=947(1116774ms) xte=0.00m spd=0.00m/s q=0 ggaAge=79590 vtgAge=1116774 xteAge=1116774 xteraw=80:51FFFFFFFFFFFFFF vt=Y(21/22) vtstat=1798/459ms tc=N drp=0mm tcq=0
13:55:52.018 W] [VT]: Server response to a command timed out
13:55:52.088 TC: disconnected 75s after having been connected -- forcing restart 5 (partner addr=0xF7 valid=Y)
13:55:52.180 [ISOBUS] addr=0x81 claimed=Y load=11.6% msgs=28784 aiso=948(1117774ms) xte=0.00m spd=0.00m/s q=0 ggaAge=80590 vtgAge=1117774 xteAge=1117774 xteraw=80:51FFFFFFFFFFFFFF vt=Y(21/22) vtstat=1799/459ms tc=N drp=0mm tcq=0
13:55:53.170 [ISOBUS] addr=0x81 claimed=Y load=11.1% msgs=28795 aiso=949(1118774ms) xte=0.00m spd=0.00m/s q=0 ggaAge=81590 vtgAge=1118774 xteAge=1118774 xteraw=80:51FFFFFFFFFFFFFF vt=Y(21/22) vtstat=1800/455ms tc=N drp=0mm tcq=0
13:55:53.498 W] [VT]: Server response to a command timed out
13:55:54.177 [ISOBUS] addr=0x81 claimed=Y load=11.1% msgs=28806 aiso=950(1119774ms) xte=0.00m spd=0.00m/s q=0 ggaAge=82590 vtgAge=1119774 xteAge=1119774 xteraw=80:51FFFFFFFFFFFFFF vt=Y(21/22) vtstat=1801/455ms tc=N drp=0mm tcq=0
13:55:55.003 W] [VT]: Server response to a command timed out
13:55:55.186 [ISOBUS] addr=0x81 claimed=Y load=11.1% msgs=28817 aiso=951(1120774ms) xte=0.00m spd=0.00m/s q=0 ggaAge=83590 vtgAge=1120774 xteAge=1120774 xteraw=80:51FFFFFFFFFFFFFF vt=Y(21/22) vtstat=1802/455ms tc=N drp=0mm tcq=0
13:55:56.166 [ISOBUS] addr=0x81 claimed=Y load=11.1% msgs=28828 aiso=952(1121774ms) xte=0.00m spd=0.00m/s q=0 ggaAge=84590 vtgAge=1121774 xteAge=1121774 xteraw=80:51FFFFFFFFFFFFFF vt=Y(21/22) vtstat=1803/455ms tc=N drp=0mm tcq=0
13:55:56.514 W] [VT]: Server response to a command timed out
13:55:57.178 [ISOBUS] addr=0x81 claimed=Y load=11.1% msgs=28839 aiso=953(1122774ms) xte=0.00m spd=0.00m/s q=0 ggaAge=85590 vtgAge=1122774 xteAge=1122774 xteraw=80:51FFFFFFFFFFFFFF vt=Y(21/22) vtstat=1804/455ms tc=N drp=0mm tcq=0
13:55:57.997 W] [VT]: Server response to a command timed out
13:55:58.160 [ISOBUS] addr=0x81 claimed=Y load=11.1% msgs=28850 aiso=954(1123774ms) xte=0.00m spd=0.00m/s q=0 ggaAge=86590 vtgAge=1123774 xteAge=1123774 xteraw=80:51FFFFFFFFFFFFFF vt=Y(21/22) vtstat=1805/455ms tc=N drp=0mm tcq=0
13:55:59.186 [ISOBUS] addr=0x81 claimed=Y load=11.1% msgs=28861 aiso=955(1124774ms) xte=0.00m spd=0.00m/s q=0 ggaAge=87590 vtgAge=1124774 xteAge=1124774 xteraw=80:51FFFFFFFFFFFFFF vt=Y(21/22) vtstat=1806/455ms tc=N drp=0mm tcq=0
13:55:59.496 W] [VT]: Server response to a command timed out
13:56:00.164 [ISOBUS] addr=0x81 claimed=Y load=11.1% msgs=28872 aiso=956(1125774ms) xte=0.00m spd=0.00m/s q=0 ggaAge=88590 vtgAge=1125774 xteAge=1125774 xteraw=80:51FFFFFFFFFFFFFF vt=Y(21/22) vtstat=1807/455ms tc=N drp=0mm tcq=0
13:56:01.013 W] [VT]: Server response to a command timed out
13:56:01.170 [ISOBUS] addr=0x81 claimed=Y load=11.1% msgs=28883 aiso=957(1126774ms) xte=0.00m spd=0.00m/s q=0 ggaAge=89590 vtgAge=1126774 xteAge=1126774 xteraw=80:51FFFFFFFFFFFFFF vt=Y(21/22) vtstat=1808/455ms tc=N drp=0mm tcq=0
13:56:02.154 [ISOBUS] addr=0x81 claimed=Y load=11.5% msgs=28898 aiso=958(1127774ms) xte=0.00m spd=0.00m/s q=0 ggaAge=90590 vtgAge=1127774 xteAge=1127774 xteraw=80:51FFFFFFFFFFFFFF vt=Y(21/22) vtstat=1809/455ms tc=N drp=0mm tcq=0
13:56:02.515 W] [VT]: Server response to a command timed out
13:56:03.185 [ISOBUS] addr=0x81 claimed=Y load=4.3% msgs=28902 aiso=959(1128774ms) xte=0.00m spd=0.00m/s q=0 ggaAge=91590 vtgAge=1128774 xteAge=1128774 xteraw=80:51FFFFFFFFFFFFFF vt=Y(21/22) vtstat=1809/1455ms tc=N drp=0mm tcq=0
13:56:04.001 W] [VT]: Server response to a command timed out
13:56:04.164 [ISOBUS] addr=0x81 claimed=Y load=0.2% msgs=28902 aiso=959(1129774ms) xte=0.00m spd=0.00m/s q=0 ggaAge=92590 vtgAge=1129774 xteAge=1129774 xteraw=80:51FFFFFFFFFFFFFF vt=Y(21/22) vtstat=1809/2455ms tc=N drp=0mm tcq=0
13:56:04.715 E] [VT]: Status Timeout
13:56:04.718 VT: partner 0x80 silent, VT at 0x26 alive -- switching to it
13:56:04.720 I] [VT]: VT Client connection has been terminated.
13:56:04.720 I] [NM]: A partner with name 000000000000000lx has claimed address 2684361992 on channel 197275905.
13:56:05.179 [ISOBUS] addr=0x81 claimed=Y load=0.1% msgs=28903 aiso=959(1130774ms) xte=0.00m spd=0.00m/s q=0 ggaAge=93590 vtgAge=1130774 xteAge=1130774 xteraw=80:51FFFFFFFFFFFFFF vt=N(1/22) vtstat=1809/3455ms tc=N drp=0mm tcq=0
13:56:05.753 I] [VT]: VT Server has a label for MW04   . This version will be deleted.
13:56:05.753 I] [VT]: No version label from the VT matched. Client will upload the pool and store it instead.
13:56:05.844 I] [VT]: Delete Version Response OK!
13:56:06.166 [ISOBUS] addr=0x81 claimed=Y load=29.1% msgs=28916 aiso=960(1131774ms) xte=0.00m spd=0.00m/s q=0 ggaAge=94590 vtgAge=1131774 xteAge=1131774 xteraw=80:51FFFFFFFFFFFFFF vt=N(18/22) vtstat=1810/452ms tc=N drp=0mm tcq=0
13:56:07.079 TC: disconnected 90s after having been connected -- forcing restart 6 (partner addr=0xF7 valid=Y)
13:56:07.176 [ISOBUS] addr=0x81 claimed=Y load=65.3% msgs=28927 aiso=961(1132774ms) xte=0.00m spd=0.00m/s q=0 ggaAge=95590 vtgAge=1132774 xteAge=1132774 xteraw=80:51FFFFFFFFFFFFFF vt=N(18/22) vtstat=1811/452ms tc=N drp=0mm tcq=0
13:56:08.179 [ISOBUS] addr=0x81 claimed=Y load=47.1% msgs=28938 aiso=962(1133774ms) xte=0.00m spd=0.00m/s q=0 ggaAge=96590 vtgAge=1133774 xteAge=1133774 xteraw=80:51FFFFFFFFFFFFFF vt=N(20/22) vtstat=1812/452ms tc=N drp=0mm tcq=0
13:56:08.438 I] [VT]: Stored object pool with no error.
13:56:09.157 [ISOBUS] addr=0x81 claimed=Y load=12.2% msgs=28949 aiso=963(1134774ms) xte=0.00m spd=0.00m/s q=0 ggaAge=97590 vtgAge=1134774 xteAge=1134774 xteraw=80:51FFFFFFFFFFFFFF vt=Y(21/22) vtstat=1813/852ms tc=N drp=0mm tcq=0
13:56:10.159 [ISOBUS] addr=0x81 claimed=Y load=12.0% msgs=28960 aiso=964(1135774ms) xte=0.00m spd=0.00m/s q=0 ggaAge=98590 vtgAge=1135774 xteAge=1135774 xteraw=80:51FFFFFFFFFFFFFF vt=Y(21/22) vtstat=1814/852ms tc=N drp=0mm tcq=0
13:56:11.187 [ISOBUS] addr=0x81 claimed=Y load=12.0% msgs=28971 aiso=965(1136774ms) xte=0.00m spd=0.00m/s q=0 ggaAge=99590 vtgAge=1136774 xteAge=1136774 xteraw=80:51FFFFFFFFFFFFFF vt=Y(21/22) vtstat=1815/852ms tc=N drp=0mm tcq=0
13:56:12.170 [ISOBUS] addr=0x81 claimed=Y load=12.5% msgs=28986 aiso=966(1137774ms) xte=0.00m spd=0.00m/s q=0 ggaAge=100590 vtgAge=1137774 xteAge=1137774 xteraw=80:51FFFFFFFFFFFFFF vt=Y(21/22) vtstat=1816/852ms tc=N drp=0mm tcq=0
13:56:13.159 [ISOBUS] addr=0x81 claimed=Y load=12.0% msgs=28997 aiso=967(1138774ms) xte=0.00m spd=0.00m/s q=0 ggaAge=101590 vtgAge=1138774 xteAge=1138774 xteraw=80:51FFFFFFFFFFFFFF vt=Y(21/22) vtstat=1817/852ms tc=N drp=0mm tcq=0
13:56:14.157 [ISOBUS] addr=0x81 claimed=Y load=12.0% msgs=29008 aiso=968(1139774ms) xte=0.00m spd=0.00m/s q=0 ggaAge=102590 vtgAge=1139774 xteAge=1139774 xteraw=80:51FFFFFFFFFFFFFF vt=Y(21/22) vtstat=1818/852ms tc=N drp=0mm tcq=0
13:56:15.189 [ISOBUS] addr=0x81 claimed=Y load=12.0% msgs=29019 aiso=969(1140774ms) xte=0.00m spd=0.00m/s q=0 ggaAge=103590 vtgAge=1140774 xteAge=1140774 xteraw=80:51FFFFFFFFFFFFFF vt=Y(21/22) vtstat=1819/852ms tc=N drp=0mm tcq=0
13:56:16.159 [ISOBUS] addr=0x81 claimed=Y load=12.0% msgs=29030 aiso=970(1141774ms) xte=0.00m spd=0.00m/s q=0 ggaAge=104590 vtgAge=1141774 xteAge=1141774 xteraw=80:51FFFFFFFFFFFFFF vt=Y(21/22) vtstat=1820/848ms tc=N drp=0mm tcq=0
13:56:17.183 [ISOBUS] addr=0x81 claimed=Y load=12.0% msgs=29041 aiso=971(1142774ms) xte=0.00m spd=0.00m/s q=0 ggaAge=105590 vtgAge=1142774 xteAge=1142774 xteraw=80:51FFFFFFFFFFFFFF vt=Y(21/22) vtstat=1821/848ms tc=N drp=0mm tcq=0
13:56:18.165 [ISOBUS] addr=0x81 claimed=Y load=12.0% msgs=29052 aiso=972(1143774ms) xte=0.00m spd=0.00m/s q=0 ggaAge=106590 vtgAge=1143774 xteAge=1143774 xteraw=80:51FFFFFFFFFFFFFF vt=Y(21/22) vtstat=1822/848ms tc=N drp=0mm tcq=0
13:56:19.167 [ISOBUS] addr=0x81 claimed=Y load=12.0% msgs=29063 aiso=973(1144774ms) xte=0.00m spd=0.00m/s q=0 ggaAge=107590 vtgAge=1144774 xteAge=1144774 xteraw=80:51FFFFFFFFFFFFFF vt=Y(21/22) vtstat=1823/848ms tc=N drp=0mm tcq=0
13:56:20.171 [ISOBUS] addr=0x81 claimed=Y load=12.0% msgs=29074 aiso=974(1145774ms) xte=0.00m spd=0.00m/s q=0 ggaAge=108590 vtgAge=1145774 xteAge=1145774 xteraw=80:51FFFFFFFFFFFFFF vt=Y(21/22) vtstat=1824/848ms tc=N drp=0mm tcq=0
13:56:21.163 [ISOBUS] addr=0x81 claimed=Y load=12.0% msgs=29085 aiso=975(1146774ms) xte=0.00m spd=0.00m/s q=0 ggaAge=109590 vtgAge=1146774 xteAge=1146774 xteraw=80:51FFFFFFFFFFFFFF vt=Y(21/22) vtstat=1825/848ms tc=N drp=0mm tcq=0
13:56:22.099 TC: disconnected 105s after having been connected -- forcing restart 7 (partner addr=0xF7 valid=Y)
13:56:22.171 [ISOBUS] addr=0x81 claimed=Y load=12.5% msgs=29100 aiso=976(1147774ms) xte=0.00m spd=0.00m/s q=0 ggaAge=110590 vtgAge=1147774 xteAge=1147774 xteraw=80:51FFFFFFFFFFFFFF vt=Y(21/22) vtstat=1826/848ms tc=N drp=0mm tcq=0
13:56:23.168 [ISOBUS] addr=0x81 claimed=Y load=12.0% msgs=29111 aiso=977(1148774ms) xte=0.00m spd=0.00m/s q=0 ggaAge=111590 vtgAge=1148774 xteAge=1148774 xteraw=80:51FFFFFFFFFFFFFF vt=Y(21/22) vtstat=1827/848ms tc=N drp=0mm tcq=0
13:56:24.188 [ISOBUS] addr=0x81 claimed=Y load=12.0% msgs=29122 aiso=978(1149774ms) xte=0.00m spd=0.00m/s q=0 ggaAge=112590 vtgAge=1149774 xteAge=1149774 xteraw=80:51FFFFFFFFFFFFFF vt=Y(21/22) vtstat=1828/848ms tc=N drp=0mm tcq=0
13:56:25.187 [ISOBUS] addr=0x81 claimed=Y load=12.0% msgs=29133 aiso=979(1150774ms) xte=0.00m spd=0.00m/s q=0 ggaAge=113590 vtgAge=1150774 xteAge=1150774 xteraw=80:51FFFFFFFFFFFFFF vt=Y(21/22) vtstat=1829/848ms tc=N drp=0mm tcq=0
13:56:26.173 [ISOBUS] addr=0x81 claimed=Y load=12.0% msgs=29144 aiso=980(1151774ms) xte=0.00m spd=0.00m/s q=0 ggaAge=114590 vtgAge=1151774 xteAge=1151774 xteraw=80:51FFFFFFFFFFFFFF vt=Y(21/22) vtstat=1830/844ms tc=N drp=0mm tcq=0
13:56:27.172 [ISOBUS] addr=0x81 claimed=Y load=12.0% msgs=29155 aiso=981(1152774ms) xte=0.00m spd=0.00m/s q=0 ggaAge=115590 vtgAge=1152774 xteAge=1152774 xteraw=80:51FFFFFFFFFFFFFF vt=Y(21/22) vtstat=1831/844ms tc=N drp=0mm tcq=0
13:56:28.189 [ISOBUS] addr=0x81 claimed=Y load=12.0% msgs=29166 aiso=982(1153774ms) xte=0.00m spd=0.00m/s q=0 ggaAge=116590 vtgAge=1153774 xteAge=1153774 xteraw=80:51FFFFFFFFFFFFFF vt=Y(21/22) vtstat=1832/844ms tc=N drp=0mm tcq=0
13:56:29.172 [ISOBUS] addr=0x81 claimed=Y load=12.0% msgs=29177 aiso=983(1154774ms) xte=0.00m spd=0.00m/s q=0 ggaAge=117590 vtgAge=1154774 xteAge=1154774 xteraw=80:51FFFFFFFFFFFFFF vt=Y(21/22) vtstat=1833/844ms tc=N drp=0mm tcq=0
13:56:30.189 [ISOBUS] addr=0x81 claimed=Y load=12.0% msgs=29188 aiso=984(1155774ms) xte=0.00m spd=0.00m/s q=0 ggaAge=118590 vtgAge=1155774 xteAge=1155774 xteraw=80:51FFFFFFFFFFFFFF vt=Y(21/22) vtstat=1834/844ms tc=N drp=0mm tcq=0
13:56:31.169 [ISOBUS] addr=0x81 claimed=Y load=12.0% msgs=29199 aiso=985(1156774ms) xte=0.00m spd=0.00m/s q=0 ggaAge=119590 vtgAge=1156774 xteAge=1156774 xteraw=80:51FFFFFFFFFFFFFF vt=Y(21/22) vtstat=1835/844ms tc=N drp=0mm tcq=0
13:56:32.157 [ISOBUS] addr=0x81 claimed=Y load=12.5% msgs=29214 aiso=986(1157774ms) xte=0.00m spd=0.00m/s q=0 ggaAge=120590 vtgAge=1157774 xteAge=1157774 xteraw=80:51FFFFFFFFFFFFFF vt=Y(21/22) vtstat=1836/844ms tc=N drp=0mm tcq=0
13:56:33.182 [ISOBUS] addr=0x81 claimed=Y load=12.0% msgs=29225 aiso=987(1158774ms) xte=0.00m spd=0.00m/s q=0 ggaAge=121590 vtgAge=1158774 xteAge=1158774 xteraw=80:51FFFFFFFFFFFFFF vt=Y(21/22) vtstat=1837/844ms tc=N drp=0mm tcq=0
13:56:34.188 [ISOBUS] addr=0x81 claimed=Y load=12.0% msgs=29236 aiso=988(1159774ms) xte=0.00m spd=0.00m/s q=0 ggaAge=122590 vtgAge=1159774 xteAge=1159774 xteraw=80:51FFFFFFFFFFFFFF vt=Y(21/22) vtstat=1838/844ms tc=N drp=0mm tcq=0
13:56:35.180 [ISOBUS] addr=0x81 claimed=Y load=12.0% msgs=29247 aiso=989(1160774ms) xte=0.00m spd=0.00m/s q=0 ggaAge=123590 vtgAge=1160774 xteAge=1160774 xteraw=80:51FFFFFFFFFFFFFF vt=Y(21/22) vtstat=1839/844ms tc=N drp=0mm tcq=0
13:56:36.169 [ISOBUS] addr=0x81 claimed=Y load=12.0% msgs=29258 aiso=990(1161774ms) xte=0.00m spd=0.00m/s q=0 ggaAge=124590 vtgAge=1161774 xteAge=1161774 xteraw=80:51FFFFFFFFFFFFFF vt=Y(21/22) vtstat=1840/840ms tc=N drp=0mm tcq=0
13:56:37.088 TC: disconnected 120s after having been connected -- forcing restart 8 (partner addr=0xF7 valid=Y)
13:56:37.193 [ISOBUS] addr=0x81 claimed=Y load=12.0% msgs=29269 aiso=991(1162774ms) xte=0.00m spd=0.00m/s q=0 ggaAge=125590 vtgAge=1162774 xteAge=1162774 xteraw=80:51FFFFFFFFFFFFFF vt=Y(21/22) vtstat=1841/840ms tc=N drp=0mm tcq=0
13:56:38.159 [ISOBUS] addr=0x81 claimed=Y load=12.0% msgs=29280 aiso=992(1163774ms) xte=0.00m spd=0.00m/s q=0 ggaAge=126590 vtgAge=1163774 xteAge=1163774 xteraw=80:51FFFFFFFFFFFFFF vt=Y(21/22) vtstat=1842/840ms tc=N drp=0mm tcq=0
13:56:39.179 [ISOBUS] addr=0x81 claimed=Y load=12.0% msgs=29291 aiso=993(1164774ms) xte=0.00m spd=0.00m/s q=0 ggaAge=127590 vtgAge=1164774 xteAge=1164774 xteraw=80:51FFFFFFFFFFFFFF vt=Y(21/22) vtstat=1843/840ms tc=N drp=0mm tcq=0
13:56:40.179 [ISOBUS] addr=0x81 claimed=Y load=12.0% msgs=29302 aiso=994(1165774ms) xte=0.00m spd=0.00m/s q=0 ggaAge=128590 vtgAge=1165774 xteAge=1165774 xteraw=80:51FFFFFFFFFFFFFF vt=Y(21/22) vtstat=1844/840ms tc=N drp=0mm tcq=0
13:56:41.165 [ISOBUS] addr=0x81 claimed=Y load=12.0% msgs=29313 aiso=995(1166774ms) xte=0.00m spd=0.00m/s q=0 ggaAge=129590 vtgAge=1166774 xteAge=1166774 xteraw=80:51FFFFFFFFFFFFFF vt=Y(21/22) vtstat=1845/840ms tc=N drp=0mm tcq=0
13:56:42.196 [ISOBUS] addr=0x81 claimed=Y load=12.5% msgs=29328 aiso=996(1167774ms) xte=0.00m spd=0.00m/s q=0 ggaAge=130590 vtgAge=1167774 xteAge=1167774 xteraw=80:51FFFFFFFFFFFFFF vt=Y(21/22) vtstat=1846/840ms tc=N drp=0mm tcq=0
13:56:43.161 [ISOBUS] addr=0x81 claimed=Y load=12.0% msgs=29339 aiso=997(1168774ms) xte=0.00m spd=0.00m/s q=0 ggaAge=131590 vtgAge=1168774 xteAge=1168774 xteraw=80:51FFFFFFFFFFFFFF vt=Y(21/22) vtstat=1847/840ms tc=N drp=0mm tcq=0
13:56:44.169 [ISOBUS] addr=0x81 claimed=Y load=12.0% msgs=29350 aiso=998(1169774ms) xte=0.00m spd=0.00m/s q=0 ggaAge=132590 vtgAge=1169774 xteAge=1169774 xteraw=80:51FFFFFFFFFFFFFF vt=Y(21/22) vtstat=1848/840ms tc=N drp=0mm tcq=0
13:56:45.192 [ISOBUS] addr=0x81 claimed=Y load=12.0% msgs=29361 aiso=999(1170774ms) xte=0.00m spd=0.00m/s q=0 ggaAge=133590 vtgAge=1170774 xteAge=1170774 xteraw=80:51FFFFFFFFFFFFFF vt=Y(21/22) vtstat=1849/840ms tc=N drp=0mm tcq=0
13:56:46.195 [ISOBUS] addr=0x81 claimed=Y load=12.0% msgs=29372 aiso=1000(1171774ms) xte=0.00m spd=0.00m/s q=0 ggaAge=134590 vtgAge=1171774 xteAge=1171774 xteraw=80:51FFFFFFFFFFFFFF vt=Y(21/22) vtstat=1850/840ms tc=N drp=0mm tcq=0
13:56:47.171 [ISOBUS] addr=0x81 claimed=Y load=12.0% msgs=29383 aiso=1001(1172774ms) xte=0.00m spd=0.00m/s q=0 ggaAge=135590 vtgAge=1172774 xteAge=1172774 xteraw=80:51FFFFFFFFFFFFFF vt=Y(21/22) vtstat=1851/836ms tc=N drp=0mm tcq=0
13:56:48.163 [ISOBUS] addr=0x81 claimed=Y load=12.0% msgs=29394 aiso=1002(1173774ms) xte=0.00m spd=0.00m/s q=0 ggaAge=136590 vtgAge=1173774 xteAge=1173774 xteraw=80:51FFFFFFFFFFFFFF vt=Y(21/22) vtstat=1852/836ms tc=N drp=0mm tcq=0
13:56:49.164 [ISOBUS] addr=0x81 claimed=Y load=12.0% msgs=29405 aiso=1003(1174774ms) xte=0.00m spd=0.00m/s q=0 ggaAge=137590 vtgAge=1174774 xteAge=1174774 xteraw=80:51FFFFFFFFFFFFFF vt=Y(21/22) vtstat=1853/836ms tc=N drp=0mm tcq=0
13:56:50.171 [ISOBUS] addr=0x81 claimed=Y load=12.0% msgs=29416 aiso=1004(1175774ms) xte=0.00m spd=0.00m/s q=0 ggaAge=138590 vtgAge=1175774 xteAge=1175774 xteraw=80:51FFFFFFFFFFFFFF vt=Y(21/22) vtstat=1854/836ms tc=N drp=0mm tcq=0
13:56:51.183 [ISOBUS] addr=0x81 claimed=Y load=12.0% msgs=29427 aiso=1005(1176774ms) xte=0.00m spd=0.00m/s q=0 ggaAge=139590 vtgAge=1176774 xteAge=1176774 xteraw=80:51FFFFFFFFFFFFFF vt=Y(21/22) vtstat=1855/837ms tc=N drp=0mm tcq=0
13:56:52.118 TC: disconnected 135s after having been connected -- forcing restart 9 (partner addr=0xF7 valid=Y)
13:56:52.179 [ISOBUS] addr=0x81 claimed=Y load=12.5% msgs=29442 aiso=1006(1177774ms) xte=0.00m spd=0.00m/s q=0 ggaAge=140590 vtgAge=1177774 xteAge=1177774 xteraw=80:51FFFFFFFFFFFFFF vt=Y(21/22) vtstat=1856/837ms tc=N drp=0mm tcq=0
13:56:53.171 [ISOBUS] addr=0x81 claimed=Y load=12.0% msgs=29453 aiso=1007(1178774ms) xte=0.00m spd=0.00m/s q=0 ggaAge=141590 vtgAge=1178774 xteAge=1178774 xteraw=80:51FFFFFFFFFFFFFF vt=Y(21/22) vtstat=1857/837ms tc=N drp=0mm tcq=0
13:56:54.158 [ISOBUS] addr=0x81 claimed=Y load=12.0% msgs=29464 aiso=1008(1179774ms) xte=0.00m spd=0.00m/s q=0 ggaAge=142590 vtgAge=1179774 xteAge=1179774 xteraw=80:51FFFFFFFFFFFFFF vt=Y(21/22) vtstat=1858/837ms tc=N drp=0mm tcq=0
13:56:55.178 [ISOBUS] addr=0x81 claimed=Y load=12.0% msgs=29475 aiso=1009(1180774ms) xte=0.00m spd=0.00m/s q=0 ggaAge=143590 vtgAge=1180774 xteAge=1180774 xteraw=80:51FFFFFFFFFFFFFF vt=Y(21/22) vtstat=1859/837ms tc=N drp=0mm tcq=0
13:56:56.186 [ISOBUS] addr=0x81 claimed=Y load=12.0% msgs=29486 aiso=1010(1181774ms) xte=0.00m spd=0.00m/s q=0 ggaAge=144590 vtgAge=1181774 xteAge=1181774 xteraw=80:51FFFFFFFFFFFFFF vt=Y(21/22) vtstat=1860/837ms tc=N drp=0mm tcq=0
13:56:57.173 [ISOBUS] addr=0x81 claimed=Y load=12.0% msgs=29497 aiso=1011(1182774ms) xte=0.00m spd=0.00m/s q=0 ggaAge=145590 vtgAge=1182774 xteAge=1182774 xteraw=80:51FFFFFFFFFFFFFF vt=Y(21/22) vtstat=1861/833ms tc=N drp=0mm tcq=0
13:56:58.167 [ISOBUS] addr=0x81 claimed=Y load=12.0% msgs=29508 aiso=1012(1183774ms) xte=0.00m spd=0.00m/s q=0 ggaAge=146590 vtgAge=1183774 xteAge=1183774 xteraw=80:51FFFFFFFFFFFFFF vt=Y(21/22) vtstat=1862/833ms tc=N drp=0mm tcq=0
13:56:59.182 [ISOBUS] addr=0x81 claimed=Y load=12.0% msgs=29519 aiso=1013(1184774ms) xte=0.00m spd=0.00m/s q=0 ggaAge=147590 vtgAge=1184774 xteAge=1184774 xteraw=80:51FFFFFFFFFFFFFF vt=Y(21/22) vtstat=1863/833ms tc=N drp=0mm tcq=0
13:57:00.179 [ISOBUS] addr=0x81 claimed=Y load=12.0% msgs=29530 aiso=1014(1185774ms) xte=0.00m spd=0.00m/s q=0 ggaAge=148590 vtgAge=1185774 xteAge=1185774 xteraw=80:51FFFFFFFFFFFFFF vt=Y(21/22) vtstat=1864/833ms tc=N drp=0mm tcq=0
13:57:01.165 [ISOBUS] addr=0x81 claimed=Y load=12.0% msgs=29541 aiso=1015(1186774ms) xte=0.00m spd=0.00m/s q=0 ggaAge=149590 vtgAge=1186774 xteAge=1186774 xteraw=80:51FFFFFFFFFFFFFF vt=Y(21/22) vtstat=1865/833ms tc=N drp=0mm tcq=0
13:57:02.189 [ISOBUS] addr=0x81 claimed=Y load=12.5% msgs=29556 aiso=1016(1187774ms) xte=0.00m spd=0.00m/s q=0 ggaAge=150590 vtgAge=1187774 xteAge=1187774 xteraw=80:51FFFFFFFFFFFFFF vt=Y(21/22) vtstat=1866/833ms tc=N drp=0mm tcq=0
13:57:03.173 [ISOBUS] addr=0x81 claimed=Y load=12.0% msgs=29567 aiso=1017(1188774ms) xte=0.00m spd=0.00m/s q=0 ggaAge=151590 vtgAge=1188774 xteAge=1188774 xteraw=80:51FFFFFFFFFFFFFF vt=Y(21/22) vtstat=1867/833ms tc=N drp=0mm tcq=0
13:57:04.169 [ISOBUS] addr=0x81 claimed=Y load=12.0% msgs=29578 aiso=1018(1189774ms) xte=0.00m spd=0.00m/s q=0 ggaAge=152590 vtgAge=1189774 xteAge=1189774 xteraw=80:51FFFFFFFFFFFFFF vt=Y(21/22) vtstat=1868/833ms tc=N drp=0mm tcq=0
13:57:05.173 [ISOBUS] addr=0x81 claimed=Y load=12.0% msgs=29589 aiso=1019(1190774ms) xte=0.00m spd=0.00m/s q=0 ggaAge=153590 vtgAge=1190774 xteAge=1190774 xteraw=80:51FFFFFFFFFFFFFF vt=Y(21/22) vtstat=1869/833ms tc=N drp=0mm tcq=0
13:57:06.172 [ISOBUS] addr=0x81 claimed=Y load=12.0% msgs=29600 aiso=1020(1191774ms) xte=0.00m spd=0.00m/s q=0 ggaAge=154590 vtgAge=1191774 xteAge=1191774 xteraw=80:51FFFFFFFFFFFFFF vt=Y(21/22) vtstat=1870/833ms tc=N drp=0mm tcq=0
13:57:07.117 TC: disconnected 150s after having been connected -- forcing restart 10 (partner addr=0xF7 valid=Y)
13:57:07.183 [ISOBUS] addr=0x81 claimed=Y load=12.0% msgs=29611 aiso=1021(1192774ms) xte=0.00m spd=0.00m/s q=0 ggaAge=155590 vtgAge=1192774 xteAge=1192774 xteraw=80:51FFFFFFFFFFFFFF vt=Y(21/22) vtstat=1871/833ms tc=N drp=0mm tcq=0
13:57:08.162 [ISOBUS] addr=0x81 claimed=Y load=12.0% msgs=29622 aiso=1022(1193774ms) xte=0.00m spd=0.00m/s q=0 ggaAge=156590 vtgAge=1193774 xteAge=1193774 xteraw=80:51FFFFFFFFFFFFFF vt=Y(21/22) vtstat=1872/829ms tc=N drp=0mm tcq=0
13:57:09.165 [ISOBUS] addr=0x81 claimed=Y load=12.0% msgs=29633 aiso=1023(1194774ms) xte=0.00m spd=0.00m/s q=0 ggaAge=157590 vtgAge=1194774 xteAge=1194774 xteraw=80:51FFFFFFFFFFFFFF vt=Y(21/22) vtstat=1873/829ms tc=N drp=0mm tcq=0
13:57:10.186 [ISOBUS] addr=0x81 claimed=Y load=12.0% msgs=29644 aiso=1024(1195774ms) xte=0.00m spd=0.00m/s q=0 ggaAge=158590 vtgAge=1195774 xteAge=1195774 xteraw=80:51FFFFFFFFFFFFFF vt=Y(21/22) vtstat=1874/829ms tc=N drp=0mm tcq=0
13:57:11.179 [ISOBUS] addr=0x81 claimed=Y load=12.0% msgs=29655 aiso=1025(1196774ms) xte=0.00m spd=0.00m/s q=0 ggaAge=159590 vtgAge=1196774 xteAge=1196774 xteraw=80:51FFFFFFFFFFFFFF vt=Y(21/22) vtstat=1875/829ms tc=N drp=0mm tcq=0
13:57:12.169 [ISOBUS] addr=0x81 claimed=Y load=12.5% msgs=29670 aiso=1026(1197774ms) xte=0.00m spd=0.00m/s q=0 ggaAge=160590 vtgAge=1197774 xteAge=1197774 xteraw=80:51FFFFFFFFFFFFFF vt=Y(21/22) vtstat=1876/829ms tc=N drp=0mm tcq=0
13:57:13.164 [ISOBUS] addr=0x81 claimed=Y load=12.0% msgs=29681 aiso=1027(1198774ms) xte=0.00m spd=0.00m/s q=0 ggaAge=161590 vtgAge=1198774 xteAge=1198774 xteraw=80:51FFFFFFFFFFFFFF vt=Y(21/22) vtstat=1877/829ms tc=N drp=0mm tcq=0
13:57:14.172 [ISOBUS] addr=0x81 claimed=Y load=12.0% msgs=29692 aiso=1028(1199774ms) xte=0.00m spd=0.00m/s q=0 ggaAge=162590 vtgAge=1199774 xteAge=1199774 xteraw=80:51FFFFFFFFFFFFFF vt=Y(21/22) vtstat=1878/829ms tc=N drp=0mm tcq=0
13:57:15.161 [ISOBUS] addr=0x81 claimed=Y load=12.0% msgs=29703 aiso=1029(1200774ms) xte=0.00m spd=0.00m/s q=0 ggaAge=163590 vtgAge=1200774 xteAge=1200774 xteraw=80:51FFFFFFFFFFFFFF vt=Y(21/22) vtstat=1879/829ms tc=N drp=0mm tcq=0
13:57:16.183 [ISOBUS] addr=0x81 claimed=Y load=12.0% msgs=29714 aiso=1030(1201774ms) xte=0.00m spd=0.00m/s q=0 ggaAge=164590 vtgAge=1201774 xteAge=1201774 xteraw=80:51FFFFFFFFFFFFFF vt=Y(21/22) vtstat=1880/829ms tc=N drp=0mm tcq=0
13:57:16.841 W] [PR]: NACK-ing PGN request for PGN 60928 because no callback could handle it.
13:57:17.167 [ISOBUS] addr=0x81 claimed=Y load=13.4% msgs=29724 aiso=1031(1202774ms) xte=0.00m spd=0.00m/s q=0 ggaAge=165590 vtgAge=1202774 xteAge=1202774 xteraw=80:51FFFFFFFFFFFFFF vt=Y(21/22) vtstat=1881/829ms tc=N drp=0mm tcq=0
13:57:18.167 [ISOBUS] addr=0x81 claimed=Y load=15.3% msgs=29753 aiso=1032(1203774ms) xte=0.00m spd=0.00m/s q=0 ggaAge=85 vtgAge=1203774 xteAge=1203774 xteraw=80:51FFFFFFFFFFFFFF vt=Y(21/22) vtstat=1882/825ms tc=N drp=0mm tcq=0
13:57:19.187 [ISOBUS] addr=0x81 claimed=Y load=16.6% msgs=29794 aiso=1033(1204774ms) xte=0.00m spd=0.00m/s q=0 ggaAge=85 vtgAge=1204774 xteAge=1204774 xteraw=80:51FFFFFFFFFFFFFF vt=Y(21/22) vtstat=1883/825ms tc=N drp=0mm tcq=0
13:57:20.182 [ISOBUS] addr=0x81 claimed=Y load=16.1% msgs=29835 aiso=1034(1205774ms) xte=0.00m spd=0.00m/s q=0 ggaAge=85 vtgAge=1205774 xteAge=1205774 xteraw=80:51FFFFFFFFFFFFFF vt=Y(21/22) vtstat=1884/825ms tc=N drp=0mm tcq=0
13:57:21.164 [ISOBUS] addr=0x81 claimed=Y load=15.0% msgs=29876 aiso=1035(1206774ms) xte=0.00m spd=0.00m/s q=0 ggaAge=85 vtgAge=1206774 xteAge=1206774 xteraw=80:51FFFFFFFFFFFFFF vt=Y(21/22) vtstat=1886/753ms tc=N drp=0mm tcq=0
13:57:21.675 W] [TP]: Received a Request to Send (RTS) message with a global destination, ignoring
13:57:22.100 TC: disconnected 165s after having been connected -- forcing restart 11 (partner addr=0xF7 valid=Y)
13:57:22.163 [ISOBUS] addr=0x81 claimed=Y load=15.5% msgs=29921 aiso=1036(1207774ms) xte=0.00m spd=0.00m/s q=0 ggaAge=85 vtgAge=1207774 xteAge=1207774 xteraw=80:51FFFFFFFFFFFFFF vt=Y(21/22) vtstat=1888/705ms tc=N drp=0mm tcq=0
13:57:22.989 W] [TP]: Received a Request to Send (RTS) message with a global destination, ignoring
13:57:23.159 [ISOBUS] addr=0x81 claimed=Y load=15.2% msgs=29962 aiso=1037(1208774ms) xte=0.00m spd=0.00m/s q=0 ggaAge=85 vtgAge=1208774 xteAge=1208774 xteraw=80:51FFFFFFFFFFFFFF vt=Y(21/22) vtstat=1890/685ms tc=N drp=0mm tcq=0
13:57:24.170 [ISOBUS] addr=0x81 claimed=Y load=14.8% msgs=30003 aiso=1038(1209774ms) xte=0.00m spd=0.00m/s q=0 ggaAge=85 vtgAge=1209774 xteAge=1209774 xteraw=80:51FFFFFFFFFFFFFF vt=Y(21/22) vtstat=1892/681ms tc=N drp=0mm tcq=0
13:57:24.261 W] [TP]: Received a Request to Send (RTS) message with a global destination, ignoring
13:57:25.164 [ISOBUS] addr=0x81 claimed=Y load=15.1% msgs=30044 aiso=1039(1210774ms) xte=0.00m spd=0.00m/s q=0 ggaAge=85 vtgAge=1210774 xteAge=1210774 xteraw=80:51FFFFFFFFFFFFFF vt=Y(21/22) vtstat=1894/681ms tc=N drp=0mm tcq=0
13:57:25.566 W] [TP]: Received an Abort message with a global destination, ignoring
13:57:25.568 W] [TP]: Received a Request to Send (RTS) message with a global destination, ignoring
13:57:26.180 [ISOBUS] addr=0x81 claimed=Y load=15.0% msgs=30085 aiso=1040(1211774ms) xte=0.00m spd=0.00m/s q=0 ggaAge=85 vtgAge=1211774 xteAge=1211774 xteraw=80:51FFFFFFFFFFFFFF vt=Y(21/22) vtstat=1896/681ms tc=N drp=0mm tcq=0
13:57:26.832 W] [TP]: Received a Request to Send (RTS) message with a global destination, ignoring
13:57:27.181 [ISOBUS] addr=0x81 claimed=Y load=15.4% msgs=30126 aiso=1041(1212774ms) xte=0.00m spd=0.00m/s q=0 ggaAge=85 vtgAge=1212774 xteAge=1212774 xteraw=80:51FFFFFFFFFFFFFF vt=Y(21/22) vtstat=1898/685ms tc=N drp=0mm tcq=0
13:57:28.139 W] [TP]: Received a Request to Send (RTS) message with a global destination, ignoring
13:57:28.172 [ISOBUS] addr=0x81 claimed=Y load=15.2% msgs=30167 aiso=1042(1213774ms) xte=0.00m spd=0.00m/s q=0 ggaAge=85 vtgAge=1213774 xteAge=1213774 xteraw=80:51FFFFFFFFFFFFFF vt=Y(21/22) vtstat=1900/681ms tc=N drp=0mm tcq=0
13:57:29.189 [ISOBUS] addr=0x81 claimed=Y load=15.5% msgs=30208 aiso=1043(1214774ms) xte=0.00m spd=0.00m/s q=0 ggaAge=85 vtgAge=1214774 xteAge=1214774 xteraw=80:51FFFFFFFFFFFFFF vt=Y(21/22) vtstat=1902/681ms tc=N drp=0mm tcq=0
13:57:29.190 I] [TC]: DDOP Activated without error.
13:57:29.435 W] [TP]: Received an Abort message with a global destination, ignoring
13:57:29.435 W] [TP]: Received a Request to Send (RTS) message with a global destination, ignoring
13:57:30.169 [ISOBUS] addr=0x81 claimed=Y load=20.0% msgs=30249 aiso=1044(1215774ms) xte=0.00m spd=0.00m/s q=0 ggaAge=85 vtgAge=1215774 xteAge=1215774 xteraw=80:51FFFFFFFFFFFFFF vt=Y(21/22) vtstat=1904/681ms tc=Y drp=0mm tcq=0
13:57:30.739 W] [TP]: Received a Request to Send (RTS) message with a global destination, ignoring
13:57:31.165 [ISOBUS] addr=0x81 claimed=Y load=15.1% msgs=30290 aiso=1045(1216774ms) xte=0.00m spd=0.00m/s q=0 ggaAge=85 vtgAge=1216774 xteAge=1216774 xteraw=80:51FFFFFFFFFFFFFF vt=Y(21/22) vtstat=1906/681ms tc=Y drp=0mm tcq=0
13:57:32.031 W] [TP]: Received a Request to Send (RTS) message with a global destination, ignoring
13:57:32.180 [ISOBUS] addr=0x81 claimed=Y load=15.3% msgs=30335 aiso=1046(1217774ms) xte=0.00m spd=0.00m/s q=0 ggaAge=85 vtgAge=1217774 xteAge=1217774 xteraw=80:51FFFFFFFFFFFFFF vt=Y(21/22) vtstat=1908/681ms tc=Y drp=0mm tcq=0
13:57:33.189 [ISOBUS] addr=0x81 claimed=Y load=14.9% msgs=30376 aiso=1047(1218774ms) xte=0.00m spd=0.00m/s q=0 ggaAge=85 vtgAge=1218774 xteAge=1218774 xteraw=80:51FFFFFFFFFFFFFF vt=Y(21/22) vtstat=1910/681ms tc=Y drp=0mm tcq=0
13:57:33.316 W] [TP]: Received an Abort message with a global destination, ignoring
13:57:33.349 W] [TP]: Received a Request to Send (RTS) message with a global destination, ignoring
13:57:34.176 [ISOBUS] addr=0x81 claimed=Y load=14.9% msgs=30417 aiso=1048(1219774ms) xte=0.00m spd=0.00m/s q=0 ggaAge=85 vtgAge=1219774 xteAge=1219774 xteraw=80:51FFFFFFFFFFFFFF vt=Y(21/22) vtstat=1912/685ms tc=Y drp=0mm tcq=0
13:57:34.639 W] [TP]: Received a Request to Send (RTS) message with a global destination, ignoring
13:57:35.173 [ISOBUS] addr=0x81 claimed=Y load=15.1% msgs=30458 aiso=1049(1220774ms) xte=0.00m spd=0.00m/s q=0 ggaAge=85 vtgAge=1220774 xteAge=1220774 xteraw=80:51FFFFFFFFFFFFFF vt=Y(21/22) vtstat=1914/685ms tc=Y drp=0mm tcq=0
13:57:35.897 W] [TP]: Received a Request to Send (RTS) message with a global destination, ignoring
13:57:36.181 [ISOBUS] addr=0x81 claimed=Y load=15.0% msgs=30499 aiso=1050(1221774ms) xte=0.00m spd=0.00m/s q=0 ggaAge=85 vtgAge=1221774 xteAge=1221774 xteraw=80:51FFFFFFFFFFFFFF vt=Y(21/22) vtstat=1916/681ms tc=Y drp=0mm tcq=0
13:57:37.181 [ISOBUS] addr=0x81 claimed=Y load=14.9% msgs=30540 aiso=1051(1222774ms) xte=0.00m spd=0.00m/s q=0 ggaAge=85 vtgAge=1222774 xteAge=1222774 xteraw=80:51FFFFFFFFFFFFFF vt=Y(21/22) vtstat=1918/681ms tc=Y drp=0mm tcq=0
13:57:37.181 W] [TP]: Received an Abort message with a global destination, ignoring
13:57:37.215 W] [TP]: Received a Request to Send (RTS) message with a global destination, ignoring
13:57:38.183 [ISOBUS] addr=0x81 claimed=Y load=14.9% msgs=30581 aiso=1052(1223774ms) xte=0.00m spd=0.00m/s q=0 ggaAge=86 vtgAge=1223774 xteAge=1223774 xteraw=80:51FFFFFFFFFFFFFF vt=Y(21/22) vtstat=1920/682ms tc=Y drp=0mm tcq=0
13:57:38.499 W] [TP]: Received a Request to Send (RTS) message with a global destination, ignoring
13:57:39.189 [ISOBUS] addr=0x81 claimed=Y load=15.1% msgs=30622 aiso=1053(1224774ms) xte=0.00m spd=0.00m/s q=0 ggaAge=86 vtgAge=1224774 xteAge=1224774 xteraw=80:51FFFFFFFFFFFFFF vt=Y(21/22) vtstat=1922/686ms tc=Y drp=0mm tcq=0
13:57:39.746 W] [TP]: Received a Request to Send (RTS) message with a global destination, ignoring
13:57:40.164 [ISOBUS] addr=0x81 claimed=Y load=14.9% msgs=30663 aiso=1054(1225774ms) xte=0.00m spd=0.00m/s q=0 ggaAge=86 vtgAge=1225774 xteAge=1225774 xteraw=80:51FFFFFFFFFFFFFF vt=Y(21/22) vtstat=1924/682ms tc=Y drp=0mm tcq=0
13:57:41.069 W] [TP]: Received an Abort message with a global destination, ignoring
13:57:41.069 W] [TP]: Received a Request to Send (RTS) message with a global destination, ignoring
13:57:41.180 [ISOBUS] addr=0x81 claimed=Y load=15.2% msgs=30704 aiso=1055(1226774ms) xte=0.00m spd=0.00m/s q=0 ggaAge=82 vtgAge=1226774 xteAge=1226774 xteraw=80:51FFFFFFFFFFFFFF vt=Y(21/22) vtstat=1926/682ms tc=Y drp=0mm tcq=0
13:57:42.162 [ISOBUS] addr=0x81 claimed=Y load=15.2% msgs=30749 aiso=1056(1227774ms) xte=0.00m spd=0.00m/s q=0 ggaAge=86 vtgAge=1227774 xteAge=1227774 xteraw=80:51FFFFFFFFFFFFFF vt=Y(21/22) vtstat=1928/686ms tc=Y drp=0mm tcq=0
13:57:42.336 W] [TP]: Received a Request to Send (RTS) message with a global destination, ignoring
13:57:43.166 [ISOBUS] addr=0x81 claimed=Y load=15.1% msgs=30790 aiso=1057(1228774ms) xte=0.00m spd=0.00m/s q=0 ggaAge=86 vtgAge=1228774 xteAge=1228774 xteraw=80:51FFFFFFFFFFFFFF vt=Y(21/22) vtstat=1930/682ms tc=Y drp=0mm tcq=0
13:57:43.623 W] [TP]: Received a Request to Send (RTS) message with a global destination, ignoring
13:57:44.161 [ISOBUS] addr=0x81 claimed=Y load=14.9% msgs=30831 aiso=1058(1229774ms) xte=0.00m spd=0.00m/s q=0 ggaAge=86 vtgAge=1229774 xteAge=1229774 xteraw=80:51FFFFFFFFFFFFFF vt=Y(21/22) vtstat=1932/682ms tc=Y drp=0mm tcq=0
13:57:44.912 W] [TP]: Received an Abort message with a global destination, ignoring
13:57:44.960 W] [TP]: Received a Request to Send (RTS) message with a global destination, ignoring
13:57:45.166 [ISOBUS] addr=0x81 claimed=Y load=15.1% msgs=30872 aiso=1059(1230774ms) xte=0.00m spd=0.00m/s q=0 ggaAge=86 vtgAge=1230774 xteAge=1230774 xteraw=80:51FFFFFFFFFFFFFF vt=Y(21/22) vtstat=1934/674ms tc=Y drp=0mm tcq=0
13:57:46.169 [ISOBUS] addr=0x81 claimed=Y load=14.5% msgs=30913 aiso=1060(1231774ms) xte=0.00m spd=0.00m/s q=0 ggaAge=82 vtgAge=1231774 xteAge=1231774 xteraw=80:51FFFFFFFFFFFFFF vt=Y(21/22) vtstat=1936/686ms tc=Y drp=0mm tcq=0
13:57:46.239 W] [TP]: Received a Request to Send (RTS) message with a global destination, ignoring
13:57:47.182 [ISOBUS] addr=0x81 claimed=Y load=14.9% msgs=30954 aiso=1061(1232774ms) xte=0.00m spd=0.00m/s q=0 ggaAge=86 vtgAge=1232774 xteAge=1232774 xteraw=80:51FFFFFFFFFFFFFF vt=Y(21/22) vtstat=1938/682ms tc=Y drp=0mm tcq=0
13:57:47.510 W] [TP]: Received a Request to Send (RTS) message with a global destination, ignoring
13:57:48.181 [ISOBUS] addr=0x81 claimed=Y load=14.7% msgs=30995 aiso=1062(1233774ms) xte=0.00m spd=0.00m/s q=0 ggaAge=82 vtgAge=1233774 xteAge=1233774 xteraw=80:51FFFFFFFFFFFFFF vt=Y(21/22) vtstat=1940/682ms tc=Y drp=0mm tcq=0
13:57:48.788 W] [TP]: Received an Abort message with a global destination, ignoring
13:57:48.790 W] [TP]: Received a Request to Send (RTS) message with a global destination, ignoring
13:57:49.167 [ISOBUS] addr=0x81 claimed=Y load=13.2% msgs=31012 aiso=1063(1234774ms) xte=0.00m spd=0.00m/s q=0 ggaAge=882 vtgAge=1234774 xteAge=1234774 xteraw=80:51FFFFFFFFFFFFFF vt=Y(21/22) vtstat=1942/686ms tc=Y drp=0mm tcq=0
13:57:50.097 W] [TP]: Received a Request to Send (RTS) message with a global destination, ignoring
13:57:50.161 [ISOBUS] addr=0x81 claimed=Y load=12.4% msgs=31023 aiso=1064(1235774ms) xte=0.00m spd=0.00m/s q=0 ggaAge=1882 vtgAge=1235774 xteAge=1235774 xteraw=80:51FFFFFFFFFFFFFF vt=Y(21/22) vtstat=1944/686ms tc=Y drp=0mm tcq=0
13:57:51.164 [ISOBUS] addr=0x81 claimed=Y load=12.4% msgs=31034 aiso=1065(1236774ms) xte=0.00m spd=0.00m/s q=0 ggaAge=2882 vtgAge=1236774 xteAge=1236774 xteraw=80:51FFFFFFFFFFFFFF vt=Y(21/22) vtstat=1946/686ms tc=Y drp=0mm tcq=0
13:57:51.356 W] [TP]: Received a Request to Send (RTS) message with a global destination, ignoring
13:57:52.192 [ISOBUS] addr=0x81 claimed=Y load=12.9% msgs=31049 aiso=1066(1237774ms) xte=0.00m spd=0.00m/s q=0 ggaAge=3882 vtgAge=1237774 xteAge=1237774 xteraw=80:51FFFFFFFFFFFFFF vt=Y(21/22) vtstat=1948/686ms tc=Y drp=0mm tcq=0
13:57:52.648 W] [TP]: Received an Abort message with a global destination, ignoring
13:57:53.184 [ISOBUS] addr=0x81 claimed=Y load=12.5% msgs=31060 aiso=1067(1238774ms) xte=0.00m spd=0.00m/s q=0 ggaAge=4882 vtgAge=1238774 xteAge=1238774 xteraw=80:51FFFFFFFFFFFFFF vt=Y(21/22) vtstat=1950/686ms tc=Y drp=0mm tcq=0
13:57:54.182 [ISOBUS] addr=0x81 claimed=Y load=12.3% msgs=31071 aiso=1068(1239774ms) xte=0.00m spd=0.00m/s q=0 ggaAge=5882 vtgAge=1239774 xteAge=1239774 xteraw=80:51FFFFFFFFFFFFFF vt=Y(21/22) vtstat=1952/686ms tc=Y drp=0mm tcq=0
13:57:55.184 [ISOBUS] addr=0x81 claimed=Y load=12.3% msgs=31082 aiso=1069(1240774ms) xte=0.00m spd=0.00m/s q=0 ggaAge=6882 vtgAge=1240774 xteAge=1240774 xteraw=80:51FFFFFFFFFFFFFF vt=Y(21/22) vtstat=1954/686ms tc=Y drp=0mm tcq=0
13:57:56.189 [ISOBUS] addr=0x81 claimed=Y load=12.3% msgs=31093 aiso=1070(1241774ms) xte=0.00m spd=0.00m/s q=0 ggaAge=7882 vtgAge=1241774 xteAge=1241774 xteraw=80:51FFFFFFFFFFFFFF vt=Y(21/22) vtstat=1956/682ms tc=Y drp=0mm tcq=0
13:57:57.177 [ISOBUS] addr=0x81 claimed=Y load=12.3% msgs=31104 aiso=1071(1242774ms) xte=0.00m spd=0.00m/s q=0 ggaAge=8882 vtgAge=1242774 xteAge=1242774 xteraw=80:51FFFFFFFFFFFFFF vt=Y(21/22) vtstat=1958/686ms tc=Y drp=0mm tcq=0
13:57:58.176 [ISOBUS] addr=0x81 claimed=Y load=12.3% msgs=31115 aiso=1072(1243774ms) xte=0.00m spd=0.00m/s q=0 ggaAge=9882 vtgAge=1243774 xteAge=1243774 xteraw=80:51FFFFFFFFFFFFFF vt=Y(21/22) vtstat=1960/686ms tc=Y drp=0mm tcq=0
13:57:59.189 [ISOBUS] addr=0x81 claimed=Y load=12.3% msgs=31126 aiso=1073(1244774ms) xte=0.00m spd=0.00m/s q=0 ggaAge=10882 vtgAge=1244774 xteAge=1244774 xteraw=80:51FFFFFFFFFFFFFF vt=Y(21/22) vtstat=1962/686ms tc=Y drp=0mm tcq=0
13:58:00.183 [ISOBUS] addr=0x81 claimed=Y load=12.3% msgs=31137 aiso=1074(1245774ms) xte=0.00m spd=0.00m/s q=0 ggaAge=11882 vtgAge=1245774 xteAge=1245774 xteraw=80:51FFFFFFFFFFFFFF vt=Y(21/22) vtstat=1964/682ms tc=Y drp=0mm tcq=0
13:58:01.168 [ISOBUS] addr=0x81 claimed=Y load=12.3% msgs=31148 aiso=1075(1246774ms) xte=0.00m spd=0.00m/s q=0 ggaAge=12882 vtgAge=1246774 xteAge=1246774 xteraw=80:51FFFFFFFFFFFFFF vt=Y(21/22) vtstat=1966/686ms tc=Y drp=0mm tcq=0
13:58:02.176 [ISOBUS] addr=0x81 claimed=Y load=12.7% msgs=31163 aiso=1076(1247774ms) xte=0.00m spd=0.00m/s q=0 ggaAge=13882 vtgAge=1247774 xteAge=1247774 xteraw=80:51FFFFFFFFFFFFFF vt=Y(21/22) vtstat=1968/686ms tc=Y drp=0mm tcq=0
13:58:03.190 [ISOBUS] addr=0x81 claimed=Y load=12.4% msgs=31174 aiso=1077(1248774ms) xte=0.00m spd=0.00m/s q=0 ggaAge=14882 vtgAge=1248774 xteAge=1248774 xteraw=80:51FFFFFFFFFFFFFF vt=Y(21/22) vtstat=1970/682ms tc=Y drp=0mm tcq=0
13:58:04.165 [ISOBUS] addr=0x81 claimed=Y load=12.2% msgs=31185 aiso=1078(1249774ms) xte=0.00m spd=0.00m/s q=0 ggaAge=15882 vtgAge=1249774 xteAge=1249774 xteraw=80:51FFFFFFFFFFFFFF vt=Y(21/22) vtstat=1972/686ms tc=Y drp=0mm tcq=0
13:58:05.179 [ISOBUS] addr=0x81 claimed=Y load=12.4% msgs=31196 aiso=1079(1250774ms) xte=0.00m spd=0.00m/s q=0 ggaAge=16882 vtgAge=1250774 xteAge=1250774 xteraw=80:51FFFFFFFFFFFFFF vt=Y(21/22) vtstat=1974/682ms tc=Y drp=0mm tcq=0
13:58:06.178 [ISOBUS] addr=0x81 claimed=Y load=12.2% msgs=31207 aiso=1080(1251774ms) xte=0.00m spd=0.00m/s q=0 ggaAge=17882 vtgAge=1251774 xteAge=1251774 xteraw=80:51FFFFFFFFFFFFFF vt=Y(21/22) vtstat=1976/686ms tc=Y drp=0mm tcq=0
13:58:07.175 [ISOBUS] addr=0x81 claimed=Y load=12.4% msgs=31218 aiso=1081(1252774ms) xte=0.00m spd=0.00m/s q=0 ggaAge=18882 vtgAge=1252774 xteAge=1252774 xteraw=80:51FFFFFFFFFFFFFF vt=Y(21/22) vtstat=1978/682ms tc=Y drp=0mm tcq=0
13:58:08.165 [ISOBUS] addr=0x81 claimed=Y load=12.2% msgs=31229 aiso=1082(1253774ms) xte=0.00m spd=0.00m/s q=0 ggaAge=19882 vtgAge=1253774 xteAge=1253774 xteraw=80:51FFFFFFFFFFFFFF vt=Y(21/22) vtstat=1980/686ms tc=Y drp=0mm tcq=0
13:58:09.179 [ISOBUS] addr=0x81 claimed=Y load=12.4% msgs=31240 aiso=1083(1254774ms) xte=0.00m spd=0.00m/s q=0 ggaAge=20882 vtgAge=1254774 xteAge=1254774 xteraw=80:51FFFFFFFFFFFFFF vt=Y(21/22) vtstat=1982/682ms tc=Y drp=0mm tcq=0
13:58:10.168 [ISOBUS] addr=0x81 claimed=Y load=12.2% msgs=31251 aiso=1084(1255774ms) xte=0.00m spd=0.00m/s q=0 ggaAge=21882 vtgAge=1255774 xteAge=1255774 xteraw=80:51FFFFFFFFFFFFFF vt=Y(21/22) vtstat=1984/686ms tc=Y drp=0mm tcq=0
13:58:11.163 [ISOBUS] addr=0x81 claimed=Y load=12.4% msgs=31262 aiso=1085(1256774ms) xte=0.00m spd=0.00m/s q=0 ggaAge=22882 vtgAge=1256774 xteAge=1256774 xteraw=80:51FFFFFFFFFFFFFF vt=Y(21/22) vtstat=1986/682ms tc=Y drp=0mm tcq=0
13:58:12.175 [ISOBUS] addr=0x81 claimed=Y load=12.7% msgs=31277 aiso=1086(1257774ms) xte=0.00m spd=0.00m/s q=0 ggaAge=23882 vtgAge=1257774 xteAge=1257774 xteraw=80:51FFFFFFFFFFFFFF vt=Y(21/22) vtstat=1988/686ms tc=Y drp=0mm tcq=0
13:58:13.174 [ISOBUS] addr=0x81 claimed=Y load=12.4% msgs=31288 aiso=1087(1258774ms) xte=0.00m spd=0.00m/s q=0 ggaAge=24882 vtgAge=1258774 xteAge=1258774 xteraw=80:51FFFFFFFFFFFFFF vt=Y(21/22) vtstat=1990/682ms tc=Y drp=0mm tcq=0
13:58:14.190 [ISOBUS] addr=0x81 claimed=Y load=12.2% msgs=31299 aiso=1088(1259774ms) xte=0.00m spd=0.00m/s q=0 ggaAge=25882 vtgAge=1259774 xteAge=1259774 xteraw=80:51FFFFFFFFFFFFFF vt=Y(21/22) vtstat=1992/686ms tc=Y drp=0mm tcq=0
13:58:15.172 [ISOBUS] addr=0x81 claimed=Y load=12.4% msgs=31310 aiso=1089(1260774ms) xte=0.00m spd=0.00m/s q=0 ggaAge=26882 vtgAge=1260774 xteAge=1260774 xteraw=80:51FFFFFFFFFFFFFF vt=Y(21/22) vtstat=1994/682ms tc=Y drp=0mm tcq=0
13:58:16.168 [ISOBUS] addr=0x81 claimed=Y load=12.2% msgs=31321 aiso=1090(1261774ms) xte=0.00m spd=0.00m/s q=0 ggaAge=27882 vtgAge=1261774 xteAge=1261774 xteraw=80:51FFFFFFFFFFFFFF vt=Y(21/22) vtstat=1996/682ms tc=Y drp=0mm tcq=0
13:58:17.174 [ISOBUS] addr=0x81 claimed=Y load=12.4% msgs=31332 aiso=1091(1262774ms) xte=0.00m spd=0.00m/s q=0 ggaAge=28882 vtgAge=1262774 xteAge=1262774 xteraw=80:51FFFFFFFFFFFFFF vt=Y(21/22) vtstat=1998/682ms tc=Y drp=0mm tcq=0
13:58:18.184 [ISOBUS] addr=0x81 claimed=Y load=12.2% msgs=31343 aiso=1092(1263774ms) xte=0.00m spd=0.00m/s q=0 ggaAge=29882 vtgAge=1263774 xteAge=1263774 xteraw=80:51FFFFFFFFFFFFFF vt=Y(21/22) vtstat=2000/682ms tc=Y drp=0mm tcq=0
13:58:19.174 [ISOBUS] addr=0x81 claimed=Y load=12.4% msgs=31354 aiso=1093(1264774ms) xte=0.00m spd=0.00m/s q=0 ggaAge=30882 vtgAge=1264774 xteAge=1264774 xteraw=80:51FFFFFFFFFFFFFF vt=Y(21/22) vtstat=2002/682ms tc=Y drp=0mm tcq=0
13:58:20.177 [ISOBUS] addr=0x81 claimed=Y load=12.2% msgs=31365 aiso=1094(1265774ms) xte=0.00m spd=0.00m/s q=0 ggaAge=31882 vtgAge=1265774 xteAge=1265774 xteraw=80:51FFFFFFFFFFFFFF vt=Y(21/22) vtstat=2004/682ms tc=Y drp=0mm tcq=0
13:58:21.184 [ISOBUS] addr=0x81 claimed=Y load=12.4% msgs=31376 aiso=1095(1266774ms) xte=0.00m spd=0.00m/s q=0 ggaAge=32882 vtgAge=1266774 xteAge=1266774 xteraw=80:51FFFFFFFFFFFFFF vt=Y(21/22) vtstat=2006/682ms tc=Y drp=0mm tcq=0
13:58:22.182 [ISOBUS] addr=0x81 claimed=Y load=12.7% msgs=31391 aiso=1096(1267774ms) xte=0.00m spd=0.00m/s q=0 ggaAge=33882 vtgAge=1267774 xteAge=1267774 xteraw=80:51FFFFFFFFFFFFFF vt=Y(21/22) vtstat=2008/682ms tc=Y drp=0mm tcq=0
13:58:23.163 [ISOBUS] addr=0x81 claimed=Y load=12.4% msgs=31402 aiso=1097(1268774ms) xte=0.00m spd=0.00m/s q=0 ggaAge=34882 vtgAge=1268774 xteAge=1268774 xteraw=80:51FFFFFFFFFFFFFF vt=Y(21/22) vtstat=2010/682ms tc=Y drp=0mm tcq=0
13:58:24.181 [ISOBUS] addr=0x81 claimed=Y load=13.9% msgs=31434 aiso=1098(1269774ms) xte=0.00m spd=0.00m/s q=0 ggaAge=82 vtgAge=82 xteAge=1269774 xteraw=80:510301FF0A0508FF vt=Y(21/22) vtstat=2012/682ms tc=Y drp=0mm tcq=0
13:58:25.175 [ISOBUS] addr=0x81 claimed=Y load=14.7% msgs=31475 aiso=1099(1270774ms) xte=0.00m spd=0.00m/s q=0 ggaAge=83 vtgAge=83 xteAge=1270774 xteraw=80:510301FF0A0508FF vt=Y(21/22) vtstat=2014/682ms tc=Y drp=0mm tcq=0
13:58:26.163 [ISOBUS] addr=0x81 claimed=Y load=14.5% msgs=31516 aiso=1100(1271774ms) xte=0.00m spd=0.00m/s q=0 ggaAge=83 vtgAge=83 xteAge=1271774 xteraw=80:510301FF0A0508FF vt=Y(21/22) vtstat=2016/682ms tc=Y drp=0mm tcq=0
13:58:27.190 [ISOBUS] addr=0x81 claimed=Y load=14.7% msgs=31557 aiso=1101(1272774ms) xte=0.00m spd=0.00m/s q=0 ggaAge=83 vtgAge=83 xteAge=1272774 xteraw=80:510301FF0A0508FF vt=Y(21/22) vtstat=2018/683ms tc=Y drp=0mm tcq=0
13:58:28.164 [ISOBUS] addr=0x81 claimed=Y load=14.5% msgs=31598 aiso=1102(1273774ms) xte=0.00m spd=0.00m/s q=0 ggaAge=83 vtgAge=83 xteAge=1273774 xteraw=80:510301FF0A0508FF vt=Y(21/22) vtstat=2020/683ms tc=Y drp=0mm tcq=0
13:58:29.163 [ISOBUS] addr=0x81 claimed=Y load=14.7% msgs=31639 aiso=1103(1274774ms) xte=0.00m spd=0.00m/s q=0 ggaAge=83 vtgAge=83 xteAge=1274774 xteraw=80:510301FF0A0508FF vt=Y(21/22) vtstat=2022/683ms tc=Y drp=0mm tcq=0
13:58:30.181 [ISOBUS] addr=0x81 claimed=Y load=14.5% msgs=31680 aiso=1104(1275774ms) xte=0.00m spd=0.00m/s q=0 ggaAge=83 vtgAge=83 xteAge=1275774 xteraw=80:510301FF0A0508FF vt=Y(21/22) vtstat=2024/683ms tc=Y drp=0mm tcq=0
13:58:31.190 [ISOBUS] addr=0x81 claimed=Y load=14.7% msgs=31721 aiso=1105(1276774ms) xte=0.00m spd=0.00m/s q=0 ggaAge=83 vtgAge=83 xteAge=1276774 xteraw=80:510301FF0A0508FF vt=Y(21/22) vtstat=2026/683ms tc=Y drp=0mm tcq=0
13:58:32.191 [ISOBUS] addr=0x81 claimed=Y load=14.9% msgs=31766 aiso=1106(1277774ms) xte=0.00m spd=0.00m/s q=0 ggaAge=83 vtgAge=83 xteAge=1277774 xteraw=80:510301FF0A0508FF vt=Y(21/22) vtstat=2028/683ms tc=Y drp=0mm tcq=0
13:58:33.188 [ISOBUS] addr=0x81 claimed=Y load=14.7% msgs=31807 aiso=1107(1278774ms) xte=0.00m spd=0.00m/s q=0 ggaAge=83 vtgAge=83 xteAge=1278774 xteraw=80:510301FF0A0508FF vt=Y(21/22) vtstat=2030/683ms tc=Y drp=0mm tcq=0
13:58:34.170 [ISOBUS] addr=0x81 claimed=Y load=14.5% msgs=31848 aiso=1108(1279774ms) xte=0.00m spd=0.00m/s q=0 ggaAge=83 vtgAge=83 xteAge=1279774 xteraw=80:510301FF0A0508FF vt=Y(21/22) vtstat=2032/683ms tc=Y drp=0mm tcq=0
13:58:35.190 [ISOBUS] addr=0x81 claimed=Y load=14.7% msgs=31889 aiso=1109(1280774ms) xte=0.00m spd=0.00m/s q=0 ggaAge=83 vtgAge=83 xteAge=1280774 xteraw=80:510302FF0D080BFF vt=Y(21/22) vtstat=2034/683ms tc=Y drp=0mm tcq=0
13:58:36.179 [ISOBUS] addr=0x81 claimed=Y load=14.5% msgs=31930 aiso=1110(1281774ms) xte=0.00m spd=0.00m/s q=0 ggaAge=83 vtgAge=83 xteAge=1281774 xteraw=80:510302FF0D080BFF vt=Y(21/22) vtstat=2036/683ms tc=Y drp=0mm tcq=0
13:58:37.178 [ISOBUS] addr=0x81 claimed=Y load=14.7% msgs=31971 aiso=1111(1282774ms) xte=0.00m spd=0.00m/s q=0 ggaAge=83 vtgAge=83 xteAge=1282774 xteraw=80:510302FF0D080BFF vt=Y(21/22) vtstat=2038/683ms tc=Y drp=0mm tcq=0
13:58:38.176 [ISOBUS] addr=0x81 claimed=Y load=14.5% msgs=32012 aiso=1112(1283774ms) xte=0.00m spd=0.00m/s q=0 ggaAge=83 vtgAge=83 xteAge=1283774 xteraw=80:510302FF0D080BFF vt=Y(21/22) vtstat=2040/683ms tc=Y drp=0mm tcq=0
13:58:39.178 [ISOBUS] addr=0x81 claimed=Y load=14.7% msgs=32053 aiso=1113(1284774ms) xte=0.00m spd=0.00m/s q=0 ggaAge=83 vtgAge=83 xteAge=1284774 xteraw=80:510302FF0D080BFF vt=Y(21/22) vtstat=2042/683ms tc=Y drp=0mm tcq=0
13:58:40.171 [ISOBUS] addr=0x81 claimed=Y load=14.5% msgs=32094 aiso=1114(1285774ms) xte=0.00m spd=0.00m/s q=0 ggaAge=83 vtgAge=83 xteAge=1285774 xteraw=80:510302FF0D080BFF vt=Y(21/22) vtstat=2044/683ms tc=Y drp=0mm tcq=0
13:58:41.186 [ISOBUS] addr=0x81 claimed=Y load=14.7% msgs=32135 aiso=1115(1286774ms) xte=0.00m spd=0.00m/s q=0 ggaAge=83 vtgAge=83 xteAge=1286774 xteraw=80:510302FF0D080BFF vt=Y(21/22) vtstat=2046/683ms tc=Y drp=0mm tcq=0
13:58:42.176 [ISOBUS] addr=0x81 claimed=Y load=14.9% msgs=32180 aiso=1116(1287774ms) xte=0.00m spd=0.00m/s q=0 ggaAge=83 vtgAge=83 xteAge=1287774 xteraw=80:510302FF0D080BFF vt=Y(21/22) vtstat=2048/683ms tc=Y drp=0mm tcq=0
13:58:43.187 [ISOBUS] addr=0x81 claimed=Y load=14.7% msgs=32221 aiso=1117(1288774ms) xte=0.00m spd=0.00m/s q=0 ggaAge=83 vtgAge=83 xteAge=1288774 xteraw=80:510302FF0D080BFF vt=Y(21/22) vtstat=2050/683ms tc=Y drp=0mm tcq=0
13:58:44.188 [ISOBUS] addr=0x81 claimed=Y load=14.5% msgs=32262 aiso=1118(1289774ms) xte=0.00m spd=0.00m/s q=0 ggaAge=83 vtgAge=83 xteAge=1289774 xteraw=80:510302FF0D080BFF vt=Y(21/22) vtstat=2052/683ms tc=Y drp=0mm tcq=0
13:58:45.193 [ISOBUS] addr=0x81 claimed=Y load=14.7% msgs=32303 aiso=1119(1290774ms) xte=0.00m spd=0.00m/s q=0 ggaAge=83 vtgAge=83 xteAge=1290774 xteraw=80:510302FF0D080BFF vt=Y(21/22) vtstat=2054/683ms tc=Y drp=0mm tcq=0
13:58:46.176 [ISOBUS] addr=0x81 claimed=Y load=14.5% msgs=32344 aiso=1120(1291774ms) xte=0.00m spd=0.00m/s q=0 ggaAge=83 vtgAge=83 xteAge=1291774 xteraw=80:510302FF0D080BFF vt=Y(21/22) vtstat=2056/683ms tc=Y drp=0mm tcq=0
13:58:47.178 [ISOBUS] addr=0x81 claimed=Y load=14.7% msgs=32385 aiso=1121(1292774ms) xte=0.00m spd=0.00m/s q=0 ggaAge=83 vtgAge=83 xteAge=1292774 xteraw=80:510302FF0D080BFF vt=Y(21/22) vtstat=2058/683ms tc=Y drp=0mm tcq=0
13:58:48.188 [ISOBUS] addr=0x81 claimed=Y load=14.4% msgs=32426 aiso=1122(1293774ms) xte=0.00m spd=0.00m/s q=0 ggaAge=83 vtgAge=83 xteAge=1293774 xteraw=80:510302FF0D080BFF vt=Y(21/22) vtstat=2060/683ms tc=Y drp=0mm tcq=0
13:58:49.173 [ISOBUS] addr=0x81 claimed=Y load=14.7% msgs=32467 aiso=1123(1294774ms) xte=0.00m spd=0.00m/s q=0 ggaAge=83 vtgAge=83 xteAge=1294774 xteraw=80:510302FF0D080BFF vt=Y(21/22) vtstat=2062/683ms tc=Y drp=0mm tcq=0
13:58:50.174 [ISOBUS] addr=0x81 claimed=Y load=14.5% msgs=32508 aiso=1124(1295774ms) xte=0.00m spd=0.00m/s q=0 ggaAge=83 vtgAge=83 xteAge=1295774 xteraw=80:510302FF0D080BFF vt=Y(21/22) vtstat=2064/683ms tc=Y drp=0mm tcq=0
13:58:51.164 [ISOBUS] addr=0x81 claimed=Y load=14.7% msgs=32549 aiso=1125(1296774ms) xte=0.00m spd=0.00m/s q=0 ggaAge=83 vtgAge=83 xteAge=1296774 xteraw=80:510302FF0D080BFF vt=Y(21/22) vtstat=2066/683ms tc=Y drp=0mm tcq=0
13:58:52.187 [ISOBUS] addr=0x81 claimed=Y load=14.9% msgs=32594 aiso=1126(1297774ms) xte=0.00m spd=0.00m/s q=0 ggaAge=83 vtgAge=83 xteAge=1297774 xteraw=80:510302FF0D080BFF vt=Y(21/22) vtstat=2068/683ms tc=Y drp=0mm tcq=0
13:58:53.183 [ISOBUS] addr=0x81 claimed=Y load=14.7% msgs=32635 aiso=1127(1298774ms) xte=0.00m spd=0.00m/s q=0 ggaAge=83 vtgAge=83 xteAge=1298774 xteraw=80:510302FF0D080BFF vt=Y(21/22) vtstat=2070/683ms tc=Y drp=0mm tcq=0
13:58:54.189 [ISOBUS] addr=0x81 claimed=Y load=14.4% msgs=32676 aiso=1128(1299774ms) xte=0.00m spd=0.00m/s q=0 ggaAge=83 vtgAge=83 xteAge=1299774 xteraw=80:510302FF0D080BFF vt=Y(21/22) vtstat=2072/683ms tc=Y drp=0mm tcq=0
13:58:55.187 [ISOBUS] addr=0x81 claimed=Y load=14.7% msgs=32717 aiso=1129(1300774ms) xte=0.00m spd=0.00m/s q=0 ggaAge=83 vtgAge=79 xteAge=1300774 xteraw=80:510302FF0D080BFF vt=Y(21/22) vtstat=2074/683ms tc=Y drp=0mm tcq=0
13:58:56.177 [ISOBUS] addr=0x81 claimed=Y load=14.5% msgs=32758 aiso=1130(1301774ms) xte=0.00m spd=0.00m/s q=0 ggaAge=83 vtgAge=83 xteAge=1301774 xteraw=80:510302FF0D080BFF vt=Y(21/22) vtstat=2076/679ms tc=Y drp=0mm tcq=0
13:58:57.175 [ISOBUS] addr=0x81 claimed=Y load=14.7% msgs=32799 aiso=1131(1302774ms) xte=0.00m spd=0.00m/s q=0 ggaAge=83 vtgAge=83 xteAge=1302774 xteraw=80:510302FF0D080BFF vt=Y(21/22) vtstat=2078/683ms tc=Y drp=0mm tcq=0
13:58:58.168 [ISOBUS] addr=0x81 claimed=Y load=14.5% msgs=32840 aiso=1132(1303774ms) xte=0.00m spd=0.00m/s q=0 ggaAge=83 vtgAge=83 xteAge=1303774 xteraw=80:510302FF0D080BFF vt=Y(21/22) vtstat=2080/679ms tc=Y drp=0mm tcq=0
13:58:59.181 [ISOBUS] addr=0x81 claimed=Y load=14.7% msgs=32881 aiso=1133(1304774ms) xte=0.00m spd=0.00m/s q=0 ggaAge=83 vtgAge=83 xteAge=1304774 xteraw=80:510302FF0D080BFF vt=Y(21/22) vtstat=2082/683ms tc=Y drp=0mm tcq=0
13:59:00.180 [ISOBUS] addr=0x81 claimed=Y load=14.5% msgs=32922 aiso=1134(1305774ms) xte=0.00m spd=0.00m/s q=0 ggaAge=83 vtgAge=83 xteAge=1305774 xteraw=80:510302FF0D080BFF vt=Y(21/22) vtstat=2084/683ms tc=Y drp=0mm tcq=0
13:59:01.171 [ISOBUS] addr=0x81 claimed=Y load=14.7% msgs=32963 aiso=1135(1306774ms) xte=0.00m spd=0.00m/s q=0 ggaAge=83 vtgAge=83 xteAge=1306774 xteraw=80:510302FF0D080BFF vt=Y(21/22) vtstat=2086/683ms tc=Y drp=0mm tcq=0
13:59:02.186 [ISOBUS] addr=0x81 claimed=Y load=15.0% msgs=33008 aiso=1136(1307774ms) xte=0.00m spd=0.00m/s q=0 ggaAge=83 vtgAge=83 xteAge=1307774 xteraw=80:510302FF0D080BFF vt=Y(21/22) vtstat=2088/679ms tc=Y drp=0mm tcq=0
13:59:03.181 [ISOBUS] addr=0x81 claimed=Y load=14.6% msgs=33049 aiso=1137(1308774ms) xte=0.00m spd=0.00m/s q=0 ggaAge=83 vtgAge=83 xteAge=1308774 xteraw=80:510302FF0D080BFF vt=Y(21/22) vtstat=2090/683ms tc=Y drp=0mm tcq=0
13:59:04.174 [ISOBUS] addr=0x81 claimed=Y load=14.5% msgs=33090 aiso=1138(1309774ms) xte=0.00m spd=0.00m/s q=0 ggaAge=83 vtgAge=83 xteAge=1309774 xteraw=80:510302FF0D080BFF vt=Y(21/22) vtstat=2092/679ms tc=Y drp=0mm tcq=0
13:59:05.181 [ISOBUS] addr=0x81 claimed=Y load=14.7% msgs=33131 aiso=1139(1310774ms) xte=0.00m spd=0.00m/s q=0 ggaAge=83 vtgAge=83 xteAge=1310774 xteraw=80:510302FF0D080BFF vt=Y(21/22) vtstat=2094/683ms tc=Y drp=0mm tcq=0
13:59:06.183 [ISOBUS] addr=0x81 claimed=Y load=14.5% msgs=33172 aiso=1140(1311774ms) xte=0.00m spd=0.00m/s q=0 ggaAge=83 vtgAge=83 xteAge=1311774 xteraw=80:510302FF0D080BFF vt=Y(21/22) vtstat=2096/683ms tc=Y drp=0mm tcq=0
13:59:07.179 [ISOBUS] addr=0x81 claimed=Y load=14.6% msgs=33213 aiso=1141(1312774ms) xte=0.00m spd=0.00m/s q=0 ggaAge=83 vtgAge=83 xteAge=1312774 xteraw=80:510302FF0D080BFF vt=Y(21/22) vtstat=2098/683ms tc=Y drp=0mm tcq=0
13:59:08.171 [ISOBUS] addr=0x81 claimed=Y load=14.5% msgs=33254 aiso=1142(1313774ms) xte=0.00m spd=0.00m/s q=0 ggaAge=83 vtgAge=83 xteAge=1313774 xteraw=80:510302FF0D080BFF vt=Y(21/22) vtstat=2100/683ms tc=Y drp=0mm tcq=0
13:59:09.186 [ISOBUS] addr=0x81 claimed=Y load=14.7% msgs=33295 aiso=1143(1314774ms) xte=0.00m spd=0.00m/s q=0 ggaAge=83 vtgAge=83 xteAge=1314774 xteraw=80:510302FF0D080BFF vt=Y(21/22) vtstat=2102/679ms tc=Y drp=0mm tcq=0
13:59:10.169 [ISOBUS] addr=0x81 claimed=Y load=14.5% msgs=33336 aiso=1144(1315774ms) xte=0.00m spd=0.00m/s q=0 ggaAge=83 vtgAge=83 xteAge=1315774 xteraw=80:510302FF0D080BFF vt=Y(21/22) vtstat=2104/683ms tc=Y drp=0mm tcq=0
13:59:11.191 [ISOBUS] addr=0x81 claimed=Y load=14.7% msgs=33377 aiso=1145(1316774ms) xte=0.00m spd=0.00m/s q=0 ggaAge=83 vtgAge=83 xteAge=1316774 xteraw=80:510302FF0D080BFF vt=Y(21/22) vtstat=2106/679ms tc=Y drp=0mm tcq=0
13:59:12.182 [ISOBUS] addr=0x81 claimed=Y load=15.0% msgs=33422 aiso=1146(1317774ms) xte=0.00m spd=0.00m/s q=0 ggaAge=83 vtgAge=83 xteAge=1317774 xteraw=80:510302FF0D080BFF vt=Y(21/22) vtstat=2108/679ms tc=Y drp=0mm tcq=0
13:59:13.170 [ISOBUS] addr=0x81 claimed=Y load=14.7% msgs=33463 aiso=1147(1318774ms) xte=0.00m spd=0.00m/s q=0 ggaAge=83 vtgAge=83 xteAge=1318774 xteraw=80:510302FF0D080BFF vt=Y(21/22) vtstat=2110/683ms tc=Y drp=0mm tcq=0
13:59:14.190 [ISOBUS] addr=0x81 claimed=Y load=14.5% msgs=33504 aiso=1148(1319774ms) xte=0.00m spd=0.00m/s q=0 ggaAge=84 vtgAge=84 xteAge=1319774 xteraw=80:510302FF0D080BFF vt=Y(21/22) vtstat=2112/679ms tc=Y drp=0mm tcq=0
13:59:15.168 [ISOBUS] addr=0x81 claimed=Y load=14.7% msgs=33545 aiso=1149(1320774ms) xte=0.00m spd=0.00m/s q=0 ggaAge=84 vtgAge=84 xteAge=1320774 xteraw=80:510302FF0D080BFF vt=Y(21/22) vtstat=2114/680ms tc=Y drp=0mm tcq=0
13:59:16.177 [ISOBUS] addr=0x81 claimed=Y load=14.5% msgs=33586 aiso=1150(1321774ms) xte=0.00m spd=0.00m/s q=0 ggaAge=84 vtgAge=84 xteAge=1321774 xteraw=80:510302FF0D080BFF vt=Y(21/22) vtstat=2116/680ms tc=Y drp=0mm tcq=0
13:59:17.165 [ISOBUS] addr=0x81 claimed=Y load=14.7% msgs=33627 aiso=1151(1322774ms) xte=0.00m spd=0.00m/s q=0 ggaAge=84 vtgAge=84 xteAge=1322774 xteraw=80:510302FF0D080BFF vt=Y(21/22) vtstat=2118/680ms tc=Y drp=0mm tcq=0
13:59:18.180 [ISOBUS] addr=0x81 claimed=Y load=14.5% msgs=33668 aiso=1152(1323774ms) xte=0.00m spd=0.00m/s q=0 ggaAge=84 vtgAge=84 xteAge=1323774 xteraw=80:510302FF0D080BFF vt=Y(21/22) vtstat=2120/680ms tc=Y drp=0mm tcq=0
13:59:19.188 [ISOBUS] addr=0x81 claimed=Y load=14.7% msgs=33709 aiso=1153(1324774ms) xte=0.00m spd=0.00m/s q=0 ggaAge=84 vtgAge=84 xteAge=1324774 xteraw=80:510302FF0D080BFF vt=Y(21/22) vtstat=2122/680ms tc=Y drp=0mm tcq=0
13:59:20.186 [ISOBUS] addr=0x81 claimed=Y load=14.5% msgs=33750 aiso=1154(1325774ms) xte=0.00m spd=0.00m/s q=0 ggaAge=84 vtgAge=84 xteAge=1325774 xteraw=80:510302FF0D080BFF vt=Y(21/22) vtstat=2124/680ms tc=Y drp=0mm tcq=0
13:59:21.194 [ISOBUS] addr=0x81 claimed=Y load=14.7% msgs=33791 aiso=1155(1326774ms) xte=0.00m spd=0.00m/s q=0 ggaAge=84 vtgAge=84 xteAge=1326774 xteraw=80:510302FF0D080BFF vt=Y(21/22) vtstat=2126/680ms tc=Y drp=0mm tcq=0
13:59:22.183 [ISOBUS] addr=0x81 claimed=Y load=15.0% msgs=33836 aiso=1156(1327774ms) xte=0.00m spd=0.00m/s q=0 ggaAge=84 vtgAge=84 xteAge=1327774 xteraw=80:510302FF0D080BFF vt=Y(21/22) vtstat=2128/680ms tc=Y drp=0mm tcq=0
13:59:23.166 [ISOBUS] addr=0x81 claimed=Y load=14.7% msgs=33877 aiso=1157(1328774ms) xte=0.00m spd=0.00m/s q=0 ggaAge=84 vtgAge=84 xteAge=1328774 xteraw=80:510302FF0D080BFF vt=Y(21/22) vtstat=2130/684ms tc=Y drp=0mm tcq=0
13:59:24.166 [ISOBUS] addr=0x81 claimed=Y load=14.5% msgs=33918 aiso=1158(1329774ms) xte=0.00m spd=0.00m/s q=0 ggaAge=84 vtgAge=80 xteAge=1329774 xteraw=80:510302FF0D080BFF vt=Y(21/22) vtstat=2132/684ms tc=Y drp=0mm tcq=0
13:59:25.179 [ISOBUS] addr=0x81 claimed=Y load=14.7% msgs=33959 aiso=1159(1330774ms) xte=0.00m spd=0.00m/s q=0 ggaAge=84 vtgAge=84 xteAge=1330774 xteraw=80:510302FF0D080BFF vt=Y(21/22) vtstat=2134/680ms tc=Y drp=0mm tcq=0
13:59:26.187 [ISOBUS] addr=0x81 claimed=Y load=14.5% msgs=34000 aiso=1160(1331774ms) xte=0.00m spd=0.00m/s q=0 ggaAge=84 vtgAge=84 xteAge=1331774 xteraw=80:510302FF0D080BFF vt=Y(21/22) vtstat=2136/684ms tc=Y drp=0mm tcq=0
13:59:27.166 [ISOBUS] addr=0x81 claimed=Y load=14.7% msgs=34041 aiso=1161(1332774ms) xte=0.00m spd=0.00m/s q=0 ggaAge=84 vtgAge=84 xteAge=1332774 xteraw=80:510302FF0D080BFF vt=Y(21/22) vtstat=2138/680ms tc=Y drp=0mm tcq=0
13:59:28.175 [ISOBUS] addr=0x81 claimed=Y load=14.5% msgs=34082 aiso=1162(1333774ms) xte=0.00m spd=0.00m/s q=0 ggaAge=84 vtgAge=84 xteAge=1333774 xteraw=80:510302FF0D080BFF vt=Y(21/22) vtstat=2140/680ms tc=Y drp=0mm tcq=0
13:59:29.192 [ISOBUS] addr=0x81 claimed=Y load=14.7% msgs=34123 aiso=1163(1334774ms) xte=0.00m spd=0.00m/s q=0 ggaAge=84 vtgAge=84 xteAge=1334774 xteraw=80:510302FF0D080BFF vt=Y(21/22) vtstat=2142/680ms tc=Y drp=0mm tcq=0
13:59:30.188 [ISOBUS] addr=0x81 claimed=Y load=14.5% msgs=34164 aiso=1164(1335774ms) xte=0.00m spd=0.00m/s q=0 ggaAge=84 vtgAge=84 xteAge=1335774 xteraw=80:510302FF0D080BFF vt=Y(21/22) vtstat=2144/680ms tc=Y drp=0mm tcq=0
13:59:31.169 [ISOBUS] addr=0x81 claimed=Y load=14.7% msgs=34205 aiso=1165(1336774ms) xte=0.00m spd=0.00m/s q=0 ggaAge=84 vtgAge=80 xteAge=1336774 xteraw=80:510302FF0D080BFF vt=Y(21/22) vtstat=2146/684ms tc=Y drp=0mm tcq=0
13:59:32.186 [ISOBUS] addr=0x81 claimed=Y load=15.0% msgs=34250 aiso=1166(1337774ms) xte=0.00m spd=0.00m/s q=0 ggaAge=84 vtgAge=84 xteAge=1337774 xteraw=80:510302FF0D080BFF vt=Y(21/22) vtstat=2148/680ms tc=Y drp=0mm tcq=0
13:59:33.165 [ISOBUS] addr=0x81 claimed=Y load=14.7% msgs=34291 aiso=1167(1338774ms) xte=0.00m spd=0.00m/s q=0 ggaAge=84 vtgAge=80 xteAge=1338774 xteraw=80:510302FF0D080BFF vt=Y(21/22) vtstat=2150/680ms tc=Y drp=0mm tcq=0
13:59:34.190 [ISOBUS] addr=0x81 claimed=Y load=14.5% msgs=34332 aiso=1168(1339774ms) xte=0.00m spd=0.00m/s q=0 ggaAge=84 vtgAge=84 xteAge=1339774 xteraw=80:510302FF0D080BFF vt=Y(21/22) vtstat=2152/680ms tc=Y drp=0mm tcq=0
13:59:35.172 [ISOBUS] addr=0x81 claimed=Y load=14.7% msgs=34373 aiso=1169(1340774ms) xte=0.00m spd=0.00m/s q=0 ggaAge=84 vtgAge=84 xteAge=1340774 xteraw=80:510302FF0D080BFF vt=Y(21/22) vtstat=2154/680ms tc=Y drp=0mm tcq=0
13:59:36.171 [ISOBUS] addr=0x81 claimed=Y load=14.5% msgs=34414 aiso=1170(1341774ms) xte=0.00m spd=0.00m/s q=0 ggaAge=84 vtgAge=84 xteAge=1341774 xteraw=80:510302FF0D080BFF vt=Y(21/22) vtstat=2156/684ms tc=Y drp=0mm tcq=0
13:59:37.181 [ISOBUS] addr=0x81 claimed=Y load=14.7% msgs=34455 aiso=1171(1342774ms) xte=0.00m spd=0.00m/s q=0 ggaAge=84 vtgAge=80 xteAge=1342774 xteraw=80:510302FF0D080BFF vt=Y(21/22) vtstat=2158/680ms tc=Y drp=0mm tcq=0
13:59:38.179 [ISOBUS] addr=0x81 claimed=Y load=14.5% msgs=34496 aiso=1172(1343774ms) xte=0.00m spd=0.00m/s q=0 ggaAge=84 vtgAge=84 xteAge=1343774 xteraw=80:510302FF0D080BFF vt=Y(21/22) vtstat=2160/680ms tc=Y drp=0mm tcq=0
13:59:39.178 [ISOBUS] addr=0x81 claimed=Y load=14.7% msgs=34537 aiso=1173(1344774ms) xte=0.00m spd=0.00m/s q=0 ggaAge=84 vtgAge=84 xteAge=1344774 xteraw=80:510302FF0D080BFF vt=Y(21/22) vtstat=2162/680ms tc=Y drp=0mm tcq=0
13:59:40.190 [ISOBUS] addr=0x81 claimed=Y load=14.5% msgs=34578 aiso=1174(1345774ms) xte=0.00m spd=0.00m/s q=0 ggaAge=84 vtgAge=84 xteAge=1345774 xteraw=80:510302FF0D080BFF vt=Y(21/22) vtstat=2164/680ms tc=Y drp=0mm tcq=0
13:59:41.189 [ISOBUS] addr=0x81 claimed=Y load=14.7% msgs=34619 aiso=1175(1346774ms) xte=0.00m spd=0.00m/s q=0 ggaAge=84 vtgAge=80 xteAge=1346774 xteraw=80:510302FF0D080BFF vt=Y(21/22) vtstat=2166/680ms tc=Y drp=0mm tcq=0
13:59:42.172 [ISOBUS] addr=0x81 claimed=Y load=15.0% msgs=34664 aiso=1176(1347774ms) xte=0.00m spd=0.00m/s q=0 ggaAge=84 vtgAge=84 xteAge=1347774 xteraw=80:510302FF0D080BFF vt=Y(21/22) vtstat=2168/680ms tc=Y drp=0mm tcq=0
13:59:43.163 [ISOBUS] addr=0x81 claimed=Y load=14.7% msgs=34705 aiso=1177(1348774ms) xte=0.00m spd=0.00m/s q=0 ggaAge=84 vtgAge=84 xteAge=1348774 xteraw=80:510302FF0D080BFF vt=Y(21/22) vtstat=2170/680ms tc=Y drp=0mm tcq=0
13:59:44.166 [ISOBUS] addr=0x81 claimed=Y load=14.5% msgs=34746 aiso=1178(1349774ms) xte=0.00m spd=0.00m/s q=0 ggaAge=84 vtgAge=80 xteAge=1349774 xteraw=80:510302FF0D080BFF vt=Y(21/22) vtstat=2172/680ms tc=Y drp=0mm tcq=0
13:59:45.194 [ISOBUS] addr=0x81 claimed=Y load=14.7% msgs=34787 aiso=1179(1350774ms) xte=0.00m spd=0.00m/s q=0 ggaAge=84 vtgAge=80 xteAge=1350774 xteraw=80:510302FF0D080BFF vt=Y(21/22) vtstat=2174/680ms tc=Y drp=0mm tcq=0
13:59:46.195 [ISOBUS] addr=0x81 claimed=Y load=14.5% msgs=34828 aiso=1180(1351774ms) xte=0.00m spd=0.00m/s q=0 ggaAge=84 vtgAge=80 xteAge=1351774 xteraw=80:510302FF0D080BFF vt=Y(21/22) vtstat=2176/680ms tc=Y drp=0mm tcq=0
13:59:47.165 [ISOBUS] addr=0x81 claimed=Y load=14.7% msgs=34869 aiso=1181(1352774ms) xte=0.00m spd=0.00m/s q=0 ggaAge=84 vtgAge=80 xteAge=1352774 xteraw=80:510302FF0D080BFF vt=Y(21/22) vtstat=2178/680ms tc=Y drp=0mm tcq=0
13:59:48.193 [ISOBUS] addr=0x81 claimed=Y load=14.5% msgs=34910 aiso=1182(1353774ms) xte=0.00m spd=0.00m/s q=0 ggaAge=72 vtgAge=68 xteAge=1353774 xteraw=80:510302FF0D080BFF vt=Y(21/22) vtstat=2180/684ms tc=Y drp=0mm tcq=0
13:59:49.172 [ISOBUS] addr=0x81 claimed=Y load=14.7% msgs=34951 aiso=1183(1354774ms) xte=0.00m spd=0.00m/s q=0 ggaAge=84 vtgAge=84 xteAge=1354774 xteraw=80:510302FF0D080BFF vt=Y(21/22) vtstat=2182/680ms tc=Y drp=0mm tcq=0
13:59:50.191 [ISOBUS] addr=0x81 claimed=Y load=14.5% msgs=34992 aiso=1184(1355774ms) xte=0.00m spd=0.00m/s q=0 ggaAge=84 vtgAge=80 xteAge=1355774 xteraw=80:510302FF0D080BFF vt=Y(21/22) vtstat=2184/680ms tc=Y drp=0mm tcq=0
13:59:51.192 [ISOBUS] addr=0x81 claimed=Y load=14.7% msgs=35033 aiso=1185(1356774ms) xte=0.00m spd=0.00m/s q=0 ggaAge=84 vtgAge=84 xteAge=1356774 xteraw=80:510302FF0D080BFF vt=Y(21/22) vtstat=2186/680ms tc=Y drp=0mm tcq=0
13:59:52.195 [ISOBUS] addr=0x81 claimed=Y load=15.0% msgs=35078 aiso=1186(1357774ms) xte=0.00m spd=0.00m/s q=0 ggaAge=84 vtgAge=84 xteAge=1357774 xteraw=80:510302FF0D080BFF vt=Y(21/22) vtstat=2188/684ms tc=Y drp=0mm tcq=0
13:59:53.166 [ISOBUS] addr=0x81 claimed=Y load=14.7% msgs=35119 aiso=1187(1358774ms) xte=0.00m spd=0.00m/s q=0 ggaAge=84 vtgAge=80 xteAge=1358774 xteraw=80:510302FF0D080BFF vt=Y(21/22) vtstat=2190/680ms tc=Y drp=0mm tcq=0
13:59:54.164 [ISOBUS] addr=0x81 claimed=Y load=14.5% msgs=35160 aiso=1188(1359774ms) xte=0.00m spd=0.00m/s q=0 ggaAge=84 vtgAge=80 xteAge=1359774 xteraw=80:510302FF0D080BFF vt=Y(21/22) vtstat=2192/680ms tc=Y drp=0mm tcq=0
13:59:55.179 [ISOBUS] addr=0x81 claimed=Y load=14.7% msgs=35201 aiso=1189(1360774ms) xte=0.00m spd=0.00m/s q=0 ggaAge=80 vtgAge=80 xteAge=1360774 xteraw=80:510302FF0D080BFF vt=Y(21/22) vtstat=2194/684ms tc=Y drp=0mm tcq=0
13:59:56.178 [ISOBUS] addr=0x81 claimed=Y load=14.5% msgs=35242 aiso=1190(1361774ms) xte=0.00m spd=0.00m/s q=0 ggaAge=80 vtgAge=80 xteAge=1361774 xteraw=80:510302FF0D080BFF vt=Y(21/22) vtstat=2196/680ms tc=Y drp=0mm tcq=0
13:59:57.178 [ISOBUS] addr=0x81 claimed=Y load=14.7% msgs=35283 aiso=1191(1362774ms) xte=0.00m spd=0.00m/s q=0 ggaAge=80 vtgAge=80 xteAge=1362774 xteraw=80:510302FF0D080BFF vt=Y(21/22) vtstat=2198/680ms tc=Y drp=0mm tcq=0
13:59:58.191 [ISOBUS] addr=0x81 claimed=Y load=14.5% msgs=35324 aiso=1192(1363774ms) xte=0.00m spd=0.00m/s q=0 ggaAge=84 vtgAge=80 xteAge=1363774 xteraw=80:510302FF0D080BFF vt=Y(21/22) vtstat=2200/680ms tc=Y drp=0mm tcq=0
13:59:59.175 [ISOBUS] addr=0x81 claimed=Y load=14.7% msgs=35365 aiso=1193(1364774ms) xte=0.00m spd=0.00m/s q=0 ggaAge=80 vtgAge=80 xteAge=1364774 xteraw=80:510302FF0D080BFF vt=Y(21/22) vtstat=2202/680ms tc=Y drp=0mm tcq=0
14:00:00.167 [ISOBUS] addr=0x81 claimed=Y load=14.5% msgs=35406 aiso=1194(1365774ms) xte=0.00m spd=0.00m/s q=0 ggaAge=80 vtgAge=80 xteAge=1365774 xteraw=80:510302FF0D080BFF vt=Y(21/22) vtstat=2204/684ms tc=Y drp=0mm tcq=0
14:00:01.195 [ISOBUS] addr=0x81 claimed=Y load=14.7% msgs=35447 aiso=1195(1366774ms) xte=0.00m spd=0.00m/s q=0 ggaAge=80 vtgAge=80 xteAge=1366774 xteraw=80:510302FF0D080BFF vt=Y(21/22) vtstat=2206/680ms tc=Y drp=0mm tcq=0
14:00:02.183 [ISOBUS] addr=0x81 claimed=Y load=15.0% msgs=35492 aiso=1196(1367774ms) xte=0.00m spd=0.00m/s q=0 ggaAge=81 vtgAge=81 xteAge=1367774 xteraw=80:510302FF0D080BFF vt=Y(21/22) vtstat=2208/680ms tc=Y drp=0mm tcq=0
14:00:03.174 [ISOBUS] addr=0x81 claimed=Y load=14.7% msgs=35533 aiso=1197(1368774ms) xte=0.00m spd=0.00m/s q=0 ggaAge=81 vtgAge=81 xteAge=1368774 xteraw=80:510302FF0D080BFF vt=Y(21/22) vtstat=2210/680ms tc=Y drp=0mm tcq=0
14:00:04.188 [ISOBUS] addr=0x81 claimed=Y load=14.5% msgs=35574 aiso=1198(1369774ms) xte=0.00m spd=0.00m/s q=0 ggaAge=81 vtgAge=81 xteAge=1369774 xteraw=80:510302FF0D080BFF vt=Y(21/22) vtstat=2212/681ms tc=Y drp=0mm tcq=0
14:00:05.167 [ISOBUS] addr=0x81 claimed=Y load=14.7% msgs=35615 aiso=1199(1370774ms) xte=0.00m spd=0.00m/s q=0 ggaAge=81 vtgAge=81 xteAge=1370774 xteraw=80:510302FF0D080BFF vt=Y(21/22) vtstat=2214/681ms tc=Y drp=0mm tcq=0
14:00:06.176 [ISOBUS] addr=0x81 claimed=Y load=14.5% msgs=35656 aiso=1200(1371774ms) xte=0.00m spd=0.00m/s q=0 ggaAge=81 vtgAge=81 xteAge=1371774 xteraw=80:510302FF0D080BFF vt=Y(21/22) vtstat=2216/681ms tc=Y drp=0mm tcq=0
14:00:07.173 [ISOBUS] addr=0x81 claimed=Y load=14.7% msgs=35697 aiso=1201(1372774ms) xte=0.00m spd=0.00m/s q=0 ggaAge=81 vtgAge=81 xteAge=1372774 xteraw=80:510302FF0D080BFF vt=Y(21/22) vtstat=2218/685ms tc=Y drp=0mm tcq=0
14:00:08.173 [ISOBUS] addr=0x81 claimed=Y load=14.5% msgs=35738 aiso=1202(1373774ms) xte=0.00m spd=0.00m/s q=0 ggaAge=81 vtgAge=81 xteAge=1373774 xteraw=80:510302FF0D080BFF vt=Y(21/22) vtstat=2220/681ms tc=Y drp=0mm tcq=0
14:00:09.164 [ISOBUS] addr=0x81 claimed=Y load=14.7% msgs=35779 aiso=1203(1374774ms) xte=0.00m spd=0.00m/s q=0 ggaAge=81 vtgAge=81 xteAge=1374774 xteraw=80:510302FF0D080BFF vt=Y(21/22) vtstat=2222/681ms tc=Y drp=0mm tcq=0
14:00:10.174 [ISOBUS] addr=0x81 claimed=Y load=14.5% msgs=35820 aiso=1204(1375774ms) xte=0.00m spd=0.00m/s q=0 ggaAge=81 vtgAge=81 xteAge=1375774 xteraw=80:510302FF0D080BFF vt=Y(21/22) vtstat=2224/681ms tc=Y drp=0mm tcq=0
14:00:11.168 [ISOBUS] addr=0x81 claimed=Y load=14.7% msgs=35861 aiso=1205(1376774ms) xte=0.00m spd=0.00m/s q=0 ggaAge=81 vtgAge=81 xteAge=1376774 xteraw=80:510302FF0D080BFF vt=Y(21/22) vtstat=2226/681ms tc=Y drp=0mm tcq=0
14:00:12.186 [ISOBUS] addr=0x81 claimed=Y load=15.0% msgs=35906 aiso=1206(1377774ms) xte=0.00m spd=0.00m/s q=0 ggaAge=81 vtgAge=81 xteAge=1377774 xteraw=80:510302FF0D080BFF vt=Y(21/22) vtstat=2228/681ms tc=Y drp=0mm tcq=0
14:00:13.170 [ISOBUS] addr=0x81 claimed=Y load=14.7% msgs=35947 aiso=1207(1378774ms) xte=0.00m spd=0.00m/s q=0 ggaAge=81 vtgAge=81 xteAge=1378774 xteraw=80:510302FF0D080BFF vt=Y(21/22) vtstat=2230/681ms tc=Y drp=0mm tcq=0
14:00:14.182 [ISOBUS] addr=0x81 claimed=Y load=14.5% msgs=35988 aiso=1208(1379774ms) xte=0.00m spd=0.00m/s q=0 ggaAge=81 vtgAge=81 xteAge=1379774 xteraw=80:510302FF0D080BFF vt=Y(21/22) vtstat=2232/681ms tc=Y drp=0mm tcq=0
14:00:15.191 [ISOBUS] addr=0x81 claimed=Y load=14.7% msgs=36029 aiso=1209(1380774ms) xte=0.00m spd=0.00m/s q=0 ggaAge=81 vtgAge=81 xteAge=1380774 xteraw=80:510302FF0D080BFF vt=Y(21/22) vtstat=2234/681ms tc=Y drp=0mm tcq=0
14:00:16.184 [ISOBUS] addr=0x81 claimed=Y load=14.5% msgs=36070 aiso=1210(1381774ms) xte=0.00m spd=0.00m/s q=0 ggaAge=81 vtgAge=81 xteAge=1381774 xteraw=80:510302FF0D080BFF vt=Y(21/22) vtstat=2236/681ms tc=Y drp=0mm tcq=0
14:00:17.193 [ISOBUS] addr=0x81 claimed=Y load=14.7% msgs=36111 aiso=1211(1382774ms) xte=0.00m spd=0.00m/s q=0 ggaAge=81 vtgAge=81 xteAge=1382774 xteraw=80:510302FF0D080BFF vt=Y(21/22) vtstat=2238/685ms tc=Y drp=0mm tcq=0
14:00:18.169 [ISOBUS] addr=0x81 claimed=Y load=14.5% msgs=36152 aiso=1212(1383774ms) xte=0.00m spd=0.00m/s q=0 ggaAge=81 vtgAge=81 xteAge=1383774 xteraw=80:510302FF0D080BFF vt=Y(21/22) vtstat=2240/681ms tc=Y drp=0mm tcq=0
14:00:19.181 [ISOBUS] addr=0x81 claimed=Y load=14.7% msgs=36193 aiso=1213(1384774ms) xte=0.00m spd=0.00m/s q=0 ggaAge=81 vtgAge=81 xteAge=1384774 xteraw=80:510302FF0D080BFF vt=Y(21/22) vtstat=2242/681ms tc=Y drp=0mm tcq=0
14:00:20.192 [ISOBUS] addr=0x81 claimed=Y load=14.5% msgs=36234 aiso=1214(1385774ms) xte=0.00m spd=0.00m/s q=0 ggaAge=81 vtgAge=81 xteAge=1385774 xteraw=80:510302FF0D080BFF vt=Y(21/22) vtstat=2244/681ms tc=Y drp=0mm tcq=0
14:00:21.194 [ISOBUS] addr=0x81 claimed=Y load=14.7% msgs=36275 aiso=1215(1386774ms) xte=0.00m spd=0.00m/s q=0 ggaAge=81 vtgAge=81 xteAge=1386774 xteraw=80:510302FF0D080BFF vt=Y(21/22) vtstat=2246/681ms tc=Y drp=0mm tcq=0
14:00:22.174 [ISOBUS] addr=0x81 claimed=Y load=15.0% msgs=36320 aiso=1216(1387774ms) xte=0.00m spd=0.00m/s q=0 ggaAge=81 vtgAge=81 xteAge=1387774 xteraw=80:510302FF0D080BFF vt=Y(21/22) vtstat=2248/681ms tc=Y drp=0mm tcq=0
14:00:23.190 [ISOBUS] addr=0x81 claimed=Y load=14.7% msgs=36361 aiso=1217(1388774ms) xte=0.00m spd=0.00m/s q=0 ggaAge=81 vtgAge=81 xteAge=1388774 xteraw=80:510302FF0D080BFF vt=Y(21/22) vtstat=2250/681ms tc=Y drp=0mm tcq=0
14:00:24.193 [ISOBUS] addr=0x81 claimed=Y load=14.5% msgs=36402 aiso=1218(1389774ms) xte=0.00m spd=0.00m/s q=0 ggaAge=81 vtgAge=81 xteAge=1389774 xteraw=80:510302FF0D080BFF vt=Y(21/22) vtstat=2252/681ms tc=Y drp=0mm tcq=0
14:00:25.184 [ISOBUS] addr=0x81 claimed=Y load=14.7% msgs=36443 aiso=1219(1390774ms) xte=0.00m spd=0.00m/s q=0 ggaAge=81 vtgAge=81 xteAge=1390774 xteraw=80:510302FF0D080BFF vt=Y(21/22) vtstat=2254/681ms tc=Y drp=0mm tcq=0
14:00:26.170 [ISOBUS] addr=0x81 claimed=Y load=14.5% msgs=36484 aiso=1220(1391774ms) xte=0.00m spd=0.00m/s q=0 ggaAge=81 vtgAge=81 xteAge=1391774 xteraw=80:510302FF0D080BFF vt=Y(21/22) vtstat=2256/681ms tc=Y drp=0mm tcq=0
14:00:27.167 [ISOBUS] addr=0x81 claimed=Y load=14.7% msgs=36525 aiso=1221(1392774ms) xte=0.00m spd=0.00m/s q=0 ggaAge=81 vtgAge=81 xteAge=1392774 xteraw=80:510302FF0D080BFF vt=Y(21/22) vtstat=2258/681ms tc=Y drp=0mm tcq=0
14:00:28.193 [ISOBUS] addr=0x81 claimed=Y load=14.5% msgs=36566 aiso=1222(1393774ms) xte=0.00m spd=0.00m/s q=0 ggaAge=81 vtgAge=81 xteAge=1393774 xteraw=80:510302FF0D080BFF vt=Y(21/22) vtstat=2260/681ms tc=Y drp=0mm tcq=0
14:00:29.204 [ISOBUS] addr=0x81 claimed=Y load=14.7% msgs=36607 aiso=1223(1394774ms) xte=0.00m spd=0.00m/s q=0 ggaAge=81 vtgAge=81 xteAge=1394774 xteraw=80:510302FF0D080BFF vt=Y(21/22) vtstat=2262/681ms tc=Y drp=0mm tcq=0
14:00:30.188 [ISOBUS] addr=0x81 claimed=Y load=14.5% msgs=36648 aiso=1224(1395774ms) xte=0.00m spd=0.00m/s q=0 ggaAge=81 vtgAge=81 xteAge=1395774 xteraw=80:510302FF0D080BFF vt=Y(21/22) vtstat=2264/681ms tc=Y drp=0mm tcq=0
14:00:31.180 [ISOBUS] addr=0x81 claimed=Y load=14.7% msgs=36689 aiso=1225(1396774ms) xte=0.00m spd=0.00m/s q=0 ggaAge=81 vtgAge=81 xteAge=1396774 xteraw=80:510302FF0D080BFF vt=Y(21/22) vtstat=2266/681ms tc=Y drp=0mm tcq=0
14:00:32.169 [ISOBUS] addr=0x81 claimed=Y load=15.0% msgs=36734 aiso=1226(1397774ms) xte=0.00m spd=0.00m/s q=0 ggaAge=81 vtgAge=81 xteAge=1397774 xteraw=80:510302FF0D080BFF vt=Y(21/22) vtstat=2268/681ms tc=Y drp=0mm tcq=0
14:00:33.195 [ISOBUS] addr=0x81 claimed=Y load=14.7% msgs=36775 aiso=1227(1398774ms) xte=0.00m spd=0.00m/s q=0 ggaAge=81 vtgAge=81 xteAge=1398774 xteraw=80:510302FF0D080BFF vt=Y(21/22) vtstat=2270/673ms tc=Y drp=0mm tcq=0
14:00:34.198 [ISOBUS] addr=0x81 claimed=Y load=14.5% msgs=36816 aiso=1228(1399774ms) xte=0.00m spd=0.00m/s q=0 ggaAge=81 vtgAge=81 xteAge=1399774 xteraw=80:510302FF0D080BFF vt=Y(21/22) vtstat=2272/681ms tc=Y drp=0mm tcq=0
14:00:35.192 [ISOBUS] addr=0x81 claimed=Y load=14.7% msgs=36857 aiso=1229(1400774ms) xte=0.00m spd=0.00m/s q=0 ggaAge=81 vtgAge=81 xteAge=1400774 xteraw=80:510302FF0D080BFF vt=Y(21/22) vtstat=2274/681ms tc=Y drp=0mm tcq=0
14:00:36.169 [ISOBUS] addr=0x81 claimed=Y load=14.5% msgs=36898 aiso=1230(1401774ms) xte=0.00m spd=0.00m/s q=0 ggaAge=81 vtgAge=81 xteAge=1401774 xteraw=80:510302FF0D080BFF vt=Y(21/22) vtstat=2276/681ms tc=Y drp=0mm tcq=0
14:00:37.176 [ISOBUS] addr=0x81 claimed=Y load=14.7% msgs=36939 aiso=1231(1402774ms) xte=0.00m spd=0.00m/s q=0 ggaAge=81 vtgAge=81 xteAge=1402774 xteraw=80:510302FF0D080BFF vt=Y(21/22) vtstat=2278/681ms tc=Y drp=0mm tcq=0
14:00:38.195 [ISOBUS] addr=0x81 claimed=Y load=14.5% msgs=36980 aiso=1232(1403774ms) xte=0.00m spd=0.00m/s q=0 ggaAge=81 vtgAge=81 xteAge=1403774 xteraw=80:510302FF0D080BFF vt=Y(21/22) vtstat=2280/681ms tc=Y drp=0mm tcq=0
14:00:39.169 [ISOBUS] addr=0x81 claimed=Y load=14.7% msgs=37021 aiso=1233(1404774ms) xte=0.00m spd=0.00m/s q=0 ggaAge=81 vtgAge=81 xteAge=1404774 xteraw=80:510302FF0D080BFF vt=Y(21/22) vtstat=2282/681ms tc=Y drp=0mm tcq=0
14:00:39.201 ### sending keys: x1q
14:00:40.173 === ISOBUS DEBUG MENU ===
14:00:40.175 1. Full status dump
14:00:40.176 2. Periodic summary line (ON - press to toggle)
14:00:40.177 3. Reset message counters
14:00:40.178 4. Dump DDOP as hex (open in AgIsoDDOPGenerator)
14:00:40.178 5. Dump VT object pool as hex
14:00:40.180 q. Exit
14:00:40.180 === ISOBUS STATUS ===
14:00:40.180 Address claim: CLAIMED  address=0x81
14:00:40.182 CAN controller: error-active  TX err 0 (peak 144)  RX err 0 (peak 129)
14:00:40.182   error-passive entries: 3  bus-off entries: 0  longest episode: 149561 ms
14:00:40.184 Bus load (ch0): 14.7 %
14:00:40.184 --- Message counters ---
14:00:40.184   PGN 129025 Position NMEA2000: 0
14:00:40.186   PGN 129026 Speed NMEA2000:    0
14:00:40.186   PGN 129283 XTE NMEA2000:      136
14:00:40.188   PGN 65267  Position legacy:   7640
14:00:40.188   PGN 65256  Speed legacy:      7639   last SA=0x80 raw=0x0
14:00:40.190   PGN 65535  all senders:       7639   last SA=0x80
14:00:40.190   PGN 65535  XTE carrier 0x2A:  0   (none decoded)
14:00:40.192              raw SA=0x80 word=0xDFF byte1=0x3 payload 510302FF0D080BFF  (81 ms ago)
14:00:40.192   PGN 60160  XTE Trimble legacy:410   last SA=0x26
14:00:40.194   PGN 64770  AISO stop:         1233   last 1404974 ms ago
14:00:40.194   TOTAL:                        37029
14:00:40.196 --- Guidance telemetry ---
14:00:40.198   XTE:          0.00 m
14:00:40.198   Speed:        0.00 m/s (0.00 kn)
14:00:40.198   Quality:      0   RTK quality=4  PGN 129029 GNSS position: (none received)
14:00:40.200   PGN 129027 position deltas: 0
14:00:40.200   Guidance machine info (PGN 44032): 12332 msgs, last 13 ms ago
14:00:40.202     lockout=YES/READY  steeringReady=n/a  remoteEngage=n/a  curvature=-1.25 1/km
14:00:40.202   IsRtkQuality=N
14:00:40.202   GGA fix age:  81 ms
14:00:40.204   VTG fix age:  81 ms
14:00:40.204   XTE fix age:  1404974 ms
14:00:40.206   Lat/Lon/Alt/Course: 53.442120 / 6.755844 / 4.4 m / 122.6 deg
14:00:40.206 --- Virtual Terminal ---
14:00:40.206   Connected:    Y
14:00:40.208   State:        21/22  Connected
14:00:40.208   VT version:  4
14:00:40.210   VT status msgs: 2282   last 881 ms ago
14:00:40.210   Partner: addr=0x26 valid=Y  reconnect attempts=0
14:00:40.213   VT failover: switches=1 claim requests=14
14:00:40.213 --- Task Controller ---
14:00:40.213   Connected:    Y
14:00:40.213   TC-GEO (with/without pos): Y/N
14:00:40.213   Task active:  Y
14:00:40.218   DRP deviation (DDI 513): 0 mm, last 1404974 ms ago
14:00:40.218   GNSS quality (DDI 514):  0, last 1404974 ms ago
14:00:40.220   [via stack] Value cmds to handler: 0  last DDI=(none)
14:00:40.221   [via stack] Value req callbacks:  0   (mostly AgIsoStack's own re-polling -- NOT bus traffic)
14:00:40.221   [on bus] Requests for our values: 0
14:00:40.221   [on bus] Set-value commands:      0
14:00:40.221   [on bus] Measurement commands:    0  (none)
14:00:40.221   [on bus] Other, addressed to us:  18
14:00:40.226   Partner: addr=0xF7 valid=Y  reconnect attempts=11
14:00:40.226   Tramline setpoint (DDI 506): (none yet -- no Tramline Control seen on this terminal)
14:00:40.226   Guidance track (DDI 507-511): (none yet)
14:00:40.226 === ISOBUS DEBUG MENU ===
14:00:40.226 1. Full status dump
14:00:40.231 2. Periodic summary line (ON - press to toggle)
14:00:40.231 3. Reset message counters
14:00:40.233 4. Dump DDOP as hex (open in AgIsoDDOPGenerator)
14:00:40.233 5. Dump VT object pool as hex
14:00:40.233 q. Exit
14:00:40.233 Exiting.
14:00:40.235 [ISOBUS] addr=0x81 claimed=Y load=14.5% msgs=37062 aiso=1234(1405774ms) xte=0.00m spd=0.00m/s q=0 ggaAge=81 vtgAge=81 xteAge=1405774 xteraw=80:510302FF0D080BFF vt=Y(21/22) vtstat=2284/681ms tc=Y drp=0mm tcq=0
14:00:41.192 [ISOBUS] addr=0x81 claimed=Y load=14.7% msgs=37103 aiso=1235(1406774ms) xte=0.00m spd=0.00m/s q=0 ggaAge=81 vtgAge=81 xteAge=1406774 xteraw=80:510302FF0D080BFF vt=Y(21/22) vtstat=2286/681ms tc=Y drp=0mm tcq=0
14:00:42.168 [ISOBUS] addr=0x81 claimed=Y load=15.0% msgs=37148 aiso=1236(1407774ms) xte=0.00m spd=0.00m/s q=0 ggaAge=81 vtgAge=81 xteAge=1407774 xteraw=80:510302FF0D080BFF vt=Y(21/22) vtstat=2288/681ms tc=Y drp=0mm tcq=0
14:00:43.177 [ISOBUS] addr=0x81 claimed=Y load=14.7% msgs=37189 aiso=1237(1408774ms) xte=0.00m spd=0.00m/s q=0 ggaAge=81 vtgAge=81 xteAge=1408774 xteraw=80:510302FF0D080BFF vt=Y(21/22) vtstat=2290/681ms tc=Y drp=0mm tcq=0
14:00:44.194 [ISOBUS] addr=0x81 claimed=Y load=14.5% msgs=37230 aiso=1238(1409774ms) xte=0.00m spd=0.00m/s q=0 ggaAge=81 vtgAge=81 xteAge=1409774 xteraw=80:510302FF0D080BFF vt=Y(21/22) vtstat=2292/681ms tc=Y drp=0mm tcq=0
14:00:45.175 [ISOBUS] addr=0x81 claimed=Y load=14.7% msgs=37271 aiso=1239(1410774ms) xte=0.00m spd=0.00m/s q=0 ggaAge=81 vtgAge=81 xteAge=1410774 xteraw=80:510302FF0D080BFF vt=Y(21/22) vtstat=2294/681ms tc=Y drp=0mm tcq=0
14:00:46.178 [ISOBUS] addr=0x81 claimed=Y load=14.5% msgs=37312 aiso=1240(1411774ms) xte=0.00m spd=0.00m/s q=0 ggaAge=81 vtgAge=81 xteAge=1411774 xteraw=80:510302FF0D080BFF vt=Y(21/22) vtstat=2296/681ms tc=Y drp=0mm tcq=0
14:00:47.194 [ISOBUS] addr=0x81 claimed=Y load=14.7% msgs=37353 aiso=1241(1412774ms) xte=0.00m spd=0.00m/s q=0 ggaAge=81 vtgAge=81 xteAge=1412774 xteraw=80:510302FF0D080BFF vt=Y(21/22) vtstat=2298/681ms tc=Y drp=0mm tcq=0
14:00:48.172 [ISOBUS] addr=0x81 claimed=Y load=14.5% msgs=37394 aiso=1242(1413774ms) xte=0.00m spd=0.00m/s q=0 ggaAge=81 vtgAge=81 xteAge=1413774 xteraw=80:510302FF0D080BFF vt=Y(21/22) vtstat=2300/681ms tc=Y drp=0mm tcq=0
14:00:49.171 [ISOBUS] addr=0x81 claimed=Y load=14.7% msgs=37435 aiso=1243(1414774ms) xte=0.00m spd=0.00m/s q=0 ggaAge=82 vtgAge=81 xteAge=1414774 xteraw=80:510302FF0D080BFF vt=Y(21/22) vtstat=2302/681ms tc=Y drp=0mm tcq=0
14:00:50.199 [ISOBUS] addr=0x81 claimed=Y load=15.2% msgs=37476 aiso=1244(1415774ms) xte=0.00m spd=1.25m/s q=0 ggaAge=82 vtgAge=82 xteAge=1415774 xteraw=80:510302FF0D080BFF vt=Y(21/22) vtstat=2304/681ms tc=Y drp=0mm tcq=0
14:00:51.189 [ISOBUS] addr=0x81 claimed=Y load=15.6% msgs=37517 aiso=1245(1416774ms) xte=0.00m spd=1.16m/s q=0 ggaAge=82 vtgAge=82 xteAge=1416774 xteraw=80:510302FF0D080BFF vt=Y(21/22) vtstat=2306/681ms tc=Y drp=0mm tcq=0
14:00:52.187 [ISOBUS] addr=0x81 claimed=Y load=15.6% msgs=37562 aiso=1246(1417774ms) xte=0.00m spd=1.19m/s q=0 ggaAge=82 vtgAge=82 xteAge=1417774 xteraw=80:510302FF0D080BFF vt=Y(21/22) vtstat=2308/682ms tc=Y drp=0mm tcq=0
14:00:53.191 [ISOBUS] addr=0x81 claimed=Y load=15.4% msgs=37603 aiso=1247(1418774ms) xte=0.00m spd=1.05m/s q=0 ggaAge=82 vtgAge=82 xteAge=1418774 xteraw=80:510302FF0D080BFF vt=Y(21/22) vtstat=2310/682ms tc=Y drp=0mm tcq=0
14:00:54.169 [ISOBUS] addr=0x81 claimed=Y load=14.6% msgs=37644 aiso=1248(1419774ms) xte=0.00m spd=1.09m/s q=0 ggaAge=82 vtgAge=82 xteAge=1419774 xteraw=80:510302FF0D080BFF vt=Y(21/22) vtstat=2312/682ms tc=Y drp=0mm tcq=0
14:00:55.188 [ISOBUS] addr=0x81 claimed=Y load=14.7% msgs=37685 aiso=1249(1420774ms) xte=0.00m spd=1.07m/s q=0 ggaAge=82 vtgAge=82 xteAge=1420774 xteraw=80:510302FF0D080BFF vt=Y(21/22) vtstat=2314/678ms tc=Y drp=0mm tcq=0
14:00:56.174 [ISOBUS] addr=0x81 claimed=Y load=15.1% msgs=37726 aiso=1250(1421774ms) xte=0.00m spd=1.25m/s q=0 ggaAge=82 vtgAge=82 xteAge=1421774 xteraw=80:510302FF0D080BFF vt=Y(21/22) vtstat=2316/678ms tc=Y drp=0mm tcq=0
14:00:57.195 [ISOBUS] addr=0x81 claimed=Y load=14.8% msgs=37767 aiso=1251(1422774ms) xte=0.00m spd=1.29m/s q=0 ggaAge=82 vtgAge=82 xteAge=1422774 xteraw=80:510302FF0D080BFF vt=Y(21/22) vtstat=2318/682ms tc=Y drp=0mm tcq=0
14:00:58.178 [ISOBUS] addr=0x81 claimed=Y load=14.5% msgs=37808 aiso=1252(1423774ms) xte=0.00m spd=1.29m/s q=0 ggaAge=82 vtgAge=82 xteAge=1423774 xteraw=80:510302FF0D080BFF vt=Y(21/22) vtstat=2320/682ms tc=Y drp=0mm tcq=0
14:00:59.193 [ISOBUS] addr=0x81 claimed=Y load=15.2% msgs=37849 aiso=1253(1424774ms) xte=0.00m spd=1.51m/s q=0 ggaAge=82 vtgAge=82 xteAge=1424774 xteraw=80:510302FF0D080BFF vt=Y(21/22) vtstat=2322/682ms tc=Y drp=0mm tcq=0
14:01:00.168 [ISOBUS] addr=0x81 claimed=Y load=14.8% msgs=37890 aiso=1254(1425774ms) xte=0.00m spd=1.60m/s q=0 ggaAge=82 vtgAge=82 xteAge=1425774 xteraw=80:510302FF0D080BFF vt=Y(21/22) vtstat=2324/682ms tc=Y drp=0mm tcq=0
14:01:01.188 [ISOBUS] addr=0x81 claimed=Y load=14.8% msgs=37931 aiso=1255(1426774ms) xte=0.00m spd=1.62m/s q=0 ggaAge=82 vtgAge=74 xteAge=1426774 xteraw=80:510302FF0D080BFF vt=Y(21/22) vtstat=2326/682ms tc=Y drp=0mm tcq=0
14:01:02.168 [ISOBUS] addr=0x81 claimed=Y load=15.0% msgs=37976 aiso=1256(1427774ms) xte=0.00m spd=1.61m/s q=0 ggaAge=82 vtgAge=82 xteAge=1427774 xteraw=80:510302FF0D080BFF vt=Y(21/22) vtstat=2328/682ms tc=Y drp=0mm tcq=0
14:01:03.194 [ISOBUS] addr=0x81 claimed=Y load=14.7% msgs=38017 aiso=1257(1428774ms) xte=0.00m spd=1.62m/s q=0 ggaAge=82 vtgAge=82 xteAge=1428774 xteraw=80:510302FF0D080BFF vt=Y(21/22) vtstat=2330/682ms tc=Y drp=0mm tcq=0
14:01:04.195 [ISOBUS] addr=0x81 claimed=Y load=14.7% msgs=38058 aiso=1258(1429774ms) xte=0.00m spd=1.62m/s q=0 ggaAge=82 vtgAge=82 xteAge=1429774 xteraw=80:510302FF0D080BFF vt=Y(21/22) vtstat=2332/678ms tc=Y drp=0mm tcq=0
14:01:05.171 [ISOBUS] addr=0x81 claimed=Y load=15.0% msgs=38099 aiso=1259(1430774ms) xte=0.00m spd=1.71m/s q=0 ggaAge=82 vtgAge=82 xteAge=1430774 xteraw=80:510302FF0D080BFF vt=Y(21/22) vtstat=2334/682ms tc=Y drp=0mm tcq=0
14:01:06.188 [ISOBUS] addr=0x81 claimed=Y load=14.8% msgs=38140 aiso=1260(1431774ms) xte=0.00m spd=1.81m/s q=0 ggaAge=82 vtgAge=82 xteAge=1431774 xteraw=80:510302FF0D080BFF vt=Y(21/22) vtstat=2336/678ms tc=Y drp=0mm tcq=0
14:01:07.172 [ISOBUS] addr=0x81 claimed=Y load=15.1% msgs=38181 aiso=1261(1432774ms) xte=0.00m spd=1.85m/s q=0 ggaAge=82 vtgAge=82 xteAge=1432774 xteraw=80:510302FF0D080BFF vt=Y(21/22) vtstat=2338/682ms tc=Y drp=0mm tcq=0
14:01:08.179 [ISOBUS] addr=0x81 claimed=Y load=14.7% msgs=38222 aiso=1262(1433774ms) xte=0.00m spd=1.87m/s q=0 ggaAge=82 vtgAge=82 xteAge=1433774 xteraw=80:510302FF0D080BFF vt=Y(21/22) vtstat=2340/682ms tc=Y drp=0mm tcq=0
14:01:09.170 [ISOBUS] addr=0x81 claimed=Y load=14.8% msgs=38263 aiso=1263(1434774ms) xte=0.00m spd=1.84m/s q=0 ggaAge=82 vtgAge=82 xteAge=1434774 xteraw=80:510302FF0D080BFF vt=Y(21/22) vtstat=2342/682ms tc=Y drp=0mm tcq=0
14:01:10.183 [ISOBUS] addr=0x81 claimed=Y load=14.6% msgs=38304 aiso=1264(1435774ms) xte=0.00m spd=1.86m/s q=0 ggaAge=82 vtgAge=82 xteAge=1435774 xteraw=80:510302FF0D080BFF vt=Y(21/22) vtstat=2344/678ms tc=Y drp=0mm tcq=0
14:01:11.194 [ISOBUS] addr=0x81 claimed=Y load=14.7% msgs=38345 aiso=1265(1436774ms) xte=0.00m spd=1.85m/s q=0 ggaAge=82 vtgAge=82 xteAge=1436774 xteraw=80:510302FF0D080BFF vt=Y(21/22) vtstat=2346/682ms tc=Y drp=0mm tcq=0
14:01:12.192 [ISOBUS] addr=0x81 claimed=Y load=15.0% msgs=38390 aiso=1266(1437774ms) xte=0.00m spd=1.87m/s q=0 ggaAge=82 vtgAge=82 xteAge=1437774 xteraw=80:510302FF0D080BFF vt=Y(21/22) vtstat=2348/682ms tc=Y drp=0mm tcq=0
14:01:13.170 [ISOBUS] addr=0x81 claimed=Y load=14.8% msgs=38431 aiso=1267(1438774ms) xte=0.00m spd=1.89m/s q=0 ggaAge=82 vtgAge=82 xteAge=1438774 xteraw=80:510302FF0D080BFF vt=Y(21/22) vtstat=2350/682ms tc=Y drp=0mm tcq=0
14:01:14.174 [ISOBUS] addr=0x81 claimed=Y load=14.7% msgs=38472 aiso=1268(1439774ms) xte=0.00m spd=1.86m/s q=0 ggaAge=82 vtgAge=82 xteAge=1439774 xteraw=80:510302FF0D080BFF vt=Y(21/22) vtstat=2352/682ms tc=Y drp=0mm tcq=0
14:01:15.193 [ISOBUS] addr=0x81 claimed=Y load=14.9% msgs=38513 aiso=1269(1440774ms) xte=0.00m spd=1.86m/s q=0 ggaAge=82 vtgAge=82 xteAge=1440774 xteraw=80:510302FF0D080BFF vt=Y(21/22) vtstat=2354/682ms tc=Y drp=0mm tcq=0
14:01:16.186 [ISOBUS] addr=0x81 claimed=Y load=14.6% msgs=38554 aiso=1270(1441774ms) xte=0.00m spd=1.85m/s q=0 ggaAge=82 vtgAge=82 xteAge=1441774 xteraw=80:510302FF0D080BFF vt=Y(21/22) vtstat=2356/678ms tc=Y drp=0mm tcq=0
14:01:17.194 [ISOBUS] addr=0x81 claimed=Y load=15.0% msgs=38595 aiso=1271(1442774ms) xte=0.00m spd=1.84m/s q=0 ggaAge=82 vtgAge=82 xteAge=1442774 xteraw=80:510302FF0D080BFF vt=Y(21/22) vtstat=2358/682ms tc=Y drp=0mm tcq=0
14:01:18.167 [ISOBUS] addr=0x81 claimed=Y load=14.9% msgs=38636 aiso=1272(1443774ms) xte=0.00m spd=1.88m/s q=0 ggaAge=82 vtgAge=82 xteAge=1443774 xteraw=80:510302FF0D080BFF vt=Y(21/22) vtstat=2360/678ms tc=Y drp=0mm tcq=0
14:01:19.190 [ISOBUS] addr=0x81 claimed=Y load=14.8% msgs=38677 aiso=1273(1444774ms) xte=0.00m spd=1.91m/s q=0 ggaAge=82 vtgAge=82 xteAge=1444774 xteraw=80:510302FF0D080BFF vt=Y(21/22) vtstat=2362/682ms tc=Y drp=0mm tcq=0
14:01:20.198 [ISOBUS] addr=0x81 claimed=Y load=14.7% msgs=38718 aiso=1274(1445774ms) xte=0.00m spd=1.90m/s q=0 ggaAge=82 vtgAge=82 xteAge=1445774 xteraw=80:510302FF0D080BFF vt=Y(21/22) vtstat=2364/678ms tc=Y drp=0mm tcq=0
14:01:21.173 [ISOBUS] addr=0x81 claimed=Y load=15.1% msgs=38759 aiso=1275(1446774ms) xte=0.00m spd=1.91m/s q=0 ggaAge=82 vtgAge=82 xteAge=1446774 xteraw=80:510302FF0D080BFF vt=Y(21/22) vtstat=2366/678ms tc=Y drp=0mm tcq=0
14:01:22.198 [ISOBUS] addr=0x81 claimed=Y load=15.0% msgs=38804 aiso=1276(1447774ms) xte=0.00m spd=1.90m/s q=0 ggaAge=82 vtgAge=82 xteAge=1447774 xteraw=80:510302FF0D080BFF vt=Y(21/22) vtstat=2368/678ms tc=Y drp=0mm tcq=0
14:01:23.187 [ISOBUS] addr=0x81 claimed=Y load=14.9% msgs=38845 aiso=1277(1448774ms) xte=0.00m spd=1.90m/s q=0 ggaAge=82 vtgAge=82 xteAge=1448774 xteraw=80:510302FF0D080BFF vt=Y(21/22) vtstat=2370/678ms tc=Y drp=0mm tcq=0
14:01:24.187 [ISOBUS] addr=0x81 claimed=Y load=14.6% msgs=38886 aiso=1278(1449774ms) xte=0.00m spd=1.91m/s q=0 ggaAge=82 vtgAge=82 xteAge=1449774 xteraw=80:510302FF0D080BFF vt=Y(21/22) vtstat=2372/678ms tc=Y drp=0mm tcq=0
14:01:25.176 [ISOBUS] addr=0x81 claimed=Y load=14.9% msgs=38927 aiso=1279(1450774ms) xte=0.00m spd=1.86m/s q=0 ggaAge=82 vtgAge=82 xteAge=1450774 xteraw=80:510302FF0D080BFF vt=Y(21/22) vtstat=2374/682ms tc=Y drp=0mm tcq=0
14:01:26.170 [ISOBUS] addr=0x81 claimed=Y load=14.8% msgs=38968 aiso=1280(1451774ms) xte=0.00m spd=1.80m/s q=0 ggaAge=82 vtgAge=82 xteAge=1451774 xteraw=80:510302FF0D080BFF vt=Y(21/22) vtstat=2376/678ms tc=Y drp=0mm tcq=0
14:01:27.170 [ISOBUS] addr=0x81 claimed=Y load=15.7% msgs=39009 aiso=1281(1452774ms) xte=0.00m spd=1.58m/s q=0 ggaAge=82 vtgAge=82 xteAge=1452774 xteraw=80:510302FF0D080BFF vt=Y(21/22) vtstat=2378/678ms tc=Y drp=0mm tcq=0
14:01:28.193 [ISOBUS] addr=0x81 claimed=Y load=14.9% msgs=39050 aiso=1282(1453774ms) xte=0.00m spd=1.64m/s q=0 ggaAge=82 vtgAge=82 xteAge=1453774 xteraw=80:510302FF0D080BFF vt=Y(21/22) vtstat=2380/678ms tc=Y drp=0mm tcq=0
14:01:29.202 [ISOBUS] addr=0x81 claimed=Y load=14.9% msgs=39091 aiso=1283(1454774ms) xte=0.00m spd=1.68m/s q=0 ggaAge=82 vtgAge=82 xteAge=1454774 xteraw=80:510302FF0D080BFF vt=Y(21/22) vtstat=2382/678ms tc=Y drp=0mm tcq=0
14:01:30.198 [ISOBUS] addr=0x81 claimed=Y load=14.6% msgs=39132 aiso=1284(1455774ms) xte=0.00m spd=1.70m/s q=0 ggaAge=82 vtgAge=82 xteAge=1455774 xteraw=80:510302FF0D080BFF vt=Y(21/22) vtstat=2384/678ms tc=Y drp=0mm tcq=0
14:01:31.196 [ISOBUS] addr=0x81 claimed=Y load=14.9% msgs=39173 aiso=1285(1456774ms) xte=0.00m spd=1.70m/s q=0 ggaAge=82 vtgAge=82 xteAge=1456774 xteraw=80:510302FF0D080BFF vt=Y(21/22) vtstat=2386/678ms tc=Y drp=0mm tcq=0
14:01:32.200 [ISOBUS] addr=0x81 claimed=Y load=15.0% msgs=39218 aiso=1286(1457774ms) xte=0.00m spd=1.69m/s q=0 ggaAge=82 vtgAge=82 xteAge=1457774 xteraw=80:510302FF0D080BFF vt=Y(21/22) vtstat=2388/674ms tc=Y drp=0mm tcq=0
14:01:33.189 [ISOBUS] addr=0x81 claimed=Y load=14.9% msgs=39259 aiso=1287(1458774ms) xte=0.00m spd=1.64m/s q=0 ggaAge=82 vtgAge=82 xteAge=1458774 xteraw=80:510302FF0D080BFF vt=Y(21/22) vtstat=2390/674ms tc=Y drp=0mm tcq=0
14:01:34.182 [ISOBUS] addr=0x81 claimed=Y load=14.7% msgs=39300 aiso=1288(1459774ms) xte=0.00m spd=1.63m/s q=0 ggaAge=82 vtgAge=78 xteAge=1459774 xteraw=80:510302FF0D080BFF vt=Y(21/22) vtstat=2392/674ms tc=Y drp=0mm tcq=0
14:01:35.183 [ISOBUS] addr=0x81 claimed=Y load=15.1% msgs=39341 aiso=1289(1460774ms) xte=0.00m spd=1.52m/s q=0 ggaAge=82 vtgAge=82 xteAge=1460774 xteraw=80:510302FF0D080BFF vt=Y(21/22) vtstat=2394/674ms tc=Y drp=0mm tcq=0
14:01:36.189 [ISOBUS] addr=0x81 claimed=Y load=15.1% msgs=39382 aiso=1290(1461774ms) xte=0.00m spd=1.15m/s q=0 ggaAge=82 vtgAge=82 xteAge=1461774 xteraw=80:510302FF0D080BFF vt=Y(21/22) vtstat=2396/674ms tc=Y drp=0mm tcq=0
14:01:37.197 [ISOBUS] addr=0x81 claimed=Y load=15.1% msgs=39423 aiso=1291(1462774ms) xte=0.00m spd=1.09m/s q=0 ggaAge=82 vtgAge=82 xteAge=1462774 xteraw=80:510302FF0D080BFF vt=Y(21/22) vtstat=2398/674ms tc=Y drp=0mm tcq=0
14:01:38.171 [ISOBUS] addr=0x81 claimed=Y load=14.8% msgs=39464 aiso=1292(1463774ms) xte=0.00m spd=1.12m/s q=0 ggaAge=82 vtgAge=79 xteAge=1463774 xteraw=80:510302FF0D080BFF vt=Y(21/22) vtstat=2400/674ms tc=Y drp=0mm tcq=0
14:01:39.194 [ISOBUS] addr=0x81 claimed=Y load=15.4% msgs=39505 aiso=1293(1464774ms) xte=0.00m spd=0.83m/s q=0 ggaAge=83 vtgAge=79 xteAge=1464774 xteraw=80:510302FF0D080BFF vt=Y(21/22) vtstat=2402/670ms tc=Y drp=0mm tcq=0
14:01:40.176 [ISOBUS] addr=0x81 claimed=Y load=15.2% msgs=39546 aiso=1294(1465774ms) xte=0.00m spd=0.57m/s q=0 ggaAge=83 vtgAge=83 xteAge=1465774 xteraw=80:510302FF0D080BFF vt=Y(21/22) vtstat=2404/671ms tc=Y drp=0mm tcq=0
14:01:41.194 [ISOBUS] addr=0x81 claimed=Y load=15.6% msgs=39587 aiso=1295(1466774ms) xte=0.00m spd=0.31m/s q=0 ggaAge=83 vtgAge=83 xteAge=1466774 xteraw=80:510302FF0D080BFF vt=Y(21/22) vtstat=2406/671ms tc=Y drp=0mm tcq=0
14:01:42.186 [ISOBUS] addr=0x81 claimed=Y load=15.8% msgs=39632 aiso=1296(1467774ms) xte=0.00m spd=0.00m/s q=0 ggaAge=83 vtgAge=79 xteAge=1467774 xteraw=80:510302FF0D080BFF vt=Y(21/22) vtstat=2408/671ms tc=Y drp=0mm tcq=0
14:01:43.172 [ISOBUS] addr=0x81 claimed=Y load=15.7% msgs=39673 aiso=1297(1468774ms) xte=0.00m spd=0.80m/s q=0 ggaAge=83 vtgAge=79 xteAge=1468774 xteraw=80:510302FF0D080BFF vt=Y(21/22) vtstat=2410/671ms tc=Y drp=0mm tcq=0
14:01:44.194 [ISOBUS] addr=0x81 claimed=Y load=15.2% msgs=39714 aiso=1298(1469774ms) xte=0.00m spd=1.03m/s q=0 ggaAge=83 vtgAge=83 xteAge=1469774 xteraw=80:510302FF0D080BFF vt=Y(21/22) vtstat=2412/671ms tc=Y drp=0mm tcq=0
14:01:45.199 [ISOBUS] addr=0x81 claimed=Y load=14.8% msgs=39755 aiso=1299(1470774ms) xte=0.00m spd=1.09m/s q=0 ggaAge=83 vtgAge=79 xteAge=1470774 xteraw=80:510302FF0D080BFF vt=Y(21/22) vtstat=2414/671ms tc=Y drp=0mm tcq=0
14:01:46.190 [ISOBUS] addr=0x81 claimed=Y load=14.7% msgs=39796 aiso=1300(1471774ms) xte=0.00m spd=1.10m/s q=0 ggaAge=83 vtgAge=79 xteAge=1471774 xteraw=80:510302FF0D080BFF vt=Y(21/22) vtstat=2416/667ms tc=Y drp=0mm tcq=0
14:01:47.183 [ISOBUS] addr=0x81 claimed=Y load=14.7% msgs=39837 aiso=1301(1472774ms) xte=0.00m spd=1.10m/s q=0 ggaAge=83 vtgAge=83 xteAge=1472774 xteraw=80:510302FF0D080BFF vt=Y(21/22) vtstat=2418/667ms tc=Y drp=0mm tcq=0
14:01:48.178 [ISOBUS] addr=0x81 claimed=Y load=14.7% msgs=39878 aiso=1302(1473774ms) xte=0.00m spd=1.10m/s q=0 ggaAge=83 vtgAge=79 xteAge=1473774 xteraw=80:510302FF0D080BFF vt=Y(21/22) vtstat=2420/667ms tc=Y drp=0mm tcq=0
14:01:49.179 [ISOBUS] addr=0x81 claimed=Y load=14.9% msgs=39919 aiso=1303(1474774ms) xte=0.00m spd=1.08m/s q=0 ggaAge=79 vtgAge=79 xteAge=1474774 xteraw=80:510302FF0D080BFF vt=Y(21/22) vtstat=2422/667ms tc=Y drp=0mm tcq=0
14:01:50.196 [ISOBUS] addr=0x81 claimed=Y load=14.5% msgs=39960 aiso=1304(1475774ms) xte=0.00m spd=1.09m/s q=0 ggaAge=83 vtgAge=79 xteAge=1475774 xteraw=80:510302FF0D080BFF vt=Y(21/22) vtstat=2424/667ms tc=Y drp=0mm tcq=0
14:01:51.192 [ISOBUS] addr=0x81 claimed=Y load=14.7% msgs=40001 aiso=1305(1476774ms) xte=0.00m spd=1.08m/s q=0 ggaAge=83 vtgAge=83 xteAge=1476774 xteraw=80:510302FF0D080BFF vt=Y(21/22) vtstat=2426/667ms tc=Y drp=0mm tcq=0
14:01:52.189 [ISOBUS] addr=0x81 claimed=Y load=15.1% msgs=40046 aiso=1306(1477774ms) xte=0.00m spd=1.10m/s q=0 ggaAge=83 vtgAge=79 xteAge=1477774 xteraw=80:510302FF0D080BFF vt=Y(21/22) vtstat=2428/663ms tc=Y drp=0mm tcq=0
14:01:53.180 [ISOBUS] addr=0x81 claimed=Y load=14.7% msgs=40087 aiso=1307(1478774ms) xte=0.00m spd=1.10m/s q=0 ggaAge=83 vtgAge=83 xteAge=1478774 xteraw=80:510302FF0D080BFF vt=Y(21/22) vtstat=2430/663ms tc=Y drp=0mm tcq=0
14:01:54.186 [ISOBUS] addr=0x81 claimed=Y load=14.5% msgs=40128 aiso=1308(1479774ms) xte=0.00m spd=1.10m/s q=0 ggaAge=83 vtgAge=71 xteAge=1479774 xteraw=80:510302FF0D080BFF vt=Y(21/22) vtstat=2432/663ms tc=Y drp=0mm tcq=0
14:01:55.195 [ISOBUS] addr=0x81 claimed=Y load=14.9% msgs=40169 aiso=1309(1480774ms) xte=0.00m spd=1.10m/s q=0 ggaAge=83 vtgAge=83 xteAge=1480774 xteraw=80:510302FF0D080BFF vt=Y(21/22) vtstat=2434/663ms tc=Y drp=0mm tcq=0
14:01:56.193 [ISOBUS] addr=0x81 claimed=Y load=14.5% msgs=40210 aiso=1310(1481774ms) xte=0.00m spd=1.07m/s q=0 ggaAge=83 vtgAge=79 xteAge=1481774 xteraw=80:510302FF0D080BFF vt=Y(21/22) vtstat=2436/663ms tc=Y drp=0mm tcq=0
14:01:57.189 [ISOBUS] addr=0x81 claimed=Y load=14.8% msgs=40251 aiso=1311(1482774ms) xte=0.00m spd=1.10m/s q=0 ggaAge=83 vtgAge=83 xteAge=1482774 xteraw=80:510302FF0D080BFF vt=Y(21/22) vtstat=2438/663ms tc=Y drp=0mm tcq=0
14:01:58.174 [ISOBUS] addr=0x81 claimed=Y load=14.7% msgs=40292 aiso=1312(1483774ms) xte=0.00m spd=1.09m/s q=0 ggaAge=83 vtgAge=79 xteAge=1483774 xteraw=80:510302FF0D080BFF vt=Y(21/22) vtstat=2440/659ms tc=Y drp=0mm tcq=0
14:01:59.198 [ISOBUS] addr=0x81 claimed=Y load=14.7% msgs=40333 aiso=1313(1484774ms) xte=0.00m spd=1.09m/s q=0 ggaAge=83 vtgAge=79 xteAge=1484774 xteraw=80:510302FF0D080BFF vt=Y(21/22) vtstat=2442/659ms tc=Y drp=0mm tcq=0
14:02:00.183 [ISOBUS] addr=0x81 claimed=Y load=14.5% msgs=40374 aiso=1314(1485774ms) xte=0.00m spd=1.08m/s q=0 ggaAge=83 vtgAge=79 xteAge=1485774 xteraw=80:510302FF0D080BFF vt=Y(21/22) vtstat=2444/659ms tc=Y drp=0mm tcq=0
14:02:01.174 [ISOBUS] addr=0x81 claimed=Y load=14.8% msgs=40415 aiso=1315(1486774ms) xte=0.00m spd=1.09m/s q=0 ggaAge=83 vtgAge=79 xteAge=1486774 xteraw=80:510302FF0D080BFF vt=Y(21/22) vtstat=2446/659ms tc=Y drp=0mm tcq=0
14:02:02.173 [ISOBUS] addr=0x81 claimed=Y load=15.0% msgs=40460 aiso=1316(1487774ms) xte=0.00m spd=1.09m/s q=0 ggaAge=79 vtgAge=79 xteAge=1487774 xteraw=80:510302FF0D080BFF vt=Y(21/22) vtstat=2448/659ms tc=Y drp=0mm tcq=0
14:02:03.206 [ISOBUS] addr=0x81 claimed=Y load=14.7% msgs=40501 aiso=1317(1488774ms) xte=0.00m spd=1.09m/s q=0 ggaAge=79 vtgAge=79 xteAge=1488774 xteraw=80:510302FF0D080BFF vt=Y(21/22) vtstat=2450/659ms tc=Y drp=0mm tcq=0
14:02:04.197 [ISOBUS] addr=0x81 claimed=Y load=14.5% msgs=40542 aiso=1318(1489774ms) xte=0.00m spd=1.10m/s q=0 ggaAge=83 vtgAge=79 xteAge=1489774 xteraw=80:510302FF0D080BFF vt=Y(21/22) vtstat=2452/655ms tc=Y drp=0mm tcq=0
14:02:05.200 [ISOBUS] addr=0x81 claimed=Y load=14.7% msgs=40583 aiso=1319(1490774ms) xte=0.00m spd=1.10m/s q=0 ggaAge=83 vtgAge=79 xteAge=1490774 xteraw=80:510302FF0D080BFF vt=Y(21/22) vtstat=2454/655ms tc=Y drp=0mm tcq=0
14:02:06.198 [ISOBUS] addr=0x81 claimed=Y load=14.9% msgs=40624 aiso=1320(1491774ms) xte=0.00m spd=1.10m/s q=0 ggaAge=79 vtgAge=79 xteAge=1491774 xteraw=80:510302FF0D080BFF vt=Y(21/22) vtstat=2456/655ms tc=Y drp=0mm tcq=0
14:02:07.185 [ISOBUS] addr=0x81 claimed=Y load=15.0% msgs=40665 aiso=1321(1492774ms) xte=0.00m spd=1.10m/s q=0 ggaAge=79 vtgAge=79 xteAge=1492774 xteraw=80:510302FF0D080BFF vt=Y(21/22) vtstat=2458/655ms tc=Y drp=0mm tcq=0
14:02:08.197 [ISOBUS] addr=0x81 claimed=Y load=15.1% msgs=40706 aiso=1322(1493774ms) xte=0.00m spd=1.09m/s q=0 ggaAge=79 vtgAge=79 xteAge=1493774 xteraw=80:510302FF0D080BFF vt=Y(21/22) vtstat=2460/655ms tc=Y drp=0mm tcq=0
14:02:09.173 [ISOBUS] addr=0x81 claimed=Y load=14.7% msgs=40747 aiso=1323(1494774ms) xte=0.00m spd=1.08m/s q=0 ggaAge=83 vtgAge=79 xteAge=1494774 xteraw=80:510302FF0D080BFF vt=Y(21/22) vtstat=2462/655ms tc=Y drp=0mm tcq=0
14:02:10.191 [ISOBUS] addr=0x81 claimed=Y load=14.5% msgs=40788 aiso=1324(1495774ms) xte=0.00m spd=1.09m/s q=0 ggaAge=83 vtgAge=79 xteAge=1495774 xteraw=80:510302FF0D080BFF vt=Y(21/22) vtstat=2464/651ms tc=Y drp=0mm tcq=0
14:02:11.180 [ISOBUS] addr=0x81 claimed=Y load=14.8% msgs=40829 aiso=1325(1496774ms) xte=0.00m spd=1.11m/s q=0 ggaAge=79 vtgAge=79 xteAge=1496774 xteraw=80:510302FF0D080BFF vt=Y(21/22) vtstat=2466/651ms tc=Y drp=0mm tcq=0
14:02:12.170 [ISOBUS] addr=0x81 claimed=Y load=15.1% msgs=40874 aiso=1326(1497774ms) xte=0.00m spd=1.10m/s q=0 ggaAge=83 vtgAge=79 xteAge=1497774 xteraw=80:510302FF0D080BFF vt=Y(21/22) vtstat=2468/651ms tc=Y drp=0mm tcq=0
14:02:13.171 [ISOBUS] addr=0x81 claimed=Y load=14.7% msgs=40915 aiso=1327(1498774ms) xte=0.00m spd=1.09m/s q=0 ggaAge=79 vtgAge=79 xteAge=1498774 xteraw=80:510302FF0D080BFF vt=Y(21/22) vtstat=2470/651ms tc=Y drp=0mm tcq=0
14:02:14.172 [ISOBUS] addr=0x81 claimed=Y load=14.7% msgs=40956 aiso=1328(1499774ms) xte=0.00m spd=1.08m/s q=0 ggaAge=79 vtgAge=79 xteAge=1499774 xteraw=80:510302FF0D080BFF vt=Y(21/22) vtstat=2472/651ms tc=Y drp=0mm tcq=0
14:02:15.182 [ISOBUS] addr=0x81 claimed=Y load=14.8% msgs=40997 aiso=1329(1500774ms) xte=0.00m spd=1.09m/s q=0 ggaAge=79 vtgAge=79 xteAge=1500774 xteraw=80:510302FF0D080BFF vt=Y(21/22) vtstat=2474/651ms tc=Y drp=0mm tcq=0
14:02:16.193 [ISOBUS] addr=0x81 claimed=Y load=14.6% msgs=41038 aiso=1330(1501774ms) xte=0.00m spd=1.09m/s q=0 ggaAge=79 vtgAge=79 xteAge=1501774 xteraw=80:510302FF0D080BFF vt=Y(21/22) vtstat=2476/647ms tc=Y drp=0mm tcq=0
14:02:17.175 [ISOBUS] addr=0x81 claimed=Y load=14.7% msgs=41079 aiso=1331(1502774ms) xte=0.00m spd=1.10m/s q=0 ggaAge=79 vtgAge=79 xteAge=1502774 xteraw=80:510302FF0D080BFF vt=Y(21/22) vtstat=2478/647ms tc=Y drp=0mm tcq=0
14:02:18.171 [ISOBUS] addr=0x81 claimed=Y load=14.7% msgs=41120 aiso=1332(1503774ms) xte=0.00m spd=1.09m/s q=0 ggaAge=79 vtgAge=79 xteAge=1503774 xteraw=80:510302FF0D080BFF vt=Y(21/22) vtstat=2480/647ms tc=Y drp=0mm tcq=0
14:02:19.169 [ISOBUS] addr=0x81 claimed=Y load=14.7% msgs=41161 aiso=1333(1504774ms) xte=0.00m spd=1.10m/s q=0 ggaAge=79 vtgAge=79 xteAge=1504774 xteraw=80:510302FF0D080BFF vt=Y(21/22) vtstat=2482/647ms tc=Y drp=0mm tcq=0
14:02:20.172 [ISOBUS] addr=0x81 claimed=Y load=15.1% msgs=41202 aiso=1334(1505774ms) xte=0.00m spd=1.11m/s q=0 ggaAge=79 vtgAge=79 xteAge=1505774 xteraw=80:510302FF0D080BFF vt=Y(21/22) vtstat=2484/647ms tc=Y drp=0mm tcq=0
14:02:21.183 [ISOBUS] addr=0x81 claimed=Y load=14.8% msgs=41243 aiso=1335(1506774ms) xte=0.00m spd=1.10m/s q=0 ggaAge=79 vtgAge=79 xteAge=1506774 xteraw=80:510302FF0D080BFF vt=Y(21/22) vtstat=2486/647ms tc=Y drp=0mm tcq=0
14:02:22.186 [ISOBUS] addr=0x81 claimed=Y load=15.2% msgs=41288 aiso=1336(1507774ms) xte=0.00m spd=1.08m/s q=0 ggaAge=79 vtgAge=79 xteAge=1507774 xteraw=80:510302FF0D080BFF vt=Y(21/22) vtstat=2488/647ms tc=Y drp=0mm tcq=0
14:02:23.197 [ISOBUS] addr=0x81 claimed=Y load=14.7% msgs=41329 aiso=1337(1508774ms) xte=0.00m spd=1.10m/s q=0 ggaAge=79 vtgAge=79 xteAge=1508774 xteraw=80:510302FF0D080BFF vt=Y(21/22) vtstat=2490/647ms tc=Y drp=0mm tcq=0
14:02:24.196 [ISOBUS] addr=0x81 claimed=Y load=14.4% msgs=41370 aiso=1338(1509774ms) xte=0.00m spd=1.09m/s q=0 ggaAge=79 vtgAge=79 xteAge=1509774 xteraw=80:510302FF0D080BFF vt=Y(21/22) vtstat=2492/643ms tc=Y drp=0mm tcq=0
14:02:25.177 [ISOBUS] addr=0x81 claimed=Y load=15.0% msgs=41411 aiso=1339(1510774ms) xte=0.00m spd=1.10m/s q=0 ggaAge=80 vtgAge=79 xteAge=1510774 xteraw=80:510302FF0D080BFF vt=Y(21/22) vtstat=2494/643ms tc=Y drp=0mm tcq=0
14:02:26.170 [ISOBUS] addr=0x81 claimed=Y load=14.5% msgs=41452 aiso=1340(1511774ms) xte=0.00m spd=1.09m/s q=0 ggaAge=80 vtgAge=80 xteAge=1511774 xteraw=80:510302FF0D080BFF vt=Y(21/22) vtstat=2496/643ms tc=Y drp=0mm tcq=0
14:02:27.173 [ISOBUS] addr=0x81 claimed=Y load=14.7% msgs=41493 aiso=1341(1512774ms) xte=0.00m spd=1.08m/s q=0 ggaAge=80 vtgAge=80 xteAge=1512774 xteraw=80:510302FF0D080BFF vt=Y(21/22) vtstat=2498/644ms tc=Y drp=0mm tcq=0
14:02:28.173 [ISOBUS] addr=0x81 claimed=Y load=14.5% msgs=41534 aiso=1342(1513774ms) xte=0.00m spd=1.09m/s q=0 ggaAge=80 vtgAge=80 xteAge=1513774 xteraw=80:510302FF0D080BFF vt=Y(21/22) vtstat=2500/644ms tc=Y drp=0mm tcq=0
14:02:29.180 [ISOBUS] addr=0x81 claimed=Y load=14.8% msgs=41575 aiso=1343(1514774ms) xte=0.00m spd=1.09m/s q=0 ggaAge=80 vtgAge=80 xteAge=1514774 xteraw=80:510302FF0D080BFF vt=Y(21/22) vtstat=2502/644ms tc=Y drp=0mm tcq=0
14:02:30.181 [ISOBUS] addr=0x81 claimed=Y load=14.5% msgs=41616 aiso=1344(1515774ms) xte=0.00m spd=1.10m/s q=0 ggaAge=80 vtgAge=80 xteAge=1515774 xteraw=80:510302FF0D080BFF vt=Y(21/22) vtstat=2504/640ms tc=Y drp=0mm tcq=0
14:02:31.193 [ISOBUS] addr=0x81 claimed=Y load=15.0% msgs=41657 aiso=1345(1516774ms) xte=0.00m spd=1.09m/s q=0 ggaAge=80 vtgAge=80 xteAge=1516774 xteraw=80:510302FF0D080BFF vt=Y(21/22) vtstat=2506/640ms tc=Y drp=0mm tcq=0
14:02:32.176 [ISOBUS] addr=0x81 claimed=Y load=15.2% msgs=41702 aiso=1346(1517774ms) xte=0.00m spd=1.10m/s q=0 ggaAge=80 vtgAge=80 xteAge=1517774 xteraw=80:510302FF0D080BFF vt=Y(21/22) vtstat=2508/640ms tc=Y drp=0mm tcq=0
14:02:33.177 [ISOBUS] addr=0x81 claimed=Y load=14.8% msgs=41743 aiso=1347(1518774ms) xte=0.00m spd=1.11m/s q=0 ggaAge=80 vtgAge=80 xteAge=1518774 xteraw=80:510302FF0D080BFF vt=Y(21/22) vtstat=2510/640ms tc=Y drp=0mm tcq=0
14:02:34.196 [ISOBUS] addr=0x81 claimed=Y load=14.6% msgs=41784 aiso=1348(1519774ms) xte=0.00m spd=1.09m/s q=0 ggaAge=80 vtgAge=80 xteAge=1519774 xteraw=80:510302FF0D080BFF vt=Y(21/22) vtstat=2512/640ms tc=Y drp=0mm tcq=0
14:02:35.187 [ISOBUS] addr=0x81 claimed=Y load=14.7% msgs=41825 aiso=1349(1520774ms) xte=0.00m spd=1.09m/s q=0 ggaAge=80 vtgAge=80 xteAge=1520774 xteraw=80:510302FF0D080BFF vt=Y(21/22) vtstat=2514/640ms tc=Y drp=0mm tcq=0
14:02:36.189 [ISOBUS] addr=0x81 claimed=Y load=14.5% msgs=41866 aiso=1350(1521774ms) xte=0.00m spd=1.09m/s q=0 ggaAge=72 vtgAge=72 xteAge=1521774 xteraw=80:510302FF0D080BFF vt=Y(21/22) vtstat=2516/636ms tc=Y drp=0mm tcq=0
14:02:37.183 [ISOBUS] addr=0x81 claimed=Y load=15.0% msgs=41907 aiso=1351(1522774ms) xte=0.00m spd=1.08m/s q=0 ggaAge=80 vtgAge=80 xteAge=1522774 xteraw=80:510302FF0D080BFF vt=Y(21/22) vtstat=2518/636ms tc=Y drp=0mm tcq=0
14:02:38.209 [ISOBUS] addr=0x81 claimed=Y load=14.4% msgs=41948 aiso=1352(1523774ms) xte=0.00m spd=1.09m/s q=0 ggaAge=80 vtgAge=80 xteAge=1523774 xteraw=80:510302FF0D080BFF vt=Y(21/22) vtstat=2520/636ms tc=Y drp=0mm tcq=0
14:02:39.188 [ISOBUS] addr=0x81 claimed=Y load=14.7% msgs=41989 aiso=1353(1524774ms) xte=0.00m spd=1.09m/s q=0 ggaAge=80 vtgAge=80 xteAge=1524774 xteraw=80:510302FF0D080BFF vt=Y(21/22) vtstat=2522/636ms tc=Y drp=0mm tcq=0
14:02:40.203 [ISOBUS] addr=0x81 claimed=Y load=14.6% msgs=42030 aiso=1354(1525774ms) xte=0.00m spd=1.09m/s q=0 ggaAge=80 vtgAge=80 xteAge=1525774 xteraw=80:510302FF0D080BFF vt=Y(21/22) vtstat=2524/636ms tc=Y drp=0mm tcq=0
14:02:41.180 [ISOBUS] addr=0x81 claimed=Y load=14.7% msgs=42071 aiso=1355(1526774ms) xte=0.00m spd=1.09m/s q=0 ggaAge=80 vtgAge=80 xteAge=1526774 xteraw=80:510302FF0D080BFF vt=Y(21/22) vtstat=2526/636ms tc=Y drp=0mm tcq=0
14:02:42.180 [ISOBUS] addr=0x81 claimed=Y load=15.1% msgs=42116 aiso=1356(1527774ms) xte=0.00m spd=1.11m/s q=0 ggaAge=80 vtgAge=80 xteAge=1527774 xteraw=80:510302FF0D080BFF vt=Y(21/22) vtstat=2528/632ms tc=Y drp=0mm tcq=0
14:02:43.196 [ISOBUS] addr=0x81 claimed=Y load=14.9% msgs=42157 aiso=1357(1528774ms) xte=0.00m spd=1.10m/s q=0 ggaAge=80 vtgAge=80 xteAge=1528774 xteraw=80:510302FF0D080BFF vt=Y(21/22) vtstat=2530/632ms tc=Y drp=0mm tcq=0
14:02:44.171 [ISOBUS] addr=0x81 claimed=Y load=14.7% msgs=42198 aiso=1358(1529774ms) xte=0.00m spd=1.07m/s q=0 ggaAge=80 vtgAge=80 xteAge=1529774 xteraw=80:510302FF0D080BFF vt=Y(21/22) vtstat=2532/632ms tc=Y drp=0mm tcq=0
14:02:45.174 [ISOBUS] addr=0x81 claimed=Y load=14.9% msgs=42239 aiso=1359(1530774ms) xte=0.00m spd=1.10m/s q=0 ggaAge=80 vtgAge=80 xteAge=1530774 xteraw=80:510302FF0D080BFF vt=Y(21/22) vtstat=2534/632ms tc=Y drp=0mm tcq=0
14:02:45.463 ### sending keys: x1q
14:02:46.182 === ISOBUS DEBUG MENU ===
14:02:46.184 1. Full status dump
14:02:46.184 2. Periodic summary line (ON - press to toggle)
14:02:46.186 3. Reset message counters
14:02:46.188 4. Dump DDOP as hex (open in AgIsoDDOPGenerator)
14:02:46.188 5. Dump VT object pool as hex
14:02:46.190 q. Exit
14:02:46.190 === ISOBUS STATUS ===
14:02:46.192 Address claim: CLAIMED  address=0x81
14:02:46.192 CAN controller: error-active  TX err 0 (peak 144)  RX err 0 (peak 129)
14:02:46.194   error-passive entries: 3  bus-off entries: 0  longest episode: 149561 ms
14:02:46.194 Bus load (ch0): 14.6 %
14:02:46.196 --- Message counters ---
14:02:46.198   PGN 129025 Position NMEA2000: 0
14:02:46.199   PGN 129026 Speed NMEA2000:    0
14:02:46.200   PGN 129283 XTE NMEA2000:      149
14:02:46.201   PGN 65267  Position legacy:   8903
14:02:46.202   PGN 65256  Speed legacy:      8902   last SA=0x80 raw=0x21D
14:02:46.202   PGN 65535  all senders:       8902   last SA=0x80
14:02:46.204   PGN 65535  XTE carrier 0x2A:  0   (none decoded)
14:02:46.204              raw SA=0x80 word=0xDFF byte1=0x3 payload 510302FF0D080BFF  (30 ms ago)
14:02:46.206   PGN 60160  XTE Trimble legacy:449   last SA=0x26
14:02:46.206   PGN 64770  AISO stop:         1360   last 1531224 ms ago
14:02:46.208   TOTAL:                        42259
14:02:46.208 --- Guidance telemetry ---
14:02:46.210   XTE:          0.00 m
14:02:46.210   Speed:        1.09 m/s (2.11 kn)
14:02:46.210   Quality:      0   RTK quality=4  PGN 129029 GNSS position: (none received)
14:02:46.212   PGN 129027 position deltas: 0
14:02:46.214   Guidance machine info (PGN 44032): 13594 msgs, last 58 ms ago
14:02:46.216     lockout=YES/READY  steeringReady=n/a  remoteEngage=n/a  curvature=-14.00 1/km
14:02:46.216   IsRtkQuality=N
14:02:46.218   GGA fix age:  30 ms
14:02:46.220   VTG fix age:  30 ms
14:02:46.221   XTE fix age:  1531224 ms
14:02:46.222   Lat/Lon/Alt/Course: 53.442093 / 6.755721 / 1.3 m / 121.5 deg
14:02:46.223 --- Virtual Terminal ---
14:02:46.224   Connected:    Y
14:02:46.226   State:        21/22  Connected
14:02:46.227   VT version:  4
14:02:46.229   VT status msgs: 2536   last 82 ms ago
14:02:46.230   Partner: addr=0x26 valid=Y  reconnect attempts=0
14:02:46.231   VT failover: switches=1 claim requests=14
14:02:46.232 --- Task Controller ---
14:02:46.233   Connected:    Y
14:02:46.234   TC-GEO (with/without pos): Y/N
14:02:46.236   Task active:  Y
14:02:46.236   DRP deviation (DDI 513): 0 mm, last 1531224 ms ago
14:02:46.237   GNSS quality (DDI 514):  0, last 1531224 ms ago
14:02:46.237   [via stack] Value cmds to handler: 0  last DDI=(none)
14:02:46.239   [via stack] Value req callbacks:  0   (mostly AgIsoStack's own re-polling -- NOT bus traffic)
14:02:46.241   [on bus] Requests for our values: 0
14:02:46.241   [on bus] Set-value commands:      0
14:02:46.241   [on bus] Measurement commands:    0  (none)
14:02:46.241   [on bus] Other, addressed to us:  18
14:02:46.244   Partner: addr=0xF7 valid=Y  reconnect attempts=11
14:02:46.245   Tramline setpoint (DDI 506): (none yet -- no Tramline Control seen on this terminal)
14:02:46.245   Guidance track (DDI 507-511): (none yet)
14:02:46.247 === ISOBUS DEBUG MENU ===
14:02:46.248 1. Full status dump
14:02:46.248 2. Periodic summary line (ON - press to toggle)
14:02:46.250 3. Reset message counters
14:02:46.250 4. Dump DDOP as hex (open in AgIsoDDOPGenerator)
14:02:46.252 5. Dump VT object pool as hex
14:02:46.254 q. Exit
14:02:46.254 Exiting.
14:02:46.256 [ISOBUS] addr=0x81 claimed=Y load=14.5% msgs=42280 aiso=1360(1531774ms) xte=0.00m spd=1.09m/s q=0 ggaAge=80 vtgAge=80 xteAge=1531774 xteraw=80:510302FF0D080BFF vt=Y(21/22) vtstat=2536/632ms tc=Y drp=0mm tcq=0
14:02:47.191 [ISOBUS] addr=0x81 claimed=Y load=14.9% msgs=42321 aiso=1361(1532774ms) xte=0.00m spd=1.09m/s q=0 ggaAge=80 vtgAge=80 xteAge=1532774 xteraw=80:510302FF0D080BFF vt=Y(21/22) vtstat=2538/632ms tc=Y drp=0mm tcq=0
14:02:48.199 [ISOBUS] addr=0x81 claimed=Y load=14.5% msgs=42362 aiso=1362(1533774ms) xte=0.00m spd=1.09m/s q=0 ggaAge=80 vtgAge=80 xteAge=1533774 xteraw=80:510302FF0D080BFF vt=Y(21/22) vtstat=2540/628ms tc=Y drp=0mm tcq=0
14:02:49.186 [ISOBUS] addr=0x81 claimed=Y load=15.0% msgs=42403 aiso=1363(1534774ms) xte=0.00m spd=1.10m/s q=0 ggaAge=80 vtgAge=80 xteAge=1534774 xteraw=80:510302FF0D080BFF vt=Y(21/22) vtstat=2542/628ms tc=Y drp=0mm tcq=0
14:02:50.199 [ISOBUS] addr=0x81 claimed=Y load=14.6% msgs=42444 aiso=1364(1535774ms) xte=0.00m spd=1.09m/s q=0 ggaAge=80 vtgAge=80 xteAge=1535774 xteraw=80:510302FF0D080BFF vt=Y(21/22) vtstat=2544/628ms tc=Y drp=0mm tcq=0
14:02:51.183 [ISOBUS] addr=0x81 claimed=Y load=14.9% msgs=42485 aiso=1365(1536774ms) xte=0.00m spd=1.07m/s q=0 ggaAge=80 vtgAge=80 xteAge=1536774 xteraw=80:510302FF0D080BFF vt=Y(21/22) vtstat=2546/628ms tc=Y drp=0mm tcq=0
14:02:52.182 [ISOBUS] addr=0x81 claimed=Y load=15.1% msgs=42530 aiso=1366(1537774ms) xte=0.00m spd=1.09m/s q=0 ggaAge=80 vtgAge=80 xteAge=1537774 xteraw=80:510302FF0D080BFF vt=Y(21/22) vtstat=2548/628ms tc=Y drp=0mm tcq=0
14:02:53.198 [ISOBUS] addr=0x81 claimed=Y load=15.0% msgs=42571 aiso=1367(1538774ms) xte=0.00m spd=1.08m/s q=0 ggaAge=80 vtgAge=80 xteAge=1538774 xteraw=80:510302FF0D080BFF vt=Y(21/22) vtstat=2550/628ms tc=Y drp=0mm tcq=0
14:02:54.174 [ISOBUS] addr=0x81 claimed=Y load=14.5% msgs=42612 aiso=1368(1539774ms) xte=0.00m spd=1.09m/s q=0 ggaAge=80 vtgAge=80 xteAge=1539774 xteraw=80:510302FF0D080BFF vt=Y(21/22) vtstat=2552/624ms tc=Y drp=0mm tcq=0
14:02:55.173 [ISOBUS] addr=0x81 claimed=Y load=14.7% msgs=42653 aiso=1369(1540774ms) xte=0.00m spd=1.09m/s q=0 ggaAge=80 vtgAge=80 xteAge=1540774 xteraw=80:510302FF0D080BFF vt=Y(21/22) vtstat=2554/624ms tc=Y drp=0mm tcq=0
14:02:56.173 [ISOBUS] addr=0x81 claimed=Y load=14.5% msgs=42694 aiso=1370(1541774ms) xte=0.00m spd=1.09m/s q=0 ggaAge=80 vtgAge=80 xteAge=1541774 xteraw=80:510302FF0D080BFF vt=Y(21/22) vtstat=2556/624ms tc=Y drp=0mm tcq=0
14:02:57.207 [ISOBUS] addr=0x81 claimed=Y load=14.7% msgs=42735 aiso=1371(1542774ms) xte=0.00m spd=1.08m/s q=0 ggaAge=80 vtgAge=80 xteAge=1542774 xteraw=80:510302FF0D080BFF vt=Y(21/22) vtstat=2558/624ms tc=Y drp=0mm tcq=0
14:02:58.189 [ISOBUS] addr=0x81 claimed=Y load=14.7% msgs=42776 aiso=1372(1543774ms) xte=0.00m spd=1.08m/s q=0 ggaAge=80 vtgAge=80 xteAge=1543774 xteraw=80:510302FF0D080BFF vt=Y(21/22) vtstat=2560/624ms tc=Y drp=0mm tcq=0
14:02:59.185 [ISOBUS] addr=0x81 claimed=Y load=14.8% msgs=42817 aiso=1373(1544774ms) xte=0.00m spd=1.08m/s q=0 ggaAge=80 vtgAge=80 xteAge=1544774 xteraw=80:510302FF0D080BFF vt=Y(21/22) vtstat=2562/624ms tc=Y drp=0mm tcq=0
14:03:00.212 [ISOBUS] addr=0x81 claimed=Y load=14.5% msgs=42858 aiso=1374(1545774ms) xte=0.00m spd=1.09m/s q=0 ggaAge=80 vtgAge=80 xteAge=1545774 xteraw=80:510302FF0D080BFF vt=Y(21/22) vtstat=2564/620ms tc=Y drp=0mm tcq=0
14:03:01.201 [ISOBUS] addr=0x81 claimed=Y load=14.7% msgs=42899 aiso=1375(1546774ms) xte=0.00m spd=1.09m/s q=0 ggaAge=80 vtgAge=72 xteAge=1546774 xteraw=80:510302FF0D080BFF vt=Y(21/22) vtstat=2566/620ms tc=Y drp=0mm tcq=0
14:03:02.182 [ISOBUS] addr=0x81 claimed=Y load=15.1% msgs=42944 aiso=1376(1547774ms) xte=0.00m spd=1.11m/s q=0 ggaAge=80 vtgAge=80 xteAge=1547774 xteraw=80:510302FF0D080BFF vt=Y(21/22) vtstat=2568/620ms tc=Y drp=0mm tcq=0
14:03:03.203 [ISOBUS] addr=0x81 claimed=Y load=15.1% msgs=42985 aiso=1377(1548774ms) xte=0.00m spd=1.11m/s q=0 ggaAge=80 vtgAge=80 xteAge=1548774 xteraw=80:510302FF0D080BFF vt=Y(21/22) vtstat=2570/620ms tc=Y drp=0mm tcq=0
14:03:04.189 [ISOBUS] addr=0x81 claimed=Y load=14.7% msgs=43026 aiso=1378(1549774ms) xte=0.00m spd=1.09m/s q=0 ggaAge=80 vtgAge=80 xteAge=1549774 xteraw=80:510302FF0D080BFF vt=Y(21/22) vtstat=2572/620ms tc=Y drp=0mm tcq=0
14:03:05.202 [ISOBUS] addr=0x81 claimed=Y load=14.7% msgs=43067 aiso=1379(1550774ms) xte=0.00m spd=1.10m/s q=0 ggaAge=80 vtgAge=80 xteAge=1550774 xteraw=80:510302FF0D080BFF vt=Y(21/22) vtstat=2574/620ms tc=Y drp=0mm tcq=0
14:03:06.200 [ISOBUS] addr=0x81 claimed=Y load=14.6% msgs=43108 aiso=1380(1551774ms) xte=0.00m spd=1.05m/s q=0 ggaAge=80 vtgAge=80 xteAge=1551774 xteraw=80:510302FF0D080BFF vt=Y(21/22) vtstat=2576/616ms tc=Y drp=0mm tcq=0
14:03:07.200 [ISOBUS] addr=0x81 claimed=Y load=15.4% msgs=43149 aiso=1381(1552774ms) xte=0.00m spd=0.43m/s q=0 ggaAge=80 vtgAge=80 xteAge=1552774 xteraw=80:510302FF0D080BFF vt=Y(21/22) vtstat=2578/616ms tc=Y drp=0mm tcq=0
14:03:08.190 [ISOBUS] addr=0x81 claimed=Y load=15.4% msgs=43190 aiso=1382(1553774ms) xte=0.00m spd=0.29m/s q=0 ggaAge=80 vtgAge=72 xteAge=1553774 xteraw=80:510302FF0D080BFF vt=Y(21/22) vtstat=2580/616ms tc=Y drp=0mm tcq=0
14:03:09.193 [ISOBUS] addr=0x81 claimed=Y load=15.7% msgs=43231 aiso=1383(1554774ms) xte=0.00m spd=1.00m/s q=0 ggaAge=80 vtgAge=80 xteAge=1554774 xteraw=80:510302FF0D080BFF vt=Y(21/22) vtstat=2582/616ms tc=Y drp=0mm tcq=0
14:03:10.173 [ISOBUS] addr=0x81 claimed=Y load=15.2% msgs=43272 aiso=1384(1555774ms) xte=0.00m spd=1.08m/s q=0 ggaAge=80 vtgAge=80 xteAge=1555774 xteraw=80:510302FF0D080BFF vt=Y(21/22) vtstat=2584/616ms tc=Y drp=0mm tcq=0
14:03:11.185 [ISOBUS] addr=0x81 claimed=Y load=15.0% msgs=43313 aiso=1385(1556774ms) xte=0.00m spd=1.08m/s q=0 ggaAge=80 vtgAge=80 xteAge=1556774 xteraw=80:510302FF0D080BFF vt=Y(21/22) vtstat=2586/616ms tc=Y drp=0mm tcq=0
14:03:12.177 [ISOBUS] addr=0x81 claimed=Y load=15.1% msgs=43358 aiso=1386(1557774ms) xte=0.00m spd=1.08m/s q=0 ggaAge=80 vtgAge=80 xteAge=1557774 xteraw=80:510302FF0D080BFF vt=Y(21/22) vtstat=2588/612ms tc=Y drp=0mm tcq=0
14:03:13.198 [ISOBUS] addr=0x81 claimed=Y load=15.0% msgs=43399 aiso=1387(1558774ms) xte=0.00m spd=1.08m/s q=0 ggaAge=81 vtgAge=80 xteAge=1558774 xteraw=80:510302FF0D080BFF vt=Y(21/22) vtstat=2590/612ms tc=Y drp=0mm tcq=0
14:03:14.199 [ISOBUS] addr=0x81 claimed=Y load=14.7% msgs=43440 aiso=1388(1559774ms) xte=0.00m spd=1.07m/s q=0 ggaAge=81 vtgAge=81 xteAge=1559774 xteraw=80:510302FF0D080BFF vt=Y(21/22) vtstat=2592/612ms tc=Y drp=0mm tcq=0
14:03:15.183 [ISOBUS] addr=0x81 claimed=Y load=14.9% msgs=43481 aiso=1389(1560774ms) xte=0.00m spd=1.08m/s q=0 ggaAge=81 vtgAge=81 xteAge=1560774 xteraw=80:510302FF0D080BFF vt=Y(21/22) vtstat=2594/612ms tc=Y drp=0mm tcq=0
14:03:16.182 [ISOBUS] addr=0x81 claimed=Y load=14.5% msgs=43522 aiso=1390(1561774ms) xte=0.00m spd=1.08m/s q=0 ggaAge=81 vtgAge=81 xteAge=1561774 xteraw=80:510302FF0D080BFF vt=Y(21/22) vtstat=2596/613ms tc=Y drp=0mm tcq=0
14:03:17.177 [ISOBUS] addr=0x81 claimed=Y load=14.9% msgs=43563 aiso=1391(1562774ms) xte=0.00m spd=1.07m/s q=0 ggaAge=81 vtgAge=81 xteAge=1562774 xteraw=80:510302FF0D080BFF vt=Y(21/22) vtstat=2598/613ms tc=Y drp=0mm tcq=0
14:03:18.175 [ISOBUS] addr=0x81 claimed=Y load=14.8% msgs=43604 aiso=1392(1563774ms) xte=0.00m spd=1.06m/s q=0 ggaAge=81 vtgAge=81 xteAge=1563774 xteraw=80:510302FF0D080BFF vt=Y(21/22) vtstat=2600/613ms tc=Y drp=0mm tcq=0
14:03:19.183 [ISOBUS] addr=0x81 claimed=Y load=14.8% msgs=43645 aiso=1393(1564774ms) xte=0.00m spd=1.09m/s q=0 ggaAge=81 vtgAge=81 xteAge=1564774 xteraw=80:510302FF0D080BFF vt=Y(21/22) vtstat=2602/609ms tc=Y drp=0mm tcq=0
14:03:20.209 [ISOBUS] addr=0x81 claimed=Y load=14.5% msgs=43686 aiso=1394(1565774ms) xte=0.00m spd=1.09m/s q=0 ggaAge=81 vtgAge=81 xteAge=1565774 xteraw=80:510302FF0D080BFF vt=Y(21/22) vtstat=2604/609ms tc=Y drp=0mm tcq=0
14:03:21.181 [ISOBUS] addr=0x81 claimed=Y load=14.7% msgs=43727 aiso=1395(1566774ms) xte=0.00m spd=1.09m/s q=0 ggaAge=81 vtgAge=81 xteAge=1566774 xteraw=80:510302FF0D080BFF vt=Y(21/22) vtstat=2606/609ms tc=Y drp=0mm tcq=0
14:03:22.184 [ISOBUS] addr=0x81 claimed=Y load=15.2% msgs=43772 aiso=1396(1567774ms) xte=0.00m spd=1.08m/s q=0 ggaAge=81 vtgAge=81 xteAge=1567774 xteraw=80:510302FF0D080BFF vt=Y(21/22) vtstat=2608/609ms tc=Y drp=0mm tcq=0
14:03:23.181 [ISOBUS] addr=0x81 claimed=Y load=14.7% msgs=43813 aiso=1397(1568774ms) xte=0.00m spd=1.09m/s q=0 ggaAge=81 vtgAge=81 xteAge=1568774 xteraw=80:510302FF0D080BFF vt=Y(21/22) vtstat=2610/609ms tc=Y drp=0mm tcq=0
14:03:24.174 [ISOBUS] addr=0x81 claimed=Y load=14.7% msgs=43854 aiso=1398(1569774ms) xte=0.00m spd=1.09m/s q=0 ggaAge=81 vtgAge=81 xteAge=1569774 xteraw=80:510302FF0D080BFF vt=Y(21/22) vtstat=2612/609ms tc=Y drp=0mm tcq=0
14:03:25.192 [ISOBUS] addr=0x81 claimed=Y load=14.7% msgs=43895 aiso=1399(1570774ms) xte=0.00m spd=1.07m/s q=0 ggaAge=81 vtgAge=81 xteAge=1570774 xteraw=80:510302FF0D080BFF vt=Y(21/22) vtstat=2614/605ms tc=Y drp=0mm tcq=0
14:03:26.182 [ISOBUS] addr=0x81 claimed=Y load=14.7% msgs=43936 aiso=1400(1571774ms) xte=0.00m spd=1.09m/s q=0 ggaAge=81 vtgAge=81 xteAge=1571774 xteraw=80:510302FF0D080BFF vt=Y(21/22) vtstat=2616/605ms tc=Y drp=0mm tcq=0
14:03:27.204 [ISOBUS] addr=0x81 claimed=Y load=14.9% msgs=43977 aiso=1401(1572774ms) xte=0.00m spd=1.09m/s q=0 ggaAge=81 vtgAge=81 xteAge=1572774 xteraw=80:510302FF0D080BFF vt=Y(21/22) vtstat=2618/605ms tc=Y drp=0mm tcq=0
14:03:28.208 [ISOBUS] addr=0x81 claimed=Y load=14.5% msgs=44018 aiso=1402(1573774ms) xte=0.00m spd=1.08m/s q=0 ggaAge=81 vtgAge=81 xteAge=1573774 xteraw=80:510302FF0D080BFF vt=Y(21/22) vtstat=2620/605ms tc=Y drp=0mm tcq=0
14:03:29.189 [ISOBUS] addr=0x81 claimed=Y load=14.7% msgs=44059 aiso=1403(1574774ms) xte=0.00m spd=1.08m/s q=0 ggaAge=81 vtgAge=81 xteAge=1574774 xteraw=80:510302FF0D080BFF vt=Y(21/22) vtstat=2622/605ms tc=Y drp=0mm tcq=0
14:03:30.173 [ISOBUS] addr=0x81 claimed=Y load=14.7% msgs=44100 aiso=1404(1575774ms) xte=0.00m spd=1.08m/s q=0 ggaAge=81 vtgAge=81 xteAge=1575774 xteraw=80:510302FF0D080BFF vt=Y(21/22) vtstat=2624/605ms tc=Y drp=0mm tcq=0
14:03:31.191 [ISOBUS] addr=0x81 claimed=Y load=14.8% msgs=44141 aiso=1405(1576774ms) xte=0.00m spd=1.07m/s q=0 ggaAge=81 vtgAge=81 xteAge=1576774 xteraw=80:510302FF0D080BFF vt=Y(21/22) vtstat=2626/605ms tc=Y drp=0mm tcq=0
14:03:32.191 [ISOBUS] addr=0x81 claimed=Y load=15.1% msgs=44186 aiso=1406(1577774ms) xte=0.00m spd=1.08m/s q=0 ggaAge=81 vtgAge=81 xteAge=1577774 xteraw=80:510302FF0D080BFF vt=Y(21/22) vtstat=2628/601ms tc=Y drp=0mm tcq=0
14:03:33.197 [ISOBUS] addr=0x81 claimed=Y load=14.9% msgs=44227 aiso=1407(1578774ms) xte=0.00m spd=1.06m/s q=0 ggaAge=81 vtgAge=81 xteAge=1578774 xteraw=80:510302FF0D080BFF vt=Y(21/22) vtstat=2630/601ms tc=Y drp=0mm tcq=0
14:03:34.201 [ISOBUS] addr=0x81 claimed=Y load=14.7% msgs=44268 aiso=1408(1579774ms) xte=0.00m spd=1.07m/s q=0 ggaAge=81 vtgAge=81 xteAge=1579774 xteraw=80:510302FF0D080BFF vt=Y(21/22) vtstat=2632/601ms tc=Y drp=0mm tcq=0
14:03:35.209 [ISOBUS] addr=0x81 claimed=Y load=15.1% msgs=44309 aiso=1409(1580774ms) xte=0.00m spd=1.07m/s q=0 ggaAge=81 vtgAge=81 xteAge=1580774 xteraw=80:510302FF0D080BFF vt=Y(21/22) vtstat=2634/601ms tc=Y drp=0mm tcq=0
14:03:36.175 [ISOBUS] addr=0x81 claimed=Y load=14.8% msgs=44350 aiso=1410(1581774ms) xte=0.00m spd=1.07m/s q=0 ggaAge=81 vtgAge=81 xteAge=1581774 xteraw=80:510302FF0D080BFF vt=Y(21/22) vtstat=2636/601ms tc=Y drp=0mm tcq=0
14:03:37.182 [ISOBUS] addr=0x81 claimed=Y load=14.9% msgs=44391 aiso=1411(1582774ms) xte=0.00m spd=1.08m/s q=0 ggaAge=81 vtgAge=81 xteAge=1582774 xteraw=80:510302FF0D080BFF vt=Y(21/22) vtstat=2638/601ms tc=Y drp=0mm tcq=0
14:03:38.188 [ISOBUS] addr=0x81 claimed=Y load=14.7% msgs=44432 aiso=1412(1583774ms) xte=0.00m spd=1.08m/s q=0 ggaAge=81 vtgAge=81 xteAge=1583774 xteraw=80:510302FF0D080BFF vt=Y(21/22) vtstat=2640/597ms tc=Y drp=0mm tcq=0
14:03:39.189 [ISOBUS] addr=0x81 claimed=Y load=15.0% msgs=44473 aiso=1413(1584774ms) xte=0.00m spd=1.08m/s q=0 ggaAge=81 vtgAge=81 xteAge=1584774 xteraw=80:510302FF0D080BFF vt=Y(21/22) vtstat=2642/597ms tc=Y drp=0mm tcq=0
14:03:40.182 [ISOBUS] addr=0x81 claimed=Y load=14.7% msgs=44514 aiso=1414(1585774ms) xte=0.00m spd=1.09m/s q=0 ggaAge=81 vtgAge=81 xteAge=1585774 xteraw=80:510302FF0D080BFF vt=Y(21/22) vtstat=2644/597ms tc=Y drp=0mm tcq=0
14:03:41.182 [ISOBUS] addr=0x81 claimed=Y load=14.7% msgs=44555 aiso=1415(1586774ms) xte=0.00m spd=1.09m/s q=0 ggaAge=81 vtgAge=81 xteAge=1586774 xteraw=80:510302FF0D080BFF vt=Y(21/22) vtstat=2646/597ms tc=Y drp=0mm tcq=0
14:03:42.187 [ISOBUS] addr=0x81 claimed=Y load=15.1% msgs=44600 aiso=1416(1587774ms) xte=0.00m spd=1.08m/s q=0 ggaAge=81 vtgAge=81 xteAge=1587774 xteraw=80:510302FF0D080BFF vt=Y(21/22) vtstat=2648/597ms tc=Y drp=0mm tcq=0
14:03:43.202 [ISOBUS] addr=0x81 claimed=Y load=14.8% msgs=44641 aiso=1417(1588774ms) xte=0.00m spd=1.07m/s q=0 ggaAge=81 vtgAge=81 xteAge=1588774 xteraw=80:510302FF0D080BFF vt=Y(21/22) vtstat=2650/597ms tc=Y drp=0mm tcq=0
14:03:44.182 [ISOBUS] addr=0x81 claimed=Y load=14.9% msgs=44682 aiso=1418(1589774ms) xte=0.00m spd=1.07m/s q=0 ggaAge=81 vtgAge=77 xteAge=1589774 xteraw=80:510302FF0D080BFF vt=Y(21/22) vtstat=2652/593ms tc=Y drp=0mm tcq=0
14:03:45.198 [ISOBUS] addr=0x81 claimed=Y load=14.8% msgs=44723 aiso=1419(1590774ms) xte=0.00m spd=1.08m/s q=0 ggaAge=81 vtgAge=81 xteAge=1590774 xteraw=80:510302FF0D080BFF vt=Y(21/22) vtstat=2654/593ms tc=Y drp=0mm tcq=0
14:03:46.176 [ISOBUS] addr=0x81 claimed=Y load=14.5% msgs=44764 aiso=1420(1591774ms) xte=0.00m spd=1.09m/s q=0 ggaAge=81 vtgAge=77 xteAge=1591774 xteraw=80:510302FF0D080BFF vt=Y(21/22) vtstat=2656/593ms tc=Y drp=0mm tcq=0
14:03:47.198 [ISOBUS] addr=0x81 claimed=Y load=14.8% msgs=44805 aiso=1421(1592774ms) xte=0.00m spd=1.07m/s q=0 ggaAge=81 vtgAge=77 xteAge=1592774 xteraw=80:510302FF0D080BFF vt=Y(21/22) vtstat=2658/593ms tc=Y drp=0mm tcq=0
14:03:48.175 [ISOBUS] addr=0x81 claimed=Y load=14.6% msgs=44846 aiso=1422(1593774ms) xte=0.00m spd=1.09m/s q=0 ggaAge=81 vtgAge=77 xteAge=1593774 xteraw=80:510302FF0D080BFF vt=Y(21/22) vtstat=2660/593ms tc=Y drp=0mm tcq=0
14:03:49.211 [ISOBUS] addr=0x81 claimed=Y load=14.8% msgs=44887 aiso=1423(1594774ms) xte=0.00m spd=1.09m/s q=0 ggaAge=81 vtgAge=77 xteAge=1594774 xteraw=80:510302FF0D080BFF vt=Y(21/22) vtstat=2662/593ms tc=Y drp=0mm tcq=0
14:03:50.185 [ISOBUS] addr=0x81 claimed=Y load=14.7% msgs=44928 aiso=1424(1595774ms) xte=0.00m spd=1.09m/s q=0 ggaAge=81 vtgAge=81 xteAge=1595774 xteraw=80:510302FF0D080BFF vt=Y(21/22) vtstat=2664/593ms tc=Y drp=0mm tcq=0
14:03:51.206 [ISOBUS] addr=0x81 claimed=Y load=14.9% msgs=44969 aiso=1425(1596774ms) xte=0.00m spd=1.09m/s q=0 ggaAge=81 vtgAge=77 xteAge=1596774 xteraw=80:510302FF0D080BFF vt=Y(21/22) vtstat=2666/589ms tc=Y drp=0mm tcq=0
14:03:52.192 [ISOBUS] addr=0x81 claimed=Y load=15.0% msgs=45014 aiso=1426(1597774ms) xte=0.00m spd=1.07m/s q=0 ggaAge=81 vtgAge=77 xteAge=1597774 xteraw=80:510302FF0D080BFF vt=Y(21/22) vtstat=2668/589ms tc=Y drp=0mm tcq=0
14:03:53.194 [ISOBUS] addr=0x81 claimed=Y load=15.0% msgs=45055 aiso=1427(1598774ms) xte=0.00m spd=0.84m/s q=0 ggaAge=81 vtgAge=81 xteAge=1598774 xteraw=80:510302FF0D080BFF vt=Y(21/22) vtstat=2670/589ms tc=Y drp=0mm tcq=0
14:03:54.190 [ISOBUS] addr=0x81 claimed=Y load=15.5% msgs=45096 aiso=1428(1599774ms) xte=0.00m spd=0.06m/s q=0 ggaAge=81 vtgAge=77 xteAge=1599774 xteraw=80:510302FF0D080BFF vt=Y(21/22) vtstat=2672/589ms tc=Y drp=0mm tcq=0
14:03:55.191 [ISOBUS] addr=0x81 claimed=Y load=15.6% msgs=45137 aiso=1429(1600774ms) xte=0.00m spd=0.69m/s q=0 ggaAge=77 vtgAge=77 xteAge=1600774 xteraw=80:510302FF0D080BFF vt=Y(21/22) vtstat=2674/589ms tc=Y drp=0mm tcq=0
14:03:56.197 [ISOBUS] addr=0x81 claimed=Y load=15.4% msgs=45178 aiso=1430(1601774ms) xte=0.00m spd=1.05m/s q=0 ggaAge=77 vtgAge=77 xteAge=1601774 xteraw=80:510302FF0D080BFF vt=Y(21/22) vtstat=2676/589ms tc=Y drp=0mm tcq=0
14:03:57.200 [ISOBUS] addr=0x81 claimed=Y load=14.8% msgs=45219 aiso=1431(1602774ms) xte=0.00m spd=1.07m/s q=0 ggaAge=81 vtgAge=77 xteAge=1602774 xteraw=80:510302FF0D080BFF vt=Y(21/22) vtstat=2678/585ms tc=Y drp=0mm tcq=0
14:03:58.176 [ISOBUS] addr=0x81 claimed=Y load=14.9% msgs=45260 aiso=1432(1603774ms) xte=0.00m spd=1.07m/s q=0 ggaAge=81 vtgAge=77 xteAge=1603774 xteraw=80:510302FF0D080BFF vt=Y(21/22) vtstat=2680/585ms tc=Y drp=0mm tcq=0
14:03:59.190 [ISOBUS] addr=0x81 claimed=Y load=14.7% msgs=45301 aiso=1433(1604774ms) xte=0.00m spd=1.08m/s q=0 ggaAge=81 vtgAge=81 xteAge=1604774 xteraw=80:510302FF0D080BFF vt=Y(21/22) vtstat=2682/585ms tc=Y drp=0mm tcq=0
14:04:00.190 [ISOBUS] addr=0x81 claimed=Y load=14.7% msgs=45342 aiso=1434(1605774ms) xte=0.00m spd=1.10m/s q=0 ggaAge=81 vtgAge=77 xteAge=1605774 xteraw=80:510302FF0D080BFF vt=Y(21/22) vtstat=2684/585ms tc=Y drp=0mm tcq=0
14:04:01.197 [ISOBUS] addr=0x81 claimed=Y load=14.9% msgs=45383 aiso=1435(1606774ms) xte=0.00m spd=1.09m/s q=0 ggaAge=77 vtgAge=77 xteAge=1606774 xteraw=80:510302FF0D080BFF vt=Y(21/22) vtstat=2686/585ms tc=Y drp=0mm tcq=0
14:04:02.200 [ISOBUS] addr=0x81 claimed=Y load=15.0% msgs=45428 aiso=1436(1607774ms) xte=0.00m spd=1.09m/s q=0 ggaAge=78 vtgAge=77 xteAge=1607774 xteraw=80:510302FF0D080BFF vt=Y(21/22) vtstat=2688/585ms tc=Y drp=0mm tcq=0
14:04:03.201 [ISOBUS] addr=0x81 claimed=Y load=14.8% msgs=45469 aiso=1437(1608774ms) xte=0.00m spd=1.09m/s q=0 ggaAge=78 vtgAge=78 xteAge=1608774 xteraw=80:510302FF0D080BFF vt=Y(21/22) vtstat=2690/586ms tc=Y drp=0mm tcq=0
14:04:04.201 [ISOBUS] addr=0x81 claimed=Y load=14.5% msgs=45510 aiso=1438(1609774ms) xte=0.00m spd=1.08m/s q=0 ggaAge=78 vtgAge=78 xteAge=1609774 xteraw=80:510302FF0D080BFF vt=Y(21/22) vtstat=2692/582ms tc=Y drp=0mm tcq=0
14:04:05.186 [ISOBUS] addr=0x81 claimed=Y load=14.7% msgs=45551 aiso=1439(1610774ms) xte=0.00m spd=1.09m/s q=0 ggaAge=78 vtgAge=78 xteAge=1610774 xteraw=80:510302FF0D080BFF vt=Y(21/22) vtstat=2694/582ms tc=Y drp=0mm tcq=0
14:04:06.182 [ISOBUS] addr=0x81 claimed=Y load=14.6% msgs=45592 aiso=1440(1611774ms) xte=0.00m spd=1.09m/s q=0 ggaAge=78 vtgAge=78 xteAge=1611774 xteraw=80:510302FF0D080BFF vt=Y(21/22) vtstat=2696/582ms tc=Y drp=0mm tcq=0
14:04:07.181 [ISOBUS] addr=0x81 claimed=Y load=14.7% msgs=45633 aiso=1441(1612774ms) xte=0.00m spd=1.10m/s q=0 ggaAge=78 vtgAge=78 xteAge=1612774 xteraw=80:510302FF0D080BFF vt=Y(21/22) vtstat=2698/582ms tc=Y drp=0mm tcq=0
14:04:08.179 [ISOBUS] addr=0x81 claimed=Y load=14.5% msgs=45674 aiso=1442(1613774ms) xte=0.00m spd=1.09m/s q=0 ggaAge=78 vtgAge=78 xteAge=1613774 xteraw=80:510302FF0D080BFF vt=Y(21/22) vtstat=2700/582ms tc=Y drp=0mm tcq=0
14:04:09.200 [ISOBUS] addr=0x81 claimed=Y load=14.7% msgs=45715 aiso=1443(1614774ms) xte=0.00m spd=1.10m/s q=0 ggaAge=78 vtgAge=78 xteAge=1614774 xteraw=80:510302FF0D080BFF vt=Y(21/22) vtstat=2702/578ms tc=Y drp=0mm tcq=0
14:04:10.201 [ISOBUS] addr=0x81 claimed=Y load=14.7% msgs=45756 aiso=1444(1615774ms) xte=0.00m spd=1.08m/s q=0 ggaAge=78 vtgAge=78 xteAge=1615774 xteraw=80:510302FF0D080BFF vt=Y(21/22) vtstat=2704/578ms tc=Y drp=0mm tcq=0
14:04:11.195 [ISOBUS] addr=0x81 claimed=Y load=14.7% msgs=45797 aiso=1445(1616774ms) xte=0.00m spd=1.08m/s q=0 ggaAge=78 vtgAge=78 xteAge=1616774 xteraw=80:510302FF0D080BFF vt=Y(21/22) vtstat=2706/578ms tc=Y drp=0mm tcq=0
14:04:12.180 [ISOBUS] addr=0x81 claimed=Y load=15.0% msgs=45842 aiso=1446(1617774ms) xte=0.00m spd=1.08m/s q=0 ggaAge=78 vtgAge=78 xteAge=1617774 xteraw=80:510302FF0D080BFF vt=Y(21/22) vtstat=2708/578ms tc=Y drp=0mm tcq=0
14:04:13.191 [ISOBUS] addr=0x81 claimed=Y load=14.7% msgs=45883 aiso=1447(1618774ms) xte=0.00m spd=1.09m/s q=0 ggaAge=78 vtgAge=78 xteAge=1618774 xteraw=80:510302FF0D080BFF vt=Y(21/22) vtstat=2710/578ms tc=Y drp=0mm tcq=0
14:04:14.191 [ISOBUS] addr=0x81 claimed=Y load=14.5% msgs=45924 aiso=1448(1619774ms) xte=0.00m spd=1.09m/s q=0 ggaAge=78 vtgAge=78 xteAge=1619774 xteraw=80:510302FF0D080BFF vt=Y(21/22) vtstat=2712/578ms tc=Y drp=0mm tcq=0
14:04:15.200 [ISOBUS] addr=0x81 claimed=Y load=14.9% msgs=45965 aiso=1449(1620774ms) xte=0.00m spd=1.08m/s q=0 ggaAge=78 vtgAge=78 xteAge=1620774 xteraw=80:510302FF0D080BFF vt=Y(21/22) vtstat=2714/578ms tc=Y drp=0mm tcq=0
14:04:16.208 [ISOBUS] addr=0x81 claimed=Y load=14.5% msgs=46006 aiso=1450(1621774ms) xte=0.00m spd=1.09m/s q=0 ggaAge=78 vtgAge=78 xteAge=1621774 xteraw=80:510302FF0D080BFF vt=Y(21/22) vtstat=2716/574ms tc=Y drp=0mm tcq=0
14:04:17.202 [ISOBUS] addr=0x81 claimed=Y load=14.7% msgs=46047 aiso=1451(1622774ms) xte=0.00m spd=1.08m/s q=0 ggaAge=82 vtgAge=78 xteAge=1622774 xteraw=80:510302FF0D080BFF vt=Y(21/22) vtstat=2718/574ms tc=Y drp=0mm tcq=0
14:04:18.186 [ISOBUS] addr=0x81 claimed=Y load=14.6% msgs=46088 aiso=1452(1623774ms) xte=0.00m spd=1.09m/s q=0 ggaAge=78 vtgAge=78 xteAge=1623774 xteraw=80:510302FF0D080BFF vt=Y(21/22) vtstat=2720/574ms tc=Y drp=0mm tcq=0
14:04:19.205 [ISOBUS] addr=0x81 claimed=Y load=14.8% msgs=46129 aiso=1453(1624774ms) xte=0.00m spd=1.10m/s q=0 ggaAge=78 vtgAge=78 xteAge=1624774 xteraw=80:510302FF0D080BFF vt=Y(21/22) vtstat=2722/574ms tc=Y drp=0mm tcq=0
14:04:20.185 [ISOBUS] addr=0x81 claimed=Y load=14.6% msgs=46170 aiso=1454(1625774ms) xte=0.00m spd=1.08m/s q=0 ggaAge=78 vtgAge=78 xteAge=1625774 xteraw=80:510302FF0D080BFF vt=Y(21/22) vtstat=2724/574ms tc=Y drp=0mm tcq=0
14:04:21.198 [ISOBUS] addr=0x81 claimed=Y load=14.9% msgs=46211 aiso=1455(1626774ms) xte=0.00m spd=1.08m/s q=0 ggaAge=82 vtgAge=78 xteAge=1626774 xteraw=80:510302FF0D080BFF vt=Y(21/22) vtstat=2726/574ms tc=Y drp=0mm tcq=0
14:04:22.183 [ISOBUS] addr=0x81 claimed=Y load=15.0% msgs=46256 aiso=1456(1627774ms) xte=0.00m spd=1.08m/s q=0 ggaAge=78 vtgAge=78 xteAge=1627774 xteraw=80:510302FF0D080BFF vt=Y(21/22) vtstat=2728/570ms tc=Y drp=0mm tcq=0
14:04:23.200 [ISOBUS] addr=0x81 claimed=Y load=14.9% msgs=46297 aiso=1457(1628774ms) xte=0.00m spd=1.09m/s q=0 ggaAge=78 vtgAge=78 xteAge=1628774 xteraw=80:510302FF0D080BFF vt=Y(21/22) vtstat=2730/570ms tc=Y drp=0mm tcq=0
14:04:24.200 [ISOBUS] addr=0x81 claimed=Y load=14.7% msgs=46338 aiso=1458(1629774ms) xte=0.00m spd=1.09m/s q=0 ggaAge=78 vtgAge=78 xteAge=1629774 xteraw=80:510302FF0D080BFF vt=Y(21/22) vtstat=2732/570ms tc=Y drp=0mm tcq=0
14:04:25.180 [ISOBUS] addr=0x81 claimed=Y load=14.9% msgs=46379 aiso=1459(1630774ms) xte=0.00m spd=1.09m/s q=0 ggaAge=78 vtgAge=78 xteAge=1630774 xteraw=80:510302FF0D080BFF vt=Y(21/22) vtstat=2734/570ms tc=Y drp=0mm tcq=0
14:04:26.197 [ISOBUS] addr=0x81 claimed=Y load=14.5% msgs=46420 aiso=1460(1631774ms) xte=0.00m spd=1.09m/s q=0 ggaAge=78 vtgAge=78 xteAge=1631774 xteraw=80:510302FF0D080BFF vt=Y(21/22) vtstat=2736/570ms tc=Y drp=0mm tcq=0
14:04:27.194 [ISOBUS] addr=0x81 claimed=Y load=14.8% msgs=46461 aiso=1461(1632774ms) xte=0.00m spd=1.10m/s q=0 ggaAge=78 vtgAge=78 xteAge=1632774 xteraw=80:510302FF0D080BFF vt=Y(21/22) vtstat=2738/570ms tc=Y drp=0mm tcq=0
14:04:28.194 [ISOBUS] addr=0x81 claimed=Y load=14.7% msgs=46502 aiso=1462(1633774ms) xte=0.00m spd=1.11m/s q=0 ggaAge=70 vtgAge=70 xteAge=1633774 xteraw=80:510302FF0D080BFF vt=Y(21/22) vtstat=2740/570ms tc=Y drp=0mm tcq=0
14:04:29.195 [ISOBUS] addr=0x81 claimed=Y load=15.0% msgs=46543 aiso=1463(1634774ms) xte=0.00m spd=1.10m/s q=0 ggaAge=78 vtgAge=78 xteAge=1634774 xteraw=80:510302FF0D080BFF vt=Y(21/22) vtstat=2742/566ms tc=Y drp=0mm tcq=0
14:04:30.194 [ISOBUS] addr=0x81 claimed=Y load=14.6% msgs=46584 aiso=1464(1635774ms) xte=0.00m spd=1.08m/s q=0 ggaAge=78 vtgAge=78 xteAge=1635774 xteraw=80:510302FF0D080BFF vt=Y(21/22) vtstat=2744/566ms tc=Y drp=0mm tcq=0
14:04:31.188 [ISOBUS] addr=0x81 claimed=Y load=14.9% msgs=46625 aiso=1465(1636774ms) xte=0.00m spd=1.09m/s q=0 ggaAge=78 vtgAge=78 xteAge=1636774 xteraw=80:510302FF0D080BFF vt=Y(21/22) vtstat=2746/566ms tc=Y drp=0mm tcq=0
14:04:32.203 [ISOBUS] addr=0x81 claimed=Y load=15.2% msgs=46670 aiso=1466(1637774ms) xte=0.00m spd=1.08m/s q=0 ggaAge=78 vtgAge=78 xteAge=1637774 xteraw=80:510302FF0D080BFF vt=Y(21/22) vtstat=2748/566ms tc=Y drp=0mm tcq=0
14:04:33.193 [ISOBUS] addr=0x81 claimed=Y load=15.0% msgs=46711 aiso=1467(1638774ms) xte=0.00m spd=0.96m/s q=0 ggaAge=78 vtgAge=78 xteAge=1638774 xteraw=80:510302FF0D080BFF vt=Y(21/22) vtstat=2750/566ms tc=Y drp=0mm tcq=0
14:04:34.188 [ISOBUS] addr=0x81 claimed=Y load=15.4% msgs=46752 aiso=1468(1639774ms) xte=0.00m spd=0.66m/s q=0 ggaAge=78 vtgAge=78 xteAge=1639774 xteraw=80:510302FF0D080BFF vt=Y(21/22) vtstat=2752/566ms tc=Y drp=0mm tcq=0
14:04:35.200 [ISOBUS] addr=0x81 claimed=Y load=15.7% msgs=46793 aiso=1469(1640774ms) xte=0.00m spd=0.13m/s q=0 ggaAge=78 vtgAge=78 xteAge=1640774 xteraw=80:510302FF0D080BFF vt=Y(21/22) vtstat=2754/562ms tc=Y drp=0mm tcq=0
14:04:36.195 [ISOBUS] addr=0x81 claimed=Y load=15.1% msgs=46834 aiso=1470(1641774ms) xte=0.00m spd=0.00m/s q=0 ggaAge=78 vtgAge=78 xteAge=1641774 xteraw=80:510302FF0D080BFF vt=Y(21/22) vtstat=2756/562ms tc=Y drp=0mm tcq=0
14:04:37.204 [ISOBUS] addr=0x81 claimed=Y load=14.8% msgs=46875 aiso=1471(1642774ms) xte=0.00m spd=0.00m/s q=0 ggaAge=78 vtgAge=78 xteAge=1642774 xteraw=80:510302FF0D080BFF vt=Y(21/22) vtstat=2758/562ms tc=Y drp=0mm tcq=0
14:04:38.202 [ISOBUS] addr=0x81 claimed=Y load=14.5% msgs=46916 aiso=1472(1643774ms) xte=0.00m spd=0.00m/s q=0 ggaAge=78 vtgAge=78 xteAge=1643774 xteraw=80:510302FF0D080BFF vt=Y(21/22) vtstat=2760/562ms tc=Y drp=0mm tcq=0
14:04:39.190 [ISOBUS] addr=0x81 claimed=Y load=14.7% msgs=46957 aiso=1473(1644774ms) xte=0.00m spd=0.00m/s q=0 ggaAge=78 vtgAge=78 xteAge=1644774 xteraw=80:510302FF0D080BFF vt=Y(21/22) vtstat=2762/562ms tc=Y drp=0mm tcq=0
14:04:40.184 [ISOBUS] addr=0x81 claimed=Y load=14.5% msgs=46998 aiso=1474(1645774ms) xte=0.00m spd=0.00m/s q=0 ggaAge=78 vtgAge=78 xteAge=1645774 xteraw=80:510302FF0D080BFF vt=Y(21/22) vtstat=2764/562ms tc=Y drp=0mm tcq=0
14:04:41.187 [ISOBUS] addr=0x81 claimed=Y load=14.7% msgs=47039 aiso=1475(1646774ms) xte=0.00m spd=0.00m/s q=0 ggaAge=78 vtgAge=78 xteAge=1646774 xteraw=80:510302FF0D080BFF vt=Y(21/22) vtstat=2766/558ms tc=Y drp=0mm tcq=0
14:04:42.186 [ISOBUS] addr=0x81 claimed=Y load=15.0% msgs=47084 aiso=1476(1647774ms) xte=0.00m spd=0.00m/s q=0 ggaAge=78 vtgAge=78 xteAge=1647774 xteraw=80:510302FF0D080BFF vt=Y(21/22) vtstat=2768/558ms tc=Y drp=0mm tcq=0
14:04:43.190 [ISOBUS] addr=0x81 claimed=Y load=14.7% msgs=47125 aiso=1477(1648774ms) xte=0.00m spd=0.00m/s q=0 ggaAge=78 vtgAge=78 xteAge=1648774 xteraw=80:510302FF0D080BFF vt=Y(21/22) vtstat=2770/558ms tc=Y drp=0mm tcq=0
14:04:44.203 [ISOBUS] addr=0x81 claimed=Y load=14.5% msgs=47166 aiso=1478(1649774ms) xte=0.00m spd=0.00m/s q=0 ggaAge=78 vtgAge=78 xteAge=1649774 xteraw=80:510302FF0D080BFF vt=Y(21/22) vtstat=2772/558ms tc=Y drp=0mm tcq=0
14:04:45.183 [ISOBUS] addr=0x81 claimed=Y load=14.7% msgs=47207 aiso=1479(1650774ms) xte=0.00m spd=0.00m/s q=0 ggaAge=78 vtgAge=78 xteAge=1650774 xteraw=80:510302FF0D080BFF vt=Y(21/22) vtstat=2774/558ms tc=Y drp=0mm tcq=0
14:04:46.182 [ISOBUS] addr=0x81 claimed=Y load=14.5% msgs=47248 aiso=1480(1651774ms) xte=0.00m spd=0.00m/s q=0 ggaAge=78 vtgAge=78 xteAge=1651774 xteraw=80:510302FF0D080BFF vt=Y(21/22) vtstat=2776/558ms tc=Y drp=0mm tcq=0
14:04:47.204 [ISOBUS] addr=0x81 claimed=Y load=14.7% msgs=47289 aiso=1481(1652774ms) xte=0.00m spd=0.00m/s q=0 ggaAge=78 vtgAge=78 xteAge=1652774 xteraw=80:510302FF0D080BFF vt=Y(21/22) vtstat=2778/554ms tc=Y drp=0mm tcq=0
14:04:48.190 [ISOBUS] addr=0x81 claimed=Y load=14.5% msgs=47330 aiso=1482(1653774ms) xte=0.00m spd=0.00m/s q=0 ggaAge=78 vtgAge=78 xteAge=1653774 xteraw=80:510302FF0D080BFF vt=Y(21/22) vtstat=2780/554ms tc=Y drp=0mm tcq=0
14:04:49.178 [ISOBUS] addr=0x81 claimed=Y load=14.7% msgs=47371 aiso=1483(1654774ms) xte=0.00m spd=0.00m/s q=0 ggaAge=78 vtgAge=78 xteAge=1654774 xteraw=80:510302FF0D080BFF vt=Y(21/22) vtstat=2782/554ms tc=Y drp=0mm tcq=0
14:04:50.205 [ISOBUS] addr=0x81 claimed=Y load=14.5% msgs=47412 aiso=1484(1655774ms) xte=0.00m spd=0.00m/s q=0 ggaAge=79 vtgAge=79 xteAge=1655774 xteraw=80:510302FF0D080BFF vt=Y(21/22) vtstat=2784/554ms tc=Y drp=0mm tcq=0
14:04:51.198 [ISOBUS] addr=0x81 claimed=Y load=14.7% msgs=47453 aiso=1485(1656774ms) xte=0.00m spd=0.00m/s q=0 ggaAge=79 vtgAge=79 xteAge=1656774 xteraw=80:510302FF0D080BFF vt=Y(21/22) vtstat=2786/554ms tc=Y drp=0mm tcq=0
14:04:52.177 [ISOBUS] addr=0x81 claimed=Y load=15.0% msgs=47498 aiso=1486(1657774ms) xte=0.00m spd=0.00m/s q=0 ggaAge=79 vtgAge=79 xteAge=1657774 xteraw=80:510302FF0D080BFF vt=Y(21/22) vtstat=2788/555ms tc=Y drp=0mm tcq=0
14:04:53.198 [ISOBUS] addr=0x81 claimed=Y load=14.7% msgs=47539 aiso=1487(1658774ms) xte=0.00m spd=0.00m/s q=0 ggaAge=79 vtgAge=79 xteAge=1658774 xteraw=80:510302FF0D080BFF vt=Y(21/22) vtstat=2790/555ms tc=Y drp=0mm tcq=0
14:04:54.179 [ISOBUS] addr=0x81 claimed=Y load=14.5% msgs=47580 aiso=1488(1659774ms) xte=0.00m spd=0.00m/s q=0 ggaAge=79 vtgAge=79 xteAge=1659774 xteraw=80:510302FF0D080BFF vt=Y(21/22) vtstat=2792/551ms tc=Y drp=0mm tcq=0
14:04:55.187 [ISOBUS] addr=0x81 claimed=Y load=14.7% msgs=47621 aiso=1489(1660774ms) xte=0.00m spd=0.00m/s q=0 ggaAge=79 vtgAge=79 xteAge=1660774 xteraw=80:510302FF0D080BFF vt=Y(21/22) vtstat=2794/551ms tc=Y drp=0mm tcq=0
14:04:56.178 [ISOBUS] addr=0x81 claimed=Y load=14.5% msgs=47662 aiso=1490(1661774ms) xte=0.00m spd=0.00m/s q=0 ggaAge=79 vtgAge=79 xteAge=1661774 xteraw=80:510302FF0D080BFF vt=Y(21/22) vtstat=2796/551ms tc=Y drp=0mm tcq=0
14:04:57.212 [ISOBUS] addr=0x81 claimed=Y load=14.7% msgs=47703 aiso=1491(1662774ms) xte=0.00m spd=0.00m/s q=0 ggaAge=79 vtgAge=79 xteAge=1662774 xteraw=80:510302FF0D080BFF vt=Y(21/22) vtstat=2798/551ms tc=Y drp=0mm tcq=0
14:04:58.184 [ISOBUS] addr=0x81 claimed=Y load=14.5% msgs=47744 aiso=1492(1663774ms) xte=0.00m spd=0.00m/s q=0 ggaAge=79 vtgAge=79 xteAge=1663774 xteraw=80:510302FF0D080BFF vt=Y(21/22) vtstat=2800/551ms tc=Y drp=0mm tcq=0
14:04:59.203 [ISOBUS] addr=0x81 claimed=Y load=14.7% msgs=47785 aiso=1493(1664774ms) xte=0.00m spd=0.00m/s q=0 ggaAge=79 vtgAge=79 xteAge=1664774 xteraw=80:510302FF0D080BFF vt=Y(21/22) vtstat=2802/551ms tc=Y drp=0mm tcq=0
14:05:00.199 [ISOBUS] addr=0x81 claimed=Y load=14.5% msgs=47826 aiso=1494(1665774ms) xte=0.00m spd=0.00m/s q=0 ggaAge=79 vtgAge=79 xteAge=1665774 xteraw=80:510302FF0D080BFF vt=Y(21/22) vtstat=2804/547ms tc=Y drp=0mm tcq=0
14:05:01.180 [ISOBUS] addr=0x81 claimed=Y load=14.7% msgs=47867 aiso=1495(1666774ms) xte=0.00m spd=0.00m/s q=0 ggaAge=79 vtgAge=79 xteAge=1666774 xteraw=80:510302FF0D080BFF vt=Y(21/22) vtstat=2806/547ms tc=Y drp=0mm tcq=0
14:05:02.189 [ISOBUS] addr=0x81 claimed=Y load=15.0% msgs=47912 aiso=1496(1667774ms) xte=0.00m spd=0.00m/s q=0 ggaAge=79 vtgAge=79 xteAge=1667774 xteraw=80:510302FF0D080BFF vt=Y(21/22) vtstat=2808/547ms tc=Y drp=0mm tcq=0
14:05:03.182 [ISOBUS] addr=0x81 claimed=Y load=14.7% msgs=47953 aiso=1497(1668774ms) xte=0.00m spd=0.00m/s q=0 ggaAge=79 vtgAge=79 xteAge=1668774 xteraw=80:510302FF0D080BFF vt=Y(21/22) vtstat=2810/543ms tc=Y drp=0mm tcq=0
14:05:04.203 [ISOBUS] addr=0x81 claimed=Y load=14.5% msgs=47994 aiso=1498(1669774ms) xte=0.00m spd=0.00m/s q=0 ggaAge=79 vtgAge=79 xteAge=1669774 xteraw=80:510302FF0D080BFF vt=Y(21/22) vtstat=2812/543ms tc=Y drp=0mm tcq=0
14:06:24.392 ### logger started (auto: PJRC 16C0:0483)
14:06:25.407 ### port COM4 open
14:06:25.429 [ISOBUS] addr=0x81 claimed=Y load=14.7% msgs=48035 aiso=1499(1670774ms) xte=0.00m spd=0.00m/s q=0 ggaAge=79 vtgAge=79 xteAge=1670774 xteraw=80:510302FF0D080BFF vt=Y(21/22) vtstat=2814/543ms tc=Y drp=0mm tcq=0
14:06:25.445 [ISOBUS] addr=0x81 claimed=Y load=14.5% msgs=48076 aiso=1500(1671774ms) xte=0.00m spd=0.00m/s q=0 ggaAge=79 vtgAge=79 xteAge=1671774 xteraw=80:510302FF0D080BFF vt=Y(21/22) vtstat=2816/543ms tc=Y drp=0mm tcq=0
14:06:25.461 [ISOBUS] addr=0x81 claimed=Y load=14.7% msgs=48117 aiso=1501(1672774ms) xte=0.00m spd=0.00m/s q=0 ggaAge=79 vtgAge=79 xteAge=1672774 xteraw=80:510302FF0D080BFF vt=Y(21/22) vtstat=2818/543ms tc=Y drp=0mm tcq=0
14:06:25.473 [ISOBUS] addr=0x81 claimed=Y load=14.5% msgs=48158 aiso=1502(1673774ms) xte=0.00m spd=0.00m/s q=0 ggaAge=79 vtgAge=79 xteAge=1673774 xteraw=80:510302FF0D080BFF vt=Y(21/22) vtstat=2820/543ms tc=Y drp=0mm tcq=0
14:06:26.181 [ISOBUS] addr=0x81 claimed=Y load=14.5% msgs=51382 aiso=1580(1751774ms) xte=0.00m spd=0.00m/s q=0 ggaAge=77 vtgAge=77 xteAge=1751774 xteraw=80:510302FF0B050AFF vt=Y(21/22) vtstat=2976/493ms tc=Y drp=0mm tcq=0
14:06:27.190 [ISOBUS] addr=0x81 claimed=Y load=14.7% msgs=51423 aiso=1581(1752774ms) xte=0.00m spd=0.00m/s q=0 ggaAge=77 vtgAge=77 xteAge=1752774 xteraw=80:510302FF0B050AFF vt=Y(21/22) vtstat=2978/493ms tc=Y drp=0mm tcq=0
14:06:28.201 [ISOBUS] addr=0x81 claimed=Y load=14.5% msgs=51464 aiso=1582(1753774ms) xte=0.00m spd=0.00m/s q=0 ggaAge=78 vtgAge=78 xteAge=1753774 xteraw=80:510302FF0B050AFF vt=Y(21/22) vtstat=2980/494ms tc=Y drp=0mm tcq=0
14:06:29.189 [ISOBUS] addr=0x81 claimed=Y load=14.7% msgs=51505 aiso=1583(1754774ms) xte=0.00m spd=0.00m/s q=0 ggaAge=78 vtgAge=78 xteAge=1754774 xteraw=80:510302FF0B050AFF vt=Y(21/22) vtstat=2982/494ms tc=Y drp=0mm tcq=0
14:06:30.200 [ISOBUS] addr=0x81 claimed=Y load=14.5% msgs=51546 aiso=1584(1755774ms) xte=0.00m spd=0.00m/s q=0 ggaAge=78 vtgAge=78 xteAge=1755774 xteraw=80:510302FF0B050AFF vt=Y(21/22) vtstat=2984/494ms tc=Y drp=0mm tcq=0
14:06:31.179 [ISOBUS] addr=0x81 claimed=Y load=14.7% msgs=51587 aiso=1585(1756774ms) xte=0.00m spd=0.00m/s q=0 ggaAge=78 vtgAge=78 xteAge=1756774 xteraw=80:510302FF0B050AFF vt=Y(21/22) vtstat=2986/494ms tc=Y drp=0mm tcq=0
14:06:31.587 === ISOBUS DEBUG MENU ===
14:06:31.587 1. Full status dump
14:06:31.587 2. Periodic summary line (ON - press to toggle)
14:06:31.747 ### auto: 1 Hz line already ON
14:06:31.749 3. Reset message counters
14:06:31.749 4. Dump DDOP as hex (open in AgIsoDDOPGenerator)
14:06:31.749 5. Dump VT object pool as hex
14:06:31.753 q. Exit
14:06:31.753 Exiting.
14:06:32.181 [ISOBUS] addr=0x81 claimed=Y load=15.0% msgs=51632 aiso=1586(1757774ms) xte=0.00m spd=0.00m/s q=0 ggaAge=78 vtgAge=78 xteAge=1757774 xteraw=80:510302FF0B050AFF vt=Y(21/22) vtstat=2988/490ms tc=Y drp=0mm tcq=0
14:06:32.860 ### sending keys: x1q
14:06:34.195 === ISOBUS DEBUG MENU ===
14:06:34.195 1. Full status dump
14:06:34.195 2. Periodic summary line (ON - press to toggle)
14:06:34.195 3. Reset message counters
14:06:34.201 4. Dump DDOP as hex (open in AgIsoDDOPGenerator)
14:06:34.201 5. Dump VT object pool as hex
14:06:34.203 q. Exit
14:06:34.203 === ISOBUS STATUS ===
14:06:34.203 Address claim: CLAIMED  address=0x81
14:06:34.203 CAN controller: error-active  TX err 0 (peak 144)  RX err 0 (peak 129)
14:06:34.203   error-passive entries: 3  bus-off entries: 0  longest episode: 149561 ms
14:06:34.203 Bus load (ch0): 14.6 %
14:06:34.203 --- Message counters ---
14:06:34.211   PGN 129025 Position NMEA2000: 0
14:06:34.211   PGN 129026 Speed NMEA2000:    0
14:06:34.211   PGN 129283 XTE NMEA2000:      172
14:06:34.211   PGN 65267  Position legacy:   11175
14:06:34.211   PGN 65256  Speed legacy:      11174   last SA=0x80 raw=0x0
14:06:34.211   PGN 65535  all senders:       11175   last SA=0x80
14:06:34.211   PGN 65535  XTE carrier 0x2A:  0   (none decoded)
14:06:34.211              raw SA=0x80 word=0xBFF byte1=0x3 payload 510302FF0B050AFF  (35 ms ago)
14:06:34.211   PGN 60160  XTE Trimble legacy:518   last SA=0x26
14:06:34.211   PGN 64770  AISO stop:         1587   last 1758631 ms ago
14:06:34.211   TOTAL:                        51668
14:06:34.227 --- Guidance telemetry ---
14:06:34.227   XTE:          0.00 m
14:06:34.227   Speed:        0.00 m/s (0.00 kn)
14:06:34.227   Quality:      0   RTK quality=4  PGN 129029 GNSS position: (none received)
14:06:34.227   PGN 129027 position deltas: 0
14:06:34.227   Guidance machine info (PGN 44032): 15867 msgs, last 63 ms ago
14:06:34.227     lockout=YES/READY  steeringReady=n/a  remoteEngage=n/a  curvature=-20.50 1/km
14:06:34.227   IsRtkQuality=N
14:06:34.227   GGA fix age:  35 ms
14:06:34.227   VTG fix age:  35 ms
14:06:34.227   XTE fix age:  1758631 ms
14:06:34.227   Lat/Lon/Alt/Course: 53.442101 / 6.755871 / 1.3 m / 120.6 deg
14:06:34.227 --- Virtual Terminal ---
14:06:34.227   Connected:    Y
14:06:34.243   State:        21/22  Connected
14:06:34.243   VT version:  4
14:06:34.243   VT status msgs: 2990   last 347 ms ago
14:06:34.243   Partner: addr=0x26 valid=Y  reconnect attempts=0
14:06:34.243   VT failover: switches=1 claim requests=14
14:06:34.243 --- Task Controller ---
14:06:34.243   Connected:    Y
14:06:34.243   TC-GEO (with/without pos): Y/N
14:06:34.243   Task active:  Y
14:06:34.243   DRP deviation (DDI 513): 0 mm, last 1758631 ms ago
14:06:34.243   GNSS quality (DDI 514):  0, last 1758631 ms ago
14:06:34.243   [via stack] Value cmds to handler: 0  last DDI=(none)
14:06:34.243   [via stack] Value req callbacks:  0   (mostly AgIsoStack's own re-polling -- NOT bus traffic)
14:06:34.243   [on bus] Requests for our values: 0
14:06:34.243   [on bus] Set-value commands:      0
14:06:34.243   [on bus] Measurement commands:    0  (none)
14:06:34.259   [on bus] Other, addressed to us:  18
14:06:34.260   Partner: addr=0xF7 valid=Y  reconnect attempts=11
14:06:34.260   Tramline setpoint (DDI 506): (none yet -- no Tramline Control seen on this terminal)
14:06:34.260   Guidance track (DDI 507-511): (none yet)
14:06:34.260 === ISOBUS DEBUG MENU ===
14:06:34.260 1. Full status dump
14:06:34.266 2. Periodic summary line (ON - press to toggle)
14:06:34.267 3. Reset message counters
14:06:34.268 4. Dump DDOP as hex (open in AgIsoDDOPGenerator)
14:06:34.293 5. Dump VT object pool as hex
14:06:34.299 q. Exit
14:06:34.299 Exiting.
14:06:34.299 [ISOBUS] addr=0x81 claimed=Y load=14.7% msgs=51673 aiso=1587(1758787ms) xte=0.00m spd=0.00m/s q=0 ggaAge=91 vtgAge=91 xteAge=1758787 xteraw=80:510302FF0B050AFF vt=Y(21/22) vtstat=2990/504ms tc=Y drp=0mm tcq=0
14:06:34.299 [ISOBUS] addr=0x81 claimed=Y load=14.5% msgs=51714 aiso=1588(1759787ms) xte=0.00m spd=0.00m/s q=0 ggaAge=91 vtgAge=91 xteAge=1759787 xteraw=80:510302FF0B050AFF vt=Y(21/22) vtstat=2992/503ms tc=Y drp=0mm tcq=0
14:06:35.227 [ISOBUS] addr=0x81 claimed=Y load=14.7% msgs=51755 aiso=1589(1760787ms) xte=0.00m spd=0.00m/s q=0 ggaAge=91 vtgAge=91 xteAge=1760787 xteraw=80:510302FF0B050AFF vt=Y(21/22) vtstat=2994/503ms tc=Y drp=0mm tcq=0
14:06:36.200 [ISOBUS] addr=0x81 claimed=Y load=14.5% msgs=51796 aiso=1590(1761787ms) xte=0.00m spd=0.00m/s q=0 ggaAge=91 vtgAge=91 xteAge=1761787 xteraw=80:510302FF0B050AFF vt=Y(21/22) vtstat=2996/503ms tc=Y drp=0mm tcq=0
14:06:37.214 [ISOBUS] addr=0x81 claimed=Y load=14.7% msgs=51837 aiso=1591(1762787ms) xte=0.00m spd=0.00m/s q=0 ggaAge=91 vtgAge=91 xteAge=1762787 xteraw=80:510302FF0B050AFF vt=Y(21/22) vtstat=2998/503ms tc=Y drp=0mm tcq=0
14:06:38.213 [ISOBUS] addr=0x81 claimed=Y load=14.5% msgs=51878 aiso=1592(1763787ms) xte=0.00m spd=0.00m/s q=0 ggaAge=91 vtgAge=91 xteAge=1763787 xteraw=80:510302FF0B050AFF vt=Y(21/22) vtstat=3000/499ms tc=Y drp=0mm tcq=0
14:06:39.195 [ISOBUS] addr=0x81 claimed=Y load=14.7% msgs=51919 aiso=1593(1764787ms) xte=0.00m spd=0.00m/s q=0 ggaAge=91 vtgAge=91 xteAge=1764787 xteraw=80:510302FF0B050AFF vt=Y(21/22) vtstat=3002/499ms tc=Y drp=0mm tcq=0
14:06:40.211 [ISOBUS] addr=0x81 claimed=Y load=14.5% msgs=51960 aiso=1594(1765787ms) xte=0.00m spd=0.00m/s q=0 ggaAge=91 vtgAge=91 xteAge=1765787 xteraw=80:510302FF0B050AFF vt=Y(21/22) vtstat=3004/499ms tc=Y drp=0mm tcq=0
14:06:41.194 [ISOBUS] addr=0x81 claimed=Y load=14.7% msgs=52001 aiso=1595(1766787ms) xte=0.00m spd=0.00m/s q=0 ggaAge=91 vtgAge=91 xteAge=1766787 xteraw=80:510302FF0B050AFF vt=Y(21/22) vtstat=3006/499ms tc=Y drp=0mm tcq=0
14:06:42.213 [ISOBUS] addr=0x81 claimed=Y load=15.0% msgs=52046 aiso=1596(1767787ms) xte=0.00m spd=0.00m/s q=0 ggaAge=91 vtgAge=91 xteAge=1767787 xteraw=80:510302FF0B050AFF vt=Y(21/22) vtstat=3008/499ms tc=Y drp=0mm tcq=0
14:06:43.216 [ISOBUS] addr=0x81 claimed=Y load=14.7% msgs=52087 aiso=1597(1768787ms) xte=0.00m spd=0.00m/s q=0 ggaAge=91 vtgAge=91 xteAge=1768787 xteraw=80:510302FF0B050AFF vt=Y(21/22) vtstat=3010/499ms tc=Y drp=0mm tcq=0
14:06:44.203 [ISOBUS] addr=0x81 claimed=Y load=14.5% msgs=52128 aiso=1598(1769787ms) xte=0.00m spd=0.00m/s q=0 ggaAge=91 vtgAge=91 xteAge=1769787 xteraw=80:510302FF0B050AFF vt=Y(21/22) vtstat=3012/495ms tc=Y drp=0mm tcq=0
14:06:45.223 [ISOBUS] addr=0x81 claimed=Y load=14.7% msgs=52169 aiso=1599(1770787ms) xte=0.00m spd=0.00m/s q=0 ggaAge=91 vtgAge=91 xteAge=1770787 xteraw=80:510302FF0B050AFF vt=Y(21/22) vtstat=3014/495ms tc=Y drp=0mm tcq=0
14:06:46.216 [ISOBUS] addr=0x81 claimed=Y load=14.5% msgs=52210 aiso=1600(1771787ms) xte=0.00m spd=0.00m/s q=0 ggaAge=91 vtgAge=91 xteAge=1771787 xteraw=80:510302FF0B050AFF vt=Y(21/22) vtstat=3016/495ms tc=Y drp=0mm tcq=0
14:06:47.200 [ISOBUS] addr=0x81 claimed=Y load=14.8% msgs=52251 aiso=1601(1772787ms) xte=0.00m spd=0.00m/s q=0 ggaAge=95 vtgAge=95 xteAge=1772787 xteraw=80:510302FF0B050AFF vt=Y(21/22) vtstat=3018/495ms tc=Y drp=0mm tcq=0
14:06:48.216 [ISOBUS] addr=0x81 claimed=Y load=14.5% msgs=52292 aiso=1602(1773787ms) xte=0.00m spd=0.00m/s q=0 ggaAge=95 vtgAge=95 xteAge=1773787 xteraw=80:510302FF0B050AFF vt=Y(21/22) vtstat=3020/495ms tc=Y drp=0mm tcq=0
14:06:48.319 ### sending keys: x1q
14:06:49.219 === ISOBUS DEBUG MENU ===
14:06:49.219 1. Full status dump
14:06:49.224 2. Periodic summary line (ON - press to toggle)
14:06:49.224 3. Reset message counters
14:06:49.224 4. Dump DDOP as hex (open in AgIsoDDOPGenerator)
14:06:49.228 5. Dump VT object pool as hex
14:06:49.228 q. Exit
14:06:49.228 === ISOBUS STATUS ===
14:06:49.230 Address claim: CLAIMED  address=0x81
14:06:49.230 CAN controller: error-active  TX err 0 (peak 144)  RX err 0 (peak 129)
14:06:49.232   error-passive entries: 3  bus-off entries: 0  longest episode: 149561 ms
14:06:49.232 Bus load (ch0): 14.5 %
14:06:49.232 --- Message counters ---
14:06:49.235   PGN 129025 Position NMEA2000: 0
14:06:49.237   PGN 129026 Speed NMEA2000:    0
14:06:49.239   PGN 129283 XTE NMEA2000:      173
14:06:49.239   PGN 65267  Position legacy:   11329
14:06:49.239   PGN 65256  Speed legacy:      11328   last SA=0x80 raw=0x0
14:06:49.239   PGN 65535  all senders:       11329   last SA=0x80
14:06:49.243   PGN 65535  XTE carrier 0x2A:  0   (none decoded)
14:06:49.245              raw SA=0x80 word=0xBFF byte1=0x3 payload 510302FF0B050AFF  (77 ms ago)
14:06:49.245   PGN 60160  XTE Trimble legacy:521   last SA=0x26
14:06:49.247   PGN 64770  AISO stop:         1603   last 1774073 ms ago
14:06:49.248   TOTAL:                        52305
14:06:49.248 --- Guidance telemetry ---
14:06:49.250   XTE:          0.00 m
14:06:49.251   Speed:        0.00 m/s (0.00 kn)
14:06:49.254   Quality:      0   RTK quality=4  PGN 129029 GNSS position: (none received)
14:06:49.255   PGN 129027 position deltas: 0
14:06:49.256   Guidance machine info (PGN 44032): 16022 msgs, last 1 ms ago
14:06:49.258     lockout=YES/READY  steeringReady=n/a  remoteEngage=n/a  curvature=-20.50 1/km
14:06:49.259   IsRtkQuality=N
14:06:49.282   GGA fix age:  81 ms
14:06:49.282   VTG fix age:  81 ms
14:06:49.285   XTE fix age:  1774073 ms
14:06:49.286   Lat/Lon/Alt/Course: 53.442101 / 6.755871 / 1.3 m / 120.6 deg
14:06:49.287 --- Virtual Terminal ---
14:06:49.288   Connected:    Y
14:06:49.289   State:        21/22  Connected
14:06:49.289   VT version:  4
14:06:49.291   VT status msgs: 3020   last 781 ms ago
14:06:49.291   Partner: addr=0x26 valid=Y  reconnect attempts=0
14:06:49.291   VT failover: switches=1 claim requests=14
14:06:49.291 --- Task Controller ---
14:06:49.294   Connected:    Y
14:06:49.294   TC-GEO (with/without pos): Y/N
14:06:49.296   Task active:  Y
14:06:49.296   DRP deviation (DDI 513): 0 mm, last 1774074 ms ago
14:06:49.298   GNSS quality (DDI 514):  0, last 1774074 ms ago
14:06:49.298   [via stack] Value cmds to handler: 0  last DDI=(none)
14:06:49.301   [via stack] Value req callbacks:  0   (mostly AgIsoStack's own re-polling -- NOT bus traffic)
14:06:49.301   [on bus] Requests for our values: 0
14:06:49.303   [on bus] Set-value commands:      0
14:06:49.303   [on bus] Measurement commands:    0  (none)
14:06:49.303   [on bus] Other, addressed to us:  18
14:06:49.305   Partner: addr=0xF7 valid=Y  reconnect attempts=11
14:06:49.307   Tramline setpoint (DDI 506): (none yet -- no Tramline Control seen on this terminal)
14:06:49.307   Guidance track (DDI 507-511): (none yet)
14:06:49.307 === ISOBUS DEBUG MENU ===
14:06:49.307 1. Full status dump
14:06:49.311 2. Periodic summary line (ON - press to toggle)
14:06:49.329 3. Reset message counters
14:06:49.332 4. Dump DDOP as hex (open in AgIsoDDOPGenerator)
14:06:49.332 5. Dump VT object pool as hex
14:06:49.334 q. Exit
14:06:49.336 Exiting.
14:06:49.338 [ISOBUS] addr=0x81 claimed=Y load=14.6% msgs=52333 aiso=1603(1774787ms) xte=0.00m spd=0.00m/s q=0 ggaAge=95 vtgAge=91 xteAge=1774787 xteraw=80:510302FF0B050AFF vt=Y(21/22) vtstat=3022/495ms tc=Y drp=0mm tcq=0
14:06:50.196 [ISOBUS] addr=0x81 claimed=Y load=14.5% msgs=52374 aiso=1604(1775787ms) xte=0.00m spd=0.00m/s q=0 ggaAge=95 vtgAge=91 xteAge=1775787 xteraw=80:510302FF0B050AFF vt=Y(21/22) vtstat=3024/495ms tc=Y drp=0mm tcq=0
14:06:51.217 [ISOBUS] addr=0x81 claimed=Y load=14.7% msgs=52415 aiso=1605(1776787ms) xte=0.00m spd=0.00m/s q=0 ggaAge=95 vtgAge=95 xteAge=1776787 xteraw=80:510302FF0B050AFF vt=Y(21/22) vtstat=3026/491ms tc=Y drp=0mm tcq=0
14:06:52.200 [ISOBUS] addr=0x81 claimed=Y load=15.0% msgs=52460 aiso=1606(1777787ms) xte=0.00m spd=0.00m/s q=0 ggaAge=95 vtgAge=95 xteAge=1777787 xteraw=80:510302FF0B050AFF vt=Y(21/22) vtstat=3028/491ms tc=Y drp=0mm tcq=0
14:06:53.202 [ISOBUS] addr=0x81 claimed=Y load=14.6% msgs=52501 aiso=1607(1778787ms) xte=0.00m spd=0.00m/s q=0 ggaAge=95 vtgAge=95 xteAge=1778787 xteraw=80:510302FF0B050AFF vt=Y(21/22) vtstat=3030/491ms tc=Y drp=0mm tcq=0
14:06:54.222 [ISOBUS] addr=0x81 claimed=Y load=14.5% msgs=52542 aiso=1608(1779787ms) xte=0.00m spd=0.00m/s q=0 ggaAge=95 vtgAge=95 xteAge=1779787 xteraw=80:510302FF0B050AFF vt=Y(21/22) vtstat=3032/491ms tc=Y drp=0mm tcq=0
14:06:55.218 [ISOBUS] addr=0x81 claimed=Y load=14.6% msgs=52583 aiso=1609(1780787ms) xte=0.00m spd=0.00m/s q=0 ggaAge=95 vtgAge=95 xteAge=1780787 xteraw=80:510302FF0B050AFF vt=Y(21/22) vtstat=3034/491ms tc=Y drp=0mm tcq=0
14:06:56.214 [ISOBUS] addr=0x81 claimed=Y load=14.5% msgs=52624 aiso=1610(1781787ms) xte=0.00m spd=0.00m/s q=0 ggaAge=95 vtgAge=95 xteAge=1781787 xteraw=80:510302FF0B050AFF vt=Y(21/22) vtstat=3036/491ms tc=Y drp=0mm tcq=0
14:06:57.216 [ISOBUS] addr=0x81 claimed=Y load=14.7% msgs=52665 aiso=1611(1782787ms) xte=0.00m spd=0.00m/s q=0 ggaAge=95 vtgAge=95 xteAge=1782787 xteraw=80:510302FF0B050AFF vt=Y(21/22) vtstat=3038/491ms tc=Y drp=0mm tcq=0
14:06:58.226 [ISOBUS] addr=0x81 claimed=Y load=14.5% msgs=52706 aiso=1612(1783787ms) xte=0.00m spd=0.00m/s q=0 ggaAge=95 vtgAge=95 xteAge=1783787 xteraw=80:510302FF0B050AFF vt=Y(21/22) vtstat=3040/487ms tc=Y drp=0mm tcq=0
14:06:59.220 [ISOBUS] addr=0x81 claimed=Y load=14.7% msgs=52747 aiso=1613(1784787ms) xte=0.00m spd=0.00m/s q=0 ggaAge=95 vtgAge=95 xteAge=1784787 xteraw=80:510302FF0B050AFF vt=Y(21/22) vtstat=3042/487ms tc=Y drp=0mm tcq=0
14:07:00.195 [ISOBUS] addr=0x81 claimed=Y load=14.5% msgs=52788 aiso=1614(1785787ms) xte=0.00m spd=0.00m/s q=0 ggaAge=95 vtgAge=95 xteAge=1785787 xteraw=80:510302FF0B050AFF vt=Y(21/22) vtstat=3044/487ms tc=Y drp=0mm tcq=0
14:07:01.212 [ISOBUS] addr=0x81 claimed=Y load=14.7% msgs=52829 aiso=1615(1786787ms) xte=0.00m spd=0.00m/s q=0 ggaAge=95 vtgAge=95 xteAge=1786787 xteraw=80:510302FF0B050AFF vt=Y(21/22) vtstat=3046/487ms tc=Y drp=0mm tcq=0
14:07:02.197 [ISOBUS] addr=0x81 claimed=Y load=15.0% msgs=52874 aiso=1616(1787787ms) xte=0.00m spd=0.00m/s q=0 ggaAge=95 vtgAge=95 xteAge=1787787 xteraw=80:510302FF0B050AFF vt=Y(21/22) vtstat=3048/487ms tc=Y drp=0mm tcq=0
14:07:03.196 [ISOBUS] addr=0x81 claimed=Y load=14.7% msgs=52915 aiso=1617(1788787ms) xte=0.00m spd=0.00m/s q=0 ggaAge=95 vtgAge=95 xteAge=1788787 xteraw=80:510302FF0B050AFF vt=Y(21/22) vtstat=3050/487ms tc=Y drp=0mm tcq=0
14:07:04.204 [ISOBUS] addr=0x81 claimed=Y load=14.5% msgs=52956 aiso=1618(1789787ms) xte=0.00m spd=0.00m/s q=0 ggaAge=95 vtgAge=95 xteAge=1789787 xteraw=80:510302FF0B050AFF vt=Y(21/22) vtstat=3052/483ms tc=Y drp=0mm tcq=0
14:07:05.196 [ISOBUS] addr=0x81 claimed=Y load=14.7% msgs=52997 aiso=1619(1790787ms) xte=0.00m spd=0.00m/s q=0 ggaAge=95 vtgAge=95 xteAge=1790787 xteraw=80:510302FF0B050AFF vt=Y(21/22) vtstat=3054/483ms tc=Y drp=0mm tcq=0
14:07:05.894 ### sending keys: x1q
14:07:07.247 === ISOBUS DEBUG MENU ===
14:07:07.247 1. Full status dump
14:07:07.247 2. Periodic summary line (ON - press to toggle)
14:07:07.247 3. Reset message counters
14:07:07.247 4. Dump DDOP as hex (open in AgIsoDDOPGenerator)
14:07:07.253 5. Dump VT object pool as hex
14:07:07.254 q. Exit
14:07:07.254 === ISOBUS STATUS ===
14:07:07.254 Address claim: CLAIMED  address=0x81
14:07:07.254 CAN controller: error-active  TX err 0 (peak 144)  RX err 0 (peak 129)
14:07:07.254   error-passive entries: 3  bus-off entries: 0  longest episode: 149561 ms
14:07:07.258 Bus load (ch0): 14.5 %
14:07:07.258 --- Message counters ---
14:07:07.261   PGN 129025 Position NMEA2000: 0
14:07:07.261   PGN 129026 Speed NMEA2000:    0
14:07:07.263   PGN 129283 XTE NMEA2000:      175
14:07:07.263   PGN 65267  Position legacy:   11505
14:07:07.263   PGN 65256  Speed legacy:      11504   last SA=0x80 raw=0x0
14:07:07.263   PGN 65535  all senders:       11505   last SA=0x80
14:07:07.263   PGN 65535  XTE carrier 0x2A:  0   (none decoded)
14:07:07.263              raw SA=0x80 word=0xBFF byte1=0x3 payload 510302FF0B050AFF  (57 ms ago)
14:07:07.263   PGN 60160  XTE Trimble legacy:527   last SA=0x26
14:07:07.269   PGN 64770  AISO stop:         1620   last 1791649 ms ago
14:07:07.269   TOTAL:                        53033
14:07:07.272 --- Guidance telemetry ---
14:07:07.272   XTE:          0.00 m
14:07:07.273   Speed:        0.00 m/s (0.00 kn)
14:07:07.274   Quality:      0   RTK quality=4  PGN 129029 GNSS position: (none received)
14:07:07.274   PGN 129027 position deltas: 0
14:07:07.275   Guidance machine info (PGN 44032): 16197 msgs, last 77 ms ago
14:07:07.275     lockout=YES/READY  steeringReady=n/a  remoteEngage=n/a  curvature=-21.25 1/km
14:07:07.277   IsRtkQuality=N
14:07:07.277   GGA fix age:  57 ms
14:07:07.280   VTG fix age:  57 ms
14:07:07.282   XTE fix age:  1791649 ms
14:07:07.282   Lat/Lon/Alt/Course: 53.442101 / 6.755871 / 1.3 m / 120.6 deg
14:07:07.283 --- Virtual Terminal ---
14:07:07.283   Connected:    Y
14:07:07.285   State:        21/22  Connected
14:07:07.286   VT version:  4
14:07:07.286   VT status msgs: 3056   last 345 ms ago
14:07:07.288   Partner: addr=0x26 valid=Y  reconnect attempts=0
14:07:07.288   VT failover: switches=1 claim requests=14
14:07:07.289 --- Task Controller ---
14:07:07.289   Connected:    Y
14:07:07.289   TC-GEO (with/without pos): Y/N
14:07:07.291   Task active:  Y
14:07:07.291   DRP deviation (DDI 513): 0 mm, last 1791649 ms ago
14:07:07.291   GNSS quality (DDI 514):  0, last 1791649 ms ago
14:07:07.292   [via stack] Value cmds to handler: 0  last DDI=(none)
14:07:07.292   [via stack] Value req callbacks:  0   (mostly AgIsoStack's own re-polling -- NOT bus traffic)
14:07:07.292   [on bus] Requests for our values: 0
14:07:07.294   [on bus] Set-value commands:      0
14:07:07.295   [on bus] Measurement commands:    0  (none)
14:07:07.296   [on bus] Other, addressed to us:  18
14:07:07.297   Partner: addr=0xF7 valid=Y  reconnect attempts=11
14:07:07.297   Tramline setpoint (DDI 506): (none yet -- no Tramline Control seen on this terminal)
14:07:07.298   Guidance track (DDI 507-511): (none yet)
14:07:07.299 === ISOBUS DEBUG MENU ===
14:07:07.300 1. Full status dump
14:07:07.301 2. Periodic summary line (ON - press to toggle)
14:07:07.302 3. Reset message counters
14:07:07.303 4. Dump DDOP as hex (open in AgIsoDDOPGenerator)
14:07:07.304 5. Dump VT object pool as hex
14:07:07.306 q. Exit
14:07:07.307 Exiting.
14:07:07.308 [ISOBUS] addr=0x81 claimed=Y load=14.5% msgs=53041 aiso=1620(1791814ms) xte=0.00m spd=0.00m/s q=0 ggaAge=22 vtgAge=22 xteAge=1791814 xteraw=80:510302FF0B050AFF vt=Y(21/22) vtstat=3056/510ms tc=Y drp=0mm tcq=0
14:07:07.308 [ISOBUS] addr=0x81 claimed=Y load=14.7% msgs=53082 aiso=1621(1792814ms) xte=0.00m spd=0.00m/s q=0 ggaAge=22 vtgAge=22 xteAge=1792814 xteraw=80:510302FF0B050AFF vt=Y(21/22) vtstat=3058/510ms tc=Y drp=0mm tcq=0
14:07:08.241 [ISOBUS] addr=0x81 claimed=Y load=14.5% msgs=53123 aiso=1622(1793814ms) xte=0.00m spd=0.00m/s q=0 ggaAge=22 vtgAge=22 xteAge=1793814 xteraw=80:510302FF0B050AFF vt=Y(21/22) vtstat=3060/510ms tc=Y drp=0mm tcq=0
14:07:09.244 [ISOBUS] addr=0x81 claimed=Y load=14.7% msgs=53164 aiso=1623(1794814ms) xte=0.00m spd=0.00m/s q=0 ggaAge=22 vtgAge=22 xteAge=1794814 xteraw=80:510302FF0B050AFF vt=Y(21/22) vtstat=3062/510ms tc=Y drp=0mm tcq=0
14:07:10.230 [ISOBUS] addr=0x81 claimed=Y load=5.3% msgs=53178 aiso=1624(1795814ms) xte=0.00m spd=0.00m/s q=0 ggaAge=722 vtgAge=722 xteAge=1795814 xteraw=80:510302FF0B050AFF vt=Y(21/22) vtstat=3063/722ms tc=Y drp=0mm tcq=0
