15:08:24.695 ### logger started (auto: PJRC 16C0:0483)
15:09:58.220 ### port COM4 open
15:10:00.118 --------------------------------
15:10:00.122 -----------MeijWorks------------
15:10:00.122 --------------------------------
15:10:00.122 Ploughcontrol ISOBUS version 0.1
15:10:00.122 (c) 2011 - 2026 by J.A. Woltjer 
15:10:00.125 --------------------------------
15:10:01.859 -------------------------------
15:10:01.859 Tractor using following data:
15:10:01.862 -------------------------------
15:10:01.862 Speed calibration
15:10:01.863 250
15:10:01.863 -------------------------------
15:10:01.865 Simspeed
15:10:01.866 1.00
15:10:01.866 -------------------------------
15:10:01.866 Sim time
15:10:01.866 2
15:10:01.870 -------------------------------
15:10:01.872 Sim mode
15:10:01.872 1
15:10:01.872 -------------------------------
15:10:01.874 Invert hitch signal
15:10:01.874 1
15:10:01.875 -------------------------------
15:10:01.875 Times started
15:10:01.875 255
15:10:01.875 --------------------------
15:10:01.875 Using following data:
15:10:01.875 --------------------------
15:10:01.878 Offset calibration data
15:10:01.878 600, 34
15:10:01.879 461, 42
15:10:01.879 308, 50
15:10:01.879 --------------------------
15:10:01.879 Number of shares
15:10:01.882 4
15:10:01.883 --------------------------
15:10:01.884 error margin
15:10:01.884 2
15:10:01.884 --------------------------
15:10:01.884 error ploughside
15:10:01.884 0
15:10:01.888 --------------------------
15:10:01.888 Maximum correction per share (mm)
15:10:01.889 50
15:10:01.889 Maximum correction (mm)
15:10:01.891 200
15:10:01.891 --------------------------
15:10:01.892 =====================================
15:10:01.892 Guidance source using following data:
15:10:01.893 =====================================
15:10:01.895 RTK Quality
15:10:01.895 4
15:10:01.895 -------------------------------
15:10:01.895 Times started
15:10:01.895 255
15:10:01.895 --------------------------
15:10:01.895 Using following data:
15:10:01.899 --------------------------
15:10:01.899 Offset calibration data
15:10:01.899 600, 34
15:10:01.899 461, 42
15:10:01.901 308, 50
15:10:01.901 --------------------------
15:10:01.901 Number of shares
15:10:01.901 4
15:10:01.903 --------------------------
15:10:01.903 error margin
15:10:01.903 2
15:10:01.903 --------------------------
15:10:01.905 error ploughside
15:10:01.905 0
15:10:01.905 --------------------------
15:10:01.906 Maximum correction per share (mm)
15:10:01.906 50
15:10:01.906 Maximum correction (mm)
15:10:01.906 200
15:10:01.906 --------------------------
15:10:01.906 CAN controller at start: error-active, TX err 0, RX err 0
15:10:02.097 IsobusGuidanceChannel: identity 1324910 (serial 1324910), claiming... address claimed: 0x81
15:10:02.097 CAN controller after the claim: error-PASSIVE, TX err 128, RX err 0
15:10:02.097 IsobusDebugMenu: send any character to open the status menu.
15:10:19.218 I] [NM]: Partnered control function with name 000000000000000lx has claimed address 197275905 on channel 2684361992.
15:10:20.248 I] [VT]: VT Server has a matching label for MW04   . It will be loaded and upload will be skipped.
15:10:20.643 I] [VT]: Loaded object pool version from VT non-volatile memory with no errors.
15:11:01.459 ### sending keys: x1
15:11:05.471 ### sending keys: 2q
15:11:06.657 === ISOBUS DEBUG MENU ===
15:11:06.659 1. Full status dump
15:11:06.659 2. Periodic summary line (OFF - press to toggle)
15:11:06.659 3. Reset message counters
15:11:06.661 4. Dump DDOP as hex (open in AgIsoDDOPGenerator)
15:11:06.661 5. Dump VT object pool as hex
15:11:06.662 q. Exit
15:11:06.662 === ISOBUS STATUS ===
15:11:06.662 Address claim: CLAIMED  address=0x81  identity=1324910
15:11:06.664 CAN controller: error-active  TX err 0 (peak 136)  RX err 0 (peak 0)
15:11:06.664   error-passive entries: 1  bus-off entries: 0  longest episode: 17336 ms
15:11:06.664 Bus load (ch0): 11.5 %
15:11:06.664 --- Message counters ---
15:11:06.665   PGN 129025 Position NMEA2000: 0
15:11:06.666   PGN 129026 Speed NMEA2000:    0
15:11:06.666   PGN 129283 XTE NMEA2000:      6
15:11:06.666   PGN 65267  Position legacy:   0
15:11:06.666   PGN 65256  Speed legacy:      0   last SA=0xFF raw=0x0
15:11:06.666   PGN 65535  all senders:       0   last SA=0xFF
15:11:06.666   PGN 65535  XTE carrier 0x2A:  0   (none decoded)
15:11:06.666              raw: nothing from 0x2A or 0x80 yet
15:11:06.666   PGN 60160  XTE Trimble legacy:17   last SA=0x26
15:11:06.670   PGN 64770  AISO stop:         43   last 64812 ms ago
15:11:06.670   TOTAL:                        491
15:11:06.670 --- Guidance telemetry ---
15:11:06.671   XTE:          0.00 m
15:11:06.671   Speed:        0.00 m/s (0.00 kn)
15:11:06.671   Quality:      0   RTK quality=4  PGN 129029 GNSS position: (none received)
15:11:06.671   PGN 129027 position deltas: 0
15:11:06.673   Guidance machine info (PGN 44032): 425 msgs, last 17 ms ago
15:11:06.673     lockout=YES/READY  steeringReady=n/a  remoteEngage=n/a  curvature=-10.25 1/km
15:11:06.673   IsRtkQuality=N
15:11:06.675   GGA fix age:  64812 ms
15:11:06.675   VTG fix age:  64812 ms
15:11:06.675   XTE fix age:  64812 ms
15:11:06.675   Lat/Lon/Alt/Course: 0.000000 / 0.000000 / 0.0 m / 0.0 deg
15:11:06.677 --- Virtual Terminal ---
15:11:06.677   Connected:    Y
15:11:06.678   State:        21/22  Connected
15:11:06.678   VT version:  4
15:11:06.678   VT status msgs: 42   last 412 ms ago
15:11:06.679   Partner: addr=0x26 valid=Y  reconnect attempts=0
15:11:06.679 --- Task Controller ---
15:11:06.679   Connected:    N
15:11:06.679   TC-GEO (with/without pos): (not connected)
15:11:06.679   Task active:  N
15:11:06.679   DRP deviation (DDI 513): 0 mm, last 64812 ms ago
15:11:06.682   GNSS quality (DDI 514):  0, last 64812 ms ago
15:11:06.682   [via stack] Value cmds to handler: 0  last DDI=(none)
15:11:06.682   [via stack] Value req callbacks:  0   (mostly AgIsoStack's own re-polling -- NOT bus traffic)
15:11:06.684   [on bus] Requests for our values: 0
15:11:06.684   [on bus] Set-value commands:      0
15:11:06.684   [on bus] Measurement commands:    0  (none)
15:11:06.686   [on bus] Other, addressed to us:  0
15:11:06.686   Working width (DDI 67): 160 cm, changes 0, reported 0
15:11:06.686   Partner: addr=0xFE valid=N  reconnect attempts=0
15:11:06.686   Tramline setpoint (DDI 506): (not connected)
15:11:06.686   Guidance track (DDI 507-511): (not connected)
15:11:06.686 === ISOBUS DEBUG MENU ===
15:11:06.686 1. Full status dump
15:11:06.689 2. Periodic summary line (OFF - press to toggle)
15:11:06.689 3. Reset message counters
15:11:06.690 4. Dump DDOP as hex (open in AgIsoDDOPGenerator)
15:11:06.690 5. Dump VT object pool as hex
15:11:06.690 q. Exit
15:11:06.690 Periodic summary line: ON
15:11:06.690 === ISOBUS DEBUG MENU ===
15:11:06.690 1. Full status dump
15:11:06.690 2. Periodic summary line (ON - press to toggle)
15:11:06.690 3. Reset message counters
15:11:06.690 4. Dump DDOP as hex (open in AgIsoDDOPGenerator)
15:11:06.694 5. Dump VT object pool as hex
15:11:06.694 q. Exit
15:11:06.694 Exiting.
15:11:06.694 [ISOBUS] addr=0x81 claimed=Y load=11.5% msgs=539 aiso=47(68819ms) xte=0.00m spd=0.00m/s q=0 ggaAge=68819 vtgAge=68819 xteAge=68819 vt=Y(21/22) vtstat=46/417ms tc=N drp=0mm tcq=0
15:11:06.696 [ISOBUS] addr=0x81 claimed=Y load=11.5% msgs=550 aiso=48(69819ms) xte=0.00m spd=0.00m/s q=0 ggaAge=69819 vtgAge=69819 xteAge=69819 vt=Y(21/22) vtstat=47/417ms tc=N drp=0mm tcq=0
15:11:07.645 [ISOBUS] addr=0x81 claimed=Y load=11.5% msgs=561 aiso=49(70819ms) xte=0.00m spd=0.00m/s q=0 ggaAge=70819 vtgAge=70819 xteAge=70819 vt=Y(21/22) vtstat=48/417ms tc=N drp=0mm tcq=0
15:11:08.634 [ISOBUS] addr=0x81 claimed=Y load=11.5% msgs=572 aiso=50(71819ms) xte=0.00m spd=0.00m/s q=0 ggaAge=71819 vtgAge=71819 xteAge=71819 vt=Y(21/22) vtstat=49/416ms tc=N drp=0mm tcq=0
15:11:09.637 [ISOBUS] addr=0x81 claimed=Y load=11.5% msgs=583 aiso=51(72819ms) xte=0.00m spd=0.00m/s q=0 ggaAge=72819 vtgAge=72819 xteAge=72819 vt=Y(21/22) vtstat=50/416ms tc=N drp=0mm tcq=0
15:11:10.660 [ISOBUS] addr=0x81 claimed=Y load=11.5% msgs=594 aiso=52(73819ms) xte=0.00m spd=0.00m/s q=0 ggaAge=73819 vtgAge=73819 xteAge=73819 vt=Y(21/22) vtstat=51/416ms tc=N drp=0mm tcq=0
15:11:11.644 [ISOBUS] addr=0x81 claimed=Y load=11.5% msgs=605 aiso=53(74819ms) xte=0.00m spd=0.00m/s q=0 ggaAge=74819 vtgAge=74819 xteAge=74819 vt=Y(21/22) vtstat=52/415ms tc=N drp=0mm tcq=0
15:11:12.642 [ISOBUS] addr=0x81 claimed=Y load=11.9% msgs=620 aiso=54(75819ms) xte=0.00m spd=0.00m/s q=0 ggaAge=75819 vtgAge=75819 xteAge=75819 vt=Y(21/22) vtstat=53/415ms tc=N drp=0mm tcq=0
15:11:13.632 [ISOBUS] addr=0x81 claimed=Y load=11.5% msgs=631 aiso=55(76819ms) xte=0.00m spd=0.00m/s q=0 ggaAge=76819 vtgAge=76819 xteAge=76819 vt=Y(21/22) vtstat=54/415ms tc=N drp=0mm tcq=0
15:11:14.633 [ISOBUS] addr=0x81 claimed=Y load=11.5% msgs=642 aiso=56(77819ms) xte=0.00m spd=0.00m/s q=0 ggaAge=77819 vtgAge=77819 xteAge=77819 vt=Y(21/22) vtstat=55/414ms tc=N drp=0mm tcq=0
15:11:15.636 [ISOBUS] addr=0x81 claimed=Y load=11.5% msgs=653 aiso=57(78819ms) xte=0.00m spd=0.00m/s q=0 ggaAge=78819 vtgAge=78819 xteAge=78819 vt=Y(21/22) vtstat=56/414ms tc=N drp=0mm tcq=0
15:11:16.653 [ISOBUS] addr=0x81 claimed=Y load=11.5% msgs=664 aiso=58(79819ms) xte=0.00m spd=0.00m/s q=0 ggaAge=79819 vtgAge=79819 xteAge=79819 vt=Y(21/22) vtstat=57/414ms tc=N drp=0mm tcq=0
15:11:17.651 [ISOBUS] addr=0x81 claimed=Y load=11.5% msgs=675 aiso=59(80819ms) xte=0.00m spd=0.00m/s q=0 ggaAge=80819 vtgAge=80819 xteAge=80819 vt=Y(21/22) vtstat=58/413ms tc=N drp=0mm tcq=0
15:11:18.634 [ISOBUS] addr=0x81 claimed=Y load=11.5% msgs=686 aiso=60(81819ms) xte=0.00m spd=0.00m/s q=0 ggaAge=81819 vtgAge=81819 xteAge=81819 vt=Y(21/22) vtstat=59/413ms tc=N drp=0mm tcq=0
15:11:19.639 [ISOBUS] addr=0x81 claimed=Y load=11.5% msgs=697 aiso=61(82819ms) xte=0.00m spd=0.00m/s q=0 ggaAge=82819 vtgAge=82819 xteAge=82819 vt=Y(21/22) vtstat=60/413ms tc=N drp=0mm tcq=0
15:11:20.642 [ISOBUS] addr=0x81 claimed=Y load=11.5% msgs=708 aiso=62(83819ms) xte=0.00m spd=0.00m/s q=0 ggaAge=83819 vtgAge=83819 xteAge=83819 vt=Y(21/22) vtstat=61/412ms tc=N drp=0mm tcq=0
15:11:21.659 [ISOBUS] addr=0x81 claimed=Y load=11.5% msgs=719 aiso=63(84819ms) xte=0.00m spd=0.00m/s q=0 ggaAge=84819 vtgAge=84819 xteAge=84819 vt=Y(21/22) vtstat=62/412ms tc=N drp=0mm tcq=0
15:11:22.649 [ISOBUS] addr=0x81 claimed=Y load=11.9% msgs=734 aiso=64(85819ms) xte=0.00m spd=0.00m/s q=0 ggaAge=85819 vtgAge=85819 xteAge=85819 vt=Y(21/22) vtstat=63/411ms tc=N drp=0mm tcq=0
15:11:23.641 [ISOBUS] addr=0x81 claimed=Y load=11.5% msgs=745 aiso=65(86819ms) xte=0.00m spd=0.00m/s q=0 ggaAge=86819 vtgAge=86819 xteAge=86819 vt=Y(21/22) vtstat=64/411ms tc=N drp=0mm tcq=0
15:11:24.653 [ISOBUS] addr=0x81 claimed=Y load=11.5% msgs=756 aiso=66(87819ms) xte=0.00m spd=0.00m/s q=0 ggaAge=87819 vtgAge=87819 xteAge=87819 vt=Y(21/22) vtstat=65/411ms tc=N drp=0mm tcq=0
15:11:25.660 [ISOBUS] addr=0x81 claimed=Y load=11.5% msgs=767 aiso=67(88819ms) xte=0.00m spd=0.00m/s q=0 ggaAge=88819 vtgAge=88819 xteAge=88819 vt=Y(21/22) vtstat=66/410ms tc=N drp=0mm tcq=0
15:11:26.645 [ISOBUS] addr=0x81 claimed=Y load=11.5% msgs=778 aiso=68(89819ms) xte=0.00m spd=0.00m/s q=0 ggaAge=89819 vtgAge=89819 xteAge=89819 vt=Y(21/22) vtstat=67/410ms tc=N drp=0mm tcq=0
15:11:27.638 [ISOBUS] addr=0x81 claimed=Y load=11.5% msgs=789 aiso=69(90819ms) xte=0.00m spd=0.00m/s q=0 ggaAge=90819 vtgAge=90819 xteAge=90819 vt=Y(21/22) vtstat=68/410ms tc=N drp=0mm tcq=0
15:11:28.645 [ISOBUS] addr=0x81 claimed=Y load=11.5% msgs=800 aiso=70(91819ms) xte=0.00m spd=0.00m/s q=0 ggaAge=91819 vtgAge=91819 xteAge=91819 vt=Y(21/22) vtstat=69/409ms tc=N drp=0mm tcq=0
15:11:29.678 [ISOBUS] addr=0x81 claimed=Y load=11.5% msgs=811 aiso=71(92819ms) xte=0.00m spd=0.00m/s q=0 ggaAge=92819 vtgAge=92819 xteAge=92819 vt=Y(21/22) vtstat=70/409ms tc=N drp=0mm tcq=0
15:11:30.655 [ISOBUS] addr=0x81 claimed=Y load=11.5% msgs=822 aiso=72(93819ms) xte=0.00m spd=0.00m/s q=0 ggaAge=93819 vtgAge=93819 xteAge=93819 vt=Y(21/22) vtstat=71/409ms tc=N drp=0mm tcq=0
15:11:31.654 [ISOBUS] addr=0x81 claimed=Y load=11.5% msgs=833 aiso=73(94819ms) xte=0.00m spd=0.00m/s q=0 ggaAge=94819 vtgAge=94819 xteAge=94819 vt=Y(21/22) vtstat=72/408ms tc=N drp=0mm tcq=0
15:11:32.658 [ISOBUS] addr=0x81 claimed=Y load=11.9% msgs=848 aiso=74(95819ms) xte=0.00m spd=0.00m/s q=0 ggaAge=95819 vtgAge=95819 xteAge=95819 vt=Y(21/22) vtstat=73/408ms tc=N drp=0mm tcq=0
15:11:33.634 [ISOBUS] addr=0x81 claimed=Y load=11.5% msgs=859 aiso=75(96819ms) xte=0.00m spd=0.00m/s q=0 ggaAge=96819 vtgAge=96819 xteAge=96819 vt=Y(21/22) vtstat=74/408ms tc=N drp=0mm tcq=0
15:11:34.634 [ISOBUS] addr=0x81 claimed=Y load=11.5% msgs=870 aiso=76(97819ms) xte=0.00m spd=0.00m/s q=0 ggaAge=97819 vtgAge=97819 xteAge=97819 vt=Y(21/22) vtstat=75/407ms tc=N drp=0mm tcq=0
15:11:35.651 [ISOBUS] addr=0x81 claimed=Y load=11.5% msgs=881 aiso=77(98819ms) xte=0.00m spd=0.00m/s q=0 ggaAge=98819 vtgAge=98819 xteAge=98819 vt=Y(21/22) vtstat=76/407ms tc=N drp=0mm tcq=0
15:11:36.645 [ISOBUS] addr=0x81 claimed=Y load=11.5% msgs=892 aiso=78(99819ms) xte=0.00m spd=0.00m/s q=0 ggaAge=99819 vtgAge=99819 xteAge=99819 vt=Y(21/22) vtstat=77/407ms tc=N drp=0mm tcq=0
15:11:37.644 [ISOBUS] addr=0x81 claimed=Y load=11.5% msgs=903 aiso=79(100819ms) xte=0.00m spd=0.00m/s q=0 ggaAge=100819 vtgAge=100819 xteAge=100819 vt=Y(21/22) vtstat=78/406ms tc=N drp=0mm tcq=0
15:11:38.651 [ISOBUS] addr=0x81 claimed=Y load=11.5% msgs=914 aiso=80(101819ms) xte=0.00m spd=0.00m/s q=0 ggaAge=101819 vtgAge=101819 xteAge=101819 vt=Y(21/22) vtstat=79/406ms tc=N drp=0mm tcq=0
15:11:39.640 [ISOBUS] addr=0x81 claimed=Y load=11.5% msgs=925 aiso=81(102819ms) xte=0.00m spd=0.00m/s q=0 ggaAge=102819 vtgAge=102819 xteAge=102819 vt=Y(21/22) vtstat=80/405ms tc=N drp=0mm tcq=0
15:11:40.645 [ISOBUS] addr=0x81 claimed=Y load=11.5% msgs=936 aiso=82(103819ms) xte=0.00m spd=0.00m/s q=0 ggaAge=103819 vtgAge=103819 xteAge=103819 vt=Y(21/22) vtstat=81/405ms tc=N drp=0mm tcq=0
15:11:41.649 [ISOBUS] addr=0x81 claimed=Y load=11.5% msgs=947 aiso=83(104819ms) xte=0.00m spd=0.00m/s q=0 ggaAge=104819 vtgAge=104819 xteAge=104819 vt=Y(21/22) vtstat=82/405ms tc=N drp=0mm tcq=0
15:11:42.637 [ISOBUS] addr=0x81 claimed=Y load=11.9% msgs=962 aiso=84(105819ms) xte=0.00m spd=0.00m/s q=0 ggaAge=105819 vtgAge=105819 xteAge=105819 vt=Y(21/22) vtstat=83/404ms tc=N drp=0mm tcq=0
15:11:43.637 [ISOBUS] addr=0x81 claimed=Y load=11.5% msgs=973 aiso=85(106819ms) xte=0.00m spd=0.00m/s q=0 ggaAge=106819 vtgAge=106819 xteAge=106819 vt=Y(21/22) vtstat=84/404ms tc=N drp=0mm tcq=0
15:11:44.659 [ISOBUS] addr=0x81 claimed=Y load=11.5% msgs=984 aiso=86(107819ms) xte=0.00m spd=0.00m/s q=0 ggaAge=107819 vtgAge=107819 xteAge=107819 vt=Y(21/22) vtstat=85/403ms tc=N drp=0mm tcq=0
15:11:45.657 [ISOBUS] addr=0x81 claimed=Y load=11.5% msgs=995 aiso=87(108819ms) xte=0.00m spd=0.00m/s q=0 ggaAge=108819 vtgAge=108819 xteAge=108819 vt=Y(21/22) vtstat=86/403ms tc=N drp=0mm tcq=0
15:11:46.630 [ISOBUS] addr=0x81 claimed=Y load=11.5% msgs=1006 aiso=88(109819ms) xte=0.00m spd=0.00m/s q=0 ggaAge=109819 vtgAge=109819 xteAge=109819 vt=Y(21/22) vtstat=87/403ms tc=N drp=0mm tcq=0
15:11:47.633 [ISOBUS] addr=0x81 claimed=Y load=11.5% msgs=1017 aiso=89(110819ms) xte=0.00m spd=0.00m/s q=0 ggaAge=110819 vtgAge=110819 xteAge=110819 vt=Y(21/22) vtstat=88/403ms tc=N drp=0mm tcq=0
15:11:48.650 [ISOBUS] addr=0x81 claimed=Y load=11.5% msgs=1028 aiso=90(111819ms) xte=0.00m spd=0.00m/s q=0 ggaAge=111819 vtgAge=111819 xteAge=111819 vt=Y(21/22) vtstat=89/402ms tc=N drp=0mm tcq=0
15:11:49.652 [ISOBUS] addr=0x81 claimed=Y load=11.5% msgs=1039 aiso=91(112819ms) xte=0.00m spd=0.00m/s q=0 ggaAge=112819 vtgAge=112819 xteAge=112819 vt=Y(21/22) vtstat=90/402ms tc=N drp=0mm tcq=0
15:11:50.658 [ISOBUS] addr=0x81 claimed=Y load=11.5% msgs=1050 aiso=92(113819ms) xte=0.00m spd=0.00m/s q=0 ggaAge=113819 vtgAge=113819 xteAge=113819 vt=Y(21/22) vtstat=91/402ms tc=N drp=0mm tcq=0
15:11:51.657 [ISOBUS] addr=0x81 claimed=Y load=11.5% msgs=1061 aiso=93(114819ms) xte=0.00m spd=0.00m/s q=0 ggaAge=114819 vtgAge=114819 xteAge=114819 vt=Y(21/22) vtstat=92/401ms tc=N drp=0mm tcq=0
15:11:52.636 [ISOBUS] addr=0x81 claimed=Y load=11.9% msgs=1076 aiso=94(115819ms) xte=0.00m spd=0.00m/s q=0 ggaAge=115819 vtgAge=115819 xteAge=115819 vt=Y(21/22) vtstat=93/401ms tc=N drp=0mm tcq=0
15:11:53.647 [ISOBUS] addr=0x81 claimed=Y load=11.5% msgs=1087 aiso=95(116819ms) xte=0.00m spd=0.00m/s q=0 ggaAge=116819 vtgAge=116819 xteAge=116819 vt=Y(21/22) vtstat=94/401ms tc=N drp=0mm tcq=0
15:11:54.640 [ISOBUS] addr=0x81 claimed=Y load=11.5% msgs=1098 aiso=96(117819ms) xte=0.00m spd=0.00m/s q=0 ggaAge=117819 vtgAge=117819 xteAge=117819 vt=Y(21/22) vtstat=95/400ms tc=N drp=0mm tcq=0
15:11:55.634 [ISOBUS] addr=0x81 claimed=Y load=11.5% msgs=1109 aiso=97(118819ms) xte=0.00m spd=0.00m/s q=0 ggaAge=118819 vtgAge=118819 xteAge=118819 vt=Y(21/22) vtstat=96/400ms tc=N drp=0mm tcq=0
15:11:56.650 [ISOBUS] addr=0x81 claimed=Y load=11.5% msgs=1120 aiso=98(119819ms) xte=0.00m spd=0.00m/s q=0 ggaAge=119819 vtgAge=119819 xteAge=119819 vt=Y(21/22) vtstat=97/399ms tc=N drp=0mm tcq=0
15:11:57.652 [ISOBUS] addr=0x81 claimed=Y load=11.5% msgs=1131 aiso=99(120819ms) xte=0.00m spd=0.00m/s q=0 ggaAge=120819 vtgAge=120819 xteAge=120819 vt=Y(21/22) vtstat=98/399ms tc=N drp=0mm tcq=0
15:11:58.638 [ISOBUS] addr=0x81 claimed=Y load=11.5% msgs=1142 aiso=100(121819ms) xte=0.00m spd=0.00m/s q=0 ggaAge=121819 vtgAge=121819 xteAge=121819 vt=Y(21/22) vtstat=99/399ms tc=N drp=0mm tcq=0
15:11:59.646 [ISOBUS] addr=0x81 claimed=Y load=11.5% msgs=1153 aiso=101(122819ms) xte=0.00m spd=0.00m/s q=0 ggaAge=122819 vtgAge=122819 xteAge=122819 vt=Y(21/22) vtstat=100/398ms tc=N drp=0mm tcq=0
15:12:00.634 [ISOBUS] addr=0x81 claimed=Y load=11.5% msgs=1164 aiso=102(123819ms) xte=0.00m spd=0.00m/s q=0 ggaAge=123819 vtgAge=123819 xteAge=123819 vt=Y(21/22) vtstat=101/398ms tc=N drp=0mm tcq=0
15:12:01.638 [ISOBUS] addr=0x81 claimed=Y load=11.5% msgs=1175 aiso=103(124819ms) xte=0.00m spd=0.00m/s q=0 ggaAge=124819 vtgAge=124819 xteAge=124819 vt=Y(21/22) vtstat=102/398ms tc=N drp=0mm tcq=0
15:12:02.641 [ISOBUS] addr=0x81 claimed=Y load=11.9% msgs=1190 aiso=104(125819ms) xte=0.00m spd=0.00m/s q=0 ggaAge=125819 vtgAge=125819 xteAge=125819 vt=Y(21/22) vtstat=103/398ms tc=N drp=0mm tcq=0
15:12:03.642 [ISOBUS] addr=0x81 claimed=Y load=11.5% msgs=1201 aiso=105(126819ms) xte=0.00m spd=0.00m/s q=0 ggaAge=126819 vtgAge=126819 xteAge=126819 vt=Y(21/22) vtstat=104/397ms tc=N drp=0mm tcq=0
15:12:04.654 [ISOBUS] addr=0x81 claimed=Y load=11.5% msgs=1212 aiso=106(127819ms) xte=0.00m spd=0.00m/s q=0 ggaAge=127819 vtgAge=127819 xteAge=127819 vt=Y(21/22) vtstat=105/397ms tc=N drp=0mm tcq=0
15:12:05.638 [ISOBUS] addr=0x81 claimed=Y load=11.5% msgs=1223 aiso=107(128819ms) xte=0.00m spd=0.00m/s q=0 ggaAge=128819 vtgAge=128819 xteAge=128819 vt=Y(21/22) vtstat=106/397ms tc=N drp=0mm tcq=0
15:12:06.636 [ISOBUS] addr=0x81 claimed=Y load=11.5% msgs=1234 aiso=108(129819ms) xte=0.00m spd=0.00m/s q=0 ggaAge=129819 vtgAge=129819 xteAge=129819 vt=Y(21/22) vtstat=107/396ms tc=N drp=0mm tcq=0
15:12:07.660 [ISOBUS] addr=0x81 claimed=Y load=11.5% msgs=1245 aiso=109(130819ms) xte=0.00m spd=0.00m/s q=0 ggaAge=130819 vtgAge=130819 xteAge=130819 vt=Y(21/22) vtstat=108/396ms tc=N drp=0mm tcq=0
15:12:08.640 [ISOBUS] addr=0x81 claimed=Y load=11.5% msgs=1256 aiso=110(131819ms) xte=0.00m spd=0.00m/s q=0 ggaAge=131819 vtgAge=131819 xteAge=131819 vt=Y(21/22) vtstat=109/396ms tc=N drp=0mm tcq=0
15:12:09.658 [ISOBUS] addr=0x81 claimed=Y load=11.5% msgs=1267 aiso=111(132819ms) xte=0.00m spd=0.00m/s q=0 ggaAge=132819 vtgAge=132819 xteAge=132819 vt=Y(21/22) vtstat=110/395ms tc=N drp=0mm tcq=0
15:12:10.645 [ISOBUS] addr=0x81 claimed=Y load=11.5% msgs=1278 aiso=112(133819ms) xte=0.00m spd=0.00m/s q=0 ggaAge=133819 vtgAge=133819 xteAge=133819 vt=Y(21/22) vtstat=111/395ms tc=N drp=0mm tcq=0
15:12:11.641 [ISOBUS] addr=0x81 claimed=Y load=11.5% msgs=1289 aiso=113(134819ms) xte=0.00m spd=0.00m/s q=0 ggaAge=134819 vtgAge=134819 xteAge=134819 vt=Y(21/22) vtstat=112/395ms tc=N drp=0mm tcq=0
15:12:12.637 [ISOBUS] addr=0x81 claimed=Y load=11.9% msgs=1304 aiso=114(135819ms) xte=0.00m spd=0.00m/s q=0 ggaAge=135819 vtgAge=135819 xteAge=135819 vt=Y(21/22) vtstat=113/394ms tc=N drp=0mm tcq=0
15:12:13.652 [ISOBUS] addr=0x81 claimed=Y load=11.5% msgs=1315 aiso=115(136819ms) xte=0.00m spd=0.00m/s q=0 ggaAge=136819 vtgAge=136819 xteAge=136819 vt=Y(21/22) vtstat=114/394ms tc=N drp=0mm tcq=0
15:12:14.645 [ISOBUS] addr=0x81 claimed=Y load=11.5% msgs=1326 aiso=116(137819ms) xte=0.00m spd=0.00m/s q=0 ggaAge=137819 vtgAge=137819 xteAge=137819 vt=Y(21/22) vtstat=115/394ms tc=N drp=0mm tcq=0
15:12:15.643 [ISOBUS] addr=0x81 claimed=Y load=11.5% msgs=1337 aiso=117(138819ms) xte=0.00m spd=0.00m/s q=0 ggaAge=138819 vtgAge=138819 xteAge=138819 vt=Y(21/22) vtstat=116/393ms tc=N drp=0mm tcq=0
15:12:16.653 [ISOBUS] addr=0x81 claimed=Y load=11.5% msgs=1348 aiso=118(139819ms) xte=0.00m spd=0.00m/s q=0 ggaAge=139819 vtgAge=139819 xteAge=139819 vt=Y(21/22) vtstat=117/393ms tc=N drp=0mm tcq=0
15:12:17.636 [ISOBUS] addr=0x81 claimed=Y load=11.5% msgs=1359 aiso=119(140819ms) xte=0.00m spd=0.00m/s q=0 ggaAge=140819 vtgAge=140819 xteAge=140819 vt=Y(21/22) vtstat=118/393ms tc=N drp=0mm tcq=0
15:12:18.636 [ISOBUS] addr=0x81 claimed=Y load=11.5% msgs=1370 aiso=120(141819ms) xte=0.00m spd=0.00m/s q=0 ggaAge=141819 vtgAge=141819 xteAge=141819 vt=Y(21/22) vtstat=119/392ms tc=N drp=0mm tcq=0
15:12:19.660 [ISOBUS] addr=0x81 claimed=Y load=11.5% msgs=1381 aiso=121(142819ms) xte=0.00m spd=0.00m/s q=0 ggaAge=142819 vtgAge=142819 xteAge=142819 vt=Y(21/22) vtstat=120/392ms tc=N drp=0mm tcq=0
15:12:20.631 [ISOBUS] addr=0x81 claimed=Y load=11.5% msgs=1392 aiso=122(143819ms) xte=0.00m spd=0.00m/s q=0 ggaAge=143819 vtgAge=143819 xteAge=143819 vt=Y(21/22) vtstat=121/392ms tc=N drp=0mm tcq=0
15:12:21.630 [ISOBUS] addr=0x81 claimed=Y load=11.5% msgs=1403 aiso=123(144819ms) xte=0.00m spd=0.00m/s q=0 ggaAge=144819 vtgAge=144819 xteAge=144819 vt=Y(21/22) vtstat=122/391ms tc=N drp=0mm tcq=0
15:12:22.655 [ISOBUS] addr=0x81 claimed=Y load=11.9% msgs=1418 aiso=124(145819ms) xte=0.00m spd=0.00m/s q=0 ggaAge=145819 vtgAge=145819 xteAge=145819 vt=Y(21/22) vtstat=123/391ms tc=N drp=0mm tcq=0
15:12:23.645 [ISOBUS] addr=0x81 claimed=Y load=11.5% msgs=1429 aiso=125(146819ms) xte=0.00m spd=0.00m/s q=0 ggaAge=146819 vtgAge=146819 xteAge=146819 vt=Y(21/22) vtstat=124/391ms tc=N drp=0mm tcq=0
15:12:24.645 [ISOBUS] addr=0x81 claimed=Y load=11.5% msgs=1440 aiso=126(147819ms) xte=0.00m spd=0.00m/s q=0 ggaAge=147819 vtgAge=147819 xteAge=147819 vt=Y(21/22) vtstat=125/390ms tc=N drp=0mm tcq=0
15:12:25.663 [ISOBUS] addr=0x81 claimed=Y load=11.5% msgs=1451 aiso=127(148819ms) xte=0.00m spd=0.00m/s q=0 ggaAge=148819 vtgAge=148819 xteAge=148819 vt=Y(21/22) vtstat=126/390ms tc=N drp=0mm tcq=0
15:12:26.656 [ISOBUS] addr=0x81 claimed=Y load=11.5% msgs=1462 aiso=128(149819ms) xte=0.00m spd=0.00m/s q=0 ggaAge=149819 vtgAge=149819 xteAge=149819 vt=Y(21/22) vtstat=127/390ms tc=N drp=0mm tcq=0
15:12:27.642 [ISOBUS] addr=0x81 claimed=Y load=11.5% msgs=1473 aiso=129(150819ms) xte=0.00m spd=0.00m/s q=0 ggaAge=150819 vtgAge=150819 xteAge=150819 vt=Y(21/22) vtstat=128/389ms tc=N drp=0mm tcq=0
15:12:28.653 [ISOBUS] addr=0x81 claimed=Y load=11.5% msgs=1484 aiso=130(151819ms) xte=0.00m spd=0.00m/s q=0 ggaAge=151819 vtgAge=151819 xteAge=151819 vt=Y(21/22) vtstat=129/389ms tc=N drp=0mm tcq=0
15:12:29.651 [ISOBUS] addr=0x81 claimed=Y load=11.5% msgs=1495 aiso=131(152819ms) xte=0.00m spd=0.00m/s q=0 ggaAge=152819 vtgAge=152819 xteAge=152819 vt=Y(21/22) vtstat=130/389ms tc=N drp=0mm tcq=0
15:12:30.654 [ISOBUS] addr=0x81 claimed=Y load=11.5% msgs=1506 aiso=132(153819ms) xte=0.00m spd=0.00m/s q=0 ggaAge=153819 vtgAge=153819 xteAge=153819 vt=Y(21/22) vtstat=131/388ms tc=N drp=0mm tcq=0
15:12:31.657 [ISOBUS] addr=0x81 claimed=Y load=11.5% msgs=1517 aiso=133(154819ms) xte=0.00m spd=0.00m/s q=0 ggaAge=154819 vtgAge=154819 xteAge=154819 vt=Y(21/22) vtstat=132/388ms tc=N drp=0mm tcq=0
15:12:32.635 [ISOBUS] addr=0x81 claimed=Y load=11.9% msgs=1532 aiso=134(155819ms) xte=0.00m spd=0.00m/s q=0 ggaAge=155819 vtgAge=155819 xteAge=155819 vt=Y(21/22) vtstat=133/388ms tc=N drp=0mm tcq=0
15:12:33.639 [ISOBUS] addr=0x81 claimed=Y load=11.5% msgs=1543 aiso=135(156819ms) xte=0.00m spd=0.00m/s q=0 ggaAge=156819 vtgAge=156819 xteAge=156819 vt=Y(21/22) vtstat=134/387ms tc=N drp=0mm tcq=0
15:12:34.636 [ISOBUS] addr=0x81 claimed=Y load=11.5% msgs=1554 aiso=136(157819ms) xte=0.00m spd=0.00m/s q=0 ggaAge=157819 vtgAge=157819 xteAge=157819 vt=Y(21/22) vtstat=135/387ms tc=N drp=0mm tcq=0
15:12:35.638 [ISOBUS] addr=0x81 claimed=Y load=11.5% msgs=1565 aiso=137(158819ms) xte=0.00m spd=0.00m/s q=0 ggaAge=158819 vtgAge=158819 xteAge=158819 vt=Y(21/22) vtstat=136/387ms tc=N drp=0mm tcq=0
15:12:36.643 [ISOBUS] addr=0x81 claimed=Y load=11.5% msgs=1576 aiso=138(159819ms) xte=0.00m spd=0.00m/s q=0 ggaAge=159819 vtgAge=159819 xteAge=159819 vt=Y(21/22) vtstat=137/386ms tc=N drp=0mm tcq=0
15:12:37.662 [ISOBUS] addr=0x81 claimed=Y load=11.5% msgs=1587 aiso=139(160819ms) xte=0.00m spd=0.00m/s q=0 ggaAge=160819 vtgAge=160819 xteAge=160819 vt=Y(21/22) vtstat=138/386ms tc=N drp=0mm tcq=0
15:12:38.654 [ISOBUS] addr=0x81 claimed=Y load=11.5% msgs=1598 aiso=140(161819ms) xte=0.00m spd=0.00m/s q=0 ggaAge=161819 vtgAge=161819 xteAge=161819 vt=Y(21/22) vtstat=139/386ms tc=N drp=0mm tcq=0
15:12:39.664 [ISOBUS] addr=0x81 claimed=Y load=11.5% msgs=1609 aiso=141(162819ms) xte=0.00m spd=0.00m/s q=0 ggaAge=162819 vtgAge=162819 xteAge=162819 vt=Y(21/22) vtstat=140/385ms tc=N drp=0mm tcq=0
15:12:40.658 [ISOBUS] addr=0x81 claimed=Y load=11.5% msgs=1620 aiso=142(163819ms) xte=0.00m spd=0.00m/s q=0 ggaAge=163819 vtgAge=163819 xteAge=163819 vt=Y(21/22) vtstat=141/385ms tc=N drp=0mm tcq=0
15:12:41.635 [ISOBUS] addr=0x81 claimed=Y load=11.5% msgs=1631 aiso=143(164819ms) xte=0.00m spd=0.00m/s q=0 ggaAge=164819 vtgAge=164819 xteAge=164819 vt=Y(21/22) vtstat=142/384ms tc=N drp=0mm tcq=0
15:12:42.647 [ISOBUS] addr=0x81 claimed=Y load=11.9% msgs=1646 aiso=144(165819ms) xte=0.00m spd=0.00m/s q=0 ggaAge=165819 vtgAge=165819 xteAge=165819 vt=Y(21/22) vtstat=143/384ms tc=N drp=0mm tcq=0
15:12:43.642 [ISOBUS] addr=0x81 claimed=Y load=11.5% msgs=1657 aiso=145(166819ms) xte=0.00m spd=0.00m/s q=0 ggaAge=166819 vtgAge=166819 xteAge=166819 vt=Y(21/22) vtstat=144/384ms tc=N drp=0mm tcq=0
15:12:44.640 [ISOBUS] addr=0x81 claimed=Y load=11.5% msgs=1668 aiso=146(167819ms) xte=0.00m spd=0.00m/s q=0 ggaAge=167819 vtgAge=167819 xteAge=167819 vt=Y(21/22) vtstat=145/383ms tc=N drp=0mm tcq=0
15:12:45.655 [ISOBUS] addr=0x81 claimed=Y load=11.5% msgs=1679 aiso=147(168819ms) xte=0.00m spd=0.00m/s q=0 ggaAge=168819 vtgAge=168819 xteAge=168819 vt=Y(21/22) vtstat=146/383ms tc=N drp=0mm tcq=0
15:12:46.639 [ISOBUS] addr=0x81 claimed=Y load=11.5% msgs=1690 aiso=148(169819ms) xte=0.00m spd=0.00m/s q=0 ggaAge=169819 vtgAge=169819 xteAge=169819 vt=Y(21/22) vtstat=147/383ms tc=N drp=0mm tcq=0
15:12:47.633 [ISOBUS] addr=0x81 claimed=Y load=11.5% msgs=1701 aiso=149(170819ms) xte=0.00m spd=0.00m/s q=0 ggaAge=170819 vtgAge=170819 xteAge=170819 vt=Y(21/22) vtstat=148/383ms tc=N drp=0mm tcq=0
15:12:48.659 [ISOBUS] addr=0x81 claimed=Y load=11.5% msgs=1712 aiso=150(171819ms) xte=0.00m spd=0.00m/s q=0 ggaAge=171819 vtgAge=171819 xteAge=171819 vt=Y(21/22) vtstat=149/382ms tc=N drp=0mm tcq=0
15:12:49.656 [ISOBUS] addr=0x81 claimed=Y load=11.5% msgs=1723 aiso=151(172819ms) xte=0.00m spd=0.00m/s q=0 ggaAge=172819 vtgAge=172819 xteAge=172819 vt=Y(21/22) vtstat=150/381ms tc=N drp=0mm tcq=0
15:12:50.656 [ISOBUS] addr=0x81 claimed=Y load=11.5% msgs=1734 aiso=152(173819ms) xte=0.00m spd=0.00m/s q=0 ggaAge=173819 vtgAge=173819 xteAge=173819 vt=Y(21/22) vtstat=151/381ms tc=N drp=0mm tcq=0
15:12:51.652 [ISOBUS] addr=0x81 claimed=Y load=11.5% msgs=1745 aiso=153(174819ms) xte=0.00m spd=0.00m/s q=0 ggaAge=174819 vtgAge=174819 xteAge=174819 vt=Y(21/22) vtstat=152/381ms tc=N drp=0mm tcq=0
15:12:52.635 [ISOBUS] addr=0x81 claimed=Y load=11.9% msgs=1760 aiso=154(175819ms) xte=0.00m spd=0.00m/s q=0 ggaAge=175819 vtgAge=175819 xteAge=175819 vt=Y(21/22) vtstat=153/381ms tc=N drp=0mm tcq=0
15:12:53.663 [ISOBUS] addr=0x81 claimed=Y load=11.5% msgs=1771 aiso=155(176819ms) xte=0.00m spd=0.00m/s q=0 ggaAge=176819 vtgAge=176819 xteAge=176819 vt=Y(21/22) vtstat=154/380ms tc=N drp=0mm tcq=0
15:12:54.649 [ISOBUS] addr=0x81 claimed=Y load=11.5% msgs=1782 aiso=156(177819ms) xte=0.00m spd=0.00m/s q=0 ggaAge=177819 vtgAge=177819 xteAge=177819 vt=Y(21/22) vtstat=155/380ms tc=N drp=0mm tcq=0
15:12:55.642 [ISOBUS] addr=0x81 claimed=Y load=11.5% msgs=1793 aiso=157(178819ms) xte=0.00m spd=0.00m/s q=0 ggaAge=178819 vtgAge=178819 xteAge=178819 vt=Y(21/22) vtstat=156/380ms tc=N drp=0mm tcq=0
15:12:56.653 [ISOBUS] addr=0x81 claimed=Y load=11.5% msgs=1804 aiso=158(179819ms) xte=0.00m spd=0.00m/s q=0 ggaAge=179819 vtgAge=179819 xteAge=179819 vt=Y(21/22) vtstat=157/379ms tc=N drp=0mm tcq=0
15:12:57.648 [ISOBUS] addr=0x81 claimed=Y load=11.5% msgs=1815 aiso=159(180819ms) xte=0.00m spd=0.00m/s q=0 ggaAge=180819 vtgAge=180819 xteAge=180819 vt=Y(21/22) vtstat=158/379ms tc=N drp=0mm tcq=0
15:12:58.637 [ISOBUS] addr=0x81 claimed=Y load=11.5% msgs=1826 aiso=160(181819ms) xte=0.00m spd=0.00m/s q=0 ggaAge=181819 vtgAge=181819 xteAge=181819 vt=Y(21/22) vtstat=159/379ms tc=N drp=0mm tcq=0
15:12:59.652 [ISOBUS] addr=0x81 claimed=Y load=11.5% msgs=1837 aiso=161(182819ms) xte=0.00m spd=0.00m/s q=0 ggaAge=182819 vtgAge=182819 xteAge=182819 vt=Y(21/22) vtstat=160/378ms tc=N drp=0mm tcq=0
15:13:00.651 [ISOBUS] addr=0x81 claimed=Y load=11.5% msgs=1848 aiso=162(183819ms) xte=0.00m spd=0.00m/s q=0 ggaAge=183819 vtgAge=183819 xteAge=183819 vt=Y(21/22) vtstat=161/378ms tc=N drp=0mm tcq=0
15:13:01.656 [ISOBUS] addr=0x81 claimed=Y load=11.5% msgs=1859 aiso=163(184819ms) xte=0.00m spd=0.00m/s q=0 ggaAge=184819 vtgAge=184819 xteAge=184819 vt=Y(21/22) vtstat=162/378ms tc=N drp=0mm tcq=0
15:13:02.651 [ISOBUS] addr=0x81 claimed=Y load=11.9% msgs=1874 aiso=164(185819ms) xte=0.00m spd=0.00m/s q=0 ggaAge=185819 vtgAge=185819 xteAge=185819 vt=Y(21/22) vtstat=163/377ms tc=N drp=0mm tcq=0
15:13:03.641 [ISOBUS] addr=0x81 claimed=Y load=11.5% msgs=1885 aiso=165(186819ms) xte=0.00m spd=0.00m/s q=0 ggaAge=186819 vtgAge=186819 xteAge=186819 vt=Y(21/22) vtstat=164/377ms tc=N drp=0mm tcq=0
15:13:04.647 [ISOBUS] addr=0x81 claimed=Y load=11.5% msgs=1896 aiso=166(187819ms) xte=0.00m spd=0.00m/s q=0 ggaAge=187819 vtgAge=187819 xteAge=187819 vt=Y(21/22) vtstat=165/377ms tc=N drp=0mm tcq=0
15:13:05.645 [ISOBUS] addr=0x81 claimed=Y load=11.5% msgs=1907 aiso=167(188819ms) xte=0.00m spd=0.00m/s q=0 ggaAge=188819 vtgAge=188819 xteAge=188819 vt=Y(21/22) vtstat=166/376ms tc=N drp=0mm tcq=0
15:13:06.637 [ISOBUS] addr=0x81 claimed=Y load=11.5% msgs=1918 aiso=168(189819ms) xte=0.00m spd=0.00m/s q=0 ggaAge=189819 vtgAge=189819 xteAge=189819 vt=Y(21/22) vtstat=167/376ms tc=N drp=0mm tcq=0
15:13:07.653 [ISOBUS] addr=0x81 claimed=Y load=11.5% msgs=1929 aiso=169(190819ms) xte=0.00m spd=0.00m/s q=0 ggaAge=190819 vtgAge=190819 xteAge=190819 vt=Y(21/22) vtstat=168/376ms tc=N drp=0mm tcq=0
15:13:08.651 [ISOBUS] addr=0x81 claimed=Y load=11.5% msgs=1940 aiso=170(191819ms) xte=0.00m spd=0.00m/s q=0 ggaAge=191819 vtgAge=191819 xteAge=191819 vt=Y(21/22) vtstat=169/375ms tc=N drp=0mm tcq=0
15:13:09.639 [ISOBUS] addr=0x81 claimed=Y load=11.5% msgs=1951 aiso=171(192819ms) xte=0.00m spd=0.00m/s q=0 ggaAge=192819 vtgAge=192819 xteAge=192819 vt=Y(21/22) vtstat=170/375ms tc=N drp=0mm tcq=0
15:13:10.639 [ISOBUS] addr=0x81 claimed=Y load=11.5% msgs=1962 aiso=172(193819ms) xte=0.00m spd=0.00m/s q=0 ggaAge=193819 vtgAge=193819 xteAge=193819 vt=Y(21/22) vtstat=171/375ms tc=N drp=0mm tcq=0
15:13:11.633 [ISOBUS] addr=0x81 claimed=Y load=11.5% msgs=1973 aiso=173(194819ms) xte=0.00m spd=0.00m/s q=0 ggaAge=194819 vtgAge=194819 xteAge=194819 vt=Y(21/22) vtstat=172/374ms tc=N drp=0mm tcq=0
15:13:12.635 [ISOBUS] addr=0x81 claimed=Y load=11.9% msgs=1988 aiso=174(195819ms) xte=0.00m spd=0.00m/s q=0 ggaAge=195819 vtgAge=195819 xteAge=195819 vt=Y(21/22) vtstat=173/374ms tc=N drp=0mm tcq=0
15:13:13.644 [ISOBUS] addr=0x81 claimed=Y load=11.5% msgs=1999 aiso=175(196819ms) xte=0.00m spd=0.00m/s q=0 ggaAge=196819 vtgAge=196819 xteAge=196819 vt=Y(21/22) vtstat=174/374ms tc=N drp=0mm tcq=0
15:13:14.632 [ISOBUS] addr=0x81 claimed=Y load=11.5% msgs=2010 aiso=176(197819ms) xte=0.00m spd=0.00m/s q=0 ggaAge=197819 vtgAge=197819 xteAge=197819 vt=Y(21/22) vtstat=175/373ms tc=N drp=0mm tcq=0
15:13:15.657 [ISOBUS] addr=0x81 claimed=Y load=11.5% msgs=2021 aiso=177(198819ms) xte=0.00m spd=0.00m/s q=0 ggaAge=198819 vtgAge=198819 xteAge=198819 vt=Y(21/22) vtstat=176/373ms tc=N drp=0mm tcq=0
15:13:16.656 [ISOBUS] addr=0x81 claimed=Y load=11.5% msgs=2032 aiso=178(199819ms) xte=0.00m spd=0.00m/s q=0 ggaAge=199819 vtgAge=199819 xteAge=199819 vt=Y(21/22) vtstat=177/373ms tc=N drp=0mm tcq=0
15:13:17.661 [ISOBUS] addr=0x81 claimed=Y load=11.5% msgs=2043 aiso=179(200819ms) xte=0.00m spd=0.00m/s q=0 ggaAge=200819 vtgAge=200819 xteAge=200819 vt=Y(21/22) vtstat=178/372ms tc=N drp=0mm tcq=0
15:13:18.637 [ISOBUS] addr=0x81 claimed=Y load=11.5% msgs=2054 aiso=180(201819ms) xte=0.00m spd=0.00m/s q=0 ggaAge=201819 vtgAge=201819 xteAge=201819 vt=Y(21/22) vtstat=179/372ms tc=N drp=0mm tcq=0
15:13:19.659 [ISOBUS] addr=0x81 claimed=Y load=11.5% msgs=2065 aiso=181(202819ms) xte=0.00m spd=0.00m/s q=0 ggaAge=202819 vtgAge=202819 xteAge=202819 vt=Y(21/22) vtstat=180/372ms tc=N drp=0mm tcq=0
15:13:20.639 [ISOBUS] addr=0x81 claimed=Y load=11.5% msgs=2076 aiso=182(203819ms) xte=0.00m spd=0.00m/s q=0 ggaAge=203819 vtgAge=203819 xteAge=203819 vt=Y(21/22) vtstat=181/370ms tc=N drp=0mm tcq=0
15:13:21.656 [ISOBUS] addr=0x81 claimed=Y load=11.5% msgs=2087 aiso=183(204819ms) xte=0.00m spd=0.00m/s q=0 ggaAge=204819 vtgAge=204819 xteAge=204819 vt=Y(21/22) vtstat=182/370ms tc=N drp=0mm tcq=0
15:13:22.653 [ISOBUS] addr=0x81 claimed=Y load=11.9% msgs=2102 aiso=184(205819ms) xte=0.00m spd=0.00m/s q=0 ggaAge=205819 vtgAge=205819 xteAge=205819 vt=Y(21/22) vtstat=183/370ms tc=N drp=0mm tcq=0
15:13:23.644 [ISOBUS] addr=0x81 claimed=Y load=11.5% msgs=2113 aiso=185(206819ms) xte=0.00m spd=0.00m/s q=0 ggaAge=206819 vtgAge=206819 xteAge=206819 vt=Y(21/22) vtstat=184/370ms tc=N drp=0mm tcq=0
15:13:24.635 [ISOBUS] addr=0x81 claimed=Y load=11.5% msgs=2124 aiso=186(207819ms) xte=0.00m spd=0.00m/s q=0 ggaAge=207819 vtgAge=207819 xteAge=207819 vt=Y(21/22) vtstat=185/370ms tc=N drp=0mm tcq=0
15:13:25.663 [ISOBUS] addr=0x81 claimed=Y load=11.5% msgs=2135 aiso=187(208819ms) xte=0.00m spd=0.00m/s q=0 ggaAge=208819 vtgAge=208819 xteAge=208819 vt=Y(21/22) vtstat=186/369ms tc=N drp=0mm tcq=0
15:13:26.657 [ISOBUS] addr=0x81 claimed=Y load=11.5% msgs=2146 aiso=188(209819ms) xte=0.00m spd=0.00m/s q=0 ggaAge=209819 vtgAge=209819 xteAge=209819 vt=Y(21/22) vtstat=187/369ms tc=N drp=0mm tcq=0
15:13:27.653 [ISOBUS] addr=0x81 claimed=Y load=11.5% msgs=2157 aiso=189(210819ms) xte=0.00m spd=0.00m/s q=0 ggaAge=210819 vtgAge=210819 xteAge=210819 vt=Y(21/22) vtstat=188/369ms tc=N drp=0mm tcq=0
15:13:28.641 [ISOBUS] addr=0x81 claimed=Y load=11.5% msgs=2168 aiso=190(211819ms) xte=0.00m spd=0.00m/s q=0 ggaAge=211819 vtgAge=211819 xteAge=211819 vt=Y(21/22) vtstat=189/368ms tc=N drp=0mm tcq=0
15:13:29.640 [ISOBUS] addr=0x81 claimed=Y load=11.5% msgs=2179 aiso=191(212819ms) xte=0.00m spd=0.00m/s q=0 ggaAge=212819 vtgAge=212819 xteAge=212819 vt=Y(21/22) vtstat=190/368ms tc=N drp=0mm tcq=0
15:13:30.650 [ISOBUS] addr=0x81 claimed=Y load=11.5% msgs=2190 aiso=192(213819ms) xte=0.00m spd=0.00m/s q=0 ggaAge=213819 vtgAge=213819 xteAge=213819 vt=Y(21/22) vtstat=191/368ms tc=N drp=0mm tcq=0
15:13:31.650 [ISOBUS] addr=0x81 claimed=Y load=11.5% msgs=2201 aiso=193(214819ms) xte=0.00m spd=0.00m/s q=0 ggaAge=214819 vtgAge=214819 xteAge=214819 vt=Y(21/22) vtstat=192/367ms tc=N drp=0mm tcq=0
15:13:32.651 [ISOBUS] addr=0x81 claimed=Y load=11.9% msgs=2216 aiso=194(215819ms) xte=0.00m spd=0.00m/s q=0 ggaAge=215819 vtgAge=215819 xteAge=215819 vt=Y(21/22) vtstat=193/367ms tc=N drp=0mm tcq=0
15:13:33.653 [ISOBUS] addr=0x81 claimed=Y load=11.5% msgs=2227 aiso=195(216819ms) xte=0.00m spd=0.00m/s q=0 ggaAge=216819 vtgAge=216819 xteAge=216819 vt=Y(21/22) vtstat=194/367ms tc=N drp=0mm tcq=0
15:13:34.654 [ISOBUS] addr=0x81 claimed=Y load=11.5% msgs=2238 aiso=196(217819ms) xte=0.00m spd=0.00m/s q=0 ggaAge=217819 vtgAge=217819 xteAge=217819 vt=Y(21/22) vtstat=195/366ms tc=N drp=0mm tcq=0
15:13:35.641 [ISOBUS] addr=0x81 claimed=Y load=11.5% msgs=2249 aiso=197(218819ms) xte=0.00m spd=0.00m/s q=0 ggaAge=218819 vtgAge=218819 xteAge=218819 vt=Y(21/22) vtstat=196/366ms tc=N drp=0mm tcq=0
15:13:36.642 [ISOBUS] addr=0x81 claimed=Y load=11.5% msgs=2260 aiso=198(219819ms) xte=0.00m spd=0.00m/s q=0 ggaAge=219819 vtgAge=219819 xteAge=219819 vt=Y(21/22) vtstat=197/366ms tc=N drp=0mm tcq=0
15:13:37.646 [ISOBUS] addr=0x81 claimed=Y load=11.5% msgs=2271 aiso=199(220819ms) xte=0.00m spd=0.00m/s q=0 ggaAge=220819 vtgAge=220819 xteAge=220819 vt=Y(21/22) vtstat=198/365ms tc=N drp=0mm tcq=0
15:13:38.636 [ISOBUS] addr=0x81 claimed=Y load=11.5% msgs=2282 aiso=200(221819ms) xte=0.00m spd=0.00m/s q=0 ggaAge=221819 vtgAge=221819 xteAge=221819 vt=Y(21/22) vtstat=199/365ms tc=N drp=0mm tcq=0
15:13:39.651 [ISOBUS] addr=0x81 claimed=Y load=11.4% msgs=2293 aiso=201(222819ms) xte=0.00m spd=0.00m/s q=0 ggaAge=222819 vtgAge=222819 xteAge=222819 vt=Y(21/22) vtstat=200/365ms tc=N drp=0mm tcq=0
15:13:40.641 [ISOBUS] addr=0x81 claimed=Y load=11.5% msgs=2304 aiso=202(223819ms) xte=0.00m spd=0.00m/s q=0 ggaAge=223819 vtgAge=223819 xteAge=223819 vt=Y(21/22) vtstat=201/364ms tc=N drp=0mm tcq=0
15:13:41.644 [ISOBUS] addr=0x81 claimed=Y load=11.5% msgs=2315 aiso=203(224819ms) xte=0.00m spd=0.00m/s q=0 ggaAge=224819 vtgAge=224819 xteAge=224819 vt=Y(21/22) vtstat=202/364ms tc=N drp=0mm tcq=0
15:13:42.650 [ISOBUS] addr=0x81 claimed=Y load=11.9% msgs=2330 aiso=204(225819ms) xte=0.00m spd=0.00m/s q=0 ggaAge=225819 vtgAge=225819 xteAge=225819 vt=Y(21/22) vtstat=203/364ms tc=N drp=0mm tcq=0
15:13:43.665 [ISOBUS] addr=0x81 claimed=Y load=11.5% msgs=2341 aiso=205(226819ms) xte=0.00m spd=0.00m/s q=0 ggaAge=226819 vtgAge=226819 xteAge=226819 vt=Y(21/22) vtstat=204/363ms tc=N drp=0mm tcq=0
15:13:44.659 [ISOBUS] addr=0x81 claimed=Y load=11.5% msgs=2352 aiso=206(227819ms) xte=0.00m spd=0.00m/s q=0 ggaAge=227819 vtgAge=227819 xteAge=227819 vt=Y(21/22) vtstat=205/363ms tc=N drp=0mm tcq=0
15:13:45.657 [ISOBUS] addr=0x81 claimed=Y load=11.5% msgs=2363 aiso=207(228819ms) xte=0.00m spd=0.00m/s q=0 ggaAge=228819 vtgAge=228819 xteAge=228819 vt=Y(21/22) vtstat=206/363ms tc=N drp=0mm tcq=0
15:13:46.653 [ISOBUS] addr=0x81 claimed=Y load=11.5% msgs=2374 aiso=208(229819ms) xte=0.00m spd=0.00m/s q=0 ggaAge=229819 vtgAge=229819 xteAge=229819 vt=Y(21/22) vtstat=207/362ms tc=N drp=0mm tcq=0
15:13:47.641 [ISOBUS] addr=0x81 claimed=Y load=11.4% msgs=2385 aiso=209(230819ms) xte=0.00m spd=0.00m/s q=0 ggaAge=230819 vtgAge=230819 xteAge=230819 vt=Y(21/22) vtstat=208/362ms tc=N drp=0mm tcq=0
15:13:48.660 [ISOBUS] addr=0x81 claimed=Y load=11.5% msgs=2396 aiso=210(231819ms) xte=0.00m spd=0.00m/s q=0 ggaAge=231819 vtgAge=231819 xteAge=231819 vt=Y(21/22) vtstat=209/362ms tc=N drp=0mm tcq=0
15:13:49.652 [ISOBUS] addr=0x81 claimed=Y load=11.5% msgs=2407 aiso=211(232819ms) xte=0.00m spd=0.00m/s q=0 ggaAge=232819 vtgAge=232819 xteAge=232819 vt=Y(21/22) vtstat=210/361ms tc=N drp=0mm tcq=0
15:13:50.663 [ISOBUS] addr=0x81 claimed=Y load=11.5% msgs=2418 aiso=212(233819ms) xte=0.00m spd=0.00m/s q=0 ggaAge=233819 vtgAge=233819 xteAge=233819 vt=Y(21/22) vtstat=211/361ms tc=N drp=0mm tcq=0
15:13:51.661 [ISOBUS] addr=0x81 claimed=Y load=11.5% msgs=2429 aiso=213(234819ms) xte=0.00m spd=0.00m/s q=0 ggaAge=234819 vtgAge=234819 xteAge=234819 vt=Y(21/22) vtstat=212/361ms tc=N drp=0mm tcq=0
15:13:51.849 W] [PR]: NACK-ing PGN request for PGN 60928 because no callback could handle it.
15:13:52.104 I] [NM]: Partnered control function with name 000000000000000lx has claimed address 203452081 on channel 2684387840.
15:13:52.642 [ISOBUS] addr=0x81 claimed=Y load=14.2% msgs=2453 aiso=214(235819ms) xte=0.00m spd=0.00m/s q=0 ggaAge=9 vtgAge=8 xteAge=235819 xteraw=80:510100FF000000FF vt=Y(21/22) vtstat=213/358ms tc=N drp=0mm tcq=0
15:13:52.865 W] [TP]: Received a Request to Send (RTS) message with a global destination, ignoring
15:13:53.640 [ISOBUS] addr=0x81 claimed=Y load=15.6% msgs=2494 aiso=215(236819ms) xte=0.00m spd=0.00m/s q=0 ggaAge=8 vtgAge=8 xteAge=236819 xteraw=80:510100FF000000FF vt=Y(21/22) vtstat=214/358ms tc=N drp=0mm tcq=0
15:13:54.091 I] [NM]: Control function with address 43 and NAME 000000000000000lx is now offline on channel 203452081.
15:13:54.091 I] [NM]: Control function with address 128 and NAME 000000000000000lx is now offline on channel 203452081.
15:13:54.091 I] [NM]: Control function with address 205 and NAME 000000000000000lx is now offline on channel 198344577.
15:13:54.091 I] [NM]: Control function with address 233 and NAME 000000000000000lx is now offline on channel 203452081.
15:13:54.091 I] [NM]: Control function with address 240 and NAME 000000000000000lx is now offline on channel 197783967.
15:13:54.091 I] [NM]: Control function with address 245 and NAME 000000000000000lx is now offline on channel 203452081.
15:13:54.662 [ISOBUS] addr=0x81 claimed=Y load=16.0% msgs=2535 aiso=216(237819ms) xte=0.00m spd=0.00m/s q=0 ggaAge=9 vtgAge=8 xteAge=237819 xteraw=80:510100FF000000FF vt=Y(21/22) vtstat=215/359ms tc=N drp=0mm tcq=0
15:13:54.840 W] [PR]: NACK-ing PGN request for PGN 64653 because no callback could handle it.
15:13:54.840 W] [TP]: Received a Request to Send (RTS) message with a global destination, ignoring
15:13:55.356 I] [NM]: External control function with name 000000000000000lx has claimed address 198344577 on channel 2684363008.
15:13:55.391 W] [TP]: Received a Request to Send (RTS) message with a global destination, ignoring
15:13:55.647 [ISOBUS] addr=0x81 claimed=Y load=15.7% msgs=2586 aiso=217(238819ms) xte=0.00m spd=0.00m/s q=0 ggaAge=9 vtgAge=9 xteAge=238819 xteraw=80:510301FF000000FF vt=Y(21/22) vtstat=216/358ms tc=N drp=0mm tcq=0
15:13:55.831 W] [PR]: NACK-ing PGN request for PGN 64653 because no callback could handle it.
15:13:56.646 [ISOBUS] addr=0x81 claimed=Y load=14.3% msgs=2627 aiso=218(239819ms) xte=0.00m spd=0.00m/s q=0 ggaAge=9 vtgAge=8 xteAge=239819 xteraw=80:510301FF000000FF vt=Y(21/22) vtstat=217/359ms tc=N drp=0mm tcq=0
15:13:56.680 W] [TP]: Received an Abort message with a global destination, ignoring
15:13:56.680 W] [TP]: Received a Request to Send (RTS) message with a global destination, ignoring
15:13:56.858 W] [PR]: NACK-ing PGN request for PGN 64653 because no callback could handle it.
15:13:57.645 [ISOBUS] addr=0x81 claimed=Y load=14.7% msgs=2668 aiso=219(240819ms) xte=0.00m spd=0.00m/s q=0 ggaAge=9 vtgAge=9 xteAge=240819 xteraw=80:510301FF000000FF vt=Y(21/22) vtstat=218/358ms tc=N drp=0mm tcq=0
15:13:57.841 W] [PR]: NACK-ing PGN request for PGN 64653 because no callback could handle it.
15:13:57.962 W] [TP]: Received a Request to Send (RTS) message with a global destination, ignoring
15:13:58.088 I] [NM]: Control function with address 205 and NAME 000000000000000lx is now offline on channel 198344577.
15:13:58.653 [ISOBUS] addr=0x81 claimed=Y load=14.5% msgs=2709 aiso=220(241819ms) xte=0.00m spd=0.00m/s q=0 ggaAge=9 vtgAge=8 xteAge=241819 xteraw=80:510301FF000000FF vt=Y(21/22) vtstat=219/358ms tc=N drp=0mm tcq=0
15:13:58.852 W] [PR]: NACK-ing PGN request for PGN 64653 because no callback could handle it.
15:13:59.654 [ISOBUS] addr=0x81 claimed=Y load=14.7% msgs=2750 aiso=221(242819ms) xte=0.00m spd=0.00m/s q=0 ggaAge=8 vtgAge=8 xteAge=242819 xteraw=80:510301FF000000FF vt=Y(21/22) vtstat=220/358ms tc=N drp=0mm tcq=0
15:13:59.972 I] [TC]: DDOP will be generated using the server's version instead of the specified version. New version: 3
15:14:00.041 I] [TC]: DDOP Activated without error.
15:14:00.354 I] [NM]: External control function with name 000000000000000lx has claimed address 198344577 on channel 2684363008.
15:14:00.513 W] [TP]: Received an Abort message with a global destination, ignoring
15:14:00.513 W] [TP]: Received a Request to Send (RTS) message with a global destination, ignoring
15:14:00.643 [ISOBUS] addr=0x81 claimed=Y load=21.7% msgs=2791 aiso=222(243819ms) xte=0.00m spd=0.00m/s q=0 ggaAge=9 vtgAge=8 xteAge=243819 xteraw=80:510301FF000000FF vt=Y(21/22) vtstat=221/357ms tc=Y drp=0mm tcq=0
15:14:01.091 I] [NM]: Control function with address 172 and NAME 000000000000000lx is now offline on channel 197275905.
15:14:01.368 I] [NM]: External control function with name 000000000000000lx has claimed address 197275905 on channel 536876800.
15:14:01.642 [ISOBUS] addr=0x81 claimed=Y load=14.4% msgs=2832 aiso=223(244819ms) xte=0.00m spd=0.00m/s q=0 ggaAge=9 vtgAge=8 xteAge=244819 xteraw=80:510301FF000000FF vt=Y(21/22) vtstat=222/357ms tc=Y drp=0mm tcq=0
15:14:01.799 W] [TP]: Received a Request to Send (RTS) message with a global destination, ignoring
15:14:02.089 I] [NM]: Control function with address 205 and NAME 000000000000000lx is now offline on channel 198344577.
15:14:02.657 [ISOBUS] addr=0x81 claimed=Y load=15.1% msgs=2877 aiso=224(245819ms) xte=0.00m spd=0.00m/s q=0 ggaAge=9 vtgAge=8 xteAge=245819 xteraw=80:510301FF11000FFF vt=Y(21/22) vtstat=223/357ms tc=Y drp=0mm tcq=0
15:14:03.650 [ISOBUS] addr=0x81 claimed=Y load=14.7% msgs=2918 aiso=225(246819ms) xte=0.00m spd=0.00m/s q=0 ggaAge=9 vtgAge=9 xteAge=246819 xteraw=80:510301FF0F000DFF vt=Y(21/22) vtstat=224/356ms tc=Y drp=0mm tcq=0
15:14:04.342 I] [NM]: External control function with name 000000000000000lx has claimed address 198344577 on channel 2684363008.
15:14:04.344 W] [TP]: Received an Abort message with a global destination, ignoring
15:14:04.376 W] [TP]: Received a Request to Send (RTS) message with a global destination, ignoring
15:14:04.653 [ISOBUS] addr=0x81 claimed=Y load=15.1% msgs=2961 aiso=226(247819ms) xte=0.00m spd=0.00m/s q=0 ggaAge=9 vtgAge=8 xteAge=247819 xteraw=80:510301FF0F000DFF vt=Y(21/22) vtstat=225/356ms tc=Y drp=0mm tcq=0
15:14:05.110 I] [NM]: Control function with address 172 and NAME 000000000000000lx is now offline on channel 197275905.
15:14:05.359 I] [NM]: External control function with name 000000000000000lx has claimed address 197275905 on channel 536876800.
15:14:05.653 W] [TP]: Received a Request to Send (RTS) message with a global destination, ignoring
15:14:05.653 [ISOBUS] addr=0x81 claimed=Y load=14.9% msgs=3002 aiso=227(248819ms) xte=0.00m spd=0.00m/s q=0 ggaAge=8 vtgAge=8 xteAge=248819 xteraw=80:510301FF0F000DFF vt=Y(21/22) vtstat=226/356ms tc=Y drp=0mm tcq=0
15:14:06.091 I] [NM]: Control function with address 205 and NAME 000000000000000lx is now offline on channel 198344577.
15:14:06.657 [ISOBUS] addr=0x81 claimed=Y load=14.4% msgs=3043 aiso=228(249819ms) xte=0.00m spd=0.00m/s q=0 ggaAge=9 vtgAge=8 xteAge=249819 xteraw=80:510301FF0F000DFF vt=Y(21/22) vtstat=227/355ms tc=Y drp=0mm tcq=0
15:14:07.650 [ISOBUS] addr=0x81 claimed=Y load=14.5% msgs=3084 aiso=229(250819ms) xte=0.00m spd=0.00m/s q=0 ggaAge=9 vtgAge=8 xteAge=250819 xteraw=80:510301FF0F080DFF vt=Y(21/22) vtstat=228/355ms tc=Y drp=0mm tcq=0
15:14:08.665 [ISOBUS] addr=0x81 claimed=Y load=14.5% msgs=3125 aiso=230(251819ms) xte=0.00m spd=0.00m/s q=0 ggaAge=9 vtgAge=8 xteAge=251819 xteraw=80:510301FF0F080DFF vt=Y(21/22) vtstat=229/355ms tc=Y drp=0mm tcq=0
15:14:09.339 I] [NM]: External control function with name 000000000000000lx has claimed address 198344577 on channel 2684363008.
15:14:09.465 W] [TP]: Received a Request to Send (RTS) message with a global destination, ignoring
15:14:09.665 [ISOBUS] addr=0x81 claimed=Y load=14.7% msgs=3166 aiso=231(252819ms) xte=0.00m spd=0.00m/s q=0 ggaAge=9 vtgAge=8 xteAge=252819 xteraw=80:510301FF0F080DFF vt=Y(21/22) vtstat=230/354ms tc=Y drp=0mm tcq=0
15:14:10.658 [ISOBUS] addr=0x81 claimed=Y load=14.3% msgs=3207 aiso=232(253819ms) xte=0.00m spd=0.00m/s q=0 ggaAge=10 vtgAge=8 xteAge=253819 xteraw=80:510301FF0F080DFF vt=Y(21/22) vtstat=231/354ms tc=Y drp=0mm tcq=0
15:14:10.756 W] [TP]: Received a Request to Send (RTS) message with a global destination, ignoring
15:14:11.658 [ISOBUS] addr=0x81 claimed=Y load=14.5% msgs=3248 aiso=233(254819ms) xte=0.00m spd=0.00m/s q=0 ggaAge=9 vtgAge=8 xteAge=254819 xteraw=80:510301FF0B060AFF vt=Y(21/22) vtstat=232/354ms tc=Y drp=0mm tcq=0
15:14:12.024 W] [TP]: Received an Abort message with a global destination, ignoring
15:14:12.027 W] [TP]: Received a Request to Send (RTS) message with a global destination, ignoring
15:14:12.091 I] [NM]: Control function with address 205 and NAME 000000000000000lx is now offline on channel 198344577.
15:14:12.660 [ISOBUS] addr=0x81 claimed=Y load=15.0% msgs=3293 aiso=234(255819ms) xte=0.00m spd=0.00m/s q=0 ggaAge=5 vtgAge=4 xteAge=255819 xteraw=80:510301FF0B060AFF vt=Y(21/22) vtstat=233/353ms tc=Y drp=0mm tcq=0
15:14:13.638 [ISOBUS] addr=0x81 claimed=Y load=14.5% msgs=3334 aiso=235(256819ms) xte=0.00m spd=0.00m/s q=0 ggaAge=9 vtgAge=8 xteAge=256819 xteraw=80:510301FF0B060AFF vt=Y(21/22) vtstat=234/353ms tc=Y drp=0mm tcq=0
15:14:14.341 I] [NM]: External control function with name 000000000000000lx has claimed address 198344577 on channel 2684363008.
15:14:14.594 W] [TP]: Received a Request to Send (RTS) message with a global destination, ignoring
15:14:14.654 [ISOBUS] addr=0x81 claimed=Y load=14.6% msgs=3375 aiso=236(257819ms) xte=0.00m spd=0.00m/s q=0 ggaAge=9 vtgAge=9 xteAge=257819 xteraw=80:510301FF0B060AFF vt=Y(21/22) vtstat=235/353ms tc=Y drp=0mm tcq=0
15:14:15.094 I] [NM]: Control function with address 172 and NAME 000000000000000lx is now offline on channel 197275905.
15:14:15.349 I] [NM]: External control function with name 000000000000000lx has claimed address 197275905 on channel 536876800.
15:14:15.663 [ISOBUS] addr=0x81 claimed=Y load=14.3% msgs=3416 aiso=237(258819ms) xte=0.00m spd=0.00m/s q=0 ggaAge=9 vtgAge=8 xteAge=258819 xteraw=80:510301FF0B060AFF vt=Y(21/22) vtstat=236/352ms tc=Y drp=0mm tcq=0
15:14:15.857 W] [TP]: Received an Abort message with a global destination, ignoring
15:14:15.887 W] [TP]: Received a Request to Send (RTS) message with a global destination, ignoring
15:14:16.083 I] [NM]: Control function with address 205 and NAME 000000000000000lx is now offline on channel 198344577.
15:14:16.656 [ISOBUS] addr=0x81 claimed=Y load=14.5% msgs=3457 aiso=238(259819ms) xte=0.00m spd=0.00m/s q=0 ggaAge=9 vtgAge=8 xteAge=259819 xteraw=80:510301FF0B060AFF vt=Y(21/22) vtstat=237/352ms tc=Y drp=0mm tcq=0
15:14:17.652 [ISOBUS] addr=0x81 claimed=Y load=14.5% msgs=3498 aiso=239(260819ms) xte=0.00m spd=0.00m/s q=0 ggaAge=9 vtgAge=8 xteAge=260819 xteraw=80:510301FF0B060AFF vt=Y(21/22) vtstat=238/352ms tc=Y drp=0mm tcq=0
15:14:18.341 I] [NM]: External control function with name 000000000000000lx has claimed address 198344577 on channel 2684363008.
15:14:18.432 W] [TP]: Received a Request to Send (RTS) message with a global destination, ignoring
15:14:18.644 [ISOBUS] addr=0x81 claimed=Y load=14.6% msgs=3539 aiso=240(261819ms) xte=0.00m spd=0.00m/s q=0 ggaAge=9 vtgAge=8 xteAge=261819 xteraw=80:510301FF0B060AFF vt=Y(21/22) vtstat=239/351ms tc=Y drp=0mm tcq=0
15:14:19.084 I] [NM]: Control function with address 172 and NAME 000000000000000lx is now offline on channel 197275905.
15:14:19.339 I] [NM]: External control function with name 000000000000000lx has claimed address 197275905 on channel 536876800.
15:14:19.658 [ISOBUS] addr=0x81 claimed=Y load=14.3% msgs=3580 aiso=241(262819ms) xte=0.00m spd=0.00m/s q=0 ggaAge=9 vtgAge=8 xteAge=262819 xteraw=80:510301FF0B060AFF vt=Y(21/22) vtstat=240/351ms tc=Y drp=0mm tcq=0
15:14:19.717 W] [TP]: Received an Abort message with a global destination, ignoring
15:14:19.719 W] [TP]: Received a Request to Send (RTS) message with a global destination, ignoring
15:14:20.092 I] [NM]: Control function with address 205 and NAME 000000000000000lx is now offline on channel 198344577.
15:14:20.659 [ISOBUS] addr=0x81 claimed=Y load=14.4% msgs=3621 aiso=242(263819ms) xte=0.00m spd=0.00m/s q=0 ggaAge=9 vtgAge=8 xteAge=263819 xteraw=80:510301FF0B0509FF vt=Y(21/22) vtstat=241/350ms tc=Y drp=0mm tcq=0
15:14:21.638 [ISOBUS] addr=0x81 claimed=Y load=14.3% msgs=3662 aiso=243(264819ms) xte=0.00m spd=0.00m/s q=0 ggaAge=9 vtgAge=8 xteAge=264819 xteraw=80:510301FF0B060AFF vt=Y(21/22) vtstat=242/349ms tc=Y drp=0mm tcq=0
15:14:22.668 [ISOBUS] addr=0x81 claimed=Y load=14.8% msgs=3707 aiso=244(265819ms) xte=0.00m spd=0.00m/s q=0 ggaAge=9 vtgAge=8 xteAge=265819 xteraw=80:510301FF0B0509FF vt=Y(21/22) vtstat=243/349ms tc=Y drp=0mm tcq=0
15:14:23.358 I] [NM]: External control function with name 000000000000000lx has claimed address 198344577 on channel 2684363008.
15:14:23.540 W] [TP]: Received an Abort message with a global destination, ignoring
15:14:23.542 W] [TP]: Received a Request to Send (RTS) message with a global destination, ignoring
15:14:23.642 [ISOBUS] addr=0x81 claimed=Y load=14.5% msgs=3748 aiso=245(266819ms) xte=0.00m spd=0.00m/s q=0 ggaAge=9 vtgAge=8 xteAge=266819 xteraw=80:510301FF0B0509FF vt=Y(21/22) vtstat=244/349ms tc=Y drp=0mm tcq=0
15:14:24.636 [ISOBUS] addr=0x81 claimed=Y load=14.1% msgs=3789 aiso=246(267819ms) xte=0.00m spd=0.00m/s q=0 ggaAge=9 vtgAge=8 xteAge=267819 xteraw=80:510301FF0B0509FF vt=Y(21/22) vtstat=245/349ms tc=Y drp=0mm tcq=0
15:14:24.830 W] [TP]: Received a Request to Send (RTS) message with a global destination, ignoring
15:14:25.641 [ISOBUS] addr=0x81 claimed=Y load=14.3% msgs=3830 aiso=247(268819ms) xte=0.00m spd=0.00m/s q=0 ggaAge=9 vtgAge=8 xteAge=268819 xteraw=80:510301FF0B060AFF vt=Y(21/22) vtstat=246/349ms tc=Y drp=0mm tcq=0
15:14:26.108 I] [NM]: Control function with address 205 and NAME 000000000000000lx is now offline on channel 198344577.
15:14:26.666 [ISOBUS] addr=0x81 claimed=Y load=14.3% msgs=3871 aiso=248(269819ms) xte=0.00m spd=0.00m/s q=0 ggaAge=9 vtgAge=8 xteAge=269819 xteraw=80:510301FF0B060AFF vt=Y(21/22) vtstat=247/348ms tc=Y drp=0mm tcq=0
15:14:27.349 I] [NM]: External control function with name 000000000000000lx has claimed address 198344577 on channel 2684363008.
15:14:27.384 W] [TP]: Received an Abort message with a global destination, ignoring
15:14:27.657 [ISOBUS] addr=0x81 claimed=Y load=14.4% msgs=3912 aiso=249(270819ms) xte=0.00m spd=0.00m/s q=0 ggaAge=9 vtgAge=8 xteAge=270819 xteraw=80:510301FF0B060AFF vt=Y(21/22) vtstat=248/348ms tc=Y drp=0mm tcq=0
15:14:28.642 [ISOBUS] addr=0x81 claimed=Y load=14.0% msgs=3953 aiso=250(271819ms) xte=0.00m spd=0.00m/s q=0 ggaAge=9 vtgAge=8 xteAge=271819 xteraw=80:510301FF0B060AFF vt=Y(21/22) vtstat=249/348ms tc=Y drp=0mm tcq=0
15:14:29.640 [ISOBUS] addr=0x81 claimed=Y load=14.2% msgs=3994 aiso=251(272819ms) xte=0.00m spd=0.00m/s q=0 ggaAge=8 vtgAge=8 xteAge=272819 xteraw=80:510301FF0B060AFF vt=Y(21/22) vtstat=250/347ms tc=Y drp=0mm tcq=0
15:14:30.657 [ISOBUS] addr=0x81 claimed=Y load=14.0% msgs=4035 aiso=252(273819ms) xte=0.00m spd=0.00m/s q=0 ggaAge=3 vtgAge=3 xteAge=273819 xteraw=80:510301FF0B060AFF vt=Y(21/22) vtstat=251/347ms tc=Y drp=0mm tcq=0
15:14:31.656 [ISOBUS] addr=0x81 claimed=Y load=14.3% msgs=4076 aiso=253(274819ms) xte=0.00m spd=0.00m/s q=0 ggaAge=8 vtgAge=8 xteAge=274819 xteraw=80:510301FF0B060AFF vt=Y(21/22) vtstat=252/346ms tc=Y drp=0mm tcq=0
15:14:32.654 [ISOBUS] addr=0x81 claimed=Y load=14.5% msgs=4121 aiso=254(275819ms) xte=0.00m spd=0.00m/s q=0 ggaAge=8 vtgAge=8 xteAge=275819 xteraw=80:510301FF0B060AFF vt=Y(21/22) vtstat=253/346ms tc=Y drp=0mm tcq=0
15:14:33.636 [ISOBUS] addr=0x81 claimed=Y load=14.2% msgs=4162 aiso=255(276819ms) xte=0.00m spd=0.00m/s q=0 ggaAge=6 vtgAge=6 xteAge=276819 xteraw=80:510301FF0B060AFF vt=Y(21/22) vtstat=254/346ms tc=Y drp=0mm tcq=0
15:14:34.638 [ISOBUS] addr=0x81 claimed=Y load=14.0% msgs=4203 aiso=256(277819ms) xte=0.00m spd=0.00m/s q=0 ggaAge=8 vtgAge=8 xteAge=277819 xteraw=80:510302FF110A0FFF vt=Y(21/22) vtstat=255/345ms tc=Y drp=0mm tcq=0
15:14:35.663 [ISOBUS] addr=0x81 claimed=Y load=14.2% msgs=4244 aiso=257(278819ms) xte=0.00m spd=0.00m/s q=0 ggaAge=8 vtgAge=7 xteAge=278819 xteraw=80:510302FF110A0FFF vt=Y(21/22) vtstat=256/345ms tc=Y drp=0mm tcq=0
15:14:36.637 [ISOBUS] addr=0x81 claimed=Y load=14.0% msgs=4285 aiso=258(279819ms) xte=0.00m spd=0.00m/s q=0 ggaAge=8 vtgAge=8 xteAge=279819 xteraw=80:510302FF110A0FFF vt=Y(21/22) vtstat=257/345ms tc=Y drp=0mm tcq=0
15:14:37.661 [ISOBUS] addr=0x81 claimed=Y load=14.2% msgs=4326 aiso=259(280819ms) xte=0.00m spd=0.00m/s q=0 ggaAge=8 vtgAge=7 xteAge=280819 xteraw=80:510302FF110A0FFF vt=Y(21/22) vtstat=258/344ms tc=Y drp=0mm tcq=0
15:14:38.646 [ISOBUS] addr=0x81 claimed=Y load=14.0% msgs=4367 aiso=260(281819ms) xte=0.00m spd=0.00m/s q=0 ggaAge=8 vtgAge=8 xteAge=281819 xteraw=80:510302FF110A0FFF vt=Y(21/22) vtstat=259/344ms tc=Y drp=0mm tcq=0
15:14:39.657 [ISOBUS] addr=0x81 claimed=Y load=14.2% msgs=4408 aiso=261(282819ms) xte=0.00m spd=0.00m/s q=0 ggaAge=8 vtgAge=8 xteAge=282819 xteraw=80:510302FF110A0FFF vt=Y(21/22) vtstat=260/344ms tc=Y drp=0mm tcq=0
15:14:40.640 [ISOBUS] addr=0x81 claimed=Y load=14.0% msgs=4449 aiso=262(283819ms) xte=0.00m spd=0.00m/s q=0 ggaAge=9 vtgAge=8 xteAge=283819 xteraw=80:510302FF110A0FFF vt=Y(21/22) vtstat=261/343ms tc=Y drp=0mm tcq=0
15:14:41.635 [ISOBUS] addr=0x81 claimed=Y load=14.2% msgs=4490 aiso=263(284819ms) xte=0.00m spd=0.00m/s q=0 ggaAge=8 vtgAge=8 xteAge=284819 xteraw=80:510302FF110A0FFF vt=Y(21/22) vtstat=262/343ms tc=Y drp=0mm tcq=0
15:14:42.666 [ISOBUS] addr=0x81 claimed=Y load=14.5% msgs=4535 aiso=264(285819ms) xte=0.00m spd=0.00m/s q=0 ggaAge=9 vtgAge=8 xteAge=285819 xteraw=80:510302FF110A0FFF vt=Y(21/22) vtstat=263/342ms tc=Y drp=0mm tcq=0
15:14:43.660 [ISOBUS] addr=0x81 claimed=Y load=14.2% msgs=4576 aiso=265(286819ms) xte=0.00m spd=0.00m/s q=0 ggaAge=9 vtgAge=8 xteAge=286819 xteraw=80:510302FF110A0FFF vt=Y(21/22) vtstat=264/342ms tc=Y drp=0mm tcq=0
15:14:44.643 [ISOBUS] addr=0x81 claimed=Y load=14.0% msgs=4617 aiso=266(287819ms) xte=0.00m spd=0.00m/s q=0 ggaAge=8 vtgAge=8 xteAge=287819 xteraw=80:510302FF10090DFF vt=Y(21/22) vtstat=265/342ms tc=Y drp=0mm tcq=0
15:14:45.647 [ISOBUS] addr=0x81 claimed=Y load=14.2% msgs=4658 aiso=267(288819ms) xte=0.00m spd=0.00m/s q=0 ggaAge=9 vtgAge=8 xteAge=288819 xteraw=80:510302FF10090DFF vt=Y(21/22) vtstat=266/341ms tc=Y drp=0mm tcq=0
15:14:46.655 [ISOBUS] addr=0x81 claimed=Y load=14.0% msgs=4699 aiso=268(289819ms) xte=0.00m spd=0.00m/s q=0 ggaAge=8 vtgAge=8 xteAge=289819 xteraw=80:510302FF10090DFF vt=Y(21/22) vtstat=267/341ms tc=Y drp=0mm tcq=0
15:14:47.647 [ISOBUS] addr=0x81 claimed=Y load=14.2% msgs=4740 aiso=269(290819ms) xte=0.00m spd=0.00m/s q=0 ggaAge=8 vtgAge=7 xteAge=290819 xteraw=80:510302FF10090DFF vt=Y(21/22) vtstat=268/341ms tc=Y drp=0mm tcq=0
15:14:48.658 [ISOBUS] addr=0x81 claimed=Y load=14.0% msgs=4781 aiso=270(291819ms) xte=0.00m spd=0.00m/s q=0 ggaAge=9 vtgAge=8 xteAge=291819 xteraw=80:510302FF10090DFF vt=Y(21/22) vtstat=269/340ms tc=Y drp=0mm tcq=0
15:14:49.655 [ISOBUS] addr=0x81 claimed=Y load=14.2% msgs=4822 aiso=271(292819ms) xte=0.00m spd=0.00m/s q=0 ggaAge=9 vtgAge=8 xteAge=292819 xteraw=80:510302FF10090DFF vt=Y(21/22) vtstat=270/340ms tc=Y drp=0mm tcq=0
15:14:50.638 [ISOBUS] addr=0x81 claimed=Y load=14.0% msgs=4863 aiso=272(293819ms) xte=0.00m spd=0.00m/s q=0 ggaAge=8 vtgAge=7 xteAge=293819 xteraw=80:510302FF10090DFF vt=Y(21/22) vtstat=271/340ms tc=Y drp=0mm tcq=0
15:14:51.665 [ISOBUS] addr=0x81 claimed=Y load=14.2% msgs=4904 aiso=273(294819ms) xte=0.00m spd=0.00m/s q=0 ggaAge=8 vtgAge=8 xteAge=294819 xteraw=80:510302FF10090DFF vt=Y(21/22) vtstat=272/339ms tc=Y drp=0mm tcq=0
15:14:52.649 [ISOBUS] addr=0x81 claimed=Y load=14.5% msgs=4949 aiso=274(295819ms) xte=0.00m spd=0.00m/s q=0 ggaAge=9 vtgAge=8 xteAge=295819 xteraw=80:510302FF0D080AFF vt=Y(21/22) vtstat=273/339ms tc=Y drp=0mm tcq=0
15:14:53.639 [ISOBUS] addr=0x81 claimed=Y load=14.2% msgs=4990 aiso=275(296819ms) xte=0.00m spd=0.00m/s q=0 ggaAge=9 vtgAge=8 xteAge=296819 xteraw=80:510302FF0D080AFF vt=Y(21/22) vtstat=274/337ms tc=Y drp=0mm tcq=0
15:14:54.642 [ISOBUS] addr=0x81 claimed=Y load=14.0% msgs=5031 aiso=276(297819ms) xte=0.00m spd=0.00m/s q=0 ggaAge=9 vtgAge=8 xteAge=297819 xteraw=80:510302FF0D080AFF vt=Y(21/22) vtstat=275/337ms tc=Y drp=0mm tcq=0
15:14:55.662 [ISOBUS] addr=0x81 claimed=Y load=14.2% msgs=5072 aiso=277(298819ms) xte=0.00m spd=0.00m/s q=0 ggaAge=8 vtgAge=7 xteAge=298819 xteraw=80:510302FF0D080AFF vt=Y(21/22) vtstat=276/337ms tc=Y drp=0mm tcq=0
15:14:56.640 [ISOBUS] addr=0x81 claimed=Y load=14.0% msgs=5113 aiso=278(299819ms) xte=0.00m spd=0.00m/s q=0 ggaAge=8 vtgAge=8 xteAge=299819 xteraw=80:510302FF0D080AFF vt=Y(21/22) vtstat=277/336ms tc=Y drp=0mm tcq=0
15:14:57.651 [ISOBUS] addr=0x81 claimed=Y load=14.2% msgs=5154 aiso=279(300819ms) xte=0.00m spd=0.00m/s q=0 ggaAge=8 vtgAge=8 xteAge=300819 xteraw=80:510302FF0D080AFF vt=Y(21/22) vtstat=278/337ms tc=Y drp=0mm tcq=0
15:14:58.655 [ISOBUS] addr=0x81 claimed=Y load=14.0% msgs=5195 aiso=280(301819ms) xte=0.00m spd=0.00m/s q=0 ggaAge=8 vtgAge=7 xteAge=301819 xteraw=80:510302FF0D080AFF vt=Y(21/22) vtstat=279/337ms tc=Y drp=0mm tcq=0
15:14:59.642 [ISOBUS] addr=0x81 claimed=Y load=14.2% msgs=5236 aiso=281(302819ms) xte=0.00m spd=0.00m/s q=0 ggaAge=9 vtgAge=8 xteAge=302819 xteraw=80:510302FF0D080AFF vt=Y(21/22) vtstat=280/337ms tc=Y drp=0mm tcq=0
15:15:00.653 [ISOBUS] addr=0x81 claimed=Y load=14.0% msgs=5277 aiso=282(303819ms) xte=0.00m spd=0.00m/s q=0 ggaAge=8 vtgAge=7 xteAge=303819 xteraw=80:510302FF0D080AFF vt=Y(21/22) vtstat=281/336ms tc=Y drp=0mm tcq=0
15:15:01.648 [ISOBUS] addr=0x81 claimed=Y load=14.1% msgs=5316 aiso=283(304819ms) xte=0.00m spd=0.00m/s q=0 ggaAge=9 vtgAge=108 xteAge=304819 xteraw=80:510302FF0D080AFF vt=Y(21/22) vtstat=282/336ms tc=Y drp=0mm tcq=0
15:15:02.654 [ISOBUS] addr=0x81 claimed=Y load=14.6% msgs=5363 aiso=284(305819ms) xte=0.00m spd=0.00m/s q=0 ggaAge=9 vtgAge=8 xteAge=305819 xteraw=80:510302FF0D080AFF vt=Y(21/22) vtstat=283/336ms tc=Y drp=0mm tcq=0
15:15:03.658 [ISOBUS] addr=0x81 claimed=Y load=14.2% msgs=5404 aiso=285(306819ms) xte=0.00m spd=0.00m/s q=0 ggaAge=8 vtgAge=7 xteAge=306819 xteraw=80:510302FF0D080AFF vt=Y(21/22) vtstat=284/335ms tc=Y drp=0mm tcq=0
15:15:04.651 [ISOBUS] addr=0x81 claimed=Y load=14.0% msgs=5445 aiso=286(307819ms) xte=0.00m spd=0.00m/s q=0 ggaAge=8 vtgAge=7 xteAge=307819 xteraw=80:510302FF0D080AFF vt=Y(21/22) vtstat=285/335ms tc=Y drp=0mm tcq=0
15:15:05.641 [ISOBUS] addr=0x81 claimed=Y load=14.2% msgs=5486 aiso=287(308819ms) xte=0.00m spd=0.00m/s q=0 ggaAge=9 vtgAge=8 xteAge=308819 xteraw=80:510302FF0D080AFF vt=Y(21/22) vtstat=286/335ms tc=Y drp=0mm tcq=0
15:15:06.643 [ISOBUS] addr=0x81 claimed=Y load=14.0% msgs=5527 aiso=288(309819ms) xte=0.00m spd=0.00m/s q=0 ggaAge=8 vtgAge=7 xteAge=309819 xteraw=80:510302FF0D080AFF vt=Y(21/22) vtstat=287/334ms tc=Y drp=0mm tcq=0
15:15:07.652 [ISOBUS] addr=0x81 claimed=Y load=14.2% msgs=5568 aiso=289(310819ms) xte=0.00m spd=0.00m/s q=0 ggaAge=9 vtgAge=7 xteAge=310819 xteraw=80:510302FF0D080AFF vt=Y(21/22) vtstat=288/334ms tc=Y drp=0mm tcq=0
15:15:08.659 [ISOBUS] addr=0x81 claimed=Y load=14.0% msgs=5609 aiso=290(311819ms) xte=0.00m spd=0.00m/s q=0 ggaAge=9 vtgAge=8 xteAge=311819 xteraw=80:510302FF0D080AFF vt=Y(21/22) vtstat=289/333ms tc=Y drp=0mm tcq=0
15:15:09.650 [ISOBUS] addr=0x81 claimed=Y load=14.2% msgs=5650 aiso=291(312819ms) xte=0.00m spd=0.00m/s q=0 ggaAge=8 vtgAge=7 xteAge=312819 xteraw=80:510302FF0D080AFF vt=Y(21/22) vtstat=290/333ms tc=Y drp=0mm tcq=0
15:15:10.676 [ISOBUS] addr=0x81 claimed=Y load=14.0% msgs=5691 aiso=292(313819ms) xte=0.00m spd=0.00m/s q=0 ggaAge=9 vtgAge=9 xteAge=313819 xteraw=80:510302FF0D080AFF vt=Y(21/22) vtstat=291/333ms tc=Y drp=0mm tcq=0
15:15:11.641 [ISOBUS] addr=0x81 claimed=Y load=14.2% msgs=5732 aiso=293(314819ms) xte=0.00m spd=0.00m/s q=0 ggaAge=9 vtgAge=8 xteAge=314819 xteraw=80:510302FF0D080AFF vt=Y(21/22) vtstat=292/332ms tc=Y drp=0mm tcq=0
15:15:12.654 [ISOBUS] addr=0x81 claimed=Y load=14.5% msgs=5777 aiso=294(315819ms) xte=0.00m spd=0.00m/s q=0 ggaAge=8 vtgAge=7 xteAge=315819 xteraw=80:510302FF0D080AFF vt=Y(21/22) vtstat=293/332ms tc=Y drp=0mm tcq=0
15:15:13.664 [ISOBUS] addr=0x81 claimed=Y load=14.2% msgs=5818 aiso=295(316819ms) xte=0.00m spd=0.00m/s q=0 ggaAge=9 vtgAge=8 xteAge=316819 xteraw=80:510302FF0D080AFF vt=Y(21/22) vtstat=294/332ms tc=Y drp=0mm tcq=0
15:15:14.638 [ISOBUS] addr=0x81 claimed=Y load=14.0% msgs=5859 aiso=296(317819ms) xte=0.00m spd=0.00m/s q=0 ggaAge=9 vtgAge=8 xteAge=317819 xteraw=80:510302FF0D080AFF vt=Y(21/22) vtstat=295/331ms tc=Y drp=0mm tcq=0
15:15:15.651 [ISOBUS] addr=0x81 claimed=Y load=14.2% msgs=5900 aiso=297(318819ms) xte=0.00m spd=0.00m/s q=0 ggaAge=8 vtgAge=7 xteAge=318819 xteraw=80:510302FF0D080AFF vt=Y(21/22) vtstat=296/331ms tc=Y drp=0mm tcq=0
15:15:16.645 [ISOBUS] addr=0x81 claimed=Y load=14.0% msgs=5941 aiso=298(319819ms) xte=0.00m spd=0.00m/s q=0 ggaAge=9 vtgAge=8 xteAge=319819 xteraw=80:510302FF0D080AFF vt=Y(21/22) vtstat=297/330ms tc=Y drp=0mm tcq=0
15:15:17.660 [ISOBUS] addr=0x81 claimed=Y load=14.2% msgs=5982 aiso=299(320819ms) xte=0.00m spd=0.00m/s q=0 ggaAge=9 vtgAge=9 xteAge=320819 xteraw=80:510302FF0D080AFF vt=Y(21/22) vtstat=298/330ms tc=Y drp=0mm tcq=0
15:15:18.644 [ISOBUS] addr=0x81 claimed=Y load=14.0% msgs=6023 aiso=300(321819ms) xte=0.00m spd=0.00m/s q=0 ggaAge=9 vtgAge=8 xteAge=321819 xteraw=80:510302FF0D080AFF vt=Y(21/22) vtstat=299/330ms tc=Y drp=0mm tcq=0
15:15:19.637 [ISOBUS] addr=0x81 claimed=Y load=14.2% msgs=6064 aiso=301(322819ms) xte=0.00m spd=0.00m/s q=0 ggaAge=9 vtgAge=8 xteAge=322819 xteraw=80:510302FF0D080AFF vt=Y(21/22) vtstat=300/329ms tc=Y drp=0mm tcq=0
15:15:20.670 [ISOBUS] addr=0x81 claimed=Y load=14.0% msgs=6105 aiso=302(323819ms) xte=0.00m spd=0.00m/s q=0 ggaAge=9 vtgAge=8 xteAge=323819 xteraw=80:510302FF0D080AFF vt=Y(21/22) vtstat=301/329ms tc=Y drp=0mm tcq=0
15:15:21.654 [ISOBUS] addr=0x81 claimed=Y load=14.2% msgs=6146 aiso=303(324819ms) xte=0.00m spd=0.00m/s q=0 ggaAge=8 vtgAge=7 xteAge=324819 xteraw=80:510302FF0D080AFF vt=Y(21/22) vtstat=302/329ms tc=Y drp=0mm tcq=0
15:15:22.645 [ISOBUS] addr=0x81 claimed=Y load=14.5% msgs=6191 aiso=304(325819ms) xte=0.00m spd=0.00m/s q=0 ggaAge=7 vtgAge=7 xteAge=325819 xteraw=80:510302FF0D080AFF vt=Y(21/22) vtstat=303/327ms tc=Y drp=0mm tcq=0
15:15:23.648 [ISOBUS] addr=0x81 claimed=Y load=14.2% msgs=6232 aiso=305(326819ms) xte=0.00m spd=0.00m/s q=0 ggaAge=9 vtgAge=8 xteAge=326819 xteraw=80:510302FF0D080AFF vt=Y(21/22) vtstat=304/327ms tc=Y drp=0mm tcq=0
15:15:24.639 [ISOBUS] addr=0x81 claimed=Y load=14.0% msgs=6273 aiso=306(327819ms) xte=0.00m spd=0.00m/s q=0 ggaAge=8 vtgAge=7 xteAge=327819 xteraw=80:510302FF0D080AFF vt=Y(21/22) vtstat=305/327ms tc=Y drp=0mm tcq=0
15:15:25.656 [ISOBUS] addr=0x81 claimed=Y load=14.2% msgs=6314 aiso=307(328819ms) xte=0.00m spd=0.00m/s q=0 ggaAge=9 vtgAge=8 xteAge=328819 xteraw=80:510302FF0D080AFF vt=Y(21/22) vtstat=306/327ms tc=Y drp=0mm tcq=0
15:15:26.654 [ISOBUS] addr=0x81 claimed=Y load=14.0% msgs=6355 aiso=308(329819ms) xte=0.00m spd=0.00m/s q=0 ggaAge=9 vtgAge=8 xteAge=329819 xteraw=80:510302FF0D080AFF vt=Y(21/22) vtstat=307/326ms tc=Y drp=0mm tcq=0
15:15:27.642 [ISOBUS] addr=0x81 claimed=Y load=14.2% msgs=6396 aiso=309(330819ms) xte=0.00m spd=0.00m/s q=0 ggaAge=7 vtgAge=7 xteAge=330819 xteraw=80:510302FF0D080AFF vt=Y(21/22) vtstat=308/326ms tc=Y drp=0mm tcq=0
15:15:28.666 [ISOBUS] addr=0x81 claimed=Y load=14.0% msgs=6437 aiso=310(331819ms) xte=0.00m spd=0.00m/s q=0 ggaAge=9 vtgAge=8 xteAge=331819 xteraw=80:510302FF0D080AFF vt=Y(21/22) vtstat=309/326ms tc=Y drp=0mm tcq=0
15:15:29.666 [ISOBUS] addr=0x81 claimed=Y load=14.2% msgs=6478 aiso=311(332819ms) xte=0.00m spd=0.00m/s q=0 ggaAge=9 vtgAge=8 xteAge=332819 xteraw=80:510302FF0D080AFF vt=Y(21/22) vtstat=310/325ms tc=Y drp=0mm tcq=0
15:15:30.638 [ISOBUS] addr=0x81 claimed=Y load=14.0% msgs=6519 aiso=312(333819ms) xte=0.00m spd=0.00m/s q=0 ggaAge=8 vtgAge=7 xteAge=333819 xteraw=80:510302FF0D080AFF vt=Y(21/22) vtstat=311/325ms tc=Y drp=0mm tcq=0
15:15:31.666 [ISOBUS] addr=0x81 claimed=Y load=14.2% msgs=6560 aiso=313(334819ms) xte=0.00m spd=0.00m/s q=0 ggaAge=8 vtgAge=7 xteAge=334819 xteraw=80:510302FF0D080AFF vt=Y(21/22) vtstat=312/325ms tc=Y drp=0mm tcq=0
15:15:32.638 [ISOBUS] addr=0x81 claimed=Y load=14.5% msgs=6605 aiso=314(335819ms) xte=0.00m spd=0.00m/s q=0 ggaAge=8 vtgAge=7 xteAge=335819 xteraw=80:510302FF0D080AFF vt=Y(21/22) vtstat=313/324ms tc=Y drp=0mm tcq=0
15:15:33.639 [ISOBUS] addr=0x81 claimed=Y load=14.2% msgs=6646 aiso=315(336819ms) xte=0.00m spd=0.00m/s q=0 ggaAge=8 vtgAge=7 xteAge=336819 xteraw=80:510302FF0D080AFF vt=Y(21/22) vtstat=314/324ms tc=Y drp=0mm tcq=0
15:15:34.652 [ISOBUS] addr=0x81 claimed=Y load=14.0% msgs=6687 aiso=316(337819ms) xte=0.00m spd=0.00m/s q=0 ggaAge=9 vtgAge=8 xteAge=337819 xteraw=80:510302FF0D080AFF vt=Y(21/22) vtstat=315/324ms tc=Y drp=0mm tcq=0
15:15:35.661 [ISOBUS] addr=0x81 claimed=Y load=14.2% msgs=6728 aiso=317(338819ms) xte=0.00m spd=0.00m/s q=0 ggaAge=7 vtgAge=7 xteAge=338819 xteraw=80:510302FF0D080AFF vt=Y(21/22) vtstat=316/323ms tc=Y drp=0mm tcq=0
15:15:36.657 [ISOBUS] addr=0x81 claimed=Y load=14.0% msgs=6769 aiso=318(339819ms) xte=0.00m spd=0.00m/s q=0 ggaAge=8 vtgAge=7 xteAge=339819 xteraw=80:510302FF0D080AFF vt=Y(21/22) vtstat=317/323ms tc=Y drp=0mm tcq=0
15:15:37.659 [ISOBUS] addr=0x81 claimed=Y load=14.2% msgs=6810 aiso=319(340819ms) xte=0.00m spd=0.00m/s q=0 ggaAge=8 vtgAge=7 xteAge=340819 xteraw=80:510302FF0D080AFF vt=Y(21/22) vtstat=318/322ms tc=Y drp=0mm tcq=0
15:15:38.661 [ISOBUS] addr=0x81 claimed=Y load=14.0% msgs=6851 aiso=320(341819ms) xte=0.00m spd=0.00m/s q=0 ggaAge=9 vtgAge=8 xteAge=341819 xteraw=80:510302FF0D080AFF vt=Y(21/22) vtstat=319/322ms tc=Y drp=0mm tcq=0
15:15:39.662 [ISOBUS] addr=0x81 claimed=Y load=14.2% msgs=6892 aiso=321(342819ms) xte=0.00m spd=0.00m/s q=0 ggaAge=7 vtgAge=6 xteAge=342819 xteraw=80:510302FF0D080AFF vt=Y(21/22) vtstat=320/322ms tc=Y drp=0mm tcq=0
15:15:40.639 [ISOBUS] addr=0x81 claimed=Y load=14.0% msgs=6933 aiso=322(343819ms) xte=0.00m spd=0.00m/s q=0 ggaAge=9 vtgAge=8 xteAge=343819 xteraw=80:510302FF0D080AFF vt=Y(21/22) vtstat=321/321ms tc=Y drp=0mm tcq=0
15:15:41.645 [ISOBUS] addr=0x81 claimed=Y load=14.2% msgs=6974 aiso=323(344819ms) xte=0.00m spd=0.00m/s q=0 ggaAge=8 vtgAge=7 xteAge=344819 xteraw=80:510302FF0D080AFF vt=Y(21/22) vtstat=322/321ms tc=Y drp=0mm tcq=0
15:15:42.670 [ISOBUS] addr=0x81 claimed=Y load=14.5% msgs=7019 aiso=324(345819ms) xte=0.00m spd=0.00m/s q=0 ggaAge=8 vtgAge=7 xteAge=345819 xteraw=80:510302FF0D080AFF vt=Y(21/22) vtstat=323/321ms tc=Y drp=0mm tcq=0
15:15:43.660 [ISOBUS] addr=0x81 claimed=Y load=14.2% msgs=7060 aiso=325(346819ms) xte=0.00m spd=0.00m/s q=0 ggaAge=8 vtgAge=8 xteAge=346819 xteraw=80:510302FF0D080AFF vt=Y(21/22) vtstat=324/320ms tc=Y drp=0mm tcq=0
15:15:44.652 [ISOBUS] addr=0x81 claimed=Y load=14.0% msgs=7101 aiso=326(347819ms) xte=0.00m spd=0.00m/s q=0 ggaAge=9 vtgAge=8 xteAge=347819 xteraw=80:510302FF0D080AFF vt=Y(21/22) vtstat=325/320ms tc=Y drp=0mm tcq=0
15:15:45.669 [ISOBUS] addr=0x81 claimed=Y load=14.2% msgs=7142 aiso=327(348819ms) xte=0.00m spd=0.00m/s q=0 ggaAge=8 vtgAge=7 xteAge=348819 xteraw=80:510302FF0D080AFF vt=Y(21/22) vtstat=326/320ms tc=Y drp=0mm tcq=0
15:15:46.650 [ISOBUS] addr=0x81 claimed=Y load=14.0% msgs=7183 aiso=328(349819ms) xte=0.00m spd=0.00m/s q=0 ggaAge=8 vtgAge=7 xteAge=349819 xteraw=80:510302FF0D080AFF vt=Y(21/22) vtstat=327/319ms tc=Y drp=0mm tcq=0
15:15:47.658 [ISOBUS] addr=0x81 claimed=Y load=14.2% msgs=7224 aiso=329(350819ms) xte=0.00m spd=0.00m/s q=0 ggaAge=7 vtgAge=7 xteAge=350819 xteraw=80:510302FF0D080AFF vt=Y(21/22) vtstat=328/319ms tc=Y drp=0mm tcq=0
15:15:48.656 [ISOBUS] addr=0x81 claimed=Y load=14.0% msgs=7265 aiso=330(351819ms) xte=0.00m spd=0.00m/s q=0 ggaAge=9 vtgAge=8 xteAge=351819 xteraw=80:510302FF0D080AFF vt=Y(21/22) vtstat=329/319ms tc=Y drp=0mm tcq=0
15:15:49.659 [ISOBUS] addr=0x81 claimed=Y load=14.2% msgs=7306 aiso=331(352819ms) xte=0.00m spd=0.00m/s q=0 ggaAge=8 vtgAge=7 xteAge=352819 xteraw=80:510302FF0D080AFF vt=Y(21/22) vtstat=330/318ms tc=Y drp=0mm tcq=0
15:15:50.661 [ISOBUS] addr=0x81 claimed=Y load=14.0% msgs=7347 aiso=332(353819ms) xte=0.00m spd=0.00m/s q=0 ggaAge=9 vtgAge=8 xteAge=353819 xteraw=80:510302FF0D080AFF vt=Y(21/22) vtstat=331/318ms tc=Y drp=0mm tcq=0
15:15:51.651 [ISOBUS] addr=0x81 claimed=Y load=14.2% msgs=7388 aiso=333(354819ms) xte=0.00m spd=0.00m/s q=0 ggaAge=8 vtgAge=7 xteAge=354819 xteraw=80:510302FF0D080AFF vt=Y(21/22) vtstat=332/317ms tc=Y drp=0mm tcq=0
15:15:52.668 [ISOBUS] addr=0x81 claimed=Y load=14.5% msgs=7433 aiso=334(355819ms) xte=0.00m spd=0.00m/s q=0 ggaAge=8 vtgAge=7 xteAge=355819 xteraw=80:510302FF0D080AFF vt=Y(21/22) vtstat=333/317ms tc=Y drp=0mm tcq=0
15:15:53.644 [ISOBUS] addr=0x81 claimed=Y load=14.2% msgs=7474 aiso=335(356819ms) xte=0.00m spd=0.00m/s q=0 ggaAge=8 vtgAge=7 xteAge=356819 xteraw=80:510302FF0D080AFF vt=Y(21/22) vtstat=334/317ms tc=Y drp=0mm tcq=0
15:15:54.667 [ISOBUS] addr=0x81 claimed=Y load=14.0% msgs=7515 aiso=336(357819ms) xte=0.00m spd=0.00m/s q=0 ggaAge=8 vtgAge=8 xteAge=357819 xteraw=80:510302FF0D080AFF vt=Y(21/22) vtstat=335/317ms tc=Y drp=0mm tcq=0
15:15:55.644 [ISOBUS] addr=0x81 claimed=Y load=14.2% msgs=7556 aiso=337(358819ms) xte=0.00m spd=0.00m/s q=0 ggaAge=8 vtgAge=7 xteAge=358819 xteraw=80:510302FF0D080AFF vt=Y(21/22) vtstat=336/316ms tc=Y drp=0mm tcq=0
15:15:56.656 [ISOBUS] addr=0x81 claimed=Y load=14.0% msgs=7597 aiso=338(359819ms) xte=0.00m spd=0.00m/s q=0 ggaAge=9 vtgAge=8 xteAge=359819 xteraw=80:510302FF0D080AFF vt=Y(21/22) vtstat=337/316ms tc=Y drp=0mm tcq=0
15:15:57.644 [ISOBUS] addr=0x81 claimed=Y load=14.2% msgs=7638 aiso=339(360819ms) xte=0.00m spd=0.00m/s q=0 ggaAge=8 vtgAge=7 xteAge=360819 xteraw=80:510302FF0D080AFF vt=Y(21/22) vtstat=338/316ms tc=Y drp=0mm tcq=0
15:15:58.671 [ISOBUS] addr=0x81 claimed=Y load=14.0% msgs=7679 aiso=340(361819ms) xte=0.00m spd=0.00m/s q=0 ggaAge=8 vtgAge=7 xteAge=361819 xteraw=80:510302FF0D080AFF vt=Y(21/22) vtstat=339/315ms tc=Y drp=0mm tcq=0
15:15:59.641 [ISOBUS] addr=0x81 claimed=Y load=14.2% msgs=7720 aiso=341(362819ms) xte=0.00m spd=0.00m/s q=0 ggaAge=8 vtgAge=8 xteAge=362819 xteraw=80:510302FF0D080AFF vt=Y(21/22) vtstat=340/315ms tc=Y drp=0mm tcq=0
15:16:00.650 [ISOBUS] addr=0x81 claimed=Y load=14.0% msgs=7761 aiso=342(363819ms) xte=0.00m spd=0.00m/s q=0 ggaAge=9 vtgAge=8 xteAge=363819 xteraw=80:510302FF0D080AFF vt=Y(21/22) vtstat=341/314ms tc=Y drp=0mm tcq=0
15:16:01.653 [ISOBUS] addr=0x81 claimed=Y load=14.2% msgs=7802 aiso=343(364819ms) xte=0.00m spd=0.00m/s q=0 ggaAge=8 vtgAge=7 xteAge=364819 xteraw=80:510302FF0D080AFF vt=Y(21/22) vtstat=342/314ms tc=Y drp=0mm tcq=0
15:16:02.645 [ISOBUS] addr=0x81 claimed=Y load=14.5% msgs=7847 aiso=344(365819ms) xte=0.00m spd=0.00m/s q=0 ggaAge=8 vtgAge=8 xteAge=365819 xteraw=80:510302FF0D080AFF vt=Y(21/22) vtstat=343/314ms tc=Y drp=0mm tcq=0
15:16:03.662 [ISOBUS] addr=0x81 claimed=Y load=14.2% msgs=7888 aiso=345(366819ms) xte=0.00m spd=0.00m/s q=0 ggaAge=8 vtgAge=8 xteAge=366819 xteraw=80:510302FF0D080AFF vt=Y(21/22) vtstat=344/313ms tc=Y drp=0mm tcq=0
15:16:04.669 [ISOBUS] addr=0x81 claimed=Y load=14.0% msgs=7929 aiso=346(367819ms) xte=0.00m spd=0.00m/s q=0 ggaAge=7 vtgAge=6 xteAge=367819 xteraw=80:510302FF0D080AFF vt=Y(21/22) vtstat=345/313ms tc=Y drp=0mm tcq=0
15:16:05.645 [ISOBUS] addr=0x81 claimed=Y load=14.2% msgs=7970 aiso=347(368819ms) xte=0.00m spd=0.00m/s q=0 ggaAge=8 vtgAge=7 xteAge=368819 xteraw=80:510302FF0D080AFF vt=Y(21/22) vtstat=346/313ms tc=Y drp=0mm tcq=0
15:16:06.640 [ISOBUS] addr=0x81 claimed=Y load=14.0% msgs=8011 aiso=348(369819ms) xte=0.00m spd=0.00m/s q=0 ggaAge=9 vtgAge=8 xteAge=369819 xteraw=80:510302FF0D080AFF vt=Y(21/22) vtstat=347/312ms tc=Y drp=0mm tcq=0
15:16:07.657 [ISOBUS] addr=0x81 claimed=Y load=14.2% msgs=8052 aiso=349(370819ms) xte=0.00m spd=0.00m/s q=0 ggaAge=8 vtgAge=8 xteAge=370819 xteraw=80:510302FF0D080AFF vt=Y(21/22) vtstat=348/312ms tc=Y drp=0mm tcq=0
15:16:08.641 [ISOBUS] addr=0x81 claimed=Y load=14.0% msgs=8093 aiso=350(371819ms) xte=0.00m spd=0.00m/s q=0 ggaAge=8 vtgAge=7 xteAge=371819 xteraw=80:510302FF0D080AFF vt=Y(21/22) vtstat=349/312ms tc=Y drp=0mm tcq=0
15:16:09.661 [ISOBUS] addr=0x81 claimed=Y load=14.1% msgs=8132 aiso=351(372819ms) xte=0.00m spd=0.00m/s q=0 ggaAge=8 vtgAge=108 xteAge=372819 xteraw=80:510302FF0D080AFF vt=Y(21/22) vtstat=350/311ms tc=Y drp=0mm tcq=0
15:16:10.655 [ISOBUS] addr=0x81 claimed=Y load=14.1% msgs=8175 aiso=352(373819ms) xte=0.00m spd=0.00m/s q=0 ggaAge=8 vtgAge=7 xteAge=373819 xteraw=80:510302FF0D080AFF vt=Y(21/22) vtstat=351/311ms tc=Y drp=0mm tcq=0
15:16:11.652 [ISOBUS] addr=0x81 claimed=Y load=14.2% msgs=8216 aiso=353(374819ms) xte=0.00m spd=0.00m/s q=0 ggaAge=8 vtgAge=7 xteAge=374819 xteraw=80:510302FF0D080AFF vt=Y(21/22) vtstat=352/311ms tc=Y drp=0mm tcq=0
15:16:12.649 [ISOBUS] addr=0x81 claimed=Y load=14.5% msgs=8261 aiso=354(375819ms) xte=0.00m spd=0.00m/s q=0 ggaAge=7 vtgAge=6 xteAge=375819 xteraw=80:510302FF0D080AFF vt=Y(21/22) vtstat=353/310ms tc=Y drp=0mm tcq=0
15:16:13.662 [ISOBUS] addr=0x81 claimed=Y load=14.2% msgs=8302 aiso=355(376819ms) xte=0.00m spd=0.00m/s q=0 ggaAge=7 vtgAge=6 xteAge=376819 xteraw=80:510302FF0D080AFF vt=Y(21/22) vtstat=354/310ms tc=Y drp=0mm tcq=0
15:16:14.662 [ISOBUS] addr=0x81 claimed=Y load=14.0% msgs=8343 aiso=356(377819ms) xte=0.00m spd=0.00m/s q=0 ggaAge=8 vtgAge=7 xteAge=377819 xteraw=80:510302FF0D080AFF vt=Y(21/22) vtstat=355/310ms tc=Y drp=0mm tcq=0
15:16:15.644 [ISOBUS] addr=0x81 claimed=Y load=14.2% msgs=8384 aiso=357(378819ms) xte=0.00m spd=0.00m/s q=0 ggaAge=8 vtgAge=8 xteAge=378819 xteraw=80:510302FF0D080AFF vt=Y(21/22) vtstat=356/309ms tc=Y drp=0mm tcq=0
15:16:16.665 [ISOBUS] addr=0x81 claimed=Y load=14.0% msgs=8425 aiso=358(379819ms) xte=0.00m spd=0.00m/s q=0 ggaAge=8 vtgAge=8 xteAge=379819 xteraw=80:510302FF0D080AFF vt=Y(21/22) vtstat=357/309ms tc=Y drp=0mm tcq=0
15:16:17.651 [ISOBUS] addr=0x81 claimed=Y load=14.2% msgs=8466 aiso=359(380819ms) xte=0.00m spd=0.00m/s q=0 ggaAge=7 vtgAge=6 xteAge=380819 xteraw=80:510302FF0D080AFF vt=Y(21/22) vtstat=358/308ms tc=Y drp=0mm tcq=0
15:16:18.666 [ISOBUS] addr=0x81 claimed=Y load=14.0% msgs=8507 aiso=360(381819ms) xte=0.00m spd=0.00m/s q=0 ggaAge=8 vtgAge=7 xteAge=381819 xteraw=80:510302FF0D080AFF vt=Y(21/22) vtstat=359/308ms tc=Y drp=0mm tcq=0
15:16:19.653 [ISOBUS] addr=0x81 claimed=Y load=14.2% msgs=8548 aiso=361(382819ms) xte=0.00m spd=0.00m/s q=0 ggaAge=7 vtgAge=7 xteAge=382819 xteraw=80:510302FF0D080AFF vt=Y(21/22) vtstat=360/305ms tc=Y drp=0mm tcq=0
15:16:20.639 [ISOBUS] addr=0x81 claimed=Y load=14.0% msgs=8589 aiso=362(383819ms) xte=0.00m spd=0.00m/s q=0 ggaAge=8 vtgAge=6 xteAge=383819 xteraw=80:510302FF0D080AFF vt=Y(21/22) vtstat=361/306ms tc=Y drp=0mm tcq=0
15:16:21.650 [ISOBUS] addr=0x81 claimed=Y load=14.2% msgs=8630 aiso=363(384819ms) xte=0.00m spd=0.00m/s q=0 ggaAge=6 vtgAge=6 xteAge=384819 xteraw=80:510302FF0D080AFF vt=Y(21/22) vtstat=362/304ms tc=Y drp=0mm tcq=0
15:16:22.661 [ISOBUS] addr=0x81 claimed=Y load=14.5% msgs=8675 aiso=364(385819ms) xte=0.00m spd=0.00m/s q=0 ggaAge=8 vtgAge=7 xteAge=385819 xteraw=80:510302FF0D080AFF vt=Y(21/22) vtstat=363/306ms tc=Y drp=0mm tcq=0
15:16:23.668 [ISOBUS] addr=0x81 claimed=Y load=14.2% msgs=8716 aiso=365(386819ms) xte=0.00m spd=0.00m/s q=0 ggaAge=8 vtgAge=7 xteAge=386819 xteraw=80:510302FF0D080AFF vt=Y(21/22) vtstat=364/306ms tc=Y drp=0mm tcq=0
15:16:24.650 [ISOBUS] addr=0x81 claimed=Y load=14.0% msgs=8757 aiso=366(387819ms) xte=0.00m spd=0.00m/s q=0 ggaAge=8 vtgAge=7 xteAge=387819 xteraw=80:510302FF0D080AFF vt=Y(21/22) vtstat=365/306ms tc=Y drp=0mm tcq=0
15:16:25.667 [ISOBUS] addr=0x81 claimed=Y load=14.2% msgs=8798 aiso=367(388819ms) xte=0.00m spd=0.00m/s q=0 ggaAge=7 vtgAge=7 xteAge=388819 xteraw=80:510302FF0D080AFF vt=Y(21/22) vtstat=366/305ms tc=Y drp=0mm tcq=0
15:16:26.661 [ISOBUS] addr=0x81 claimed=Y load=14.0% msgs=8839 aiso=368(389819ms) xte=0.00m spd=0.00m/s q=0 ggaAge=8 vtgAge=7 xteAge=389819 xteraw=80:510302FF0D080AFF vt=Y(21/22) vtstat=367/304ms tc=Y drp=0mm tcq=0
15:16:27.660 [ISOBUS] addr=0x81 claimed=Y load=14.2% msgs=8880 aiso=369(390819ms) xte=0.00m spd=0.00m/s q=0 ggaAge=8 vtgAge=7 xteAge=390819 xteraw=80:510302FF0D080AFF vt=Y(21/22) vtstat=368/304ms tc=Y drp=0mm tcq=0
15:16:28.653 [ISOBUS] addr=0x81 claimed=Y load=14.0% msgs=8921 aiso=370(391819ms) xte=0.00m spd=0.00m/s q=0 ggaAge=8 vtgAge=8 xteAge=391819 xteraw=80:510302FF0D080AFF vt=Y(21/22) vtstat=369/304ms tc=Y drp=0mm tcq=0
15:16:29.640 [ISOBUS] addr=0x81 claimed=Y load=14.2% msgs=8962 aiso=371(392819ms) xte=0.00m spd=0.00m/s q=0 ggaAge=8 vtgAge=8 xteAge=392819 xteraw=80:510302FF0D080AFF vt=Y(21/22) vtstat=370/303ms tc=Y drp=0mm tcq=0
15:16:30.656 [ISOBUS] addr=0x81 claimed=Y load=14.0% msgs=9003 aiso=372(393819ms) xte=0.00m spd=0.00m/s q=0 ggaAge=8 vtgAge=7 xteAge=393819 xteraw=80:510302FF0D080AFF vt=Y(21/22) vtstat=371/303ms tc=Y drp=0mm tcq=0
15:16:31.654 [ISOBUS] addr=0x81 claimed=Y load=14.2% msgs=9043 aiso=373(394819ms) xte=0.00m spd=0.00m/s q=0 ggaAge=8 vtgAge=7 xteAge=394819 xteraw=80:510302FF0D080AFF vt=Y(21/22) vtstat=372/303ms tc=Y drp=0mm tcq=0
15:16:32.671 [ISOBUS] addr=0x81 claimed=Y load=14.6% msgs=9089 aiso=374(395819ms) xte=0.00m spd=0.00m/s q=0 ggaAge=8 vtgAge=7 xteAge=395819 xteraw=80:510302FF0D080AFF vt=Y(21/22) vtstat=373/302ms tc=Y drp=0mm tcq=0
15:16:33.639 [ISOBUS] addr=0x81 claimed=Y load=14.2% msgs=9130 aiso=375(396819ms) xte=0.00m spd=0.00m/s q=0 ggaAge=8 vtgAge=7 xteAge=396819 xteraw=80:510302FF0D080AFF vt=Y(21/22) vtstat=374/302ms tc=Y drp=0mm tcq=0
15:16:34.660 [ISOBUS] addr=0x81 claimed=Y load=14.0% msgs=9171 aiso=376(397819ms) xte=0.00m spd=0.00m/s q=0 ggaAge=8 vtgAge=7 xteAge=397819 xteraw=80:510302FF0D080AFF vt=Y(21/22) vtstat=375/302ms tc=Y drp=0mm tcq=0
15:16:35.645 [ISOBUS] addr=0x81 claimed=Y load=14.2% msgs=9212 aiso=377(398819ms) xte=0.00m spd=0.00m/s q=0 ggaAge=8 vtgAge=8 xteAge=398819 xteraw=80:510302FF0D080AFF vt=Y(21/22) vtstat=376/301ms tc=Y drp=0mm tcq=0
15:16:36.669 [ISOBUS] addr=0x81 claimed=Y load=14.0% msgs=9253 aiso=378(399819ms) xte=0.00m spd=0.00m/s q=0 ggaAge=8 vtgAge=7 xteAge=399819 xteraw=80:510302FF0D080AFF vt=Y(21/22) vtstat=377/301ms tc=Y drp=0mm tcq=0
15:16:37.655 [ISOBUS] addr=0x81 claimed=Y load=14.2% msgs=9294 aiso=379(400819ms) xte=0.00m spd=0.00m/s q=0 ggaAge=8 vtgAge=7 xteAge=400819 xteraw=80:510302FF0D080AFF vt=Y(21/22) vtstat=378/301ms tc=Y drp=0mm tcq=0
15:16:38.660 [ISOBUS] addr=0x81 claimed=Y load=14.0% msgs=9335 aiso=380(401819ms) xte=0.00m spd=0.00m/s q=0 ggaAge=8 vtgAge=8 xteAge=401819 xteraw=80:510302FF0D080AFF vt=Y(21/22) vtstat=379/300ms tc=Y drp=0mm tcq=0
15:16:39.659 [ISOBUS] addr=0x81 claimed=Y load=14.2% msgs=9376 aiso=381(402819ms) xte=0.00m spd=0.00m/s q=0 ggaAge=8 vtgAge=7 xteAge=402819 xteraw=80:510302FF0D080AFF vt=Y(21/22) vtstat=380/300ms tc=Y drp=0mm tcq=0
15:16:40.650 [ISOBUS] addr=0x81 claimed=Y load=14.0% msgs=9417 aiso=382(403819ms) xte=0.00m spd=0.00m/s q=0 ggaAge=7 vtgAge=7 xteAge=403819 xteraw=80:510302FF0D080AFF vt=Y(21/22) vtstat=381/300ms tc=Y drp=0mm tcq=0
15:16:41.667 [ISOBUS] addr=0x81 claimed=Y load=14.2% msgs=9458 aiso=383(404819ms) xte=0.00m spd=0.00m/s q=0 ggaAge=8 vtgAge=7 xteAge=404819 xteraw=80:510302FF0D080AFF vt=Y(21/22) vtstat=382/299ms tc=Y drp=0mm tcq=0
15:16:42.657 [ISOBUS] addr=0x81 claimed=Y load=14.5% msgs=9503 aiso=384(405819ms) xte=0.00m spd=0.00m/s q=0 ggaAge=7 vtgAge=7 xteAge=405819 xteraw=80:510302FF0D080AFF vt=Y(21/22) vtstat=383/299ms tc=Y drp=0mm tcq=0
15:16:43.648 [ISOBUS] addr=0x81 claimed=Y load=14.2% msgs=9544 aiso=385(406819ms) xte=0.00m spd=0.00m/s q=0 ggaAge=8 vtgAge=7 xteAge=406819 xteraw=80:510302FF0D080AFF vt=Y(21/22) vtstat=384/299ms tc=Y drp=0mm tcq=0
15:16:44.669 [ISOBUS] addr=0x81 claimed=Y load=14.0% msgs=9585 aiso=386(407819ms) xte=0.00m spd=0.00m/s q=0 ggaAge=8 vtgAge=8 xteAge=407819 xteraw=80:510302FF0D080AFF vt=Y(21/22) vtstat=385/298ms tc=Y drp=0mm tcq=0
15:16:45.652 [ISOBUS] addr=0x81 claimed=Y load=14.2% msgs=9626 aiso=387(408819ms) xte=0.00m spd=0.00m/s q=0 ggaAge=7 vtgAge=7 xteAge=408819 xteraw=80:510302FF0D080AFF vt=Y(21/22) vtstat=386/298ms tc=Y drp=0mm tcq=0
15:16:46.098 I] [NM]: Control function with address 205 and NAME 000000000000000lx is now offline on channel 198344577.
15:16:46.653 [ISOBUS] addr=0x81 claimed=Y load=14.0% msgs=9667 aiso=388(409819ms) xte=0.00m spd=0.00m/s q=0 ggaAge=7 vtgAge=7 xteAge=409819 xteraw=80:510302FF0D080AFF vt=Y(21/22) vtstat=387/298ms tc=Y drp=0mm tcq=0
15:16:47.361 I] [NM]: External control function with name 000000000000000lx has claimed address 198344577 on channel 2684363008.
15:16:47.660 [ISOBUS] addr=0x81 claimed=Y load=14.2% msgs=9708 aiso=389(410819ms) xte=0.00m spd=0.00m/s q=0 ggaAge=7 vtgAge=6 xteAge=410819 xteraw=80:510302FF0D080AFF vt=Y(21/22) vtstat=388/297ms tc=Y drp=0mm tcq=0
15:16:48.680 [ISOBUS] addr=0x81 claimed=Y load=14.0% msgs=9749 aiso=390(411819ms) xte=0.00m spd=0.00m/s q=0 ggaAge=8 vtgAge=7 xteAge=411819 xteraw=80:510302FF0D080AFF vt=Y(21/22) vtstat=389/297ms tc=Y drp=0mm tcq=0
15:16:49.643 [ISOBUS] addr=0x81 claimed=Y load=14.2% msgs=9790 aiso=391(412819ms) xte=0.00m spd=0.00m/s q=0 ggaAge=8 vtgAge=7 xteAge=412819 xteraw=80:510302FF0D080AFF vt=Y(21/22) vtstat=390/297ms tc=Y drp=0mm tcq=0
15:16:50.642 [ISOBUS] addr=0x81 claimed=Y load=14.0% msgs=9831 aiso=392(413819ms) xte=0.00m spd=0.00m/s q=0 ggaAge=7 vtgAge=7 xteAge=413819 xteraw=80:510302FF0D080AFF vt=Y(21/22) vtstat=391/297ms tc=Y drp=0mm tcq=0
15:16:51.646 [ISOBUS] addr=0x81 claimed=Y load=14.2% msgs=9872 aiso=393(414819ms) xte=0.00m spd=0.00m/s q=0 ggaAge=8 vtgAge=8 xteAge=414819 xteraw=80:510302FF0D080AFF vt=Y(21/22) vtstat=392/296ms tc=Y drp=0mm tcq=0
15:16:52.640 [ISOBUS] addr=0x81 claimed=Y load=14.5% msgs=9917 aiso=394(415819ms) xte=0.00m spd=0.00m/s q=0 ggaAge=8 vtgAge=7 xteAge=415819 xteraw=80:510302FF0D080AFF vt=Y(21/22) vtstat=393/296ms tc=Y drp=0mm tcq=0
15:16:53.649 [ISOBUS] addr=0x81 claimed=Y load=14.2% msgs=9958 aiso=395(416819ms) xte=0.00m spd=0.00m/s q=0 ggaAge=7 vtgAge=7 xteAge=416819 xteraw=80:510302FF0D080AFF vt=Y(21/22) vtstat=394/295ms tc=Y drp=0mm tcq=0
15:16:54.668 [ISOBUS] addr=0x81 claimed=Y load=14.0% msgs=9999 aiso=396(417819ms) xte=0.00m spd=0.00m/s q=0 ggaAge=7 vtgAge=6 xteAge=417819 xteraw=80:510302FF0D080AFF vt=Y(21/22) vtstat=395/295ms tc=Y drp=0mm tcq=0
15:16:55.652 [ISOBUS] addr=0x81 claimed=Y load=14.2% msgs=10040 aiso=397(418819ms) xte=0.00m spd=0.00m/s q=0 ggaAge=7 vtgAge=6 xteAge=418819 xteraw=80:510302FF0D080AFF vt=Y(21/22) vtstat=396/295ms tc=Y drp=0mm tcq=0
15:16:56.649 [ISOBUS] addr=0x81 claimed=Y load=14.0% msgs=10081 aiso=398(419819ms) xte=0.00m spd=0.00m/s q=0 ggaAge=7 vtgAge=6 xteAge=419819 xteraw=80:510302FF0D080AFF vt=Y(21/22) vtstat=397/294ms tc=Y drp=0mm tcq=0
15:16:57.650 [ISOBUS] addr=0x81 claimed=Y load=14.3% msgs=10122 aiso=399(420819ms) xte=0.00m spd=0.00m/s q=0 ggaAge=8 vtgAge=7 xteAge=420819 xteraw=80:510302FF0D080AFF vt=Y(21/22) vtstat=398/294ms tc=Y drp=0mm tcq=0
15:16:58.657 [ISOBUS] addr=0x81 claimed=Y load=14.0% msgs=10163 aiso=400(421819ms) xte=0.00m spd=0.00m/s q=0 ggaAge=8 vtgAge=7 xteAge=421819 xteraw=80:510302FF0D080AFF vt=Y(21/22) vtstat=399/294ms tc=Y drp=0mm tcq=0
15:16:59.664 [ISOBUS] addr=0x81 claimed=Y load=14.2% msgs=10204 aiso=401(422819ms) xte=0.00m spd=0.00m/s q=0 ggaAge=7 vtgAge=7 xteAge=422819 xteraw=80:510302FF0D080AFF vt=Y(21/22) vtstat=400/293ms tc=Y drp=0mm tcq=0
15:17:00.667 [ISOBUS] addr=0x81 claimed=Y load=14.0% msgs=10245 aiso=402(423819ms) xte=0.00m spd=0.00m/s q=0 ggaAge=8 vtgAge=7 xteAge=423819 xteraw=80:510302FF0D080AFF vt=Y(21/22) vtstat=401/293ms tc=Y drp=0mm tcq=0
15:17:01.641 [ISOBUS] addr=0x81 claimed=Y load=14.2% msgs=10286 aiso=403(424819ms) xte=0.00m spd=0.00m/s q=0 ggaAge=7 vtgAge=7 xteAge=424819 xteraw=80:510302FF0D080AFF vt=Y(21/22) vtstat=402/293ms tc=Y drp=0mm tcq=0
15:17:02.642 [ISOBUS] addr=0x81 claimed=Y load=14.5% msgs=10331 aiso=404(425819ms) xte=0.00m spd=0.00m/s q=0 ggaAge=8 vtgAge=7 xteAge=425819 xteraw=80:510302FF0D080AFF vt=Y(21/22) vtstat=403/292ms tc=Y drp=0mm tcq=0
15:17:03.650 [ISOBUS] addr=0x81 claimed=Y load=14.2% msgs=10372 aiso=405(426819ms) xte=0.00m spd=0.00m/s q=0 ggaAge=7 vtgAge=7 xteAge=426819 xteraw=80:510302FF0D080AFF vt=Y(21/22) vtstat=404/292ms tc=Y drp=0mm tcq=0
15:17:04.649 [ISOBUS] addr=0x81 claimed=Y load=14.0% msgs=10413 aiso=406(427819ms) xte=0.00m spd=0.00m/s q=0 ggaAge=7 vtgAge=7 xteAge=427819 xteraw=80:510302FF0D080AFF vt=Y(21/22) vtstat=405/292ms tc=Y drp=0mm tcq=0
15:17:05.642 [ISOBUS] addr=0x81 claimed=Y load=14.2% msgs=10454 aiso=407(428819ms) xte=0.00m spd=0.00m/s q=0 ggaAge=7 vtgAge=7 xteAge=428819 xteraw=80:510302FF0D080AFF vt=Y(21/22) vtstat=406/291ms tc=Y drp=0mm tcq=0
15:17:06.645 [ISOBUS] addr=0x81 claimed=Y load=14.0% msgs=10495 aiso=408(429819ms) xte=0.00m spd=0.00m/s q=0 ggaAge=7 vtgAge=6 xteAge=429819 xteraw=80:510302FF0D080AFF vt=Y(21/22) vtstat=407/291ms tc=Y drp=0mm tcq=0
15:17:07.661 [ISOBUS] addr=0x81 claimed=Y load=14.3% msgs=10536 aiso=409(430819ms) xte=0.00m spd=0.00m/s q=0 ggaAge=7 vtgAge=7 xteAge=430819 xteraw=80:510302FF0D080AFF vt=Y(21/22) vtstat=408/291ms tc=Y drp=0mm tcq=0
15:17:08.666 [ISOBUS] addr=0x81 claimed=Y load=14.0% msgs=10577 aiso=410(431819ms) xte=0.00m spd=0.00m/s q=0 ggaAge=7 vtgAge=7 xteAge=431819 xteraw=80:510302FF0D080AFF vt=Y(21/22) vtstat=409/290ms tc=Y drp=0mm tcq=0
15:17:09.651 [ISOBUS] addr=0x81 claimed=Y load=14.2% msgs=10618 aiso=411(432819ms) xte=0.00m spd=0.00m/s q=0 ggaAge=7 vtgAge=6 xteAge=432819 xteraw=80:510302FF0D080AFF vt=Y(21/22) vtstat=410/290ms tc=Y drp=0mm tcq=0
15:17:10.646 [ISOBUS] addr=0x81 claimed=Y load=14.0% msgs=10659 aiso=412(433819ms) xte=0.00m spd=0.00m/s q=0 ggaAge=7 vtgAge=7 xteAge=433819 xteraw=80:510302FF0D080AFF vt=Y(21/22) vtstat=411/290ms tc=Y drp=0mm tcq=0
15:17:11.657 [ISOBUS] addr=0x81 claimed=Y load=14.3% msgs=10700 aiso=413(434819ms) xte=0.00m spd=0.00m/s q=0 ggaAge=7 vtgAge=7 xteAge=434819 xteraw=80:510302FF0D080AFF vt=Y(21/22) vtstat=412/289ms tc=Y drp=0mm tcq=0
15:17:12.662 [ISOBUS] addr=0x81 claimed=Y load=14.5% msgs=10745 aiso=414(435819ms) xte=0.00m spd=0.00m/s q=0 ggaAge=8 vtgAge=7 xteAge=435819 xteraw=80:510302FF0D080AFF vt=Y(21/22) vtstat=413/289ms tc=Y drp=0mm tcq=0
15:17:13.659 [ISOBUS] addr=0x81 claimed=Y load=14.2% msgs=10786 aiso=415(436819ms) xte=0.00m spd=0.00m/s q=0 ggaAge=7 vtgAge=6 xteAge=436819 xteraw=80:510302FF0D080AFF vt=Y(21/22) vtstat=414/289ms tc=Y drp=0mm tcq=0
15:17:14.641 [ISOBUS] addr=0x81 claimed=Y load=14.0% msgs=10827 aiso=416(437819ms) xte=0.00m spd=0.00m/s q=0 ggaAge=7 vtgAge=7 xteAge=437819 xteraw=80:510302FF0D080AFF vt=Y(21/22) vtstat=415/288ms tc=Y drp=0mm tcq=0
15:17:15.656 [ISOBUS] addr=0x81 claimed=Y load=14.2% msgs=10868 aiso=417(438819ms) xte=0.00m spd=0.00m/s q=0 ggaAge=7 vtgAge=6 xteAge=438819 xteraw=80:510302FF0D080AFF vt=Y(21/22) vtstat=416/288ms tc=Y drp=0mm tcq=0
15:17:16.663 [ISOBUS] addr=0x81 claimed=Y load=14.0% msgs=10909 aiso=418(439819ms) xte=0.00m spd=0.00m/s q=0 ggaAge=7 vtgAge=7 xteAge=439819 xteraw=80:510302FF0D080AFF vt=Y(21/22) vtstat=417/288ms tc=Y drp=0mm tcq=0
15:17:17.648 [ISOBUS] addr=0x81 claimed=Y load=14.2% msgs=10950 aiso=419(440819ms) xte=0.00m spd=0.00m/s q=0 ggaAge=8 vtgAge=7 xteAge=440819 xteraw=80:510302FF0D080AFF vt=Y(21/22) vtstat=418/287ms tc=Y drp=0mm tcq=0
15:17:18.660 [ISOBUS] addr=0x81 claimed=Y load=14.0% msgs=10991 aiso=420(441819ms) xte=0.00m spd=0.00m/s q=0 ggaAge=7 vtgAge=6 xteAge=441819 xteraw=80:510302FF0D080AFF vt=Y(21/22) vtstat=419/287ms tc=Y drp=0mm tcq=0
15:17:19.646 [ISOBUS] addr=0x81 claimed=Y load=14.2% msgs=11032 aiso=421(442819ms) xte=0.00m spd=0.00m/s q=0 ggaAge=8 vtgAge=7 xteAge=442819 xteraw=80:510302FF0D080AFF vt=Y(21/22) vtstat=420/287ms tc=Y drp=0mm tcq=0
15:17:20.647 [ISOBUS] addr=0x81 claimed=Y load=14.0% msgs=11073 aiso=422(443819ms) xte=0.00m spd=0.00m/s q=0 ggaAge=7 vtgAge=7 xteAge=443819 xteraw=80:510302FF0D080AFF vt=Y(21/22) vtstat=421/286ms tc=Y drp=0mm tcq=0
15:17:21.654 [ISOBUS] addr=0x81 claimed=Y load=14.2% msgs=11114 aiso=423(444819ms) xte=0.00m spd=0.00m/s q=0 ggaAge=8 vtgAge=7 xteAge=444819 xteraw=80:510302FF0D080AFF vt=Y(21/22) vtstat=422/286ms tc=Y drp=0mm tcq=0
15:17:22.649 [ISOBUS] addr=0x81 claimed=Y load=14.5% msgs=11159 aiso=424(445819ms) xte=0.00m spd=0.00m/s q=0 ggaAge=7 vtgAge=7 xteAge=445819 xteraw=80:510302FF0D080AFF vt=Y(21/22) vtstat=423/285ms tc=Y drp=0mm tcq=0
15:17:23.657 [ISOBUS] addr=0x81 claimed=Y load=14.2% msgs=11200 aiso=425(446819ms) xte=0.00m spd=0.00m/s q=0 ggaAge=7 vtgAge=6 xteAge=446819 xteraw=80:510302FF0D080AFF vt=Y(21/22) vtstat=424/285ms tc=Y drp=0mm tcq=0
15:17:24.642 [ISOBUS] addr=0x81 claimed=Y load=14.0% msgs=11241 aiso=426(447819ms) xte=0.00m spd=0.00m/s q=0 ggaAge=7 vtgAge=7 xteAge=447819 xteraw=80:510302FF0D080AFF vt=Y(21/22) vtstat=425/285ms tc=Y drp=0mm tcq=0
15:17:25.663 [ISOBUS] addr=0x81 claimed=Y load=14.1% msgs=11282 aiso=427(448819ms) xte=0.00m spd=0.00m/s q=0 ggaAge=6 vtgAge=6 xteAge=448819 xteraw=80:510302FF0D080AFF vt=Y(21/22) vtstat=426/284ms tc=Y drp=0mm tcq=0
15:17:26.664 [ISOBUS] addr=0x81 claimed=Y load=14.1% msgs=11323 aiso=428(449819ms) xte=0.00m spd=0.00m/s q=0 ggaAge=7 vtgAge=7 xteAge=449819 xteraw=80:510302FF0D080AFF vt=Y(21/22) vtstat=427/284ms tc=Y drp=0mm tcq=0
15:17:27.657 [ISOBUS] addr=0x81 claimed=Y load=14.2% msgs=11364 aiso=429(450819ms) xte=0.00m spd=0.00m/s q=0 ggaAge=7 vtgAge=6 xteAge=450819 xteraw=80:510302FF0D080AFF vt=Y(21/22) vtstat=428/284ms tc=Y drp=0mm tcq=0
15:17:28.651 [ISOBUS] addr=0x81 claimed=Y load=14.1% msgs=11405 aiso=430(451819ms) xte=0.00m spd=0.00m/s q=0 ggaAge=7 vtgAge=7 xteAge=451819 xteraw=80:510302FF0D080AFF vt=Y(21/22) vtstat=429/283ms tc=Y drp=0mm tcq=0
15:17:29.642 [ISOBUS] addr=0x81 claimed=Y load=14.2% msgs=11446 aiso=431(452819ms) xte=0.00m spd=0.00m/s q=0 ggaAge=8 vtgAge=7 xteAge=452819 xteraw=80:510302FF0D080AFF vt=Y(21/22) vtstat=430/283ms tc=Y drp=0mm tcq=0
15:17:30.668 [ISOBUS] addr=0x81 claimed=Y load=14.0% msgs=11487 aiso=432(453819ms) xte=0.00m spd=0.00m/s q=0 ggaAge=7 vtgAge=6 xteAge=453819 xteraw=80:510302FF0D080AFF vt=Y(21/22) vtstat=431/283ms tc=Y drp=0mm tcq=0
15:17:31.663 [ISOBUS] addr=0x81 claimed=Y load=14.2% msgs=11528 aiso=433(454819ms) xte=0.00m spd=0.00m/s q=0 ggaAge=8 vtgAge=7 xteAge=454819 xteraw=80:510302FF0D080AFF vt=Y(21/22) vtstat=432/282ms tc=Y drp=0mm tcq=0
15:17:32.658 [ISOBUS] addr=0x81 claimed=Y load=14.5% msgs=11573 aiso=434(455819ms) xte=0.00m spd=0.00m/s q=0 ggaAge=7 vtgAge=6 xteAge=455819 xteraw=80:510302FF0D080AFF vt=Y(21/22) vtstat=433/282ms tc=Y drp=0mm tcq=0
15:17:33.661 [ISOBUS] addr=0x81 claimed=Y load=14.2% msgs=11614 aiso=435(456819ms) xte=0.00m spd=0.00m/s q=0 ggaAge=7 vtgAge=7 xteAge=456819 xteraw=80:510302FF0D080AFF vt=Y(21/22) vtstat=434/282ms tc=Y drp=0mm tcq=0
15:17:34.672 [ISOBUS] addr=0x81 claimed=Y load=14.0% msgs=11655 aiso=436(457819ms) xte=0.00m spd=0.00m/s q=0 ggaAge=7 vtgAge=6 xteAge=457819 xteraw=80:510302FF0D080AFF vt=Y(21/22) vtstat=435/281ms tc=Y drp=0mm tcq=0
15:17:35.658 [ISOBUS] addr=0x81 claimed=Y load=14.3% msgs=11696 aiso=437(458819ms) xte=0.00m spd=0.00m/s q=0 ggaAge=7 vtgAge=7 xteAge=458819 xteraw=80:510302FF0D080AFF vt=Y(21/22) vtstat=436/281ms tc=Y drp=0mm tcq=0
15:17:36.648 [ISOBUS] addr=0x81 claimed=Y load=14.0% msgs=11737 aiso=438(459819ms) xte=0.00m spd=0.00m/s q=0 ggaAge=7 vtgAge=6 xteAge=459819 xteraw=80:510302FF0D080AFF vt=Y(21/22) vtstat=437/281ms tc=Y drp=0mm tcq=0
15:17:37.657 [ISOBUS] addr=0x81 claimed=Y load=14.2% msgs=11778 aiso=439(460819ms) xte=0.00m spd=0.00m/s q=0 ggaAge=7 vtgAge=6 xteAge=460819 xteraw=80:510302FF0D080AFF vt=Y(21/22) vtstat=438/280ms tc=Y drp=0mm tcq=0
15:17:38.648 [ISOBUS] addr=0x81 claimed=Y load=14.1% msgs=11819 aiso=440(461819ms) xte=0.00m spd=0.00m/s q=0 ggaAge=8 vtgAge=7 xteAge=461819 xteraw=80:510302FF0D080AFF vt=Y(21/22) vtstat=439/280ms tc=Y drp=0mm tcq=0
15:17:39.644 [ISOBUS] addr=0x81 claimed=Y load=14.2% msgs=11860 aiso=441(462819ms) xte=0.00m spd=0.00m/s q=0 ggaAge=8 vtgAge=7 xteAge=462819 xteraw=80:510302FF0D080AFF vt=Y(21/22) vtstat=440/280ms tc=Y drp=0mm tcq=0
15:17:40.669 [ISOBUS] addr=0x81 claimed=Y load=14.0% msgs=11901 aiso=442(463819ms) xte=0.00m spd=0.00m/s q=0 ggaAge=7 vtgAge=6 xteAge=463819 xteraw=80:510302FF0D080AFF vt=Y(21/22) vtstat=441/279ms tc=Y drp=0mm tcq=0
15:17:41.679 [ISOBUS] addr=0x81 claimed=Y load=14.3% msgs=11942 aiso=443(464819ms) xte=0.00m spd=0.00m/s q=0 ggaAge=7 vtgAge=7 xteAge=464819 xteraw=80:510302FF0D080AFF vt=Y(21/22) vtstat=442/279ms tc=Y drp=0mm tcq=0
15:17:42.666 [ISOBUS] addr=0x81 claimed=Y load=14.4% msgs=11987 aiso=444(465819ms) xte=0.00m spd=0.00m/s q=0 ggaAge=7 vtgAge=6 xteAge=465819 xteraw=80:510302FF0D080AFF vt=Y(21/22) vtstat=443/279ms tc=Y drp=0mm tcq=0
15:17:43.641 [ISOBUS] addr=0x81 claimed=Y load=14.2% msgs=12028 aiso=445(466819ms) xte=0.00m spd=0.00m/s q=0 ggaAge=7 vtgAge=7 xteAge=466819 xteraw=80:510302FF0D080AFF vt=Y(21/22) vtstat=444/278ms tc=Y drp=0mm tcq=0
15:17:44.651 [ISOBUS] addr=0x81 claimed=Y load=14.0% msgs=12069 aiso=446(467819ms) xte=0.00m spd=0.00m/s q=0 ggaAge=7 vtgAge=7 xteAge=467819 xteraw=80:510302FF0D080AFF vt=Y(21/22) vtstat=445/278ms tc=Y drp=0mm tcq=0
15:17:45.649 [ISOBUS] addr=0x81 claimed=Y load=14.2% msgs=12110 aiso=447(468819ms) xte=0.00m spd=0.00m/s q=0 ggaAge=7 vtgAge=7 xteAge=468819 xteraw=80:510302FF0D080AFF vt=Y(21/22) vtstat=446/278ms tc=Y drp=0mm tcq=0
15:17:46.665 [ISOBUS] addr=0x81 claimed=Y load=14.0% msgs=12151 aiso=448(469819ms) xte=0.00m spd=0.00m/s q=0 ggaAge=7 vtgAge=6 xteAge=469819 xteraw=80:510302FF0D080AFF vt=Y(21/22) vtstat=447/277ms tc=Y drp=0mm tcq=0
15:17:47.660 [ISOBUS] addr=0x81 claimed=Y load=14.2% msgs=12192 aiso=449(470819ms) xte=0.00m spd=0.00m/s q=0 ggaAge=7 vtgAge=7 xteAge=470819 xteraw=80:510302FF0D080AFF vt=Y(21/22) vtstat=448/277ms tc=Y drp=0mm tcq=0
15:17:48.644 [ISOBUS] addr=0x81 claimed=Y load=14.0% msgs=12233 aiso=450(471819ms) xte=0.00m spd=0.00m/s q=0 ggaAge=7 vtgAge=6 xteAge=471819 xteraw=80:510302FF0D080AFF vt=Y(21/22) vtstat=449/277ms tc=Y drp=0mm tcq=0
15:17:49.655 [ISOBUS] addr=0x81 claimed=Y load=14.2% msgs=12274 aiso=451(472819ms) xte=0.00m spd=0.00m/s q=0 ggaAge=7 vtgAge=6 xteAge=472819 xteraw=80:510302FF0D080AFF vt=Y(21/22) vtstat=450/276ms tc=Y drp=0mm tcq=0
15:17:50.656 [ISOBUS] addr=0x81 claimed=Y load=14.1% msgs=12315 aiso=452(473819ms) xte=0.00m spd=0.00m/s q=0 ggaAge=7 vtgAge=6 xteAge=473819 xteraw=80:510302FF0D080AFF vt=Y(21/22) vtstat=451/276ms tc=Y drp=0mm tcq=0
15:17:51.669 [ISOBUS] addr=0x81 claimed=Y load=14.2% msgs=12356 aiso=453(474819ms) xte=0.00m spd=0.00m/s q=0 ggaAge=7 vtgAge=7 xteAge=474819 xteraw=80:510302FF0D080AFF vt=Y(21/22) vtstat=452/275ms tc=Y drp=0mm tcq=0
15:17:52.672 [ISOBUS] addr=0x81 claimed=Y load=14.4% msgs=12401 aiso=454(475819ms) xte=0.00m spd=0.00m/s q=0 ggaAge=7 vtgAge=6 xteAge=475819 xteraw=80:510302FF0D080AFF vt=Y(21/22) vtstat=453/274ms tc=Y drp=0mm tcq=0
15:17:53.646 [ISOBUS] addr=0x81 claimed=Y load=14.2% msgs=12442 aiso=455(476819ms) xte=0.00m spd=0.00m/s q=0 ggaAge=7 vtgAge=6 xteAge=476819 xteraw=80:510302FF0D080AFF vt=Y(21/22) vtstat=454/274ms tc=Y drp=0mm tcq=0
15:17:54.679 [ISOBUS] addr=0x81 claimed=Y load=14.1% msgs=12483 aiso=456(477819ms) xte=0.00m spd=0.00m/s q=0 ggaAge=7 vtgAge=7 xteAge=477819 xteraw=80:510302FF0D080AFF vt=Y(21/22) vtstat=455/274ms tc=Y drp=0mm tcq=0
15:17:55.644 [ISOBUS] addr=0x81 claimed=Y load=14.2% msgs=12524 aiso=457(478819ms) xte=0.00m spd=0.00m/s q=0 ggaAge=7 vtgAge=7 xteAge=478819 xteraw=80:510302FF0D080AFF vt=Y(21/22) vtstat=456/274ms tc=Y drp=0mm tcq=0
15:17:56.665 [ISOBUS] addr=0x81 claimed=Y load=14.0% msgs=12565 aiso=458(479819ms) xte=0.00m spd=0.00m/s q=0 ggaAge=7 vtgAge=6 xteAge=479819 xteraw=80:510302FF0D080AFF vt=Y(21/22) vtstat=457/274ms tc=Y drp=0mm tcq=0
15:17:57.669 [ISOBUS] addr=0x81 claimed=Y load=14.2% msgs=12606 aiso=459(480819ms) xte=0.00m spd=0.00m/s q=0 ggaAge=7 vtgAge=6 xteAge=480819 xteraw=80:510302FF0D080AFF vt=Y(21/22) vtstat=458/273ms tc=Y drp=0mm tcq=0
15:17:58.667 [ISOBUS] addr=0x81 claimed=Y load=14.1% msgs=12647 aiso=460(481819ms) xte=0.00m spd=0.00m/s q=0 ggaAge=7 vtgAge=7 xteAge=481819 xteraw=80:510302FF0D080AFF vt=Y(21/22) vtstat=459/273ms tc=Y drp=0mm tcq=0
15:17:59.657 [ISOBUS] addr=0x81 claimed=Y load=14.1% msgs=12688 aiso=461(482819ms) xte=0.00m spd=0.00m/s q=0 ggaAge=6 vtgAge=6 xteAge=482819 xteraw=80:510302FF0D080AFF vt=Y(21/22) vtstat=460/273ms tc=Y drp=0mm tcq=0
15:18:00.651 [ISOBUS] addr=0x81 claimed=Y load=14.1% msgs=12729 aiso=462(483819ms) xte=0.00m spd=0.00m/s q=0 ggaAge=7 vtgAge=7 xteAge=483819 xteraw=80:510302FF0D080AFF vt=Y(21/22) vtstat=461/272ms tc=Y drp=0mm tcq=0
15:18:01.651 [ISOBUS] addr=0x81 claimed=Y load=14.1% msgs=12770 aiso=463(484819ms) xte=0.00m spd=0.00m/s q=0 ggaAge=7 vtgAge=6 xteAge=484819 xteraw=80:510302FF0D080AFF vt=Y(21/22) vtstat=462/272ms tc=Y drp=0mm tcq=0
15:18:02.642 [ISOBUS] addr=0x81 claimed=Y load=14.5% msgs=12815 aiso=464(485819ms) xte=0.00m spd=0.00m/s q=0 ggaAge=6 vtgAge=6 xteAge=485819 xteraw=80:510302FF0D080AFF vt=Y(21/22) vtstat=463/271ms tc=Y drp=0mm tcq=0
15:18:03.656 [ISOBUS] addr=0x81 claimed=Y load=14.2% msgs=12856 aiso=465(486819ms) xte=0.00m spd=0.00m/s q=0 ggaAge=6 vtgAge=6 xteAge=486819 xteraw=80:510302FF0D080AFF vt=Y(21/22) vtstat=464/271ms tc=Y drp=0mm tcq=0
15:18:04.644 [ISOBUS] addr=0x81 claimed=Y load=14.0% msgs=12897 aiso=466(487819ms) xte=0.00m spd=0.00m/s q=0 ggaAge=6 vtgAge=6 xteAge=487819 xteraw=80:510302FF0D080AFF vt=Y(21/22) vtstat=465/271ms tc=Y drp=0mm tcq=0
15:18:05.645 [ISOBUS] addr=0x81 claimed=Y load=14.3% msgs=12938 aiso=467(488819ms) xte=0.00m spd=0.00m/s q=0 ggaAge=7 vtgAge=7 xteAge=488819 xteraw=80:510302FF0D080AFF vt=Y(21/22) vtstat=466/270ms tc=Y drp=0mm tcq=0
15:18:06.671 [ISOBUS] addr=0x81 claimed=Y load=14.0% msgs=12979 aiso=468(489819ms) xte=0.00m spd=0.00m/s q=0 ggaAge=7 vtgAge=6 xteAge=489819 xteraw=80:510302FF0D080AFF vt=Y(21/22) vtstat=467/270ms tc=Y drp=0mm tcq=0
15:18:07.654 [ISOBUS] addr=0x81 claimed=Y load=14.3% msgs=13020 aiso=469(490819ms) xte=0.00m spd=0.00m/s q=0 ggaAge=7 vtgAge=7 xteAge=490819 xteraw=80:510302FF0D080AFF vt=Y(21/22) vtstat=468/270ms tc=Y drp=0mm tcq=0
15:18:08.655 [ISOBUS] addr=0x81 claimed=Y load=14.0% msgs=13061 aiso=470(491819ms) xte=0.00m spd=0.00m/s q=0 ggaAge=7 vtgAge=7 xteAge=491819 xteraw=80:510302FF0D080AFF vt=Y(21/22) vtstat=469/269ms tc=Y drp=0mm tcq=0
15:18:09.661 [ISOBUS] addr=0x81 claimed=Y load=14.2% msgs=13102 aiso=471(492819ms) xte=0.00m spd=0.00m/s q=0 ggaAge=7 vtgAge=6 xteAge=492819 xteraw=80:510302FF0D080AFF vt=Y(21/22) vtstat=470/269ms tc=Y drp=0mm tcq=0
15:18:10.666 [ISOBUS] addr=0x81 claimed=Y load=14.0% msgs=13143 aiso=472(493819ms) xte=0.00m spd=0.00m/s q=0 ggaAge=6 vtgAge=6 xteAge=493819 xteraw=80:510302FF0D080AFF vt=Y(21/22) vtstat=471/269ms tc=Y drp=0mm tcq=0
15:18:11.650 [ISOBUS] addr=0x81 claimed=Y load=14.2% msgs=13184 aiso=473(494819ms) xte=0.00m spd=0.00m/s q=0 ggaAge=7 vtgAge=6 xteAge=494819 xteraw=80:510302FF0D080AFF vt=Y(21/22) vtstat=472/268ms tc=Y drp=0mm tcq=0
15:18:12.676 [ISOBUS] addr=0x81 claimed=Y load=14.6% msgs=13229 aiso=474(495819ms) xte=0.00m spd=0.00m/s q=0 ggaAge=7 vtgAge=6 xteAge=495819 xteraw=80:510302FF0D080AFF vt=Y(21/22) vtstat=473/268ms tc=Y drp=0mm tcq=0
15:18:13.661 [ISOBUS] addr=0x81 claimed=Y load=14.2% msgs=13270 aiso=475(496819ms) xte=0.00m spd=0.00m/s q=0 ggaAge=7 vtgAge=7 xteAge=496819 xteraw=80:510302FF0D080AFF vt=Y(21/22) vtstat=474/268ms tc=Y drp=0mm tcq=0
15:18:14.661 [ISOBUS] addr=0x81 claimed=Y load=14.0% msgs=13311 aiso=476(497819ms) xte=0.00m spd=0.00m/s q=0 ggaAge=7 vtgAge=7 xteAge=497819 xteraw=80:510302FF0D080AFF vt=Y(21/22) vtstat=475/267ms tc=Y drp=0mm tcq=0
15:18:15.671 [ISOBUS] addr=0x81 claimed=Y load=14.2% msgs=13352 aiso=477(498819ms) xte=0.00m spd=0.00m/s q=0 ggaAge=7 vtgAge=6 xteAge=498819 xteraw=80:510302FF0D080AFF vt=Y(21/22) vtstat=476/267ms tc=Y drp=0mm tcq=0
15:18:16.655 [ISOBUS] addr=0x81 claimed=Y load=14.0% msgs=13393 aiso=478(499819ms) xte=0.00m spd=0.00m/s q=0 ggaAge=7 vtgAge=6 xteAge=499819 xteraw=80:510302FF0D080AFF vt=Y(21/22) vtstat=477/267ms tc=Y drp=0mm tcq=0
15:18:17.643 [ISOBUS] addr=0x81 claimed=Y load=14.2% msgs=13434 aiso=479(500819ms) xte=0.00m spd=0.00m/s q=0 ggaAge=6 vtgAge=6 xteAge=500819 xteraw=80:510302FF0D080AFF vt=Y(21/22) vtstat=478/266ms tc=Y drp=0mm tcq=0
15:18:18.649 [ISOBUS] addr=0x81 claimed=Y load=14.0% msgs=13475 aiso=480(501819ms) xte=0.00m spd=0.00m/s q=0 ggaAge=6 vtgAge=6 xteAge=501819 xteraw=80:510302FF0D080AFF vt=Y(21/22) vtstat=479/266ms tc=Y drp=0mm tcq=0
15:18:19.643 [ISOBUS] addr=0x81 claimed=Y load=14.2% msgs=13516 aiso=481(502819ms) xte=0.00m spd=0.00m/s q=0 ggaAge=7 vtgAge=6 xteAge=502819 xteraw=80:510302FF0D080AFF vt=Y(21/22) vtstat=480/266ms tc=Y drp=0mm tcq=0
15:18:20.654 [ISOBUS] addr=0x81 claimed=Y load=14.0% msgs=13557 aiso=482(503819ms) xte=0.00m spd=0.00m/s q=0 ggaAge=7 vtgAge=6 xteAge=503819 xteraw=80:510302FF0D080AFF vt=Y(21/22) vtstat=481/265ms tc=Y drp=0mm tcq=0
15:18:21.673 [ISOBUS] addr=0x81 claimed=Y load=14.2% msgs=13598 aiso=483(504819ms) xte=0.00m spd=0.00m/s q=0 ggaAge=7 vtgAge=6 xteAge=504819 xteraw=80:510302FF0D080AFF vt=Y(21/22) vtstat=482/265ms tc=Y drp=0mm tcq=0
15:18:22.654 [ISOBUS] addr=0x81 claimed=Y load=14.4% msgs=13643 aiso=484(505819ms) xte=0.00m spd=0.00m/s q=0 ggaAge=6 vtgAge=6 xteAge=505819 xteraw=80:510302FF0D080AFF vt=Y(21/22) vtstat=483/265ms tc=Y drp=0mm tcq=0
15:18:23.670 [ISOBUS] addr=0x81 claimed=Y load=14.3% msgs=13684 aiso=485(506819ms) xte=0.00m spd=0.00m/s q=0 ggaAge=7 vtgAge=6 xteAge=506819 xteraw=80:510302FF0D080AFF vt=Y(21/22) vtstat=484/265ms tc=Y drp=0mm tcq=0
15:18:24.657 [ISOBUS] addr=0x81 claimed=Y load=14.0% msgs=13725 aiso=486(507819ms) xte=0.00m spd=0.00m/s q=0 ggaAge=7 vtgAge=6 xteAge=507819 xteraw=80:510302FF0D080AFF vt=Y(21/22) vtstat=485/264ms tc=Y drp=0mm tcq=0
15:18:25.674 [ISOBUS] addr=0x81 claimed=Y load=14.3% msgs=13766 aiso=487(508819ms) xte=0.00m spd=0.00m/s q=0 ggaAge=7 vtgAge=7 xteAge=508819 xteraw=80:510302FF0D080AFF vt=Y(21/22) vtstat=486/264ms tc=Y drp=0mm tcq=0
15:18:26.094 I] [NM]: Control function with address 205 and NAME 000000000000000lx is now offline on channel 198344577.
15:18:26.668 [ISOBUS] addr=0x81 claimed=Y load=13.9% msgs=13807 aiso=488(509819ms) xte=0.00m spd=0.00m/s q=0 ggaAge=6 vtgAge=6 xteAge=509819 xteraw=80:510302FF0D080AFF vt=Y(21/22) vtstat=487/262ms tc=Y drp=0mm tcq=0
15:18:27.356 I] [NM]: External control function with name 000000000000000lx has claimed address 198344577 on channel 2684363008.
15:18:27.646 [ISOBUS] addr=0x81 claimed=Y load=14.3% msgs=13848 aiso=489(510819ms) xte=0.00m spd=0.00m/s q=0 ggaAge=7 vtgAge=6 xteAge=510819 xteraw=80:510302FF0D080AFF vt=Y(21/22) vtstat=488/262ms tc=Y drp=0mm tcq=0
15:18:28.653 [ISOBUS] addr=0x81 claimed=Y load=14.0% msgs=13889 aiso=490(511819ms) xte=0.00m spd=0.00m/s q=0 ggaAge=7 vtgAge=6 xteAge=511819 xteraw=80:510302FF0D080AFF vt=Y(21/22) vtstat=489/262ms tc=Y drp=0mm tcq=0
15:18:29.670 [ISOBUS] addr=0x81 claimed=Y load=14.2% msgs=13930 aiso=491(512819ms) xte=0.00m spd=0.00m/s q=0 ggaAge=7 vtgAge=6 xteAge=512819 xteraw=80:510302FF0D080AFF vt=Y(21/22) vtstat=490/262ms tc=Y drp=0mm tcq=0
15:18:30.676 [ISOBUS] addr=0x81 claimed=Y load=14.0% msgs=13971 aiso=492(513819ms) xte=0.00m spd=0.00m/s q=0 ggaAge=6 vtgAge=5 xteAge=513819 xteraw=80:510302FF0D080AFF vt=Y(21/22) vtstat=491/262ms tc=Y drp=0mm tcq=0
15:18:31.663 [ISOBUS] addr=0x81 claimed=Y load=14.3% msgs=14012 aiso=493(514819ms) xte=0.00m spd=0.00m/s q=0 ggaAge=7 vtgAge=6 xteAge=514819 xteraw=80:510302FF0D080AFF vt=Y(21/22) vtstat=492/262ms tc=Y drp=0mm tcq=0
15:18:32.663 [ISOBUS] addr=0x81 claimed=Y load=14.4% msgs=14057 aiso=494(515819ms) xte=0.00m spd=0.00m/s q=0 ggaAge=7 vtgAge=6 xteAge=515819 xteraw=80:510302FF0D080AFF vt=Y(21/22) vtstat=493/261ms tc=Y drp=0mm tcq=0
15:18:33.664 [ISOBUS] addr=0x81 claimed=Y load=14.3% msgs=14098 aiso=495(516819ms) xte=0.00m spd=0.00m/s q=0 ggaAge=7 vtgAge=6 xteAge=516819 xteraw=80:510302FF0D080AFF vt=Y(21/22) vtstat=494/261ms tc=Y drp=0mm tcq=0
15:18:34.654 [ISOBUS] addr=0x81 claimed=Y load=14.0% msgs=14139 aiso=496(517819ms) xte=0.00m spd=0.00m/s q=0 ggaAge=6 vtgAge=6 xteAge=517819 xteraw=80:510302FF0D080AFF vt=Y(21/22) vtstat=495/261ms tc=Y drp=0mm tcq=0
15:18:35.670 [ISOBUS] addr=0x81 claimed=Y load=14.2% msgs=14180 aiso=497(518819ms) xte=0.00m spd=0.00m/s q=0 ggaAge=7 vtgAge=6 xteAge=518819 xteraw=80:510302FF0D080AFF vt=Y(21/22) vtstat=496/260ms tc=Y drp=0mm tcq=0
15:18:36.649 [ISOBUS] addr=0x81 claimed=Y load=14.0% msgs=14221 aiso=498(519819ms) xte=0.00m spd=0.00m/s q=0 ggaAge=6 vtgAge=5 xteAge=519819 xteraw=80:510302FF0D080AFF vt=Y(21/22) vtstat=497/260ms tc=Y drp=0mm tcq=0
15:18:37.646 [ISOBUS] addr=0x81 claimed=Y load=14.2% msgs=14262 aiso=499(520819ms) xte=0.00m spd=0.00m/s q=0 ggaAge=7 vtgAge=6 xteAge=520819 xteraw=80:510302FF0D080AFF vt=Y(21/22) vtstat=498/259ms tc=Y drp=0mm tcq=0
15:18:38.669 [ISOBUS] addr=0x81 claimed=Y load=14.0% msgs=14303 aiso=500(521819ms) xte=0.00m spd=0.00m/s q=0 ggaAge=7 vtgAge=6 xteAge=521819 xteraw=80:510302FF0D080AFF vt=Y(21/22) vtstat=499/259ms tc=Y drp=0mm tcq=0
15:18:39.648 [ISOBUS] addr=0x81 claimed=Y load=14.3% msgs=14344 aiso=501(522819ms) xte=0.00m spd=0.00m/s q=0 ggaAge=7 vtgAge=6 xteAge=522819 xteraw=80:510302FF0D080AFF vt=Y(21/22) vtstat=500/259ms tc=Y drp=0mm tcq=0
15:18:40.655 [ISOBUS] addr=0x81 claimed=Y load=14.0% msgs=14385 aiso=502(523819ms) xte=0.00m spd=0.00m/s q=0 ggaAge=6 vtgAge=6 xteAge=523819 xteraw=80:510302FF0D080AFF vt=Y(21/22) vtstat=501/258ms tc=Y drp=0mm tcq=0
15:18:41.648 [ISOBUS] addr=0x81 claimed=Y load=14.2% msgs=14426 aiso=503(524819ms) xte=0.00m spd=0.00m/s q=0 ggaAge=6 vtgAge=6 xteAge=524819 xteraw=80:510302FF0D080AFF vt=Y(21/22) vtstat=502/258ms tc=Y drp=0mm tcq=0
15:18:42.663 [ISOBUS] addr=0x81 claimed=Y load=14.5% msgs=14471 aiso=504(525819ms) xte=0.00m spd=0.00m/s q=0 ggaAge=7 vtgAge=6 xteAge=525819 xteraw=80:510302FF0D080AFF vt=Y(21/22) vtstat=503/258ms tc=Y drp=0mm tcq=0
15:18:43.649 [ISOBUS] addr=0x81 claimed=Y load=14.2% msgs=14512 aiso=505(526819ms) xte=0.00m spd=0.00m/s q=0 ggaAge=6 vtgAge=6 xteAge=526819 xteraw=80:510302FF0D080AFF vt=Y(21/22) vtstat=504/257ms tc=Y drp=0mm tcq=0
15:18:44.665 [ISOBUS] addr=0x81 claimed=Y load=14.0% msgs=14553 aiso=506(527819ms) xte=0.00m spd=0.00m/s q=0 ggaAge=7 vtgAge=6 xteAge=527819 xteraw=80:510302FF0D080AFF vt=Y(21/22) vtstat=505/257ms tc=Y drp=0mm tcq=0
15:18:45.666 [ISOBUS] addr=0x81 claimed=Y load=14.2% msgs=14594 aiso=507(528819ms) xte=0.00m spd=0.00m/s q=0 ggaAge=6 vtgAge=6 xteAge=528819 xteraw=80:510302FF0D080AFF vt=Y(21/22) vtstat=506/257ms tc=Y drp=0mm tcq=0
15:18:46.106 I] [NM]: Control function with address 205 and NAME 000000000000000lx is now offline on channel 198344577.
15:18:46.651 [ISOBUS] addr=0x81 claimed=Y load=14.0% msgs=14635 aiso=508(529819ms) xte=0.00m spd=0.00m/s q=0 ggaAge=7 vtgAge=6 xteAge=529819 xteraw=80:510302FF0D080AFF vt=Y(21/22) vtstat=507/256ms tc=Y drp=0mm tcq=0
15:18:47.355 I] [NM]: External control function with name 000000000000000lx has claimed address 198344577 on channel 2684363008.
15:18:47.665 [ISOBUS] addr=0x81 claimed=Y load=14.2% msgs=14676 aiso=509(530819ms) xte=0.00m spd=0.00m/s q=0 ggaAge=7 vtgAge=6 xteAge=530819 xteraw=80:510302FF0D080AFF vt=Y(21/22) vtstat=508/256ms tc=Y drp=0mm tcq=0
15:18:48.666 [ISOBUS] addr=0x81 claimed=Y load=14.0% msgs=14717 aiso=510(531819ms) xte=0.00m spd=0.00m/s q=0 ggaAge=6 vtgAge=5 xteAge=531819 xteraw=80:510302FF0D080AFF vt=Y(21/22) vtstat=509/256ms tc=Y drp=0mm tcq=0
15:18:49.672 [ISOBUS] addr=0x81 claimed=Y load=14.2% msgs=14758 aiso=511(532819ms) xte=0.00m spd=0.00m/s q=0 ggaAge=7 vtgAge=6 xteAge=532819 xteraw=80:510302FF0D080AFF vt=Y(21/22) vtstat=510/255ms tc=Y drp=0mm tcq=0
15:18:50.665 [ISOBUS] addr=0x81 claimed=Y load=14.0% msgs=14799 aiso=512(533819ms) xte=0.00m spd=0.00m/s q=0 ggaAge=6 vtgAge=5 xteAge=533819 xteraw=80:510302FF0D080AFF vt=Y(21/22) vtstat=511/255ms tc=Y drp=0mm tcq=0
15:18:51.672 [ISOBUS] addr=0x81 claimed=Y load=14.2% msgs=14840 aiso=513(534819ms) xte=0.00m spd=0.00m/s q=0 ggaAge=6 vtgAge=6 xteAge=534819 xteraw=80:510302FF0D080AFF vt=Y(21/22) vtstat=512/255ms tc=Y drp=0mm tcq=0
15:18:52.665 [ISOBUS] addr=0x81 claimed=Y load=14.5% msgs=14883 aiso=514(535819ms) xte=0.00m spd=0.00m/s q=0 ggaAge=7 vtgAge=105 xteAge=535819 xteraw=80:510302FF0D080AFF vt=Y(21/22) vtstat=513/254ms tc=Y drp=0mm tcq=0
15:18:53.646 [ISOBUS] addr=0x81 claimed=Y load=14.2% msgs=14926 aiso=515(536819ms) xte=0.00m spd=0.00m/s q=0 ggaAge=6 vtgAge=5 xteAge=536819 xteraw=80:510302FF0D080AFF vt=Y(21/22) vtstat=514/254ms tc=Y drp=0mm tcq=0
15:18:54.664 [ISOBUS] addr=0x81 claimed=Y load=14.0% msgs=14967 aiso=516(537819ms) xte=0.00m spd=0.00m/s q=0 ggaAge=6 vtgAge=5 xteAge=537819 xteraw=80:510302FF0D080AFF vt=Y(21/22) vtstat=515/252ms tc=Y drp=0mm tcq=0
15:18:55.669 [ISOBUS] addr=0x81 claimed=Y load=14.2% msgs=15008 aiso=517(538819ms) xte=0.00m spd=0.00m/s q=0 ggaAge=6 vtgAge=6 xteAge=538819 xteraw=80:510302FF0D080AFF vt=Y(21/22) vtstat=516/251ms tc=Y drp=0mm tcq=0
15:18:56.646 [ISOBUS] addr=0x81 claimed=Y load=14.0% msgs=15049 aiso=518(539819ms) xte=0.00m spd=0.00m/s q=0 ggaAge=6 vtgAge=5 xteAge=539819 xteraw=80:510302FF0D080AFF vt=Y(21/22) vtstat=517/251ms tc=Y drp=0mm tcq=0
15:18:57.653 [ISOBUS] addr=0x81 claimed=Y load=14.2% msgs=15090 aiso=519(540819ms) xte=0.00m spd=0.00m/s q=0 ggaAge=6 vtgAge=5 xteAge=540819 xteraw=80:510302FF0D080AFF vt=Y(21/22) vtstat=518/252ms tc=Y drp=0mm tcq=0
15:18:58.671 [ISOBUS] addr=0x81 claimed=Y load=14.0% msgs=15131 aiso=520(541819ms) xte=0.00m spd=0.00m/s q=0 ggaAge=7 vtgAge=6 xteAge=541819 xteraw=80:510302FF0D080AFF vt=Y(21/22) vtstat=519/251ms tc=Y drp=0mm tcq=0
15:18:59.659 [ISOBUS] addr=0x81 claimed=Y load=14.2% msgs=15172 aiso=521(542819ms) xte=0.00m spd=0.00m/s q=0 ggaAge=6 vtgAge=6 xteAge=542819 xteraw=80:510302FF0D080AFF vt=Y(21/22) vtstat=520/251ms tc=Y drp=0mm tcq=0
15:19:00.667 [ISOBUS] addr=0x81 claimed=Y load=14.0% msgs=15213 aiso=522(543819ms) xte=0.00m spd=0.00m/s q=0 ggaAge=6 vtgAge=6 xteAge=543819 xteraw=80:510302FF0D080AFF vt=Y(21/22) vtstat=521/251ms tc=Y drp=0mm tcq=0
15:19:01.658 [ISOBUS] addr=0x81 claimed=Y load=14.2% msgs=15254 aiso=523(544819ms) xte=0.00m spd=0.00m/s q=0 ggaAge=6 vtgAge=6 xteAge=544819 xteraw=80:510302FF0D080AFF vt=Y(21/22) vtstat=522/251ms tc=Y drp=0mm tcq=0
15:19:02.675 [ISOBUS] addr=0x81 claimed=Y load=14.5% msgs=15299 aiso=524(545819ms) xte=0.00m spd=0.00m/s q=0 ggaAge=7 vtgAge=6 xteAge=545819 xteraw=80:510302FF0D080AFF vt=Y(21/22) vtstat=523/251ms tc=Y drp=0mm tcq=0
15:19:03.659 [ISOBUS] addr=0x81 claimed=Y load=14.2% msgs=15340 aiso=525(546819ms) xte=0.00m spd=0.00m/s q=0 ggaAge=6 vtgAge=5 xteAge=546819 xteraw=80:510302FF0D080AFF vt=Y(21/22) vtstat=524/250ms tc=Y drp=0mm tcq=0
15:19:04.665 [ISOBUS] addr=0x81 claimed=Y load=14.0% msgs=15381 aiso=526(547819ms) xte=0.00m spd=0.00m/s q=0 ggaAge=6 vtgAge=5 xteAge=547819 xteraw=80:510302FF0D080AFF vt=Y(21/22) vtstat=525/250ms tc=Y drp=0mm tcq=0
15:19:05.644 [ISOBUS] addr=0x81 claimed=Y load=14.2% msgs=15422 aiso=527(548819ms) xte=0.00m spd=0.00m/s q=0 ggaAge=6 vtgAge=6 xteAge=548819 xteraw=80:510302FF0D080AFF vt=Y(21/22) vtstat=526/250ms tc=Y drp=0mm tcq=0
15:19:06.647 [ISOBUS] addr=0x81 claimed=Y load=14.0% msgs=15463 aiso=528(549819ms) xte=0.00m spd=0.00m/s q=0 ggaAge=6 vtgAge=6 xteAge=549819 xteraw=80:510302FF0D080AFF vt=Y(21/22) vtstat=527/249ms tc=Y drp=0mm tcq=0
15:19:07.680 [ISOBUS] addr=0x81 claimed=Y load=14.2% msgs=15501 aiso=529(550819ms) xte=0.00m spd=0.00m/s q=0 ggaAge=107 vtgAge=106 xteAge=550819 xteraw=80:510302FF0D080AFF vt=Y(21/22) vtstat=528/249ms tc=Y drp=0mm tcq=0
15:19:08.645 [ISOBUS] addr=0x81 claimed=Y load=14.0% msgs=15544 aiso=530(551819ms) xte=0.00m spd=0.00m/s q=0 ggaAge=6 vtgAge=6 xteAge=551819 xteraw=80:510302FF0D080AFF vt=Y(21/22) vtstat=529/249ms tc=Y drp=0mm tcq=0
15:19:09.658 [ISOBUS] addr=0x81 claimed=Y load=14.2% msgs=15586 aiso=531(552819ms) xte=0.00m spd=0.00m/s q=0 ggaAge=6 vtgAge=5 xteAge=552819 xteraw=80:510302FF0D080AFF vt=Y(21/22) vtstat=530/248ms tc=Y drp=0mm tcq=0
15:19:10.667 [ISOBUS] addr=0x81 claimed=Y load=14.0% msgs=15627 aiso=532(553819ms) xte=0.00m spd=0.00m/s q=0 ggaAge=6 vtgAge=6 xteAge=553819 xteraw=80:510302FF0D080AFF vt=Y(21/22) vtstat=531/248ms tc=Y drp=0mm tcq=0
15:19:11.652 [ISOBUS] addr=0x81 claimed=Y load=14.2% msgs=15668 aiso=533(554819ms) xte=0.00m spd=0.00m/s q=0 ggaAge=5 vtgAge=5 xteAge=554819 xteraw=80:510302FF0D080AFF vt=Y(21/22) vtstat=532/248ms tc=Y drp=0mm tcq=0
15:19:12.644 [ISOBUS] addr=0x81 claimed=Y load=14.5% msgs=15713 aiso=534(555819ms) xte=0.00m spd=0.00m/s q=0 ggaAge=7 vtgAge=6 xteAge=555819 xteraw=80:510302FF0D080AFF vt=Y(21/22) vtstat=533/247ms tc=Y drp=0mm tcq=0
15:19:13.652 [ISOBUS] addr=0x81 claimed=Y load=14.2% msgs=15754 aiso=535(556819ms) xte=0.00m spd=0.00m/s q=0 ggaAge=6 vtgAge=6 xteAge=556819 xteraw=80:510302FF0D080AFF vt=Y(21/22) vtstat=534/247ms tc=Y drp=0mm tcq=0
15:19:14.674 [ISOBUS] addr=0x81 claimed=Y load=14.0% msgs=15795 aiso=536(557819ms) xte=0.00m spd=0.00m/s q=0 ggaAge=7 vtgAge=6 xteAge=557819 xteraw=80:510302FF0D080AFF vt=Y(21/22) vtstat=535/247ms tc=Y drp=0mm tcq=0
15:19:15.670 [ISOBUS] addr=0x81 claimed=Y load=14.2% msgs=15836 aiso=537(558819ms) xte=0.00m spd=0.00m/s q=0 ggaAge=6 vtgAge=6 xteAge=558819 xteraw=80:510302FF0D080AFF vt=Y(21/22) vtstat=536/246ms tc=Y drp=0mm tcq=0
15:19:16.654 [ISOBUS] addr=0x81 claimed=Y load=14.0% msgs=15877 aiso=538(559819ms) xte=0.00m spd=0.00m/s q=0 ggaAge=6 vtgAge=5 xteAge=559819 xteraw=80:510302FF0D080AFF vt=Y(21/22) vtstat=537/246ms tc=Y drp=0mm tcq=0
15:19:17.656 [ISOBUS] addr=0x81 claimed=Y load=14.2% msgs=15918 aiso=539(560819ms) xte=0.00m spd=0.00m/s q=0 ggaAge=5 vtgAge=5 xteAge=560819 xteraw=80:510302FF0D080AFF vt=Y(21/22) vtstat=538/246ms tc=Y drp=0mm tcq=0
15:19:18.653 [ISOBUS] addr=0x81 claimed=Y load=14.0% msgs=15959 aiso=540(561819ms) xte=0.00m spd=0.00m/s q=0 ggaAge=6 vtgAge=5 xteAge=561819 xteraw=80:510302FF0D080AFF vt=Y(21/22) vtstat=539/245ms tc=Y drp=0mm tcq=0
15:19:19.666 [ISOBUS] addr=0x81 claimed=Y load=14.2% msgs=16000 aiso=541(562819ms) xte=0.00m spd=0.00m/s q=0 ggaAge=7 vtgAge=6 xteAge=562819 xteraw=80:510302FF0D080AFF vt=Y(21/22) vtstat=540/245ms tc=Y drp=0mm tcq=0
15:19:20.671 [ISOBUS] addr=0x81 claimed=Y load=14.0% msgs=16041 aiso=542(563819ms) xte=0.00m spd=0.00m/s q=0 ggaAge=6 vtgAge=5 xteAge=563819 xteraw=80:510302FF0D080AFF vt=Y(21/22) vtstat=541/245ms tc=Y drp=0mm tcq=0
15:19:21.649 [ISOBUS] addr=0x81 claimed=Y load=14.2% msgs=16082 aiso=543(564819ms) xte=0.00m spd=0.00m/s q=0 ggaAge=6 vtgAge=5 xteAge=564819 xteraw=80:510302FF0D080AFF vt=Y(21/22) vtstat=542/244ms tc=Y drp=0mm tcq=0
15:19:22.656 [ISOBUS] addr=0x81 claimed=Y load=14.5% msgs=16127 aiso=544(565819ms) xte=0.00m spd=0.00m/s q=0 ggaAge=6 vtgAge=6 xteAge=565819 xteraw=80:510302FF0D080AFF vt=Y(21/22) vtstat=543/244ms tc=Y drp=0mm tcq=0
15:19:23.658 [ISOBUS] addr=0x81 claimed=Y load=14.2% msgs=16168 aiso=545(566819ms) xte=0.00m spd=0.00m/s q=0 ggaAge=6 vtgAge=5 xteAge=566819 xteraw=80:510302FF0D080AFF vt=Y(21/22) vtstat=544/244ms tc=Y drp=0mm tcq=0
15:19:24.645 [ISOBUS] addr=0x81 claimed=Y load=14.0% msgs=16209 aiso=546(567819ms) xte=0.00m spd=0.00m/s q=0 ggaAge=6 vtgAge=5 xteAge=567819 xteraw=80:510302FF0D080AFF vt=Y(21/22) vtstat=545/243ms tc=Y drp=0mm tcq=0
15:19:25.665 [ISOBUS] addr=0x81 claimed=Y load=14.2% msgs=16250 aiso=547(568819ms) xte=0.00m spd=0.00m/s q=0 ggaAge=6 vtgAge=6 xteAge=568819 xteraw=80:510302FF0D080AFF vt=Y(21/22) vtstat=546/243ms tc=Y drp=0mm tcq=0
15:19:26.658 [ISOBUS] addr=0x81 claimed=Y load=14.0% msgs=16291 aiso=548(569819ms) xte=0.00m spd=0.00m/s q=0 ggaAge=6 vtgAge=6 xteAge=569819 xteraw=80:510302FF0D080AFF vt=Y(21/22) vtstat=547/241ms tc=Y drp=0mm tcq=0
15:19:27.646 [ISOBUS] addr=0x81 claimed=Y load=14.2% msgs=16332 aiso=549(570819ms) xte=0.00m spd=0.00m/s q=0 ggaAge=6 vtgAge=5 xteAge=570819 xteraw=80:510302FF0D080AFF vt=Y(21/22) vtstat=548/241ms tc=Y drp=0mm tcq=0
15:19:28.661 [ISOBUS] addr=0x81 claimed=Y load=14.0% msgs=16373 aiso=550(571819ms) xte=0.00m spd=0.00m/s q=0 ggaAge=5 vtgAge=5 xteAge=571819 xteraw=80:510302FF0D080AFF vt=Y(21/22) vtstat=549/241ms tc=Y drp=0mm tcq=0
15:19:29.659 [ISOBUS] addr=0x81 claimed=Y load=14.2% msgs=16414 aiso=551(572819ms) xte=0.00m spd=0.00m/s q=0 ggaAge=6 vtgAge=5 xteAge=572819 xteraw=80:510302FF0D080AFF vt=Y(21/22) vtstat=550/241ms tc=Y drp=0mm tcq=0
15:19:30.676 [ISOBUS] addr=0x81 claimed=Y load=14.0% msgs=16455 aiso=552(573819ms) xte=0.00m spd=0.00m/s q=0 ggaAge=6 vtgAge=6 xteAge=573819 xteraw=80:510302FF0D080AFF vt=Y(21/22) vtstat=551/241ms tc=Y drp=0mm tcq=0
15:19:31.651 [ISOBUS] addr=0x81 claimed=Y load=14.2% msgs=16496 aiso=553(574819ms) xte=0.00m spd=0.00m/s q=0 ggaAge=6 vtgAge=5 xteAge=574819 xteraw=80:510302FF0D080AFF vt=Y(21/22) vtstat=552/241ms tc=Y drp=0mm tcq=0
15:19:32.667 [ISOBUS] addr=0x81 claimed=Y load=14.5% msgs=16541 aiso=554(575819ms) xte=0.00m spd=0.00m/s q=0 ggaAge=6 vtgAge=5 xteAge=575819 xteraw=80:510302FF0D080AFF vt=Y(21/22) vtstat=553/240ms tc=Y drp=0mm tcq=0
15:19:33.673 [ISOBUS] addr=0x81 claimed=Y load=14.2% msgs=16582 aiso=555(576819ms) xte=0.00m spd=0.00m/s q=0 ggaAge=6 vtgAge=5 xteAge=576819 xteraw=80:510302FF0D080AFF vt=Y(21/22) vtstat=554/240ms tc=Y drp=0mm tcq=0
15:19:34.652 [ISOBUS] addr=0x81 claimed=Y load=14.0% msgs=16623 aiso=556(577819ms) xte=0.00m spd=0.00m/s q=0 ggaAge=5 vtgAge=5 xteAge=577819 xteraw=80:510302FF0D080AFF vt=Y(21/22) vtstat=555/240ms tc=Y drp=0mm tcq=0
15:19:35.647 [ISOBUS] addr=0x81 claimed=Y load=14.2% msgs=16664 aiso=557(578819ms) xte=0.00m spd=0.00m/s q=0 ggaAge=6 vtgAge=5 xteAge=578819 xteraw=80:510302FF0D080AFF vt=Y(21/22) vtstat=556/239ms tc=Y drp=0mm tcq=0
15:19:38.405 [ISOBUS] addr=0x81 claimed=Y load=14.0% msgs=16705 aiso=558(579819ms) xte=0.00m spd=0.00m/s q=0 ggaAge=6 vtgAge=5 xteAge=579819 xteraw=80:510302FF0D080AFF vt=Y(21/22) vtstat=557/239ms tc=Y drp=0mm tcq=0
15:19:38.405 [ISOBUS] addr=0x81 claimed=Y load=14.2% msgs=16745 aiso=559(580819ms) xte=0.00m spd=0.00m/s q=0 ggaAge=6 vtgAge=6 xteAge=580819 xteraw=80:510302FF0D080AFF vt=Y(21/22) vtstat=558/239ms tc=Y drp=0mm tcq=0
15:19:38.785 [ISOBUS] addr=0x81 claimed=Y load=14.0% msgs=16787 aiso=560(581819ms) xte=0.00m spd=0.00m/s q=0 ggaAge=6 vtgAge=5 xteAge=581819 xteraw=80:510302FF0D080AFF vt=Y(21/22) vtstat=559/238ms tc=Y drp=0mm tcq=0
15:19:39.661 [ISOBUS] addr=0x81 claimed=Y load=14.2% msgs=16828 aiso=561(582819ms) xte=0.00m spd=0.00m/s q=0 ggaAge=6 vtgAge=5 xteAge=582819 xteraw=80:510302FF0D080AFF vt=Y(21/22) vtstat=560/238ms tc=Y drp=0mm tcq=0
15:19:40.658 [ISOBUS] addr=0x81 claimed=Y load=14.0% msgs=16869 aiso=562(583819ms) xte=0.00m spd=0.00m/s q=0 ggaAge=6 vtgAge=5 xteAge=583819 xteraw=80:510302FF0D080AFF vt=Y(21/22) vtstat=561/238ms tc=Y drp=0mm tcq=0
15:19:41.665 [ISOBUS] addr=0x81 claimed=Y load=14.2% msgs=16910 aiso=563(584819ms) xte=0.00m spd=0.00m/s q=0 ggaAge=6 vtgAge=5 xteAge=584819 xteraw=80:510302FF0D080AFF vt=Y(21/22) vtstat=562/237ms tc=Y drp=0mm tcq=0
15:19:42.671 [ISOBUS] addr=0x81 claimed=Y load=14.5% msgs=16955 aiso=564(585819ms) xte=0.00m spd=0.00m/s q=0 ggaAge=6 vtgAge=5 xteAge=585819 xteraw=80:510302FF0D080AFF vt=Y(21/22) vtstat=563/237ms tc=Y drp=0mm tcq=0
15:19:43.679 [ISOBUS] addr=0x81 claimed=Y load=14.2% msgs=16996 aiso=565(586819ms) xte=0.00m spd=0.00m/s q=0 ggaAge=6 vtgAge=5 xteAge=586819 xteraw=80:510302FF0D080AFF vt=Y(21/22) vtstat=564/236ms tc=Y drp=0mm tcq=0
15:19:44.661 [ISOBUS] addr=0x81 claimed=Y load=14.0% msgs=17037 aiso=566(587819ms) xte=0.00m spd=0.00m/s q=0 ggaAge=6 vtgAge=6 xteAge=587819 xteraw=80:510302FF0D080AFF vt=Y(21/22) vtstat=565/236ms tc=Y drp=0mm tcq=0
15:19:45.653 [ISOBUS] addr=0x81 claimed=Y load=14.2% msgs=17078 aiso=567(588819ms) xte=0.00m spd=0.00m/s q=0 ggaAge=5 vtgAge=5 xteAge=588819 xteraw=80:510302FF0D080AFF vt=Y(21/22) vtstat=566/235ms tc=Y drp=0mm tcq=0
15:19:46.661 [ISOBUS] addr=0x81 claimed=Y load=14.0% msgs=17119 aiso=568(589819ms) xte=0.00m spd=0.00m/s q=0 ggaAge=5 vtgAge=5 xteAge=589819 xteraw=80:510302FF0D080AFF vt=Y(21/22) vtstat=567/235ms tc=Y drp=0mm tcq=0
15:19:47.650 [ISOBUS] addr=0x81 claimed=Y load=14.2% msgs=17160 aiso=569(590819ms) xte=0.00m spd=0.00m/s q=0 ggaAge=6 vtgAge=5 xteAge=590819 xteraw=80:510302FF0D080AFF vt=Y(21/22) vtstat=568/235ms tc=Y drp=0mm tcq=0
15:19:48.668 [ISOBUS] addr=0x81 claimed=Y load=14.0% msgs=17201 aiso=570(591819ms) xte=0.00m spd=0.00m/s q=0 ggaAge=5 vtgAge=5 xteAge=591819 xteraw=80:510302FF0D080AFF vt=Y(21/22) vtstat=569/234ms tc=Y drp=0mm tcq=0
15:19:49.692 [ISOBUS] addr=0x81 claimed=Y load=14.2% msgs=17242 aiso=571(592819ms) xte=0.00m spd=0.00m/s q=0 ggaAge=6 vtgAge=5 xteAge=592819 xteraw=80:510302FF0D080AFF vt=Y(21/22) vtstat=570/234ms tc=Y drp=0mm tcq=0
15:19:50.664 [ISOBUS] addr=0x81 claimed=Y load=14.0% msgs=17283 aiso=572(593819ms) xte=0.00m spd=0.00m/s q=0 ggaAge=6 vtgAge=5 xteAge=593819 xteraw=80:510302FF0D080AFF vt=Y(21/22) vtstat=571/234ms tc=Y drp=0mm tcq=0
15:19:51.664 [ISOBUS] addr=0x81 claimed=Y load=14.2% msgs=17324 aiso=573(594819ms) xte=0.00m spd=0.00m/s q=0 ggaAge=6 vtgAge=5 xteAge=594819 xteraw=80:510302FF0D080AFF vt=Y(21/22) vtstat=572/233ms tc=Y drp=0mm tcq=0
15:19:52.677 [ISOBUS] addr=0x81 claimed=Y load=14.5% msgs=17369 aiso=574(595819ms) xte=0.00m spd=0.00m/s q=0 ggaAge=5 vtgAge=5 xteAge=595819 xteraw=80:510302FF0D080AFF vt=Y(21/22) vtstat=573/233ms tc=Y drp=0mm tcq=0
15:19:53.681 [ISOBUS] addr=0x81 claimed=Y load=14.2% msgs=17410 aiso=575(596819ms) xte=0.00m spd=0.00m/s q=0 ggaAge=6 vtgAge=5 xteAge=596819 xteraw=80:510302FF0D080AFF vt=Y(21/22) vtstat=574/232ms tc=Y drp=0mm tcq=0
15:19:54.118 I] [NM]: Control function with address 205 and NAME 000000000000000lx is now offline on channel 198344577.
15:19:54.651 [ISOBUS] addr=0x81 claimed=Y load=14.0% msgs=17451 aiso=576(597819ms) xte=0.00m spd=0.00m/s q=0 ggaAge=6 vtgAge=5 xteAge=597819 xteraw=80:510302FF0D080AFF vt=Y(21/22) vtstat=575/232ms tc=Y drp=0mm tcq=0
15:19:55.355 I] [NM]: External control function with name 000000000000000lx has claimed address 198344577 on channel 2684363008.
15:19:55.650 [ISOBUS] addr=0x81 claimed=Y load=14.2% msgs=17492 aiso=577(598819ms) xte=0.00m spd=0.00m/s q=0 ggaAge=5 vtgAge=5 xteAge=598819 xteraw=80:510302FF0D080AFF vt=Y(21/22) vtstat=576/230ms tc=Y drp=0mm tcq=0
15:19:56.657 [ISOBUS] addr=0x81 claimed=Y load=14.0% msgs=17533 aiso=578(599819ms) xte=0.00m spd=0.00m/s q=0 ggaAge=6 vtgAge=5 xteAge=599819 xteraw=80:510302FF0D080AFF vt=Y(21/22) vtstat=577/230ms tc=Y drp=0mm tcq=0
15:19:57.654 [ISOBUS] addr=0x81 claimed=Y load=14.2% msgs=17574 aiso=579(600819ms) xte=0.00m spd=0.00m/s q=0 ggaAge=6 vtgAge=5 xteAge=600819 xteraw=80:510302FF0D080AFF vt=Y(21/22) vtstat=578/230ms tc=Y drp=0mm tcq=0
15:19:58.660 [ISOBUS] addr=0x81 claimed=Y load=14.0% msgs=17615 aiso=580(601819ms) xte=0.00m spd=0.00m/s q=0 ggaAge=6 vtgAge=5 xteAge=601819 xteraw=80:510302FF0D080AFF vt=Y(21/22) vtstat=579/230ms tc=Y drp=0mm tcq=0
15:19:59.650 [ISOBUS] addr=0x81 claimed=Y load=14.2% msgs=17656 aiso=581(602819ms) xte=0.00m spd=0.00m/s q=0 ggaAge=5 vtgAge=5 xteAge=602819 xteraw=80:510302FF0D080AFF vt=Y(21/22) vtstat=580/230ms tc=Y drp=0mm tcq=0
15:20:00.661 [ISOBUS] addr=0x81 claimed=Y load=14.0% msgs=17697 aiso=582(603819ms) xte=0.00m spd=0.00m/s q=0 ggaAge=6 vtgAge=5 xteAge=603819 xteraw=80:510302FF0D080AFF vt=Y(21/22) vtstat=581/230ms tc=Y drp=0mm tcq=0
15:20:01.672 [ISOBUS] addr=0x81 claimed=Y load=14.2% msgs=17738 aiso=583(604819ms) xte=0.00m spd=0.00m/s q=0 ggaAge=6 vtgAge=6 xteAge=604819 xteraw=80:510302FF0D080AFF vt=Y(21/22) vtstat=582/229ms tc=Y drp=0mm tcq=0
15:20:02.657 [ISOBUS] addr=0x81 claimed=Y load=14.5% msgs=17783 aiso=584(605819ms) xte=0.00m spd=0.00m/s q=0 ggaAge=6 vtgAge=5 xteAge=605819 xteraw=80:510302FF0D080AFF vt=Y(21/22) vtstat=583/229ms tc=Y drp=0mm tcq=0
15:20:03.648 [ISOBUS] addr=0x81 claimed=Y load=14.2% msgs=17824 aiso=585(606819ms) xte=0.00m spd=0.00m/s q=0 ggaAge=5 vtgAge=5 xteAge=606819 xteraw=80:510302FF0D080AFF vt=Y(21/22) vtstat=584/229ms tc=Y drp=0mm tcq=0
15:20:04.678 [ISOBUS] addr=0x81 claimed=Y load=14.0% msgs=17865 aiso=586(607819ms) xte=0.00m spd=0.00m/s q=0 ggaAge=5 vtgAge=5 xteAge=607819 xteraw=80:510302FF0D080AFF vt=Y(21/22) vtstat=585/228ms tc=Y drp=0mm tcq=0
15:20:05.648 [ISOBUS] addr=0x81 claimed=Y load=14.2% msgs=17906 aiso=587(608819ms) xte=0.00m spd=0.00m/s q=0 ggaAge=6 vtgAge=5 xteAge=608819 xteraw=80:510302FF0D080AFF vt=Y(21/22) vtstat=586/228ms tc=Y drp=0mm tcq=0
15:20:06.674 [ISOBUS] addr=0x81 claimed=Y load=14.0% msgs=17947 aiso=588(609819ms) xte=0.00m spd=0.00m/s q=0 ggaAge=5 vtgAge=5 xteAge=609819 xteraw=80:510302FF0D080AFF vt=Y(21/22) vtstat=587/227ms tc=Y drp=0mm tcq=0
15:20:07.647 [ISOBUS] addr=0x81 claimed=Y load=14.2% msgs=17988 aiso=589(610819ms) xte=0.00m spd=0.00m/s q=0 ggaAge=5 vtgAge=5 xteAge=610819 xteraw=80:510302FF0D080AFF vt=Y(21/22) vtstat=588/227ms tc=Y drp=0mm tcq=0
15:20:08.680 [ISOBUS] addr=0x81 claimed=Y load=14.0% msgs=18029 aiso=590(611819ms) xte=0.00m spd=0.00m/s q=0 ggaAge=5 vtgAge=5 xteAge=611819 xteraw=80:510302FF0D080AFF vt=Y(21/22) vtstat=589/227ms tc=Y drp=0mm tcq=0
15:20:09.648 [ISOBUS] addr=0x81 claimed=Y load=14.2% msgs=18070 aiso=591(612819ms) xte=0.00m spd=0.00m/s q=0 ggaAge=5 vtgAge=5 xteAge=612819 xteraw=80:510302FF0D080AFF vt=Y(21/22) vtstat=590/226ms tc=Y drp=0mm tcq=0
15:20:10.659 [ISOBUS] addr=0x81 claimed=Y load=14.0% msgs=18111 aiso=592(613819ms) xte=0.00m spd=0.00m/s q=0 ggaAge=6 vtgAge=5 xteAge=613819 xteraw=80:510302FF0D080AFF vt=Y(21/22) vtstat=591/226ms tc=Y drp=0mm tcq=0
15:20:11.650 [ISOBUS] addr=0x81 claimed=Y load=14.2% msgs=18152 aiso=593(614819ms) xte=0.00m spd=0.00m/s q=0 ggaAge=6 vtgAge=5 xteAge=614819 xteraw=80:510302FF0D080AFF vt=Y(21/22) vtstat=592/226ms tc=Y drp=0mm tcq=0
15:20:12.656 [ISOBUS] addr=0x81 claimed=Y load=14.5% msgs=18197 aiso=594(615819ms) xte=0.00m spd=0.00m/s q=0 ggaAge=5 vtgAge=5 xteAge=615819 xteraw=80:510302FF0D080AFF vt=Y(21/22) vtstat=593/225ms tc=Y drp=0mm tcq=0
15:20:13.664 [ISOBUS] addr=0x81 claimed=Y load=14.2% msgs=18238 aiso=595(616819ms) xte=0.00m spd=0.00m/s q=0 ggaAge=6 vtgAge=5 xteAge=616819 xteraw=80:510302FF0D080AFF vt=Y(21/22) vtstat=594/225ms tc=Y drp=0mm tcq=0
15:20:14.668 [ISOBUS] addr=0x81 claimed=Y load=14.0% msgs=18279 aiso=596(617819ms) xte=0.00m spd=0.00m/s q=0 ggaAge=5 vtgAge=4 xteAge=617819 xteraw=80:510302FF0D080AFF vt=Y(21/22) vtstat=595/224ms tc=Y drp=0mm tcq=0
15:20:15.660 [ISOBUS] addr=0x81 claimed=Y load=14.2% msgs=18320 aiso=597(618819ms) xte=0.00m spd=0.00m/s q=0 ggaAge=5 vtgAge=5 xteAge=618819 xteraw=80:510302FF0D080AFF vt=Y(21/22) vtstat=596/224ms tc=Y drp=0mm tcq=0
15:20:16.650 [ISOBUS] addr=0x81 claimed=Y load=14.0% msgs=18361 aiso=598(619819ms) xte=0.00m spd=0.00m/s q=0 ggaAge=6 vtgAge=5 xteAge=619819 xteraw=80:510302FF0D080AFF vt=Y(21/22) vtstat=597/223ms tc=Y drp=0mm tcq=0
15:20:17.675 [ISOBUS] addr=0x81 claimed=Y load=14.2% msgs=18402 aiso=599(620819ms) xte=0.00m spd=0.00m/s q=0 ggaAge=5 vtgAge=5 xteAge=620819 xteraw=80:510302FF0D080AFF vt=Y(21/22) vtstat=598/223ms tc=Y drp=0mm tcq=0
15:20:18.671 [ISOBUS] addr=0x81 claimed=Y load=14.0% msgs=18443 aiso=600(621819ms) xte=0.00m spd=0.00m/s q=0 ggaAge=5 vtgAge=5 xteAge=621819 xteraw=80:510302FF0D080AFF vt=Y(21/22) vtstat=599/223ms tc=Y drp=0mm tcq=0
15:20:19.663 [ISOBUS] addr=0x81 claimed=Y load=14.2% msgs=18484 aiso=601(622819ms) xte=0.00m spd=0.00m/s q=0 ggaAge=6 vtgAge=5 xteAge=622819 xteraw=80:510302FF0D080AFF vt=Y(21/22) vtstat=600/222ms tc=Y drp=0mm tcq=0
15:20:20.656 [ISOBUS] addr=0x81 claimed=Y load=14.0% msgs=18525 aiso=602(623819ms) xte=0.00m spd=0.00m/s q=0 ggaAge=5 vtgAge=4 xteAge=623819 xteraw=80:510302FF0D080AFF vt=Y(21/22) vtstat=601/222ms tc=Y drp=0mm tcq=0
15:20:21.692 [ISOBUS] addr=0x81 claimed=Y load=14.2% msgs=18566 aiso=603(624819ms) xte=0.00m spd=0.00m/s q=0 ggaAge=6 vtgAge=5 xteAge=624819 xteraw=80:510302FF0D080AFF vt=Y(21/22) vtstat=602/221ms tc=Y drp=0mm tcq=0
15:20:22.656 [ISOBUS] addr=0x81 claimed=Y load=14.5% msgs=18611 aiso=604(625819ms) xte=0.00m spd=0.00m/s q=0 ggaAge=6 vtgAge=5 xteAge=625819 xteraw=80:510302FF0B0609FF vt=Y(21/22) vtstat=603/221ms tc=Y drp=0mm tcq=0
15:20:23.669 [ISOBUS] addr=0x81 claimed=Y load=14.2% msgs=18652 aiso=605(626819ms) xte=0.00m spd=0.00m/s q=0 ggaAge=6 vtgAge=5 xteAge=626819 xteraw=80:510302FF0D080AFF vt=Y(21/22) vtstat=604/221ms tc=Y drp=0mm tcq=0
15:20:24.652 [ISOBUS] addr=0x81 claimed=Y load=14.0% msgs=18693 aiso=606(627819ms) xte=0.00m spd=0.00m/s q=0 ggaAge=6 vtgAge=5 xteAge=627819 xteraw=80:510302FF0D080AFF vt=Y(21/22) vtstat=605/221ms tc=Y drp=0mm tcq=0
15:20:25.682 [ISOBUS] addr=0x81 claimed=Y load=14.2% msgs=18734 aiso=607(628819ms) xte=0.00m spd=0.00m/s q=0 ggaAge=5 vtgAge=5 xteAge=628819 xteraw=80:510302FF0D080AFF vt=Y(21/22) vtstat=606/220ms tc=Y drp=0mm tcq=0
15:20:26.669 [ISOBUS] addr=0x81 claimed=Y load=14.0% msgs=18775 aiso=608(629819ms) xte=0.00m spd=0.00m/s q=0 ggaAge=5 vtgAge=5 xteAge=629819 xteraw=80:510302FF0D080AFF vt=Y(21/22) vtstat=607/220ms tc=Y drp=0mm tcq=0
15:20:27.670 [ISOBUS] addr=0x81 claimed=Y load=14.2% msgs=18816 aiso=609(630819ms) xte=0.00m spd=0.00m/s q=0 ggaAge=5 vtgAge=4 xteAge=630819 xteraw=80:510302FF0D080AFF vt=Y(21/22) vtstat=608/219ms tc=Y drp=0mm tcq=0
15:20:28.650 [ISOBUS] addr=0x81 claimed=Y load=14.0% msgs=18857 aiso=610(631819ms) xte=0.00m spd=0.00m/s q=0 ggaAge=6 vtgAge=5 xteAge=631819 xteraw=80:510302FF0D080AFF vt=Y(21/22) vtstat=609/219ms tc=Y drp=0mm tcq=0
15:20:29.674 [ISOBUS] addr=0x81 claimed=Y load=14.2% msgs=18898 aiso=611(632819ms) xte=0.00m spd=0.00m/s q=0 ggaAge=5 vtgAge=5 xteAge=632819 xteraw=80:510302FF0D080AFF vt=Y(21/22) vtstat=610/219ms tc=Y drp=0mm tcq=0
15:20:30.678 [ISOBUS] addr=0x81 claimed=Y load=14.0% msgs=18939 aiso=612(633819ms) xte=0.00m spd=0.00m/s q=0 ggaAge=5 vtgAge=5 xteAge=633819 xteraw=80:510302FF0D080AFF vt=Y(21/22) vtstat=611/218ms tc=Y drp=0mm tcq=0
15:20:31.669 [ISOBUS] addr=0x81 claimed=Y load=14.1% msgs=18980 aiso=613(634819ms) xte=0.00m spd=0.00m/s q=0 ggaAge=5 vtgAge=5 xteAge=634819 xteraw=80:510302FF0D080AFF vt=Y(21/22) vtstat=612/218ms tc=Y drp=0mm tcq=0
15:20:32.651 [ISOBUS] addr=0x81 claimed=Y load=14.6% msgs=19025 aiso=614(635819ms) xte=0.00m spd=0.00m/s q=0 ggaAge=5 vtgAge=5 xteAge=635819 xteraw=80:510302FF0D080AFF vt=Y(21/22) vtstat=613/218ms tc=Y drp=0mm tcq=0
15:20:33.671 [ISOBUS] addr=0x81 claimed=Y load=14.2% msgs=19066 aiso=615(636819ms) xte=0.00m spd=0.00m/s q=0 ggaAge=4 vtgAge=3 xteAge=636819 xteraw=80:510302FF0D080AFF vt=Y(21/22) vtstat=614/217ms tc=Y drp=0mm tcq=0
15:20:34.652 [ISOBUS] addr=0x81 claimed=Y load=14.0% msgs=19107 aiso=616(637819ms) xte=0.00m spd=0.00m/s q=0 ggaAge=5 vtgAge=4 xteAge=637819 xteraw=80:510302FF0D080AFF vt=Y(21/22) vtstat=615/217ms tc=Y drp=0mm tcq=0
15:20:35.662 [ISOBUS] addr=0x81 claimed=Y load=14.2% msgs=19148 aiso=617(638819ms) xte=0.00m spd=0.00m/s q=0 ggaAge=5 vtgAge=5 xteAge=638819 xteraw=80:510302FF0D080AFF vt=Y(21/22) vtstat=616/217ms tc=Y drp=0mm tcq=0
15:20:36.654 [ISOBUS] addr=0x81 claimed=Y load=14.0% msgs=19189 aiso=618(639819ms) xte=0.00m spd=0.00m/s q=0 ggaAge=4 vtgAge=3 xteAge=639819 xteraw=80:510302FF0D080AFF vt=Y(21/22) vtstat=617/216ms tc=Y drp=0mm tcq=0
15:20:37.679 [ISOBUS] addr=0x81 claimed=Y load=14.2% msgs=19230 aiso=619(640819ms) xte=0.00m spd=0.00m/s q=0 ggaAge=5 vtgAge=5 xteAge=640819 xteraw=80:510302FF0D080AFF vt=Y(21/22) vtstat=618/216ms tc=Y drp=0mm tcq=0
15:20:38.655 [ISOBUS] addr=0x81 claimed=Y load=14.0% msgs=19271 aiso=620(641819ms) xte=0.00m spd=0.00m/s q=0 ggaAge=5 vtgAge=4 xteAge=641819 xteraw=80:510302FF0D080AFF vt=Y(21/22) vtstat=619/215ms tc=Y drp=0mm tcq=0
15:20:39.664 [ISOBUS] addr=0x81 claimed=Y load=14.2% msgs=19312 aiso=621(642819ms) xte=0.00m spd=0.00m/s q=0 ggaAge=5 vtgAge=5 xteAge=642819 xteraw=80:510302FF0D080AFF vt=Y(21/22) vtstat=620/215ms tc=Y drp=0mm tcq=0
15:20:40.670 [ISOBUS] addr=0x81 claimed=Y load=14.0% msgs=19353 aiso=622(643819ms) xte=0.00m spd=0.00m/s q=0 ggaAge=5 vtgAge=5 xteAge=643819 xteraw=80:510302FF0D080AFF vt=Y(21/22) vtstat=621/215ms tc=Y drp=0mm tcq=0
15:20:41.649 [ISOBUS] addr=0x81 claimed=Y load=14.2% msgs=19394 aiso=623(644819ms) xte=0.00m spd=0.00m/s q=0 ggaAge=6 vtgAge=5 xteAge=644819 xteraw=80:510302FF0D080AFF vt=Y(21/22) vtstat=622/214ms tc=Y drp=0mm tcq=0
15:20:42.654 [ISOBUS] addr=0x81 claimed=Y load=14.6% msgs=19439 aiso=624(645819ms) xte=0.00m spd=0.00m/s q=0 ggaAge=5 vtgAge=5 xteAge=645819 xteraw=80:510302FF0D080AFF vt=Y(21/22) vtstat=623/214ms tc=Y drp=0mm tcq=0
15:20:43.661 [ISOBUS] addr=0x81 claimed=Y load=14.2% msgs=19480 aiso=625(646819ms) xte=0.00m spd=0.00m/s q=0 ggaAge=5 vtgAge=4 xteAge=646819 xteraw=80:510302FF0D080AFF vt=Y(21/22) vtstat=624/214ms tc=Y drp=0mm tcq=0
15:20:44.674 [ISOBUS] addr=0x81 claimed=Y load=14.0% msgs=19521 aiso=626(647819ms) xte=0.00m spd=0.00m/s q=0 ggaAge=5 vtgAge=4 xteAge=647819 xteraw=80:510302FF0D080AFF vt=Y(21/22) vtstat=625/213ms tc=Y drp=0mm tcq=0
15:20:45.652 [ISOBUS] addr=0x81 claimed=Y load=14.2% msgs=19562 aiso=627(648819ms) xte=0.00m spd=0.00m/s q=0 ggaAge=5 vtgAge=4 xteAge=648819 xteraw=80:510302FF0D080AFF vt=Y(21/22) vtstat=626/213ms tc=Y drp=0mm tcq=0
15:20:46.670 [ISOBUS] addr=0x81 claimed=Y load=14.0% msgs=19603 aiso=628(649819ms) xte=0.00m spd=0.00m/s q=0 ggaAge=5 vtgAge=4 xteAge=649819 xteraw=80:510302FF0D080AFF vt=Y(21/22) vtstat=627/213ms tc=Y drp=0mm tcq=0
15:20:47.664 [ISOBUS] addr=0x81 claimed=Y load=14.2% msgs=19644 aiso=629(650819ms) xte=0.00m spd=0.00m/s q=0 ggaAge=5 vtgAge=5 xteAge=650819 xteraw=80:510302FF0D080AFF vt=Y(21/22) vtstat=628/212ms tc=Y drp=0mm tcq=0
15:20:48.658 [ISOBUS] addr=0x81 claimed=Y load=14.0% msgs=19685 aiso=630(651819ms) xte=0.00m spd=0.00m/s q=0 ggaAge=5 vtgAge=4 xteAge=651819 xteraw=80:510302FF0D080AFF vt=Y(21/22) vtstat=629/212ms tc=Y drp=0mm tcq=0
15:20:49.650 [ISOBUS] addr=0x81 claimed=Y load=14.2% msgs=19726 aiso=631(652819ms) xte=0.00m spd=0.00m/s q=0 ggaAge=5 vtgAge=4 xteAge=652819 xteraw=80:510302FF0D080AFF vt=Y(21/22) vtstat=630/212ms tc=Y drp=0mm tcq=0
15:20:50.656 [ISOBUS] addr=0x81 claimed=Y load=14.0% msgs=19767 aiso=632(653819ms) xte=0.00m spd=0.00m/s q=0 ggaAge=5 vtgAge=4 xteAge=653819 xteraw=80:510302FF0D080AFF vt=Y(21/22) vtstat=631/211ms tc=Y drp=0mm tcq=0
15:20:51.656 [ISOBUS] addr=0x81 claimed=Y load=14.2% msgs=19808 aiso=633(654819ms) xte=0.00m spd=0.00m/s q=0 ggaAge=5 vtgAge=4 xteAge=654819 xteraw=80:510302FF0D080AFF vt=Y(21/22) vtstat=632/210ms tc=Y drp=0mm tcq=0
15:20:52.679 [ISOBUS] addr=0x81 claimed=Y load=14.5% msgs=19853 aiso=634(655819ms) xte=0.00m spd=0.00m/s q=0 ggaAge=5 vtgAge=5 xteAge=655819 xteraw=80:510302FF0D080AFF vt=Y(21/22) vtstat=633/210ms tc=Y drp=0mm tcq=0
15:20:53.650 [ISOBUS] addr=0x81 claimed=Y load=14.2% msgs=19894 aiso=635(656819ms) xte=0.00m spd=0.00m/s q=0 ggaAge=5 vtgAge=5 xteAge=656819 xteraw=80:510302FF0D080AFF vt=Y(21/22) vtstat=634/209ms tc=Y drp=0mm tcq=0
15:20:54.658 [ISOBUS] addr=0x81 claimed=Y load=14.0% msgs=19935 aiso=636(657819ms) xte=0.00m spd=0.00m/s q=0 ggaAge=5 vtgAge=4 xteAge=657819 xteraw=80:510302FF0D080AFF vt=Y(21/22) vtstat=635/210ms tc=Y drp=0mm tcq=0
15:20:55.670 [ISOBUS] addr=0x81 claimed=Y load=14.2% msgs=19976 aiso=637(658819ms) xte=0.00m spd=0.00m/s q=0 ggaAge=5 vtgAge=4 xteAge=658819 xteraw=80:510302FF0D080AFF vt=Y(21/22) vtstat=636/209ms tc=Y drp=0mm tcq=0
15:20:56.650 [ISOBUS] addr=0x81 claimed=Y load=14.0% msgs=20017 aiso=638(659819ms) xte=0.00m spd=0.00m/s q=0 ggaAge=5 vtgAge=5 xteAge=659819 xteraw=80:510302FF0D080AFF vt=Y(21/22) vtstat=637/209ms tc=Y drp=0mm tcq=0
15:20:57.650 [ISOBUS] addr=0x81 claimed=Y load=14.3% msgs=20058 aiso=639(660819ms) xte=0.00m spd=0.00m/s q=0 ggaAge=5 vtgAge=4 xteAge=660819 xteraw=80:510302FF0D080AFF vt=Y(21/22) vtstat=638/209ms tc=Y drp=0mm tcq=0
15:20:58.671 [ISOBUS] addr=0x81 claimed=Y load=14.0% msgs=20099 aiso=640(661819ms) xte=0.00m spd=0.00m/s q=0 ggaAge=5 vtgAge=4 xteAge=661819 xteraw=80:510302FF0D080AFF vt=Y(21/22) vtstat=639/208ms tc=Y drp=0mm tcq=0
15:20:59.666 [ISOBUS] addr=0x81 claimed=Y load=14.2% msgs=20140 aiso=641(662819ms) xte=0.00m spd=0.00m/s q=0 ggaAge=5 vtgAge=4 xteAge=662819 xteraw=80:510302FF0D080AFF vt=Y(21/22) vtstat=640/208ms tc=Y drp=0mm tcq=0
15:21:00.674 [ISOBUS] addr=0x81 claimed=Y load=14.0% msgs=20181 aiso=642(663819ms) xte=0.00m spd=0.00m/s q=0 ggaAge=5 vtgAge=5 xteAge=663819 xteraw=80:510302FF0D080AFF vt=Y(21/22) vtstat=641/208ms tc=Y drp=0mm tcq=0
15:21:01.669 [ISOBUS] addr=0x81 claimed=Y load=14.2% msgs=20222 aiso=643(664819ms) xte=0.00m spd=0.00m/s q=0 ggaAge=5 vtgAge=5 xteAge=664819 xteraw=80:510302FF0D080AFF vt=Y(21/22) vtstat=642/207ms tc=Y drp=0mm tcq=0
15:21:02.661 [ISOBUS] addr=0x81 claimed=Y load=14.5% msgs=20264 aiso=644(665819ms) xte=0.00m spd=0.00m/s q=0 ggaAge=105 vtgAge=104 xteAge=665819 xteraw=80:510302FF0D080AFF vt=Y(21/22) vtstat=643/207ms tc=Y drp=0mm tcq=0
15:21:03.671 [ISOBUS] addr=0x81 claimed=Y load=14.2% msgs=20308 aiso=645(666819ms) xte=0.00m spd=0.00m/s q=0 ggaAge=5 vtgAge=4 xteAge=666819 xteraw=80:510302FF0D080AFF vt=Y(21/22) vtstat=644/205ms tc=Y drp=0mm tcq=0
15:21:04.663 [ISOBUS] addr=0x81 claimed=Y load=14.0% msgs=20349 aiso=646(667819ms) xte=0.00m spd=0.00m/s q=0 ggaAge=5 vtgAge=5 xteAge=667819 xteraw=80:510302FF0D080AFF vt=Y(21/22) vtstat=645/205ms tc=Y drp=0mm tcq=0
15:21:05.659 [ISOBUS] addr=0x81 claimed=Y load=14.2% msgs=20390 aiso=647(668819ms) xte=0.00m spd=0.00m/s q=0 ggaAge=5 vtgAge=4 xteAge=668819 xteraw=80:510302FF0D080AFF vt=Y(21/22) vtstat=646/204ms tc=Y drp=0mm tcq=0
15:21:06.651 [ISOBUS] addr=0x81 claimed=Y load=14.0% msgs=20431 aiso=648(669819ms) xte=0.00m spd=0.00m/s q=0 ggaAge=5 vtgAge=4 xteAge=669819 xteraw=80:510302FF0D080AFF vt=Y(21/22) vtstat=647/204ms tc=Y drp=0mm tcq=0
15:21:07.667 [ISOBUS] addr=0x81 claimed=Y load=14.2% msgs=20472 aiso=649(670819ms) xte=0.00m spd=0.00m/s q=0 ggaAge=5 vtgAge=5 xteAge=670819 xteraw=80:510302FF0D080AFF vt=Y(21/22) vtstat=648/203ms tc=Y drp=0mm tcq=0
15:21:08.666 [ISOBUS] addr=0x81 claimed=Y load=14.0% msgs=20513 aiso=650(671819ms) xte=0.00m spd=0.00m/s q=0 ggaAge=5 vtgAge=4 xteAge=671819 xteraw=80:510302FF0D080AFF vt=Y(21/22) vtstat=649/203ms tc=Y drp=0mm tcq=0
15:21:09.650 [ISOBUS] addr=0x81 claimed=Y load=14.2% msgs=20554 aiso=651(672819ms) xte=0.00m spd=0.00m/s q=0 ggaAge=5 vtgAge=5 xteAge=672819 xteraw=80:510302FF0D080AFF vt=Y(21/22) vtstat=650/202ms tc=Y drp=0mm tcq=0
15:21:10.650 [ISOBUS] addr=0x81 claimed=Y load=14.0% msgs=20595 aiso=652(673819ms) xte=0.00m spd=0.00m/s q=0 ggaAge=5 vtgAge=4 xteAge=673819 xteraw=80:510302FF0D080AFF vt=Y(21/22) vtstat=651/202ms tc=Y drp=0mm tcq=0
15:21:11.679 [ISOBUS] addr=0x81 claimed=Y load=14.2% msgs=20636 aiso=653(674819ms) xte=0.00m spd=0.00m/s q=0 ggaAge=4 vtgAge=4 xteAge=674819 xteraw=80:510302FF0D080AFF vt=Y(21/22) vtstat=652/201ms tc=Y drp=0mm tcq=0
15:21:12.653 [ISOBUS] addr=0x81 claimed=Y load=14.5% msgs=20681 aiso=654(675819ms) xte=0.00m spd=0.00m/s q=0 ggaAge=4 vtgAge=4 xteAge=675819 xteraw=80:510302FF0D080AFF vt=Y(21/22) vtstat=653/201ms tc=Y drp=0mm tcq=0
15:21:13.665 [ISOBUS] addr=0x81 claimed=Y load=14.2% msgs=20722 aiso=655(676819ms) xte=0.00m spd=0.00m/s q=0 ggaAge=5 vtgAge=4 xteAge=676819 xteraw=80:510302FF0D080AFF vt=Y(21/22) vtstat=654/199ms tc=Y drp=0mm tcq=0
15:21:14.666 [ISOBUS] addr=0x81 claimed=Y load=14.0% msgs=20763 aiso=656(677819ms) xte=0.00m spd=0.00m/s q=0 ggaAge=5 vtgAge=4 xteAge=677819 xteraw=80:510302FF0D080AFF vt=Y(21/22) vtstat=655/199ms tc=Y drp=0mm tcq=0
15:21:15.678 [ISOBUS] addr=0x81 claimed=Y load=14.2% msgs=20804 aiso=657(678819ms) xte=0.00m spd=0.00m/s q=0 ggaAge=5 vtgAge=4 xteAge=678819 xteraw=80:510302FF0D080AFF vt=Y(21/22) vtstat=656/198ms tc=Y drp=0mm tcq=0
15:21:16.685 [ISOBUS] addr=0x81 claimed=Y load=14.0% msgs=20845 aiso=658(679819ms) xte=0.00m spd=0.00m/s q=0 ggaAge=4 vtgAge=4 xteAge=679819 xteraw=80:510302FF0D080AFF vt=Y(21/22) vtstat=657/198ms tc=Y drp=0mm tcq=0
15:21:17.659 [ISOBUS] addr=0x81 claimed=Y load=14.2% msgs=20886 aiso=659(680819ms) xte=0.00m spd=0.00m/s q=0 ggaAge=5 vtgAge=4 xteAge=680819 xteraw=80:510302FF0D080AFF vt=Y(21/22) vtstat=658/197ms tc=Y drp=0mm tcq=0
15:21:18.680 [ISOBUS] addr=0x81 claimed=Y load=14.0% msgs=20927 aiso=660(681819ms) xte=0.00m spd=0.00m/s q=0 ggaAge=5 vtgAge=4 xteAge=681819 xteraw=80:510302FF0D080AFF vt=Y(21/22) vtstat=659/197ms tc=Y drp=0mm tcq=0
15:21:19.650 [ISOBUS] addr=0x81 claimed=Y load=14.2% msgs=20968 aiso=661(682819ms) xte=0.00m spd=0.00m/s q=0 ggaAge=5 vtgAge=4 xteAge=682819 xteraw=80:510302FF0D080AFF vt=Y(21/22) vtstat=660/196ms tc=Y drp=0mm tcq=0
15:21:20.146 I] [NM]: Control function with address 205 and NAME 000000000000000lx is now offline on channel 198344577.
15:21:20.654 [ISOBUS] addr=0x81 claimed=Y load=14.0% msgs=21009 aiso=662(683819ms) xte=0.00m spd=0.00m/s q=0 ggaAge=5 vtgAge=4 xteAge=683819 xteraw=80:510302FF0D080AFF vt=Y(21/22) vtstat=661/196ms tc=Y drp=0mm tcq=0
15:21:21.388 I] [NM]: External control function with name 000000000000000lx has claimed address 198344577 on channel 2684363008.
15:21:21.667 [ISOBUS] addr=0x81 claimed=Y load=14.2% msgs=21050 aiso=663(684819ms) xte=0.00m spd=0.00m/s q=0 ggaAge=5 vtgAge=4 xteAge=684819 xteraw=80:510302FF0D080AFF vt=Y(21/22) vtstat=662/195ms tc=Y drp=0mm tcq=0
15:21:22.668 [ISOBUS] addr=0x81 claimed=Y load=14.5% msgs=21095 aiso=664(685819ms) xte=0.00m spd=0.00m/s q=0 ggaAge=5 vtgAge=4 xteAge=685819 xteraw=80:510302FF0D080AFF vt=Y(21/22) vtstat=663/194ms tc=Y drp=0mm tcq=0
15:21:23.672 [ISOBUS] addr=0x81 claimed=Y load=14.2% msgs=21136 aiso=665(686819ms) xte=0.00m spd=0.00m/s q=0 ggaAge=5 vtgAge=4 xteAge=686819 xteraw=80:510302FF0D080AFF vt=Y(21/22) vtstat=664/193ms tc=Y drp=0mm tcq=0
15:21:24.667 [ISOBUS] addr=0x81 claimed=Y load=14.0% msgs=21177 aiso=666(687819ms) xte=0.00m spd=0.00m/s q=0 ggaAge=5 vtgAge=4 xteAge=687819 xteraw=80:510302FF0D080AFF vt=Y(21/22) vtstat=665/193ms tc=Y drp=0mm tcq=0
15:21:25.670 [ISOBUS] addr=0x81 claimed=Y load=14.2% msgs=21218 aiso=667(688819ms) xte=0.00m spd=0.00m/s q=0 ggaAge=5 vtgAge=5 xteAge=688819 xteraw=80:510302FF0D080AFF vt=Y(21/22) vtstat=666/192ms tc=Y drp=0mm tcq=0
15:21:26.654 [ISOBUS] addr=0x81 claimed=Y load=14.0% msgs=21259 aiso=668(689819ms) xte=0.00m spd=0.00m/s q=0 ggaAge=4 vtgAge=4 xteAge=689819 xteraw=80:510302FF0D080AFF vt=Y(21/22) vtstat=667/192ms tc=Y drp=0mm tcq=0
15:21:27.655 [ISOBUS] addr=0x81 claimed=Y load=14.2% msgs=21300 aiso=669(690819ms) xte=0.00m spd=0.00m/s q=0 ggaAge=4 vtgAge=4 xteAge=690819 xteraw=80:510302FF0D080AFF vt=Y(21/22) vtstat=668/191ms tc=Y drp=0mm tcq=0
15:21:28.659 [ISOBUS] addr=0x81 claimed=Y load=14.0% msgs=21341 aiso=670(691819ms) xte=0.00m spd=0.00m/s q=0 ggaAge=4 vtgAge=4 xteAge=691819 xteraw=80:510302FF0D080AFF vt=Y(21/22) vtstat=669/191ms tc=Y drp=0mm tcq=0
15:21:29.665 [ISOBUS] addr=0x81 claimed=Y load=14.2% msgs=21382 aiso=671(692819ms) xte=0.00m spd=0.00m/s q=0 ggaAge=5 vtgAge=4 xteAge=692819 xteraw=80:510302FF0D080AFF vt=Y(21/22) vtstat=670/190ms tc=Y drp=0mm tcq=0
15:21:30.670 [ISOBUS] addr=0x81 claimed=Y load=14.0% msgs=21423 aiso=672(693819ms) xte=0.00m spd=0.00m/s q=0 ggaAge=5 vtgAge=4 xteAge=693819 xteraw=80:510302FF0D080AFF vt=Y(21/22) vtstat=671/189ms tc=Y drp=0mm tcq=0
15:21:31.659 [ISOBUS] addr=0x81 claimed=Y load=14.2% msgs=21464 aiso=673(694819ms) xte=0.00m spd=0.00m/s q=0 ggaAge=4 vtgAge=4 xteAge=694819 xteraw=80:510302FF0D080AFF vt=Y(21/22) vtstat=672/189ms tc=Y drp=0mm tcq=0
15:21:32.674 [ISOBUS] addr=0x81 claimed=Y load=14.5% msgs=21509 aiso=674(695819ms) xte=0.00m spd=0.00m/s q=0 ggaAge=5 vtgAge=4 xteAge=695819 xteraw=80:510302FF0D080AFF vt=Y(21/22) vtstat=673/188ms tc=Y drp=0mm tcq=0
15:21:33.665 [ISOBUS] addr=0x81 claimed=Y load=14.2% msgs=21550 aiso=675(696819ms) xte=0.00m spd=0.00m/s q=0 ggaAge=5 vtgAge=4 xteAge=696819 xteraw=80:510302FF0D080AFF vt=Y(21/22) vtstat=674/187ms tc=Y drp=0mm tcq=0
15:21:34.678 [ISOBUS] addr=0x81 claimed=Y load=14.0% msgs=21591 aiso=676(697819ms) xte=0.00m spd=0.00m/s q=0 ggaAge=5 vtgAge=4 xteAge=697819 xteraw=80:510302FF0D080AFF vt=Y(21/22) vtstat=675/187ms tc=Y drp=0mm tcq=0
15:21:35.674 [ISOBUS] addr=0x81 claimed=Y load=14.2% msgs=21632 aiso=677(698819ms) xte=0.00m spd=0.00m/s q=0 ggaAge=4 vtgAge=3 xteAge=698819 xteraw=80:510302FF0D080AFF vt=Y(21/22) vtstat=676/186ms tc=Y drp=0mm tcq=0
15:21:36.677 [ISOBUS] addr=0x81 claimed=Y load=14.0% msgs=21673 aiso=678(699819ms) xte=0.00m spd=0.00m/s q=0 ggaAge=4 vtgAge=3 xteAge=699819 xteraw=80:510302FF0D080AFF vt=Y(21/22) vtstat=677/186ms tc=Y drp=0mm tcq=0
15:21:37.656 [ISOBUS] addr=0x81 claimed=Y load=14.2% msgs=21714 aiso=679(700819ms) xte=0.00m spd=0.00m/s q=0 ggaAge=4 vtgAge=4 xteAge=700819 xteraw=80:510302FF0D080AFF vt=Y(21/22) vtstat=678/185ms tc=Y drp=0mm tcq=0
15:21:38.674 [ISOBUS] addr=0x81 claimed=Y load=14.0% msgs=21755 aiso=680(701819ms) xte=0.00m spd=0.00m/s q=0 ggaAge=5 vtgAge=4 xteAge=701819 xteraw=80:510302FF0D080AFF vt=Y(21/22) vtstat=679/185ms tc=Y drp=0mm tcq=0
15:21:39.661 [ISOBUS] addr=0x81 claimed=Y load=14.2% msgs=21796 aiso=681(702819ms) xte=0.00m spd=0.00m/s q=0 ggaAge=4 vtgAge=3 xteAge=702819 xteraw=80:510302FF0D080AFF vt=Y(21/22) vtstat=680/184ms tc=Y drp=0mm tcq=0
15:21:40.654 [ISOBUS] addr=0x81 claimed=Y load=14.0% msgs=21837 aiso=682(703819ms) xte=0.00m spd=0.00m/s q=0 ggaAge=4 vtgAge=4 xteAge=703819 xteraw=80:510302FF0D080AFF vt=Y(21/22) vtstat=681/184ms tc=Y drp=0mm tcq=0
15:21:41.675 [ISOBUS] addr=0x81 claimed=Y load=14.2% msgs=21878 aiso=683(704819ms) xte=0.00m spd=0.00m/s q=0 ggaAge=5 vtgAge=4 xteAge=704819 xteraw=80:510302FF0D080AFF vt=Y(21/22) vtstat=682/183ms tc=Y drp=0mm tcq=0
15:21:42.660 [ISOBUS] addr=0x81 claimed=Y load=14.5% msgs=21923 aiso=684(705819ms) xte=0.00m spd=0.00m/s q=0 ggaAge=5 vtgAge=4 xteAge=705819 xteraw=80:510302FF0D080AFF vt=Y(21/22) vtstat=683/182ms tc=Y drp=0mm tcq=0
15:21:43.660 [ISOBUS] addr=0x81 claimed=Y load=14.2% msgs=21964 aiso=685(706819ms) xte=0.00m spd=0.00m/s q=0 ggaAge=4 vtgAge=4 xteAge=706819 xteraw=80:510302FF0D080AFF vt=Y(21/22) vtstat=684/182ms tc=Y drp=0mm tcq=0
15:21:44.653 [ISOBUS] addr=0x81 claimed=Y load=14.0% msgs=22005 aiso=686(707819ms) xte=0.00m spd=0.00m/s q=0 ggaAge=5 vtgAge=4 xteAge=707819 xteraw=80:510302FF0D080AFF vt=Y(21/22) vtstat=685/181ms tc=Y drp=0mm tcq=0
15:21:45.669 [ISOBUS] addr=0x81 claimed=Y load=14.2% msgs=22046 aiso=687(708819ms) xte=0.00m spd=0.00m/s q=0 ggaAge=5 vtgAge=4 xteAge=708819 xteraw=80:510302FF0D080AFF vt=Y(21/22) vtstat=686/180ms tc=Y drp=0mm tcq=0
15:21:46.653 [ISOBUS] addr=0x81 claimed=Y load=14.0% msgs=22087 aiso=688(709819ms) xte=0.00m spd=0.00m/s q=0 ggaAge=5 vtgAge=4 xteAge=709819 xteraw=80:510302FF0D080AFF vt=Y(21/22) vtstat=687/180ms tc=Y drp=0mm tcq=0
15:21:47.653 [ISOBUS] addr=0x81 claimed=Y load=14.2% msgs=22128 aiso=689(710819ms) xte=0.00m spd=0.00m/s q=0 ggaAge=4 vtgAge=3 xteAge=710819 xteraw=80:510302FF0D080AFF vt=Y(21/22) vtstat=688/179ms tc=Y drp=0mm tcq=0
15:21:48.675 [ISOBUS] addr=0x81 claimed=Y load=14.0% msgs=22169 aiso=690(711819ms) xte=0.00m spd=0.00m/s q=0 ggaAge=4 vtgAge=3 xteAge=711819 xteraw=80:510302FF0D080AFF vt=Y(21/22) vtstat=689/179ms tc=Y drp=0mm tcq=0
15:21:49.658 [ISOBUS] addr=0x81 claimed=Y load=14.2% msgs=22210 aiso=691(712819ms) xte=0.00m spd=0.00m/s q=0 ggaAge=5 vtgAge=4 xteAge=712819 xteraw=80:510302FF0D080AFF vt=Y(21/22) vtstat=690/178ms tc=Y drp=0mm tcq=0
15:21:50.658 [ISOBUS] addr=0x81 claimed=Y load=14.0% msgs=22251 aiso=692(713819ms) xte=0.00m spd=0.00m/s q=0 ggaAge=5 vtgAge=4 xteAge=713819 xteraw=80:510302FF0D080AFF vt=Y(21/22) vtstat=691/178ms tc=Y drp=0mm tcq=0
15:21:51.679 [ISOBUS] addr=0x81 claimed=Y load=14.2% msgs=22292 aiso=693(714819ms) xte=0.00m spd=0.00m/s q=0 ggaAge=5 vtgAge=4 xteAge=714819 xteraw=80:510302FF0D080AFF vt=Y(21/22) vtstat=692/177ms tc=Y drp=0mm tcq=0
15:21:52.672 [ISOBUS] addr=0x81 claimed=Y load=14.5% msgs=22337 aiso=694(715819ms) xte=0.00m spd=0.00m/s q=0 ggaAge=5 vtgAge=4 xteAge=715819 xteraw=80:510302FF0D080AFF vt=Y(21/22) vtstat=693/176ms tc=Y drp=0mm tcq=0
15:21:53.668 [ISOBUS] addr=0x81 claimed=Y load=14.2% msgs=22378 aiso=695(716819ms) xte=0.00m spd=0.00m/s q=0 ggaAge=4 vtgAge=4 xteAge=716819 xteraw=80:510302FF0D080AFF vt=Y(21/22) vtstat=694/176ms tc=Y drp=0mm tcq=0
15:21:54.681 [ISOBUS] addr=0x81 claimed=Y load=14.0% msgs=22419 aiso=696(717819ms) xte=0.00m spd=0.00m/s q=0 ggaAge=5 vtgAge=4 xteAge=717819 xteraw=80:510302FF0D080AFF vt=Y(21/22) vtstat=695/175ms tc=Y drp=0mm tcq=0
15:21:55.659 [ISOBUS] addr=0x81 claimed=Y load=14.2% msgs=22460 aiso=697(718819ms) xte=0.00m spd=0.00m/s q=0 ggaAge=4 vtgAge=4 xteAge=718819 xteraw=80:510302FF0D080AFF vt=Y(21/22) vtstat=696/174ms tc=Y drp=0mm tcq=0
15:21:56.652 [ISOBUS] addr=0x81 claimed=Y load=14.0% msgs=22501 aiso=698(719819ms) xte=0.00m spd=0.00m/s q=0 ggaAge=5 vtgAge=4 xteAge=719819 xteraw=80:510302FF0D080AFF vt=Y(21/22) vtstat=697/174ms tc=Y drp=0mm tcq=0
15:21:57.660 [ISOBUS] addr=0x81 claimed=Y load=14.2% msgs=22542 aiso=699(720819ms) xte=0.00m spd=0.00m/s q=0 ggaAge=3 vtgAge=3 xteAge=720819 xteraw=80:510302FF0D080AFF vt=Y(21/22) vtstat=698/173ms tc=Y drp=0mm tcq=0
15:21:58.668 [ISOBUS] addr=0x81 claimed=Y load=14.0% msgs=22583 aiso=700(721819ms) xte=0.00m spd=0.00m/s q=0 ggaAge=4 vtgAge=4 xteAge=721819 xteraw=80:510302FF0D080AFF vt=Y(21/22) vtstat=699/173ms tc=Y drp=0mm tcq=0
15:21:59.663 [ISOBUS] addr=0x81 claimed=Y load=14.2% msgs=22624 aiso=701(722819ms) xte=0.00m spd=0.00m/s q=0 ggaAge=5 vtgAge=4 xteAge=722819 xteraw=80:510302FF0D080AFF vt=Y(21/22) vtstat=700/172ms tc=Y drp=0mm tcq=0
15:22:00.680 [ISOBUS] addr=0x81 claimed=Y load=14.0% msgs=22665 aiso=702(723819ms) xte=0.00m spd=0.00m/s q=0 ggaAge=4 vtgAge=3 xteAge=723819 xteraw=80:510302FF0D080AFF vt=Y(21/22) vtstat=701/172ms tc=Y drp=0mm tcq=0
15:22:01.673 [ISOBUS] addr=0x81 claimed=Y load=14.2% msgs=22704 aiso=703(724819ms) xte=0.00m spd=0.00m/s q=0 ggaAge=2 vtgAge=104 xteAge=724819 xteraw=80:510302FF0D080AFF vt=Y(21/22) vtstat=702/171ms tc=Y drp=0mm tcq=0
15:22:02.656 [ISOBUS] addr=0x81 claimed=Y load=14.5% msgs=22751 aiso=704(725819ms) xte=0.00m spd=0.00m/s q=0 ggaAge=4 vtgAge=3 xteAge=725819 xteraw=80:510302FF0D080AFF vt=Y(21/22) vtstat=703/171ms tc=Y drp=0mm tcq=0
15:22:03.668 [ISOBUS] addr=0x81 claimed=Y load=14.2% msgs=22792 aiso=705(726819ms) xte=0.00m spd=0.00m/s q=0 ggaAge=4 vtgAge=4 xteAge=726819 xteraw=80:510302FF0D080AFF vt=Y(21/22) vtstat=704/170ms tc=Y drp=0mm tcq=0
15:22:04.667 [ISOBUS] addr=0x81 claimed=Y load=14.0% msgs=22833 aiso=706(727819ms) xte=0.00m spd=0.00m/s q=0 ggaAge=4 vtgAge=3 xteAge=727819 xteraw=80:510302FF0D080AFF vt=Y(21/22) vtstat=705/169ms tc=Y drp=0mm tcq=0
15:22:05.672 [ISOBUS] addr=0x81 claimed=Y load=14.2% msgs=22874 aiso=707(728819ms) xte=0.00m spd=0.00m/s q=0 ggaAge=4 vtgAge=3 xteAge=728819 xteraw=80:510302FF0D080AFF vt=Y(21/22) vtstat=706/168ms tc=Y drp=0mm tcq=0
15:22:06.667 [ISOBUS] addr=0x81 claimed=Y load=14.0% msgs=22915 aiso=708(729819ms) xte=0.00m spd=0.00m/s q=0 ggaAge=3 vtgAge=2 xteAge=729819 xteraw=80:510302FF0D080AFF vt=Y(21/22) vtstat=707/168ms tc=Y drp=0mm tcq=0
15:22:07.659 [ISOBUS] addr=0x81 claimed=Y load=14.2% msgs=22956 aiso=709(730819ms) xte=0.00m spd=0.00m/s q=0 ggaAge=4 vtgAge=4 xteAge=730819 xteraw=80:510302FF0D080AFF vt=Y(21/22) vtstat=708/167ms tc=Y drp=0mm tcq=0
15:22:08.664 [ISOBUS] addr=0x81 claimed=Y load=14.0% msgs=22997 aiso=710(731819ms) xte=0.00m spd=0.00m/s q=0 ggaAge=4 vtgAge=3 xteAge=731819 xteraw=80:510302FF0D080AFF vt=Y(21/22) vtstat=709/167ms tc=Y drp=0mm tcq=0
15:22:09.651 [ISOBUS] addr=0x81 claimed=Y load=14.2% msgs=23038 aiso=711(732819ms) xte=0.00m spd=0.00m/s q=0 ggaAge=4 vtgAge=3 xteAge=732819 xteraw=80:510302FF0D080AFF vt=Y(21/22) vtstat=710/166ms tc=Y drp=0mm tcq=0
15:22:10.659 [ISOBUS] addr=0x81 claimed=Y load=14.0% msgs=23079 aiso=712(733819ms) xte=0.00m spd=0.00m/s q=0 ggaAge=4 vtgAge=4 xteAge=733819 xteraw=80:510302FF0D080AFF vt=Y(21/22) vtstat=711/165ms tc=Y drp=0mm tcq=0
15:22:11.669 [ISOBUS] addr=0x81 claimed=Y load=14.2% msgs=23120 aiso=713(734819ms) xte=0.00m spd=0.00m/s q=0 ggaAge=5 vtgAge=4 xteAge=734819 xteraw=80:510302FF0D080AFF vt=Y(21/22) vtstat=712/165ms tc=Y drp=0mm tcq=0
15:22:12.679 [ISOBUS] addr=0x81 claimed=Y load=14.5% msgs=23165 aiso=714(735819ms) xte=0.00m spd=0.00m/s q=0 ggaAge=4 vtgAge=3 xteAge=735819 xteraw=80:510302FF0D080AFF vt=Y(21/22) vtstat=713/164ms tc=Y drp=0mm tcq=0
15:22:13.684 [ISOBUS] addr=0x81 claimed=Y load=14.2% msgs=23206 aiso=715(736819ms) xte=0.00m spd=0.00m/s q=0 ggaAge=5 vtgAge=4 xteAge=736819 xteraw=80:510302FF0D080AFF vt=Y(21/22) vtstat=714/164ms tc=Y drp=0mm tcq=0
15:22:14.670 [ISOBUS] addr=0x81 claimed=Y load=14.0% msgs=23247 aiso=716(737819ms) xte=0.00m spd=0.00m/s q=0 ggaAge=4 vtgAge=4 xteAge=737819 xteraw=80:510302FF0D080AFF vt=Y(21/22) vtstat=715/163ms tc=Y drp=0mm tcq=0
15:22:15.682 [ISOBUS] addr=0x81 claimed=Y load=14.2% msgs=23288 aiso=717(738819ms) xte=0.00m spd=0.00m/s q=0 ggaAge=5 vtgAge=4 xteAge=738819 xteraw=80:510302FF0D080AFF vt=Y(21/22) vtstat=716/162ms tc=Y drp=0mm tcq=0
15:22:16.665 [ISOBUS] addr=0x81 claimed=Y load=14.0% msgs=23329 aiso=718(739819ms) xte=0.00m spd=0.00m/s q=0 ggaAge=4 vtgAge=4 xteAge=739819 xteraw=80:510302FF0D080AFF vt=Y(21/22) vtstat=717/162ms tc=Y drp=0mm tcq=0
15:22:17.678 [ISOBUS] addr=0x81 claimed=Y load=14.2% msgs=23370 aiso=719(740819ms) xte=0.00m spd=0.00m/s q=0 ggaAge=4 vtgAge=3 xteAge=740819 xteraw=80:510302FF0D080AFF vt=Y(21/22) vtstat=718/161ms tc=Y drp=0mm tcq=0
15:22:18.694 [ISOBUS] addr=0x81 claimed=Y load=14.0% msgs=23411 aiso=720(741819ms) xte=0.00m spd=0.00m/s q=0 ggaAge=5 vtgAge=4 xteAge=741819 xteraw=80:510302FF0D080AFF vt=Y(21/22) vtstat=719/161ms tc=Y drp=0mm tcq=0
15:22:19.691 [ISOBUS] addr=0x81 claimed=Y load=14.2% msgs=23452 aiso=721(742819ms) xte=0.00m spd=0.00m/s q=0 ggaAge=4 vtgAge=4 xteAge=742819 xteraw=80:510302FF0D080AFF vt=Y(21/22) vtstat=720/160ms tc=Y drp=0mm tcq=0
15:22:20.671 [ISOBUS] addr=0x81 claimed=Y load=14.0% msgs=23493 aiso=722(743819ms) xte=0.00m spd=0.00m/s q=0 ggaAge=4 vtgAge=4 xteAge=743819 xteraw=80:510302FF0D080AFF vt=Y(21/22) vtstat=721/160ms tc=Y drp=0mm tcq=0
15:22:21.654 [ISOBUS] addr=0x81 claimed=Y load=14.2% msgs=23534 aiso=723(744819ms) xte=0.00m spd=0.00m/s q=0 ggaAge=4 vtgAge=4 xteAge=744819 xteraw=80:510302FF0D080AFF vt=Y(21/22) vtstat=722/159ms tc=Y drp=0mm tcq=0
15:22:22.118 I] [NM]: Control function with address 205 and NAME 000000000000000lx is now offline on channel 198344577.
15:22:22.685 [ISOBUS] addr=0x81 claimed=Y load=14.5% msgs=23579 aiso=724(745819ms) xte=0.00m spd=0.00m/s q=0 ggaAge=4 vtgAge=3 xteAge=745819 xteraw=80:510302FF0D080AFF vt=Y(21/22) vtstat=723/157ms tc=Y drp=0mm tcq=0
15:22:23.373 I] [NM]: External control function with name 000000000000000lx has claimed address 198344577 on channel 2684363008.
15:22:23.653 [ISOBUS] addr=0x81 claimed=Y load=14.2% msgs=23620 aiso=725(746819ms) xte=0.00m spd=0.00m/s q=0 ggaAge=4 vtgAge=3 xteAge=746819 xteraw=80:510302FF0D080AFF vt=Y(21/22) vtstat=724/156ms tc=Y drp=0mm tcq=0
15:22:24.680 [ISOBUS] addr=0x81 claimed=Y load=14.0% msgs=23661 aiso=726(747819ms) xte=0.00m spd=0.00m/s q=0 ggaAge=4 vtgAge=3 xteAge=747819 xteraw=80:510302FF0D080AFF vt=Y(21/22) vtstat=725/157ms tc=Y drp=0mm tcq=0
15:22:25.659 [ISOBUS] addr=0x81 claimed=Y load=14.2% msgs=23702 aiso=727(748819ms) xte=0.00m spd=0.00m/s q=0 ggaAge=5 vtgAge=4 xteAge=748819 xteraw=80:510302FF0D080AFF vt=Y(21/22) vtstat=726/156ms tc=Y drp=0mm tcq=0
15:22:26.657 [ISOBUS] addr=0x81 claimed=Y load=14.0% msgs=23743 aiso=728(749819ms) xte=0.00m spd=0.00m/s q=0 ggaAge=4 vtgAge=4 xteAge=749819 xteraw=80:510302FF0D080AFF vt=Y(21/22) vtstat=727/156ms tc=Y drp=0mm tcq=0
15:22:27.664 [ISOBUS] addr=0x81 claimed=Y load=14.2% msgs=23784 aiso=729(750819ms) xte=0.00m spd=0.00m/s q=0 ggaAge=4 vtgAge=4 xteAge=750819 xteraw=80:510302FF0D080AFF vt=Y(21/22) vtstat=728/155ms tc=Y drp=0mm tcq=0
15:22:28.656 [ISOBUS] addr=0x81 claimed=Y load=14.0% msgs=23825 aiso=730(751819ms) xte=0.00m spd=0.00m/s q=0 ggaAge=4 vtgAge=4 xteAge=751819 xteraw=80:510302FF0D080AFF vt=Y(21/22) vtstat=729/155ms tc=Y drp=0mm tcq=0
15:22:29.661 [ISOBUS] addr=0x81 claimed=Y load=14.2% msgs=23866 aiso=731(752819ms) xte=0.00m spd=0.00m/s q=0 ggaAge=3 vtgAge=3 xteAge=752819 xteraw=80:510302FF0D080AFF vt=Y(21/22) vtstat=730/154ms tc=Y drp=0mm tcq=0
15:22:30.681 [ISOBUS] addr=0x81 claimed=Y load=14.0% msgs=23907 aiso=732(753819ms) xte=0.00m spd=0.00m/s q=0 ggaAge=4 vtgAge=3 xteAge=753819 xteraw=80:510302FF0D080AFF vt=Y(21/22) vtstat=731/154ms tc=Y drp=0mm tcq=0
15:22:31.668 [ISOBUS] addr=0x81 claimed=Y load=14.2% msgs=23948 aiso=733(754819ms) xte=0.00m spd=0.00m/s q=0 ggaAge=3 vtgAge=3 xteAge=754819 xteraw=80:510302FF0D080AFF vt=Y(21/22) vtstat=732/153ms tc=Y drp=0mm tcq=0
15:22:32.659 [ISOBUS] addr=0x81 claimed=Y load=14.5% msgs=23993 aiso=734(755819ms) xte=0.00m spd=0.00m/s q=0 ggaAge=3 vtgAge=3 xteAge=755819 xteraw=80:510302FF0D080AFF vt=Y(21/22) vtstat=733/152ms tc=Y drp=0mm tcq=0
15:22:33.653 [ISOBUS] addr=0x81 claimed=Y load=14.2% msgs=24034 aiso=735(756819ms) xte=0.00m spd=0.00m/s q=0 ggaAge=4 vtgAge=4 xteAge=756819 xteraw=80:510302FF0D080AFF vt=Y(21/22) vtstat=734/151ms tc=Y drp=0mm tcq=0
15:22:34.674 [ISOBUS] addr=0x81 claimed=Y load=14.0% msgs=24075 aiso=736(757819ms) xte=0.00m spd=0.00m/s q=0 ggaAge=4 vtgAge=3 xteAge=757819 xteraw=80:510302FF0D080AFF vt=Y(21/22) vtstat=735/151ms tc=Y drp=0mm tcq=0
15:22:35.670 [ISOBUS] addr=0x81 claimed=Y load=14.2% msgs=24116 aiso=737(758819ms) xte=0.00m spd=0.00m/s q=0 ggaAge=4 vtgAge=4 xteAge=758819 xteraw=80:510302FF0D080AFF vt=Y(21/22) vtstat=736/150ms tc=Y drp=0mm tcq=0
15:22:36.683 [ISOBUS] addr=0x81 claimed=Y load=14.0% msgs=24157 aiso=738(759819ms) xte=0.00m spd=0.00m/s q=0 ggaAge=4 vtgAge=3 xteAge=759819 xteraw=80:510302FF0D080AFF vt=Y(21/22) vtstat=737/150ms tc=Y drp=0mm tcq=0
15:22:37.680 [ISOBUS] addr=0x81 claimed=Y load=14.2% msgs=24198 aiso=739(760819ms) xte=0.00m spd=0.00m/s q=0 ggaAge=4 vtgAge=3 xteAge=760819 xteraw=80:510302FF0D080AFF vt=Y(21/22) vtstat=738/149ms tc=Y drp=0mm tcq=0
15:22:38.667 [ISOBUS] addr=0x81 claimed=Y load=14.0% msgs=24239 aiso=740(761819ms) xte=0.00m spd=0.00m/s q=0 ggaAge=4 vtgAge=3 xteAge=761819 xteraw=80:510302FF0D080AFF vt=Y(21/22) vtstat=739/149ms tc=Y drp=0mm tcq=0
15:22:39.658 [ISOBUS] addr=0x81 claimed=Y load=14.2% msgs=24280 aiso=741(762819ms) xte=0.00m spd=0.00m/s q=0 ggaAge=4 vtgAge=3 xteAge=762819 xteraw=80:510302FF0D080AFF vt=Y(21/22) vtstat=740/146ms tc=Y drp=0mm tcq=0
15:22:40.672 [ISOBUS] addr=0x81 claimed=Y load=14.0% msgs=24321 aiso=742(763819ms) xte=0.00m spd=0.00m/s q=0 ggaAge=4 vtgAge=4 xteAge=763819 xteraw=80:510302FF0D080AFF vt=Y(21/22) vtstat=741/145ms tc=Y drp=0mm tcq=0
15:22:41.655 [ISOBUS] addr=0x81 claimed=Y load=14.2% msgs=24362 aiso=743(764819ms) xte=0.00m spd=0.00m/s q=0 ggaAge=4 vtgAge=3 xteAge=764819 xteraw=80:510302FF0D080AFF vt=Y(21/22) vtstat=742/146ms tc=Y drp=0mm tcq=0
15:22:42.667 [ISOBUS] addr=0x81 claimed=Y load=14.5% msgs=24407 aiso=744(765819ms) xte=0.00m spd=0.00m/s q=0 ggaAge=3 vtgAge=3 xteAge=765819 xteraw=80:510302FF0D080AFF vt=Y(21/22) vtstat=743/146ms tc=Y drp=0mm tcq=0
15:22:43.658 [ISOBUS] addr=0x81 claimed=Y load=14.2% msgs=24448 aiso=745(766819ms) xte=0.00m spd=0.00m/s q=0 ggaAge=4 vtgAge=4 xteAge=766819 xteraw=80:510302FF0D080AFF vt=Y(21/22) vtstat=744/145ms tc=Y drp=0mm tcq=0
15:22:44.668 [ISOBUS] addr=0x81 claimed=Y load=14.0% msgs=24489 aiso=746(767819ms) xte=0.00m spd=0.00m/s q=0 ggaAge=4 vtgAge=3 xteAge=767819 xteraw=80:510302FF0D080AFF vt=Y(21/22) vtstat=745/145ms tc=Y drp=0mm tcq=0
15:22:45.667 [ISOBUS] addr=0x81 claimed=Y load=14.2% msgs=24530 aiso=747(768819ms) xte=0.00m spd=0.00m/s q=0 ggaAge=3 vtgAge=3 xteAge=768819 xteraw=80:510302FF0D080AFF vt=Y(21/22) vtstat=746/144ms tc=Y drp=0mm tcq=0
15:22:46.661 [ISOBUS] addr=0x81 claimed=Y load=14.0% msgs=24571 aiso=748(769819ms) xte=0.00m spd=0.00m/s q=0 ggaAge=3 vtgAge=3 xteAge=769819 xteraw=80:510302FF0D080AFF vt=Y(21/22) vtstat=747/144ms tc=Y drp=0mm tcq=0
15:22:47.666 [ISOBUS] addr=0x81 claimed=Y load=14.2% msgs=24612 aiso=749(770819ms) xte=0.00m spd=0.00m/s q=0 ggaAge=3 vtgAge=3 xteAge=770819 xteraw=80:510302FF0D080AFF vt=Y(21/22) vtstat=748/143ms tc=Y drp=0mm tcq=0
15:22:48.673 [ISOBUS] addr=0x81 claimed=Y load=14.0% msgs=24653 aiso=750(771819ms) xte=0.00m spd=0.00m/s q=0 ggaAge=3 vtgAge=3 xteAge=771819 xteraw=80:510302FF0D080AFF vt=Y(21/22) vtstat=749/142ms tc=Y drp=0mm tcq=0
15:22:49.658 [ISOBUS] addr=0x81 claimed=Y load=14.2% msgs=24694 aiso=751(772819ms) xte=0.00m spd=0.00m/s q=0 ggaAge=3 vtgAge=2 xteAge=772819 xteraw=80:510302FF0D080AFF vt=Y(21/22) vtstat=750/142ms tc=Y drp=0mm tcq=0
15:22:50.669 [ISOBUS] addr=0x81 claimed=Y load=14.0% msgs=24735 aiso=752(773819ms) xte=0.00m spd=0.00m/s q=0 ggaAge=3 vtgAge=3 xteAge=773819 xteraw=80:510302FF0D080AFF vt=Y(21/22) vtstat=751/141ms tc=Y drp=0mm tcq=0
15:22:51.683 [ISOBUS] addr=0x81 claimed=Y load=14.2% msgs=24776 aiso=753(774819ms) xte=0.00m spd=0.00m/s q=0 ggaAge=4 vtgAge=4 xteAge=774819 xteraw=80:510302FF0D080AFF vt=Y(21/22) vtstat=752/140ms tc=Y drp=0mm tcq=0
15:22:52.676 [ISOBUS] addr=0x81 claimed=Y load=14.5% msgs=24821 aiso=754(775819ms) xte=0.00m spd=0.00m/s q=0 ggaAge=3 vtgAge=3 xteAge=775819 xteraw=80:510302FF0D080AFF vt=Y(21/22) vtstat=753/140ms tc=Y drp=0mm tcq=0
15:22:53.668 [ISOBUS] addr=0x81 claimed=Y load=14.2% msgs=24862 aiso=755(776819ms) xte=0.00m spd=0.00m/s q=0 ggaAge=4 vtgAge=3 xteAge=776819 xteraw=80:510302FF0D080AFF vt=Y(21/22) vtstat=754/139ms tc=Y drp=0mm tcq=0
15:22:54.671 [ISOBUS] addr=0x81 claimed=Y load=14.0% msgs=24903 aiso=756(777819ms) xte=0.00m spd=0.00m/s q=0 ggaAge=3 vtgAge=3 xteAge=777819 xteraw=80:510302FF0D080AFF vt=Y(21/22) vtstat=755/139ms tc=Y drp=0mm tcq=0
15:22:55.665 [ISOBUS] addr=0x81 claimed=Y load=14.2% msgs=24944 aiso=757(778819ms) xte=0.00m spd=0.00m/s q=0 ggaAge=3 vtgAge=3 xteAge=778819 xteraw=80:510302FF0D080AFF vt=Y(21/22) vtstat=756/138ms tc=Y drp=0mm tcq=0
15:22:56.674 [ISOBUS] addr=0x81 claimed=Y load=14.0% msgs=24985 aiso=758(779819ms) xte=0.00m spd=0.00m/s q=0 ggaAge=4 vtgAge=3 xteAge=779819 xteraw=80:510302FF0D080AFF vt=Y(21/22) vtstat=757/136ms tc=Y drp=0mm tcq=0
15:22:57.658 [ISOBUS] addr=0x81 claimed=Y load=14.2% msgs=25026 aiso=759(780819ms) xte=0.00m spd=0.00m/s q=0 ggaAge=3 vtgAge=3 xteAge=780819 xteraw=80:510302FF0D080AFF vt=Y(21/22) vtstat=758/136ms tc=Y drp=0mm tcq=0
15:22:58.670 [ISOBUS] addr=0x81 claimed=Y load=14.0% msgs=25067 aiso=760(781819ms) xte=0.00m spd=0.00m/s q=0 ggaAge=3 vtgAge=3 xteAge=781819 xteraw=80:510302FF0D080AFF vt=Y(21/22) vtstat=759/136ms tc=Y drp=0mm tcq=0
15:22:59.676 [ISOBUS] addr=0x81 claimed=Y load=14.2% msgs=25108 aiso=761(782819ms) xte=0.00m spd=0.00m/s q=0 ggaAge=3 vtgAge=3 xteAge=782819 xteraw=80:510302FF0D080AFF vt=Y(21/22) vtstat=760/135ms tc=Y drp=0mm tcq=0
15:23:00.672 [ISOBUS] addr=0x81 claimed=Y load=14.0% msgs=25149 aiso=762(783819ms) xte=0.00m spd=0.00m/s q=0 ggaAge=4 vtgAge=4 xteAge=783819 xteraw=80:510302FF0D080AFF vt=Y(21/22) vtstat=761/135ms tc=Y drp=0mm tcq=0
15:23:01.659 [ISOBUS] addr=0x81 claimed=Y load=14.2% msgs=25190 aiso=763(784819ms) xte=0.00m spd=0.00m/s q=0 ggaAge=3 vtgAge=3 xteAge=784819 xteraw=80:510302FF0D080AFF vt=Y(21/22) vtstat=762/134ms tc=Y drp=0mm tcq=0
15:23:02.676 [ISOBUS] addr=0x81 claimed=Y load=14.5% msgs=25235 aiso=764(785819ms) xte=0.00m spd=0.00m/s q=0 ggaAge=3 vtgAge=2 xteAge=785819 xteraw=80:510302FF0D080AFF vt=Y(21/22) vtstat=763/134ms tc=Y drp=0mm tcq=0
15:23:03.658 [ISOBUS] addr=0x81 claimed=Y load=14.2% msgs=25276 aiso=765(786819ms) xte=0.00m spd=0.00m/s q=0 ggaAge=3 vtgAge=3 xteAge=786819 xteraw=80:510302FF0D080AFF vt=Y(21/22) vtstat=764/133ms tc=Y drp=0mm tcq=0
15:23:04.679 [ISOBUS] addr=0x81 claimed=Y load=14.0% msgs=25317 aiso=766(787819ms) xte=0.00m spd=0.00m/s q=0 ggaAge=3 vtgAge=3 xteAge=787819 xteraw=80:510302FF0D080AFF vt=Y(21/22) vtstat=765/132ms tc=Y drp=0mm tcq=0
15:23:05.680 [ISOBUS] addr=0x81 claimed=Y load=14.2% msgs=25358 aiso=767(788819ms) xte=0.00m spd=0.00m/s q=0 ggaAge=3 vtgAge=3 xteAge=788819 xteraw=80:510302FF0D080AFF vt=Y(21/22) vtstat=766/131ms tc=Y drp=0mm tcq=0
15:23:06.670 [ISOBUS] addr=0x81 claimed=Y load=14.0% msgs=25399 aiso=768(789819ms) xte=0.00m spd=0.00m/s q=0 ggaAge=4 vtgAge=3 xteAge=789819 xteraw=80:510302FF0D080AFF vt=Y(21/22) vtstat=767/131ms tc=Y drp=0mm tcq=0
15:23:07.672 [ISOBUS] addr=0x81 claimed=Y load=14.2% msgs=25440 aiso=769(790819ms) xte=0.00m spd=0.00m/s q=0 ggaAge=4 vtgAge=3 xteAge=790819 xteraw=80:510302FF0D080AFF vt=Y(21/22) vtstat=768/130ms tc=Y drp=0mm tcq=0
15:23:08.657 [ISOBUS] addr=0x81 claimed=Y load=14.0% msgs=25481 aiso=770(791819ms) xte=0.00m spd=0.00m/s q=0 ggaAge=4 vtgAge=3 xteAge=791819 xteraw=80:510302FF0D080AFF vt=Y(21/22) vtstat=769/130ms tc=Y drp=0mm tcq=0
15:23:09.667 [ISOBUS] addr=0x81 claimed=Y load=14.2% msgs=25522 aiso=771(792819ms) xte=0.00m spd=0.00m/s q=0 ggaAge=3 vtgAge=3 xteAge=792819 xteraw=80:510302FF0D080AFF vt=Y(21/22) vtstat=770/129ms tc=Y drp=0mm tcq=0
15:23:10.654 [ISOBUS] addr=0x81 claimed=Y load=14.0% msgs=25563 aiso=772(793819ms) xte=0.00m spd=0.00m/s q=0 ggaAge=4 vtgAge=3 xteAge=793819 xteraw=80:510302FF0D080AFF vt=Y(21/22) vtstat=771/128ms tc=Y drp=0mm tcq=0
15:23:11.663 [ISOBUS] addr=0x81 claimed=Y load=14.2% msgs=25604 aiso=773(794819ms) xte=0.00m spd=0.00m/s q=0 ggaAge=4 vtgAge=3 xteAge=794819 xteraw=80:510302FF0D080AFF vt=Y(21/22) vtstat=772/128ms tc=Y drp=0mm tcq=0
15:23:12.677 [ISOBUS] addr=0x81 claimed=Y load=14.5% msgs=25649 aiso=774(795819ms) xte=0.00m spd=0.00m/s q=0 ggaAge=3 vtgAge=3 xteAge=795819 xteraw=80:510302FF0D080AFF vt=Y(21/22) vtstat=773/126ms tc=Y drp=0mm tcq=0
15:23:13.692 [ISOBUS] addr=0x81 claimed=Y load=14.2% msgs=25690 aiso=775(796819ms) xte=0.00m spd=0.00m/s q=0 ggaAge=3 vtgAge=3 xteAge=796819 xteraw=80:510302FF0D080AFF vt=Y(21/22) vtstat=774/125ms tc=Y drp=0mm tcq=0
15:23:14.666 [ISOBUS] addr=0x81 claimed=Y load=14.0% msgs=25731 aiso=776(797819ms) xte=0.00m spd=0.00m/s q=0 ggaAge=4 vtgAge=3 xteAge=797819 xteraw=80:510302FF0D080AFF vt=Y(21/22) vtstat=775/125ms tc=Y drp=0mm tcq=0
15:23:15.683 [ISOBUS] addr=0x81 claimed=Y load=14.2% msgs=25772 aiso=777(798819ms) xte=0.00m spd=0.00m/s q=0 ggaAge=4 vtgAge=3 xteAge=798819 xteraw=80:510302FF0D080AFF vt=Y(21/22) vtstat=776/125ms tc=Y drp=0mm tcq=0
15:23:16.667 [ISOBUS] addr=0x81 claimed=Y load=14.0% msgs=25813 aiso=778(799819ms) xte=0.00m spd=0.00m/s q=0 ggaAge=3 vtgAge=3 xteAge=799819 xteraw=80:510302FF0D080AFF vt=Y(21/22) vtstat=777/125ms tc=Y drp=0mm tcq=0
15:23:17.671 [ISOBUS] addr=0x81 claimed=Y load=14.2% msgs=25854 aiso=779(800819ms) xte=0.00m spd=0.00m/s q=0 ggaAge=4 vtgAge=3 xteAge=800819 xteraw=80:510302FF0D080AFF vt=Y(21/22) vtstat=778/124ms tc=Y drp=0mm tcq=0
15:23:18.654 [ISOBUS] addr=0x81 claimed=Y load=14.0% msgs=25895 aiso=780(801819ms) xte=0.00m spd=0.00m/s q=0 ggaAge=4 vtgAge=3 xteAge=801819 xteraw=80:510302FF0D080AFF vt=Y(21/22) vtstat=779/123ms tc=Y drp=0mm tcq=0
15:23:19.685 [ISOBUS] addr=0x81 claimed=Y load=14.2% msgs=25934 aiso=781(802819ms) xte=0.00m spd=0.00m/s q=0 ggaAge=3 vtgAge=103 xteAge=802819 xteraw=80:510302FF0D080AFF vt=Y(21/22) vtstat=780/122ms tc=Y drp=0mm tcq=0
15:23:20.668 [ISOBUS] addr=0x81 claimed=Y load=14.0% msgs=25977 aiso=782(803819ms) xte=0.00m spd=0.00m/s q=0 ggaAge=4 vtgAge=3 xteAge=803819 xteraw=80:510302FF0D080AFF vt=Y(21/22) vtstat=781/122ms tc=Y drp=0mm tcq=0
15:23:21.682 [ISOBUS] addr=0x81 claimed=Y load=14.2% msgs=26018 aiso=783(804819ms) xte=0.00m spd=0.00m/s q=0 ggaAge=4 vtgAge=3 xteAge=804819 xteraw=80:510302FF0D080AFF vt=Y(21/22) vtstat=782/121ms tc=Y drp=0mm tcq=0
15:23:22.674 [ISOBUS] addr=0x81 claimed=Y load=14.5% msgs=26063 aiso=784(805819ms) xte=0.00m spd=0.00m/s q=0 ggaAge=4 vtgAge=3 xteAge=805819 xteraw=80:510302FF0D080AFF vt=Y(21/22) vtstat=783/121ms tc=Y drp=0mm tcq=0
15:23:23.676 [ISOBUS] addr=0x81 claimed=Y load=14.2% msgs=26101 aiso=785(806819ms) xte=0.00m spd=0.00m/s q=0 ggaAge=104 vtgAge=103 xteAge=806819 xteraw=80:510302FF0D080AFF vt=Y(21/22) vtstat=784/120ms tc=Y drp=0mm tcq=0
15:23:24.672 [ISOBUS] addr=0x81 claimed=Y load=14.0% msgs=26145 aiso=786(807819ms) xte=0.00m spd=0.00m/s q=0 ggaAge=3 vtgAge=3 xteAge=807819 xteraw=80:510302FF0D080AFF vt=Y(21/22) vtstat=785/119ms tc=Y drp=0mm tcq=0
15:23:25.686 [ISOBUS] addr=0x81 claimed=Y load=14.2% msgs=26186 aiso=787(808819ms) xte=0.00m spd=0.00m/s q=0 ggaAge=3 vtgAge=2 xteAge=808819 xteraw=80:510302FF0D080AFF vt=Y(21/22) vtstat=786/118ms tc=Y drp=0mm tcq=0
15:23:26.690 [ISOBUS] addr=0x81 claimed=Y load=14.0% msgs=26227 aiso=788(809819ms) xte=0.00m spd=0.00m/s q=0 ggaAge=4 vtgAge=3 xteAge=809819 xteraw=80:510302FF0D080AFF vt=Y(21/22) vtstat=787/118ms tc=Y drp=0mm tcq=0
15:23:27.683 [ISOBUS] addr=0x81 claimed=Y load=14.2% msgs=26268 aiso=789(810819ms) xte=0.00m spd=0.00m/s q=0 ggaAge=4 vtgAge=3 xteAge=810819 xteraw=80:510302FF0D080AFF vt=Y(21/22) vtstat=788/117ms tc=Y drp=0mm tcq=0
15:23:28.672 [ISOBUS] addr=0x81 claimed=Y load=14.0% msgs=26309 aiso=790(811819ms) xte=0.00m spd=0.00m/s q=0 ggaAge=4 vtgAge=3 xteAge=811819 xteraw=80:510302FF0D080AFF vt=Y(21/22) vtstat=789/117ms tc=Y drp=0mm tcq=0
15:23:29.678 [ISOBUS] addr=0x81 claimed=Y load=14.2% msgs=26350 aiso=791(812819ms) xte=0.00m spd=0.00m/s q=0 ggaAge=4 vtgAge=3 xteAge=812819 xteraw=80:510302FF0D080AFF vt=Y(21/22) vtstat=790/116ms tc=Y drp=0mm tcq=0
15:23:30.664 [ISOBUS] addr=0x81 claimed=Y load=14.0% msgs=26391 aiso=792(813819ms) xte=0.00m spd=0.00m/s q=0 ggaAge=4 vtgAge=4 xteAge=813819 xteraw=80:510302FF0D080AFF vt=Y(21/22) vtstat=791/116ms tc=Y drp=0mm tcq=0
15:23:31.684 [ISOBUS] addr=0x81 claimed=Y load=14.2% msgs=26432 aiso=793(814819ms) xte=0.00m spd=0.00m/s q=0 ggaAge=3 vtgAge=3 xteAge=814819 xteraw=80:510302FF0D080AFF vt=Y(21/22) vtstat=792/115ms tc=Y drp=0mm tcq=0
15:23:32.683 [ISOBUS] addr=0x81 claimed=Y load=14.5% msgs=26477 aiso=794(815819ms) xte=0.00m spd=0.00m/s q=0 ggaAge=4 vtgAge=3 xteAge=815819 xteraw=80:510302FF0D080AFF vt=Y(21/22) vtstat=793/114ms tc=Y drp=0mm tcq=0
15:23:33.682 [ISOBUS] addr=0x81 claimed=Y load=14.2% msgs=26518 aiso=795(816819ms) xte=0.00m spd=0.00m/s q=0 ggaAge=4 vtgAge=3 xteAge=816819 xteraw=80:510302FF0D080AFF vt=Y(21/22) vtstat=794/113ms tc=Y drp=0mm tcq=0
15:23:34.668 [ISOBUS] addr=0x81 claimed=Y load=14.0% msgs=26559 aiso=796(817819ms) xte=0.00m spd=0.00m/s q=0 ggaAge=3 vtgAge=2 xteAge=817819 xteraw=80:510302FF0D080AFF vt=Y(21/22) vtstat=795/113ms tc=Y drp=0mm tcq=0
15:23:35.669 [ISOBUS] addr=0x81 claimed=Y load=14.2% msgs=26600 aiso=797(818819ms) xte=0.00m spd=0.00m/s q=0 ggaAge=4 vtgAge=3 xteAge=818819 xteraw=80:510302FF0D080AFF vt=Y(21/22) vtstat=796/112ms tc=Y drp=0mm tcq=0
15:23:36.672 [ISOBUS] addr=0x81 claimed=Y load=14.0% msgs=26641 aiso=798(819819ms) xte=0.00m spd=0.00m/s q=0 ggaAge=3 vtgAge=3 xteAge=819819 xteraw=80:510302FF0D080AFF vt=Y(21/22) vtstat=797/112ms tc=Y drp=0mm tcq=0
15:23:37.694 [ISOBUS] addr=0x81 claimed=Y load=14.2% msgs=26682 aiso=799(820819ms) xte=0.00m spd=0.00m/s q=0 ggaAge=4 vtgAge=3 xteAge=820819 xteraw=80:510302FF0D080AFF vt=Y(21/22) vtstat=798/111ms tc=Y drp=0mm tcq=0
15:23:38.664 [ISOBUS] addr=0x81 claimed=Y load=14.0% msgs=26723 aiso=800(821819ms) xte=0.00m spd=0.00m/s q=0 ggaAge=3 vtgAge=3 xteAge=821819 xteraw=80:510302FF0D080AFF vt=Y(21/22) vtstat=799/111ms tc=Y drp=0mm tcq=0
15:23:39.655 [ISOBUS] addr=0x81 claimed=Y load=14.2% msgs=26764 aiso=801(822819ms) xte=0.00m spd=0.00m/s q=0 ggaAge=4 vtgAge=3 xteAge=822819 xteraw=80:510302FF0D080AFF vt=Y(21/22) vtstat=800/110ms tc=Y drp=0mm tcq=0
15:23:40.676 [ISOBUS] addr=0x81 claimed=Y load=14.0% msgs=26805 aiso=802(823819ms) xte=0.00m spd=0.00m/s q=0 ggaAge=4 vtgAge=3 xteAge=823819 xteraw=80:510302FF0D080AFF vt=Y(21/22) vtstat=801/109ms tc=Y drp=0mm tcq=0
15:23:41.670 [ISOBUS] addr=0x81 claimed=Y load=14.2% msgs=26846 aiso=803(824819ms) xte=0.00m spd=0.00m/s q=0 ggaAge=4 vtgAge=3 xteAge=824819 xteraw=80:510302FF0D080AFF vt=Y(21/22) vtstat=802/109ms tc=Y drp=0mm tcq=0
15:23:42.659 [ISOBUS] addr=0x81 claimed=Y load=14.5% msgs=26891 aiso=804(825819ms) xte=0.00m spd=0.00m/s q=0 ggaAge=3 vtgAge=2 xteAge=825819 xteraw=80:510302FF0D080AFF vt=Y(21/22) vtstat=803/108ms tc=Y drp=0mm tcq=0
15:23:43.663 [ISOBUS] addr=0x81 claimed=Y load=14.2% msgs=26932 aiso=805(826819ms) xte=0.00m spd=0.00m/s q=0 ggaAge=3 vtgAge=2 xteAge=826819 xteraw=80:510302FF0D080AFF vt=Y(21/22) vtstat=804/107ms tc=Y drp=0mm tcq=0
15:23:44.673 [ISOBUS] addr=0x81 claimed=Y load=14.0% msgs=26973 aiso=806(827819ms) xte=0.00m spd=0.00m/s q=0 ggaAge=3 vtgAge=2 xteAge=827819 xteraw=80:510302FF0D080AFF vt=Y(21/22) vtstat=805/107ms tc=Y drp=0mm tcq=0
15:23:45.667 [ISOBUS] addr=0x81 claimed=Y load=14.2% msgs=27014 aiso=807(828819ms) xte=0.00m spd=0.00m/s q=0 ggaAge=3 vtgAge=3 xteAge=828819 xteraw=80:510302FF0D080AFF vt=Y(21/22) vtstat=806/105ms tc=Y drp=0mm tcq=0
15:23:46.693 [ISOBUS] addr=0x81 claimed=Y load=14.0% msgs=27055 aiso=808(829819ms) xte=0.00m spd=0.00m/s q=0 ggaAge=3 vtgAge=3 xteAge=829819 xteraw=80:510302FF0D080AFF vt=Y(21/22) vtstat=807/105ms tc=Y drp=0mm tcq=0
15:23:47.670 [ISOBUS] addr=0x81 claimed=Y load=14.2% msgs=27096 aiso=809(830819ms) xte=0.00m spd=0.00m/s q=0 ggaAge=4 vtgAge=3 xteAge=830819 xteraw=80:510302FF0D080AFF vt=Y(21/22) vtstat=808/105ms tc=Y drp=0mm tcq=0
15:23:48.675 [ISOBUS] addr=0x81 claimed=Y load=14.0% msgs=27137 aiso=810(831819ms) xte=0.00m spd=0.00m/s q=0 ggaAge=3 vtgAge=2 xteAge=831819 xteraw=80:510302FF0D080AFF vt=Y(21/22) vtstat=809/104ms tc=Y drp=0mm tcq=0
15:23:49.675 [ISOBUS] addr=0x81 claimed=Y load=14.2% msgs=27178 aiso=811(832819ms) xte=0.00m spd=0.00m/s q=0 ggaAge=4 vtgAge=3 xteAge=832819 xteraw=80:510302FF0D080AFF vt=Y(21/22) vtstat=810/104ms tc=Y drp=0mm tcq=0
15:23:50.688 [ISOBUS] addr=0x81 claimed=Y load=14.0% msgs=27219 aiso=812(833819ms) xte=0.00m spd=0.00m/s q=0 ggaAge=4 vtgAge=3 xteAge=833819 xteraw=80:510302FF0D080AFF vt=Y(21/22) vtstat=811/103ms tc=Y drp=0mm tcq=0
15:23:51.678 [ISOBUS] addr=0x81 claimed=Y load=14.2% msgs=27260 aiso=813(834819ms) xte=0.00m spd=0.00m/s q=0 ggaAge=3 vtgAge=2 xteAge=834819 xteraw=80:510302FF0D080AFF vt=Y(21/22) vtstat=812/102ms tc=Y drp=0mm tcq=0
15:23:52.666 [ISOBUS] addr=0x81 claimed=Y load=14.5% msgs=27305 aiso=814(835819ms) xte=0.00m spd=0.00m/s q=0 ggaAge=3 vtgAge=3 xteAge=835819 xteraw=80:510302FF0D080AFF vt=Y(21/22) vtstat=813/102ms tc=Y drp=0mm tcq=0
15:23:53.655 [ISOBUS] addr=0x81 claimed=Y load=14.2% msgs=27346 aiso=815(836819ms) xte=0.00m spd=0.00m/s q=0 ggaAge=3 vtgAge=2 xteAge=836819 xteraw=80:510302FF0D080AFF vt=Y(21/22) vtstat=814/101ms tc=Y drp=0mm tcq=0
15:23:54.690 [ISOBUS] addr=0x81 claimed=Y load=14.0% msgs=27387 aiso=816(837819ms) xte=0.00m spd=0.00m/s q=0 ggaAge=4 vtgAge=3 xteAge=837819 xteraw=80:510302FF0D080AFF vt=Y(21/22) vtstat=815/101ms tc=Y drp=0mm tcq=0
15:23:55.668 [ISOBUS] addr=0x81 claimed=Y load=14.2% msgs=27428 aiso=817(838819ms) xte=0.00m spd=0.00m/s q=0 ggaAge=3 vtgAge=2 xteAge=838819 xteraw=80:510302FF0D080AFF vt=Y(21/22) vtstat=816/100ms tc=Y drp=0mm tcq=0
15:23:56.678 [ISOBUS] addr=0x81 claimed=Y load=14.0% msgs=27469 aiso=818(839819ms) xte=0.00m spd=0.00m/s q=0 ggaAge=2 vtgAge=2 xteAge=839819 xteraw=80:510302FF0D080AFF vt=Y(21/22) vtstat=817/100ms tc=Y drp=0mm tcq=0
15:23:57.687 [ISOBUS] addr=0x81 claimed=Y load=14.2% msgs=27510 aiso=819(840819ms) xte=0.00m spd=0.00m/s q=0 ggaAge=3 vtgAge=3 xteAge=840819 xteraw=80:510302FF0D080AFF vt=Y(21/22) vtstat=818/99ms tc=Y drp=0mm tcq=0
15:23:58.671 [ISOBUS] addr=0x81 claimed=Y load=14.0% msgs=27551 aiso=820(841819ms) xte=0.00m spd=0.00m/s q=0 ggaAge=3 vtgAge=3 xteAge=841819 xteraw=80:510302FF0D080AFF vt=Y(21/22) vtstat=819/98ms tc=Y drp=0mm tcq=0
15:23:59.669 [ISOBUS] addr=0x81 claimed=Y load=14.2% msgs=27592 aiso=821(842819ms) xte=0.00m spd=0.00m/s q=0 ggaAge=3 vtgAge=2 xteAge=842819 xteraw=80:510302FF0D080AFF vt=Y(21/22) vtstat=820/97ms tc=Y drp=0mm tcq=0
15:24:00.665 [ISOBUS] addr=0x81 claimed=Y load=14.0% msgs=27633 aiso=822(843819ms) xte=0.00m spd=0.00m/s q=0 ggaAge=3 vtgAge=2 xteAge=843819 xteraw=80:510302FF0D080AFF vt=Y(21/22) vtstat=821/97ms tc=Y drp=0mm tcq=0
15:24:01.676 [ISOBUS] addr=0x81 claimed=Y load=14.2% msgs=27674 aiso=823(844819ms) xte=0.00m spd=0.00m/s q=0 ggaAge=3 vtgAge=3 xteAge=844819 xteraw=80:510302FF0D080AFF vt=Y(21/22) vtstat=822/96ms tc=Y drp=0mm tcq=0
15:24:02.671 [ISOBUS] addr=0x81 claimed=Y load=14.5% msgs=27716 aiso=824(845819ms) xte=0.00m spd=0.00m/s q=0 ggaAge=103 vtgAge=102 xteAge=845819 xteraw=80:510302FF0D080AFF vt=Y(21/22) vtstat=823/95ms tc=Y drp=0mm tcq=0
15:24:03.669 [ISOBUS] addr=0x81 claimed=Y load=14.2% msgs=27760 aiso=825(846819ms) xte=0.00m spd=0.00m/s q=0 ggaAge=3 vtgAge=2 xteAge=846819 xteraw=80:510302FF0D080AFF vt=Y(21/22) vtstat=824/95ms tc=Y drp=0mm tcq=0
15:24:04.675 [ISOBUS] addr=0x81 claimed=Y load=14.0% msgs=27801 aiso=826(847819ms) xte=0.00m spd=0.00m/s q=0 ggaAge=3 vtgAge=3 xteAge=847819 xteraw=80:510302FF0D080AFF vt=Y(21/22) vtstat=825/95ms tc=Y drp=0mm tcq=0
15:24:05.656 [ISOBUS] addr=0x81 claimed=Y load=14.2% msgs=27842 aiso=827(848819ms) xte=0.00m spd=0.00m/s q=0 ggaAge=2 vtgAge=2 xteAge=848819 xteraw=80:510302FF0D080AFF vt=Y(21/22) vtstat=826/94ms tc=Y drp=0mm tcq=0
15:24:06.677 [ISOBUS] addr=0x81 claimed=Y load=14.0% msgs=27883 aiso=828(849819ms) xte=0.00m spd=0.00m/s q=0 ggaAge=3 vtgAge=3 xteAge=849819 xteraw=80:510302FF0D080AFF vt=Y(21/22) vtstat=827/93ms tc=Y drp=0mm tcq=0
15:24:07.678 [ISOBUS] addr=0x81 claimed=Y load=14.2% msgs=27924 aiso=829(850819ms) xte=0.00m spd=0.00m/s q=0 ggaAge=3 vtgAge=3 xteAge=850819 xteraw=80:510302FF0D080AFF vt=Y(21/22) vtstat=828/93ms tc=Y drp=0mm tcq=0
15:24:08.668 [ISOBUS] addr=0x81 claimed=Y load=14.0% msgs=27965 aiso=830(851819ms) xte=0.00m spd=0.00m/s q=0 ggaAge=3 vtgAge=3 xteAge=851819 xteraw=80:510302FF0D080AFF vt=Y(21/22) vtstat=829/92ms tc=Y drp=0mm tcq=0
15:24:09.688 [ISOBUS] addr=0x81 claimed=Y load=14.2% msgs=28006 aiso=831(852819ms) xte=0.00m spd=0.00m/s q=0 ggaAge=3 vtgAge=2 xteAge=852819 xteraw=80:510302FF0D080AFF vt=Y(21/22) vtstat=830/91ms tc=Y drp=0mm tcq=0
15:24:10.657 [ISOBUS] addr=0x81 claimed=Y load=14.0% msgs=28047 aiso=832(853819ms) xte=0.00m spd=0.00m/s q=0 ggaAge=3 vtgAge=3 xteAge=853819 xteraw=80:510302FF0D080AFF vt=Y(21/22) vtstat=831/91ms tc=Y drp=0mm tcq=0
15:24:11.684 [ISOBUS] addr=0x81 claimed=Y load=14.2% msgs=28088 aiso=833(854819ms) xte=0.00m spd=0.00m/s q=0 ggaAge=2 vtgAge=2 xteAge=854819 xteraw=80:510302FF0D080AFF vt=Y(21/22) vtstat=832/90ms tc=Y drp=0mm tcq=0
15:24:12.681 [ISOBUS] addr=0x81 claimed=Y load=14.5% msgs=28133 aiso=834(855819ms) xte=0.00m spd=0.00m/s q=0 ggaAge=3 vtgAge=3 xteAge=855819 xteraw=80:510302FF0D080AFF vt=Y(21/22) vtstat=833/90ms tc=Y drp=0mm tcq=0
15:24:13.657 [ISOBUS] addr=0x81 claimed=Y load=14.2% msgs=28174 aiso=835(856819ms) xte=0.00m spd=0.00m/s q=0 ggaAge=2 vtgAge=1 xteAge=856819 xteraw=80:510302FF0D080AFF vt=Y(21/22) vtstat=834/89ms tc=Y drp=0mm tcq=0
15:24:14.666 [ISOBUS] addr=0x81 claimed=Y load=14.0% msgs=28215 aiso=836(857819ms) xte=0.00m spd=0.00m/s q=0 ggaAge=3 vtgAge=2 xteAge=857819 xteraw=80:510302FF0D080AFF vt=Y(21/22) vtstat=835/89ms tc=Y drp=0mm tcq=0
15:24:15.667 [ISOBUS] addr=0x81 claimed=Y load=14.2% msgs=28256 aiso=837(858819ms) xte=0.00m spd=0.00m/s q=0 ggaAge=2 vtgAge=2 xteAge=858819 xteraw=80:510302FF0D080AFF vt=Y(21/22) vtstat=836/88ms tc=Y drp=0mm tcq=0
15:24:16.659 [ISOBUS] addr=0x81 claimed=Y load=14.0% msgs=28295 aiso=838(859819ms) xte=0.00m spd=0.00m/s q=0 ggaAge=3 vtgAge=102 xteAge=859819 xteraw=80:510302FF0D080AFF vt=Y(21/22) vtstat=837/87ms tc=Y drp=0mm tcq=0
15:24:17.692 [ISOBUS] addr=0x81 claimed=Y load=14.2% msgs=28338 aiso=839(860819ms) xte=0.00m spd=0.00m/s q=0 ggaAge=3 vtgAge=3 xteAge=860819 xteraw=80:510302FF0D080AFF vt=Y(21/22) vtstat=838/86ms tc=Y drp=0mm tcq=0
15:24:18.661 [ISOBUS] addr=0x81 claimed=Y load=14.0% msgs=28379 aiso=840(861819ms) xte=0.00m spd=0.00m/s q=0 ggaAge=3 vtgAge=3 xteAge=861819 xteraw=80:510302FF0D080AFF vt=Y(21/22) vtstat=839/86ms tc=Y drp=0mm tcq=0
15:24:19.687 [ISOBUS] addr=0x81 claimed=Y load=14.2% msgs=28420 aiso=841(862819ms) xte=0.00m spd=0.00m/s q=0 ggaAge=3 vtgAge=2 xteAge=862819 xteraw=80:510302FF0D080AFF vt=Y(21/22) vtstat=840/85ms tc=Y drp=0mm tcq=0
15:24:20.666 [ISOBUS] addr=0x81 claimed=Y load=14.0% msgs=28461 aiso=842(863819ms) xte=0.00m spd=0.00m/s q=0 ggaAge=3 vtgAge=2 xteAge=863819 xteraw=80:510302FF0D080AFF vt=Y(21/22) vtstat=841/85ms tc=Y drp=0mm tcq=0
15:24:21.682 [ISOBUS] addr=0x81 claimed=Y load=14.2% msgs=28499 aiso=843(864819ms) xte=0.00m spd=0.00m/s q=0 ggaAge=102 vtgAge=102 xteAge=864819 xteraw=80:510302FF0D080AFF vt=Y(21/22) vtstat=842/84ms tc=Y drp=0mm tcq=0
15:24:22.684 [ISOBUS] addr=0x81 claimed=Y load=14.5% msgs=28547 aiso=844(865819ms) xte=0.00m spd=0.00m/s q=0 ggaAge=2 vtgAge=2 xteAge=865819 xteraw=80:510302FF0D080AFF vt=Y(21/22) vtstat=843/84ms tc=Y drp=0mm tcq=0
15:24:23.677 [ISOBUS] addr=0x81 claimed=Y load=14.2% msgs=28588 aiso=845(866819ms) xte=0.00m spd=0.00m/s q=0 ggaAge=2 vtgAge=2 xteAge=866819 xteraw=80:510302FF0D080AFF vt=Y(21/22) vtstat=844/83ms tc=Y drp=0mm tcq=0
15:24:24.670 [ISOBUS] addr=0x81 claimed=Y load=14.0% msgs=28629 aiso=846(867819ms) xte=0.00m spd=0.00m/s q=0 ggaAge=3 vtgAge=2 xteAge=867819 xteraw=80:510302FF0D080AFF vt=Y(21/22) vtstat=845/83ms tc=Y drp=0mm tcq=0
15:24:25.676 [ISOBUS] addr=0x81 claimed=Y load=14.2% msgs=28670 aiso=847(868819ms) xte=0.00m spd=0.00m/s q=0 ggaAge=3 vtgAge=2 xteAge=868819 xteraw=80:510302FF0D080AFF vt=Y(21/22) vtstat=846/82ms tc=Y drp=0mm tcq=0
15:24:26.673 [ISOBUS] addr=0x81 claimed=Y load=14.0% msgs=28711 aiso=848(869819ms) xte=0.00m spd=0.00m/s q=0 ggaAge=3 vtgAge=2 xteAge=869819 xteraw=80:510302FF0D080AFF vt=Y(21/22) vtstat=847/81ms tc=Y drp=0mm tcq=0
15:24:27.672 [ISOBUS] addr=0x81 claimed=Y load=14.2% msgs=28752 aiso=849(870819ms) xte=0.00m spd=0.00m/s q=0 ggaAge=2 vtgAge=1 xteAge=870819 xteraw=80:510302FF0D080AFF vt=Y(21/22) vtstat=848/80ms tc=Y drp=0mm tcq=0
15:24:28.686 [ISOBUS] addr=0x81 claimed=Y load=14.0% msgs=28793 aiso=850(871819ms) xte=0.00m spd=0.00m/s q=0 ggaAge=3 vtgAge=2 xteAge=871819 xteraw=80:510302FF0D080AFF vt=Y(21/22) vtstat=849/80ms tc=Y drp=0mm tcq=0
15:24:29.656 [ISOBUS] addr=0x81 claimed=Y load=14.2% msgs=28834 aiso=851(872819ms) xte=0.00m spd=0.00m/s q=0 ggaAge=3 vtgAge=2 xteAge=872819 xteraw=80:510302FF0D080AFF vt=Y(21/22) vtstat=850/79ms tc=Y drp=0mm tcq=0
15:24:30.658 [ISOBUS] addr=0x81 claimed=Y load=14.0% msgs=28875 aiso=852(873819ms) xte=0.00m spd=0.00m/s q=0 ggaAge=3 vtgAge=2 xteAge=873819 xteraw=80:510302FF0D080AFF vt=Y(21/22) vtstat=851/79ms tc=Y drp=0mm tcq=0
15:24:31.662 [ISOBUS] addr=0x81 claimed=Y load=14.2% msgs=28916 aiso=853(874819ms) xte=0.00m spd=0.00m/s q=0 ggaAge=3 vtgAge=2 xteAge=874819 xteraw=80:510302FF0D080AFF vt=Y(21/22) vtstat=852/78ms tc=Y drp=0mm tcq=0
15:24:32.671 [ISOBUS] addr=0x81 claimed=Y load=14.5% msgs=28961 aiso=854(875819ms) xte=0.00m spd=0.00m/s q=0 ggaAge=3 vtgAge=2 xteAge=875819 xteraw=80:510302FF0D080AFF vt=Y(21/22) vtstat=853/78ms tc=Y drp=0mm tcq=0
15:24:33.666 [ISOBUS] addr=0x81 claimed=Y load=14.2% msgs=29002 aiso=855(876819ms) xte=0.00m spd=0.00m/s q=0 ggaAge=2 vtgAge=2 xteAge=876819 xteraw=80:510302FF0D080AFF vt=Y(21/22) vtstat=854/77ms tc=Y drp=0mm tcq=0
15:24:34.677 [ISOBUS] addr=0x81 claimed=Y load=14.1% msgs=29043 aiso=856(877819ms) xte=0.00m spd=0.00m/s q=0 ggaAge=2 vtgAge=2 xteAge=877819 xteraw=80:510302FF0D080AFF vt=Y(21/22) vtstat=855/77ms tc=Y drp=0mm tcq=0
15:24:35.672 [ISOBUS] addr=0x81 claimed=Y load=14.2% msgs=29084 aiso=857(878819ms) xte=0.00m spd=0.00m/s q=0 ggaAge=3 vtgAge=2 xteAge=878819 xteraw=80:510302FF0D080AFF vt=Y(21/22) vtstat=856/76ms tc=Y drp=0mm tcq=0
15:24:36.664 [ISOBUS] addr=0x81 claimed=Y load=14.0% msgs=29125 aiso=858(879819ms) xte=0.00m spd=0.00m/s q=0 ggaAge=2 vtgAge=2 xteAge=879819 xteraw=80:510302FF0D080AFF vt=Y(21/22) vtstat=857/75ms tc=Y drp=0mm tcq=0
15:24:37.682 [ISOBUS] addr=0x81 claimed=Y load=14.2% msgs=29166 aiso=859(880819ms) xte=0.00m spd=0.00m/s q=0 ggaAge=2 vtgAge=1 xteAge=880819 xteraw=80:510302FF0D080AFF vt=Y(21/22) vtstat=858/74ms tc=Y drp=0mm tcq=0
15:24:38.683 [ISOBUS] addr=0x81 claimed=Y load=14.1% msgs=29207 aiso=860(881819ms) xte=0.00m spd=0.00m/s q=0 ggaAge=2 vtgAge=2 xteAge=881819 xteraw=80:510302FF0D080AFF vt=Y(21/22) vtstat=859/74ms tc=Y drp=0mm tcq=0
15:24:39.690 [ISOBUS] addr=0x81 claimed=Y load=14.2% msgs=29248 aiso=861(882819ms) xte=0.00m spd=0.00m/s q=0 ggaAge=3 vtgAge=2 xteAge=882819 xteraw=80:510302FF0D080AFF vt=Y(21/22) vtstat=860/73ms tc=Y drp=0mm tcq=0
15:24:40.664 [ISOBUS] addr=0x81 claimed=Y load=14.0% msgs=29289 aiso=862(883819ms) xte=0.00m spd=0.00m/s q=0 ggaAge=3 vtgAge=2 xteAge=883819 xteraw=80:510302FF0D080AFF vt=Y(21/22) vtstat=861/73ms tc=Y drp=0mm tcq=0
15:24:41.656 [ISOBUS] addr=0x81 claimed=Y load=14.2% msgs=29330 aiso=863(884819ms) xte=0.00m spd=0.00m/s q=0 ggaAge=2 vtgAge=2 xteAge=884819 xteraw=80:510302FF0D080AFF vt=Y(21/22) vtstat=862/72ms tc=Y drp=0mm tcq=0
15:24:42.658 [ISOBUS] addr=0x81 claimed=Y load=14.5% msgs=29375 aiso=864(885819ms) xte=0.00m spd=0.00m/s q=0 ggaAge=3 vtgAge=2 xteAge=885819 xteraw=80:510302FF0D080AFF vt=Y(21/22) vtstat=863/72ms tc=Y drp=0mm tcq=0
15:24:43.675 [ISOBUS] addr=0x81 claimed=Y load=14.2% msgs=29416 aiso=865(886819ms) xte=0.00m spd=0.00m/s q=0 ggaAge=3 vtgAge=2 xteAge=886819 xteraw=80:510302FF0D080AFF vt=Y(21/22) vtstat=864/71ms tc=Y drp=0mm tcq=0
15:24:44.689 [ISOBUS] addr=0x81 claimed=Y load=14.0% msgs=29457 aiso=866(887819ms) xte=0.00m spd=0.00m/s q=0 ggaAge=2 vtgAge=1 xteAge=887819 xteraw=80:510302FF0D080AFF vt=Y(21/22) vtstat=865/71ms tc=Y drp=0mm tcq=0
15:24:45.676 [ISOBUS] addr=0x81 claimed=Y load=14.2% msgs=29498 aiso=867(888819ms) xte=0.00m spd=0.00m/s q=0 ggaAge=2 vtgAge=2 xteAge=888819 xteraw=80:510302FF0D080AFF vt=Y(21/22) vtstat=866/70ms tc=Y drp=0mm tcq=0
15:24:46.685 [ISOBUS] addr=0x81 claimed=Y load=14.0% msgs=29539 aiso=868(889819ms) xte=0.00m spd=0.00m/s q=0 ggaAge=2 vtgAge=1 xteAge=889819 xteraw=80:510302FF0D080AFF vt=Y(21/22) vtstat=867/69ms tc=Y drp=0mm tcq=0
15:24:47.658 [ISOBUS] addr=0x81 claimed=Y load=14.2% msgs=29580 aiso=869(890819ms) xte=0.00m spd=0.00m/s q=0 ggaAge=2 vtgAge=2 xteAge=890819 xteraw=80:510302FF0D080AFF vt=Y(21/22) vtstat=868/69ms tc=Y drp=0mm tcq=0
15:24:48.685 [ISOBUS] addr=0x81 claimed=Y load=14.0% msgs=29621 aiso=870(891819ms) xte=0.00m spd=0.00m/s q=0 ggaAge=2 vtgAge=2 xteAge=891819 xteraw=80:510302FF0D080AFF vt=Y(21/22) vtstat=869/68ms tc=Y drp=0mm tcq=0
15:24:49.670 [ISOBUS] addr=0x81 claimed=Y load=14.2% msgs=29662 aiso=871(892819ms) xte=0.00m spd=0.00m/s q=0 ggaAge=2 vtgAge=2 xteAge=892819 xteraw=80:510302FF0D080AFF vt=Y(21/22) vtstat=870/67ms tc=Y drp=0mm tcq=0
15:24:50.681 [ISOBUS] addr=0x81 claimed=Y load=14.0% msgs=29703 aiso=872(893819ms) xte=0.00m spd=0.00m/s q=0 ggaAge=3 vtgAge=2 xteAge=893819 xteraw=80:510302FF0D080AFF vt=Y(21/22) vtstat=871/67ms tc=Y drp=0mm tcq=0
15:24:51.671 [ISOBUS] addr=0x81 claimed=Y load=14.2% msgs=29743 aiso=873(894819ms) xte=0.00m spd=0.00m/s q=0 ggaAge=1 vtgAge=1 xteAge=894819 xteraw=80:510302FF0D080AFF vt=Y(21/22) vtstat=872/66ms tc=Y drp=0mm tcq=0
15:24:52.691 [ISOBUS] addr=0x81 claimed=Y load=14.5% msgs=29789 aiso=874(895819ms) xte=0.00m spd=0.00m/s q=0 ggaAge=3 vtgAge=2 xteAge=895819 xteraw=80:510302FF0D080AFF vt=Y(21/22) vtstat=873/66ms tc=Y drp=0mm tcq=0
15:24:53.667 [ISOBUS] addr=0x81 claimed=Y load=14.2% msgs=29830 aiso=875(896819ms) xte=0.00m spd=0.00m/s q=0 ggaAge=2 vtgAge=2 xteAge=896819 xteraw=80:510302FF0D080AFF vt=Y(21/22) vtstat=874/65ms tc=Y drp=0mm tcq=0
15:24:54.669 [ISOBUS] addr=0x81 claimed=Y load=14.0% msgs=29871 aiso=876(897819ms) xte=0.00m spd=0.00m/s q=0 ggaAge=3 vtgAge=2 xteAge=897819 xteraw=80:510302FF0D080AFF vt=Y(21/22) vtstat=875/64ms tc=Y drp=0mm tcq=0
15:24:55.674 [ISOBUS] addr=0x81 claimed=Y load=14.2% msgs=29912 aiso=877(898819ms) xte=0.00m spd=0.00m/s q=0 ggaAge=3 vtgAge=2 xteAge=898819 xteraw=80:510302FF0D080AFF vt=Y(21/22) vtstat=876/64ms tc=Y drp=0mm tcq=0
15:24:56.674 [ISOBUS] addr=0x81 claimed=Y load=14.0% msgs=29953 aiso=878(899819ms) xte=0.00m spd=0.00m/s q=0 ggaAge=2 vtgAge=1 xteAge=899819 xteraw=80:510302FF0D080AFF vt=Y(21/22) vtstat=877/63ms tc=Y drp=0mm tcq=0
15:24:57.668 [ISOBUS] addr=0x81 claimed=Y load=14.2% msgs=29994 aiso=879(900819ms) xte=0.00m spd=0.00m/s q=0 ggaAge=2 vtgAge=1 xteAge=900819 xteraw=80:510302FF0D080AFF vt=Y(21/22) vtstat=878/62ms tc=Y drp=0mm tcq=0
15:24:58.669 [ISOBUS] addr=0x81 claimed=Y load=14.0% msgs=30034 aiso=880(901819ms) xte=0.00m spd=0.00m/s q=0 ggaAge=1 vtgAge=1 xteAge=901819 xteraw=80:510302FF0D080AFF vt=Y(21/22) vtstat=879/62ms tc=Y drp=0mm tcq=0
15:24:59.669 [ISOBUS] addr=0x81 claimed=Y load=14.2% msgs=30076 aiso=881(902819ms) xte=0.00m spd=0.00m/s q=0 ggaAge=3 vtgAge=2 xteAge=902819 xteraw=80:510302FF0D080AFF vt=Y(21/22) vtstat=880/61ms tc=Y drp=0mm tcq=0
15:25:00.670 [ISOBUS] addr=0x81 claimed=Y load=14.0% msgs=30117 aiso=882(903819ms) xte=0.00m spd=0.00m/s q=0 ggaAge=3 vtgAge=2 xteAge=903819 xteraw=80:510302FF0D080AFF vt=Y(21/22) vtstat=881/61ms tc=Y drp=0mm tcq=0
15:25:01.684 [ISOBUS] addr=0x81 claimed=Y load=14.2% msgs=30157 aiso=883(904819ms) xte=0.00m spd=0.00m/s q=0 ggaAge=1 vtgAge=1 xteAge=904819 xteraw=80:510302FF0D080AFF vt=Y(21/22) vtstat=882/60ms tc=Y drp=0mm tcq=0
15:25:02.660 [ISOBUS] addr=0x81 claimed=Y load=14.5% msgs=30203 aiso=884(905819ms) xte=0.00m spd=0.00m/s q=0 ggaAge=2 vtgAge=2 xteAge=905819 xteraw=80:510302FF0D080AFF vt=Y(21/22) vtstat=883/60ms tc=Y drp=0mm tcq=0
15:25:03.668 [ISOBUS] addr=0x81 claimed=Y load=14.2% msgs=30244 aiso=885(906819ms) xte=0.00m spd=0.00m/s q=0 ggaAge=2 vtgAge=2 xteAge=906819 xteraw=80:510302FF0D080AFF vt=Y(21/22) vtstat=884/59ms tc=Y drp=0mm tcq=0
15:25:04.671 [ISOBUS] addr=0x81 claimed=Y load=14.0% msgs=30285 aiso=886(907819ms) xte=0.00m spd=0.00m/s q=0 ggaAge=2 vtgAge=2 xteAge=907819 xteraw=80:510302FF0D080AFF vt=Y(21/22) vtstat=885/59ms tc=Y drp=0mm tcq=0
15:25:05.682 [ISOBUS] addr=0x81 claimed=Y load=14.2% msgs=30326 aiso=887(908819ms) xte=0.00m spd=0.00m/s q=0 ggaAge=2 vtgAge=2 xteAge=908819 xteraw=80:510302FF0D080AFF vt=Y(21/22) vtstat=886/58ms tc=Y drp=0mm tcq=0
15:25:06.687 [ISOBUS] addr=0x81 claimed=Y load=14.0% msgs=30367 aiso=888(909819ms) xte=0.00m spd=0.00m/s q=0 ggaAge=2 vtgAge=2 xteAge=909819 xteraw=80:510302FF0D080AFF vt=Y(21/22) vtstat=887/57ms tc=Y drp=0mm tcq=0
15:25:07.661 [ISOBUS] addr=0x81 claimed=Y load=14.2% msgs=30408 aiso=889(910819ms) xte=0.00m spd=0.00m/s q=0 ggaAge=2 vtgAge=2 xteAge=910819 xteraw=80:510302FF0D080AFF vt=Y(21/22) vtstat=888/57ms tc=Y drp=0mm tcq=0
15:25:08.688 [ISOBUS] addr=0x81 claimed=Y load=14.0% msgs=30449 aiso=890(911819ms) xte=0.00m spd=0.00m/s q=0 ggaAge=2 vtgAge=1 xteAge=911819 xteraw=80:510302FF0D080AFF vt=Y(21/22) vtstat=889/56ms tc=Y drp=0mm tcq=0
15:25:09.676 [ISOBUS] addr=0x81 claimed=Y load=14.2% msgs=30490 aiso=891(912819ms) xte=0.00m spd=0.00m/s q=0 ggaAge=2 vtgAge=1 xteAge=912819 xteraw=80:510302FF0D080AFF vt=Y(21/22) vtstat=890/55ms tc=Y drp=0mm tcq=0
15:25:10.668 [ISOBUS] addr=0x81 claimed=Y load=14.0% msgs=30531 aiso=892(913819ms) xte=0.00m spd=0.00m/s q=0 ggaAge=2 vtgAge=1 xteAge=913819 xteraw=80:510302FF0D080AFF vt=Y(21/22) vtstat=891/55ms tc=Y drp=0mm tcq=0
15:25:11.662 [ISOBUS] addr=0x81 claimed=Y load=14.2% msgs=30572 aiso=893(914819ms) xte=0.00m spd=0.00m/s q=0 ggaAge=2 vtgAge=2 xteAge=914819 xteraw=80:510302FF0D080AFF vt=Y(21/22) vtstat=892/53ms tc=Y drp=0mm tcq=0
15:25:12.687 [ISOBUS] addr=0x81 claimed=Y load=14.5% msgs=30617 aiso=894(915819ms) xte=0.00m spd=0.00m/s q=0 ggaAge=2 vtgAge=2 xteAge=915819 xteraw=80:510302FF0D080AFF vt=Y(21/22) vtstat=893/53ms tc=Y drp=0mm tcq=0
15:25:13.675 [ISOBUS] addr=0x81 claimed=Y load=14.2% msgs=30657 aiso=895(916819ms) xte=0.00m spd=0.00m/s q=0 ggaAge=2 vtgAge=1 xteAge=916819 xteraw=80:510302FF0D080AFF vt=Y(21/22) vtstat=894/53ms tc=Y drp=0mm tcq=0
15:25:14.669 [ISOBUS] addr=0x81 claimed=Y load=14.0% msgs=30699 aiso=896(917819ms) xte=0.00m spd=0.00m/s q=0 ggaAge=2 vtgAge=2 xteAge=917819 xteraw=80:510302FF0D080AFF vt=Y(21/22) vtstat=895/53ms tc=Y drp=0mm tcq=0
15:25:15.658 [ISOBUS] addr=0x81 claimed=Y load=14.2% msgs=30740 aiso=897(918819ms) xte=0.00m spd=0.00m/s q=0 ggaAge=2 vtgAge=1 xteAge=918819 xteraw=80:510302FF0D080AFF vt=Y(21/22) vtstat=896/52ms tc=Y drp=0mm tcq=0
15:25:16.675 [ISOBUS] addr=0x81 claimed=Y load=14.0% msgs=30781 aiso=898(919819ms) xte=0.00m spd=0.00m/s q=0 ggaAge=2 vtgAge=2 xteAge=919819 xteraw=80:510302FF0D080AFF vt=Y(21/22) vtstat=897/51ms tc=Y drp=0mm tcq=0
15:25:17.675 [ISOBUS] addr=0x81 claimed=Y load=14.2% msgs=30822 aiso=899(920819ms) xte=0.00m spd=0.00m/s q=0 ggaAge=2 vtgAge=1 xteAge=920819 xteraw=80:510302FF0D080AFF vt=Y(21/22) vtstat=898/50ms tc=Y drp=0mm tcq=0
15:25:18.673 [ISOBUS] addr=0x81 claimed=Y load=14.0% msgs=30863 aiso=900(921819ms) xte=0.00m spd=0.00m/s q=0 ggaAge=2 vtgAge=2 xteAge=921819 xteraw=80:510302FF0D080AFF vt=Y(21/22) vtstat=899/50ms tc=Y drp=0mm tcq=0
15:25:19.675 [ISOBUS] addr=0x81 claimed=Y load=14.2% msgs=30904 aiso=901(922819ms) xte=0.00m spd=0.00m/s q=0 ggaAge=2 vtgAge=1 xteAge=922819 xteraw=80:510302FF0D080AFF vt=Y(21/22) vtstat=900/49ms tc=Y drp=0mm tcq=0
15:25:20.682 [ISOBUS] addr=0x81 claimed=Y load=14.0% msgs=30945 aiso=902(923819ms) xte=0.00m spd=0.00m/s q=0 ggaAge=2 vtgAge=1 xteAge=923819 xteraw=80:510302FF0D080AFF vt=Y(21/22) vtstat=901/49ms tc=Y drp=0mm tcq=0
15:25:21.694 [ISOBUS] addr=0x81 claimed=Y load=14.2% msgs=30986 aiso=903(924819ms) xte=0.00m spd=0.00m/s q=0 ggaAge=2 vtgAge=2 xteAge=924819 xteraw=80:510302FF0D080AFF vt=Y(21/22) vtstat=902/48ms tc=Y drp=0mm tcq=0
15:25:22.690 [ISOBUS] addr=0x81 claimed=Y load=14.5% msgs=31030 aiso=904(925819ms) xte=0.00m spd=0.00m/s q=0 ggaAge=2 vtgAge=1 xteAge=925819 xteraw=80:510302FF0D080AFF vt=Y(21/22) vtstat=903/48ms tc=Y drp=0mm tcq=0
15:25:23.675 [ISOBUS] addr=0x81 claimed=Y load=14.2% msgs=31072 aiso=905(926819ms) xte=0.00m spd=0.00m/s q=0 ggaAge=2 vtgAge=2 xteAge=926819 xteraw=80:510302FF0D080AFF vt=Y(21/22) vtstat=904/47ms tc=Y drp=0mm tcq=0
15:25:24.661 [ISOBUS] addr=0x81 claimed=Y load=14.0% msgs=31110 aiso=906(927819ms) xte=0.00m spd=0.00m/s q=0 ggaAge=102 vtgAge=101 xteAge=927819 xteraw=80:510302FF0D080AFF vt=Y(21/22) vtstat=905/46ms tc=Y drp=0mm tcq=0
15:25:25.684 [ISOBUS] addr=0x81 claimed=Y load=14.2% msgs=31153 aiso=907(928819ms) xte=0.00m spd=0.00m/s q=0 ggaAge=2 vtgAge=1 xteAge=928819 xteraw=80:510302FF0D080AFF vt=Y(21/22) vtstat=906/45ms tc=Y drp=0mm tcq=0
15:25:26.660 [ISOBUS] addr=0x81 claimed=Y load=14.0% msgs=31195 aiso=908(929819ms) xte=0.00m spd=0.00m/s q=0 ggaAge=2 vtgAge=1 xteAge=929819 xteraw=80:510302FF0D080AFF vt=Y(21/22) vtstat=907/45ms tc=Y drp=0mm tcq=0
15:25:27.661 [ISOBUS] addr=0x81 claimed=Y load=14.2% msgs=31236 aiso=909(930819ms) xte=0.00m spd=0.00m/s q=0 ggaAge=2 vtgAge=1 xteAge=930819 xteraw=80:510302FF0D080AFF vt=Y(21/22) vtstat=908/44ms tc=Y drp=0mm tcq=0
15:25:28.691 [ISOBUS] addr=0x81 claimed=Y load=14.0% msgs=31277 aiso=910(931819ms) xte=0.00m spd=0.00m/s q=0 ggaAge=2 vtgAge=1 xteAge=931819 xteraw=80:510302FF0D080AFF vt=Y(21/22) vtstat=909/44ms tc=Y drp=0mm tcq=0
15:25:29.678 [ISOBUS] addr=0x81 claimed=Y load=14.2% msgs=31318 aiso=911(932819ms) xte=0.00m spd=0.00m/s q=0 ggaAge=2 vtgAge=1 xteAge=932819 xteraw=80:510302FF0D080AFF vt=Y(21/22) vtstat=910/41ms tc=Y drp=0mm tcq=0
15:25:30.670 [ISOBUS] addr=0x81 claimed=Y load=14.0% msgs=31359 aiso=912(933819ms) xte=0.00m spd=0.00m/s q=0 ggaAge=2 vtgAge=1 xteAge=933819 xteraw=80:510302FF0D080AFF vt=Y(21/22) vtstat=911/43ms tc=Y drp=0mm tcq=0
15:25:31.686 [ISOBUS] addr=0x81 claimed=Y load=14.2% msgs=31400 aiso=913(934819ms) xte=0.00m spd=0.00m/s q=0 ggaAge=2 vtgAge=1 xteAge=934819 xteraw=80:510302FF0D080AFF vt=Y(21/22) vtstat=912/41ms tc=Y drp=0mm tcq=0
15:25:32.686 [ISOBUS] addr=0x81 claimed=Y load=14.5% msgs=31445 aiso=914(935819ms) xte=0.00m spd=0.00m/s q=0 ggaAge=2 vtgAge=1 xteAge=935819 xteraw=80:510302FF0D080AFF vt=Y(21/22) vtstat=913/41ms tc=Y drp=0mm tcq=0
15:25:33.677 [ISOBUS] addr=0x81 claimed=Y load=14.2% msgs=31486 aiso=915(936819ms) xte=0.00m spd=0.00m/s q=0 ggaAge=2 vtgAge=1 xteAge=936819 xteraw=80:510302FF0D080AFF vt=Y(21/22) vtstat=914/41ms tc=Y drp=0mm tcq=0
15:25:34.679 [ISOBUS] addr=0x81 claimed=Y load=14.0% msgs=31525 aiso=916(937819ms) xte=0.00m spd=0.00m/s q=0 ggaAge=1 vtgAge=102 xteAge=937819 xteraw=80:510302FF0D080AFF vt=Y(21/22) vtstat=915/40ms tc=Y drp=0mm tcq=0
15:25:35.674 [ISOBUS] addr=0x81 claimed=Y load=14.2% msgs=31568 aiso=917(938819ms) xte=0.00m spd=0.00m/s q=0 ggaAge=2 vtgAge=1 xteAge=938819 xteraw=80:510302FF0D080AFF vt=Y(21/22) vtstat=916/39ms tc=Y drp=0mm tcq=0
15:25:36.697 [ISOBUS] addr=0x81 claimed=Y load=14.0% msgs=31608 aiso=918(939819ms) xte=0.00m spd=0.00m/s q=0 ggaAge=1 vtgAge=1 xteAge=939819 xteraw=80:510302FF0D080AFF vt=Y(21/22) vtstat=917/39ms tc=Y drp=0mm tcq=0
15:25:37.686 [ISOBUS] addr=0x81 claimed=Y load=14.2% msgs=31650 aiso=919(940819ms) xte=0.00m spd=0.00m/s q=0 ggaAge=2 vtgAge=2 xteAge=940819 xteraw=80:510302FF0D080AFF vt=Y(21/22) vtstat=918/38ms tc=Y drp=0mm tcq=0
15:25:38.697 [ISOBUS] addr=0x81 claimed=Y load=14.0% msgs=31688 aiso=920(941819ms) xte=0.00m spd=0.00m/s q=0 ggaAge=102 vtgAge=101 xteAge=941819 xteraw=80:510302FF0D080AFF vt=Y(21/22) vtstat=919/38ms tc=Y drp=0mm tcq=0
15:25:39.689 [ISOBUS] addr=0x81 claimed=Y load=14.2% msgs=31732 aiso=921(942819ms) xte=0.00m spd=0.00m/s q=0 ggaAge=2 vtgAge=1 xteAge=942819 xteraw=80:510302FF0D080AFF vt=Y(21/22) vtstat=920/37ms tc=Y drp=0mm tcq=0
15:25:40.671 [ISOBUS] addr=0x81 claimed=Y load=14.0% msgs=31773 aiso=922(943819ms) xte=0.00m spd=0.00m/s q=0 ggaAge=2 vtgAge=1 xteAge=943819 xteraw=80:510302FF0D080AFF vt=Y(21/22) vtstat=921/37ms tc=Y drp=0mm tcq=0
15:25:41.665 [ISOBUS] addr=0x81 claimed=Y load=14.2% msgs=31813 aiso=923(944819ms) xte=0.00m spd=0.00m/s q=0 ggaAge=2 vtgAge=1 xteAge=944819 xteraw=80:510302FF0D080AFF vt=Y(21/22) vtstat=922/36ms tc=Y drp=0mm tcq=0
15:25:42.687 [ISOBUS] addr=0x81 claimed=Y load=14.5% msgs=31859 aiso=924(945819ms) xte=0.00m spd=0.00m/s q=0 ggaAge=2 vtgAge=1 xteAge=945819 xteraw=80:510302FF0D080AFF vt=Y(21/22) vtstat=923/36ms tc=Y drp=0mm tcq=0
15:25:43.682 [ISOBUS] addr=0x81 claimed=Y load=14.2% msgs=31900 aiso=925(946819ms) xte=0.00m spd=0.00m/s q=0 ggaAge=2 vtgAge=1 xteAge=946819 xteraw=80:510302FF0D080AFF vt=Y(21/22) vtstat=924/35ms tc=Y drp=0mm tcq=0
15:25:44.690 [ISOBUS] addr=0x81 claimed=Y load=14.0% msgs=31940 aiso=926(947819ms) xte=0.00m spd=0.00m/s q=0 ggaAge=2 vtgAge=1 xteAge=947819 xteraw=80:510302FF0D080AFF vt=Y(21/22) vtstat=925/34ms tc=Y drp=0mm tcq=0
15:25:45.670 [ISOBUS] addr=0x81 claimed=Y load=14.2% msgs=31982 aiso=927(948819ms) xte=0.00m spd=0.00m/s q=0 ggaAge=2 vtgAge=1 xteAge=948819 xteraw=80:510302FF0D080AFF vt=Y(21/22) vtstat=926/32ms tc=Y drp=0mm tcq=0
15:25:46.683 [ISOBUS] addr=0x81 claimed=Y load=14.0% msgs=32023 aiso=928(949819ms) xte=0.00m spd=0.00m/s q=0 ggaAge=2 vtgAge=1 xteAge=949819 xteraw=80:510302FF0D080AFF vt=Y(21/22) vtstat=927/32ms tc=Y drp=0mm tcq=0
15:25:47.670 [ISOBUS] addr=0x81 claimed=Y load=14.2% msgs=32063 aiso=929(950819ms) xte=0.00m spd=0.00m/s q=0 ggaAge=2 vtgAge=1 xteAge=950819 xteraw=80:510302FF0D080AFF vt=Y(21/22) vtstat=928/32ms tc=Y drp=0mm tcq=0
15:25:48.668 [ISOBUS] addr=0x81 claimed=Y load=14.0% msgs=32105 aiso=930(951819ms) xte=0.00m spd=0.00m/s q=0 ggaAge=2 vtgAge=1 xteAge=951819 xteraw=80:510302FF0D080AFF vt=Y(21/22) vtstat=929/32ms tc=Y drp=0mm tcq=0
15:25:49.679 [ISOBUS] addr=0x81 claimed=Y load=14.2% msgs=32146 aiso=931(952819ms) xte=0.00m spd=0.00m/s q=0 ggaAge=2 vtgAge=1 xteAge=952819 xteraw=80:510302FF0D080AFF vt=Y(21/22) vtstat=930/31ms tc=Y drp=0mm tcq=0
15:25:50.678 [ISOBUS] addr=0x81 claimed=Y load=14.0% msgs=32186 aiso=932(953819ms) xte=0.00m spd=0.00m/s q=0 ggaAge=2 vtgAge=1 xteAge=953819 xteraw=80:510302FF0D080AFF vt=Y(21/22) vtstat=931/30ms tc=Y drp=0mm tcq=0
15:25:51.673 [ISOBUS] addr=0x81 claimed=Y load=14.2% msgs=32228 aiso=933(954819ms) xte=0.00m spd=0.00m/s q=0 ggaAge=2 vtgAge=1 xteAge=954819 xteraw=80:510302FF0D080AFF vt=Y(21/22) vtstat=932/29ms tc=Y drp=0mm tcq=0
15:25:52.663 [ISOBUS] addr=0x81 claimed=Y load=14.5% msgs=32272 aiso=934(955819ms) xte=0.00m spd=0.00m/s q=0 ggaAge=1 vtgAge=1 xteAge=955819 xteraw=80:510302FF0D080AFF vt=Y(21/22) vtstat=933/29ms tc=Y drp=0mm tcq=0
15:25:53.695 [ISOBUS] addr=0x81 claimed=Y load=14.2% msgs=32313 aiso=935(956819ms) xte=0.00m spd=0.00m/s q=0 ggaAge=2 vtgAge=1 xteAge=956819 xteraw=80:510302FF0D080AFF vt=Y(21/22) vtstat=934/28ms tc=Y drp=0mm tcq=0
15:25:54.668 [ISOBUS] addr=0x81 claimed=Y load=14.0% msgs=32354 aiso=936(957819ms) xte=0.00m spd=0.00m/s q=0 ggaAge=1 vtgAge=1 xteAge=957819 xteraw=80:510302FF0D080AFF vt=Y(21/22) vtstat=935/28ms tc=Y drp=0mm tcq=0
15:25:55.691 [ISOBUS] addr=0x81 claimed=Y load=14.2% msgs=32395 aiso=937(958819ms) xte=0.00m spd=0.00m/s q=0 ggaAge=1 vtgAge=1 xteAge=958819 xteraw=80:510302FF0D080AFF vt=Y(21/22) vtstat=936/27ms tc=Y drp=0mm tcq=0
15:25:56.688 [ISOBUS] addr=0x81 claimed=Y load=14.0% msgs=32435 aiso=938(959819ms) xte=0.00m spd=0.00m/s q=0 ggaAge=1 vtgAge=101 xteAge=959819 xteraw=80:510302FF0D080AFF vt=Y(21/22) vtstat=937/26ms tc=Y drp=0mm tcq=0
15:25:57.671 [ISOBUS] addr=0x81 claimed=Y load=14.2% msgs=32477 aiso=939(960819ms) xte=0.00m spd=0.00m/s q=0 ggaAge=1 vtgAge=1 xteAge=960819 xteraw=80:510302FF0D080AFF vt=Y(21/22) vtstat=938/25ms tc=Y drp=0mm tcq=0
15:25:58.686 [ISOBUS] addr=0x81 claimed=Y load=14.0% msgs=32518 aiso=940(961819ms) xte=0.00m spd=0.00m/s q=0 ggaAge=2 vtgAge=1 xteAge=961819 xteraw=80:510302FF0D080AFF vt=Y(21/22) vtstat=939/25ms tc=Y drp=0mm tcq=0
15:25:59.671 [ISOBUS] addr=0x81 claimed=Y load=14.2% msgs=32559 aiso=941(962819ms) xte=0.00m spd=0.00m/s q=0 ggaAge=1 vtgAge=1 xteAge=962819 xteraw=80:510302FF0D080AFF vt=Y(21/22) vtstat=940/24ms tc=Y drp=0mm tcq=0
15:26:00.689 [ISOBUS] addr=0x81 claimed=Y load=14.0% msgs=32600 aiso=942(963819ms) xte=0.00m spd=0.00m/s q=0 ggaAge=1 vtgAge=1 xteAge=963819 xteraw=80:510302FF0D080AFF vt=Y(21/22) vtstat=941/24ms tc=Y drp=0mm tcq=0
15:26:01.670 [ISOBUS] addr=0x81 claimed=Y load=14.2% msgs=32641 aiso=943(964819ms) xte=0.00m spd=0.00m/s q=0 ggaAge=1 vtgAge=1 xteAge=964819 xteraw=80:510302FF0D080AFF vt=Y(21/22) vtstat=942/23ms tc=Y drp=0mm tcq=0
15:26:02.675 [ISOBUS] addr=0x81 claimed=Y load=14.5% msgs=32686 aiso=944(965819ms) xte=0.00m spd=0.00m/s q=0 ggaAge=1 vtgAge=1 xteAge=965819 xteraw=80:510302FF0D080BFF vt=Y(21/22) vtstat=943/21ms tc=Y drp=0mm tcq=0
15:26:03.683 [ISOBUS] addr=0x81 claimed=Y load=14.2% msgs=32727 aiso=945(966819ms) xte=0.00m spd=0.00m/s q=0 ggaAge=1 vtgAge=1 xteAge=966819 xteraw=80:510302FF0D080BFF vt=Y(21/22) vtstat=944/21ms tc=Y drp=0mm tcq=0
15:26:04.673 [ISOBUS] addr=0x81 claimed=Y load=14.0% msgs=32769 aiso=946(967819ms) xte=0.00m spd=0.00m/s q=0 ggaAge=2 vtgAge=1 xteAge=967819 xteraw=80:510302FF0D080BFF vt=Y(21/22) vtstat=945/21ms tc=Y drp=0mm tcq=0
15:26:05.674 [ISOBUS] addr=0x81 claimed=Y load=14.2% msgs=32809 aiso=947(968819ms) xte=0.00m spd=0.00m/s q=0 ggaAge=1 vtgAge=1 xteAge=968819 xteraw=80:510302FF0D080BFF vt=Y(21/22) vtstat=946/20ms tc=Y drp=0mm tcq=0
15:26:06.699 [ISOBUS] addr=0x81 claimed=Y load=14.0% msgs=32850 aiso=948(969819ms) xte=0.00m spd=0.00m/s q=0 ggaAge=1 vtgAge=1 xteAge=969819 xteraw=80:510302FF0D080BFF vt=Y(21/22) vtstat=947/20ms tc=Y drp=0mm tcq=0
15:26:07.675 [ISOBUS] addr=0x81 claimed=Y load=14.2% msgs=32890 aiso=949(970819ms) xte=0.00m spd=0.00m/s q=0 ggaAge=1 vtgAge=101 xteAge=970819 xteraw=80:510302FF0D080BFF vt=Y(21/22) vtstat=948/19ms tc=Y drp=0mm tcq=0
15:26:08.688 [ISOBUS] addr=0x81 claimed=Y load=14.0% msgs=32931 aiso=950(971819ms) xte=0.00m spd=0.00m/s q=0 ggaAge=1 vtgAge=101 xteAge=971819 xteraw=80:510302FF0D080BFF vt=Y(21/22) vtstat=949/19ms tc=Y drp=0mm tcq=0
15:26:09.667 [ISOBUS] addr=0x81 claimed=Y load=14.2% msgs=32973 aiso=951(972819ms) xte=0.00m spd=0.00m/s q=0 ggaAge=1 vtgAge=1 xteAge=972819 xteraw=80:510302FF0D080BFF vt=Y(21/22) vtstat=950/18ms tc=Y drp=0mm tcq=0
15:26:10.671 [ISOBUS] addr=0x81 claimed=Y load=14.0% msgs=33013 aiso=952(973819ms) xte=0.00m spd=0.00m/s q=0 ggaAge=1 vtgAge=101 xteAge=973819 xteraw=80:510302FF0D080BFF vt=Y(21/22) vtstat=951/17ms tc=Y drp=0mm tcq=0
15:26:11.689 [ISOBUS] addr=0x81 claimed=Y load=14.2% msgs=33055 aiso=953(974819ms) xte=0.00m spd=0.00m/s q=0 ggaAge=2 vtgAge=0 xteAge=974819 xteraw=80:510302FF0D080BFF vt=Y(21/22) vtstat=952/16ms tc=Y drp=0mm tcq=0
15:26:12.672 [ISOBUS] addr=0x81 claimed=Y load=14.5% msgs=33100 aiso=954(975819ms) xte=0.00m spd=0.00m/s q=0 ggaAge=1 vtgAge=1 xteAge=975819 xteraw=80:510302FF0D080BFF vt=Y(21/22) vtstat=953/16ms tc=Y drp=0mm tcq=0
15:26:13.689 [ISOBUS] addr=0x81 claimed=Y load=14.2% msgs=33141 aiso=955(976819ms) xte=0.00m spd=0.00m/s q=0 ggaAge=1 vtgAge=1 xteAge=976819 xteraw=80:510302FF0D080BFF vt=Y(21/22) vtstat=954/15ms tc=Y drp=0mm tcq=0
15:26:14.667 [ISOBUS] addr=0x81 claimed=Y load=14.0% msgs=33181 aiso=956(977819ms) xte=0.00m spd=0.00m/s q=0 ggaAge=1 vtgAge=101 xteAge=977819 xteraw=80:510302FF0D080BFF vt=Y(21/22) vtstat=955/15ms tc=Y drp=0mm tcq=0
15:26:15.676 [ISOBUS] addr=0x81 claimed=Y load=14.2% msgs=33223 aiso=957(978819ms) xte=0.00m spd=0.00m/s q=0 ggaAge=1 vtgAge=1 xteAge=978819 xteraw=80:510302FF0D080BFF vt=Y(21/22) vtstat=956/14ms tc=Y drp=0mm tcq=0
15:26:16.684 [ISOBUS] addr=0x81 claimed=Y load=14.0% msgs=33264 aiso=958(979819ms) xte=0.00m spd=0.00m/s q=0 ggaAge=1 vtgAge=1 xteAge=979819 xteraw=80:510302FF0D080BFF vt=Y(21/22) vtstat=957/14ms tc=Y drp=0mm tcq=0
15:26:17.682 [ISOBUS] addr=0x81 claimed=Y load=14.2% msgs=33304 aiso=959(980819ms) xte=0.00m spd=0.00m/s q=0 ggaAge=2 vtgAge=101 xteAge=980819 xteraw=80:510302FF0D080BFF vt=Y(21/22) vtstat=958/12ms tc=Y drp=0mm tcq=0
15:26:18.678 [ISOBUS] addr=0x81 claimed=Y load=14.0% msgs=33345 aiso=960(981819ms) xte=0.00m spd=0.00m/s q=0 ggaAge=1 vtgAge=101 xteAge=981819 xteraw=80:510302FF0D080BFF vt=Y(21/22) vtstat=959/12ms tc=Y drp=0mm tcq=0
15:26:19.693 [ISOBUS] addr=0x81 claimed=Y load=14.2% msgs=33386 aiso=961(982819ms) xte=0.00m spd=0.00m/s q=0 ggaAge=1 vtgAge=101 xteAge=982819 xteraw=80:510302FF0D080BFF vt=Y(21/22) vtstat=960/11ms tc=Y drp=0mm tcq=0
15:26:20.682 [ISOBUS] addr=0x81 claimed=Y load=14.0% msgs=33427 aiso=962(983819ms) xte=0.00m spd=0.00m/s q=0 ggaAge=1 vtgAge=100 xteAge=983819 xteraw=80:510302FF0D080BFF vt=Y(21/22) vtstat=961/11ms tc=Y drp=0mm tcq=0
15:26:21.672 [ISOBUS] addr=0x81 claimed=Y load=14.2% msgs=33468 aiso=963(984819ms) xte=0.00m spd=0.00m/s q=0 ggaAge=2 vtgAge=101 xteAge=984819 xteraw=80:510302FF0D080BFF vt=Y(21/22) vtstat=962/10ms tc=Y drp=0mm tcq=0
15:26:22.667 [ISOBUS] addr=0x81 claimed=Y load=14.5% msgs=33513 aiso=964(985819ms) xte=0.00m spd=0.00m/s q=0 ggaAge=1 vtgAge=100 xteAge=985819 xteraw=80:510302FF0D080BFF vt=Y(21/22) vtstat=963/10ms tc=Y drp=0mm tcq=0
15:26:23.687 [ISOBUS] addr=0x81 claimed=Y load=14.2% msgs=33554 aiso=965(986819ms) xte=0.00m spd=0.00m/s q=0 ggaAge=1 vtgAge=101 xteAge=986819 xteraw=80:510302FF0D080BFF vt=Y(21/22) vtstat=964/9ms tc=Y drp=0mm tcq=0
15:26:24.696 [ISOBUS] addr=0x81 claimed=Y load=14.0% msgs=33595 aiso=966(987819ms) xte=0.00m spd=0.00m/s q=0 ggaAge=1 vtgAge=101 xteAge=987819 xteraw=80:510302FF0D080BFF vt=Y(21/22) vtstat=965/8ms tc=Y drp=0mm tcq=0
15:26:25.663 [ISOBUS] addr=0x81 claimed=Y load=14.2% msgs=33636 aiso=967(988819ms) xte=0.00m spd=0.00m/s q=0 ggaAge=1 vtgAge=101 xteAge=988819 xteraw=80:510302FF0D080BFF vt=Y(21/22) vtstat=966/7ms tc=Y drp=0mm tcq=0
15:26:26.678 [ISOBUS] addr=0x81 claimed=Y load=14.0% msgs=33677 aiso=968(989819ms) xte=0.00m spd=0.00m/s q=0 ggaAge=1 vtgAge=100 xteAge=989819 xteraw=80:510302FF0D080BFF vt=Y(21/22) vtstat=967/7ms tc=Y drp=0mm tcq=0
15:26:27.671 [ISOBUS] addr=0x81 claimed=Y load=14.2% msgs=33718 aiso=969(990819ms) xte=0.00m spd=0.00m/s q=0 ggaAge=1 vtgAge=100 xteAge=990819 xteraw=80:510302FF0D080BFF vt=Y(21/22) vtstat=968/6ms tc=Y drp=0mm tcq=0
15:26:28.680 [ISOBUS] addr=0x81 claimed=Y load=14.0% msgs=33759 aiso=970(991819ms) xte=0.00m spd=0.00m/s q=0 ggaAge=1 vtgAge=101 xteAge=991819 xteraw=80:510302FF0D080BFF vt=Y(21/22) vtstat=969/6ms tc=Y drp=0mm tcq=0
15:26:29.687 [ISOBUS] addr=0x81 claimed=Y load=14.2% msgs=33800 aiso=971(992819ms) xte=0.00m spd=0.00m/s q=0 ggaAge=1 vtgAge=101 xteAge=992819 xteraw=80:510302FF0D080BFF vt=Y(21/22) vtstat=970/5ms tc=Y drp=0mm tcq=0
15:26:30.667 [ISOBUS] addr=0x81 claimed=Y load=14.0% msgs=33841 aiso=972(993819ms) xte=0.00m spd=0.00m/s q=0 ggaAge=1 vtgAge=100 xteAge=993819 xteraw=80:510302FF0D080BFF vt=Y(21/22) vtstat=971/5ms tc=Y drp=0mm tcq=0
15:26:31.673 [ISOBUS] addr=0x81 claimed=Y load=14.2% msgs=33882 aiso=973(994819ms) xte=0.00m spd=0.00m/s q=0 ggaAge=1 vtgAge=101 xteAge=994819 xteraw=80:510302FF0D080BFF vt=Y(21/22) vtstat=972/4ms tc=Y drp=0mm tcq=0
15:26:32.676 [ISOBUS] addr=0x81 claimed=Y load=14.5% msgs=33928 aiso=974(995819ms) xte=0.00m spd=0.00m/s q=0 ggaAge=2 vtgAge=1 xteAge=995819 xteraw=80:510302FF0D080BFF vt=Y(21/22) vtstat=973/3ms tc=Y drp=0mm tcq=0
15:26:33.674 [ISOBUS] addr=0x81 claimed=Y load=14.2% msgs=33968 aiso=975(996819ms) xte=0.00m spd=0.00m/s q=0 ggaAge=1 vtgAge=100 xteAge=996819 xteraw=80:510302FF0D080BFF vt=Y(21/22) vtstat=973/1003ms tc=Y drp=0mm tcq=0
15:26:34.693 [ISOBUS] addr=0x81 claimed=Y load=14.0% msgs=34009 aiso=976(997819ms) xte=0.00m spd=0.00m/s q=0 ggaAge=1 vtgAge=100 xteAge=997819 xteraw=80:510302FF0D080BFF vt=Y(21/22) vtstat=974/1000ms tc=Y drp=0mm tcq=0
15:26:35.664 [ISOBUS] addr=0x81 claimed=Y load=14.2% msgs=34050 aiso=977(998819ms) xte=0.00m spd=0.00m/s q=0 ggaAge=1 vtgAge=100 xteAge=998819 xteraw=80:510302FF0D080BFF vt=Y(21/22) vtstat=975/1000ms tc=Y drp=0mm tcq=0
15:26:36.662 [ISOBUS] addr=0x81 claimed=Y load=14.0% msgs=34090 aiso=978(999819ms) xte=0.00m spd=0.00m/s q=0 ggaAge=101 vtgAge=100 xteAge=999819 xteraw=80:510302FF0D080BFF vt=Y(21/22) vtstat=976/1000ms tc=Y drp=0mm tcq=0
15:26:37.688 [ISOBUS] addr=0x81 claimed=Y load=14.2% msgs=34132 aiso=979(1000819ms) xte=0.00m spd=0.00m/s q=0 ggaAge=1 vtgAge=92 xteAge=1000819 xteraw=80:510302FF0D080BFF vt=Y(21/22) vtstat=977/1000ms tc=Y drp=0mm tcq=0
15:26:38.666 [ISOBUS] addr=0x81 claimed=Y load=14.0% msgs=34173 aiso=980(1001819ms) xte=0.00m spd=0.00m/s q=0 ggaAge=1 vtgAge=100 xteAge=1001819 xteraw=80:510302FF0D080BFF vt=Y(21/22) vtstat=978/999ms tc=Y drp=0mm tcq=0
15:26:39.681 [ISOBUS] addr=0x81 claimed=Y load=14.2% msgs=34213 aiso=981(1002819ms) xte=0.00m spd=0.00m/s q=0 ggaAge=102 vtgAge=101 xteAge=1002819 xteraw=80:510302FF0D080BFF vt=Y(21/22) vtstat=979/999ms tc=Y drp=0mm tcq=0
15:26:40.697 [ISOBUS] addr=0x81 claimed=Y load=14.0% msgs=34254 aiso=982(1003819ms) xte=0.00m spd=0.00m/s q=0 ggaAge=101 vtgAge=100 xteAge=1003819 xteraw=80:510302FF0D080BFF vt=Y(21/22) vtstat=980/998ms tc=Y drp=0mm tcq=0
15:26:41.671 [ISOBUS] addr=0x81 claimed=Y load=14.2% msgs=34296 aiso=983(1004819ms) xte=0.00m spd=0.00m/s q=0 ggaAge=1 vtgAge=100 xteAge=1004819 xteraw=80:510302FF0D080BFF vt=Y(21/22) vtstat=981/998ms tc=Y drp=0mm tcq=0
15:26:42.688 [ISOBUS] addr=0x81 claimed=Y load=14.5% msgs=34342 aiso=984(1005819ms) xte=0.00m spd=0.00m/s q=0 ggaAge=2 vtgAge=1 xteAge=1005819 xteraw=80:510302FF0D080BFF vt=Y(21/22) vtstat=982/997ms tc=Y drp=0mm tcq=0
15:26:43.666 [ISOBUS] addr=0x81 claimed=Y load=14.2% msgs=34382 aiso=985(1006819ms) xte=0.00m spd=0.00m/s q=0 ggaAge=1 vtgAge=100 xteAge=1006819 xteraw=80:510302FF0D080BFF vt=Y(21/22) vtstat=983/997ms tc=Y drp=0mm tcq=0
15:26:44.666 [ISOBUS] addr=0x81 claimed=Y load=14.0% msgs=34423 aiso=986(1007819ms) xte=0.00m spd=0.00m/s q=0 ggaAge=1 vtgAge=100 xteAge=1007819 xteraw=80:510302FF0D080BFF vt=Y(21/22) vtstat=984/996ms tc=Y drp=0mm tcq=0
15:26:45.683 [ISOBUS] addr=0x81 claimed=Y load=14.2% msgs=34464 aiso=987(1008819ms) xte=0.00m spd=0.00m/s q=0 ggaAge=1 vtgAge=100 xteAge=1008819 xteraw=80:510302FF0D080BFF vt=Y(21/22) vtstat=985/996ms tc=Y drp=0mm tcq=0
15:26:46.672 [ISOBUS] addr=0x81 claimed=Y load=14.0% msgs=34504 aiso=988(1009819ms) xte=0.00m spd=0.00m/s q=0 ggaAge=101 vtgAge=100 xteAge=1009819 xteraw=80:510302FF0D080BFF vt=Y(21/22) vtstat=986/995ms tc=Y drp=0mm tcq=0
15:26:47.677 [ISOBUS] addr=0x81 claimed=Y load=14.2% msgs=34546 aiso=989(1010819ms) xte=0.00m spd=0.00m/s q=0 ggaAge=1 vtgAge=100 xteAge=1010819 xteraw=80:510302FF0D080BFF vt=Y(21/22) vtstat=987/995ms tc=Y drp=0mm tcq=0
15:26:48.689 [ISOBUS] addr=0x81 claimed=Y load=14.0% msgs=34587 aiso=990(1011819ms) xte=0.00m spd=0.00m/s q=0 ggaAge=1 vtgAge=100 xteAge=1011819 xteraw=80:510302FF0D080BFF vt=Y(21/22) vtstat=988/994ms tc=Y drp=0mm tcq=0
15:26:49.690 [ISOBUS] addr=0x81 claimed=Y load=14.2% msgs=34628 aiso=991(1012819ms) xte=0.00m spd=0.00m/s q=0 ggaAge=1 vtgAge=100 xteAge=1012819 xteraw=80:510302FF0D080BFF vt=Y(21/22) vtstat=989/993ms tc=Y drp=0mm tcq=0
15:26:50.672 [ISOBUS] addr=0x81 claimed=Y load=14.0% msgs=34669 aiso=992(1013819ms) xte=0.00m spd=0.00m/s q=0 ggaAge=1 vtgAge=100 xteAge=1013819 xteraw=80:510302FF0D080BFF vt=Y(21/22) vtstat=990/992ms tc=Y drp=0mm tcq=0
15:26:51.691 [ISOBUS] addr=0x81 claimed=Y load=14.2% msgs=34710 aiso=993(1014819ms) xte=0.00m spd=0.00m/s q=0 ggaAge=1 vtgAge=101 xteAge=1014819 xteraw=80:510302FF0D080BFF vt=Y(21/22) vtstat=991/992ms tc=Y drp=0mm tcq=0
15:26:52.686 [ISOBUS] addr=0x81 claimed=Y load=14.5% msgs=34756 aiso=994(1015819ms) xte=0.00m spd=0.00m/s q=0 ggaAge=2 vtgAge=1 xteAge=1015819 xteraw=80:510302FF0D080BFF vt=Y(21/22) vtstat=992/991ms tc=Y drp=0mm tcq=0
15:26:53.678 [ISOBUS] addr=0x81 claimed=Y load=14.2% msgs=34797 aiso=995(1016819ms) xte=0.00m spd=0.00m/s q=0 ggaAge=2 vtgAge=1 xteAge=1016819 xteraw=80:510302FF0D080BFF vt=Y(21/22) vtstat=993/991ms tc=Y drp=0mm tcq=0
15:26:54.678 [ISOBUS] addr=0x81 claimed=Y load=14.0% msgs=34837 aiso=996(1017819ms) xte=0.00m spd=0.00m/s q=0 ggaAge=1 vtgAge=100 xteAge=1017819 xteraw=80:510302FF0D080BFF vt=Y(21/22) vtstat=994/990ms tc=Y drp=0mm tcq=0
15:26:55.685 [ISOBUS] addr=0x81 claimed=Y load=14.2% msgs=34878 aiso=997(1018819ms) xte=0.00m spd=0.00m/s q=0 ggaAge=1 vtgAge=100 xteAge=1018819 xteraw=80:510302FF0D080BFF vt=Y(21/22) vtstat=995/990ms tc=Y drp=0mm tcq=0
15:26:56.671 [ISOBUS] addr=0x81 claimed=Y load=14.0% msgs=34919 aiso=998(1019819ms) xte=0.00m spd=0.00m/s q=0 ggaAge=1 vtgAge=100 xteAge=1019819 xteraw=80:510302FF0D080BFF vt=Y(21/22) vtstat=996/989ms tc=Y drp=0mm tcq=0
15:26:57.673 [ISOBUS] addr=0x81 claimed=Y load=14.2% msgs=34960 aiso=999(1020819ms) xte=0.00m spd=0.00m/s q=0 ggaAge=1 vtgAge=99 xteAge=1020819 xteraw=80:510302FF0D080BFF vt=Y(21/22) vtstat=997/988ms tc=Y drp=0mm tcq=0
15:26:58.672 [ISOBUS] addr=0x81 claimed=Y load=14.0% msgs=35001 aiso=1000(1021819ms) xte=0.00m spd=0.00m/s q=0 ggaAge=1 vtgAge=100 xteAge=1021819 xteraw=80:510302FF0D080BFF vt=Y(21/22) vtstat=998/988ms tc=Y drp=0mm tcq=0
15:26:59.679 [ISOBUS] addr=0x81 claimed=Y load=14.2% msgs=35041 aiso=1001(1022819ms) xte=0.00m spd=0.00m/s q=0 ggaAge=100 vtgAge=100 xteAge=1022819 xteraw=80:510302FF0D080BFF vt=Y(21/22) vtstat=999/987ms tc=Y drp=0mm tcq=0
15:27:00.677 [ISOBUS] addr=0x81 claimed=Y load=14.0% msgs=35083 aiso=1002(1023819ms) xte=0.00m spd=0.00m/s q=0 ggaAge=1 vtgAge=101 xteAge=1023819 xteraw=80:510302FF0D080BFF vt=Y(21/22) vtstat=1000/986ms tc=Y drp=0mm tcq=0
15:27:01.669 [ISOBUS] addr=0x81 claimed=Y load=14.2% msgs=35123 aiso=1003(1024819ms) xte=0.00m spd=0.00m/s q=0 ggaAge=100 vtgAge=100 xteAge=1024819 xteraw=80:510302FF0D080BFF vt=Y(21/22) vtstat=1001/986ms tc=Y drp=0mm tcq=0
15:27:02.671 [ISOBUS] addr=0x81 claimed=Y load=14.5% msgs=35169 aiso=1004(1025819ms) xte=0.00m spd=0.00m/s q=0 ggaAge=1 vtgAge=101 xteAge=1025819 xteraw=80:510302FF0D080BFF vt=Y(21/22) vtstat=1002/985ms tc=Y drp=0mm tcq=0
15:27:03.689 [ISOBUS] addr=0x81 claimed=Y load=14.2% msgs=35210 aiso=1005(1026819ms) xte=0.00m spd=0.00m/s q=0 ggaAge=1 vtgAge=100 xteAge=1026819 xteraw=80:510302FF0D080BFF vt=Y(21/22) vtstat=1003/985ms tc=Y drp=0mm tcq=0
15:27:04.673 [ISOBUS] addr=0x81 claimed=Y load=14.0% msgs=35252 aiso=1006(1027819ms) xte=0.00m spd=0.00m/s q=0 ggaAge=2 vtgAge=1 xteAge=1027819 xteraw=80:510302FF0D080BFF vt=Y(21/22) vtstat=1004/984ms tc=Y drp=0mm tcq=0
15:27:05.691 [ISOBUS] addr=0x81 claimed=Y load=14.2% msgs=35293 aiso=1007(1028819ms) xte=0.00m spd=0.00m/s q=0 ggaAge=2 vtgAge=1 xteAge=1028819 xteraw=80:510302FF0D080BFF vt=Y(21/22) vtstat=1005/984ms tc=Y drp=0mm tcq=0
15:27:06.688 [ISOBUS] addr=0x81 claimed=Y load=14.0% msgs=35334 aiso=1008(1029819ms) xte=0.00m spd=0.00m/s q=0 ggaAge=2 vtgAge=1 xteAge=1029819 xteraw=80:510302FF0D080BFF vt=Y(21/22) vtstat=1006/983ms tc=Y drp=0mm tcq=0
15:27:07.663 [ISOBUS] addr=0x81 claimed=Y load=14.2% msgs=35374 aiso=1009(1030819ms) xte=0.00m spd=0.00m/s q=0 ggaAge=1 vtgAge=100 xteAge=1030819 xteraw=80:510302FF0D080BFF vt=Y(21/22) vtstat=1007/983ms tc=Y drp=0mm tcq=0
15:27:08.673 [ISOBUS] addr=0x81 claimed=Y load=14.0% msgs=35415 aiso=1010(1031819ms) xte=0.00m spd=0.00m/s q=0 ggaAge=1 vtgAge=101 xteAge=1031819 xteraw=80:510302FF0D080BFF vt=Y(21/22) vtstat=1008/982ms tc=Y drp=0mm tcq=0
15:27:09.671 [ISOBUS] addr=0x81 claimed=Y load=14.2% msgs=35457 aiso=1011(1032819ms) xte=0.00m spd=0.00m/s q=0 ggaAge=2 vtgAge=1 xteAge=1032819 xteraw=80:510302FF0D080BFF vt=Y(21/22) vtstat=1009/981ms tc=Y drp=0mm tcq=0
15:27:10.665 [ISOBUS] addr=0x81 claimed=Y load=14.0% msgs=35497 aiso=1012(1033819ms) xte=0.00m spd=0.00m/s q=0 ggaAge=0 vtgAge=100 xteAge=1033819 xteraw=80:510302FF0D080BFF vt=Y(21/22) vtstat=1010/980ms tc=Y drp=0mm tcq=0
15:27:11.692 [ISOBUS] addr=0x81 claimed=Y load=14.2% msgs=35538 aiso=1013(1034819ms) xte=0.00m spd=0.00m/s q=0 ggaAge=2 vtgAge=101 xteAge=1034819 xteraw=80:510302FF0D080BFF vt=Y(21/22) vtstat=1011/980ms tc=Y drp=0mm tcq=0
15:27:12.677 [ISOBUS] addr=0x81 claimed=Y load=14.5% msgs=35583 aiso=1014(1035819ms) xte=0.00m spd=0.00m/s q=0 ggaAge=2 vtgAge=101 xteAge=1035819 xteraw=80:510302FF0D080BFF vt=Y(21/22) vtstat=1012/979ms tc=Y drp=0mm tcq=0
15:27:13.683 [ISOBUS] addr=0x81 claimed=Y load=14.2% msgs=35624 aiso=1015(1036819ms) xte=0.00m spd=0.00m/s q=0 ggaAge=2 vtgAge=101 xteAge=1036819 xteraw=80:510302FF0D080BFF vt=Y(21/22) vtstat=1013/979ms tc=Y drp=0mm tcq=0
15:27:14.678 [ISOBUS] addr=0x81 claimed=Y load=14.0% msgs=35666 aiso=1016(1037819ms) xte=0.00m spd=0.00m/s q=0 ggaAge=2 vtgAge=1 xteAge=1037819 xteraw=80:510302FF0D080BFF vt=Y(21/22) vtstat=1014/978ms tc=Y drp=0mm tcq=0
15:27:15.677 [ISOBUS] addr=0x81 claimed=Y load=14.2% msgs=35707 aiso=1017(1038819ms) xte=0.00m spd=0.00m/s q=0 ggaAge=2 vtgAge=1 xteAge=1038819 xteraw=80:510302FF0D080BFF vt=Y(21/22) vtstat=1015/978ms tc=Y drp=0mm tcq=0
15:27:16.675 [ISOBUS] addr=0x81 claimed=Y load=14.0% msgs=35748 aiso=1018(1039819ms) xte=0.00m spd=0.00m/s q=0 ggaAge=2 vtgAge=1 xteAge=1039819 xteraw=80:510302FF0D080BFF vt=Y(21/22) vtstat=1016/977ms tc=Y drp=0mm tcq=0
15:27:17.694 [ISOBUS] addr=0x81 claimed=Y load=14.2% msgs=35788 aiso=1019(1040819ms) xte=0.00m spd=0.00m/s q=0 ggaAge=1 vtgAge=100 xteAge=1040819 xteraw=80:510302FF0D080BFF vt=Y(21/22) vtstat=1017/976ms tc=Y drp=0mm tcq=0
15:27:18.673 [ISOBUS] addr=0x81 claimed=Y load=14.0% msgs=35829 aiso=1020(1041819ms) xte=0.00m spd=0.00m/s q=0 ggaAge=1 vtgAge=100 xteAge=1041819 xteraw=80:510302FF0D080BFF vt=Y(21/22) vtstat=1018/975ms tc=Y drp=0mm tcq=0
15:27:19.666 [ISOBUS] addr=0x81 claimed=Y load=14.2% msgs=35870 aiso=1021(1042819ms) xte=0.00m spd=0.00m/s q=0 ggaAge=1 vtgAge=101 xteAge=1042819 xteraw=80:510302FF0D080BFF vt=Y(21/22) vtstat=1019/975ms tc=Y drp=0mm tcq=0
15:27:20.668 [ISOBUS] addr=0x81 claimed=Y load=14.0% msgs=35912 aiso=1022(1043819ms) xte=0.00m spd=0.00m/s q=0 ggaAge=2 vtgAge=1 xteAge=1043819 xteraw=80:510302FF0D080BFF vt=Y(21/22) vtstat=1020/974ms tc=Y drp=0mm tcq=0
15:27:21.665 [ISOBUS] addr=0x81 claimed=Y load=14.2% msgs=35953 aiso=1023(1044819ms) xte=0.00m spd=0.00m/s q=0 ggaAge=2 vtgAge=1 xteAge=1044819 xteraw=80:510302FF0D080BFF vt=Y(21/22) vtstat=1021/974ms tc=Y drp=0mm tcq=0
15:27:22.682 [ISOBUS] addr=0x81 claimed=Y load=14.5% msgs=35997 aiso=1024(1045819ms) xte=0.00m spd=0.00m/s q=0 ggaAge=1 vtgAge=101 xteAge=1045819 xteraw=80:510302FF0D080BFF vt=Y(21/22) vtstat=1022/973ms tc=Y drp=0mm tcq=0
15:27:23.680 [ISOBUS] addr=0x81 claimed=Y load=14.2% msgs=36037 aiso=1025(1046819ms) xte=0.00m spd=0.00m/s q=0 ggaAge=1 vtgAge=100 xteAge=1046819 xteraw=80:510302FF0D080BFF vt=Y(21/22) vtstat=1023/973ms tc=Y drp=0mm tcq=0
15:27:24.687 [ISOBUS] addr=0x81 claimed=Y load=14.0% msgs=36079 aiso=1026(1047819ms) xte=0.00m spd=0.00m/s q=0 ggaAge=1 vtgAge=101 xteAge=1047819 xteraw=80:510302FF0D080BFF vt=Y(21/22) vtstat=1024/972ms tc=Y drp=0mm tcq=0
15:27:25.682 [ISOBUS] addr=0x81 claimed=Y load=14.2% msgs=36120 aiso=1027(1048819ms) xte=0.00m spd=0.00m/s q=0 ggaAge=1 vtgAge=101 xteAge=1048819 xteraw=80:510302FF0D080BFF vt=Y(21/22) vtstat=1025/972ms tc=Y drp=0mm tcq=0
15:27:26.688 [ISOBUS] addr=0x81 claimed=Y load=14.0% msgs=36161 aiso=1028(1049819ms) xte=0.00m spd=0.00m/s q=0 ggaAge=1 vtgAge=100 xteAge=1049819 xteraw=80:510302FF0D080BFF vt=Y(21/22) vtstat=1026/971ms tc=Y drp=0mm tcq=0
15:27:27.688 [ISOBUS] addr=0x81 claimed=Y load=14.2% msgs=36202 aiso=1029(1050819ms) xte=0.00m spd=0.00m/s q=0 ggaAge=1 vtgAge=101 xteAge=1050819 xteraw=80:510302FF0D080BFF vt=Y(21/22) vtstat=1027/970ms tc=Y drp=0mm tcq=0
15:27:28.687 [ISOBUS] addr=0x81 claimed=Y load=14.0% msgs=36243 aiso=1030(1051819ms) xte=0.00m spd=0.00m/s q=0 ggaAge=1 vtgAge=99 xteAge=1051819 xteraw=80:510302FF0D080BFF vt=Y(21/22) vtstat=1028/969ms tc=Y drp=0mm tcq=0
15:27:29.687 [ISOBUS] addr=0x81 claimed=Y load=14.2% msgs=36283 aiso=1031(1052819ms) xte=0.00m spd=0.00m/s q=0 ggaAge=101 vtgAge=100 xteAge=1052819 xteraw=80:510302FF0D080BFF vt=Y(21/22) vtstat=1029/969ms tc=Y drp=0mm tcq=0
15:27:30.687 [ISOBUS] addr=0x81 claimed=Y load=14.0% msgs=36325 aiso=1032(1053819ms) xte=0.00m spd=0.00m/s q=0 ggaAge=1 vtgAge=1 xteAge=1053819 xteraw=80:510302FF0D080BFF vt=Y(21/22) vtstat=1030/968ms tc=Y drp=0mm tcq=0
15:27:31.682 [ISOBUS] addr=0x81 claimed=Y load=14.2% msgs=36366 aiso=1033(1054819ms) xte=0.00m spd=0.00m/s q=0 ggaAge=1 vtgAge=1 xteAge=1054819 xteraw=80:510302FF0D080BFF vt=Y(21/22) vtstat=1031/968ms tc=Y drp=0mm tcq=0
15:27:32.682 [ISOBUS] addr=0x81 claimed=Y load=14.5% msgs=36411 aiso=1034(1055819ms) xte=0.00m spd=0.00m/s q=0 ggaAge=1 vtgAge=1 xteAge=1055819 xteraw=80:510302FF0D080BFF vt=Y(21/22) vtstat=1032/967ms tc=Y drp=0mm tcq=0
15:27:33.671 [ISOBUS] addr=0x81 claimed=Y load=14.2% msgs=36452 aiso=1035(1056819ms) xte=0.00m spd=0.00m/s q=0 ggaAge=1 vtgAge=100 xteAge=1056819 xteraw=80:510302FF0D080BFF vt=Y(21/22) vtstat=1033/967ms tc=Y drp=0mm tcq=0
15:27:34.666 [ISOBUS] addr=0x81 claimed=Y load=14.0% msgs=36493 aiso=1036(1057819ms) xte=0.00m spd=0.00m/s q=0 ggaAge=2 vtgAge=1 xteAge=1057819 xteraw=80:510302FF0D080BFF vt=Y(21/22) vtstat=1034/966ms tc=Y drp=0mm tcq=0
15:27:35.668 [ISOBUS] addr=0x81 claimed=Y load=14.2% msgs=36533 aiso=1037(1058819ms) xte=0.00m spd=0.00m/s q=0 ggaAge=1 vtgAge=101 xteAge=1058819 xteraw=80:510302FF0D080BFF vt=Y(21/22) vtstat=1035/965ms tc=Y drp=0mm tcq=0
15:27:36.667 [ISOBUS] addr=0x81 claimed=Y load=14.0% msgs=36575 aiso=1038(1059819ms) xte=0.00m spd=0.00m/s q=0 ggaAge=1 vtgAge=100 xteAge=1059819 xteraw=80:510302FF0D080BFF vt=Y(21/22) vtstat=1036/965ms tc=Y drp=0mm tcq=0
15:27:37.688 [ISOBUS] addr=0x81 claimed=Y load=14.2% msgs=36616 aiso=1039(1060819ms) xte=0.00m spd=0.00m/s q=0 ggaAge=1 vtgAge=101 xteAge=1060819 xteraw=80:510302FF0D080BFF vt=Y(21/22) vtstat=1037/964ms tc=Y drp=0mm tcq=0
15:27:38.666 [ISOBUS] addr=0x81 claimed=Y load=14.0% msgs=36656 aiso=1040(1061819ms) xte=0.00m spd=0.00m/s q=0 ggaAge=101 vtgAge=100 xteAge=1061819 xteraw=80:510302FF0D080BFF vt=Y(21/22) vtstat=1038/963ms tc=Y drp=0mm tcq=0
15:27:39.679 [ISOBUS] addr=0x81 claimed=Y load=14.2% msgs=36697 aiso=1041(1062819ms) xte=0.00m spd=0.00m/s q=0 ggaAge=1 vtgAge=96 xteAge=1062819 xteraw=80:510302FF0D080BFF vt=Y(21/22) vtstat=1039/963ms tc=Y drp=0mm tcq=0
15:27:40.692 [ISOBUS] addr=0x81 claimed=Y load=14.0% msgs=36740 aiso=1042(1063819ms) xte=0.00m spd=0.00m/s q=0 ggaAge=2 vtgAge=1 xteAge=1063819 xteraw=80:510302FF0D080BFF vt=Y(21/22) vtstat=1040/962ms tc=Y drp=0mm tcq=0
15:27:41.690 [ISOBUS] addr=0x81 claimed=Y load=14.2% msgs=36779 aiso=1043(1064819ms) xte=0.00m spd=0.00m/s q=0 ggaAge=1 vtgAge=101 xteAge=1064819 xteraw=80:510302FF0D080BFF vt=Y(21/22) vtstat=1041/962ms tc=Y drp=0mm tcq=0
15:27:42.693 [ISOBUS] addr=0x81 claimed=Y load=14.5% msgs=36825 aiso=1044(1065819ms) xte=0.00m spd=0.00m/s q=0 ggaAge=1 vtgAge=0 xteAge=1065819 xteraw=80:510302FF0D080BFF vt=Y(21/22) vtstat=1042/960ms tc=Y drp=0mm tcq=0
15:27:43.689 [ISOBUS] addr=0x81 claimed=Y load=14.2% msgs=36866 aiso=1045(1066819ms) xte=0.00m spd=0.00m/s q=0 ggaAge=1 vtgAge=1 xteAge=1066819 xteraw=80:510302FF0D080BFF vt=Y(21/22) vtstat=1043/960ms tc=Y drp=0mm tcq=0
15:27:44.668 [ISOBUS] addr=0x81 claimed=Y load=14.1% msgs=36907 aiso=1046(1067819ms) xte=0.00m spd=0.00m/s q=0 ggaAge=1 vtgAge=1 xteAge=1067819 xteraw=80:510302FF0D080BFF vt=Y(21/22) vtstat=1044/960ms tc=Y drp=0mm tcq=0
15:27:45.690 [ISOBUS] addr=0x81 claimed=Y load=14.2% msgs=36948 aiso=1047(1068819ms) xte=0.00m spd=0.00m/s q=0 ggaAge=1 vtgAge=1 xteAge=1068819 xteraw=80:510302FF0D080BFF vt=Y(21/22) vtstat=1045/959ms tc=Y drp=0mm tcq=0
15:27:46.679 [ISOBUS] addr=0x81 claimed=Y load=14.0% msgs=36988 aiso=1048(1069819ms) xte=0.00m spd=0.00m/s q=0 ggaAge=1 vtgAge=100 xteAge=1069819 xteraw=80:510302FF0D080BFF vt=Y(21/22) vtstat=1046/958ms tc=Y drp=0mm tcq=0
15:27:47.678 [ISOBUS] addr=0x81 claimed=Y load=14.3% msgs=37031 aiso=1049(1070819ms) xte=0.00m spd=0.00m/s q=0 ggaAge=2 vtgAge=1 xteAge=1070819 xteraw=80:510302FF0D080BFF vt=Y(21/22) vtstat=1047/958ms tc=Y drp=0mm tcq=0
15:27:48.674 [ISOBUS] addr=0x81 claimed=Y load=14.0% msgs=37071 aiso=1050(1071819ms) xte=0.00m spd=0.00m/s q=0 ggaAge=1 vtgAge=1 xteAge=1071819 xteraw=80:510302FF0D080BFF vt=Y(21/22) vtstat=1048/957ms tc=Y drp=0mm tcq=0
15:27:49.689 [ISOBUS] addr=0x81 claimed=Y load=14.2% msgs=37111 aiso=1051(1072819ms) xte=0.00m spd=0.00m/s q=0 ggaAge=1 vtgAge=100 xteAge=1072819 xteraw=80:510302FF0D080BFF vt=Y(21/22) vtstat=1049/957ms tc=Y drp=0mm tcq=0
15:27:50.666 [ISOBUS] addr=0x81 claimed=Y load=14.0% msgs=37153 aiso=1052(1073819ms) xte=0.00m spd=0.00m/s q=0 ggaAge=2 vtgAge=1 xteAge=1073819 xteraw=80:510302FF0D080BFF vt=Y(21/22) vtstat=1050/956ms tc=Y drp=0mm tcq=0
15:27:51.671 [ISOBUS] addr=0x81 claimed=Y load=14.2% msgs=37193 aiso=1053(1074819ms) xte=0.00m spd=0.00m/s q=0 ggaAge=1 vtgAge=101 xteAge=1074819 xteraw=80:510302FF0D080BFF vt=Y(21/22) vtstat=1051/956ms tc=Y drp=0mm tcq=0
15:27:52.694 [ISOBUS] addr=0x81 claimed=Y load=14.5% msgs=37238 aiso=1054(1075819ms) xte=0.00m spd=0.00m/s q=0 ggaAge=1 vtgAge=101 xteAge=1075819 xteraw=80:510302FF0D080BFF vt=Y(21/22) vtstat=1052/955ms tc=Y drp=0mm tcq=0
15:27:53.695 [ISOBUS] addr=0x81 claimed=Y load=14.2% msgs=37281 aiso=1055(1076819ms) xte=0.00m spd=0.00m/s q=0 ggaAge=2 vtgAge=1 xteAge=1076819 xteraw=80:510302FF0D080BFF vt=Y(21/22) vtstat=1053/955ms tc=Y drp=0mm tcq=0
15:27:54.670 [ISOBUS] addr=0x81 claimed=Y load=14.0% msgs=37320 aiso=1056(1077819ms) xte=0.00m spd=0.00m/s q=0 ggaAge=1 vtgAge=100 xteAge=1077819 xteraw=80:510302FF0D080BFF vt=Y(21/22) vtstat=1054/954ms tc=Y drp=0mm tcq=0
15:27:55.689 [ISOBUS] addr=0x81 claimed=Y load=14.2% msgs=37362 aiso=1057(1078819ms) xte=0.00m spd=0.00m/s q=0 ggaAge=2 vtgAge=1 xteAge=1078819 xteraw=80:510302FF0D080BFF vt=Y(21/22) vtstat=1055/953ms tc=Y drp=0mm tcq=0
15:27:56.669 [ISOBUS] addr=0x81 claimed=Y load=14.1% msgs=37402 aiso=1058(1079819ms) xte=0.00m spd=0.00m/s q=0 ggaAge=1 vtgAge=99 xteAge=1079819 xteraw=80:510302FF0D080BFF vt=Y(21/22) vtstat=1056/953ms tc=Y drp=0mm tcq=0
15:27:57.680 [ISOBUS] addr=0x81 claimed=Y load=14.2% msgs=37445 aiso=1059(1080819ms) xte=0.00m spd=0.00m/s q=0 ggaAge=2 vtgAge=1 xteAge=1080819 xteraw=80:510302FF0D080BFF vt=Y(21/22) vtstat=1057/952ms tc=Y drp=0mm tcq=0
15:27:58.686 [ISOBUS] addr=0x81 claimed=Y load=14.0% msgs=37485 aiso=1060(1081819ms) xte=0.00m spd=0.00m/s q=0 ggaAge=1 vtgAge=0 xteAge=1081819 xteraw=80:510302FF0D080BFF vt=Y(21/22) vtstat=1058/951ms tc=Y drp=0mm tcq=0
15:27:59.668 [ISOBUS] addr=0x81 claimed=Y load=14.3% msgs=37526 aiso=1061(1082819ms) xte=0.00m spd=0.00m/s q=0 ggaAge=1 vtgAge=1 xteAge=1082819 xteraw=80:510302FF0D080BFF vt=Y(21/22) vtstat=1059/951ms tc=Y drp=0mm tcq=0
15:28:00.666 [ISOBUS] addr=0x81 claimed=Y load=14.0% msgs=37568 aiso=1062(1083819ms) xte=0.00m spd=0.00m/s q=0 ggaAge=2 vtgAge=1 xteAge=1083819 xteraw=80:510302FF0D080BFF vt=Y(21/22) vtstat=1060/948ms tc=Y drp=0mm tcq=0
15:28:01.676 [ISOBUS] addr=0x81 claimed=Y load=14.2% msgs=37608 aiso=1063(1084819ms) xte=0.00m spd=0.00m/s q=0 ggaAge=1 vtgAge=1 xteAge=1084819 xteraw=80:510302FF0D080BFF vt=Y(21/22) vtstat=1061/950ms tc=Y drp=0mm tcq=0
15:28:02.674 [ISOBUS] addr=0x81 claimed=Y load=14.5% msgs=37653 aiso=1064(1085819ms) xte=0.00m spd=0.00m/s q=0 ggaAge=1 vtgAge=1 xteAge=1085819 xteraw=80:510302FF0D080BFF vt=Y(21/22) vtstat=1062/948ms tc=Y drp=0mm tcq=0
15:28:03.697 [ISOBUS] addr=0x81 claimed=Y load=14.2% msgs=37694 aiso=1065(1086819ms) xte=0.00m spd=0.00m/s q=0 ggaAge=1 vtgAge=1 xteAge=1086819 xteraw=80:510302FF0D080BFF vt=Y(21/22) vtstat=1063/948ms tc=Y drp=0mm tcq=0
15:28:04.665 [ISOBUS] addr=0x81 claimed=Y load=14.0% msgs=37735 aiso=1066(1087819ms) xte=0.00m spd=0.00m/s q=0 ggaAge=1 vtgAge=1 xteAge=1087819 xteraw=80:510302FF0D080BFF vt=Y(21/22) vtstat=1064/947ms tc=Y drp=0mm tcq=0
15:28:05.668 [ISOBUS] addr=0x81 claimed=Y load=14.2% msgs=37775 aiso=1067(1088819ms) xte=0.00m spd=0.00m/s q=0 ggaAge=1 vtgAge=100 xteAge=1088819 xteraw=80:510302FF0D080BFF vt=Y(21/22) vtstat=1065/947ms tc=Y drp=0mm tcq=0
15:28:06.685 [ISOBUS] addr=0x81 claimed=Y load=14.0% msgs=37816 aiso=1068(1089819ms) xte=0.00m spd=0.00m/s q=0 ggaAge=1 vtgAge=100 xteAge=1089819 xteraw=80:510302FF0D080BFF vt=Y(21/22) vtstat=1066/946ms tc=Y drp=0mm tcq=0
15:28:07.672 [ISOBUS] addr=0x81 claimed=Y load=14.2% msgs=37858 aiso=1069(1090819ms) xte=0.00m spd=0.00m/s q=0 ggaAge=1 vtgAge=1 xteAge=1090819 xteraw=80:510302FF0D080BFF vt=Y(21/22) vtstat=1067/946ms tc=Y drp=0mm tcq=0
15:28:08.691 [ISOBUS] addr=0x81 claimed=Y load=14.0% msgs=37899 aiso=1070(1091819ms) xte=0.00m spd=0.00m/s q=0 ggaAge=1 vtgAge=1 xteAge=1091819 xteraw=80:510302FF0D080BFF vt=Y(21/22) vtstat=1068/945ms tc=Y drp=0mm tcq=0
15:28:09.675 [ISOBUS] addr=0x81 claimed=Y load=14.2% msgs=37940 aiso=1071(1092819ms) xte=0.00m spd=0.00m/s q=0 ggaAge=1 vtgAge=1 xteAge=1092819 xteraw=80:510302FF0D080BFF vt=Y(21/22) vtstat=1069/945ms tc=Y drp=0mm tcq=0
15:28:10.698 [ISOBUS] addr=0x81 claimed=Y load=14.0% msgs=37980 aiso=1072(1093819ms) xte=0.00m spd=0.00m/s q=0 ggaAge=1 vtgAge=100 xteAge=1093819 xteraw=80:510302FF0D080BFF vt=Y(21/22) vtstat=1070/944ms tc=Y drp=0mm tcq=0
15:28:11.670 [ISOBUS] addr=0x81 claimed=Y load=14.3% msgs=38021 aiso=1073(1094819ms) xte=0.00m spd=0.00m/s q=0 ggaAge=1 vtgAge=101 xteAge=1094819 xteraw=80:510302FF0D080BFF vt=Y(21/22) vtstat=1071/944ms tc=Y drp=0mm tcq=0
15:28:12.669 [ISOBUS] addr=0x81 claimed=Y load=14.5% msgs=38066 aiso=1074(1095819ms) xte=0.00m spd=0.00m/s q=0 ggaAge=1 vtgAge=100 xteAge=1095819 xteraw=80:510302FF0D080BFF vt=Y(21/22) vtstat=1072/943ms tc=Y drp=0mm tcq=0
15:28:13.672 [ISOBUS] addr=0x81 claimed=Y load=14.2% msgs=38107 aiso=1075(1096819ms) xte=0.00m spd=0.00m/s q=0 ggaAge=1 vtgAge=101 xteAge=1096819 xteraw=80:510302FF0D080BFF vt=Y(21/22) vtstat=1073/942ms tc=Y drp=0mm tcq=0
15:28:14.693 [ISOBUS] addr=0x81 claimed=Y load=14.0% msgs=38148 aiso=1076(1097819ms) xte=0.00m spd=0.00m/s q=0 ggaAge=1 vtgAge=100 xteAge=1097819 xteraw=80:510302FF0D080BFF vt=Y(21/22) vtstat=1074/941ms tc=Y drp=0mm tcq=0
15:28:15.672 [ISOBUS] addr=0x81 claimed=Y load=14.2% msgs=38189 aiso=1077(1098819ms) xte=0.00m spd=0.00m/s q=0 ggaAge=1 vtgAge=100 xteAge=1098819 xteraw=80:510302FF0D080BFF vt=Y(21/22) vtstat=1075/941ms tc=Y drp=0mm tcq=0
15:28:16.691 [ISOBUS] addr=0x81 claimed=Y load=14.0% msgs=38230 aiso=1078(1099819ms) xte=0.00m spd=0.00m/s q=0 ggaAge=1 vtgAge=100 xteAge=1099819 xteraw=80:510302FF0D080BFF vt=Y(21/22) vtstat=1076/940ms tc=Y drp=0mm tcq=0
15:28:17.682 [ISOBUS] addr=0x81 claimed=Y load=14.2% msgs=38272 aiso=1079(1100819ms) xte=0.00m spd=0.00m/s q=0 ggaAge=1 vtgAge=1 xteAge=1100819 xteraw=80:510302FF0D080BFF vt=Y(21/22) vtstat=1077/938ms tc=Y drp=0mm tcq=0
15:28:18.676 [ISOBUS] addr=0x81 claimed=Y load=14.0% msgs=38312 aiso=1080(1101819ms) xte=0.00m spd=0.00m/s q=0 ggaAge=1 vtgAge=101 xteAge=1101819 xteraw=80:510302FF0D080BFF vt=Y(21/22) vtstat=1078/938ms tc=Y drp=0mm tcq=0
15:28:19.669 [ISOBUS] addr=0x81 claimed=Y load=14.2% msgs=38353 aiso=1081(1102819ms) xte=0.00m spd=0.00m/s q=0 ggaAge=1 vtgAge=99 xteAge=1102819 xteraw=80:510302FF0D080BFF vt=Y(21/22) vtstat=1079/938ms tc=Y drp=0mm tcq=0
15:28:20.687 [ISOBUS] addr=0x81 claimed=Y load=14.0% msgs=38393 aiso=1082(1103819ms) xte=0.00m spd=0.00m/s q=0 ggaAge=101 vtgAge=100 xteAge=1103819 xteraw=80:510302FF0D080BFF vt=Y(21/22) vtstat=1080/938ms tc=Y drp=0mm tcq=0
15:28:21.686 [ISOBUS] addr=0x81 claimed=Y load=14.2% msgs=38436 aiso=1083(1104819ms) xte=0.00m spd=0.00m/s q=0 ggaAge=1 vtgAge=1 xteAge=1104819 xteraw=80:510302FF0D080BFF vt=Y(21/22) vtstat=1081/937ms tc=Y drp=0mm tcq=0
15:28:22.680 [ISOBUS] addr=0x81 claimed=Y load=14.5% msgs=38480 aiso=1084(1105819ms) xte=0.00m spd=0.00m/s q=0 ggaAge=1 vtgAge=101 xteAge=1105819 xteraw=80:510302FF0D080BFF vt=Y(21/22) vtstat=1082/937ms tc=Y drp=0mm tcq=0
15:28:23.685 [ISOBUS] addr=0x81 claimed=Y load=14.2% msgs=38521 aiso=1085(1106819ms) xte=0.00m spd=0.00m/s q=0 ggaAge=1 vtgAge=101 xteAge=1106819 xteraw=80:510302FF0D080BFF vt=Y(21/22) vtstat=1083/936ms tc=Y drp=0mm tcq=0
15:28:24.667 [ISOBUS] addr=0x81 claimed=Y load=14.0% msgs=38562 aiso=1086(1107819ms) xte=0.00m spd=0.00m/s q=0 ggaAge=1 vtgAge=101 xteAge=1107819 xteraw=80:510302FF0D080BFF vt=Y(21/22) vtstat=1084/935ms tc=Y drp=0mm tcq=0
15:28:25.690 [ISOBUS] addr=0x81 claimed=Y load=14.2% msgs=38604 aiso=1087(1108819ms) xte=0.00m spd=0.00m/s q=0 ggaAge=1 vtgAge=1 xteAge=1108819 xteraw=80:510302FF0D080BFF vt=Y(21/22) vtstat=1085/935ms tc=Y drp=0mm tcq=0
15:28:26.665 [ISOBUS] addr=0x81 claimed=Y load=14.0% msgs=38644 aiso=1088(1109819ms) xte=0.00m spd=0.00m/s q=0 ggaAge=1 vtgAge=100 xteAge=1109819 xteraw=80:510302FF0D080BFF vt=Y(21/22) vtstat=1086/934ms tc=Y drp=0mm tcq=0
15:28:27.665 [ISOBUS] addr=0x81 claimed=Y load=14.2% msgs=38686 aiso=1089(1110819ms) xte=0.00m spd=0.00m/s q=0 ggaAge=1 vtgAge=1 xteAge=1110819 xteraw=80:510302FF0D080BFF vt=Y(21/22) vtstat=1087/934ms tc=Y drp=0mm tcq=0
15:28:28.668 [ISOBUS] addr=0x81 claimed=Y load=14.0% msgs=38726 aiso=1090(1111819ms) xte=0.00m spd=0.00m/s q=0 ggaAge=1 vtgAge=101 xteAge=1111819 xteraw=80:510302FF0D080BFF vt=Y(21/22) vtstat=1088/933ms tc=Y drp=0mm tcq=0
15:28:29.672 [ISOBUS] addr=0x81 claimed=Y load=14.2% msgs=38767 aiso=1091(1112819ms) xte=0.00m spd=0.00m/s q=0 ggaAge=1 vtgAge=100 xteAge=1112819 xteraw=80:510302FF0D080BFF vt=Y(21/22) vtstat=1089/933ms tc=Y drp=0mm tcq=0
15:28:30.673 [ISOBUS] addr=0x81 claimed=Y load=14.0% msgs=38808 aiso=1092(1113819ms) xte=0.00m spd=0.00m/s q=0 ggaAge=1 vtgAge=101 xteAge=1113819 xteraw=80:510302FF0D080BFF vt=Y(21/22) vtstat=1090/932ms tc=Y drp=0mm tcq=0
15:28:31.691 [ISOBUS] addr=0x81 claimed=Y load=14.2% msgs=38850 aiso=1093(1114819ms) xte=0.00m spd=0.00m/s q=0 ggaAge=1 vtgAge=0 xteAge=1114819 xteraw=80:510302FF0D080BFF vt=Y(21/22) vtstat=1091/931ms tc=Y drp=0mm tcq=0
15:28:32.696 [ISOBUS] addr=0x81 claimed=Y load=14.5% msgs=38895 aiso=1094(1115819ms) xte=0.00m spd=0.00m/s q=0 ggaAge=1 vtgAge=1 xteAge=1115819 xteraw=80:510302FF0D080BFF vt=Y(21/22) vtstat=1092/930ms tc=Y drp=0mm tcq=0
15:28:33.684 [ISOBUS] addr=0x81 claimed=Y load=14.2% msgs=38935 aiso=1095(1116819ms) xte=0.00m spd=0.00m/s q=0 ggaAge=1 vtgAge=101 xteAge=1116819 xteraw=80:510302FF0D080BFF vt=Y(21/22) vtstat=1093/930ms tc=Y drp=0mm tcq=0
15:28:34.689 [ISOBUS] addr=0x81 claimed=Y load=14.0% msgs=38976 aiso=1096(1117819ms) xte=0.00m spd=0.00m/s q=0 ggaAge=0 vtgAge=100 xteAge=1117819 xteraw=80:510302FF0D080BFF vt=Y(21/22) vtstat=1094/929ms tc=Y drp=0mm tcq=0
15:28:35.674 [ISOBUS] addr=0x81 claimed=Y load=14.2% msgs=39017 aiso=1097(1118819ms) xte=0.00m spd=0.00m/s q=0 ggaAge=1 vtgAge=100 xteAge=1118819 xteraw=80:510302FF0D080BFF vt=Y(21/22) vtstat=1095/928ms tc=Y drp=0mm tcq=0
15:28:36.682 [ISOBUS] addr=0x81 claimed=Y load=14.0% msgs=39058 aiso=1098(1119819ms) xte=0.00m spd=0.00m/s q=0 ggaAge=1 vtgAge=101 xteAge=1119819 xteraw=80:510302FF0D080BFF vt=Y(21/22) vtstat=1096/928ms tc=Y drp=0mm tcq=0
15:28:37.682 [ISOBUS] addr=0x81 claimed=Y load=14.2% msgs=39099 aiso=1099(1120819ms) xte=0.00m spd=0.00m/s q=0 ggaAge=1 vtgAge=101 xteAge=1120819 xteraw=80:510302FF0D080BFF vt=Y(21/22) vtstat=1097/928ms tc=Y drp=0mm tcq=0
15:28:38.692 [ISOBUS] addr=0x81 claimed=Y load=14.0% msgs=39139 aiso=1100(1121819ms) xte=0.00m spd=0.00m/s q=0 ggaAge=92 vtgAge=87 xteAge=1121819 xteraw=80:510302FF0D080BFF vt=Y(21/22) vtstat=1098/927ms tc=Y drp=0mm tcq=0
15:28:39.684 [ISOBUS] addr=0x81 claimed=Y load=14.2% msgs=39181 aiso=1101(1122819ms) xte=0.00m spd=0.00m/s q=0 ggaAge=1 vtgAge=100 xteAge=1122819 xteraw=80:510302FF0D080BFF vt=Y(21/22) vtstat=1099/926ms tc=Y drp=0mm tcq=0
15:28:40.674 [ISOBUS] addr=0x81 claimed=Y load=14.0% msgs=39222 aiso=1102(1123819ms) xte=0.00m spd=0.00m/s q=0 ggaAge=1 vtgAge=100 xteAge=1123819 xteraw=80:510302FF0D080BFF vt=Y(21/22) vtstat=1100/925ms tc=Y drp=0mm tcq=0
15:28:41.693 [ISOBUS] addr=0x81 claimed=Y load=14.2% msgs=39263 aiso=1103(1124819ms) xte=0.00m spd=0.00m/s q=0 ggaAge=1 vtgAge=100 xteAge=1124819 xteraw=80:510302FF0D080BFF vt=Y(21/22) vtstat=1101/925ms tc=Y drp=0mm tcq=0
15:28:42.672 [ISOBUS] addr=0x81 claimed=Y load=14.5% msgs=39309 aiso=1104(1125819ms) xte=0.00m spd=0.00m/s q=0 ggaAge=1 vtgAge=1 xteAge=1125819 xteraw=80:510302FF0D080BFF vt=Y(21/22) vtstat=1102/924ms tc=Y drp=0mm tcq=0
15:28:43.675 [ISOBUS] addr=0x81 claimed=Y load=14.2% msgs=39350 aiso=1105(1126819ms) xte=0.00m spd=0.00m/s q=0 ggaAge=1 vtgAge=1 xteAge=1126819 xteraw=80:510302FF0D080BFF vt=Y(21/22) vtstat=1103/924ms tc=Y drp=0mm tcq=0
15:28:44.672 [ISOBUS] addr=0x81 claimed=Y load=14.0% msgs=39390 aiso=1106(1127819ms) xte=0.00m spd=0.00m/s q=0 ggaAge=1 vtgAge=100 xteAge=1127819 xteraw=80:510302FF0D080BFF vt=Y(21/22) vtstat=1104/923ms tc=Y drp=0mm tcq=0
15:28:45.687 [ISOBUS] addr=0x81 claimed=Y load=14.2% msgs=39432 aiso=1107(1128819ms) xte=0.00m spd=0.00m/s q=0 ggaAge=1 vtgAge=1 xteAge=1128819 xteraw=80:510302FF0D080BFF vt=Y(21/22) vtstat=1105/922ms tc=Y drp=0mm tcq=0
15:28:46.670 [ISOBUS] addr=0x81 claimed=Y load=14.0% msgs=39471 aiso=1108(1129819ms) xte=0.00m spd=0.00m/s q=0 ggaAge=101 vtgAge=100 xteAge=1129819 xteraw=80:510302FF0D080BFF vt=Y(21/22) vtstat=1106/921ms tc=Y drp=0mm tcq=0
15:28:47.699 [ISOBUS] addr=0x81 claimed=Y load=14.2% msgs=39512 aiso=1109(1130819ms) xte=0.00m spd=0.00m/s q=0 ggaAge=101 vtgAge=100 xteAge=1130819 xteraw=80:510302FF0D080BFF vt=Y(21/22) vtstat=1107/921ms tc=Y drp=0mm tcq=0
15:28:48.667 [ISOBUS] addr=0x81 claimed=Y load=14.0% msgs=39553 aiso=1110(1131819ms) xte=0.00m spd=0.00m/s q=0 ggaAge=101 vtgAge=100 xteAge=1131819 xteraw=80:510302FF0D080BFF vt=Y(21/22) vtstat=1108/920ms tc=Y drp=0mm tcq=0
15:28:49.682 [ISOBUS] addr=0x81 claimed=Y load=14.2% msgs=39595 aiso=1111(1132819ms) xte=0.00m spd=0.00m/s q=0 ggaAge=1 vtgAge=101 xteAge=1132819 xteraw=80:510302FF0D080BFF vt=Y(21/22) vtstat=1109/920ms tc=Y drp=0mm tcq=0
15:28:50.683 [ISOBUS] addr=0x81 claimed=Y load=14.0% msgs=39636 aiso=1112(1133819ms) xte=0.00m spd=0.00m/s q=0 ggaAge=1 vtgAge=101 xteAge=1133819 xteraw=80:510302FF0D080BFF vt=Y(21/22) vtstat=1110/918ms tc=Y drp=0mm tcq=0
15:28:51.690 [ISOBUS] addr=0x81 claimed=Y load=14.2% msgs=39678 aiso=1113(1134819ms) xte=0.00m spd=0.00m/s q=0 ggaAge=1 vtgAge=1 xteAge=1134819 xteraw=80:510302FF0D080BFF vt=Y(21/22) vtstat=1111/918ms tc=Y drp=0mm tcq=0
15:28:52.700 [ISOBUS] addr=0x81 claimed=Y load=14.5% msgs=39723 aiso=1114(1135819ms) xte=0.00m spd=0.00m/s q=0 ggaAge=1 vtgAge=0 xteAge=1135819 xteraw=80:510302FF0D080BFF vt=Y(21/22) vtstat=1112/917ms tc=Y drp=0mm tcq=0
15:28:53.669 [ISOBUS] addr=0x81 claimed=Y load=14.2% msgs=39763 aiso=1115(1136819ms) xte=0.00m spd=0.00m/s q=0 ggaAge=1 vtgAge=100 xteAge=1136819 xteraw=80:510302FF0D080BFF vt=Y(21/22) vtstat=1113/917ms tc=Y drp=0mm tcq=0
15:28:54.668 [ISOBUS] addr=0x81 claimed=Y load=14.0% msgs=39804 aiso=1116(1137819ms) xte=0.00m spd=0.00m/s q=0 ggaAge=1 vtgAge=100 xteAge=1137819 xteraw=80:510302FF0D080BFF vt=Y(21/22) vtstat=1114/916ms tc=Y drp=0mm tcq=0
15:28:55.691 [ISOBUS] addr=0x81 claimed=Y load=14.2% msgs=39846 aiso=1117(1138819ms) xte=0.00m spd=0.00m/s q=0 ggaAge=1 vtgAge=1 xteAge=1138819 xteraw=80:510302FF0D080BFF vt=Y(21/22) vtstat=1115/916ms tc=Y drp=0mm tcq=0
15:28:56.677 [ISOBUS] addr=0x81 claimed=Y load=14.0% msgs=39885 aiso=1118(1139819ms) xte=0.00m spd=0.00m/s q=0 ggaAge=101 vtgAge=100 xteAge=1139819 xteraw=80:510302FF0D080BFF vt=Y(21/22) vtstat=1116/915ms tc=Y drp=0mm tcq=0
15:28:57.687 [ISOBUS] addr=0x81 claimed=Y load=14.2% msgs=39927 aiso=1119(1140819ms) xte=0.00m spd=0.00m/s q=0 ggaAge=1 vtgAge=100 xteAge=1140819 xteraw=80:510302FF0D080BFF vt=Y(21/22) vtstat=1117/914ms tc=Y drp=0mm tcq=0
15:28:58.673 [ISOBUS] addr=0x81 claimed=Y load=14.0% msgs=39967 aiso=1120(1141819ms) xte=0.00m spd=0.00m/s q=0 ggaAge=101 vtgAge=100 xteAge=1141819 xteraw=80:510302FF0D080BFF vt=Y(21/22) vtstat=1118/913ms tc=Y drp=0mm tcq=0
15:28:59.688 [ISOBUS] addr=0x81 claimed=Y load=14.2% msgs=40008 aiso=1121(1142819ms) xte=0.00m spd=0.00m/s q=0 ggaAge=100 vtgAge=100 xteAge=1142819 xteraw=80:510302FF0D080BFF vt=Y(21/22) vtstat=1119/913ms tc=Y drp=0mm tcq=0
15:29:00.683 [ISOBUS] addr=0x81 claimed=Y load=14.0% msgs=40049 aiso=1122(1143819ms) xte=0.00m spd=0.00m/s q=0 ggaAge=101 vtgAge=100 xteAge=1143819 xteraw=80:510302FF0D080BFF vt=Y(21/22) vtstat=1120/912ms tc=Y drp=0mm tcq=0
15:29:01.690 [ISOBUS] addr=0x81 claimed=Y load=14.2% msgs=40090 aiso=1123(1144819ms) xte=0.00m spd=0.00m/s q=0 ggaAge=100 vtgAge=100 xteAge=1144819 xteraw=80:510302FF0D080BFF vt=Y(21/22) vtstat=1121/912ms tc=Y drp=0mm tcq=0
15:29:02.675 [ISOBUS] addr=0x81 claimed=Y load=14.5% msgs=40135 aiso=1124(1145819ms) xte=0.00m spd=0.00m/s q=0 ggaAge=100 vtgAge=100 xteAge=1145819 xteraw=80:510302FF0D080BFF vt=Y(21/22) vtstat=1122/911ms tc=Y drp=0mm tcq=0
15:29:03.669 [ISOBUS] addr=0x81 claimed=Y load=14.2% msgs=40176 aiso=1125(1146819ms) xte=0.00m spd=0.00m/s q=0 ggaAge=101 vtgAge=100 xteAge=1146819 xteraw=80:510302FF0D080BFF vt=Y(21/22) vtstat=1123/911ms tc=Y drp=0mm tcq=0
15:29:04.677 [ISOBUS] addr=0x81 claimed=Y load=14.0% msgs=40217 aiso=1126(1147819ms) xte=0.00m spd=0.00m/s q=0 ggaAge=101 vtgAge=100 xteAge=1147819 xteraw=80:510302FF0D080BFF vt=Y(21/22) vtstat=1124/910ms tc=Y drp=0mm tcq=0
15:29:05.697 [ISOBUS] addr=0x81 claimed=Y load=14.2% msgs=40258 aiso=1127(1148819ms) xte=0.00m spd=0.00m/s q=0 ggaAge=100 vtgAge=100 xteAge=1148819 xteraw=80:510302FF0D080BFF vt=Y(21/22) vtstat=1125/910ms tc=Y drp=0mm tcq=0
15:29:06.688 [ISOBUS] addr=0x81 claimed=Y load=14.0% msgs=40301 aiso=1128(1149819ms) xte=0.00m spd=0.00m/s q=0 ggaAge=1 vtgAge=1 xteAge=1149819 xteraw=80:510302FF0D080BFF vt=Y(21/22) vtstat=1126/909ms tc=Y drp=0mm tcq=0
15:29:07.685 [ISOBUS] addr=0x81 claimed=Y load=14.2% msgs=40341 aiso=1129(1150819ms) xte=0.00m spd=0.00m/s q=0 ggaAge=1 vtgAge=100 xteAge=1150819 xteraw=80:510302FF0D080BFF vt=Y(21/22) vtstat=1127/908ms tc=Y drp=0mm tcq=0
15:29:08.672 [ISOBUS] addr=0x81 claimed=Y load=14.0% msgs=40382 aiso=1130(1151819ms) xte=0.00m spd=0.00m/s q=0 ggaAge=1 vtgAge=101 xteAge=1151819 xteraw=80:510302FF0D080BFF vt=Y(21/22) vtstat=1128/908ms tc=Y drp=0mm tcq=0
15:29:09.693 [ISOBUS] addr=0x81 claimed=Y load=14.2% msgs=40422 aiso=1131(1152819ms) xte=0.00m spd=0.00m/s q=0 ggaAge=100 vtgAge=100 xteAge=1152819 xteraw=80:510302FF0D080BFF vt=Y(21/22) vtstat=1129/907ms tc=Y drp=0mm tcq=0
15:29:10.668 [ISOBUS] addr=0x81 claimed=Y load=14.0% msgs=40464 aiso=1132(1153819ms) xte=0.00m spd=0.00m/s q=0 ggaAge=1 vtgAge=100 xteAge=1153819 xteraw=80:510302FF0D080BFF vt=Y(21/22) vtstat=1130/906ms tc=Y drp=0mm tcq=0
15:29:11.699 [ISOBUS] addr=0x81 claimed=Y load=14.2% msgs=40505 aiso=1133(1154819ms) xte=0.00m spd=0.00m/s q=0 ggaAge=1 vtgAge=99 xteAge=1154819 xteraw=80:510302FF0D080BFF vt=Y(21/22) vtstat=1131/906ms tc=Y drp=0mm tcq=0
15:29:12.683 [ISOBUS] addr=0x81 claimed=Y load=14.5% msgs=40550 aiso=1134(1155819ms) xte=0.00m spd=0.00m/s q=0 ggaAge=1 vtgAge=100 xteAge=1155819 xteraw=80:510302FF0D080BFF vt=Y(21/22) vtstat=1132/905ms tc=Y drp=0mm tcq=0
15:29:13.691 [ISOBUS] addr=0x81 claimed=Y load=14.2% msgs=40591 aiso=1135(1156819ms) xte=0.00m spd=0.00m/s q=0 ggaAge=1 vtgAge=100 xteAge=1156819 xteraw=80:510302FF0D080BFF vt=Y(21/22) vtstat=1133/904ms tc=Y drp=0mm tcq=0
15:29:14.698 [ISOBUS] addr=0x81 claimed=Y load=14.0% msgs=40632 aiso=1136(1157819ms) xte=0.00m spd=0.00m/s q=0 ggaAge=1 vtgAge=100 xteAge=1157819 xteraw=80:510302FF0D080BFF vt=Y(21/22) vtstat=1134/904ms tc=Y drp=0mm tcq=0
15:29:15.684 [ISOBUS] addr=0x81 claimed=Y load=14.2% msgs=40672 aiso=1137(1158819ms) xte=0.00m spd=0.00m/s q=0 ggaAge=101 vtgAge=100 xteAge=1158819 xteraw=80:510302FF0D080BFF vt=Y(21/22) vtstat=1135/903ms tc=Y drp=0mm tcq=0
15:29:16.692 [ISOBUS] addr=0x81 claimed=Y load=14.0% msgs=40714 aiso=1138(1159819ms) xte=0.00m spd=0.00m/s q=0 ggaAge=1 vtgAge=100 xteAge=1159819 xteraw=80:510302FF0D080BFF vt=Y(21/22) vtstat=1136/902ms tc=Y drp=0mm tcq=0
15:29:17.697 [ISOBUS] addr=0x81 claimed=Y load=14.2% msgs=40755 aiso=1139(1160819ms) xte=0.00m spd=0.00m/s q=0 ggaAge=1 vtgAge=100 xteAge=1160819 xteraw=80:510302FF0D080BFF vt=Y(21/22) vtstat=1137/902ms tc=Y drp=0mm tcq=0
15:29:18.669 [ISOBUS] addr=0x81 claimed=Y load=14.0% msgs=40796 aiso=1140(1161819ms) xte=0.00m spd=0.00m/s q=0 ggaAge=1 vtgAge=100 xteAge=1161819 xteraw=80:510302FF0D080BFF vt=Y(21/22) vtstat=1138/901ms tc=Y drp=0mm tcq=0
15:29:19.687 [ISOBUS] addr=0x81 claimed=Y load=14.2% msgs=40836 aiso=1141(1162819ms) xte=0.00m spd=0.00m/s q=0 ggaAge=101 vtgAge=100 xteAge=1162819 xteraw=80:510302FF0D080BFF vt=Y(21/22) vtstat=1139/900ms tc=Y drp=0mm tcq=0
15:29:20.672 [ISOBUS] addr=0x81 claimed=Y load=14.0% msgs=40878 aiso=1142(1163819ms) xte=0.00m spd=0.00m/s q=0 ggaAge=1 vtgAge=99 xteAge=1163819 xteraw=80:510302FF0D080BFF vt=Y(21/22) vtstat=1140/899ms tc=Y drp=0mm tcq=0
15:29:21.695 [ISOBUS] addr=0x81 claimed=Y load=14.2% msgs=40919 aiso=1143(1164819ms) xte=0.00m spd=0.00m/s q=0 ggaAge=1 vtgAge=100 xteAge=1164819 xteraw=80:510302FF0D080BFF vt=Y(21/22) vtstat=1141/899ms tc=Y drp=0mm tcq=0
15:29:22.673 [ISOBUS] addr=0x81 claimed=Y load=14.5% msgs=40963 aiso=1144(1165819ms) xte=0.00m spd=0.00m/s q=0 ggaAge=101 vtgAge=100 xteAge=1165819 xteraw=80:510302FF0D080BFF vt=Y(21/22) vtstat=1142/896ms tc=Y drp=0mm tcq=0
15:29:23.692 [ISOBUS] addr=0x81 claimed=Y load=14.2% msgs=41005 aiso=1145(1166819ms) xte=0.00m spd=0.00m/s q=0 ggaAge=1 vtgAge=100 xteAge=1166819 xteraw=80:510302FF0D080BFF vt=Y(21/22) vtstat=1143/898ms tc=Y drp=0mm tcq=0
15:29:24.684 [ISOBUS] addr=0x81 claimed=Y load=14.0% msgs=41046 aiso=1146(1167819ms) xte=0.00m spd=0.00m/s q=0 ggaAge=1 vtgAge=100 xteAge=1167819 xteraw=80:510302FF0D080BFF vt=Y(21/22) vtstat=1144/897ms tc=Y drp=0mm tcq=0
15:29:25.700 [ISOBUS] addr=0x81 claimed=Y load=14.2% msgs=41087 aiso=1147(1168819ms) xte=0.00m spd=0.00m/s q=0 ggaAge=1 vtgAge=99 xteAge=1168819 xteraw=80:510302FF0D080BFF vt=Y(21/22) vtstat=1145/897ms tc=Y drp=0mm tcq=0
15:29:26.680 [ISOBUS] addr=0x81 claimed=Y load=14.0% msgs=41128 aiso=1148(1169819ms) xte=0.00m spd=0.00m/s q=0 ggaAge=1 vtgAge=100 xteAge=1169819 xteraw=80:510302FF0D080BFF vt=Y(21/22) vtstat=1146/896ms tc=Y drp=0mm tcq=0
15:29:27.685 [ISOBUS] addr=0x81 claimed=Y load=14.2% msgs=41169 aiso=1149(1170819ms) xte=0.00m spd=0.00m/s q=0 ggaAge=1 vtgAge=99 xteAge=1170819 xteraw=80:510302FF0D080BFF vt=Y(21/22) vtstat=1147/895ms tc=Y drp=0mm tcq=0
15:29:28.678 [ISOBUS] addr=0x81 claimed=Y load=14.0% msgs=41209 aiso=1150(1171819ms) xte=0.00m spd=0.00m/s q=0 ggaAge=101 vtgAge=100 xteAge=1171819 xteraw=80:510302FF0D080BFF vt=Y(21/22) vtstat=1148/895ms tc=Y drp=0mm tcq=0
15:29:29.690 [ISOBUS] addr=0x81 claimed=Y load=14.2% msgs=41250 aiso=1151(1172819ms) xte=0.00m spd=0.00m/s q=0 ggaAge=100 vtgAge=100 xteAge=1172819 xteraw=80:510302FF0D080BFF vt=Y(21/22) vtstat=1149/894ms tc=Y drp=0mm tcq=0
15:29:30.668 [ISOBUS] addr=0x81 claimed=Y load=14.0% msgs=41292 aiso=1152(1173819ms) xte=0.00m spd=0.00m/s q=0 ggaAge=1 vtgAge=100 xteAge=1173819 xteraw=80:510302FF0D080BFF vt=Y(21/22) vtstat=1150/894ms tc=Y drp=0mm tcq=0
15:29:31.687 [ISOBUS] addr=0x81 claimed=Y load=14.2% msgs=41333 aiso=1153(1174819ms) xte=0.00m spd=0.00m/s q=0 ggaAge=0 vtgAge=100 xteAge=1174819 xteraw=80:510302FF0D080BFF vt=Y(21/22) vtstat=1151/893ms tc=Y drp=0mm tcq=0
15:29:32.682 [ISOBUS] addr=0x81 claimed=Y load=14.5% msgs=41377 aiso=1154(1175819ms) xte=0.00m spd=0.00m/s q=0 ggaAge=101 vtgAge=100 xteAge=1175819 xteraw=80:510302FF0D080BFF vt=Y(21/22) vtstat=1152/892ms tc=Y drp=0mm tcq=0
15:29:33.669 [ISOBUS] addr=0x81 claimed=Y load=14.2% msgs=41418 aiso=1155(1176819ms) xte=0.00m spd=0.00m/s q=0 ggaAge=101 vtgAge=100 xteAge=1176819 xteraw=80:510302FF0D080BFF vt=Y(21/22) vtstat=1153/892ms tc=Y drp=0mm tcq=0
15:29:34.670 [ISOBUS] addr=0x81 claimed=Y load=14.0% msgs=41459 aiso=1156(1177819ms) xte=0.00m spd=0.00m/s q=0 ggaAge=100 vtgAge=100 xteAge=1177819 xteraw=80:510302FF0D080BFF vt=Y(21/22) vtstat=1154/891ms tc=Y drp=0mm tcq=0
15:29:35.687 [ISOBUS] addr=0x81 claimed=Y load=14.2% msgs=41501 aiso=1157(1178819ms) xte=0.00m spd=0.00m/s q=0 ggaAge=1 vtgAge=100 xteAge=1178819 xteraw=80:510302FF0D080BFF vt=Y(21/22) vtstat=1155/891ms tc=Y drp=0mm tcq=0
15:29:36.669 [ISOBUS] addr=0x81 claimed=Y load=14.0% msgs=41541 aiso=1158(1179819ms) xte=0.00m spd=0.00m/s q=0 ggaAge=101 vtgAge=100 xteAge=1179819 xteraw=80:510302FF0D080BFF vt=Y(21/22) vtstat=1156/890ms tc=Y drp=0mm tcq=0
15:29:37.675 [ISOBUS] addr=0x81 claimed=Y load=14.2% msgs=41582 aiso=1159(1180819ms) xte=0.00m spd=0.00m/s q=0 ggaAge=101 vtgAge=100 xteAge=1180819 xteraw=80:510302FF0D080BFF vt=Y(21/22) vtstat=1157/890ms tc=Y drp=0mm tcq=0
15:29:38.678 [ISOBUS] addr=0x81 claimed=Y load=14.0% msgs=41623 aiso=1160(1181819ms) xte=0.00m spd=0.00m/s q=0 ggaAge=101 vtgAge=100 xteAge=1181819 xteraw=80:510302FF0D080BFF vt=Y(21/22) vtstat=1158/889ms tc=Y drp=0mm tcq=0
15:29:39.694 [ISOBUS] addr=0x81 claimed=Y load=14.2% msgs=41664 aiso=1161(1182819ms) xte=0.00m spd=0.00m/s q=0 ggaAge=101 vtgAge=100 xteAge=1182819 xteraw=80:510302FF0D080BFF vt=Y(21/22) vtstat=1159/888ms tc=Y drp=0mm tcq=0
15:29:40.693 [ISOBUS] addr=0x81 claimed=Y load=14.0% msgs=41706 aiso=1162(1183819ms) xte=0.00m spd=0.00m/s q=0 ggaAge=1 vtgAge=99 xteAge=1183819 xteraw=80:510302FF0D080BFF vt=Y(21/22) vtstat=1160/887ms tc=Y drp=0mm tcq=0
15:29:41.699 [ISOBUS] addr=0x81 claimed=Y load=14.2% msgs=41747 aiso=1163(1184819ms) xte=0.00m spd=0.00m/s q=0 ggaAge=1 vtgAge=100 xteAge=1184819 xteraw=80:510302FF0D080BFF vt=Y(21/22) vtstat=1161/887ms tc=Y drp=0mm tcq=0
15:29:42.671 [ISOBUS] addr=0x81 claimed=Y load=14.5% msgs=41792 aiso=1164(1185819ms) xte=0.00m spd=0.00m/s q=0 ggaAge=1 vtgAge=100 xteAge=1185819 xteraw=80:510302FF0D080BFF vt=Y(21/22) vtstat=1162/886ms tc=Y drp=0mm tcq=0
15:29:43.689 [ISOBUS] addr=0x81 claimed=Y load=14.2% msgs=41832 aiso=1165(1186819ms) xte=0.00m spd=0.00m/s q=0 ggaAge=100 vtgAge=99 xteAge=1186819 xteraw=80:510302FF0D080BFF vt=Y(21/22) vtstat=1163/886ms tc=Y drp=0mm tcq=0
15:29:44.158 I] [NM]: Control function with address 205 and NAME 000000000000000lx is now offline on channel 198344577.
15:29:44.676 [ISOBUS] addr=0x81 claimed=Y load=14.0% msgs=41874 aiso=1166(1187819ms) xte=0.00m spd=0.00m/s q=0 ggaAge=1 vtgAge=99 xteAge=1187819 xteraw=80:510302FF0D080BFF vt=Y(21/22) vtstat=1164/885ms tc=Y drp=0mm tcq=0
15:29:45.394 I] [NM]: External control function with name 000000000000000lx has claimed address 198344577 on channel 2684363008.
15:29:45.675 [ISOBUS] addr=0x81 claimed=Y load=14.2% msgs=41914 aiso=1167(1188819ms) xte=0.00m spd=0.00m/s q=0 ggaAge=100 vtgAge=100 xteAge=1188819 xteraw=80:510302FF0D080BFF vt=Y(21/22) vtstat=1165/885ms tc=Y drp=0mm tcq=0
15:29:46.678 [ISOBUS] addr=0x81 claimed=Y load=14.0% msgs=41955 aiso=1168(1189819ms) xte=0.00m spd=0.00m/s q=0 ggaAge=101 vtgAge=100 xteAge=1189819 xteraw=80:510302FF0D080BFF vt=Y(21/22) vtstat=1166/884ms tc=Y drp=0mm tcq=0
15:29:47.674 [ISOBUS] addr=0x81 claimed=Y load=14.2% msgs=41996 aiso=1169(1190819ms) xte=0.00m spd=0.00m/s q=0 ggaAge=100 vtgAge=100 xteAge=1190819 xteraw=80:510302FF0D080BFF vt=Y(21/22) vtstat=1167/884ms tc=Y drp=0mm tcq=0
15:29:48.701 [ISOBUS] addr=0x81 claimed=Y load=14.0% msgs=42037 aiso=1170(1191819ms) xte=0.00m spd=0.00m/s q=0 ggaAge=99 vtgAge=99 xteAge=1191819 xteraw=80:510302FF0D080BFF vt=Y(21/22) vtstat=1168/883ms tc=Y drp=0mm tcq=0
15:29:49.689 [ISOBUS] addr=0x81 claimed=Y load=14.2% msgs=42078 aiso=1171(1192819ms) xte=0.00m spd=0.00m/s q=0 ggaAge=101 vtgAge=100 xteAge=1192819 xteraw=80:510302FF0D080BFF vt=Y(21/22) vtstat=1169/882ms tc=Y drp=0mm tcq=0
15:29:50.686 [ISOBUS] addr=0x81 claimed=Y load=14.0% msgs=42119 aiso=1172(1193819ms) xte=0.00m spd=0.00m/s q=0 ggaAge=100 vtgAge=100 xteAge=1193819 xteraw=80:510302FF0D080BFF vt=Y(21/22) vtstat=1170/881ms tc=Y drp=0mm tcq=0
15:29:51.677 [ISOBUS] addr=0x81 claimed=Y load=14.2% msgs=42160 aiso=1173(1194819ms) xte=0.00m spd=0.00m/s q=0 ggaAge=101 vtgAge=100 xteAge=1194819 xteraw=80:510302FF0D080BFF vt=Y(21/22) vtstat=1171/881ms tc=Y drp=0mm tcq=0
15:29:52.691 [ISOBUS] addr=0x81 claimed=Y load=14.5% msgs=42205 aiso=1174(1195819ms) xte=0.00m spd=0.00m/s q=0 ggaAge=100 vtgAge=100 xteAge=1195819 xteraw=80:510302FF0D080BFF vt=Y(21/22) vtstat=1172/880ms tc=Y drp=0mm tcq=0
15:29:53.678 [ISOBUS] addr=0x81 claimed=Y load=14.2% msgs=42246 aiso=1175(1196819ms) xte=0.00m spd=0.00m/s q=0 ggaAge=100 vtgAge=100 xteAge=1196819 xteraw=80:510302FF0D080BFF vt=Y(21/22) vtstat=1173/880ms tc=Y drp=0mm tcq=0
15:29:54.671 [ISOBUS] addr=0x81 claimed=Y load=14.0% msgs=42287 aiso=1176(1197819ms) xte=0.00m spd=0.00m/s q=0 ggaAge=100 vtgAge=100 xteAge=1197819 xteraw=80:510302FF0D080BFF vt=Y(21/22) vtstat=1174/879ms tc=Y drp=0mm tcq=0
15:29:55.686 [ISOBUS] addr=0x81 claimed=Y load=14.2% msgs=42328 aiso=1177(1198819ms) xte=0.00m spd=0.00m/s q=0 ggaAge=100 vtgAge=99 xteAge=1198819 xteraw=80:510302FF0D080BFF vt=Y(21/22) vtstat=1175/879ms tc=Y drp=0mm tcq=0
15:29:56.698 [ISOBUS] addr=0x81 claimed=Y load=14.0% msgs=42369 aiso=1178(1199819ms) xte=0.00m spd=0.00m/s q=0 ggaAge=100 vtgAge=100 xteAge=1199819 xteraw=80:510302FF0D080BFF vt=Y(21/22) vtstat=1176/878ms tc=Y drp=0mm tcq=0
15:29:57.677 [ISOBUS] addr=0x81 claimed=Y load=14.2% msgs=42410 aiso=1179(1200819ms) xte=0.00m spd=0.00m/s q=0 ggaAge=101 vtgAge=100 xteAge=1200819 xteraw=80:510302FF0D080BFF vt=Y(21/22) vtstat=1177/878ms tc=Y drp=0mm tcq=0
15:29:58.672 [ISOBUS] addr=0x81 claimed=Y load=14.0% msgs=42451 aiso=1180(1201819ms) xte=0.00m spd=0.00m/s q=0 ggaAge=100 vtgAge=99 xteAge=1201819 xteraw=80:510302FF0D080BFF vt=Y(21/22) vtstat=1178/877ms tc=Y drp=0mm tcq=0
15:29:59.682 [ISOBUS] addr=0x81 claimed=Y load=14.2% msgs=42492 aiso=1181(1202819ms) xte=0.00m spd=0.00m/s q=0 ggaAge=99 vtgAge=99 xteAge=1202819 xteraw=80:510302FF0D080BFF vt=Y(21/22) vtstat=1179/876ms tc=Y drp=0mm tcq=0
15:30:00.673 [ISOBUS] addr=0x81 claimed=Y load=14.0% msgs=42533 aiso=1182(1203819ms) xte=0.00m spd=0.00m/s q=0 ggaAge=100 vtgAge=99 xteAge=1203819 xteraw=80:510302FF0D080BFF vt=Y(21/22) vtstat=1180/875ms tc=Y drp=0mm tcq=0
15:30:01.672 [ISOBUS] addr=0x81 claimed=Y load=14.2% msgs=42575 aiso=1183(1204819ms) xte=0.00m spd=0.00m/s q=0 ggaAge=1 vtgAge=99 xteAge=1204819 xteraw=80:510302FF0D080BFF vt=Y(21/22) vtstat=1181/875ms tc=Y drp=0mm tcq=0
15:30:02.162 I] [NM]: Control function with address 205 and NAME 000000000000000lx is now offline on channel 198344577.
15:30:02.680 [ISOBUS] addr=0x81 claimed=Y load=14.5% msgs=42619 aiso=1184(1205819ms) xte=0.00m spd=0.00m/s q=0 ggaAge=100 vtgAge=99 xteAge=1205819 xteraw=80:510302FF0D080BFF vt=Y(21/22) vtstat=1182/874ms tc=Y drp=0mm tcq=0
15:30:03.402 I] [NM]: External control function with name 000000000000000lx has claimed address 198344577 on channel 2684363008.
15:30:03.712 [ISOBUS] addr=0x81 claimed=Y load=14.2% msgs=42660 aiso=1185(1206819ms) xte=0.00m spd=0.00m/s q=0 ggaAge=101 vtgAge=100 xteAge=1206819 xteraw=80:510302FF0D080BFF vt=Y(21/22) vtstat=1183/874ms tc=Y drp=0mm tcq=0
15:30:04.695 [ISOBUS] addr=0x81 claimed=Y load=14.0% msgs=42701 aiso=1186(1207819ms) xte=0.00m spd=0.00m/s q=0 ggaAge=100 vtgAge=100 xteAge=1207819 xteraw=80:510302FF0D080BFF vt=Y(21/22) vtstat=1184/873ms tc=Y drp=0mm tcq=0
15:30:05.682 [ISOBUS] addr=0x81 claimed=Y load=14.2% msgs=42742 aiso=1187(1208819ms) xte=0.00m spd=0.00m/s q=0 ggaAge=100 vtgAge=99 xteAge=1208819 xteraw=80:510302FF0D080BFF vt=Y(21/22) vtstat=1185/873ms tc=Y drp=0mm tcq=0
15:30:06.685 [ISOBUS] addr=0x81 claimed=Y load=14.0% msgs=42783 aiso=1188(1209819ms) xte=0.00m spd=0.00m/s q=0 ggaAge=100 vtgAge=99 xteAge=1209819 xteraw=80:510302FF0D080BFF vt=Y(21/22) vtstat=1186/872ms tc=Y drp=0mm tcq=0
15:30:07.679 [ISOBUS] addr=0x81 claimed=Y load=14.2% msgs=42824 aiso=1189(1210819ms) xte=0.00m spd=0.00m/s q=0 ggaAge=100 vtgAge=99 xteAge=1210819 xteraw=80:510302FF0D080BFF vt=Y(21/22) vtstat=1187/871ms tc=Y drp=0mm tcq=0
15:30:08.696 [ISOBUS] addr=0x81 claimed=Y load=14.0% msgs=42865 aiso=1190(1211819ms) xte=0.00m spd=0.00m/s q=0 ggaAge=100 vtgAge=99 xteAge=1211819 xteraw=80:510302FF0D080BFF vt=Y(21/22) vtstat=1188/871ms tc=Y drp=0mm tcq=0
15:30:09.699 [ISOBUS] addr=0x81 claimed=Y load=14.2% msgs=42906 aiso=1191(1212819ms) xte=0.00m spd=0.00m/s q=0 ggaAge=101 vtgAge=100 xteAge=1212819 xteraw=80:510302FF0D080BFF vt=Y(21/22) vtstat=1189/870ms tc=Y drp=0mm tcq=0
15:30:10.687 [ISOBUS] addr=0x81 claimed=Y load=14.0% msgs=42947 aiso=1192(1213819ms) xte=0.00m spd=0.00m/s q=0 ggaAge=100 vtgAge=99 xteAge=1213819 xteraw=80:510302FF0D080BFF vt=Y(21/22) vtstat=1190/869ms tc=Y drp=0mm tcq=0
15:30:11.691 [ISOBUS] addr=0x81 claimed=Y load=14.2% msgs=42988 aiso=1193(1214819ms) xte=0.00m spd=0.00m/s q=0 ggaAge=100 vtgAge=99 xteAge=1214819 xteraw=80:510302FF0D080BFF vt=Y(21/22) vtstat=1191/869ms tc=Y drp=0mm tcq=0
15:30:12.687 [ISOBUS] addr=0x81 claimed=Y load=14.5% msgs=43033 aiso=1194(1215819ms) xte=0.00m spd=0.00m/s q=0 ggaAge=99 vtgAge=99 xteAge=1215819 xteraw=80:510302FF0D080BFF vt=Y(21/22) vtstat=1192/868ms tc=Y drp=0mm tcq=0
15:30:13.710 [ISOBUS] addr=0x81 claimed=Y load=14.2% msgs=43074 aiso=1195(1216819ms) xte=0.00m spd=0.00m/s q=0 ggaAge=100 vtgAge=100 xteAge=1216819 xteraw=80:510302FF0D080BFF vt=Y(21/22) vtstat=1193/868ms tc=Y drp=0mm tcq=0
15:30:14.688 [ISOBUS] addr=0x81 claimed=Y load=14.0% msgs=43116 aiso=1196(1217819ms) xte=0.00m spd=0.00m/s q=0 ggaAge=0 vtgAge=99 xteAge=1217819 xteraw=80:510302FF0D080BFF vt=Y(21/22) vtstat=1194/867ms tc=Y drp=0mm tcq=0
15:30:15.687 [ISOBUS] addr=0x81 claimed=Y load=14.2% msgs=43156 aiso=1197(1218819ms) xte=0.00m spd=0.00m/s q=0 ggaAge=100 vtgAge=99 xteAge=1218819 xteraw=80:510302FF0D080BFF vt=Y(21/22) vtstat=1195/867ms tc=Y drp=0mm tcq=0
15:30:16.691 [ISOBUS] addr=0x81 claimed=Y load=14.0% msgs=43197 aiso=1198(1219819ms) xte=0.00m spd=0.00m/s q=0 ggaAge=100 vtgAge=99 xteAge=1219819 xteraw=80:510302FF0D080BFF vt=Y(21/22) vtstat=1196/866ms tc=Y drp=0mm tcq=0
15:30:17.684 [ISOBUS] addr=0x81 claimed=Y load=14.2% msgs=43238 aiso=1199(1220819ms) xte=0.00m spd=0.00m/s q=0 ggaAge=100 vtgAge=99 xteAge=1220819 xteraw=80:510302FF0D080BFF vt=Y(21/22) vtstat=1197/865ms tc=Y drp=0mm tcq=0
15:30:18.687 [ISOBUS] addr=0x81 claimed=Y load=14.0% msgs=43279 aiso=1200(1221819ms) xte=0.00m spd=0.00m/s q=0 ggaAge=100 vtgAge=99 xteAge=1221819 xteraw=80:510302FF0D080BFF vt=Y(21/22) vtstat=1198/864ms tc=Y drp=0mm tcq=0
15:30:19.670 [ISOBUS] addr=0x81 claimed=Y load=14.2% msgs=43320 aiso=1201(1222819ms) xte=0.00m spd=0.00m/s q=0 ggaAge=100 vtgAge=99 xteAge=1222819 xteraw=80:510302FF0D080BFF vt=Y(21/22) vtstat=1199/864ms tc=Y drp=0mm tcq=0
15:30:20.673 [ISOBUS] addr=0x81 claimed=Y load=14.0% msgs=43361 aiso=1202(1223819ms) xte=0.00m spd=0.00m/s q=0 ggaAge=100 vtgAge=100 xteAge=1223819 xteraw=80:510302FF0D080BFF vt=Y(21/22) vtstat=1200/863ms tc=Y drp=0mm tcq=0
15:30:21.671 [ISOBUS] addr=0x81 claimed=Y load=14.2% msgs=43402 aiso=1203(1224819ms) xte=0.00m spd=0.00m/s q=0 ggaAge=99 vtgAge=99 xteAge=1224819 xteraw=80:510302FF0D080BFF vt=Y(21/22) vtstat=1201/863ms tc=Y drp=0mm tcq=0
15:30:22.702 [ISOBUS] addr=0x81 claimed=Y load=14.5% msgs=43447 aiso=1204(1225819ms) xte=0.00m spd=0.00m/s q=0 ggaAge=100 vtgAge=99 xteAge=1225819 xteraw=80:510302FF0D080BFF vt=Y(21/22) vtstat=1202/862ms tc=Y drp=0mm tcq=0
15:30:23.699 [ISOBUS] addr=0x81 claimed=Y load=14.2% msgs=43488 aiso=1205(1226819ms) xte=0.00m spd=0.00m/s q=0 ggaAge=100 vtgAge=99 xteAge=1226819 xteraw=80:510302FF0D080BFF vt=Y(21/22) vtstat=1203/862ms tc=Y drp=0mm tcq=0
15:30:24.140 I] [NM]: Control function with address 205 and NAME 000000000000000lx is now offline on channel 198344577.
15:30:24.672 [ISOBUS] addr=0x81 claimed=Y load=14.0% msgs=43529 aiso=1206(1227819ms) xte=0.00m spd=0.00m/s q=0 ggaAge=100 vtgAge=99 xteAge=1227819 xteraw=80:510302FF0D080BFF vt=Y(21/22) vtstat=1204/861ms tc=Y drp=0mm tcq=0
15:30:25.395 I] [NM]: External control function with name 000000000000000lx has claimed address 198344577 on channel 2684363008.
15:30:25.678 [ISOBUS] addr=0x81 claimed=Y load=14.2% msgs=43570 aiso=1207(1228819ms) xte=0.00m spd=0.00m/s q=0 ggaAge=100 vtgAge=99 xteAge=1228819 xteraw=80:510302FF0D080BFF vt=Y(21/22) vtstat=1205/860ms tc=Y drp=0mm tcq=0
15:30:26.703 [ISOBUS] addr=0x81 claimed=Y load=14.0% msgs=43611 aiso=1208(1229819ms) xte=0.00m spd=0.00m/s q=0 ggaAge=100 vtgAge=99 xteAge=1229819 xteraw=80:510302FF0D080BFF vt=Y(21/22) vtstat=1206/860ms tc=Y drp=0mm tcq=0
15:30:27.695 [ISOBUS] addr=0x81 claimed=Y load=14.2% msgs=43652 aiso=1209(1230819ms) xte=0.00m spd=0.00m/s q=0 ggaAge=99 vtgAge=99 xteAge=1230819 xteraw=80:510302FF0D080BFF vt=Y(21/22) vtstat=1207/859ms tc=Y drp=0mm tcq=0
15:30:28.700 [ISOBUS] addr=0x81 claimed=Y load=14.0% msgs=43693 aiso=1210(1231819ms) xte=0.00m spd=0.00m/s q=0 ggaAge=100 vtgAge=100 xteAge=1231819 xteraw=80:510302FF0D080BFF vt=Y(21/22) vtstat=1208/858ms tc=Y drp=0mm tcq=0
15:30:29.672 [ISOBUS] addr=0x81 claimed=Y load=14.2% msgs=43734 aiso=1211(1232819ms) xte=0.00m spd=0.00m/s q=0 ggaAge=100 vtgAge=99 xteAge=1232819 xteraw=80:510302FF0D080BFF vt=Y(21/22) vtstat=1209/858ms tc=Y drp=0mm tcq=0
15:30:30.691 [ISOBUS] addr=0x81 claimed=Y load=14.0% msgs=43775 aiso=1212(1233819ms) xte=0.00m spd=0.00m/s q=0 ggaAge=91 vtgAge=91 xteAge=1233819 xteraw=80:510302FF0D080BFF vt=Y(21/22) vtstat=1210/857ms tc=Y drp=0mm tcq=0
15:30:31.688 [ISOBUS] addr=0x81 claimed=Y load=14.2% msgs=43816 aiso=1213(1234819ms) xte=0.00m spd=0.00m/s q=0 ggaAge=100 vtgAge=100 xteAge=1234819 xteraw=80:510302FF0D080BFF vt=Y(21/22) vtstat=1211/857ms tc=Y drp=0mm tcq=0
15:30:32.689 [ISOBUS] addr=0x81 claimed=Y load=14.5% msgs=43861 aiso=1214(1235819ms) xte=0.00m spd=0.00m/s q=0 ggaAge=100 vtgAge=99 xteAge=1235819 xteraw=80:510302FF0D080BFF vt=Y(21/22) vtstat=1212/856ms tc=Y drp=0mm tcq=0
15:30:33.688 [ISOBUS] addr=0x81 claimed=Y load=14.2% msgs=43902 aiso=1215(1236819ms) xte=0.00m spd=0.00m/s q=0 ggaAge=100 vtgAge=100 xteAge=1236819 xteraw=80:510302FF0D080BFF vt=Y(21/22) vtstat=1213/856ms tc=Y drp=0mm tcq=0
15:30:34.682 [ISOBUS] addr=0x81 claimed=Y load=14.0% msgs=43943 aiso=1216(1237819ms) xte=0.00m spd=0.00m/s q=0 ggaAge=100 vtgAge=100 xteAge=1237819 xteraw=80:510302FF0D080BFF vt=Y(21/22) vtstat=1214/855ms tc=Y drp=0mm tcq=0
15:30:35.689 [ISOBUS] addr=0x81 claimed=Y load=14.2% msgs=43984 aiso=1217(1238819ms) xte=0.00m spd=0.00m/s q=0 ggaAge=100 vtgAge=99 xteAge=1238819 xteraw=80:510302FF0D080BFF vt=Y(21/22) vtstat=1215/854ms tc=Y drp=0mm tcq=0
15:30:36.697 [ISOBUS] addr=0x81 claimed=Y load=14.0% msgs=44025 aiso=1218(1239819ms) xte=0.00m spd=0.00m/s q=0 ggaAge=99 vtgAge=99 xteAge=1239819 xteraw=80:510302FF0D080BFF vt=Y(21/22) vtstat=1216/854ms tc=Y drp=0mm tcq=0
15:30:37.673 [ISOBUS] addr=0x81 claimed=Y load=14.2% msgs=44066 aiso=1219(1240819ms) xte=0.00m spd=0.00m/s q=0 ggaAge=100 vtgAge=99 xteAge=1240819 xteraw=80:510302FF0D080BFF vt=Y(21/22) vtstat=1217/853ms tc=Y drp=0mm tcq=0
15:30:38.694 [ISOBUS] addr=0x81 claimed=Y load=14.0% msgs=44107 aiso=1220(1241819ms) xte=0.00m spd=0.00m/s q=0 ggaAge=100 vtgAge=99 xteAge=1241819 xteraw=80:510302FF0D080BFF vt=Y(21/22) vtstat=1218/852ms tc=Y drp=0mm tcq=0
15:30:39.697 [ISOBUS] addr=0x81 claimed=Y load=14.2% msgs=44148 aiso=1221(1242819ms) xte=0.00m spd=0.00m/s q=0 ggaAge=100 vtgAge=100 xteAge=1242819 xteraw=80:510302FF0D080BFF vt=Y(21/22) vtstat=1219/852ms tc=Y drp=0mm tcq=0
15:30:40.673 [ISOBUS] addr=0x81 claimed=Y load=14.0% msgs=44189 aiso=1222(1243819ms) xte=0.00m spd=0.00m/s q=0 ggaAge=99 vtgAge=99 xteAge=1243819 xteraw=80:510302FF0D080BFF vt=Y(21/22) vtstat=1220/851ms tc=Y drp=0mm tcq=0
15:30:41.675 [ISOBUS] addr=0x81 claimed=Y load=14.2% msgs=44230 aiso=1223(1244819ms) xte=0.00m spd=0.00m/s q=0 ggaAge=99 vtgAge=98 xteAge=1244819 xteraw=80:510302FF0D080BFF vt=Y(21/22) vtstat=1221/851ms tc=Y drp=0mm tcq=0
15:30:42.685 [ISOBUS] addr=0x81 claimed=Y load=14.5% msgs=44275 aiso=1224(1245819ms) xte=0.00m spd=0.00m/s q=0 ggaAge=99 vtgAge=98 xteAge=1245819 xteraw=80:510302FF0D080BFF vt=Y(21/22) vtstat=1222/850ms tc=Y drp=0mm tcq=0
15:30:43.693 [ISOBUS] addr=0x81 claimed=Y load=14.2% msgs=44316 aiso=1225(1246819ms) xte=0.00m spd=0.00m/s q=0 ggaAge=99 vtgAge=99 xteAge=1246819 xteraw=80:510302FF0D080BFF vt=Y(21/22) vtstat=1223/850ms tc=Y drp=0mm tcq=0
15:30:44.687 [ISOBUS] addr=0x81 claimed=Y load=14.0% msgs=44357 aiso=1226(1247819ms) xte=0.00m spd=0.00m/s q=0 ggaAge=99 vtgAge=99 xteAge=1247819 xteraw=80:510302FF0D080BFF vt=Y(21/22) vtstat=1224/849ms tc=Y drp=0mm tcq=0
15:30:45.702 [ISOBUS] addr=0x81 claimed=Y load=14.2% msgs=44398 aiso=1227(1248819ms) xte=0.00m spd=0.00m/s q=0 ggaAge=99 vtgAge=98 xteAge=1248819 xteraw=80:510302FF0D080BFF vt=Y(21/22) vtstat=1225/848ms tc=Y drp=0mm tcq=0
15:30:46.676 [ISOBUS] addr=0x81 claimed=Y load=14.0% msgs=44439 aiso=1228(1249819ms) xte=0.00m spd=0.00m/s q=0 ggaAge=99 vtgAge=99 xteAge=1249819 xteraw=80:510302FF0D080BFF vt=Y(21/22) vtstat=1226/848ms tc=Y drp=0mm tcq=0
15:30:47.674 [ISOBUS] addr=0x81 claimed=Y load=14.2% msgs=44480 aiso=1229(1250819ms) xte=0.00m spd=0.00m/s q=0 ggaAge=99 vtgAge=99 xteAge=1250819 xteraw=80:510302FF0D080BFF vt=Y(21/22) vtstat=1227/847ms tc=Y drp=0mm tcq=0
15:30:48.703 [ISOBUS] addr=0x81 claimed=Y load=14.0% msgs=44521 aiso=1230(1251819ms) xte=0.00m spd=0.00m/s q=0 ggaAge=100 vtgAge=99 xteAge=1251819 xteraw=80:510302FF0D080BFF vt=Y(21/22) vtstat=1228/846ms tc=Y drp=0mm tcq=0
15:30:49.714 [ISOBUS] addr=0x81 claimed=Y load=14.2% msgs=44562 aiso=1231(1252819ms) xte=0.00m spd=0.00m/s q=0 ggaAge=100 vtgAge=100 xteAge=1252819 xteraw=80:510302FF0D080BFF vt=Y(21/22) vtstat=1229/846ms tc=Y drp=0mm tcq=0
15:30:50.686 [ISOBUS] addr=0x81 claimed=Y load=14.0% msgs=44603 aiso=1232(1253819ms) xte=0.00m spd=0.00m/s q=0 ggaAge=99 vtgAge=98 xteAge=1253819 xteraw=80:510302FF0D080BFF vt=Y(21/22) vtstat=1230/844ms tc=Y drp=0mm tcq=0
15:30:51.682 [ISOBUS] addr=0x81 claimed=Y load=14.2% msgs=44644 aiso=1233(1254819ms) xte=0.00m spd=0.00m/s q=0 ggaAge=99 vtgAge=99 xteAge=1254819 xteraw=80:510302FF0D080BFF vt=Y(21/22) vtstat=1231/844ms tc=Y drp=0mm tcq=0
15:30:52.679 [ISOBUS] addr=0x81 claimed=Y load=14.5% msgs=44689 aiso=1234(1255819ms) xte=0.00m spd=0.00m/s q=0 ggaAge=99 vtgAge=99 xteAge=1255819 xteraw=80:510302FF0D080BFF vt=Y(21/22) vtstat=1232/844ms tc=Y drp=0mm tcq=0
15:30:53.690 [ISOBUS] addr=0x81 claimed=Y load=14.2% msgs=44730 aiso=1235(1256819ms) xte=0.00m spd=0.00m/s q=0 ggaAge=99 vtgAge=99 xteAge=1256819 xteraw=80:510302FF0D080BFF vt=Y(21/22) vtstat=1233/843ms tc=Y drp=0mm tcq=0
15:30:54.694 [ISOBUS] addr=0x81 claimed=Y load=14.0% msgs=44771 aiso=1236(1257819ms) xte=0.00m spd=0.00m/s q=0 ggaAge=100 vtgAge=99 xteAge=1257819 xteraw=80:510302FF0D080BFF vt=Y(21/22) vtstat=1234/843ms tc=Y drp=0mm tcq=0
15:30:55.683 [ISOBUS] addr=0x81 claimed=Y load=14.2% msgs=44812 aiso=1237(1258819ms) xte=0.00m spd=0.00m/s q=0 ggaAge=100 vtgAge=99 xteAge=1258819 xteraw=80:510302FF0D080BFF vt=Y(21/22) vtstat=1235/842ms tc=Y drp=0mm tcq=0
15:30:56.686 [ISOBUS] addr=0x81 claimed=Y load=14.0% msgs=44853 aiso=1238(1259819ms) xte=0.00m spd=0.00m/s q=0 ggaAge=100 vtgAge=99 xteAge=1259819 xteraw=80:510302FF0D080BFF vt=Y(21/22) vtstat=1236/841ms tc=Y drp=0mm tcq=0
15:30:57.685 [ISOBUS] addr=0x81 claimed=Y load=14.2% msgs=44894 aiso=1239(1260819ms) xte=0.00m spd=0.00m/s q=0 ggaAge=100 vtgAge=99 xteAge=1260819 xteraw=80:510302FF0D080BFF vt=Y(21/22) vtstat=1237/841ms tc=Y drp=0mm tcq=0
15:30:58.684 [ISOBUS] addr=0x81 claimed=Y load=14.0% msgs=44935 aiso=1240(1261819ms) xte=0.00m spd=0.00m/s q=0 ggaAge=99 vtgAge=99 xteAge=1261819 xteraw=80:510302FF0D080BFF vt=Y(21/22) vtstat=1238/840ms tc=Y drp=0mm tcq=0
15:30:59.689 [ISOBUS] addr=0x81 claimed=Y load=14.2% msgs=44976 aiso=1241(1262819ms) xte=0.00m spd=0.00m/s q=0 ggaAge=100 vtgAge=100 xteAge=1262819 xteraw=80:510302FF0D080BFF vt=Y(21/22) vtstat=1239/840ms tc=Y drp=0mm tcq=0
15:31:00.134 I] [NM]: Control function with address 205 and NAME 000000000000000lx is now offline on channel 198344577.
15:31:00.709 [ISOBUS] addr=0x81 claimed=Y load=14.0% msgs=45017 aiso=1242(1263819ms) xte=0.00m spd=0.00m/s q=0 ggaAge=100 vtgAge=100 xteAge=1263819 xteraw=80:510302FF0D080BFF vt=Y(21/22) vtstat=1240/839ms tc=Y drp=0mm tcq=0
15:31:01.393 I] [NM]: External control function with name 000000000000000lx has claimed address 198344577 on channel 2684363008.
15:31:01.691 [ISOBUS] addr=0x81 claimed=Y load=14.2% msgs=45058 aiso=1243(1264819ms) xte=0.00m spd=0.00m/s q=0 ggaAge=99 vtgAge=99 xteAge=1264819 xteraw=80:510302FF0D090BFF vt=Y(21/22) vtstat=1241/839ms tc=Y drp=0mm tcq=0
15:31:02.689 [ISOBUS] addr=0x81 claimed=Y load=14.5% msgs=45103 aiso=1244(1265819ms) xte=0.00m spd=0.00m/s q=0 ggaAge=99 vtgAge=99 xteAge=1265819 xteraw=80:510302FF0D090BFF vt=Y(21/22) vtstat=1242/838ms tc=Y drp=0mm tcq=0
15:31:03.680 [ISOBUS] addr=0x81 claimed=Y load=14.2% msgs=45144 aiso=1245(1266819ms) xte=0.00m spd=0.00m/s q=0 ggaAge=99 vtgAge=99 xteAge=1266819 xteraw=80:510302FF0D090BFF vt=Y(21/22) vtstat=1243/837ms tc=Y drp=0mm tcq=0
15:31:04.699 [ISOBUS] addr=0x81 claimed=Y load=14.0% msgs=45185 aiso=1246(1267819ms) xte=0.00m spd=0.00m/s q=0 ggaAge=99 vtgAge=99 xteAge=1267819 xteraw=80:510302FF0D090BFF vt=Y(21/22) vtstat=1244/836ms tc=Y drp=0mm tcq=0
15:31:05.690 [ISOBUS] addr=0x81 claimed=Y load=14.2% msgs=45226 aiso=1247(1268819ms) xte=0.00m spd=0.00m/s q=0 ggaAge=99 vtgAge=99 xteAge=1268819 xteraw=80:510302FF0D090BFF vt=Y(21/22) vtstat=1245/836ms tc=Y drp=0mm tcq=0
15:31:06.683 [ISOBUS] addr=0x81 claimed=Y load=14.0% msgs=45267 aiso=1248(1269819ms) xte=0.00m spd=0.00m/s q=0 ggaAge=100 vtgAge=100 xteAge=1269819 xteraw=80:510302FF0D090BFF vt=Y(21/22) vtstat=1246/834ms tc=Y drp=0mm tcq=0
15:31:07.686 [ISOBUS] addr=0x81 claimed=Y load=14.2% msgs=45308 aiso=1249(1270819ms) xte=0.00m spd=0.00m/s q=0 ggaAge=100 vtgAge=99 xteAge=1270819 xteraw=80:510302FF0D090BFF vt=Y(21/22) vtstat=1247/834ms tc=Y drp=0mm tcq=0
15:31:08.694 [ISOBUS] addr=0x81 claimed=Y load=14.0% msgs=45349 aiso=1250(1271819ms) xte=0.00m spd=0.00m/s q=0 ggaAge=99 vtgAge=99 xteAge=1271819 xteraw=80:510302FF0D090BFF vt=Y(21/22) vtstat=1248/834ms tc=Y drp=0mm tcq=0
15:31:09.699 [ISOBUS] addr=0x81 claimed=Y load=14.2% msgs=45390 aiso=1251(1272819ms) xte=0.00m spd=0.00m/s q=0 ggaAge=99 vtgAge=99 xteAge=1272819 xteraw=80:510302FF0D080BFF vt=Y(21/22) vtstat=1249/833ms tc=Y drp=0mm tcq=0
15:31:10.678 [ISOBUS] addr=0x81 claimed=Y load=14.0% msgs=45431 aiso=1252(1273819ms) xte=0.00m spd=0.00m/s q=0 ggaAge=99 vtgAge=99 xteAge=1273819 xteraw=80:510302FF0D080BFF vt=Y(21/22) vtstat=1250/833ms tc=Y drp=0mm tcq=0
15:31:11.704 [ISOBUS] addr=0x81 claimed=Y load=14.2% msgs=45472 aiso=1253(1274819ms) xte=0.00m spd=0.00m/s q=0 ggaAge=99 vtgAge=99 xteAge=1274819 xteraw=80:510302FF0D090BFF vt=Y(21/22) vtstat=1251/832ms tc=Y drp=0mm tcq=0
15:31:12.703 [ISOBUS] addr=0x81 claimed=Y load=14.5% msgs=45517 aiso=1254(1275819ms) xte=0.00m spd=0.00m/s q=0 ggaAge=100 vtgAge=99 xteAge=1275819 xteraw=80:510302FF0D090BFF vt=Y(21/22) vtstat=1252/831ms tc=Y drp=0mm tcq=0
15:31:13.686 [ISOBUS] addr=0x81 claimed=Y load=14.2% msgs=45558 aiso=1255(1276819ms) xte=0.00m spd=0.00m/s q=0 ggaAge=100 vtgAge=99 xteAge=1276819 xteraw=80:510302FF0D090BFF vt=Y(21/22) vtstat=1253/831ms tc=Y drp=0mm tcq=0
15:31:14.689 [ISOBUS] addr=0x81 claimed=Y load=14.0% msgs=45599 aiso=1256(1277819ms) xte=0.00m spd=0.00m/s q=0 ggaAge=100 vtgAge=99 xteAge=1277819 xteraw=80:510302FF0D090BFF vt=Y(21/22) vtstat=1254/830ms tc=Y drp=0mm tcq=0
15:31:15.711 [ISOBUS] addr=0x81 claimed=Y load=14.2% msgs=45640 aiso=1257(1278819ms) xte=0.00m spd=0.00m/s q=0 ggaAge=100 vtgAge=99 xteAge=1278819 xteraw=80:510302FF0D090BFF vt=Y(21/22) vtstat=1255/830ms tc=Y drp=0mm tcq=0
15:31:16.695 [ISOBUS] addr=0x81 claimed=Y load=14.0% msgs=45681 aiso=1258(1279819ms) xte=0.00m spd=0.00m/s q=0 ggaAge=99 vtgAge=98 xteAge=1279819 xteraw=80:510302FF0D090BFF vt=Y(21/22) vtstat=1256/829ms tc=Y drp=0mm tcq=0
15:31:17.682 [ISOBUS] addr=0x81 claimed=Y load=14.2% msgs=45722 aiso=1259(1280819ms) xte=0.00m spd=0.00m/s q=0 ggaAge=99 vtgAge=98 xteAge=1280819 xteraw=80:510302FF0D090BFF vt=Y(21/22) vtstat=1257/829ms tc=Y drp=0mm tcq=0
15:31:18.698 [ISOBUS] addr=0x81 claimed=Y load=14.0% msgs=45763 aiso=1260(1281819ms) xte=0.00m spd=0.00m/s q=0 ggaAge=100 vtgAge=99 xteAge=1281819 xteraw=80:510302FF0D090BFF vt=Y(21/22) vtstat=1258/828ms tc=Y drp=0mm tcq=0
15:31:19.696 [ISOBUS] addr=0x81 claimed=Y load=14.2% msgs=45804 aiso=1261(1282819ms) xte=0.00m spd=0.00m/s q=0 ggaAge=99 vtgAge=99 xteAge=1282819 xteraw=80:510302FF0D090BFF vt=Y(21/22) vtstat=1259/827ms tc=Y drp=0mm tcq=0
15:31:20.686 [ISOBUS] addr=0x81 claimed=Y load=14.0% msgs=45845 aiso=1262(1283819ms) xte=0.00m spd=0.00m/s q=0 ggaAge=100 vtgAge=99 xteAge=1283819 xteraw=80:510302FF0D090BFF vt=Y(21/22) vtstat=1260/827ms tc=Y drp=0mm tcq=0
15:31:21.673 [ISOBUS] addr=0x81 claimed=Y load=14.2% msgs=45886 aiso=1263(1284819ms) xte=0.00m spd=0.00m/s q=0 ggaAge=100 vtgAge=99 xteAge=1284819 xteraw=80:510302FF0D090BFF vt=Y(21/22) vtstat=1261/826ms tc=Y drp=0mm tcq=0
15:31:22.683 [ISOBUS] addr=0x81 claimed=Y load=14.5% msgs=45931 aiso=1264(1285819ms) xte=0.00m spd=0.00m/s q=0 ggaAge=100 vtgAge=99 xteAge=1285819 xteraw=80:510302FF0D090BFF vt=Y(21/22) vtstat=1262/825ms tc=Y drp=0mm tcq=0
15:31:23.687 [ISOBUS] addr=0x81 claimed=Y load=14.2% msgs=45972 aiso=1265(1286819ms) xte=0.00m spd=0.00m/s q=0 ggaAge=100 vtgAge=99 xteAge=1286819 xteraw=80:510302FF0D090BFF vt=Y(21/22) vtstat=1263/824ms tc=Y drp=0mm tcq=0
15:31:24.676 [ISOBUS] addr=0x81 claimed=Y load=14.0% msgs=46013 aiso=1266(1287819ms) xte=0.00m spd=0.00m/s q=0 ggaAge=100 vtgAge=99 xteAge=1287819 xteraw=80:510302FF0D090BFF vt=Y(21/22) vtstat=1264/824ms tc=Y drp=0mm tcq=0
15:31:25.697 [ISOBUS] addr=0x81 claimed=Y load=14.2% msgs=46054 aiso=1267(1288819ms) xte=0.00m spd=0.00m/s q=0 ggaAge=99 vtgAge=99 xteAge=1288819 xteraw=80:510302FF0D090BFF vt=Y(21/22) vtstat=1265/823ms tc=Y drp=0mm tcq=0
15:31:26.695 [ISOBUS] addr=0x81 claimed=Y load=14.0% msgs=46095 aiso=1268(1289819ms) xte=0.00m spd=0.00m/s q=0 ggaAge=100 vtgAge=99 xteAge=1289819 xteraw=80:510302FF0D090BFF vt=Y(21/22) vtstat=1266/823ms tc=Y drp=0mm tcq=0
15:31:27.711 [ISOBUS] addr=0x81 claimed=Y load=14.2% msgs=46136 aiso=1269(1290819ms) xte=0.00m spd=0.00m/s q=0 ggaAge=100 vtgAge=99 xteAge=1290819 xteraw=80:510302FF0D080BFF vt=Y(21/22) vtstat=1267/822ms tc=Y drp=0mm tcq=0
15:31:28.703 [ISOBUS] addr=0x81 claimed=Y load=14.0% msgs=46177 aiso=1270(1291819ms) xte=0.00m spd=0.00m/s q=0 ggaAge=99 vtgAge=99 xteAge=1291819 xteraw=80:510302FF0D080BFF vt=Y(21/22) vtstat=1268/821ms tc=Y drp=0mm tcq=0
15:31:29.683 [ISOBUS] addr=0x81 claimed=Y load=14.2% msgs=46218 aiso=1271(1292819ms) xte=0.00m spd=0.00m/s q=0 ggaAge=100 vtgAge=99 xteAge=1292819 xteraw=80:510302FF0D080BFF vt=Y(21/22) vtstat=1269/821ms tc=Y drp=0mm tcq=0
15:31:30.692 [ISOBUS] addr=0x81 claimed=Y load=14.0% msgs=46259 aiso=1272(1293819ms) xte=0.00m spd=0.00m/s q=0 ggaAge=99 vtgAge=99 xteAge=1293819 xteraw=80:510302FF0D080BFF vt=Y(21/22) vtstat=1270/820ms tc=Y drp=0mm tcq=0
15:31:31.702 [ISOBUS] addr=0x81 claimed=Y load=14.2% msgs=46300 aiso=1273(1294819ms) xte=0.00m spd=0.00m/s q=0 ggaAge=100 vtgAge=99 xteAge=1294819 xteraw=80:510302FF0D080BFF vt=Y(21/22) vtstat=1271/820ms tc=Y drp=0mm tcq=0
15:31:32.691 [ISOBUS] addr=0x81 claimed=Y load=14.5% msgs=46345 aiso=1274(1295819ms) xte=0.00m spd=0.00m/s q=0 ggaAge=99 vtgAge=98 xteAge=1295819 xteraw=80:510302FF0D080BFF vt=Y(21/22) vtstat=1272/819ms tc=Y drp=0mm tcq=0
15:31:33.688 [ISOBUS] addr=0x81 claimed=Y load=14.2% msgs=46386 aiso=1275(1296819ms) xte=0.00m spd=0.00m/s q=0 ggaAge=100 vtgAge=99 xteAge=1296819 xteraw=80:510302FF0D080BFF vt=Y(21/22) vtstat=1273/818ms tc=Y drp=0mm tcq=0
15:31:34.683 [ISOBUS] addr=0x81 claimed=Y load=14.0% msgs=46427 aiso=1276(1297819ms) xte=0.00m spd=0.00m/s q=0 ggaAge=99 vtgAge=99 xteAge=1297819 xteraw=80:510302FF0D080BFF vt=Y(21/22) vtstat=1274/818ms tc=Y drp=0mm tcq=0
15:31:35.675 [ISOBUS] addr=0x81 claimed=Y load=14.2% msgs=46468 aiso=1277(1298819ms) xte=0.00m spd=0.00m/s q=0 ggaAge=99 vtgAge=99 xteAge=1298819 xteraw=80:510302FF0D080BFF vt=Y(21/22) vtstat=1275/817ms tc=Y drp=0mm tcq=0
15:31:36.686 [ISOBUS] addr=0x81 claimed=Y load=14.0% msgs=46509 aiso=1278(1299819ms) xte=0.00m spd=0.00m/s q=0 ggaAge=99 vtgAge=99 xteAge=1299819 xteraw=80:510302FF0D080BFF vt=Y(21/22) vtstat=1276/816ms tc=Y drp=0mm tcq=0
15:31:37.698 [ISOBUS] addr=0x81 claimed=Y load=14.2% msgs=46550 aiso=1279(1300819ms) xte=0.00m spd=0.00m/s q=0 ggaAge=100 vtgAge=99 xteAge=1300819 xteraw=80:510302FF0D080BFF vt=Y(21/22) vtstat=1277/816ms tc=Y drp=0mm tcq=0
15:31:38.682 [ISOBUS] addr=0x81 claimed=Y load=14.0% msgs=46591 aiso=1280(1301819ms) xte=0.00m spd=0.00m/s q=0 ggaAge=99 vtgAge=99 xteAge=1301819 xteraw=80:510302FF0D080BFF vt=Y(21/22) vtstat=1278/815ms tc=Y drp=0mm tcq=0
15:31:39.678 [ISOBUS] addr=0x81 claimed=Y load=14.3% msgs=46632 aiso=1281(1302819ms) xte=0.00m spd=0.00m/s q=0 ggaAge=99 vtgAge=99 xteAge=1302819 xteraw=80:510302FF0D080BFF vt=Y(21/22) vtstat=1279/813ms tc=Y drp=0mm tcq=0
15:31:40.683 [ISOBUS] addr=0x81 claimed=Y load=14.0% msgs=46673 aiso=1282(1303819ms) xte=0.00m spd=0.00m/s q=0 ggaAge=99 vtgAge=98 xteAge=1303819 xteraw=80:510302FF0D080BFF vt=Y(21/22) vtstat=1280/813ms tc=Y drp=0mm tcq=0
15:31:41.709 [ISOBUS] addr=0x81 claimed=Y load=14.2% msgs=46714 aiso=1283(1304819ms) xte=0.00m spd=0.00m/s q=0 ggaAge=100 vtgAge=99 xteAge=1304819 xteraw=80:510302FF0D080BFF vt=Y(21/22) vtstat=1281/813ms tc=Y drp=0mm tcq=0
15:31:42.683 [ISOBUS] addr=0x81 claimed=Y load=14.5% msgs=46759 aiso=1284(1305819ms) xte=0.00m spd=0.00m/s q=0 ggaAge=100 vtgAge=99 xteAge=1305819 xteraw=80:510302FF0D080BFF vt=Y(21/22) vtstat=1282/812ms tc=Y drp=0mm tcq=0
15:31:43.681 [ISOBUS] addr=0x81 claimed=Y load=14.2% msgs=46800 aiso=1285(1306819ms) xte=0.00m spd=0.00m/s q=0 ggaAge=99 vtgAge=99 xteAge=1306819 xteraw=80:510302FF0D080BFF vt=Y(21/22) vtstat=1283/812ms tc=Y drp=0mm tcq=0
15:31:44.690 [ISOBUS] addr=0x81 claimed=Y load=14.0% msgs=46841 aiso=1286(1307819ms) xte=0.00m spd=0.00m/s q=0 ggaAge=99 vtgAge=99 xteAge=1307819 xteraw=80:510302FF0D080BFF vt=Y(21/22) vtstat=1284/811ms tc=Y drp=0mm tcq=0
15:31:45.688 [ISOBUS] addr=0x81 claimed=Y load=14.2% msgs=46882 aiso=1287(1308819ms) xte=0.00m spd=0.00m/s q=0 ggaAge=100 vtgAge=99 xteAge=1308819 xteraw=80:510302FF0D080BFF vt=Y(21/22) vtstat=1285/811ms tc=Y drp=0mm tcq=0
15:31:46.135 I] [NM]: Control function with address 205 and NAME 000000000000000lx is now offline on channel 198344577.
15:31:46.700 [ISOBUS] addr=0x81 claimed=Y load=14.0% msgs=46923 aiso=1288(1309819ms) xte=0.00m spd=0.00m/s q=0 ggaAge=99 vtgAge=99 xteAge=1309819 xteraw=80:510302FF0D080BFF vt=Y(21/22) vtstat=1286/810ms tc=Y drp=0mm tcq=0
15:31:47.391 I] [NM]: External control function with name 000000000000000lx has claimed address 198344577 on channel 2684363008.
15:31:47.685 [ISOBUS] addr=0x81 claimed=Y load=14.2% msgs=46964 aiso=1289(1310819ms) xte=0.00m spd=0.00m/s q=0 ggaAge=100 vtgAge=99 xteAge=1310819 xteraw=80:510302FF0D080BFF vt=Y(21/22) vtstat=1287/809ms tc=Y drp=0mm tcq=0
15:31:48.691 [ISOBUS] addr=0x81 claimed=Y load=14.0% msgs=47005 aiso=1290(1311819ms) xte=0.00m spd=0.00m/s q=0 ggaAge=99 vtgAge=98 xteAge=1311819 xteraw=80:510302FF0D080BFF vt=Y(21/22) vtstat=1288/809ms tc=Y drp=0mm tcq=0
15:31:49.673 [ISOBUS] addr=0x81 claimed=Y load=14.2% msgs=47046 aiso=1291(1312819ms) xte=0.00m spd=0.00m/s q=0 ggaAge=99 vtgAge=99 xteAge=1312819 xteraw=80:510302FF0D080BFF vt=Y(21/22) vtstat=1289/808ms tc=Y drp=0mm tcq=0
15:31:50.681 [ISOBUS] addr=0x81 claimed=Y load=14.0% msgs=47087 aiso=1292(1313819ms) xte=0.00m spd=0.00m/s q=0 ggaAge=100 vtgAge=99 xteAge=1313819 xteraw=80:510302FF0D080BFF vt=Y(21/22) vtstat=1290/807ms tc=Y drp=0mm tcq=0
15:31:51.675 [ISOBUS] addr=0x81 claimed=Y load=14.2% msgs=47128 aiso=1293(1314819ms) xte=0.00m spd=0.00m/s q=0 ggaAge=99 vtgAge=98 xteAge=1314819 xteraw=80:510302FF0D080BFF vt=Y(21/22) vtstat=1291/807ms tc=Y drp=0mm tcq=0
15:31:52.680 [ISOBUS] addr=0x81 claimed=Y load=14.5% msgs=47173 aiso=1294(1315819ms) xte=0.00m spd=0.00m/s q=0 ggaAge=99 vtgAge=99 xteAge=1315819 xteraw=80:510302FF0D080BFF vt=Y(21/22) vtstat=1292/806ms tc=Y drp=0mm tcq=0
15:31:53.677 [ISOBUS] addr=0x81 claimed=Y load=14.2% msgs=47214 aiso=1295(1316819ms) xte=0.00m spd=0.00m/s q=0 ggaAge=99 vtgAge=99 xteAge=1316819 xteraw=80:510302FF0D080BFF vt=Y(21/22) vtstat=1293/806ms tc=Y drp=0mm tcq=0
15:31:54.681 [ISOBUS] addr=0x81 claimed=Y load=14.0% msgs=47255 aiso=1296(1317819ms) xte=0.00m spd=0.00m/s q=0 ggaAge=99 vtgAge=99 xteAge=1317819 xteraw=80:510302FF0D080BFF vt=Y(21/22) vtstat=1294/804ms tc=Y drp=0mm tcq=0
15:31:55.679 [ISOBUS] addr=0x81 claimed=Y load=14.2% msgs=47296 aiso=1297(1318819ms) xte=0.00m spd=0.00m/s q=0 ggaAge=100 vtgAge=99 xteAge=1318819 xteraw=80:510302FF0D080BFF vt=Y(21/22) vtstat=1295/804ms tc=Y drp=0mm tcq=0
15:31:56.686 [ISOBUS] addr=0x81 claimed=Y load=14.0% msgs=47337 aiso=1298(1319819ms) xte=0.00m spd=0.00m/s q=0 ggaAge=99 vtgAge=99 xteAge=1319819 xteraw=80:510302FF0D080BFF vt=Y(21/22) vtstat=1296/804ms tc=Y drp=0mm tcq=0
15:31:57.687 [ISOBUS] addr=0x81 claimed=Y load=14.2% msgs=47378 aiso=1299(1320819ms) xte=0.00m spd=0.00m/s q=0 ggaAge=100 vtgAge=99 xteAge=1320819 xteraw=80:510302FF0D080BFF vt=Y(21/22) vtstat=1297/803ms tc=Y drp=0mm tcq=0
15:31:58.677 [ISOBUS] addr=0x81 claimed=Y load=14.0% msgs=47419 aiso=1300(1321819ms) xte=0.00m spd=0.00m/s q=0 ggaAge=99 vtgAge=99 xteAge=1321819 xteraw=80:510302FF0D080BFF vt=Y(21/22) vtstat=1298/802ms tc=Y drp=0mm tcq=0
15:31:59.676 [ISOBUS] addr=0x81 claimed=Y load=14.2% msgs=47460 aiso=1301(1322819ms) xte=0.00m spd=0.00m/s q=0 ggaAge=99 vtgAge=99 xteAge=1322819 xteraw=80:510302FF0D080BFF vt=Y(21/22) vtstat=1299/802ms tc=Y drp=0mm tcq=0
15:32:00.707 [ISOBUS] addr=0x81 claimed=Y load=14.0% msgs=47501 aiso=1302(1323819ms) xte=0.00m spd=0.00m/s q=0 ggaAge=99 vtgAge=99 xteAge=1323819 xteraw=80:510302FF0D080BFF vt=Y(21/22) vtstat=1300/801ms tc=Y drp=0mm tcq=0
15:32:01.681 [ISOBUS] addr=0x81 claimed=Y load=14.2% msgs=47542 aiso=1303(1324819ms) xte=0.00m spd=0.00m/s q=0 ggaAge=100 vtgAge=99 xteAge=1324819 xteraw=80:510302FF0D080BFF vt=Y(21/22) vtstat=1301/801ms tc=Y drp=0mm tcq=0
15:32:02.695 [ISOBUS] addr=0x81 claimed=Y load=14.5% msgs=47587 aiso=1304(1325819ms) xte=0.00m spd=0.00m/s q=0 ggaAge=99 vtgAge=98 xteAge=1325819 xteraw=80:510302FF0D080BFF vt=Y(21/22) vtstat=1302/800ms tc=Y drp=0mm tcq=0
15:32:03.685 [ISOBUS] addr=0x81 claimed=Y load=14.2% msgs=47628 aiso=1305(1326819ms) xte=0.00m spd=0.00m/s q=0 ggaAge=99 vtgAge=99 xteAge=1326819 xteraw=80:510302FF0D080BFF vt=Y(21/22) vtstat=1303/799ms tc=Y drp=0mm tcq=0
15:32:04.683 [ISOBUS] addr=0x81 claimed=Y load=14.0% msgs=47669 aiso=1306(1327819ms) xte=0.00m spd=0.00m/s q=0 ggaAge=99 vtgAge=98 xteAge=1327819 xteraw=80:510302FF0D080BFF vt=Y(21/22) vtstat=1304/798ms tc=Y drp=0mm tcq=0
15:32:05.704 [ISOBUS] addr=0x81 claimed=Y load=14.2% msgs=47710 aiso=1307(1328819ms) xte=0.00m spd=0.00m/s q=0 ggaAge=100 vtgAge=99 xteAge=1328819 xteraw=80:510302FF0D080BFF vt=Y(21/22) vtstat=1305/798ms tc=Y drp=0mm tcq=0
15:32:06.677 [ISOBUS] addr=0x81 claimed=Y load=14.0% msgs=47751 aiso=1308(1329819ms) xte=0.00m spd=0.00m/s q=0 ggaAge=99 vtgAge=99 xteAge=1329819 xteraw=80:510302FF0D080BFF vt=Y(21/22) vtstat=1306/797ms tc=Y drp=0mm tcq=0
15:32:07.689 [ISOBUS] addr=0x81 claimed=Y load=14.2% msgs=47792 aiso=1309(1330819ms) xte=0.00m spd=0.00m/s q=0 ggaAge=99 vtgAge=98 xteAge=1330819 xteraw=80:510302FF0D080BFF vt=Y(21/22) vtstat=1307/797ms tc=Y drp=0mm tcq=0
15:32:08.687 [ISOBUS] addr=0x81 claimed=Y load=14.0% msgs=47833 aiso=1310(1331819ms) xte=0.00m spd=0.00m/s q=0 ggaAge=99 vtgAge=99 xteAge=1331819 xteraw=80:510302FF0D080BFF vt=Y(21/22) vtstat=1308/796ms tc=Y drp=0mm tcq=0
15:32:09.681 [ISOBUS] addr=0x81 claimed=Y load=14.2% msgs=47874 aiso=1311(1332819ms) xte=0.00m spd=0.00m/s q=0 ggaAge=99 vtgAge=99 xteAge=1332819 xteraw=80:510302FF0D080BFF vt=Y(21/22) vtstat=1309/796ms tc=Y drp=0mm tcq=0
15:32:10.693 [ISOBUS] addr=0x81 claimed=Y load=14.0% msgs=47915 aiso=1312(1333819ms) xte=0.00m spd=0.00m/s q=0 ggaAge=99 vtgAge=98 xteAge=1333819 xteraw=80:510302FF0D080BFF vt=Y(21/22) vtstat=1310/795ms tc=Y drp=0mm tcq=0
15:32:11.701 [ISOBUS] addr=0x81 claimed=Y load=14.2% msgs=47956 aiso=1313(1334819ms) xte=0.00m spd=0.00m/s q=0 ggaAge=99 vtgAge=98 xteAge=1334819 xteraw=80:510302FF0D080BFF vt=Y(21/22) vtstat=1311/794ms tc=Y drp=0mm tcq=0
15:32:12.700 [ISOBUS] addr=0x81 claimed=Y load=14.5% msgs=48001 aiso=1314(1335819ms) xte=0.00m spd=0.00m/s q=0 ggaAge=99 vtgAge=98 xteAge=1335819 xteraw=80:510302FF0D080BFF vt=Y(21/22) vtstat=1312/792ms tc=Y drp=0mm tcq=0
15:32:13.689 [ISOBUS] addr=0x81 claimed=Y load=14.2% msgs=48042 aiso=1315(1336819ms) xte=0.00m spd=0.00m/s q=0 ggaAge=99 vtgAge=99 xteAge=1336819 xteraw=80:510302FF0D080BFF vt=Y(21/22) vtstat=1313/793ms tc=Y drp=0mm tcq=0
15:32:14.684 [ISOBUS] addr=0x81 claimed=Y load=14.0% msgs=48083 aiso=1316(1337819ms) xte=0.00m spd=0.00m/s q=0 ggaAge=100 vtgAge=99 xteAge=1337819 xteraw=80:510302FF0D080BFF vt=Y(21/22) vtstat=1314/792ms tc=Y drp=0mm tcq=0
15:32:15.694 [ISOBUS] addr=0x81 claimed=Y load=14.2% msgs=48124 aiso=1317(1338819ms) xte=0.00m spd=0.00m/s q=0 ggaAge=100 vtgAge=99 xteAge=1338819 xteraw=80:510302FF0D080BFF vt=Y(21/22) vtstat=1315/792ms tc=Y drp=0mm tcq=0
15:32:16.701 [ISOBUS] addr=0x81 claimed=Y load=14.0% msgs=48165 aiso=1318(1339819ms) xte=0.00m spd=0.00m/s q=0 ggaAge=100 vtgAge=99 xteAge=1339819 xteraw=80:510302FF0D080BFF vt=Y(21/22) vtstat=1316/791ms tc=Y drp=0mm tcq=0
15:32:17.686 [ISOBUS] addr=0x81 claimed=Y load=14.2% msgs=48206 aiso=1319(1340819ms) xte=0.00m spd=0.00m/s q=0 ggaAge=100 vtgAge=99 xteAge=1340819 xteraw=80:510302FF0D080BFF vt=Y(21/22) vtstat=1317/791ms tc=Y drp=0mm tcq=0
15:32:18.695 [ISOBUS] addr=0x81 claimed=Y load=14.0% msgs=48247 aiso=1320(1341819ms) xte=0.00m spd=0.00m/s q=0 ggaAge=99 vtgAge=99 xteAge=1341819 xteraw=80:510302FF0D080BFF vt=Y(21/22) vtstat=1318/790ms tc=Y drp=0mm tcq=0
15:32:19.688 [ISOBUS] addr=0x81 claimed=Y load=14.2% msgs=48288 aiso=1321(1342819ms) xte=0.00m spd=0.00m/s q=0 ggaAge=100 vtgAge=99 xteAge=1342819 xteraw=80:510302FF0D080BFF vt=Y(21/22) vtstat=1319/789ms tc=Y drp=0mm tcq=0
15:32:20.706 [ISOBUS] addr=0x81 claimed=Y load=14.0% msgs=48329 aiso=1322(1343819ms) xte=0.00m spd=0.00m/s q=0 ggaAge=99 vtgAge=99 xteAge=1343819 xteraw=80:510302FF0D080BFF vt=Y(21/22) vtstat=1320/788ms tc=Y drp=0mm tcq=0
15:32:21.688 [ISOBUS] addr=0x81 claimed=Y load=14.2% msgs=48370 aiso=1323(1344819ms) xte=0.00m spd=0.00m/s q=0 ggaAge=99 vtgAge=99 xteAge=1344819 xteraw=80:510302FF0D080BFF vt=Y(21/22) vtstat=1321/788ms tc=Y drp=0mm tcq=0
15:32:22.689 [ISOBUS] addr=0x81 claimed=Y load=14.5% msgs=48415 aiso=1324(1345819ms) xte=0.00m spd=0.00m/s q=0 ggaAge=100 vtgAge=99 xteAge=1345819 xteraw=80:510302FF0D080BFF vt=Y(21/22) vtstat=1322/787ms tc=Y drp=0mm tcq=0
15:32:23.682 [ISOBUS] addr=0x81 claimed=Y load=14.2% msgs=48456 aiso=1325(1346819ms) xte=0.00m spd=0.00m/s q=0 ggaAge=100 vtgAge=99 xteAge=1346819 xteraw=80:510302FF0D080BFF vt=Y(21/22) vtstat=1323/787ms tc=Y drp=0mm tcq=0
15:32:24.701 [ISOBUS] addr=0x81 claimed=Y load=14.0% msgs=48497 aiso=1326(1347819ms) xte=0.00m spd=0.00m/s q=0 ggaAge=100 vtgAge=99 xteAge=1347819 xteraw=80:510302FF0D080BFF vt=Y(21/22) vtstat=1324/786ms tc=Y drp=0mm tcq=0
15:32:25.697 [ISOBUS] addr=0x81 claimed=Y load=14.2% msgs=48538 aiso=1327(1348819ms) xte=0.00m spd=0.00m/s q=0 ggaAge=100 vtgAge=99 xteAge=1348819 xteraw=80:510302FF0D080BFF vt=Y(21/22) vtstat=1325/786ms tc=Y drp=0mm tcq=0
15:32:26.686 [ISOBUS] addr=0x81 claimed=Y load=14.0% msgs=48579 aiso=1328(1349819ms) xte=0.00m spd=0.00m/s q=0 ggaAge=100 vtgAge=100 xteAge=1349819 xteraw=80:510302FF0D080BFF vt=Y(21/22) vtstat=1326/785ms tc=Y drp=0mm tcq=0
15:32:27.708 [ISOBUS] addr=0x81 claimed=Y load=14.2% msgs=48620 aiso=1329(1350819ms) xte=0.00m spd=0.00m/s q=0 ggaAge=99 vtgAge=99 xteAge=1350819 xteraw=80:510302FF0D080BFF vt=Y(21/22) vtstat=1327/785ms tc=Y drp=0mm tcq=0
15:32:28.685 [ISOBUS] addr=0x81 claimed=Y load=14.0% msgs=48661 aiso=1330(1351819ms) xte=0.00m spd=0.00m/s q=0 ggaAge=100 vtgAge=99 xteAge=1351819 xteraw=80:510302FF0D080BFF vt=Y(21/22) vtstat=1328/783ms tc=Y drp=0mm tcq=0
15:32:29.707 [ISOBUS] addr=0x81 claimed=Y load=14.2% msgs=48702 aiso=1331(1352819ms) xte=0.00m spd=0.00m/s q=0 ggaAge=100 vtgAge=99 xteAge=1352819 xteraw=80:510302FF0D080BFF vt=Y(21/22) vtstat=1329/783ms tc=Y drp=0mm tcq=0
15:32:30.684 [ISOBUS] addr=0x81 claimed=Y load=14.0% msgs=48743 aiso=1332(1353819ms) xte=0.00m spd=0.00m/s q=0 ggaAge=100 vtgAge=100 xteAge=1353819 xteraw=80:510302FF0D080BFF vt=Y(21/22) vtstat=1330/782ms tc=Y drp=0mm tcq=0
15:32:31.699 [ISOBUS] addr=0x81 claimed=Y load=14.2% msgs=48784 aiso=1333(1354819ms) xte=0.00m spd=0.00m/s q=0 ggaAge=100 vtgAge=100 xteAge=1354819 xteraw=80:510302FF0D080BFF vt=Y(21/22) vtstat=1331/782ms tc=Y drp=0mm tcq=0
15:32:32.686 [ISOBUS] addr=0x81 claimed=Y load=14.5% msgs=48829 aiso=1334(1355819ms) xte=0.00m spd=0.00m/s q=0 ggaAge=100 vtgAge=99 xteAge=1355819 xteraw=80:510302FF0D080BFF vt=Y(21/22) vtstat=1332/781ms tc=Y drp=0mm tcq=0
15:32:33.687 [ISOBUS] addr=0x81 claimed=Y load=14.2% msgs=48870 aiso=1335(1356819ms) xte=0.00m spd=0.00m/s q=0 ggaAge=100 vtgAge=99 xteAge=1356819 xteraw=80:510302FF0D080BFF vt=Y(21/22) vtstat=1333/781ms tc=Y drp=0mm tcq=0
15:32:34.709 [ISOBUS] addr=0x81 claimed=Y load=14.0% msgs=48911 aiso=1336(1357819ms) xte=0.00m spd=0.00m/s q=0 ggaAge=100 vtgAge=99 xteAge=1357819 xteraw=80:510302FF0D080BFF vt=Y(21/22) vtstat=1334/780ms tc=Y drp=0mm tcq=0
15:32:35.703 [ISOBUS] addr=0x81 claimed=Y load=14.2% msgs=48952 aiso=1337(1358819ms) xte=0.00m spd=0.00m/s q=0 ggaAge=99 vtgAge=99 xteAge=1358819 xteraw=80:510302FF0D080BFF vt=Y(21/22) vtstat=1335/780ms tc=Y drp=0mm tcq=0
15:32:36.691 [ISOBUS] addr=0x81 claimed=Y load=14.0% msgs=48993 aiso=1338(1359819ms) xte=0.00m spd=0.00m/s q=0 ggaAge=99 vtgAge=99 xteAge=1359819 xteraw=80:510302FF0D080BFF vt=Y(21/22) vtstat=1336/779ms tc=Y drp=0mm tcq=0
15:32:37.685 [ISOBUS] addr=0x81 claimed=Y load=14.2% msgs=49034 aiso=1339(1360819ms) xte=0.00m spd=0.00m/s q=0 ggaAge=100 vtgAge=99 xteAge=1360819 xteraw=80:510302FF0D080BFF vt=Y(21/22) vtstat=1337/779ms tc=Y drp=0mm tcq=0
15:32:38.675 [ISOBUS] addr=0x81 claimed=Y load=14.0% msgs=49075 aiso=1340(1361819ms) xte=0.00m spd=0.00m/s q=0 ggaAge=100 vtgAge=100 xteAge=1361819 xteraw=80:510302FF0D080BFF vt=Y(21/22) vtstat=1338/778ms tc=Y drp=0mm tcq=0
15:32:39.697 [ISOBUS] addr=0x81 claimed=Y load=14.2% msgs=49116 aiso=1341(1362819ms) xte=0.00m spd=0.00m/s q=0 ggaAge=100 vtgAge=99 xteAge=1362819 xteraw=80:510302FF0D080BFF vt=Y(21/22) vtstat=1339/777ms tc=Y drp=0mm tcq=0
15:32:40.708 [ISOBUS] addr=0x81 claimed=Y load=14.0% msgs=49157 aiso=1342(1363819ms) xte=0.00m spd=0.00m/s q=0 ggaAge=100 vtgAge=99 xteAge=1363819 xteraw=80:510302FF0D080BFF vt=Y(21/22) vtstat=1340/777ms tc=Y drp=0mm tcq=0
15:32:41.686 [ISOBUS] addr=0x81 claimed=Y load=14.2% msgs=49199 aiso=1343(1364819ms) xte=0.00m spd=0.00m/s q=0 ggaAge=1 vtgAge=91 xteAge=1364819 xteraw=80:510302FF0D080BFF vt=Y(21/22) vtstat=1341/776ms tc=Y drp=0mm tcq=0
15:32:42.704 [ISOBUS] addr=0x81 claimed=Y load=14.5% msgs=49243 aiso=1344(1365819ms) xte=0.00m spd=0.00m/s q=0 ggaAge=100 vtgAge=100 xteAge=1365819 xteraw=80:510302FF0D080BFF vt=Y(21/22) vtstat=1342/775ms tc=Y drp=0mm tcq=0
15:32:43.684 [ISOBUS] addr=0x81 claimed=Y load=14.2% msgs=49284 aiso=1345(1366819ms) xte=0.00m spd=0.00m/s q=0 ggaAge=100 vtgAge=100 xteAge=1366819 xteraw=80:510302FF0D080BFF vt=Y(21/22) vtstat=1343/775ms tc=Y drp=0mm tcq=0
15:32:44.698 [ISOBUS] addr=0x81 claimed=Y load=14.0% msgs=49325 aiso=1346(1367819ms) xte=0.00m spd=0.00m/s q=0 ggaAge=100 vtgAge=99 xteAge=1367819 xteraw=80:510302FF0D080AFF vt=Y(21/22) vtstat=1344/774ms tc=Y drp=0mm tcq=0
15:32:45.683 [ISOBUS] addr=0x81 claimed=Y load=14.2% msgs=49366 aiso=1347(1368819ms) xte=0.00m spd=0.00m/s q=0 ggaAge=100 vtgAge=100 xteAge=1368819 xteraw=80:510302FF0D080AFF vt=Y(21/22) vtstat=1345/774ms tc=Y drp=0mm tcq=0
15:32:46.699 [ISOBUS] addr=0x81 claimed=Y load=14.0% msgs=49408 aiso=1348(1369819ms) xte=0.00m spd=0.00m/s q=0 ggaAge=1 vtgAge=99 xteAge=1369819 xteraw=80:510302FF0D080AFF vt=Y(21/22) vtstat=1346/773ms tc=Y drp=0mm tcq=0
15:32:47.684 [ISOBUS] addr=0x81 claimed=Y load=14.2% msgs=49448 aiso=1349(1370819ms) xte=0.00m spd=0.00m/s q=0 ggaAge=100 vtgAge=100 xteAge=1370819 xteraw=80:510302FF0D080AFF vt=Y(21/22) vtstat=1347/772ms tc=Y drp=0mm tcq=0
15:32:48.692 [ISOBUS] addr=0x81 claimed=Y load=14.0% msgs=49489 aiso=1350(1371819ms) xte=0.00m spd=0.00m/s q=0 ggaAge=100 vtgAge=100 xteAge=1371819 xteraw=80:510302FF0D080AFF vt=Y(21/22) vtstat=1348/772ms tc=Y drp=0mm tcq=0
15:32:49.678 [ISOBUS] addr=0x81 claimed=Y load=14.2% msgs=49531 aiso=1351(1372819ms) xte=0.00m spd=0.00m/s q=0 ggaAge=1 vtgAge=99 xteAge=1372819 xteraw=80:510302FF0D080AFF vt=Y(21/22) vtstat=1349/771ms tc=Y drp=0mm tcq=0
15:32:50.687 [ISOBUS] addr=0x81 claimed=Y load=14.0% msgs=49571 aiso=1352(1373819ms) xte=0.00m spd=0.00m/s q=0 ggaAge=100 vtgAge=99 xteAge=1373819 xteraw=80:510302FF0D080AFF vt=Y(21/22) vtstat=1350/771ms tc=Y drp=0mm tcq=0
15:32:51.711 [ISOBUS] addr=0x81 claimed=Y load=14.2% msgs=49613 aiso=1353(1374819ms) xte=0.00m spd=0.00m/s q=0 ggaAge=1 vtgAge=99 xteAge=1374819 xteraw=80:510302FF0D080AFF vt=Y(21/22) vtstat=1351/770ms tc=Y drp=0mm tcq=0
15:32:52.689 [ISOBUS] addr=0x81 claimed=Y load=14.5% msgs=49657 aiso=1354(1375819ms) xte=0.00m spd=0.00m/s q=0 ggaAge=100 vtgAge=99 xteAge=1375819 xteraw=80:510302FF0D080AFF vt=Y(21/22) vtstat=1352/769ms tc=Y drp=0mm tcq=0
15:32:53.677 [ISOBUS] addr=0x81 claimed=Y load=14.2% msgs=49698 aiso=1355(1376819ms) xte=0.00m spd=0.00m/s q=0 ggaAge=101 vtgAge=100 xteAge=1376819 xteraw=80:510302FF0D080AFF vt=Y(21/22) vtstat=1353/769ms tc=Y drp=0mm tcq=0
15:32:54.686 [ISOBUS] addr=0x81 claimed=Y load=14.0% msgs=49739 aiso=1356(1377819ms) xte=0.00m spd=0.00m/s q=0 ggaAge=100 vtgAge=99 xteAge=1377819 xteraw=80:510302FF0D080AFF vt=Y(21/22) vtstat=1354/768ms tc=Y drp=0mm tcq=0
15:32:55.691 [ISOBUS] addr=0x81 claimed=Y load=14.2% msgs=49780 aiso=1357(1378819ms) xte=0.00m spd=0.00m/s q=0 ggaAge=100 vtgAge=99 xteAge=1378819 xteraw=80:510302FF0D080AFF vt=Y(21/22) vtstat=1355/768ms tc=Y drp=0mm tcq=0
15:32:56.692 [ISOBUS] addr=0x81 claimed=Y load=14.0% msgs=49821 aiso=1358(1379819ms) xte=0.00m spd=0.00m/s q=0 ggaAge=100 vtgAge=100 xteAge=1379819 xteraw=80:510302FF0D080AFF vt=Y(21/22) vtstat=1356/767ms tc=Y drp=0mm tcq=0
15:32:57.685 [ISOBUS] addr=0x81 claimed=Y load=14.2% msgs=49863 aiso=1359(1380819ms) xte=0.00m spd=0.00m/s q=0 ggaAge=1 vtgAge=99 xteAge=1380819 xteraw=80:510302FF0D080AFF vt=Y(21/22) vtstat=1357/767ms tc=Y drp=0mm tcq=0
15:32:58.708 [ISOBUS] addr=0x81 claimed=Y load=14.0% msgs=49903 aiso=1360(1381819ms) xte=0.00m spd=0.00m/s q=0 ggaAge=100 vtgAge=100 xteAge=1381819 xteraw=80:510302FF0D080AFF vt=Y(21/22) vtstat=1358/766ms tc=Y drp=0mm tcq=0
15:32:59.679 [ISOBUS] addr=0x81 claimed=Y load=14.2% msgs=49944 aiso=1361(1382819ms) xte=0.00m spd=0.00m/s q=0 ggaAge=101 vtgAge=100 xteAge=1382819 xteraw=80:510302FF0D080AFF vt=Y(21/22) vtstat=1359/765ms tc=Y drp=0mm tcq=0
15:33:00.699 [ISOBUS] addr=0x81 claimed=Y load=14.0% msgs=49985 aiso=1362(1383819ms) xte=0.00m spd=0.00m/s q=0 ggaAge=100 vtgAge=100 xteAge=1383819 xteraw=80:510302FF0D080AFF vt=Y(21/22) vtstat=1360/765ms tc=Y drp=0mm tcq=0
15:33:01.685 [ISOBUS] addr=0x81 claimed=Y load=14.2% msgs=50027 aiso=1363(1384819ms) xte=0.00m spd=0.00m/s q=0 ggaAge=1 vtgAge=99 xteAge=1384819 xteraw=80:510302FF0D080AFF vt=Y(21/22) vtstat=1361/764ms tc=Y drp=0mm tcq=0
15:33:02.703 [ISOBUS] addr=0x81 claimed=Y load=14.5% msgs=50071 aiso=1364(1385819ms) xte=0.00m spd=0.00m/s q=0 ggaAge=100 vtgAge=100 xteAge=1385819 xteraw=80:510302FF0D080AFF vt=Y(21/22) vtstat=1362/763ms tc=Y drp=0mm tcq=0
15:33:03.682 [ISOBUS] addr=0x81 claimed=Y load=14.2% msgs=50112 aiso=1365(1386819ms) xte=0.00m spd=0.00m/s q=0 ggaAge=100 vtgAge=100 xteAge=1386819 xteraw=80:510302FF0D080AFF vt=Y(21/22) vtstat=1363/763ms tc=Y drp=0mm tcq=0
15:33:04.695 [ISOBUS] addr=0x81 claimed=Y load=14.0% msgs=50153 aiso=1366(1387819ms) xte=0.00m spd=0.00m/s q=0 ggaAge=93 vtgAge=91 xteAge=1387819 xteraw=80:510302FF0D080AFF vt=Y(21/22) vtstat=1364/762ms tc=Y drp=0mm tcq=0
15:33:05.699 [ISOBUS] addr=0x81 claimed=Y load=14.2% msgs=50194 aiso=1367(1388819ms) xte=0.00m spd=0.00m/s q=0 ggaAge=100 vtgAge=99 xteAge=1388819 xteraw=80:510302FF0D080AFF vt=Y(21/22) vtstat=1365/762ms tc=Y drp=0mm tcq=0
15:33:06.681 [ISOBUS] addr=0x81 claimed=Y load=14.0% msgs=50235 aiso=1368(1389819ms) xte=0.00m spd=0.00m/s q=0 ggaAge=100 vtgAge=99 xteAge=1389819 xteraw=80:510302FF0D080AFF vt=Y(21/22) vtstat=1366/761ms tc=Y drp=0mm tcq=0
15:33:07.711 [ISOBUS] addr=0x81 claimed=Y load=14.2% msgs=50277 aiso=1369(1390819ms) xte=0.00m spd=0.00m/s q=0 ggaAge=0 vtgAge=100 xteAge=1390819 xteraw=80:510302FF0D080AFF vt=Y(21/22) vtstat=1367/760ms tc=Y drp=0mm tcq=0
15:33:08.157 I] [NM]: Control function with address 205 and NAME 000000000000000lx is now offline on channel 198344577.
15:33:08.692 [ISOBUS] addr=0x81 claimed=Y load=14.0% msgs=50318 aiso=1370(1391819ms) xte=0.00m spd=0.00m/s q=0 ggaAge=0 vtgAge=100 xteAge=1391819 xteraw=80:510302FF0D080AFF vt=Y(21/22) vtstat=1368/760ms tc=Y drp=0mm tcq=0
15:33:09.405 I] [NM]: External control function with name 000000000000000lx has claimed address 198344577 on channel 2684363008.
15:33:09.689 [ISOBUS] addr=0x81 claimed=Y load=14.2% msgs=50359 aiso=1371(1392819ms) xte=0.00m spd=0.00m/s q=0 ggaAge=1 vtgAge=99 xteAge=1392819 xteraw=80:510302FF0D080AFF vt=Y(21/22) vtstat=1369/759ms tc=Y drp=0mm tcq=0
15:33:10.695 [ISOBUS] addr=0x81 claimed=Y load=14.0% msgs=50399 aiso=1372(1393819ms) xte=0.00m spd=0.00m/s q=0 ggaAge=101 vtgAge=100 xteAge=1393819 xteraw=80:510302FF0D080AFF vt=Y(21/22) vtstat=1370/758ms tc=Y drp=0mm tcq=0
15:33:11.702 [ISOBUS] addr=0x81 claimed=Y load=14.2% msgs=50441 aiso=1373(1394819ms) xte=0.00m spd=0.00m/s q=0 ggaAge=1 vtgAge=99 xteAge=1394819 xteraw=80:510302FF0D080AFF vt=Y(21/22) vtstat=1371/758ms tc=Y drp=0mm tcq=0
15:33:12.679 [ISOBUS] addr=0x81 claimed=Y load=14.5% msgs=50485 aiso=1374(1395819ms) xte=0.00m spd=0.00m/s q=0 ggaAge=101 vtgAge=100 xteAge=1395819 xteraw=80:510302FF0D080AFF vt=Y(21/22) vtstat=1372/757ms tc=Y drp=0mm tcq=0
15:33:13.683 [ISOBUS] addr=0x81 claimed=Y load=14.2% msgs=50526 aiso=1375(1396819ms) xte=0.00m spd=0.00m/s q=0 ggaAge=100 vtgAge=100 xteAge=1396819 xteraw=80:510302FF0D080AFF vt=Y(21/22) vtstat=1373/757ms tc=Y drp=0mm tcq=0
15:33:14.688 [ISOBUS] addr=0x81 claimed=Y load=14.0% msgs=50567 aiso=1376(1397819ms) xte=0.00m spd=0.00m/s q=0 ggaAge=100 vtgAge=100 xteAge=1397819 xteraw=80:510302FF0D080AFF vt=Y(21/22) vtstat=1374/756ms tc=Y drp=0mm tcq=0
15:33:15.711 [ISOBUS] addr=0x81 claimed=Y load=14.2% msgs=50609 aiso=1377(1398819ms) xte=0.00m spd=0.00m/s q=0 ggaAge=1 vtgAge=99 xteAge=1398819 xteraw=80:510302FF0D080AFF vt=Y(21/22) vtstat=1375/756ms tc=Y drp=0mm tcq=0
15:33:16.687 [ISOBUS] addr=0x81 claimed=Y load=14.0% msgs=50649 aiso=1378(1399819ms) xte=0.00m spd=0.00m/s q=0 ggaAge=100 vtgAge=100 xteAge=1399819 xteraw=80:510302FF0D080AFF vt=Y(21/22) vtstat=1376/755ms tc=Y drp=0mm tcq=0
15:33:17.700 [ISOBUS] addr=0x81 claimed=Y load=14.2% msgs=50690 aiso=1379(1400819ms) xte=0.00m spd=0.00m/s q=0 ggaAge=100 vtgAge=100 xteAge=1400819 xteraw=80:510302FF0D080AFF vt=Y(21/22) vtstat=1377/754ms tc=Y drp=0mm tcq=0
15:33:18.694 [ISOBUS] addr=0x81 claimed=Y load=14.0% msgs=50732 aiso=1380(1401819ms) xte=0.00m spd=0.00m/s q=0 ggaAge=1 vtgAge=100 xteAge=1401819 xteraw=80:510302FF0D080AFF vt=Y(21/22) vtstat=1378/754ms tc=Y drp=0mm tcq=0
15:33:19.704 [ISOBUS] addr=0x81 claimed=Y load=14.2% msgs=50772 aiso=1381(1402819ms) xte=0.00m spd=0.00m/s q=0 ggaAge=100 vtgAge=100 xteAge=1402819 xteraw=80:510302FF0D080AFF vt=Y(21/22) vtstat=1379/753ms tc=Y drp=0mm tcq=0
15:33:20.686 [ISOBUS] addr=0x81 claimed=Y load=14.0% msgs=50814 aiso=1382(1403819ms) xte=0.00m spd=0.00m/s q=0 ggaAge=1 vtgAge=99 xteAge=1403819 xteraw=80:510302FF0D080AFF vt=Y(21/22) vtstat=1380/751ms tc=Y drp=0mm tcq=0
15:33:21.678 [ISOBUS] addr=0x81 claimed=Y load=14.2% msgs=50854 aiso=1383(1404819ms) xte=0.00m spd=0.00m/s q=0 ggaAge=100 vtgAge=100 xteAge=1404819 xteraw=80:510302FF0D080AFF vt=Y(21/22) vtstat=1381/751ms tc=Y drp=0mm tcq=0
15:33:22.692 [ISOBUS] addr=0x81 claimed=Y load=14.5% msgs=50899 aiso=1384(1405819ms) xte=0.00m spd=0.00m/s q=0 ggaAge=100 vtgAge=100 xteAge=1405819 xteraw=80:510302FF0D080AFF vt=Y(21/22) vtstat=1382/751ms tc=Y drp=0mm tcq=0
15:33:23.693 [ISOBUS] addr=0x81 claimed=Y load=14.2% msgs=50941 aiso=1385(1406819ms) xte=0.00m spd=0.00m/s q=0 ggaAge=1 vtgAge=100 xteAge=1406819 xteraw=80:510302FF0D080AFF vt=Y(21/22) vtstat=1383/751ms tc=Y drp=0mm tcq=0
15:33:24.697 [ISOBUS] addr=0x81 claimed=Y load=14.0% msgs=50981 aiso=1386(1407819ms) xte=0.00m spd=0.00m/s q=0 ggaAge=100 vtgAge=99 xteAge=1407819 xteraw=80:510302FF0D080AFF vt=Y(21/22) vtstat=1384/750ms tc=Y drp=0mm tcq=0
15:33:25.689 [ISOBUS] addr=0x81 claimed=Y load=14.2% msgs=51023 aiso=1387(1408819ms) xte=0.00m spd=0.00m/s q=0 ggaAge=1 vtgAge=100 xteAge=1408819 xteraw=80:510302FF0D080AFF vt=Y(21/22) vtstat=1385/749ms tc=Y drp=0mm tcq=0
15:33:26.696 [ISOBUS] addr=0x81 claimed=Y load=14.0% msgs=51064 aiso=1388(1409819ms) xte=0.00m spd=0.00m/s q=0 ggaAge=1 vtgAge=100 xteAge=1409819 xteraw=80:510302FF0D080AFF vt=Y(21/22) vtstat=1386/749ms tc=Y drp=0mm tcq=0
15:33:27.699 [ISOBUS] addr=0x81 claimed=Y load=14.2% msgs=51104 aiso=1389(1410819ms) xte=0.00m spd=0.00m/s q=0 ggaAge=101 vtgAge=100 xteAge=1410819 xteraw=80:510302FF0D080AFF vt=Y(21/22) vtstat=1387/748ms tc=Y drp=0mm tcq=0
15:33:28.694 [ISOBUS] addr=0x81 claimed=Y load=14.0% msgs=51146 aiso=1390(1411819ms) xte=0.00m spd=0.00m/s q=0 ggaAge=1 vtgAge=100 xteAge=1411819 xteraw=80:510302FF0D080AFF vt=Y(21/22) vtstat=1388/748ms tc=Y drp=0mm tcq=0
15:33:29.707 [ISOBUS] addr=0x81 claimed=Y load=14.2% msgs=51186 aiso=1391(1412819ms) xte=0.00m spd=0.00m/s q=0 ggaAge=100 vtgAge=100 xteAge=1412819 xteraw=80:510302FF0D080AFF vt=Y(21/22) vtstat=1389/747ms tc=Y drp=0mm tcq=0
15:33:30.704 [ISOBUS] addr=0x81 claimed=Y load=14.0% msgs=51227 aiso=1392(1413819ms) xte=0.00m spd=0.00m/s q=0 ggaAge=100 vtgAge=100 xteAge=1413819 xteraw=80:510302FF0D080AFF vt=Y(21/22) vtstat=1390/746ms tc=Y drp=0mm tcq=0
15:33:31.705 [ISOBUS] addr=0x81 claimed=Y load=14.2% msgs=51268 aiso=1393(1414819ms) xte=0.00m spd=0.00m/s q=0 ggaAge=101 vtgAge=100 xteAge=1414819 xteraw=80:510302FF0D080AFF vt=Y(21/22) vtstat=1391/746ms tc=Y drp=0mm tcq=0
15:33:32.695 [ISOBUS] addr=0x81 claimed=Y load=14.5% msgs=51313 aiso=1394(1415819ms) xte=0.00m spd=0.00m/s q=0 ggaAge=101 vtgAge=100 xteAge=1415819 xteraw=80:510302FF0D080AFF vt=Y(21/22) vtstat=1392/745ms tc=Y drp=0mm tcq=0
15:33:33.684 [ISOBUS] addr=0x81 claimed=Y load=14.2% msgs=51354 aiso=1395(1416819ms) xte=0.00m spd=0.00m/s q=0 ggaAge=100 vtgAge=100 xteAge=1416819 xteraw=80:510302FF0D080AFF vt=Y(21/22) vtstat=1393/745ms tc=Y drp=0mm tcq=0
15:33:34.677 [ISOBUS] addr=0x81 claimed=Y load=14.0% msgs=51395 aiso=1396(1417819ms) xte=0.00m spd=0.00m/s q=0 ggaAge=100 vtgAge=100 xteAge=1417819 xteraw=80:510302FF0D080AFF vt=Y(21/22) vtstat=1394/744ms tc=Y drp=0mm tcq=0
15:33:35.696 [ISOBUS] addr=0x81 claimed=Y load=14.2% msgs=51436 aiso=1397(1418819ms) xte=0.00m spd=0.00m/s q=0 ggaAge=101 vtgAge=100 xteAge=1418819 xteraw=80:510302FF0D080AFF vt=Y(21/22) vtstat=1395/744ms tc=Y drp=0mm tcq=0
15:33:36.702 [ISOBUS] addr=0x81 claimed=Y load=14.0% msgs=51478 aiso=1398(1419819ms) xte=0.00m spd=0.00m/s q=0 ggaAge=1 vtgAge=99 xteAge=1419819 xteraw=80:510302FF0D080AFF vt=Y(21/22) vtstat=1396/743ms tc=Y drp=0mm tcq=0
15:33:37.704 [ISOBUS] addr=0x81 claimed=Y load=14.2% msgs=51518 aiso=1399(1420819ms) xte=0.00m spd=0.00m/s q=0 ggaAge=100 vtgAge=100 xteAge=1420819 xteraw=80:510302FF0D080AFF vt=Y(21/22) vtstat=1397/743ms tc=Y drp=0mm tcq=0
15:33:38.683 [ISOBUS] addr=0x81 claimed=Y load=14.0% msgs=51560 aiso=1400(1421819ms) xte=0.00m spd=0.00m/s q=0 ggaAge=1 vtgAge=100 xteAge=1421819 xteraw=80:510302FF0D080AFF vt=Y(21/22) vtstat=1398/741ms tc=Y drp=0mm tcq=0
15:33:39.690 [ISOBUS] addr=0x81 claimed=Y load=14.2% msgs=51601 aiso=1401(1422819ms) xte=0.00m spd=0.00m/s q=0 ggaAge=1 vtgAge=100 xteAge=1422819 xteraw=80:510302FF0D080AFF vt=Y(21/22) vtstat=1399/741ms tc=Y drp=0mm tcq=0
15:33:40.684 [ISOBUS] addr=0x81 claimed=Y load=14.0% msgs=51641 aiso=1402(1423819ms) xte=0.00m spd=0.00m/s q=0 ggaAge=100 vtgAge=100 xteAge=1423819 xteraw=80:510302FF0D080AFF vt=Y(21/22) vtstat=1400/740ms tc=Y drp=0mm tcq=0
15:33:41.689 [ISOBUS] addr=0x81 claimed=Y load=14.2% msgs=51683 aiso=1403(1424819ms) xte=0.00m spd=0.00m/s q=0 ggaAge=1 vtgAge=100 xteAge=1424819 xteraw=80:510302FF0D080AFF vt=Y(21/22) vtstat=1401/740ms tc=Y drp=0mm tcq=0
15:33:42.706 [ISOBUS] addr=0x81 claimed=Y load=14.5% msgs=51728 aiso=1404(1425819ms) xte=0.00m spd=0.00m/s q=0 ggaAge=1 vtgAge=100 xteAge=1425819 xteraw=80:510302FF0D080AFF vt=Y(21/22) vtstat=1402/739ms tc=Y drp=0mm tcq=0
15:33:43.702 [ISOBUS] addr=0x81 claimed=Y load=14.2% msgs=51769 aiso=1405(1426819ms) xte=0.00m spd=0.00m/s q=0 ggaAge=1 vtgAge=100 xteAge=1426819 xteraw=80:510302FF0D080AFF vt=Y(21/22) vtstat=1403/739ms tc=Y drp=0mm tcq=0
15:33:44.682 [ISOBUS] addr=0x81 claimed=Y load=14.0% msgs=51809 aiso=1406(1427819ms) xte=0.00m spd=0.00m/s q=0 ggaAge=101 vtgAge=100 xteAge=1427819 xteraw=80:510302FF0D080AFF vt=Y(21/22) vtstat=1404/738ms tc=Y drp=0mm tcq=0
15:33:45.680 [ISOBUS] addr=0x81 claimed=Y load=14.2% msgs=51850 aiso=1407(1428819ms) xte=0.00m spd=0.00m/s q=0 ggaAge=101 vtgAge=100 xteAge=1428819 xteraw=80:510302FF0D080AFF vt=Y(21/22) vtstat=1405/737ms tc=Y drp=0mm tcq=0
15:33:46.690 [ISOBUS] addr=0x81 claimed=Y load=14.0% msgs=51892 aiso=1408(1429819ms) xte=0.00m spd=0.00m/s q=0 ggaAge=1 vtgAge=100 xteAge=1429819 xteraw=80:510302FF0D080AFF vt=Y(21/22) vtstat=1406/737ms tc=Y drp=0mm tcq=0
15:33:47.699 [ISOBUS] addr=0x81 claimed=Y load=14.2% msgs=51932 aiso=1409(1430819ms) xte=0.00m spd=0.00m/s q=0 ggaAge=101 vtgAge=100 xteAge=1430819 xteraw=80:510302FF0D080AFF vt=Y(21/22) vtstat=1407/736ms tc=Y drp=0mm tcq=0
15:33:48.699 [ISOBUS] addr=0x81 claimed=Y load=14.0% msgs=51973 aiso=1410(1431819ms) xte=0.00m spd=0.00m/s q=0 ggaAge=100 vtgAge=99 xteAge=1431819 xteraw=80:510302FF0D080AFF vt=Y(21/22) vtstat=1408/735ms tc=Y drp=0mm tcq=0
15:33:49.685 [ISOBUS] addr=0x81 claimed=Y load=14.2% msgs=52014 aiso=1411(1432819ms) xte=0.00m spd=0.00m/s q=0 ggaAge=100 vtgAge=100 xteAge=1432819 xteraw=80:510302FF0D080AFF vt=Y(21/22) vtstat=1409/735ms tc=Y drp=0mm tcq=0
15:33:50.697 [ISOBUS] addr=0x81 claimed=Y load=14.0% msgs=52056 aiso=1412(1433819ms) xte=0.00m spd=0.00m/s q=0 ggaAge=1 vtgAge=100 xteAge=1433819 xteraw=80:510302FF0D080AFF vt=Y(21/22) vtstat=1410/734ms tc=Y drp=0mm tcq=0
15:33:51.690 [ISOBUS] addr=0x81 claimed=Y load=14.2% msgs=52097 aiso=1413(1434819ms) xte=0.00m spd=0.00m/s q=0 ggaAge=1 vtgAge=100 xteAge=1434819 xteraw=80:510302FF0D080AFF vt=Y(21/22) vtstat=1411/734ms tc=Y drp=0mm tcq=0
15:33:52.698 [ISOBUS] addr=0x81 claimed=Y load=14.5% msgs=52141 aiso=1414(1435819ms) xte=0.00m spd=0.00m/s q=0 ggaAge=100 vtgAge=99 xteAge=1435819 xteraw=80:510302FF0D080AFF vt=Y(21/22) vtstat=1412/733ms tc=Y drp=0mm tcq=0
15:33:53.689 [ISOBUS] addr=0x81 claimed=Y load=14.2% msgs=52183 aiso=1415(1436819ms) xte=0.00m spd=0.00m/s q=0 ggaAge=1 vtgAge=100 xteAge=1436819 xteraw=80:510302FF0D080AFF vt=Y(21/22) vtstat=1413/733ms tc=Y drp=0mm tcq=0
15:33:54.679 [ISOBUS] addr=0x81 claimed=Y load=14.0% msgs=52224 aiso=1416(1437819ms) xte=0.00m spd=0.00m/s q=0 ggaAge=1 vtgAge=100 xteAge=1437819 xteraw=80:510302FF0D080AFF vt=Y(21/22) vtstat=1414/730ms tc=Y drp=0mm tcq=0
15:33:55.688 [ISOBUS] addr=0x81 claimed=Y load=14.2% msgs=52265 aiso=1417(1438819ms) xte=0.00m spd=0.00m/s q=0 ggaAge=1 vtgAge=100 xteAge=1438819 xteraw=80:510302FF0D080AFF vt=Y(21/22) vtstat=1415/730ms tc=Y drp=0mm tcq=0
15:33:56.710 [ISOBUS] addr=0x81 claimed=Y load=14.0% msgs=52306 aiso=1418(1439819ms) xte=0.00m spd=0.00m/s q=0 ggaAge=1 vtgAge=100 xteAge=1439819 xteraw=80:510302FF0D080AFF vt=Y(21/22) vtstat=1416/729ms tc=Y drp=0mm tcq=0
15:33:57.695 [ISOBUS] addr=0x81 claimed=Y load=14.2% msgs=52346 aiso=1419(1440819ms) xte=0.00m spd=0.00m/s q=0 ggaAge=100 vtgAge=100 xteAge=1440819 xteraw=80:510302FF0D080AFF vt=Y(21/22) vtstat=1417/730ms tc=Y drp=0mm tcq=0
15:33:58.690 [ISOBUS] addr=0x81 claimed=Y load=14.0% msgs=52388 aiso=1420(1441819ms) xte=0.00m spd=0.00m/s q=0 ggaAge=1 vtgAge=100 xteAge=1441819 xteraw=80:510302FF0D080AFF vt=Y(21/22) vtstat=1418/729ms tc=Y drp=0mm tcq=0
15:33:59.681 [ISOBUS] addr=0x81 claimed=Y load=14.2% msgs=52428 aiso=1421(1442819ms) xte=0.00m spd=0.00m/s q=0 ggaAge=100 vtgAge=100 xteAge=1442819 xteraw=80:510302FF0D080AFF vt=Y(21/22) vtstat=1419/729ms tc=Y drp=0mm tcq=0
15:34:00.701 [ISOBUS] addr=0x81 claimed=Y load=14.0% msgs=52470 aiso=1422(1443819ms) xte=0.00m spd=0.00m/s q=0 ggaAge=1 vtgAge=100 xteAge=1443819 xteraw=80:510302FF0D080AFF vt=Y(21/22) vtstat=1420/728ms tc=Y drp=0mm tcq=0
15:34:01.684 [ISOBUS] addr=0x81 claimed=Y load=14.2% msgs=52510 aiso=1423(1444819ms) xte=0.00m spd=0.00m/s q=0 ggaAge=100 vtgAge=100 xteAge=1444819 xteraw=80:510302FF0D080AFF vt=Y(21/22) vtstat=1421/727ms tc=Y drp=0mm tcq=0
15:34:02.695 [ISOBUS] addr=0x81 claimed=Y load=14.5% msgs=52555 aiso=1424(1445819ms) xte=0.00m spd=0.00m/s q=0 ggaAge=101 vtgAge=100 xteAge=1445819 xteraw=80:510302FF0D080AFF vt=Y(21/22) vtstat=1422/727ms tc=Y drp=0mm tcq=0
15:34:03.683 [ISOBUS] addr=0x81 claimed=Y load=14.2% msgs=52596 aiso=1425(1446819ms) xte=0.00m spd=0.00m/s q=0 ggaAge=101 vtgAge=100 xteAge=1446819 xteraw=80:510302FF0D080AFF vt=Y(21/22) vtstat=1423/726ms tc=Y drp=0mm tcq=0
15:34:04.703 [ISOBUS] addr=0x81 claimed=Y load=14.0% msgs=52637 aiso=1426(1447819ms) xte=0.00m spd=0.00m/s q=0 ggaAge=100 vtgAge=100 xteAge=1447819 xteraw=80:510302FF0D080AFF vt=Y(21/22) vtstat=1424/726ms tc=Y drp=0mm tcq=0
15:34:05.701 [ISOBUS] addr=0x81 claimed=Y load=14.2% msgs=52678 aiso=1427(1448819ms) xte=0.00m spd=0.00m/s q=0 ggaAge=100 vtgAge=100 xteAge=1448819 xteraw=80:510302FF0D080AFF vt=Y(21/22) vtstat=1425/725ms tc=Y drp=0mm tcq=0
15:34:06.686 [ISOBUS] addr=0x81 claimed=Y load=14.0% msgs=52720 aiso=1428(1449819ms) xte=0.00m spd=0.00m/s q=0 ggaAge=1 vtgAge=100 xteAge=1449819 xteraw=80:510302FF0D080AFF vt=Y(21/22) vtstat=1426/724ms tc=Y drp=0mm tcq=0
15:34:07.697 [ISOBUS] addr=0x81 claimed=Y load=14.2% msgs=52761 aiso=1429(1450819ms) xte=0.00m spd=0.00m/s q=0 ggaAge=1 vtgAge=100 xteAge=1450819 xteraw=80:510302FF0D080AFF vt=Y(21/22) vtstat=1427/724ms tc=Y drp=0mm tcq=0
15:34:08.703 [ISOBUS] addr=0x81 claimed=Y load=14.0% msgs=52801 aiso=1430(1451819ms) xte=0.00m spd=0.00m/s q=0 ggaAge=101 vtgAge=100 xteAge=1451819 xteraw=80:510302FF0D080AFF vt=Y(21/22) vtstat=1428/723ms tc=Y drp=0mm tcq=0
15:34:09.685 [ISOBUS] addr=0x81 claimed=Y load=14.2% msgs=52842 aiso=1431(1452819ms) xte=0.00m spd=0.00m/s q=0 ggaAge=100 vtgAge=100 xteAge=1452819 xteraw=80:510302FF0D080AFF vt=Y(21/22) vtstat=1429/723ms tc=Y drp=0mm tcq=0
15:34:10.679 [ISOBUS] addr=0x81 claimed=Y load=14.0% msgs=52883 aiso=1432(1453819ms) xte=0.00m spd=0.00m/s q=0 ggaAge=100 vtgAge=100 xteAge=1453819 xteraw=80:510302FF0D080AFF vt=Y(21/22) vtstat=1430/722ms tc=Y drp=0mm tcq=0
15:34:11.686 [ISOBUS] addr=0x81 claimed=Y load=14.2% msgs=52925 aiso=1433(1454819ms) xte=0.00m spd=0.00m/s q=0 ggaAge=1 vtgAge=99 xteAge=1454819 xteraw=80:510302FF0D080AFF vt=Y(21/22) vtstat=1431/722ms tc=Y drp=0mm tcq=0
15:34:12.705 [ISOBUS] addr=0x81 claimed=Y load=14.5% msgs=52969 aiso=1434(1455819ms) xte=0.00m spd=0.00m/s q=0 ggaAge=100 vtgAge=100 xteAge=1455819 xteraw=80:510302FF0D080AFF vt=Y(21/22) vtstat=1432/720ms tc=Y drp=0mm tcq=0
15:34:13.705 [ISOBUS] addr=0x81 claimed=Y load=14.2% msgs=53011 aiso=1435(1456819ms) xte=0.00m spd=0.00m/s q=0 ggaAge=1 vtgAge=100 xteAge=1456819 xteraw=80:510302FF0D080AFF vt=Y(21/22) vtstat=1433/720ms tc=Y drp=0mm tcq=0
15:34:14.689 [ISOBUS] addr=0x81 claimed=Y load=14.0% msgs=53051 aiso=1436(1457819ms) xte=0.00m spd=0.00m/s q=0 ggaAge=100 vtgAge=100 xteAge=1457819 xteraw=80:510302FF0D080AFF vt=Y(21/22) vtstat=1434/719ms tc=Y drp=0mm tcq=0
15:34:15.699 [ISOBUS] addr=0x81 claimed=Y load=14.2% msgs=53093 aiso=1437(1458819ms) xte=0.00m spd=0.00m/s q=0 ggaAge=1 vtgAge=100 xteAge=1458819 xteraw=80:510302FF0D080AFF vt=Y(21/22) vtstat=1435/719ms tc=Y drp=0mm tcq=0
15:34:16.706 [ISOBUS] addr=0x81 claimed=Y load=14.0% msgs=53134 aiso=1438(1459819ms) xte=0.00m spd=0.00m/s q=0 ggaAge=2 vtgAge=100 xteAge=1459819 xteraw=80:510302FF0D080AFF vt=Y(21/22) vtstat=1436/718ms tc=Y drp=0mm tcq=0
15:34:17.685 [ISOBUS] addr=0x81 claimed=Y load=14.2% msgs=53175 aiso=1439(1460819ms) xte=0.00m spd=0.00m/s q=0 ggaAge=1 vtgAge=100 xteAge=1460819 xteraw=80:510302FF0D080AFF vt=Y(21/22) vtstat=1437/718ms tc=Y drp=0mm tcq=0
15:34:18.693 [ISOBUS] addr=0x81 claimed=Y load=14.0% msgs=53216 aiso=1440(1461819ms) xte=0.00m spd=0.00m/s q=0 ggaAge=1 vtgAge=101 xteAge=1461819 xteraw=80:510302FF0D080AFF vt=Y(21/22) vtstat=1438/717ms tc=Y drp=0mm tcq=0
15:34:19.689 [ISOBUS] addr=0x81 claimed=Y load=14.2% msgs=53257 aiso=1441(1462819ms) xte=0.00m spd=0.00m/s q=0 ggaAge=1 vtgAge=101 xteAge=1462819 xteraw=80:510302FF0D080AFF vt=Y(21/22) vtstat=1439/716ms tc=Y drp=0mm tcq=0
15:34:20.712 [ISOBUS] addr=0x81 claimed=Y load=14.0% msgs=53298 aiso=1442(1463819ms) xte=0.00m spd=0.00m/s q=0 ggaAge=2 vtgAge=100 xteAge=1463819 xteraw=80:510302FF0D080AFF vt=Y(21/22) vtstat=1440/716ms tc=Y drp=0mm tcq=0
15:34:21.703 [ISOBUS] addr=0x81 claimed=Y load=14.2% msgs=53339 aiso=1443(1464819ms) xte=0.00m spd=0.00m/s q=0 ggaAge=1 vtgAge=100 xteAge=1464819 xteraw=80:510302FF0D080AFF vt=Y(21/22) vtstat=1441/715ms tc=Y drp=0mm tcq=0
15:34:22.699 [ISOBUS] addr=0x81 claimed=Y load=14.5% msgs=53384 aiso=1444(1465819ms) xte=0.00m spd=0.00m/s q=0 ggaAge=1 vtgAge=100 xteAge=1465819 xteraw=80:510302FF0D080AFF vt=Y(21/22) vtstat=1442/714ms tc=Y drp=0mm tcq=0
15:34:23.712 [ISOBUS] addr=0x81 claimed=Y load=14.2% msgs=53426 aiso=1445(1466819ms) xte=0.00m spd=0.00m/s q=0 ggaAge=2 vtgAge=1 xteAge=1466819 xteraw=80:510302FF0D080AFF vt=Y(21/22) vtstat=1443/714ms tc=Y drp=0mm tcq=0
15:34:24.686 [ISOBUS] addr=0x81 claimed=Y load=14.0% msgs=53466 aiso=1446(1467819ms) xte=0.00m spd=0.00m/s q=0 ggaAge=1 vtgAge=101 xteAge=1467819 xteraw=80:510302FF0D080AFF vt=Y(21/22) vtstat=1444/713ms tc=Y drp=0mm tcq=0
15:34:25.687 [ISOBUS] addr=0x81 claimed=Y load=14.2% msgs=53506 aiso=1447(1468819ms) xte=0.00m spd=0.00m/s q=0 ggaAge=101 vtgAge=101 xteAge=1468819 xteraw=80:510302FF0D080AFF vt=Y(21/22) vtstat=1445/713ms tc=Y drp=0mm tcq=0
15:34:26.695 [ISOBUS] addr=0x81 claimed=Y load=14.0% msgs=53547 aiso=1448(1469819ms) xte=0.00m spd=0.00m/s q=0 ggaAge=102 vtgAge=101 xteAge=1469819 xteraw=80:510302FF0D080AFF vt=Y(21/22) vtstat=1446/712ms tc=Y drp=0mm tcq=0
15:34:27.690 [ISOBUS] addr=0x81 claimed=Y load=14.2% msgs=53589 aiso=1449(1470819ms) xte=0.00m spd=0.00m/s q=0 ggaAge=1 vtgAge=101 xteAge=1470819 xteraw=80:510302FF0D080AFF vt=Y(21/22) vtstat=1447/711ms tc=Y drp=0mm tcq=0
15:34:28.697 [ISOBUS] addr=0x81 claimed=Y load=14.0% msgs=53630 aiso=1450(1471819ms) xte=0.00m spd=0.00m/s q=0 ggaAge=1 vtgAge=101 xteAge=1471819 xteraw=80:510302FF0D080AFF vt=Y(21/22) vtstat=1448/711ms tc=Y drp=0mm tcq=0
15:34:29.710 [ISOBUS] addr=0x81 claimed=Y load=14.2% msgs=53670 aiso=1451(1472819ms) xte=0.00m spd=0.00m/s q=0 ggaAge=101 vtgAge=101 xteAge=1472819 xteraw=80:510302FF0D080AFF vt=Y(21/22) vtstat=1449/709ms tc=Y drp=0mm tcq=0
15:34:30.708 [ISOBUS] addr=0x81 claimed=Y load=14.0% msgs=53713 aiso=1452(1473819ms) xte=0.00m spd=0.00m/s q=0 ggaAge=1 vtgAge=1 xteAge=1473819 xteraw=80:510302FF0D080AFF vt=Y(21/22) vtstat=1450/709ms tc=Y drp=0mm tcq=0
15:34:31.704 [ISOBUS] addr=0x81 claimed=Y load=14.2% msgs=53753 aiso=1453(1474819ms) xte=0.00m spd=0.00m/s q=0 ggaAge=1 vtgAge=101 xteAge=1474819 xteraw=80:510302FF0D080AFF vt=Y(21/22) vtstat=1451/709ms tc=Y drp=0mm tcq=0
15:34:32.690 [ISOBUS] addr=0x81 claimed=Y load=14.5% msgs=53799 aiso=1454(1475819ms) xte=0.00m spd=0.00m/s q=0 ggaAge=1 vtgAge=1 xteAge=1475819 xteraw=80:510302FF0D080AFF vt=Y(21/22) vtstat=1452/708ms tc=Y drp=0mm tcq=0
15:34:33.697 [ISOBUS] addr=0x81 claimed=Y load=14.2% msgs=53841 aiso=1455(1476819ms) xte=0.00m spd=0.00m/s q=0 ggaAge=2 vtgAge=1 xteAge=1476819 xteraw=80:510302FF0D080AFF vt=Y(21/22) vtstat=1453/708ms tc=Y drp=0mm tcq=0
15:34:34.696 [ISOBUS] addr=0x81 claimed=Y load=14.0% msgs=53881 aiso=1456(1477819ms) xte=0.00m spd=0.00m/s q=0 ggaAge=1 vtgAge=1 xteAge=1477819 xteraw=80:510302FF0D080AFF vt=Y(21/22) vtstat=1454/707ms tc=Y drp=0mm tcq=0
15:34:35.694 [ISOBUS] addr=0x81 claimed=Y load=14.2% msgs=53922 aiso=1457(1478819ms) xte=0.00m spd=0.00m/s q=0 ggaAge=1 vtgAge=1 xteAge=1478819 xteraw=80:510302FF0D080AFF vt=Y(21/22) vtstat=1455/706ms tc=Y drp=0mm tcq=0
15:34:36.690 [ISOBUS] addr=0x81 claimed=Y load=14.0% msgs=53962 aiso=1458(1479819ms) xte=0.00m spd=0.00m/s q=0 ggaAge=1 vtgAge=101 xteAge=1479819 xteraw=80:510302FF0D080AFF vt=Y(21/22) vtstat=1456/705ms tc=Y drp=0mm tcq=0
15:34:37.702 [ISOBUS] addr=0x81 claimed=Y load=14.2% msgs=54005 aiso=1459(1480819ms) xte=0.00m spd=0.00m/s q=0 ggaAge=2 vtgAge=1 xteAge=1480819 xteraw=80:510302FF0D080AFF vt=Y(21/22) vtstat=1457/705ms tc=Y drp=0mm tcq=0
15:34:38.702 [ISOBUS] addr=0x81 claimed=Y load=14.0% msgs=54046 aiso=1460(1481819ms) xte=0.00m spd=0.00m/s q=0 ggaAge=2 vtgAge=1 xteAge=1481819 xteraw=80:510302FF0D080AFF vt=Y(21/22) vtstat=1458/704ms tc=Y drp=0mm tcq=0
15:34:39.700 [ISOBUS] addr=0x81 claimed=Y load=14.2% msgs=54085 aiso=1461(1482819ms) xte=0.00m spd=0.00m/s q=0 ggaAge=1 vtgAge=101 xteAge=1482819 xteraw=80:510302FF0D080AFF vt=Y(21/22) vtstat=1459/704ms tc=Y drp=0mm tcq=0
15:34:40.684 [ISOBUS] addr=0x81 claimed=Y load=14.0% msgs=54128 aiso=1462(1483819ms) xte=0.00m spd=0.00m/s q=0 ggaAge=2 vtgAge=1 xteAge=1483819 xteraw=80:510302FF0D080AFF vt=Y(21/22) vtstat=1460/703ms tc=Y drp=0mm tcq=0
15:34:41.702 [ISOBUS] addr=0x81 claimed=Y load=14.2% msgs=54168 aiso=1463(1484819ms) xte=0.00m spd=0.00m/s q=0 ggaAge=1 vtgAge=1 xteAge=1484819 xteraw=80:510302FF0D080AFF vt=Y(21/22) vtstat=1461/702ms tc=Y drp=0mm tcq=0
15:34:42.685 [ISOBUS] addr=0x81 claimed=Y load=14.5% msgs=54213 aiso=1464(1485819ms) xte=0.00m spd=0.00m/s q=0 ggaAge=1 vtgAge=1 xteAge=1485819 xteraw=80:510302FF0D080AFF vt=Y(21/22) vtstat=1462/701ms tc=Y drp=0mm tcq=0
15:34:43.680 [ISOBUS] addr=0x81 claimed=Y load=14.2% msgs=54253 aiso=1465(1486819ms) xte=0.00m spd=0.00m/s q=0 ggaAge=1 vtgAge=101 xteAge=1486819 xteraw=80:510302FF0D080AFF vt=Y(21/22) vtstat=1463/701ms tc=Y drp=0mm tcq=0
15:34:44.685 [ISOBUS] addr=0x81 claimed=Y load=14.0% msgs=54295 aiso=1466(1487819ms) xte=0.00m spd=0.00m/s q=0 ggaAge=2 vtgAge=1 xteAge=1487819 xteraw=80:510302FF0D080AFF vt=Y(21/22) vtstat=1464/700ms tc=Y drp=0mm tcq=0
15:34:45.696 [ISOBUS] addr=0x81 claimed=Y load=14.2% msgs=54336 aiso=1467(1488819ms) xte=0.00m spd=0.00m/s q=0 ggaAge=1 vtgAge=1 xteAge=1488819 xteraw=80:510302FF0D080AFF vt=Y(21/22) vtstat=1465/700ms tc=Y drp=0mm tcq=0
15:34:46.697 [ISOBUS] addr=0x81 claimed=Y load=14.0% msgs=54377 aiso=1468(1489819ms) xte=0.00m spd=0.00m/s q=0 ggaAge=2 vtgAge=1 xteAge=1489819 xteraw=80:510302FF0D080AFF vt=Y(21/22) vtstat=1466/699ms tc=Y drp=0mm tcq=0
15:34:47.700 [ISOBUS] addr=0x81 claimed=Y load=14.2% msgs=54418 aiso=1469(1490819ms) xte=0.00m spd=0.00m/s q=0 ggaAge=1 vtgAge=1 xteAge=1490819 xteraw=80:510302FF0D080AFF vt=Y(21/22) vtstat=1467/698ms tc=Y drp=0mm tcq=0
15:34:48.697 [ISOBUS] addr=0x81 claimed=Y load=14.0% msgs=54460 aiso=1470(1491819ms) xte=0.00m spd=0.00m/s q=0 ggaAge=2 vtgAge=2 xteAge=1491819 xteraw=80:510302FF0D080AFF vt=Y(21/22) vtstat=1468/697ms tc=Y drp=0mm tcq=0
15:34:49.699 [ISOBUS] addr=0x81 claimed=Y load=14.2% msgs=54501 aiso=1471(1492819ms) xte=0.00m spd=0.00m/s q=0 ggaAge=2 vtgAge=1 xteAge=1492819 xteraw=80:510302FF0D080AFF vt=Y(21/22) vtstat=1469/697ms tc=Y drp=0mm tcq=0
15:34:50.712 [ISOBUS] addr=0x81 claimed=Y load=14.0% msgs=54542 aiso=1472(1493819ms) xte=0.00m spd=0.00m/s q=0 ggaAge=2 vtgAge=1 xteAge=1493819 xteraw=80:510302FF0D080AFF vt=Y(21/22) vtstat=1470/696ms tc=Y drp=0mm tcq=0
15:34:51.695 [ISOBUS] addr=0x81 claimed=Y load=14.2% msgs=54583 aiso=1473(1494819ms) xte=0.00m spd=0.00m/s q=0 ggaAge=2 vtgAge=1 xteAge=1494819 xteraw=80:510302FF0D080AFF vt=Y(21/22) vtstat=1471/696ms tc=Y drp=0mm tcq=0
15:34:52.683 [ISOBUS] addr=0x81 claimed=Y load=14.6% msgs=54628 aiso=1474(1495819ms) xte=0.00m spd=0.00m/s q=0 ggaAge=2 vtgAge=2 xteAge=1495819 xteraw=80:510302FF0D080AFF vt=Y(21/22) vtstat=1472/695ms tc=Y drp=0mm tcq=0
15:34:53.684 [ISOBUS] addr=0x81 claimed=Y load=14.2% msgs=54667 aiso=1475(1496819ms) xte=0.00m spd=0.00m/s q=0 ggaAge=1 vtgAge=101 xteAge=1496819 xteraw=80:510302FF0D080AFF vt=Y(21/22) vtstat=1473/694ms tc=Y drp=0mm tcq=0
15:34:54.698 [ISOBUS] addr=0x81 claimed=Y load=14.0% msgs=54709 aiso=1476(1497819ms) xte=0.00m spd=0.00m/s q=0 ggaAge=2 vtgAge=1 xteAge=1497819 xteraw=80:510302FF0D080AFF vt=Y(21/22) vtstat=1474/693ms tc=Y drp=0mm tcq=0
15:34:55.699 [ISOBUS] addr=0x81 claimed=Y load=14.2% msgs=54751 aiso=1477(1498819ms) xte=0.00m spd=0.00m/s q=0 ggaAge=2 vtgAge=2 xteAge=1498819 xteraw=80:510302FF0D080AFF vt=Y(21/22) vtstat=1475/693ms tc=Y drp=0mm tcq=0
15:34:56.697 [ISOBUS] addr=0x81 claimed=Y load=14.0% msgs=54792 aiso=1478(1499819ms) xte=0.00m spd=0.00m/s q=0 ggaAge=2 vtgAge=1 xteAge=1499819 xteraw=80:510302FF0D080AFF vt=Y(21/22) vtstat=1476/692ms tc=Y drp=0mm tcq=0
15:34:57.710 [ISOBUS] addr=0x81 claimed=Y load=14.2% msgs=54832 aiso=1479(1500819ms) xte=0.00m spd=0.00m/s q=0 ggaAge=2 vtgAge=2 xteAge=1500819 xteraw=80:510302FF0D080AFF vt=Y(21/22) vtstat=1477/692ms tc=Y drp=0mm tcq=0
15:34:58.689 [ISOBUS] addr=0x81 claimed=Y load=14.0% msgs=54874 aiso=1480(1501819ms) xte=0.00m spd=0.00m/s q=0 ggaAge=2 vtgAge=1 xteAge=1501819 xteraw=80:510302FF0D080AFF vt=Y(21/22) vtstat=1478/691ms tc=Y drp=0mm tcq=0
15:34:59.685 [ISOBUS] addr=0x81 claimed=Y load=14.2% msgs=54914 aiso=1481(1502819ms) xte=0.00m spd=0.00m/s q=0 ggaAge=1 vtgAge=1 xteAge=1502819 xteraw=80:510302FF0D080AFF vt=Y(21/22) vtstat=1479/691ms tc=Y drp=0mm tcq=0
15:35:00.695 [ISOBUS] addr=0x81 claimed=Y load=14.0% msgs=54956 aiso=1482(1503819ms) xte=0.00m spd=0.00m/s q=0 ggaAge=2 vtgAge=1 xteAge=1503819 xteraw=80:510302FF0D080AFF vt=Y(21/22) vtstat=1480/690ms tc=Y drp=0mm tcq=0
15:35:01.714 [ISOBUS] addr=0x81 claimed=Y load=14.3% msgs=54997 aiso=1483(1504819ms) xte=0.00m spd=0.00m/s q=0 ggaAge=2 vtgAge=2 xteAge=1504819 xteraw=80:510302FF0D080AFF vt=Y(21/22) vtstat=1481/689ms tc=Y drp=0mm tcq=0
15:35:02.698 [ISOBUS] addr=0x81 claimed=Y load=14.5% msgs=55041 aiso=1484(1505819ms) xte=0.00m spd=0.00m/s q=0 ggaAge=2 vtgAge=1 xteAge=1505819 xteraw=80:510302FF0D080AFF vt=Y(21/22) vtstat=1482/689ms tc=Y drp=0mm tcq=0
15:35:03.684 [ISOBUS] addr=0x81 claimed=Y load=14.2% msgs=55083 aiso=1485(1506819ms) xte=0.00m spd=0.00m/s q=0 ggaAge=2 vtgAge=2 xteAge=1506819 xteraw=80:510302FF0D080AFF vt=Y(21/22) vtstat=1483/688ms tc=Y drp=0mm tcq=0
15:35:04.144 I] [NM]: Control function with address 205 and NAME 000000000000000lx is now offline on channel 198344577.
15:35:04.702 [ISOBUS] addr=0x81 claimed=Y load=14.1% msgs=55123 aiso=1486(1507819ms) xte=0.00m spd=0.00m/s q=0 ggaAge=2 vtgAge=1 xteAge=1507819 xteraw=80:510302FF0D080AFF vt=Y(21/22) vtstat=1484/687ms tc=Y drp=0mm tcq=0
15:35:05.402 I] [NM]: External control function with name 000000000000000lx has claimed address 198344577 on channel 2684363008.
15:35:05.695 [ISOBUS] addr=0x81 claimed=Y load=14.2% msgs=55165 aiso=1487(1508819ms) xte=0.00m spd=0.00m/s q=0 ggaAge=2 vtgAge=1 xteAge=1508819 xteraw=80:510302FF0D080AFF vt=Y(21/22) vtstat=1485/687ms tc=Y drp=0mm tcq=0
15:35:06.152 I] [NM]: Control function with address 205 and NAME 000000000000000lx is now offline on channel 198344577.
15:35:06.696 [ISOBUS] addr=0x81 claimed=Y load=14.0% msgs=55206 aiso=1488(1509819ms) xte=0.00m spd=0.00m/s q=0 ggaAge=2 vtgAge=1 xteAge=1509819 xteraw=80:510302FF0D080AFF vt=Y(21/22) vtstat=1486/686ms tc=Y drp=0mm tcq=0
15:35:07.412 I] [NM]: External control function with name 000000000000000lx has claimed address 198344577 on channel 2684363008.
15:35:07.691 [ISOBUS] addr=0x81 claimed=Y load=14.3% msgs=55247 aiso=1489(1510819ms) xte=0.00m spd=0.00m/s q=0 ggaAge=2 vtgAge=2 xteAge=1510819 xteraw=80:510302FF0D080AFF vt=Y(21/22) vtstat=1487/686ms tc=Y drp=0mm tcq=0
15:35:08.176 I] [NM]: Control function with address 205 and NAME 000000000000000lx is now offline on channel 198344577.
15:35:08.686 [ISOBUS] addr=0x81 claimed=Y load=14.0% msgs=55288 aiso=1490(1511819ms) xte=0.00m spd=0.00m/s q=0 ggaAge=2 vtgAge=2 xteAge=1511819 xteraw=80:510302FF0D080AFF vt=Y(21/22) vtstat=1488/685ms tc=Y drp=0mm tcq=0
15:35:09.410 I] [NM]: External control function with name 000000000000000lx has claimed address 198344577 on channel 2684363008.
15:35:09.711 [ISOBUS] addr=0x81 claimed=Y load=14.2% msgs=55329 aiso=1491(1512819ms) xte=0.00m spd=0.00m/s q=0 ggaAge=2 vtgAge=1 xteAge=1512819 xteraw=80:510302FF0D080AFF vt=Y(21/22) vtstat=1489/685ms tc=Y drp=0mm tcq=0
15:35:10.693 [ISOBUS] addr=0x81 claimed=Y load=14.0% msgs=55369 aiso=1492(1513819ms) xte=0.00m spd=0.00m/s q=0 ggaAge=2 vtgAge=1 xteAge=1513819 xteraw=80:510302FF0D080AFF vt=Y(21/22) vtstat=1490/684ms tc=Y drp=0mm tcq=0
15:35:11.702 [ISOBUS] addr=0x81 claimed=Y load=14.2% msgs=55411 aiso=1493(1514819ms) xte=0.00m spd=0.00m/s q=0 ggaAge=2 vtgAge=1 xteAge=1514819 xteraw=80:510302FF0D080AFF vt=Y(21/22) vtstat=1491/684ms tc=Y drp=0mm tcq=0
15:35:12.703 [ISOBUS] addr=0x81 claimed=Y load=14.5% msgs=55456 aiso=1494(1515819ms) xte=0.00m spd=0.00m/s q=0 ggaAge=2 vtgAge=2 xteAge=1515819 xteraw=80:510302FF0D080AFF vt=Y(21/22) vtstat=1492/683ms tc=Y drp=0mm tcq=0
15:35:13.702 [ISOBUS] addr=0x81 claimed=Y load=14.2% msgs=55497 aiso=1495(1516819ms) xte=0.00m spd=0.00m/s q=0 ggaAge=3 vtgAge=2 xteAge=1516819 xteraw=80:510302FF0D080AFF vt=Y(21/22) vtstat=1493/682ms tc=Y drp=0mm tcq=0
15:35:14.703 [ISOBUS] addr=0x81 claimed=Y load=14.0% msgs=55538 aiso=1496(1517819ms) xte=0.00m spd=0.00m/s q=0 ggaAge=2 vtgAge=2 xteAge=1517819 xteraw=80:510302FF0D080AFF vt=Y(21/22) vtstat=1494/681ms tc=Y drp=0mm tcq=0
15:35:15.703 [ISOBUS] addr=0x81 claimed=Y load=14.2% msgs=55579 aiso=1497(1518819ms) xte=0.00m spd=0.00m/s q=0 ggaAge=2 vtgAge=2 xteAge=1518819 xteraw=80:510302FF0D080AFF vt=Y(21/22) vtstat=1495/681ms tc=Y drp=0mm tcq=0
15:35:16.690 [ISOBUS] addr=0x81 claimed=Y load=14.1% msgs=55620 aiso=1498(1519819ms) xte=0.00m spd=0.00m/s q=0 ggaAge=2 vtgAge=1 xteAge=1519819 xteraw=80:510302FF0D080AFF vt=Y(21/22) vtstat=1496/680ms tc=Y drp=0mm tcq=0
15:35:17.703 [ISOBUS] addr=0x81 claimed=Y load=14.2% msgs=55661 aiso=1499(1520819ms) xte=0.00m spd=0.00m/s q=0 ggaAge=3 vtgAge=2 xteAge=1520819 xteraw=80:510302FF0D080AFF vt=Y(21/22) vtstat=1497/680ms tc=Y drp=0mm tcq=0
15:35:18.695 [ISOBUS] addr=0x81 claimed=Y load=14.0% msgs=55702 aiso=1500(1521819ms) xte=0.00m spd=0.00m/s q=0 ggaAge=2 vtgAge=1 xteAge=1521819 xteraw=80:510302FF0D080AFF vt=Y(21/22) vtstat=1498/679ms tc=Y drp=0mm tcq=0
15:35:19.682 [ISOBUS] addr=0x81 claimed=Y load=14.3% msgs=55743 aiso=1501(1522819ms) xte=0.00m spd=0.00m/s q=0 ggaAge=2 vtgAge=2 xteAge=1522819 xteraw=80:510302FF0D080AFF vt=Y(21/22) vtstat=1499/679ms tc=Y drp=0mm tcq=0
15:35:20.699 [ISOBUS] addr=0x81 claimed=Y load=14.0% msgs=55784 aiso=1502(1523819ms) xte=0.00m spd=0.00m/s q=0 ggaAge=2 vtgAge=1 xteAge=1523819 xteraw=80:510302FF0D080AFF vt=Y(21/22) vtstat=1500/678ms tc=Y drp=0mm tcq=0
15:35:21.699 [ISOBUS] addr=0x81 claimed=Y load=14.2% msgs=55825 aiso=1503(1524819ms) xte=0.00m spd=0.00m/s q=0 ggaAge=2 vtgAge=1 xteAge=1524819 xteraw=80:510302FF0D080AFF vt=Y(21/22) vtstat=1501/678ms tc=Y drp=0mm tcq=0
15:35:22.700 [ISOBUS] addr=0x81 claimed=Y load=14.5% msgs=55870 aiso=1504(1525819ms) xte=0.00m spd=0.00m/s q=0 ggaAge=3 vtgAge=2 xteAge=1525819 xteraw=80:510302FF0D080AFF vt=Y(21/22) vtstat=1502/677ms tc=Y drp=0mm tcq=0
15:35:23.691 [ISOBUS] addr=0x81 claimed=Y load=14.2% msgs=55911 aiso=1505(1526819ms) xte=0.00m spd=0.00m/s q=0 ggaAge=2 vtgAge=2 xteAge=1526819 xteraw=80:510302FF0D080AFF vt=Y(21/22) vtstat=1503/676ms tc=Y drp=0mm tcq=0
15:35:24.710 [ISOBUS] addr=0x81 claimed=Y load=14.0% msgs=55952 aiso=1506(1527819ms) xte=0.00m spd=0.00m/s q=0 ggaAge=3 vtgAge=2 xteAge=1527819 xteraw=80:510302FF0D080AFF vt=Y(21/22) vtstat=1504/675ms tc=Y drp=0mm tcq=0
15:35:25.685 [ISOBUS] addr=0x81 claimed=Y load=14.2% msgs=55993 aiso=1507(1528819ms) xte=0.00m spd=0.00m/s q=0 ggaAge=3 vtgAge=2 xteAge=1528819 xteraw=80:510302FF0D080AFF vt=Y(21/22) vtstat=1505/675ms tc=Y drp=0mm tcq=0
15:35:26.699 [ISOBUS] addr=0x81 claimed=Y load=14.0% msgs=56034 aiso=1508(1529819ms) xte=0.00m spd=0.00m/s q=0 ggaAge=3 vtgAge=2 xteAge=1529819 xteraw=80:510302FF0D080AFF vt=Y(21/22) vtstat=1506/674ms tc=Y drp=0mm tcq=0
15:35:27.699 [ISOBUS] addr=0x81 claimed=Y load=14.2% msgs=56075 aiso=1509(1530819ms) xte=0.00m spd=0.00m/s q=0 ggaAge=3 vtgAge=2 xteAge=1530819 xteraw=80:510302FF0D080AFF vt=Y(21/22) vtstat=1507/674ms tc=Y drp=0mm tcq=0
15:35:28.705 [ISOBUS] addr=0x81 claimed=Y load=14.1% msgs=56116 aiso=1510(1531819ms) xte=0.00m spd=0.00m/s q=0 ggaAge=3 vtgAge=2 xteAge=1531819 xteraw=80:510302FF0D080AFF vt=Y(21/22) vtstat=1508/673ms tc=Y drp=0mm tcq=0
15:35:29.712 [ISOBUS] addr=0x81 claimed=Y load=14.2% msgs=56157 aiso=1511(1532819ms) xte=0.00m spd=0.00m/s q=0 ggaAge=3 vtgAge=2 xteAge=1532819 xteraw=80:510302FF0D080AFF vt=Y(21/22) vtstat=1509/673ms tc=Y drp=0mm tcq=0
15:35:30.698 [ISOBUS] addr=0x81 claimed=Y load=14.0% msgs=56198 aiso=1512(1533819ms) xte=0.00m spd=0.00m/s q=0 ggaAge=3 vtgAge=2 xteAge=1533819 xteraw=80:510302FF0D080AFF vt=Y(21/22) vtstat=1510/672ms tc=Y drp=0mm tcq=0
15:35:31.692 [ISOBUS] addr=0x81 claimed=Y load=14.3% msgs=56239 aiso=1513(1534819ms) xte=0.00m spd=0.00m/s q=0 ggaAge=2 vtgAge=1 xteAge=1534819 xteraw=80:510302FF0D080AFF vt=Y(21/22) vtstat=1511/671ms tc=Y drp=0mm tcq=0
15:35:32.705 [ISOBUS] addr=0x81 claimed=Y load=14.4% msgs=56284 aiso=1514(1535819ms) xte=0.00m spd=0.00m/s q=0 ggaAge=2 vtgAge=1 xteAge=1535819 xteraw=80:510302FF0D080AFF vt=Y(21/22) vtstat=1512/671ms tc=Y drp=0mm tcq=0
15:35:33.703 [ISOBUS] addr=0x81 claimed=Y load=14.2% msgs=56325 aiso=1515(1536819ms) xte=0.00m spd=0.00m/s q=0 ggaAge=3 vtgAge=2 xteAge=1536819 xteraw=80:510302FF0D080AFF vt=Y(21/22) vtstat=1513/670ms tc=Y drp=0mm tcq=0
15:35:34.692 [ISOBUS] addr=0x81 claimed=Y load=14.0% msgs=56366 aiso=1516(1537819ms) xte=0.00m spd=0.00m/s q=0 ggaAge=2 vtgAge=2 xteAge=1537819 xteraw=80:510302FF0D080AFF vt=Y(21/22) vtstat=1514/670ms tc=Y drp=0mm tcq=0
15:35:35.687 [ISOBUS] addr=0x81 claimed=Y load=14.2% msgs=56407 aiso=1517(1538819ms) xte=0.00m spd=0.00m/s q=0 ggaAge=3 vtgAge=2 xteAge=1538819 xteraw=80:510302FF0D080AFF vt=Y(21/22) vtstat=1515/669ms tc=Y drp=0mm tcq=0
15:35:36.709 [ISOBUS] addr=0x81 claimed=Y load=14.0% msgs=56448 aiso=1518(1539819ms) xte=0.00m spd=0.00m/s q=0 ggaAge=3 vtgAge=2 xteAge=1539819 xteraw=80:510302FF0D080AFF vt=Y(21/22) vtstat=1516/668ms tc=Y drp=0mm tcq=0
15:35:37.700 [ISOBUS] addr=0x81 claimed=Y load=14.2% msgs=56486 aiso=1519(1540819ms) xte=0.00m spd=0.00m/s q=0 ggaAge=103 vtgAge=102 xteAge=1540819 xteraw=80:510302FF0D080AFF vt=Y(21/22) vtstat=1517/668ms tc=Y drp=0mm tcq=0
15:35:38.702 [ISOBUS] addr=0x81 claimed=Y load=14.0% msgs=56530 aiso=1520(1541819ms) xte=0.00m spd=0.00m/s q=0 ggaAge=2 vtgAge=2 xteAge=1541819 xteraw=80:510302FF0D080AFF vt=Y(21/22) vtstat=1518/667ms tc=Y drp=0mm tcq=0
15:35:39.708 [ISOBUS] addr=0x81 claimed=Y load=14.2% msgs=56571 aiso=1521(1542819ms) xte=0.00m spd=0.00m/s q=0 ggaAge=2 vtgAge=2 xteAge=1542819 xteraw=80:510302FF0D080AFF vt=Y(21/22) vtstat=1519/667ms tc=Y drp=0mm tcq=0
15:35:40.686 [ISOBUS] addr=0x81 claimed=Y load=14.0% msgs=56612 aiso=1522(1543819ms) xte=0.00m spd=0.00m/s q=0 ggaAge=3 vtgAge=3 xteAge=1543819 xteraw=80:510302FF0D080AFF vt=Y(21/22) vtstat=1520/666ms tc=Y drp=0mm tcq=0
15:35:41.705 [ISOBUS] addr=0x81 claimed=Y load=14.2% msgs=56653 aiso=1523(1544819ms) xte=0.00m spd=0.00m/s q=0 ggaAge=3 vtgAge=2 xteAge=1544819 xteraw=80:510302FF0D080AFF vt=Y(21/22) vtstat=1521/665ms tc=Y drp=0mm tcq=0
15:35:42.684 [ISOBUS] addr=0x81 claimed=Y load=14.5% msgs=56698 aiso=1524(1545819ms) xte=0.00m spd=0.00m/s q=0 ggaAge=3 vtgAge=2 xteAge=1545819 xteraw=80:510302FF0D080AFF vt=Y(21/22) vtstat=1522/665ms tc=Y drp=0mm tcq=0
15:35:43.698 [ISOBUS] addr=0x81 claimed=Y load=14.2% msgs=56739 aiso=1525(1546819ms) xte=0.00m spd=0.00m/s q=0 ggaAge=3 vtgAge=3 xteAge=1546819 xteraw=80:510302FF0D080AFF vt=Y(21/22) vtstat=1523/664ms tc=Y drp=0mm tcq=0
15:35:44.694 [ISOBUS] addr=0x81 claimed=Y load=14.0% msgs=56780 aiso=1526(1547819ms) xte=0.00m spd=0.00m/s q=0 ggaAge=3 vtgAge=2 xteAge=1547819 xteraw=80:510302FF0D080AFF vt=Y(21/22) vtstat=1524/663ms tc=Y drp=0mm tcq=0
15:35:45.701 [ISOBUS] addr=0x81 claimed=Y load=14.2% msgs=56821 aiso=1527(1548819ms) xte=0.00m spd=0.00m/s q=0 ggaAge=3 vtgAge=2 xteAge=1548819 xteraw=80:510302FF0D080AFF vt=Y(21/22) vtstat=1525/663ms tc=Y drp=0mm tcq=0
15:35:46.684 [ISOBUS] addr=0x81 claimed=Y load=14.0% msgs=56862 aiso=1528(1549819ms) xte=0.00m spd=0.00m/s q=0 ggaAge=3 vtgAge=2 xteAge=1549819 xteraw=80:510302FF0D080AFF vt=Y(21/22) vtstat=1526/662ms tc=Y drp=0mm tcq=0
15:35:47.726 [ISOBUS] addr=0x81 claimed=Y load=14.2% msgs=56903 aiso=1529(1550819ms) xte=0.00m spd=0.00m/s q=0 ggaAge=2 vtgAge=2 xteAge=1550819 xteraw=80:510302FF0D080AFF vt=Y(21/22) vtstat=1527/662ms tc=Y drp=0mm tcq=0
15:35:48.683 [ISOBUS] addr=0x81 claimed=Y load=14.0% msgs=56944 aiso=1530(1551819ms) xte=0.00m spd=0.00m/s q=0 ggaAge=3 vtgAge=2 xteAge=1551819 xteraw=80:510302FF0D080AFF vt=Y(21/22) vtstat=1528/661ms tc=Y drp=0mm tcq=0
15:35:49.705 [ISOBUS] addr=0x81 claimed=Y load=14.2% msgs=56985 aiso=1531(1552819ms) xte=0.00m spd=0.00m/s q=0 ggaAge=3 vtgAge=2 xteAge=1552819 xteraw=80:510302FF0D080AFF vt=Y(21/22) vtstat=1529/661ms tc=Y drp=0mm tcq=0
15:35:50.683 [ISOBUS] addr=0x81 claimed=Y load=14.0% msgs=57026 aiso=1532(1553819ms) xte=0.00m spd=0.00m/s q=0 ggaAge=3 vtgAge=3 xteAge=1553819 xteraw=80:510302FF0D080AFF vt=Y(21/22) vtstat=1530/660ms tc=Y drp=0mm tcq=0
15:35:51.696 [ISOBUS] addr=0x81 claimed=Y load=14.2% msgs=57067 aiso=1533(1554819ms) xte=0.00m spd=0.00m/s q=0 ggaAge=3 vtgAge=2 xteAge=1554819 xteraw=80:510302FF0D080AFF vt=Y(21/22) vtstat=1531/659ms tc=Y drp=0mm tcq=0
15:35:52.686 [ISOBUS] addr=0x81 claimed=Y load=14.5% msgs=57112 aiso=1534(1555819ms) xte=0.00m spd=0.00m/s q=0 ggaAge=4 vtgAge=3 xteAge=1555819 xteraw=80:510302FF0D080AFF vt=Y(21/22) vtstat=1532/659ms tc=Y drp=0mm tcq=0
15:35:53.686 [ISOBUS] addr=0x81 claimed=Y load=14.2% msgs=57153 aiso=1535(1556819ms) xte=0.00m spd=0.00m/s q=0 ggaAge=3 vtgAge=3 xteAge=1556819 xteraw=80:510302FF0D080AFF vt=Y(21/22) vtstat=1533/658ms tc=Y drp=0mm tcq=0
15:35:54.710 [ISOBUS] addr=0x81 claimed=Y load=14.0% msgs=57194 aiso=1536(1557819ms) xte=0.00m spd=0.00m/s q=0 ggaAge=3 vtgAge=2 xteAge=1557819 xteraw=80:510302FF0D080AFF vt=Y(21/22) vtstat=1534/657ms tc=Y drp=0mm tcq=0
15:35:55.709 [ISOBUS] addr=0x81 claimed=Y load=14.2% msgs=57235 aiso=1537(1558819ms) xte=0.00m spd=0.00m/s q=0 ggaAge=3 vtgAge=2 xteAge=1558819 xteraw=80:510302FF0D080AFF vt=Y(21/22) vtstat=1535/657ms tc=Y drp=0mm tcq=0
15:35:56.691 [ISOBUS] addr=0x81 claimed=Y load=14.0% msgs=57276 aiso=1538(1559819ms) xte=0.00m spd=0.00m/s q=0 ggaAge=3 vtgAge=3 xteAge=1559819 xteraw=80:510302FF0D080AFF vt=Y(21/22) vtstat=1536/656ms tc=Y drp=0mm tcq=0
15:35:57.699 [ISOBUS] addr=0x81 claimed=Y load=14.2% msgs=57317 aiso=1539(1560819ms) xte=0.00m spd=0.00m/s q=0 ggaAge=3 vtgAge=2 xteAge=1560819 xteraw=80:510302FF0D080AFF vt=Y(21/22) vtstat=1537/656ms tc=Y drp=0mm tcq=0
15:35:58.698 [ISOBUS] addr=0x81 claimed=Y load=14.0% msgs=57358 aiso=1540(1561819ms) xte=0.00m spd=0.00m/s q=0 ggaAge=3 vtgAge=3 xteAge=1561819 xteraw=80:510302FF0D080AFF vt=Y(21/22) vtstat=1538/655ms tc=Y drp=0mm tcq=0
15:35:59.697 [ISOBUS] addr=0x81 claimed=Y load=14.2% msgs=57396 aiso=1541(1562819ms) xte=0.00m spd=0.00m/s q=0 ggaAge=103 vtgAge=103 xteAge=1562819 xteraw=80:510302FF0D080AFF vt=Y(21/22) vtstat=1539/654ms tc=Y drp=0mm tcq=0
15:36:00.685 [ISOBUS] addr=0x81 claimed=Y load=14.0% msgs=57440 aiso=1542(1563819ms) xte=0.00m spd=0.00m/s q=0 ggaAge=3 vtgAge=3 xteAge=1563819 xteraw=80:510302FF0D080AFF vt=Y(21/22) vtstat=1540/654ms tc=Y drp=0mm tcq=0
15:36:01.702 [ISOBUS] addr=0x81 claimed=Y load=14.2% msgs=57481 aiso=1543(1564819ms) xte=0.00m spd=0.00m/s q=0 ggaAge=3 vtgAge=2 xteAge=1564819 xteraw=80:510302FF0D080AFF vt=Y(21/22) vtstat=1541/653ms tc=Y drp=0mm tcq=0
15:36:02.718 [ISOBUS] addr=0x81 claimed=Y load=14.5% msgs=57526 aiso=1544(1565819ms) xte=0.00m spd=0.00m/s q=0 ggaAge=2 vtgAge=2 xteAge=1565819 xteraw=80:510302FF0D080AFF vt=Y(21/22) vtstat=1542/652ms tc=Y drp=0mm tcq=0
15:36:03.702 [ISOBUS] addr=0x81 claimed=Y load=14.2% msgs=57567 aiso=1545(1566819ms) xte=0.00m spd=0.00m/s q=0 ggaAge=3 vtgAge=2 xteAge=1566819 xteraw=80:510302FF0D080AFF vt=Y(21/22) vtstat=1543/652ms tc=Y drp=0mm tcq=0
15:36:04.700 [ISOBUS] addr=0x81 claimed=Y load=14.0% msgs=57608 aiso=1546(1567819ms) xte=0.00m spd=0.00m/s q=0 ggaAge=3 vtgAge=2 xteAge=1567819 xteraw=80:510302FF0D080AFF vt=Y(21/22) vtstat=1544/651ms tc=Y drp=0mm tcq=0
15:36:05.709 [ISOBUS] addr=0x81 claimed=Y load=14.2% msgs=57649 aiso=1547(1568819ms) xte=0.00m spd=0.00m/s q=0 ggaAge=3 vtgAge=3 xteAge=1568819 xteraw=80:510302FF0D080AFF vt=Y(21/22) vtstat=1545/651ms tc=Y drp=0mm tcq=0
15:36:06.703 [ISOBUS] addr=0x81 claimed=Y load=14.0% msgs=57690 aiso=1548(1569819ms) xte=0.00m spd=0.00m/s q=0 ggaAge=3 vtgAge=2 xteAge=1569819 xteraw=80:510302FF0D080AFF vt=Y(21/22) vtstat=1546/650ms tc=Y drp=0mm tcq=0
15:36:07.719 [ISOBUS] addr=0x81 claimed=Y load=14.2% msgs=57731 aiso=1549(1570819ms) xte=0.00m spd=0.00m/s q=0 ggaAge=3 vtgAge=3 xteAge=1570819 xteraw=80:510302FF0D080AFF vt=Y(21/22) vtstat=1547/650ms tc=Y drp=0mm tcq=0
15:36:08.685 [ISOBUS] addr=0x81 claimed=Y load=14.0% msgs=57772 aiso=1550(1571819ms) xte=0.00m spd=0.00m/s q=0 ggaAge=4 vtgAge=3 xteAge=1571819 xteraw=80:510302FF0D080AFF vt=Y(21/22) vtstat=1548/649ms tc=Y drp=0mm tcq=0
15:36:09.703 [ISOBUS] addr=0x81 claimed=Y load=14.2% msgs=57813 aiso=1551(1572819ms) xte=0.00m spd=0.00m/s q=0 ggaAge=4 vtgAge=3 xteAge=1572819 xteraw=80:510302FF0D080AFF vt=Y(21/22) vtstat=1549/649ms tc=Y drp=0mm tcq=0
15:36:10.685 [ISOBUS] addr=0x81 claimed=Y load=14.0% msgs=57854 aiso=1552(1573819ms) xte=0.00m spd=0.00m/s q=0 ggaAge=3 vtgAge=2 xteAge=1573819 xteraw=80:510302FF0D080AFF vt=Y(21/22) vtstat=1550/647ms tc=Y drp=0mm tcq=0
15:36:11.707 [ISOBUS] addr=0x81 claimed=Y load=14.2% msgs=57895 aiso=1553(1574819ms) xte=0.00m spd=0.00m/s q=0 ggaAge=3 vtgAge=3 xteAge=1574819 xteraw=80:510302FF0D080AFF vt=Y(21/22) vtstat=1551/647ms tc=Y drp=0mm tcq=0
15:36:12.715 [ISOBUS] addr=0x81 claimed=Y load=14.5% msgs=57940 aiso=1554(1575819ms) xte=0.00m spd=0.00m/s q=0 ggaAge=3 vtgAge=2 xteAge=1575819 xteraw=80:510302FF0D080AFF vt=Y(21/22) vtstat=1552/646ms tc=Y drp=0mm tcq=0
15:36:13.708 [ISOBUS] addr=0x81 claimed=Y load=14.2% msgs=57981 aiso=1555(1576819ms) xte=0.00m spd=0.00m/s q=0 ggaAge=3 vtgAge=2 xteAge=1576819 xteraw=80:510302FF0D080AFF vt=Y(21/22) vtstat=1553/646ms tc=Y drp=0mm tcq=0
15:36:14.705 [ISOBUS] addr=0x81 claimed=Y load=14.0% msgs=58022 aiso=1556(1577819ms) xte=0.00m spd=0.00m/s q=0 ggaAge=3 vtgAge=3 xteAge=1577819 xteraw=80:510302FF0D080AFF vt=Y(21/22) vtstat=1554/645ms tc=Y drp=0mm tcq=0
15:36:15.700 [ISOBUS] addr=0x81 claimed=Y load=14.2% msgs=58063 aiso=1557(1578819ms) xte=0.00m spd=0.00m/s q=0 ggaAge=3 vtgAge=2 xteAge=1578819 xteraw=80:510302FF0D080AFF vt=Y(21/22) vtstat=1555/645ms tc=Y drp=0mm tcq=0
15:36:16.687 [ISOBUS] addr=0x81 claimed=Y load=14.0% msgs=58104 aiso=1558(1579819ms) xte=0.00m spd=0.00m/s q=0 ggaAge=3 vtgAge=3 xteAge=1579819 xteraw=80:510302FF0D080AFF vt=Y(21/22) vtstat=1556/644ms tc=Y drp=0mm tcq=0
15:36:17.705 [ISOBUS] addr=0x81 claimed=Y load=14.2% msgs=58145 aiso=1559(1580819ms) xte=0.00m spd=0.00m/s q=0 ggaAge=3 vtgAge=3 xteAge=1580819 xteraw=80:510302FF0D080AFF vt=Y(21/22) vtstat=1557/644ms tc=Y drp=0mm tcq=0
15:36:18.689 [ISOBUS] addr=0x81 claimed=Y load=14.0% msgs=58186 aiso=1560(1581819ms) xte=0.00m spd=0.00m/s q=0 ggaAge=4 vtgAge=3 xteAge=1581819 xteraw=80:510302FF0D080AFF vt=Y(21/22) vtstat=1558/643ms tc=Y drp=0mm tcq=0
15:36:19.701 [ISOBUS] addr=0x81 claimed=Y load=14.2% msgs=58227 aiso=1561(1582819ms) xte=0.00m spd=0.00m/s q=0 ggaAge=3 vtgAge=3 xteAge=1582819 xteraw=80:510302FF0D080AFF vt=Y(21/22) vtstat=1559/642ms tc=Y drp=0mm tcq=0
15:36:20.713 [ISOBUS] addr=0x81 claimed=Y load=14.0% msgs=58268 aiso=1562(1583819ms) xte=0.00m spd=0.00m/s q=0 ggaAge=3 vtgAge=2 xteAge=1583819 xteraw=80:510302FF0D080AFF vt=Y(21/22) vtstat=1560/642ms tc=Y drp=0mm tcq=0
15:36:21.709 [ISOBUS] addr=0x81 claimed=Y load=14.2% msgs=58309 aiso=1563(1584819ms) xte=0.00m spd=0.00m/s q=0 ggaAge=3 vtgAge=2 xteAge=1584819 xteraw=80:510302FF0D080AFF vt=Y(21/22) vtstat=1561/641ms tc=Y drp=0mm tcq=0
15:36:22.687 [ISOBUS] addr=0x81 claimed=Y load=14.5% msgs=58354 aiso=1564(1585819ms) xte=0.00m spd=0.00m/s q=0 ggaAge=3 vtgAge=3 xteAge=1585819 xteraw=80:510302FF0D080AFF vt=Y(21/22) vtstat=1562/640ms tc=Y drp=0mm tcq=0
15:36:23.685 [ISOBUS] addr=0x81 claimed=Y load=14.2% msgs=58395 aiso=1565(1586819ms) xte=0.00m spd=0.00m/s q=0 ggaAge=4 vtgAge=3 xteAge=1586819 xteraw=80:510302FF0D080AFF vt=Y(21/22) vtstat=1563/640ms tc=Y drp=0mm tcq=0
15:36:24.707 [ISOBUS] addr=0x81 claimed=Y load=14.0% msgs=58436 aiso=1566(1587819ms) xte=0.00m spd=0.00m/s q=0 ggaAge=4 vtgAge=3 xteAge=1587819 xteraw=80:510302FF0D080AFF vt=Y(21/22) vtstat=1564/639ms tc=Y drp=0mm tcq=0
15:36:25.699 [ISOBUS] addr=0x81 claimed=Y load=14.2% msgs=58477 aiso=1567(1588819ms) xte=0.00m spd=0.00m/s q=0 ggaAge=3 vtgAge=2 xteAge=1588819 xteraw=80:510302FF0D080AFF vt=Y(21/22) vtstat=1565/639ms tc=Y drp=0mm tcq=0
15:36:26.685 [ISOBUS] addr=0x81 claimed=Y load=14.0% msgs=58518 aiso=1568(1589819ms) xte=0.00m spd=0.00m/s q=0 ggaAge=3 vtgAge=3 xteAge=1589819 xteraw=80:510302FF0D080AFF vt=Y(21/22) vtstat=1566/636ms tc=Y drp=0mm tcq=0
15:36:27.684 [ISOBUS] addr=0x81 claimed=Y load=14.2% msgs=58559 aiso=1569(1590819ms) xte=0.00m spd=0.00m/s q=0 ggaAge=4 vtgAge=3 xteAge=1590819 xteraw=80:510302FF0D080AFF vt=Y(21/22) vtstat=1567/636ms tc=Y drp=0mm tcq=0
15:36:28.704 [ISOBUS] addr=0x81 claimed=Y load=14.0% msgs=58600 aiso=1570(1591819ms) xte=0.00m spd=0.00m/s q=0 ggaAge=3 vtgAge=3 xteAge=1591819 xteraw=80:510302FF0D080AFF vt=Y(21/22) vtstat=1568/636ms tc=Y drp=0mm tcq=0
15:36:29.724 [ISOBUS] addr=0x81 claimed=Y load=14.2% msgs=58641 aiso=1571(1592819ms) xte=0.00m spd=0.00m/s q=0 ggaAge=4 vtgAge=3 xteAge=1592819 xteraw=80:510302FF0D080AFF vt=Y(21/22) vtstat=1569/636ms tc=Y drp=0mm tcq=0
15:36:30.689 [ISOBUS] addr=0x81 claimed=Y load=14.0% msgs=58682 aiso=1572(1593819ms) xte=0.00m spd=0.00m/s q=0 ggaAge=3 vtgAge=2 xteAge=1593819 xteraw=80:510302FF0D080AFF vt=Y(21/22) vtstat=1570/635ms tc=Y drp=0mm tcq=0
15:36:31.697 [ISOBUS] addr=0x81 claimed=Y load=14.2% msgs=58723 aiso=1573(1594819ms) xte=0.00m spd=0.00m/s q=0 ggaAge=3 vtgAge=3 xteAge=1594819 xteraw=80:510302FF0D080AFF vt=Y(21/22) vtstat=1571/635ms tc=Y drp=0mm tcq=0
15:36:32.704 [ISOBUS] addr=0x81 claimed=Y load=14.5% msgs=58768 aiso=1574(1595819ms) xte=0.00m spd=0.00m/s q=0 ggaAge=4 vtgAge=3 xteAge=1595819 xteraw=80:510302FF0D080AFF vt=Y(21/22) vtstat=1572/634ms tc=Y drp=0mm tcq=0
15:36:33.707 [ISOBUS] addr=0x81 claimed=Y load=14.2% msgs=58809 aiso=1575(1596819ms) xte=0.00m spd=0.00m/s q=0 ggaAge=4 vtgAge=4 xteAge=1596819 xteraw=80:510302FF0D080AFF vt=Y(21/22) vtstat=1573/633ms tc=Y drp=0mm tcq=0
15:36:34.689 [ISOBUS] addr=0x81 claimed=Y load=14.0% msgs=58850 aiso=1576(1597819ms) xte=0.00m spd=0.00m/s q=0 ggaAge=4 vtgAge=3 xteAge=1597819 xteraw=80:510302FF0D080AFF vt=Y(21/22) vtstat=1574/633ms tc=Y drp=0mm tcq=0
15:36:35.710 [ISOBUS] addr=0x81 claimed=Y load=14.2% msgs=58891 aiso=1577(1598819ms) xte=0.00m spd=0.00m/s q=0 ggaAge=3 vtgAge=3 xteAge=1598819 xteraw=80:510302FF0D080AFF vt=Y(21/22) vtstat=1575/632ms tc=Y drp=0mm tcq=0
15:36:36.690 [ISOBUS] addr=0x81 claimed=Y load=14.0% msgs=58932 aiso=1578(1599819ms) xte=0.00m spd=0.00m/s q=0 ggaAge=4 vtgAge=3 xteAge=1599819 xteraw=80:510302FF0D080AFF vt=Y(21/22) vtstat=1576/631ms tc=Y drp=0mm tcq=0
15:36:37.703 [ISOBUS] addr=0x81 claimed=Y load=14.2% msgs=58973 aiso=1579(1600819ms) xte=0.00m spd=0.00m/s q=0 ggaAge=4 vtgAge=3 xteAge=1600819 xteraw=80:510302FF0D080AFF vt=Y(21/22) vtstat=1577/631ms tc=Y drp=0mm tcq=0
15:36:38.727 [ISOBUS] addr=0x81 claimed=Y load=14.0% msgs=59014 aiso=1580(1601819ms) xte=0.00m spd=0.00m/s q=0 ggaAge=3 vtgAge=3 xteAge=1601819 xteraw=80:510302FF0D080AFF vt=Y(21/22) vtstat=1578/630ms tc=Y drp=0mm tcq=0
15:36:39.699 [ISOBUS] addr=0x81 claimed=Y load=14.2% msgs=59055 aiso=1581(1602819ms) xte=0.00m spd=0.00m/s q=0 ggaAge=4 vtgAge=3 xteAge=1602819 xteraw=80:510302FF0D080AFF vt=Y(21/22) vtstat=1579/630ms tc=Y drp=0mm tcq=0
15:36:40.688 [ISOBUS] addr=0x81 claimed=Y load=14.0% msgs=59096 aiso=1582(1603819ms) xte=0.00m spd=0.00m/s q=0 ggaAge=4 vtgAge=3 xteAge=1603819 xteraw=80:510302FF0D080AFF vt=Y(21/22) vtstat=1580/629ms tc=Y drp=0mm tcq=0
15:36:41.694 [ISOBUS] addr=0x81 claimed=Y load=14.2% msgs=59137 aiso=1583(1604819ms) xte=0.00m spd=0.00m/s q=0 ggaAge=4 vtgAge=4 xteAge=1604819 xteraw=80:510302FF0D080AFF vt=Y(21/22) vtstat=1581/629ms tc=Y drp=0mm tcq=0
15:36:42.697 [ISOBUS] addr=0x81 claimed=Y load=14.5% msgs=59182 aiso=1584(1605819ms) xte=0.00m spd=0.00m/s q=0 ggaAge=3 vtgAge=3 xteAge=1605819 xteraw=80:510302FF0D080AFF vt=Y(21/22) vtstat=1582/628ms tc=Y drp=0mm tcq=0
15:36:43.702 [ISOBUS] addr=0x81 claimed=Y load=14.2% msgs=59223 aiso=1585(1606819ms) xte=0.00m spd=0.00m/s q=0 ggaAge=4 vtgAge=3 xteAge=1606819 xteraw=80:510302FF0D080AFF vt=Y(21/22) vtstat=1583/625ms tc=Y drp=0mm tcq=0
15:36:44.711 [ISOBUS] addr=0x81 claimed=Y load=14.0% msgs=59264 aiso=1586(1607819ms) xte=0.00m spd=0.00m/s q=0 ggaAge=4 vtgAge=3 xteAge=1607819 xteraw=80:510302FF0D080AFF vt=Y(21/22) vtstat=1584/625ms tc=Y drp=0mm tcq=0
15:36:45.707 [ISOBUS] addr=0x81 claimed=Y load=14.2% msgs=59305 aiso=1587(1608819ms) xte=0.00m spd=0.00m/s q=0 ggaAge=4 vtgAge=3 xteAge=1608819 xteraw=80:510302FF0D080AFF vt=Y(21/22) vtstat=1585/625ms tc=Y drp=0mm tcq=0
15:36:46.717 [ISOBUS] addr=0x81 claimed=Y load=14.0% msgs=59346 aiso=1588(1609819ms) xte=0.00m spd=0.00m/s q=0 ggaAge=4 vtgAge=4 xteAge=1609819 xteraw=80:510302FF0D080AFF vt=Y(21/22) vtstat=1586/625ms tc=Y drp=0mm tcq=0
15:36:47.702 [ISOBUS] addr=0x81 claimed=Y load=14.2% msgs=59387 aiso=1589(1610819ms) xte=0.00m spd=0.00m/s q=0 ggaAge=4 vtgAge=3 xteAge=1610819 xteraw=80:510302FF0D080AFF vt=Y(21/22) vtstat=1587/625ms tc=Y drp=0mm tcq=0
15:36:48.689 [ISOBUS] addr=0x81 claimed=Y load=14.0% msgs=59425 aiso=1590(1611819ms) xte=0.00m spd=0.00m/s q=0 ggaAge=104 vtgAge=104 xteAge=1611819 xteraw=80:510302FF0D080AFF vt=Y(21/22) vtstat=1588/624ms tc=Y drp=0mm tcq=0
15:36:49.701 [ISOBUS] addr=0x81 claimed=Y load=14.2% msgs=59469 aiso=1591(1612819ms) xte=0.00m spd=0.00m/s q=0 ggaAge=4 vtgAge=3 xteAge=1612819 xteraw=80:510302FF0D080AFF vt=Y(21/22) vtstat=1589/624ms tc=Y drp=0mm tcq=0
15:36:50.708 [ISOBUS] addr=0x81 claimed=Y load=14.0% msgs=59510 aiso=1592(1613819ms) xte=0.00m spd=0.00m/s q=0 ggaAge=4 vtgAge=3 xteAge=1613819 xteraw=80:510302FF0D080AFF vt=Y(21/22) vtstat=1590/623ms tc=Y drp=0mm tcq=0
15:36:51.697 [ISOBUS] addr=0x81 claimed=Y load=14.2% msgs=59551 aiso=1593(1614819ms) xte=0.00m spd=0.00m/s q=0 ggaAge=3 vtgAge=3 xteAge=1614819 xteraw=80:510302FF0D080AFF vt=Y(21/22) vtstat=1591/623ms tc=Y drp=0mm tcq=0
15:36:52.701 [ISOBUS] addr=0x81 claimed=Y load=14.5% msgs=59596 aiso=1594(1615819ms) xte=0.00m spd=0.00m/s q=0 ggaAge=3 vtgAge=2 xteAge=1615819 xteraw=80:510302FF0D080AFF vt=Y(21/22) vtstat=1592/622ms tc=Y drp=0mm tcq=0
15:36:53.691 [ISOBUS] addr=0x81 claimed=Y load=14.2% msgs=59637 aiso=1595(1616819ms) xte=0.00m spd=0.00m/s q=0 ggaAge=4 vtgAge=4 xteAge=1616819 xteraw=80:510302FF0D080AFF vt=Y(21/22) vtstat=1593/621ms tc=Y drp=0mm tcq=0
15:36:54.714 [ISOBUS] addr=0x81 claimed=Y load=14.0% msgs=59678 aiso=1596(1617819ms) xte=0.00m spd=0.00m/s q=0 ggaAge=4 vtgAge=3 xteAge=1617819 xteraw=80:510302FF0D080AFF vt=Y(21/22) vtstat=1594/621ms tc=Y drp=0mm tcq=0
15:36:55.690 [ISOBUS] addr=0x81 claimed=Y load=14.2% msgs=59719 aiso=1597(1618819ms) xte=0.00m spd=0.00m/s q=0 ggaAge=4 vtgAge=3 xteAge=1618819 xteraw=80:510302FF0D080AFF vt=Y(21/22) vtstat=1595/620ms tc=Y drp=0mm tcq=0
15:36:56.699 [ISOBUS] addr=0x81 claimed=Y load=14.0% msgs=59760 aiso=1598(1619819ms) xte=0.00m spd=0.00m/s q=0 ggaAge=4 vtgAge=3 xteAge=1619819 xteraw=80:510302FF0D080AFF vt=Y(21/22) vtstat=1596/619ms tc=Y drp=0mm tcq=0
15:36:57.692 [ISOBUS] addr=0x81 claimed=Y load=14.2% msgs=59801 aiso=1599(1620819ms) xte=0.00m spd=0.00m/s q=0 ggaAge=4 vtgAge=3 xteAge=1620819 xteraw=80:510302FF0D080AFF vt=Y(21/22) vtstat=1597/619ms tc=Y drp=0mm tcq=0
15:36:58.692 [ISOBUS] addr=0x81 claimed=Y load=14.0% msgs=59842 aiso=1600(1621819ms) xte=0.00m spd=0.00m/s q=0 ggaAge=4 vtgAge=4 xteAge=1621819 xteraw=80:510302FF0D080AFF vt=Y(21/22) vtstat=1598/618ms tc=Y drp=0mm tcq=0
15:36:59.695 [ISOBUS] addr=0x81 claimed=Y load=14.2% msgs=59883 aiso=1601(1622819ms) xte=0.00m spd=0.00m/s q=0 ggaAge=4 vtgAge=4 xteAge=1622819 xteraw=80:510302FF0D080AFF vt=Y(21/22) vtstat=1599/618ms tc=Y drp=0mm tcq=0
15:37:00.703 [ISOBUS] addr=0x81 claimed=Y load=14.0% msgs=59924 aiso=1602(1623819ms) xte=0.00m spd=0.00m/s q=0 ggaAge=3 vtgAge=2 xteAge=1623819 xteraw=80:510302FF0D080AFF vt=Y(21/22) vtstat=1600/616ms tc=Y drp=0mm tcq=0
15:37:01.704 [ISOBUS] addr=0x81 claimed=Y load=14.2% msgs=59965 aiso=1603(1624819ms) xte=0.00m spd=0.00m/s q=0 ggaAge=4 vtgAge=3 xteAge=1624819 xteraw=80:510302FF0D080AFF vt=Y(21/22) vtstat=1601/616ms tc=Y drp=0mm tcq=0
15:37:02.685 [ISOBUS] addr=0x81 claimed=Y load=14.5% msgs=60010 aiso=1604(1625819ms) xte=0.00m spd=0.00m/s q=0 ggaAge=4 vtgAge=3 xteAge=1625819 xteraw=80:510302FF0D080AFF vt=Y(21/22) vtstat=1602/615ms tc=Y drp=0mm tcq=0
15:37:03.687 [ISOBUS] addr=0x81 claimed=Y load=14.2% msgs=60051 aiso=1605(1626819ms) xte=0.00m spd=0.00m/s q=0 ggaAge=4 vtgAge=3 xteAge=1626819 xteraw=80:510302FF0D080AFF vt=Y(21/22) vtstat=1603/615ms tc=Y drp=0mm tcq=0
15:37:04.717 [ISOBUS] addr=0x81 claimed=Y load=14.0% msgs=60092 aiso=1606(1627819ms) xte=0.00m spd=0.00m/s q=0 ggaAge=4 vtgAge=4 xteAge=1627819 xteraw=80:510302FF0D080AFF vt=Y(21/22) vtstat=1604/614ms tc=Y drp=0mm tcq=0
15:37:05.689 [ISOBUS] addr=0x81 claimed=Y load=14.2% msgs=60133 aiso=1607(1628819ms) xte=0.00m spd=0.00m/s q=0 ggaAge=4 vtgAge=4 xteAge=1628819 xteraw=80:510302FF0D080AFF vt=Y(21/22) vtstat=1605/614ms tc=Y drp=0mm tcq=0
15:37:06.691 [ISOBUS] addr=0x81 claimed=Y load=14.0% msgs=60174 aiso=1608(1629819ms) xte=0.00m spd=0.00m/s q=0 ggaAge=4 vtgAge=4 xteAge=1629819 xteraw=80:510302FF0D080AFF vt=Y(21/22) vtstat=1606/613ms tc=Y drp=0mm tcq=0
15:37:07.717 [ISOBUS] addr=0x81 claimed=Y load=14.2% msgs=60215 aiso=1609(1630819ms) xte=0.00m spd=0.00m/s q=0 ggaAge=3 vtgAge=3 xteAge=1630819 xteraw=80:510302FF0D080AFF vt=Y(21/22) vtstat=1607/613ms tc=Y drp=0mm tcq=0
15:37:08.687 [ISOBUS] addr=0x81 claimed=Y load=14.0% msgs=60256 aiso=1610(1631819ms) xte=0.00m spd=0.00m/s q=0 ggaAge=3 vtgAge=2 xteAge=1631819 xteraw=80:510302FF0D080AFF vt=Y(21/22) vtstat=1608/612ms tc=Y drp=0mm tcq=0
15:37:09.690 [ISOBUS] addr=0x81 claimed=Y load=14.2% msgs=60297 aiso=1611(1632819ms) xte=0.00m spd=0.00m/s q=0 ggaAge=4 vtgAge=3 xteAge=1632819 xteraw=80:510302FF0D080AFF vt=Y(21/22) vtstat=1609/611ms tc=Y drp=0mm tcq=0
15:37:10.703 [ISOBUS] addr=0x81 claimed=Y load=14.0% msgs=60338 aiso=1612(1633819ms) xte=0.00m spd=0.00m/s q=0 ggaAge=4 vtgAge=4 xteAge=1633819 xteraw=80:510302FF0D080AFF vt=Y(21/22) vtstat=1610/610ms tc=Y drp=0mm tcq=0
15:37:11.689 [ISOBUS] addr=0x81 claimed=Y load=14.2% msgs=60379 aiso=1613(1634819ms) xte=0.00m spd=0.00m/s q=0 ggaAge=4 vtgAge=4 xteAge=1634819 xteraw=80:510302FF0D080AFF vt=Y(21/22) vtstat=1611/610ms tc=Y drp=0mm tcq=0
15:37:12.688 [ISOBUS] addr=0x81 claimed=Y load=14.5% msgs=60424 aiso=1614(1635819ms) xte=0.00m spd=0.00m/s q=0 ggaAge=4 vtgAge=3 xteAge=1635819 xteraw=80:510302FF0D080AFF vt=Y(21/22) vtstat=1612/609ms tc=Y drp=0mm tcq=0
15:37:13.690 [ISOBUS] addr=0x81 claimed=Y load=14.2% msgs=60465 aiso=1615(1636819ms) xte=0.00m spd=0.00m/s q=0 ggaAge=4 vtgAge=3 xteAge=1636819 xteraw=80:510302FF0D080AFF vt=Y(21/22) vtstat=1613/609ms tc=Y drp=0mm tcq=0
15:37:14.692 [ISOBUS] addr=0x81 claimed=Y load=14.0% msgs=60503 aiso=1616(1637819ms) xte=0.00m spd=0.00m/s q=0 ggaAge=104 vtgAge=103 xteAge=1637819 xteraw=80:510302FF0D080AFF vt=Y(21/22) vtstat=1614/608ms tc=Y drp=0mm tcq=0
15:37:15.705 [ISOBUS] addr=0x81 claimed=Y load=14.2% msgs=60547 aiso=1617(1638819ms) xte=0.00m spd=0.00m/s q=0 ggaAge=4 vtgAge=4 xteAge=1638819 xteraw=80:510302FF0D080AFF vt=Y(21/22) vtstat=1615/607ms tc=Y drp=0mm tcq=0
15:37:16.698 [ISOBUS] addr=0x81 claimed=Y load=14.0% msgs=60588 aiso=1618(1639819ms) xte=0.00m spd=0.00m/s q=0 ggaAge=4 vtgAge=3 xteAge=1639819 xteraw=80:510302FF0D080AFF vt=Y(21/22) vtstat=1616/607ms tc=Y drp=0mm tcq=0
15:37:17.702 [ISOBUS] addr=0x81 claimed=Y load=14.2% msgs=60629 aiso=1619(1640819ms) xte=0.00m spd=0.00m/s q=0 ggaAge=4 vtgAge=3 xteAge=1640819 xteraw=80:510302FF0D080AFF vt=Y(21/22) vtstat=1617/605ms tc=Y drp=0mm tcq=0
15:37:18.706 [ISOBUS] addr=0x81 claimed=Y load=14.0% msgs=60670 aiso=1620(1641819ms) xte=0.00m spd=0.00m/s q=0 ggaAge=4 vtgAge=3 xteAge=1641819 xteraw=80:510302FF0D080AFF vt=Y(21/22) vtstat=1618/604ms tc=Y drp=0mm tcq=0
15:37:19.689 [ISOBUS] addr=0x81 claimed=Y load=14.2% msgs=60711 aiso=1621(1642819ms) xte=0.00m spd=0.00m/s q=0 ggaAge=3 vtgAge=2 xteAge=1642819 xteraw=80:510302FF0D080AFF vt=Y(21/22) vtstat=1619/603ms tc=Y drp=0mm tcq=0
15:37:20.689 [ISOBUS] addr=0x81 claimed=Y load=14.0% msgs=60752 aiso=1622(1643819ms) xte=0.00m spd=0.00m/s q=0 ggaAge=4 vtgAge=3 xteAge=1643819 xteraw=80:510302FF0D080AFF vt=Y(21/22) vtstat=1620/604ms tc=Y drp=0mm tcq=0
15:37:21.704 [ISOBUS] addr=0x81 claimed=Y load=14.2% msgs=60793 aiso=1623(1644819ms) xte=0.00m spd=0.00m/s q=0 ggaAge=4 vtgAge=3 xteAge=1644819 xteraw=80:510302FF0D080AFF vt=Y(21/22) vtstat=1621/603ms tc=Y drp=0mm tcq=0
15:37:22.715 [ISOBUS] addr=0x81 claimed=Y load=14.5% msgs=60838 aiso=1624(1645819ms) xte=0.00m spd=0.00m/s q=0 ggaAge=4 vtgAge=3 xteAge=1645819 xteraw=80:510302FF0D080AFF vt=Y(21/22) vtstat=1622/602ms tc=Y drp=0mm tcq=0
15:37:23.702 [ISOBUS] addr=0x81 claimed=Y load=14.2% msgs=60879 aiso=1625(1646819ms) xte=0.00m spd=0.00m/s q=0 ggaAge=4 vtgAge=3 xteAge=1646819 xteraw=80:510302FF0D080AFF vt=Y(21/22) vtstat=1623/602ms tc=Y drp=0mm tcq=0
15:37:24.695 [ISOBUS] addr=0x81 claimed=Y load=14.0% msgs=60920 aiso=1626(1647819ms) xte=0.00m spd=0.00m/s q=0 ggaAge=4 vtgAge=3 xteAge=1647819 xteraw=80:510302FF0D080AFF vt=Y(21/22) vtstat=1624/601ms tc=Y drp=0mm tcq=0
15:37:25.716 [ISOBUS] addr=0x81 claimed=Y load=14.2% msgs=60961 aiso=1627(1648819ms) xte=0.00m spd=0.00m/s q=0 ggaAge=3 vtgAge=3 xteAge=1648819 xteraw=80:510302FF0D080AFF vt=Y(21/22) vtstat=1625/601ms tc=Y drp=0mm tcq=0
15:37:26.743 [ISOBUS] addr=0x81 claimed=Y load=14.0% msgs=61002 aiso=1628(1649819ms) xte=0.00m spd=0.00m/s q=0 ggaAge=4 vtgAge=3 xteAge=1649819 xteraw=80:510302FF0D080AFF vt=Y(21/22) vtstat=1626/600ms tc=Y drp=0mm tcq=0
15:37:27.721 [ISOBUS] addr=0x81 claimed=Y load=14.2% msgs=61043 aiso=1629(1650819ms) xte=0.00m spd=0.00m/s q=0 ggaAge=4 vtgAge=3 xteAge=1650819 xteraw=80:510302FF0D080AFF vt=Y(21/22) vtstat=1627/600ms tc=Y drp=0mm tcq=0
15:37:28.697 [ISOBUS] addr=0x81 claimed=Y load=14.0% msgs=61084 aiso=1630(1651819ms) xte=0.00m spd=0.00m/s q=0 ggaAge=4 vtgAge=3 xteAge=1651819 xteraw=80:510302FF0D080AFF vt=Y(21/22) vtstat=1628/599ms tc=Y drp=0mm tcq=0
15:37:29.715 [ISOBUS] addr=0x81 claimed=Y load=14.2% msgs=61125 aiso=1631(1652819ms) xte=0.00m spd=0.00m/s q=0 ggaAge=4 vtgAge=3 xteAge=1652819 xteraw=80:510302FF0D080AFF vt=Y(21/22) vtstat=1629/598ms tc=Y drp=0mm tcq=0
15:37:30.703 [ISOBUS] addr=0x81 claimed=Y load=14.0% msgs=61166 aiso=1632(1653819ms) xte=0.00m spd=0.00m/s q=0 ggaAge=4 vtgAge=3 xteAge=1653819 xteraw=80:510302FF0D080AFF vt=Y(21/22) vtstat=1630/597ms tc=Y drp=0mm tcq=0
15:37:31.706 [ISOBUS] addr=0x81 claimed=Y load=14.2% msgs=61207 aiso=1633(1654819ms) xte=0.00m spd=0.00m/s q=0 ggaAge=3 vtgAge=3 xteAge=1654819 xteraw=80:510302FF0D080AFF vt=Y(21/22) vtstat=1631/597ms tc=Y drp=0mm tcq=0
15:37:32.713 [ISOBUS] addr=0x81 claimed=Y load=14.5% msgs=61252 aiso=1634(1655819ms) xte=0.00m spd=0.00m/s q=0 ggaAge=4 vtgAge=3 xteAge=1655819 xteraw=80:510302FF0D080AFF vt=Y(21/22) vtstat=1632/596ms tc=Y drp=0mm tcq=0
15:37:33.698 [ISOBUS] addr=0x81 claimed=Y load=14.2% msgs=61293 aiso=1635(1656819ms) xte=0.00m spd=0.00m/s q=0 ggaAge=4 vtgAge=3 xteAge=1656819 xteraw=80:510302FF0D080AFF vt=Y(21/22) vtstat=1633/595ms tc=Y drp=0mm tcq=0
15:37:34.716 [ISOBUS] addr=0x81 claimed=Y load=14.0% msgs=61334 aiso=1636(1657819ms) xte=0.00m spd=0.00m/s q=0 ggaAge=3 vtgAge=3 xteAge=1657819 xteraw=80:510302FF0D080AFF vt=Y(21/22) vtstat=1634/595ms tc=Y drp=0mm tcq=0
15:37:35.689 [ISOBUS] addr=0x81 claimed=Y load=14.2% msgs=61375 aiso=1637(1658819ms) xte=0.00m spd=0.00m/s q=0 ggaAge=4 vtgAge=3 xteAge=1658819 xteraw=80:510302FF0D080AFF vt=Y(21/22) vtstat=1635/594ms tc=Y drp=0mm tcq=0
15:37:36.699 [ISOBUS] addr=0x81 claimed=Y load=14.0% msgs=61416 aiso=1638(1659819ms) xte=0.00m spd=0.00m/s q=0 ggaAge=4 vtgAge=3 xteAge=1659819 xteraw=80:510302FF0D080AFF vt=Y(21/22) vtstat=1636/594ms tc=Y drp=0mm tcq=0
15:37:37.705 [ISOBUS] addr=0x81 claimed=Y load=14.2% msgs=61457 aiso=1639(1660819ms) xte=0.00m spd=0.00m/s q=0 ggaAge=3 vtgAge=2 xteAge=1660819 xteraw=80:510302FF0D080AFF vt=Y(21/22) vtstat=1637/593ms tc=Y drp=0mm tcq=0
15:37:38.702 [ISOBUS] addr=0x81 claimed=Y load=14.0% msgs=61498 aiso=1640(1661819ms) xte=0.00m spd=0.00m/s q=0 ggaAge=3 vtgAge=3 xteAge=1661819 xteraw=80:510302FF0D080AFF vt=Y(21/22) vtstat=1638/592ms tc=Y drp=0mm tcq=0
15:37:39.706 [ISOBUS] addr=0x81 claimed=Y load=14.2% msgs=61539 aiso=1641(1662819ms) xte=0.00m spd=0.00m/s q=0 ggaAge=4 vtgAge=3 xteAge=1662819 xteraw=80:510302FF0D080AFF vt=Y(21/22) vtstat=1639/592ms tc=Y drp=0mm tcq=0
15:37:40.706 [ISOBUS] addr=0x81 claimed=Y load=14.0% msgs=61580 aiso=1642(1663819ms) xte=0.00m spd=0.00m/s q=0 ggaAge=3 vtgAge=3 xteAge=1663819 xteraw=80:510302FF0D080AFF vt=Y(21/22) vtstat=1640/591ms tc=Y drp=0mm tcq=0
15:37:41.700 [ISOBUS] addr=0x81 claimed=Y load=14.2% msgs=61621 aiso=1643(1664819ms) xte=0.00m spd=0.00m/s q=0 ggaAge=3 vtgAge=3 xteAge=1664819 xteraw=80:510302FF0D080AFF vt=Y(21/22) vtstat=1641/590ms tc=Y drp=0mm tcq=0
15:37:42.699 [ISOBUS] addr=0x81 claimed=Y load=14.5% msgs=61666 aiso=1644(1665819ms) xte=0.00m spd=0.00m/s q=0 ggaAge=3 vtgAge=3 xteAge=1665819 xteraw=80:510302FF0D080AFF vt=Y(21/22) vtstat=1642/590ms tc=Y drp=0mm tcq=0
15:37:43.689 [ISOBUS] addr=0x81 claimed=Y load=14.2% msgs=61707 aiso=1645(1666819ms) xte=0.00m spd=0.00m/s q=0 ggaAge=4 vtgAge=3 xteAge=1666819 xteraw=80:510302FF0D080AFF vt=Y(21/22) vtstat=1643/589ms tc=Y drp=0mm tcq=0
15:37:44.689 [ISOBUS] addr=0x81 claimed=Y load=14.0% msgs=61748 aiso=1646(1667819ms) xte=0.00m spd=0.00m/s q=0 ggaAge=3 vtgAge=3 xteAge=1667819 xteraw=80:510302FF0D080AFF vt=Y(21/22) vtstat=1644/588ms tc=Y drp=0mm tcq=0
15:37:45.712 [ISOBUS] addr=0x81 claimed=Y load=14.2% msgs=61789 aiso=1647(1668819ms) xte=0.00m spd=0.00m/s q=0 ggaAge=3 vtgAge=3 xteAge=1668819 xteraw=80:510302FF0D080AFF vt=Y(21/22) vtstat=1645/588ms tc=Y drp=0mm tcq=0
15:37:46.692 [ISOBUS] addr=0x81 claimed=Y load=14.0% msgs=61827 aiso=1648(1669819ms) xte=0.00m spd=0.00m/s q=0 ggaAge=103 vtgAge=102 xteAge=1669819 xteraw=80:510302FF0D080AFF vt=Y(21/22) vtstat=1646/587ms tc=Y drp=0mm tcq=0
15:37:47.704 [ISOBUS] addr=0x81 claimed=Y load=14.2% msgs=61871 aiso=1649(1670819ms) xte=0.00m spd=0.00m/s q=0 ggaAge=3 vtgAge=3 xteAge=1670819 xteraw=80:510302FF0D080AFF vt=Y(21/22) vtstat=1647/587ms tc=Y drp=0mm tcq=0
15:37:48.703 [ISOBUS] addr=0x81 claimed=Y load=14.0% msgs=61912 aiso=1650(1671819ms) xte=0.00m spd=0.00m/s q=0 ggaAge=3 vtgAge=2 xteAge=1671819 xteraw=80:510302FF0D080AFF vt=Y(21/22) vtstat=1648/585ms tc=Y drp=0mm tcq=0
15:37:49.724 [ISOBUS] addr=0x81 claimed=Y load=14.2% msgs=61953 aiso=1651(1672819ms) xte=0.00m spd=0.00m/s q=0 ggaAge=3 vtgAge=2 xteAge=1672819 xteraw=80:510302FF0D080AFF vt=Y(21/22) vtstat=1649/585ms tc=Y drp=0mm tcq=0
15:37:50.168 I] [NM]: Control function with address 205 and NAME 000000000000000lx is now offline on channel 198344577.
15:37:50.720 [ISOBUS] addr=0x81 claimed=Y load=14.0% msgs=61994 aiso=1652(1673819ms) xte=0.00m spd=0.00m/s q=0 ggaAge=3 vtgAge=3 xteAge=1673819 xteraw=80:510302FF0D080AFF vt=Y(21/22) vtstat=1650/584ms tc=Y drp=0mm tcq=0
15:37:51.428 I] [NM]: External control function with name 000000000000000lx has claimed address 198344577 on channel 2684363008.
15:37:51.715 [ISOBUS] addr=0x81 claimed=Y load=14.2% msgs=62035 aiso=1653(1674819ms) xte=0.00m spd=0.00m/s q=0 ggaAge=3 vtgAge=2 xteAge=1674819 xteraw=80:510302FF0D080AFF vt=Y(21/22) vtstat=1651/584ms tc=Y drp=0mm tcq=0
15:37:52.700 [ISOBUS] addr=0x81 claimed=Y load=14.5% msgs=62080 aiso=1654(1675819ms) xte=0.00m spd=0.00m/s q=0 ggaAge=3 vtgAge=2 xteAge=1675819 xteraw=80:510302FF0D080AFF vt=Y(21/22) vtstat=1652/583ms tc=Y drp=0mm tcq=0
15:37:53.720 [ISOBUS] addr=0x81 claimed=Y load=14.2% msgs=62121 aiso=1655(1676819ms) xte=0.00m spd=0.00m/s q=0 ggaAge=3 vtgAge=3 xteAge=1676819 xteraw=80:510302FF0D080AFF vt=Y(21/22) vtstat=1653/583ms tc=Y drp=0mm tcq=0
15:37:54.699 [ISOBUS] addr=0x81 claimed=Y load=14.0% msgs=62162 aiso=1656(1677819ms) xte=0.00m spd=0.00m/s q=0 ggaAge=4 vtgAge=3 xteAge=1677819 xteraw=80:510302FF0D080AFF vt=Y(21/22) vtstat=1654/582ms tc=Y drp=0mm tcq=0
15:37:55.705 [ISOBUS] addr=0x81 claimed=Y load=14.2% msgs=62203 aiso=1657(1678819ms) xte=0.00m spd=0.00m/s q=0 ggaAge=3 vtgAge=2 xteAge=1678819 xteraw=80:510302FF0D080AFF vt=Y(21/22) vtstat=1655/582ms tc=Y drp=0mm tcq=0
15:37:56.720 [ISOBUS] addr=0x81 claimed=Y load=14.0% msgs=62244 aiso=1658(1679819ms) xte=0.00m spd=0.00m/s q=0 ggaAge=3 vtgAge=2 xteAge=1679819 xteraw=80:510302FF0D080AFF vt=Y(21/22) vtstat=1656/581ms tc=Y drp=0mm tcq=0
15:37:57.695 [ISOBUS] addr=0x81 claimed=Y load=14.2% msgs=62285 aiso=1659(1680819ms) xte=0.00m spd=0.00m/s q=0 ggaAge=3 vtgAge=2 xteAge=1680819 xteraw=80:510302FF0D080AFF vt=Y(21/22) vtstat=1657/580ms tc=Y drp=0mm tcq=0
15:37:58.715 [ISOBUS] addr=0x81 claimed=Y load=14.0% msgs=62326 aiso=1660(1681819ms) xte=0.00m spd=0.00m/s q=0 ggaAge=4 vtgAge=3 xteAge=1681819 xteraw=80:510302FF0D080AFF vt=Y(21/22) vtstat=1658/580ms tc=Y drp=0mm tcq=0
15:37:59.712 [ISOBUS] addr=0x81 claimed=Y load=14.2% msgs=62367 aiso=1661(1682819ms) xte=0.00m spd=0.00m/s q=0 ggaAge=5 vtgAge=3 xteAge=1682819 xteraw=80:510302FF0D080AFF vt=Y(21/22) vtstat=1659/579ms tc=Y drp=0mm tcq=0
15:38:00.704 [ISOBUS] addr=0x81 claimed=Y load=14.0% msgs=62408 aiso=1662(1683819ms) xte=0.00m spd=0.00m/s q=0 ggaAge=3 vtgAge=2 xteAge=1683819 xteraw=80:510302FF0D080AFF vt=Y(21/22) vtstat=1660/578ms tc=Y drp=0mm tcq=0
15:38:01.689 [ISOBUS] addr=0x81 claimed=Y load=14.2% msgs=62449 aiso=1663(1684819ms) xte=0.00m spd=0.00m/s q=0 ggaAge=4 vtgAge=3 xteAge=1684819 xteraw=80:510302FF0D080AFF vt=Y(21/22) vtstat=1661/578ms tc=Y drp=0mm tcq=0
15:38:02.698 [ISOBUS] addr=0x81 claimed=Y load=14.5% msgs=62494 aiso=1664(1685819ms) xte=0.00m spd=0.00m/s q=0 ggaAge=5 vtgAge=3 xteAge=1685819 xteraw=80:510302FF0D080AFF vt=Y(21/22) vtstat=1662/577ms tc=Y drp=0mm tcq=0
15:38:03.729 [ISOBUS] addr=0x81 claimed=Y load=14.2% msgs=62535 aiso=1665(1686819ms) xte=0.00m spd=0.00m/s q=0 ggaAge=4 vtgAge=3 xteAge=1686819 xteraw=80:510302FF0D080AFF vt=Y(21/22) vtstat=1663/577ms tc=Y drp=0mm tcq=0
15:38:04.709 [ISOBUS] addr=0x81 claimed=Y load=14.0% msgs=62576 aiso=1666(1687819ms) xte=0.00m spd=0.00m/s q=0 ggaAge=3 vtgAge=2 xteAge=1687819 xteraw=80:510302FF0D080AFF vt=Y(21/22) vtstat=1664/576ms tc=Y drp=0mm tcq=0
15:38:05.690 [ISOBUS] addr=0x81 claimed=Y load=14.2% msgs=62617 aiso=1667(1688819ms) xte=0.00m spd=0.00m/s q=0 ggaAge=4 vtgAge=3 xteAge=1688819 xteraw=80:510302FF0D080AFF vt=Y(21/22) vtstat=1665/576ms tc=Y drp=0mm tcq=0
15:38:06.690 [ISOBUS] addr=0x81 claimed=Y load=14.0% msgs=62658 aiso=1668(1689819ms) xte=0.00m spd=0.00m/s q=0 ggaAge=4 vtgAge=3 xteAge=1689819 xteraw=80:510302FF0D080AFF vt=Y(21/22) vtstat=1666/575ms tc=Y drp=0mm tcq=0
15:38:07.726 [ISOBUS] addr=0x81 claimed=Y load=14.2% msgs=62699 aiso=1669(1690819ms) xte=0.00m spd=0.00m/s q=0 ggaAge=4 vtgAge=2 xteAge=1690819 xteraw=80:510302FF0D080AFF vt=Y(21/22) vtstat=1667/574ms tc=Y drp=0mm tcq=0
15:38:08.709 [ISOBUS] addr=0x81 claimed=Y load=14.0% msgs=62740 aiso=1670(1691819ms) xte=0.00m spd=0.00m/s q=0 ggaAge=4 vtgAge=3 xteAge=1691819 xteraw=80:510302FF0D080AFF vt=Y(21/22) vtstat=1668/574ms tc=Y drp=0mm tcq=0
15:38:09.718 [ISOBUS] addr=0x81 claimed=Y load=14.2% msgs=62781 aiso=1671(1692819ms) xte=0.00m spd=0.00m/s q=0 ggaAge=5 vtgAge=4 xteAge=1692819 xteraw=80:510302FF0D080AFF vt=Y(21/22) vtstat=1669/573ms tc=Y drp=0mm tcq=0
15:38:10.715 [ISOBUS] addr=0x81 claimed=Y load=14.0% msgs=62822 aiso=1672(1693819ms) xte=0.00m spd=0.00m/s q=0 ggaAge=5 vtgAge=3 xteAge=1693819 xteraw=80:510302FF0D080AFF vt=Y(21/22) vtstat=1670/572ms tc=Y drp=0mm tcq=0
15:38:11.712 [ISOBUS] addr=0x81 claimed=Y load=14.2% msgs=62863 aiso=1673(1694819ms) xte=0.00m spd=0.00m/s q=0 ggaAge=4 vtgAge=3 xteAge=1694819 xteraw=80:510302FF0D080AFF vt=Y(21/22) vtstat=1671/572ms tc=Y drp=0mm tcq=0
15:38:12.725 [ISOBUS] addr=0x81 claimed=Y load=14.5% msgs=62908 aiso=1674(1695819ms) xte=0.00m spd=0.00m/s q=0 ggaAge=3 vtgAge=2 xteAge=1695819 xteraw=80:510302FF0D080AFF vt=Y(21/22) vtstat=1672/571ms tc=Y drp=0mm tcq=0
15:38:13.717 [ISOBUS] addr=0x81 claimed=Y load=14.2% msgs=62949 aiso=1675(1696819ms) xte=0.00m spd=0.00m/s q=0 ggaAge=5 vtgAge=4 xteAge=1696819 xteraw=80:510302FF0D080AFF vt=Y(21/22) vtstat=1673/571ms tc=Y drp=0mm tcq=0
15:38:14.712 [ISOBUS] addr=0x81 claimed=Y load=14.0% msgs=62990 aiso=1676(1697819ms) xte=0.00m spd=0.00m/s q=0 ggaAge=4 vtgAge=2 xteAge=1697819 xteraw=80:510302FF0D080AFF vt=Y(21/22) vtstat=1674/570ms tc=Y drp=0mm tcq=0
15:38:15.711 [ISOBUS] addr=0x81 claimed=Y load=14.2% msgs=63031 aiso=1677(1698819ms) xte=0.00m spd=0.00m/s q=0 ggaAge=5 vtgAge=3 xteAge=1698819 xteraw=80:510302FF0D080AFF vt=Y(21/22) vtstat=1675/570ms tc=Y drp=0mm tcq=0
15:38:16.717 [ISOBUS] addr=0x81 claimed=Y load=14.0% msgs=63072 aiso=1678(1699819ms) xte=0.00m spd=0.00m/s q=0 ggaAge=3 vtgAge=2 xteAge=1699819 xteraw=80:510302FF0D080AFF vt=Y(21/22) vtstat=1676/569ms tc=Y drp=0mm tcq=0
15:38:17.699 [ISOBUS] addr=0x81 claimed=Y load=14.2% msgs=63113 aiso=1679(1700819ms) xte=0.00m spd=0.00m/s q=0 ggaAge=3 vtgAge=2 xteAge=1700819 xteraw=80:510302FF0D080AFF vt=Y(21/22) vtstat=1677/569ms tc=Y drp=0mm tcq=0
15:38:18.700 [ISOBUS] addr=0x81 claimed=Y load=14.0% msgs=63154 aiso=1680(1701819ms) xte=0.00m spd=0.00m/s q=0 ggaAge=5 vtgAge=4 xteAge=1701819 xteraw=80:510302FF0D080AFF vt=Y(21/22) vtstat=1678/568ms tc=Y drp=0mm tcq=0
15:38:19.700 [ISOBUS] addr=0x81 claimed=Y load=14.2% msgs=63195 aiso=1681(1702819ms) xte=0.00m spd=0.00m/s q=0 ggaAge=5 vtgAge=3 xteAge=1702819 xteraw=80:510302FF0D080AFF vt=Y(21/22) vtstat=1679/567ms tc=Y drp=0mm tcq=0
15:38:20.719 [ISOBUS] addr=0x81 claimed=Y load=14.0% msgs=63236 aiso=1682(1703819ms) xte=0.00m spd=0.00m/s q=0 ggaAge=5 vtgAge=3 xteAge=1703819 xteraw=80:510302FF0D080AFF vt=Y(21/22) vtstat=1680/566ms tc=Y drp=0mm tcq=0
15:38:21.698 [ISOBUS] addr=0x81 claimed=Y load=14.2% msgs=63277 aiso=1683(1704819ms) xte=0.00m spd=0.00m/s q=0 ggaAge=5 vtgAge=3 xteAge=1704819 xteraw=80:510302FF0D080AFF vt=Y(21/22) vtstat=1681/566ms tc=Y drp=0mm tcq=0
15:38:22.700 [ISOBUS] addr=0x81 claimed=Y load=14.5% msgs=63322 aiso=1684(1705819ms) xte=0.00m spd=0.00m/s q=0 ggaAge=5 vtgAge=5 xteAge=1705819 xteraw=80:510302FF0D080AFF vt=Y(21/22) vtstat=1682/565ms tc=Y drp=0mm tcq=0
15:38:23.726 [ISOBUS] addr=0x81 claimed=Y load=14.2% msgs=63363 aiso=1685(1706819ms) xte=0.00m spd=0.00m/s q=0 ggaAge=5 vtgAge=3 xteAge=1706819 xteraw=80:510302FF0D080AFF vt=Y(21/22) vtstat=1683/565ms tc=Y drp=0mm tcq=0
15:47:49.523 ### logger started (auto: PJRC 16C0:0483)
15:47:50.524 ### port COM4 open
15:47:50.538 [ISOBUS] addr=0x81 claimed=Y load=14.0% msgs=63404 aiso=1686(1707819ms) xte=0.00m spd=0.00m/s q=0 ggaAge=5 vtgAge=3 xteAge=1707819 xteraw=80:510302FF0D080AFF vt=Y(21/22) vtstat=1684/564ms tc=Y drp=0mm tcq=0
15:47:50.538 [ISOBUS] addr=0x81 claimed=Y load=14.2% msgs=63445 aiso=1687(1708819ms) xte=0.00m spd=0.00m/s q=0 ggaAge=5 vtgAge=4 xteAge=1708819 xteraw=80:510302FF0D080AFF vt=Y(21/22) vtstat=1685/564ms tc=Y drp=0mm tcq=0
15:47:50.538 [ISOBUS] addr=0x81 claimed=Y load=14.0% msgs=63486 aiso=1688(1709819ms) xte=0.00m spd=0.00m/s q=0 ggaAge=5 vtgAge=5 xteAge=1709819 xteraw=80:510302FF0D080AFF vt=Y(21/22) vtstat=1686/563ms tc=Y drp=0mm tcq=0
15:47:50.538 [ISOBUS] addr=0x81 claimed=Y load=14.2% msgs=63527 aiso=1689(1710819ms) xte=0.00m spd=0.00m/s q=0 ggaAge=5 vtgAge=3 xteAge=1710819 xteraw=80:510302FF0D080AFF vt=Y(21/22) vtstat=1687/562ms tc=Y drp=0mm tcq=0
15:47:50.735 [ISOBUS] addr=0x81 claimed=Y load=14.0% msgs=86830 aiso=2252(2273819ms) xte=0.00m spd=0.00m/s q=0 ggaAge=9 vtgAge=8 xteAge=2273819 xteraw=80:510302FF0D080AFF vt=Y(21/22) vtstat=2250/213ms tc=Y drp=0mm tcq=0
15:47:51.712 [ISOBUS] addr=0x81 claimed=Y load=14.2% msgs=86871 aiso=2253(2274819ms) xte=0.00m spd=0.00m/s q=0 ggaAge=9 vtgAge=8 xteAge=2274819 xteraw=80:510302FF0D080AFF vt=Y(21/22) vtstat=2251/213ms tc=Y drp=0mm tcq=0
15:47:52.723 [ISOBUS] addr=0x81 claimed=Y load=14.5% msgs=86916 aiso=2254(2275819ms) xte=0.00m spd=0.00m/s q=0 ggaAge=8 vtgAge=7 xteAge=2275819 xteraw=80:510302FF0D080AFF vt=Y(21/22) vtstat=2252/212ms tc=Y drp=0mm tcq=0
15:47:53.744 [ISOBUS] addr=0x81 claimed=Y load=14.2% msgs=86957 aiso=2255(2276819ms) xte=0.00m spd=0.00m/s q=0 ggaAge=9 vtgAge=8 xteAge=2276819 xteraw=80:510302FF0D080AFF vt=Y(21/22) vtstat=2253/212ms tc=Y drp=0mm tcq=0
15:47:54.719 [ISOBUS] addr=0x81 claimed=Y load=14.0% msgs=86998 aiso=2256(2277819ms) xte=0.00m spd=0.00m/s q=0 ggaAge=11 vtgAge=10 xteAge=2277819 xteraw=80:510302FF0D080AFF vt=Y(21/22) vtstat=2254/211ms tc=Y drp=0mm tcq=0
15:47:55.713 [ISOBUS] addr=0x81 claimed=Y load=14.2% msgs=87039 aiso=2257(2278819ms) xte=0.00m spd=0.00m/s q=0 ggaAge=9 vtgAge=8 xteAge=2278819 xteraw=80:510302FF0D080AFF vt=Y(21/22) vtstat=2255/206ms tc=Y drp=0mm tcq=0
15:47:56.714 [ISOBUS] addr=0x81 claimed=Y load=14.0% msgs=87080 aiso=2258(2279819ms) xte=0.00m spd=0.00m/s q=0 ggaAge=9 vtgAge=8 xteAge=2279819 xteraw=80:510302FF0D080AFF vt=Y(21/22) vtstat=2256/206ms tc=Y drp=0mm tcq=0
15:47:57.720 [ISOBUS] addr=0x81 claimed=Y load=14.2% msgs=87121 aiso=2259(2280819ms) xte=0.00m spd=0.00m/s q=0 ggaAge=9 vtgAge=8 xteAge=2280819 xteraw=80:510302FF0D080AFF vt=Y(21/22) vtstat=2257/207ms tc=Y drp=0mm tcq=0
15:47:58.722 [ISOBUS] addr=0x81 claimed=Y load=14.0% msgs=87162 aiso=2260(2281819ms) xte=0.00m spd=0.00m/s q=0 ggaAge=9 vtgAge=8 xteAge=2281819 xteraw=80:510302FF0D080AFF vt=Y(21/22) vtstat=2258/206ms tc=Y drp=0mm tcq=0
15:47:59.730 [ISOBUS] addr=0x81 claimed=Y load=14.2% msgs=87203 aiso=2261(2282819ms) xte=0.00m spd=0.00m/s q=0 ggaAge=11 vtgAge=9 xteAge=2282819 xteraw=80:510302FF0D080AFF vt=Y(21/22) vtstat=2259/207ms tc=Y drp=0mm tcq=0
15:48:00.717 [ISOBUS] addr=0x81 claimed=Y load=14.0% msgs=87244 aiso=2262(2283819ms) xte=0.00m spd=0.00m/s q=0 ggaAge=9 vtgAge=8 xteAge=2283819 xteraw=80:510302FF0D080AFF vt=Y(21/22) vtstat=2260/206ms tc=Y drp=0mm tcq=0
15:48:01.719 [ISOBUS] addr=0x81 claimed=Y load=14.2% msgs=87285 aiso=2263(2284819ms) xte=0.00m spd=0.00m/s q=0 ggaAge=10 vtgAge=9 xteAge=2284819 xteraw=80:510302FF0D080AFF vt=Y(21/22) vtstat=2261/206ms tc=Y drp=0mm tcq=0
15:48:02.188 I] [NM]: Control function with address 205 and NAME 000000000000000lx is now offline on channel 198344577.
15:48:02.713 [ISOBUS] addr=0x81 claimed=Y load=14.5% msgs=87330 aiso=2264(2285819ms) xte=0.00m spd=0.00m/s q=0 ggaAge=11 vtgAge=9 xteAge=2285819 xteraw=80:510302FF0D080AFF vt=Y(21/22) vtstat=2262/206ms tc=Y drp=0mm tcq=0
15:48:03.434 I] [NM]: External control function with name 000000000000000lx has claimed address 198344577 on channel 2684363008.
15:48:03.720 [ISOBUS] addr=0x81 claimed=Y load=14.2% msgs=87371 aiso=2265(2286819ms) xte=0.00m spd=0.00m/s q=0 ggaAge=10 vtgAge=9 xteAge=2286819 xteraw=80:510302FF0D080AFF vt=Y(21/22) vtstat=2263/205ms tc=Y drp=0mm tcq=0
15:48:04.725 [ISOBUS] addr=0x81 claimed=Y load=14.0% msgs=87412 aiso=2266(2287819ms) xte=0.00m spd=0.00m/s q=0 ggaAge=11 vtgAge=9 xteAge=2287819 xteraw=80:510302FF0D080AFF vt=Y(21/22) vtstat=2264/204ms tc=Y drp=0mm tcq=0
15:48:05.740 [ISOBUS] addr=0x81 claimed=Y load=14.2% msgs=87453 aiso=2267(2288819ms) xte=0.00m spd=0.00m/s q=0 ggaAge=11 vtgAge=10 xteAge=2288819 xteraw=80:510302FF0D080AFF vt=Y(21/22) vtstat=2265/204ms tc=Y drp=0mm tcq=0
15:48:06.734 [ISOBUS] addr=0x81 claimed=Y load=14.0% msgs=87494 aiso=2268(2289819ms) xte=0.00m spd=0.00m/s q=0 ggaAge=11 vtgAge=10 xteAge=2289819 xteraw=80:510302FF0D080AFF vt=Y(21/22) vtstat=2266/203ms tc=Y drp=0mm tcq=0
15:48:07.723 [ISOBUS] addr=0x81 claimed=Y load=14.2% msgs=87535 aiso=2269(2290819ms) xte=0.00m spd=0.00m/s q=0 ggaAge=9 vtgAge=7 xteAge=2290819 xteraw=80:510302FF0D080AFF vt=Y(21/22) vtstat=2267/203ms tc=Y drp=0mm tcq=0
15:48:08.743 [ISOBUS] addr=0x81 claimed=Y load=14.0% msgs=87576 aiso=2270(2291819ms) xte=0.00m spd=0.00m/s q=0 ggaAge=10 vtgAge=8 xteAge=2291819 xteraw=80:510302FF0D080AFF vt=Y(21/22) vtstat=2268/202ms tc=Y drp=0mm tcq=0
15:48:09.717 [ISOBUS] addr=0x81 claimed=Y load=14.2% msgs=87617 aiso=2271(2292819ms) xte=0.00m spd=0.00m/s q=0 ggaAge=11 vtgAge=10 xteAge=2292819 xteraw=80:510302FF0D080AFF vt=Y(21/22) vtstat=2269/202ms tc=Y drp=0mm tcq=0
15:48:10.731 [ISOBUS] addr=0x81 claimed=Y load=14.0% msgs=87658 aiso=2272(2293819ms) xte=0.00m spd=0.00m/s q=0 ggaAge=11 vtgAge=10 xteAge=2293819 xteraw=80:510302FF0D080AFF vt=Y(21/22) vtstat=2270/201ms tc=Y drp=0mm tcq=0
15:48:11.717 [ISOBUS] addr=0x81 claimed=Y load=14.2% msgs=87699 aiso=2273(2294819ms) xte=0.00m spd=0.00m/s q=0 ggaAge=11 vtgAge=10 xteAge=2294819 xteraw=80:510302FF0D080AFF vt=Y(21/22) vtstat=2271/200ms tc=Y drp=0mm tcq=0
15:48:12.719 [ISOBUS] addr=0x81 claimed=Y load=14.5% msgs=87744 aiso=2274(2295819ms) xte=0.00m spd=0.00m/s q=0 ggaAge=10 vtgAge=10 xteAge=2295819 xteraw=80:510302FF0D080AFF vt=Y(21/22) vtstat=2272/199ms tc=Y drp=0mm tcq=0
15:48:13.741 [ISOBUS] addr=0x81 claimed=Y load=14.2% msgs=87785 aiso=2275(2296819ms) xte=0.00m spd=0.00m/s q=0 ggaAge=11 vtgAge=10 xteAge=2296819 xteraw=80:510302FF0D080AFF vt=Y(21/22) vtstat=2273/198ms tc=Y drp=0mm tcq=0
15:48:14.715 [ISOBUS] addr=0x81 claimed=Y load=14.0% msgs=87826 aiso=2276(2297819ms) xte=0.00m spd=0.00m/s q=0 ggaAge=11 vtgAge=10 xteAge=2297819 xteraw=80:510302FF0D080AFF vt=Y(21/22) vtstat=2274/198ms tc=Y drp=0mm tcq=0
15:48:15.726 [ISOBUS] addr=0x81 claimed=Y load=14.2% msgs=87867 aiso=2277(2298819ms) xte=0.00m spd=0.00m/s q=0 ggaAge=10 vtgAge=10 xteAge=2298819 xteraw=80:510302FF0D080AFF vt=Y(21/22) vtstat=2275/198ms tc=Y drp=0mm tcq=0
15:48:16.717 [ISOBUS] addr=0x81 claimed=Y load=14.0% msgs=87908 aiso=2278(2299819ms) xte=0.00m spd=0.00m/s q=0 ggaAge=11 vtgAge=10 xteAge=2299819 xteraw=80:510302FF0D080AFF vt=Y(21/22) vtstat=2276/197ms tc=Y drp=0mm tcq=0
15:48:17.716 [ISOBUS] addr=0x81 claimed=Y load=14.2% msgs=87949 aiso=2279(2300819ms) xte=0.00m spd=0.00m/s q=0 ggaAge=10 vtgAge=8 xteAge=2300819 xteraw=80:510302FF0D080AFF vt=Y(21/22) vtstat=2277/197ms tc=Y drp=0mm tcq=0
15:48:18.717 [ISOBUS] addr=0x81 claimed=Y load=14.0% msgs=87990 aiso=2280(2301819ms) xte=0.00m spd=0.00m/s q=0 ggaAge=10 vtgAge=10 xteAge=2301819 xteraw=80:510302FF0D080AFF vt=Y(21/22) vtstat=2278/196ms tc=Y drp=0mm tcq=0
15:48:19.735 [ISOBUS] addr=0x81 claimed=Y load=14.2% msgs=88031 aiso=2281(2302819ms) xte=0.00m spd=0.00m/s q=0 ggaAge=8 vtgAge=7 xteAge=2302819 xteraw=80:510302FF0D080AFF vt=Y(21/22) vtstat=2279/195ms tc=Y drp=0mm tcq=0
15:48:20.719 [ISOBUS] addr=0x81 claimed=Y load=14.0% msgs=88072 aiso=2282(2303819ms) xte=0.00m spd=0.00m/s q=0 ggaAge=10 vtgAge=10 xteAge=2303819 xteraw=80:510302FF0D080AFF vt=Y(21/22) vtstat=2280/194ms tc=Y drp=0mm tcq=0
15:48:21.734 [ISOBUS] addr=0x81 claimed=Y load=14.2% msgs=88113 aiso=2283(2304819ms) xte=0.00m spd=0.00m/s q=0 ggaAge=11 vtgAge=10 xteAge=2304819 xteraw=80:510302FF0D080AFF vt=Y(21/22) vtstat=2281/194ms tc=Y drp=0mm tcq=0
15:48:22.723 [ISOBUS] addr=0x81 claimed=Y load=14.5% msgs=88158 aiso=2284(2305819ms) xte=0.00m spd=0.00m/s q=0 ggaAge=11 vtgAge=10 xteAge=2305819 xteraw=80:510302FF0D080AFF vt=Y(21/22) vtstat=2282/193ms tc=Y drp=0mm tcq=0
15:48:23.714 [ISOBUS] addr=0x81 claimed=Y load=14.2% msgs=88199 aiso=2285(2306819ms) xte=0.00m spd=0.00m/s q=0 ggaAge=10 vtgAge=8 xteAge=2306819 xteraw=80:510302FF0D080AFF vt=Y(21/22) vtstat=2283/193ms tc=Y drp=0mm tcq=0
15:48:24.743 [ISOBUS] addr=0x81 claimed=Y load=14.0% msgs=88240 aiso=2286(2307819ms) xte=0.00m spd=0.00m/s q=0 ggaAge=11 vtgAge=10 xteAge=2307819 xteraw=80:510302FF0D080AFF vt=Y(21/22) vtstat=2284/192ms tc=Y drp=0mm tcq=0
15:48:25.715 [ISOBUS] addr=0x81 claimed=Y load=14.2% msgs=88281 aiso=2287(2308819ms) xte=0.00m spd=0.00m/s q=0 ggaAge=10 vtgAge=8 xteAge=2308819 xteraw=80:510302FF0D080AFF vt=Y(21/22) vtstat=2285/192ms tc=Y drp=0mm tcq=0
15:48:26.740 [ISOBUS] addr=0x81 claimed=Y load=14.0% msgs=88322 aiso=2288(2309819ms) xte=0.00m spd=0.00m/s q=0 ggaAge=11 vtgAge=10 xteAge=2309819 xteraw=80:510302FF0D080AFF vt=Y(21/22) vtstat=2286/191ms tc=Y drp=0mm tcq=0
15:48:27.719 [ISOBUS] addr=0x81 claimed=Y load=14.2% msgs=88363 aiso=2289(2310819ms) xte=0.00m spd=0.00m/s q=0 ggaAge=10 vtgAge=8 xteAge=2310819 xteraw=80:510302FF0D080AFF vt=Y(21/22) vtstat=2287/190ms tc=Y drp=0mm tcq=0
15:48:28.170 I] [NM]: Control function with address 205 and NAME 000000000000000lx is now offline on channel 198344577.
15:48:28.720 [ISOBUS] addr=0x81 claimed=Y load=14.0% msgs=88404 aiso=2290(2311819ms) xte=0.00m spd=0.00m/s q=0 ggaAge=10 vtgAge=8 xteAge=2311819 xteraw=80:510302FF0D080AFF vt=Y(21/22) vtstat=2288/188ms tc=Y drp=0mm tcq=0
15:48:29.428 I] [NM]: External control function with name 000000000000000lx has claimed address 198344577 on channel 2684363008.
15:48:29.732 [ISOBUS] addr=0x81 claimed=Y load=14.2% msgs=88445 aiso=2291(2312819ms) xte=0.00m spd=0.00m/s q=0 ggaAge=11 vtgAge=10 xteAge=2312819 xteraw=80:510302FF0D080AFF vt=Y(21/22) vtstat=2289/188ms tc=Y drp=0mm tcq=0
15:48:30.740 [ISOBUS] addr=0x81 claimed=Y load=14.0% msgs=88486 aiso=2292(2313819ms) xte=0.00m spd=0.00m/s q=0 ggaAge=10 vtgAge=10 xteAge=2313819 xteraw=80:510302FF0D080AFF vt=Y(21/22) vtstat=2290/188ms tc=Y drp=0mm tcq=0
15:48:31.715 [ISOBUS] addr=0x81 claimed=Y load=14.2% msgs=88527 aiso=2293(2314819ms) xte=0.00m spd=0.00m/s q=0 ggaAge=11 vtgAge=10 xteAge=2314819 xteraw=80:510302FF0D080AFF vt=Y(21/22) vtstat=2291/188ms tc=Y drp=0mm tcq=0
15:48:32.741 [ISOBUS] addr=0x81 claimed=Y load=14.5% msgs=88572 aiso=2294(2315819ms) xte=0.00m spd=0.00m/s q=0 ggaAge=11 vtgAge=11 xteAge=2315819 xteraw=80:510302FF0D080AFF vt=Y(21/22) vtstat=2292/187ms tc=Y drp=0mm tcq=0
15:48:33.742 [ISOBUS] addr=0x81 claimed=Y load=14.2% msgs=88613 aiso=2295(2316819ms) xte=0.00m spd=0.00m/s q=0 ggaAge=10 vtgAge=9 xteAge=2316819 xteraw=80:510302FF0D080AFF vt=Y(21/22) vtstat=2293/186ms tc=Y drp=0mm tcq=0
15:48:34.722 [ISOBUS] addr=0x81 claimed=Y load=14.0% msgs=88654 aiso=2296(2317819ms) xte=0.00m spd=0.00m/s q=0 ggaAge=10 vtgAge=10 xteAge=2317819 xteraw=80:510302FF0D080AFF vt=Y(21/22) vtstat=2294/186ms tc=Y drp=0mm tcq=0
15:48:35.728 [ISOBUS] addr=0x81 claimed=Y load=14.2% msgs=88695 aiso=2297(2318819ms) xte=0.00m spd=0.00m/s q=0 ggaAge=11 vtgAge=11 xteAge=2318819 xteraw=80:510302FF0D080AFF vt=Y(21/22) vtstat=2295/185ms tc=Y drp=0mm tcq=0
15:48:36.743 [ISOBUS] addr=0x81 claimed=Y load=14.0% msgs=88736 aiso=2298(2319819ms) xte=0.00m spd=0.00m/s q=0 ggaAge=11 vtgAge=10 xteAge=2319819 xteraw=80:510302FF0D080AFF vt=Y(21/22) vtstat=2296/184ms tc=Y drp=0mm tcq=0
15:48:37.731 [ISOBUS] addr=0x81 claimed=Y load=14.2% msgs=88777 aiso=2299(2320819ms) xte=0.00m spd=0.00m/s q=0 ggaAge=11 vtgAge=10 xteAge=2320819 xteraw=80:510302FF0D080AFF vt=Y(21/22) vtstat=2297/184ms tc=Y drp=0mm tcq=0
15:48:38.725 [ISOBUS] addr=0x81 claimed=Y load=14.0% msgs=88818 aiso=2300(2321819ms) xte=0.00m spd=0.00m/s q=0 ggaAge=10 vtgAge=10 xteAge=2321819 xteraw=80:510302FF0D080AFF vt=Y(21/22) vtstat=2298/183ms tc=Y drp=0mm tcq=0
15:48:39.717 [ISOBUS] addr=0x81 claimed=Y load=14.2% msgs=88859 aiso=2301(2322819ms) xte=0.00m spd=0.00m/s q=0 ggaAge=10 vtgAge=10 xteAge=2322819 xteraw=80:510302FF0D080AFF vt=Y(21/22) vtstat=2299/183ms tc=Y drp=0mm tcq=0
15:48:40.719 [ISOBUS] addr=0x81 claimed=Y load=14.0% msgs=88900 aiso=2302(2323819ms) xte=0.00m spd=0.00m/s q=0 ggaAge=10 vtgAge=10 xteAge=2323819 xteraw=80:510302FF0D080AFF vt=Y(21/22) vtstat=2300/182ms tc=Y drp=0mm tcq=0
15:48:41.728 [ISOBUS] addr=0x81 claimed=Y load=14.2% msgs=88941 aiso=2303(2324819ms) xte=0.00m spd=0.00m/s q=0 ggaAge=11 vtgAge=10 xteAge=2324819 xteraw=80:510302FF0D080AFF vt=Y(21/22) vtstat=2301/181ms tc=Y drp=0mm tcq=0
15:48:42.717 [ISOBUS] addr=0x81 claimed=Y load=14.5% msgs=88986 aiso=2304(2325819ms) xte=0.00m spd=0.00m/s q=0 ggaAge=11 vtgAge=10 xteAge=2325819 xteraw=80:510302FF0D080AFF vt=Y(21/22) vtstat=2302/181ms tc=Y drp=0mm tcq=0
15:48:43.720 [ISOBUS] addr=0x81 claimed=Y load=14.2% msgs=89027 aiso=2305(2326819ms) xte=0.00m spd=0.00m/s q=0 ggaAge=2 vtgAge=1 xteAge=2326819 xteraw=80:510302FF0D080AFF vt=Y(21/22) vtstat=2303/180ms tc=Y drp=0mm tcq=0
15:48:44.729 [ISOBUS] addr=0x81 claimed=Y load=14.0% msgs=89068 aiso=2306(2327819ms) xte=0.00m spd=0.00m/s q=0 ggaAge=11 vtgAge=10 xteAge=2327819 xteraw=80:510302FF0D080AFF vt=Y(21/22) vtstat=2304/179ms tc=Y drp=0mm tcq=0
15:48:45.732 [ISOBUS] addr=0x81 claimed=Y load=14.2% msgs=89109 aiso=2307(2328819ms) xte=0.00m spd=0.00m/s q=0 ggaAge=11 vtgAge=10 xteAge=2328819 xteraw=80:510302FF0D080AFF vt=Y(21/22) vtstat=2305/179ms tc=Y drp=0mm tcq=0
15:48:46.723 [ISOBUS] addr=0x81 claimed=Y load=14.0% msgs=89150 aiso=2308(2329819ms) xte=0.00m spd=0.00m/s q=0 ggaAge=11 vtgAge=10 xteAge=2329819 xteraw=80:510302FF0D080AFF vt=Y(21/22) vtstat=2306/178ms tc=Y drp=0mm tcq=0
15:48:47.718 [ISOBUS] addr=0x81 claimed=Y load=14.2% msgs=89191 aiso=2309(2330819ms) xte=0.00m spd=0.00m/s q=0 ggaAge=11 vtgAge=10 xteAge=2330819 xteraw=80:510302FF0D080AFF vt=Y(21/22) vtstat=2307/177ms tc=Y drp=0mm tcq=0
15:48:48.742 [ISOBUS] addr=0x81 claimed=Y load=14.0% msgs=89232 aiso=2310(2331819ms) xte=0.00m spd=0.00m/s q=0 ggaAge=11 vtgAge=11 xteAge=2331819 xteraw=80:510302FF0D080AFF vt=Y(21/22) vtstat=2308/177ms tc=Y drp=0mm tcq=0
15:48:49.721 [ISOBUS] addr=0x81 claimed=Y load=14.2% msgs=89273 aiso=2311(2332819ms) xte=0.00m spd=0.00m/s q=0 ggaAge=10 vtgAge=10 xteAge=2332819 xteraw=80:510302FF0D080AFF vt=Y(21/22) vtstat=2309/176ms tc=Y drp=0mm tcq=0
15:48:50.734 [ISOBUS] addr=0x81 claimed=Y load=14.0% msgs=89314 aiso=2312(2333819ms) xte=0.00m spd=0.00m/s q=0 ggaAge=10 vtgAge=10 xteAge=2333819 xteraw=80:510302FF0D080AFF vt=Y(21/22) vtstat=2310/176ms tc=Y drp=0mm tcq=0
15:48:51.728 [ISOBUS] addr=0x81 claimed=Y load=14.2% msgs=89355 aiso=2313(2334819ms) xte=0.00m spd=0.00m/s q=0 ggaAge=10 vtgAge=9 xteAge=2334819 xteraw=80:510302FF0D080AFF vt=Y(21/22) vtstat=2311/175ms tc=Y drp=0mm tcq=0
15:48:52.721 [ISOBUS] addr=0x81 claimed=Y load=14.5% msgs=89400 aiso=2314(2335819ms) xte=0.00m spd=0.00m/s q=0 ggaAge=11 vtgAge=10 xteAge=2335819 xteraw=80:510302FF0D080AFF vt=Y(21/22) vtstat=2312/174ms tc=Y drp=0mm tcq=0
15:48:53.737 [ISOBUS] addr=0x81 claimed=Y load=14.2% msgs=89441 aiso=2315(2336819ms) xte=0.00m spd=0.00m/s q=0 ggaAge=11 vtgAge=10 xteAge=2336819 xteraw=80:510302FF0D080AFF vt=Y(21/22) vtstat=2313/174ms tc=Y drp=0mm tcq=0
15:48:54.719 [ISOBUS] addr=0x81 claimed=Y load=14.0% msgs=89482 aiso=2316(2337819ms) xte=0.00m spd=0.00m/s q=0 ggaAge=10 vtgAge=9 xteAge=2337819 xteraw=80:510302FF0D080AFF vt=Y(21/22) vtstat=2314/173ms tc=Y drp=0mm tcq=0
15:48:55.718 [ISOBUS] addr=0x81 claimed=Y load=14.2% msgs=89523 aiso=2317(2338819ms) xte=0.00m spd=0.00m/s q=0 ggaAge=11 vtgAge=10 xteAge=2338819 xteraw=80:510302FF0D080AFF vt=Y(21/22) vtstat=2315/173ms tc=Y drp=0mm tcq=0
15:48:56.738 [ISOBUS] addr=0x81 claimed=Y load=14.0% msgs=89564 aiso=2318(2339819ms) xte=0.00m spd=0.00m/s q=0 ggaAge=11 vtgAge=10 xteAge=2339819 xteraw=80:510302FF0D080AFF vt=Y(21/22) vtstat=2316/172ms tc=Y drp=0mm tcq=0
15:48:57.723 [ISOBUS] addr=0x81 claimed=Y load=14.2% msgs=89605 aiso=2319(2340819ms) xte=0.00m spd=0.00m/s q=0 ggaAge=11 vtgAge=11 xteAge=2340819 xteraw=80:510302FF0D080AFF vt=Y(21/22) vtstat=2317/171ms tc=Y drp=0mm tcq=0
15:48:58.721 [ISOBUS] addr=0x81 claimed=Y load=14.0% msgs=89646 aiso=2320(2341819ms) xte=0.00m spd=0.00m/s q=0 ggaAge=11 vtgAge=11 xteAge=2341819 xteraw=80:510302FF0D080AFF vt=Y(21/22) vtstat=2318/170ms tc=Y drp=0mm tcq=0
15:48:59.721 [ISOBUS] addr=0x81 claimed=Y load=14.2% msgs=89687 aiso=2321(2342819ms) xte=0.00m spd=0.00m/s q=0 ggaAge=10 vtgAge=10 xteAge=2342819 xteraw=80:510302FF0D080AFF vt=Y(21/22) vtstat=2319/770ms tc=Y drp=0mm tcq=0
15:49:00.742 [ISOBUS] addr=0x81 claimed=Y load=14.0% msgs=89728 aiso=2322(2343819ms) xte=0.00m spd=0.00m/s q=0 ggaAge=11 vtgAge=10 xteAge=2343819 xteraw=80:510302FF0D080AFF vt=Y(21/22) vtstat=2320/770ms tc=Y drp=0mm tcq=0
15:49:01.732 [ISOBUS] addr=0x81 claimed=Y load=14.2% msgs=89769 aiso=2323(2344819ms) xte=0.00m spd=0.00m/s q=0 ggaAge=11 vtgAge=11 xteAge=2344819 xteraw=80:510302FF0D080AFF vt=Y(21/22) vtstat=2321/769ms tc=Y drp=0mm tcq=0
15:49:02.727 [ISOBUS] addr=0x81 claimed=Y load=14.5% msgs=89814 aiso=2324(2345819ms) xte=0.00m spd=0.00m/s q=0 ggaAge=11 vtgAge=10 xteAge=2345819 xteraw=80:510302FF0D080AFF vt=Y(21/22) vtstat=2322/768ms tc=Y drp=0mm tcq=0
15:49:03.732 [ISOBUS] addr=0x81 claimed=Y load=14.2% msgs=89855 aiso=2325(2346819ms) xte=0.00m spd=0.00m/s q=0 ggaAge=11 vtgAge=11 xteAge=2346819 xteraw=80:510302FF0D080AFF vt=Y(21/22) vtstat=2323/768ms tc=Y drp=0mm tcq=0
15:49:04.734 [ISOBUS] addr=0x81 claimed=Y load=14.0% msgs=89896 aiso=2326(2347819ms) xte=0.00m spd=0.00m/s q=0 ggaAge=10 vtgAge=10 xteAge=2347819 xteraw=80:510302FF0D080AFF vt=Y(21/22) vtstat=2324/768ms tc=Y drp=0mm tcq=0
15:49:05.720 [ISOBUS] addr=0x81 claimed=Y load=14.2% msgs=89937 aiso=2327(2348819ms) xte=0.00m spd=0.00m/s q=0 ggaAge=11 vtgAge=10 xteAge=2348819 xteraw=80:510302FF0D080AFF vt=Y(21/22) vtstat=2325/767ms tc=Y drp=0mm tcq=0
15:49:06.713 [ISOBUS] addr=0x81 claimed=Y load=14.0% msgs=89978 aiso=2328(2349819ms) xte=0.00m spd=0.00m/s q=0 ggaAge=11 vtgAge=10 xteAge=2349819 xteraw=80:510302FF0D080AFF vt=Y(21/22) vtstat=2326/766ms tc=Y drp=0mm tcq=0
15:49:07.730 [ISOBUS] addr=0x81 claimed=Y load=14.2% msgs=90019 aiso=2329(2350819ms) xte=0.00m spd=0.00m/s q=0 ggaAge=11 vtgAge=10 xteAge=2350819 xteraw=80:510302FF0D080AFF vt=Y(21/22) vtstat=2327/765ms tc=Y drp=0mm tcq=0
15:49:08.727 [ISOBUS] addr=0x81 claimed=Y load=14.0% msgs=90060 aiso=2330(2351819ms) xte=0.00m spd=0.00m/s q=0 ggaAge=11 vtgAge=11 xteAge=2351819 xteraw=80:510302FF0D080AFF vt=Y(21/22) vtstat=2328/765ms tc=Y drp=0mm tcq=0
15:49:09.727 [ISOBUS] addr=0x81 claimed=Y load=14.2% msgs=90101 aiso=2331(2352819ms) xte=0.00m spd=0.00m/s q=0 ggaAge=10 vtgAge=10 xteAge=2352819 xteraw=80:510302FF0D080AFF vt=Y(21/22) vtstat=2329/764ms tc=Y drp=0mm tcq=0
15:49:10.727 [ISOBUS] addr=0x81 claimed=Y load=14.0% msgs=90142 aiso=2332(2353819ms) xte=0.00m spd=0.00m/s q=0 ggaAge=11 vtgAge=10 xteAge=2353819 xteraw=80:510302FF0D080AFF vt=Y(21/22) vtstat=2330/764ms tc=Y drp=0mm tcq=0
15:49:11.714 [ISOBUS] addr=0x81 claimed=Y load=14.2% msgs=90183 aiso=2333(2354819ms) xte=0.00m spd=0.00m/s q=0 ggaAge=11 vtgAge=11 xteAge=2354819 xteraw=80:510302FF0D080AFF vt=Y(21/22) vtstat=2331/763ms tc=Y drp=0mm tcq=0
15:49:12.740 [ISOBUS] addr=0x81 claimed=Y load=14.5% msgs=90228 aiso=2334(2355819ms) xte=0.00m spd=0.00m/s q=0 ggaAge=11 vtgAge=11 xteAge=2355819 xteraw=80:510302FF0D080AFF vt=Y(21/22) vtstat=2332/763ms tc=Y drp=0mm tcq=0
15:49:13.721 [ISOBUS] addr=0x81 claimed=Y load=14.2% msgs=90269 aiso=2335(2356819ms) xte=0.00m spd=0.00m/s q=0 ggaAge=11 vtgAge=10 xteAge=2356819 xteraw=80:510302FF0D080AFF vt=Y(21/22) vtstat=2333/762ms tc=Y drp=0mm tcq=0
15:49:14.736 [ISOBUS] addr=0x81 claimed=Y load=14.0% msgs=90310 aiso=2336(2357819ms) xte=0.00m spd=0.00m/s q=0 ggaAge=11 vtgAge=10 xteAge=2357819 xteraw=80:510302FF0D080AFF vt=Y(21/22) vtstat=2334/762ms tc=Y drp=0mm tcq=0
15:49:15.743 [ISOBUS] addr=0x81 claimed=Y load=14.2% msgs=90351 aiso=2337(2358819ms) xte=0.00m spd=0.00m/s q=0 ggaAge=11 vtgAge=10 xteAge=2358819 xteraw=80:510302FF0D080AFF vt=Y(21/22) vtstat=2335/760ms tc=Y drp=0mm tcq=0
15:49:16.735 [ISOBUS] addr=0x81 claimed=Y load=14.0% msgs=90392 aiso=2338(2359819ms) xte=0.00m spd=0.00m/s q=0 ggaAge=11 vtgAge=10 xteAge=2359819 xteraw=80:510302FF0D080AFF vt=Y(21/22) vtstat=2336/759ms tc=Y drp=0mm tcq=0
15:49:17.728 [ISOBUS] addr=0x81 claimed=Y load=14.2% msgs=90433 aiso=2339(2360819ms) xte=0.00m spd=0.00m/s q=0 ggaAge=11 vtgAge=10 xteAge=2360819 xteraw=80:510302FF0D080AFF vt=Y(21/22) vtstat=2337/758ms tc=Y drp=0mm tcq=0
15:49:18.727 [ISOBUS] addr=0x81 claimed=Y load=14.0% msgs=90474 aiso=2340(2361819ms) xte=0.00m spd=0.00m/s q=0 ggaAge=11 vtgAge=11 xteAge=2361819 xteraw=80:510302FF0D080AFF vt=Y(21/22) vtstat=2338/758ms tc=Y drp=0mm tcq=0
15:49:19.732 [ISOBUS] addr=0x81 claimed=Y load=14.2% msgs=90515 aiso=2341(2362819ms) xte=0.00m spd=0.00m/s q=0 ggaAge=11 vtgAge=10 xteAge=2362819 xteraw=80:510302FF0D080AFF vt=Y(21/22) vtstat=2339/757ms tc=Y drp=0mm tcq=0
15:49:20.729 [ISOBUS] addr=0x81 claimed=Y load=14.0% msgs=90556 aiso=2342(2363819ms) xte=0.00m spd=0.00m/s q=0 ggaAge=10 vtgAge=10 xteAge=2363819 xteraw=80:510302FF0D080AFF vt=Y(21/22) vtstat=2340/757ms tc=Y drp=0mm tcq=0
15:49:21.725 [ISOBUS] addr=0x81 claimed=Y load=14.2% msgs=90597 aiso=2343(2364819ms) xte=0.00m spd=0.00m/s q=0 ggaAge=11 vtgAge=10 xteAge=2364819 xteraw=80:510302FF0D080AFF vt=Y(21/22) vtstat=2341/756ms tc=Y drp=0mm tcq=0
15:49:22.729 [ISOBUS] addr=0x81 claimed=Y load=14.5% msgs=90642 aiso=2344(2365819ms) xte=0.00m spd=0.00m/s q=0 ggaAge=11 vtgAge=10 xteAge=2365819 xteraw=80:510302FF0D080AFF vt=Y(21/22) vtstat=2342/756ms tc=Y drp=0mm tcq=0
15:49:23.719 [ISOBUS] addr=0x81 claimed=Y load=14.2% msgs=90683 aiso=2345(2366819ms) xte=0.00m spd=0.00m/s q=0 ggaAge=11 vtgAge=11 xteAge=2366819 xteraw=80:510302FF0D080AFF vt=Y(21/22) vtstat=2343/755ms tc=Y drp=0mm tcq=0
15:49:24.733 [ISOBUS] addr=0x81 claimed=Y load=14.0% msgs=90724 aiso=2346(2367819ms) xte=0.00m spd=0.00m/s q=0 ggaAge=11 vtgAge=10 xteAge=2367819 xteraw=80:510302FF0D080AFF vt=Y(21/22) vtstat=2344/754ms tc=Y drp=0mm tcq=0
15:49:25.720 [ISOBUS] addr=0x81 claimed=Y load=14.2% msgs=90765 aiso=2347(2368819ms) xte=0.00m spd=0.00m/s q=0 ggaAge=11 vtgAge=10 xteAge=2368819 xteraw=80:510302FF0D080AFF vt=Y(21/22) vtstat=2345/753ms tc=Y drp=0mm tcq=0
15:49:26.737 [ISOBUS] addr=0x81 claimed=Y load=14.0% msgs=90806 aiso=2348(2369819ms) xte=0.00m spd=0.00m/s q=0 ggaAge=11 vtgAge=10 xteAge=2369819 xteraw=80:510302FF0D080AFF vt=Y(21/22) vtstat=2346/753ms tc=Y drp=0mm tcq=0
15:49:27.735 [ISOBUS] addr=0x81 claimed=Y load=14.2% msgs=90847 aiso=2349(2370819ms) xte=0.00m spd=0.00m/s q=0 ggaAge=10 vtgAge=10 xteAge=2370819 xteraw=80:510302FF0D080AFF vt=Y(21/22) vtstat=2347/752ms tc=Y drp=0mm tcq=0
15:49:28.733 [ISOBUS] addr=0x81 claimed=Y load=14.0% msgs=90888 aiso=2350(2371819ms) xte=0.00m spd=0.00m/s q=0 ggaAge=11 vtgAge=10 xteAge=2371819 xteraw=80:510302FF0D080AFF vt=Y(21/22) vtstat=2348/752ms tc=Y drp=0mm tcq=0
15:49:29.738 [ISOBUS] addr=0x81 claimed=Y load=14.2% msgs=90929 aiso=2351(2372819ms) xte=0.00m spd=0.00m/s q=0 ggaAge=11 vtgAge=11 xteAge=2372819 xteraw=80:510302FF0D080AFF vt=Y(21/22) vtstat=2349/751ms tc=Y drp=0mm tcq=0
15:49:30.731 [ISOBUS] addr=0x81 claimed=Y load=14.0% msgs=90970 aiso=2352(2373819ms) xte=0.00m spd=0.00m/s q=0 ggaAge=11 vtgAge=10 xteAge=2373819 xteraw=80:510302FF0D080AFF vt=Y(21/22) vtstat=2350/751ms tc=Y drp=0mm tcq=0
15:49:31.726 [ISOBUS] addr=0x81 claimed=Y load=14.2% msgs=91011 aiso=2353(2374819ms) xte=0.00m spd=0.00m/s q=0 ggaAge=11 vtgAge=10 xteAge=2374819 xteraw=80:510302FF0D080AFF vt=Y(21/22) vtstat=2351/750ms tc=Y drp=0mm tcq=0
15:49:32.732 [ISOBUS] addr=0x81 claimed=Y load=14.5% msgs=91056 aiso=2354(2375819ms) xte=0.00m spd=0.00m/s q=0 ggaAge=11 vtgAge=11 xteAge=2375819 xteraw=80:510302FF0D080AFF vt=Y(21/22) vtstat=2352/750ms tc=Y drp=0mm tcq=0
15:49:33.728 [ISOBUS] addr=0x81 claimed=Y load=14.2% msgs=91097 aiso=2355(2376819ms) xte=0.00m spd=0.00m/s q=0 ggaAge=11 vtgAge=10 xteAge=2376819 xteraw=80:510302FF0D080AFF vt=Y(21/22) vtstat=2353/749ms tc=Y drp=0mm tcq=0
15:49:34.715 [ISOBUS] addr=0x81 claimed=Y load=14.0% msgs=91138 aiso=2356(2377819ms) xte=0.00m spd=0.00m/s q=0 ggaAge=12 vtgAge=11 xteAge=2377819 xteraw=80:510302FF0D080AFF vt=Y(21/22) vtstat=2354/748ms tc=Y drp=0mm tcq=0
15:49:35.738 [ISOBUS] addr=0x81 claimed=Y load=14.2% msgs=91179 aiso=2357(2378819ms) xte=0.00m spd=0.00m/s q=0 ggaAge=11 vtgAge=10 xteAge=2378819 xteraw=80:510302FF0D080AFF vt=Y(21/22) vtstat=2355/747ms tc=Y drp=0mm tcq=0
15:49:36.717 [ISOBUS] addr=0x81 claimed=Y load=14.0% msgs=91220 aiso=2358(2379819ms) xte=0.00m spd=0.00m/s q=0 ggaAge=11 vtgAge=11 xteAge=2379819 xteraw=80:510302FF0D080AFF vt=Y(21/22) vtstat=2356/747ms tc=Y drp=0mm tcq=0
15:49:37.738 [ISOBUS] addr=0x81 claimed=Y load=14.2% msgs=91261 aiso=2359(2380819ms) xte=0.00m spd=0.00m/s q=0 ggaAge=11 vtgAge=10 xteAge=2380819 xteraw=80:510302FF0D080AFF vt=Y(21/22) vtstat=2357/746ms tc=Y drp=0mm tcq=0
15:49:38.737 [ISOBUS] addr=0x81 claimed=Y load=14.0% msgs=91302 aiso=2360(2381819ms) xte=0.00m spd=0.00m/s q=0 ggaAge=12 vtgAge=11 xteAge=2381819 xteraw=80:510302FF0D080AFF vt=Y(21/22) vtstat=2358/746ms tc=Y drp=0mm tcq=0
15:49:39.727 [ISOBUS] addr=0x81 claimed=Y load=14.2% msgs=91343 aiso=2361(2382819ms) xte=0.00m spd=0.00m/s q=0 ggaAge=11 vtgAge=11 xteAge=2382819 xteraw=80:510302FF0D080AFF vt=Y(21/22) vtstat=2359/745ms tc=Y drp=0mm tcq=0
15:49:40.732 [ISOBUS] addr=0x81 claimed=Y load=14.0% msgs=91384 aiso=2362(2383819ms) xte=0.00m spd=0.00m/s q=0 ggaAge=12 vtgAge=11 xteAge=2383819 xteraw=80:510302FF0D080AFF vt=Y(21/22) vtstat=2360/745ms tc=Y drp=0mm tcq=0
15:49:41.721 [ISOBUS] addr=0x81 claimed=Y load=14.2% msgs=91425 aiso=2363(2384819ms) xte=0.00m spd=0.00m/s q=0 ggaAge=11 vtgAge=11 xteAge=2384819 xteraw=80:510302FF0D080AFF vt=Y(21/22) vtstat=2361/744ms tc=Y drp=0mm tcq=0
15:49:42.723 [ISOBUS] addr=0x81 claimed=Y load=14.5% msgs=91470 aiso=2364(2385819ms) xte=0.00m spd=0.00m/s q=0 ggaAge=12 vtgAge=11 xteAge=2385819 xteraw=80:510302FF0D080AFF vt=Y(21/22) vtstat=2362/744ms tc=Y drp=0mm tcq=0
15:49:43.719 [ISOBUS] addr=0x81 claimed=Y load=14.2% msgs=91511 aiso=2365(2386819ms) xte=0.00m spd=0.00m/s q=0 ggaAge=11 vtgAge=10 xteAge=2386819 xteraw=80:510302FF0D080AFF vt=Y(21/22) vtstat=2363/742ms tc=Y drp=0mm tcq=0
15:49:44.720 [ISOBUS] addr=0x81 claimed=Y load=14.0% msgs=91552 aiso=2366(2387819ms) xte=0.00m spd=0.00m/s q=0 ggaAge=12 vtgAge=11 xteAge=2387819 xteraw=80:510302FF0D080AFF vt=Y(21/22) vtstat=2364/742ms tc=Y drp=0mm tcq=0
15:49:45.724 [ISOBUS] addr=0x81 claimed=Y load=14.2% msgs=91593 aiso=2367(2388819ms) xte=0.00m spd=0.00m/s q=0 ggaAge=11 vtgAge=10 xteAge=2388819 xteraw=80:510302FF0D080AFF vt=Y(21/22) vtstat=2365/741ms tc=Y drp=0mm tcq=0
15:49:46.737 [ISOBUS] addr=0x81 claimed=Y load=14.0% msgs=91634 aiso=2368(2389819ms) xte=0.00m spd=0.00m/s q=0 ggaAge=11 vtgAge=10 xteAge=2389819 xteraw=80:510302FF0D080AFF vt=Y(21/22) vtstat=2366/741ms tc=Y drp=0mm tcq=0
15:49:47.716 [ISOBUS] addr=0x81 claimed=Y load=14.2% msgs=91675 aiso=2369(2390819ms) xte=0.00m spd=0.00m/s q=0 ggaAge=11 vtgAge=11 xteAge=2390819 xteraw=80:510302FF0D080AFF vt=Y(21/22) vtstat=2367/740ms tc=Y drp=0mm tcq=0
15:49:48.734 [ISOBUS] addr=0x81 claimed=Y load=14.0% msgs=91716 aiso=2370(2391819ms) xte=0.00m spd=0.00m/s q=0 ggaAge=11 vtgAge=10 xteAge=2391819 xteraw=80:510302FF0D080AFF vt=Y(21/22) vtstat=2368/740ms tc=Y drp=0mm tcq=0
15:49:49.717 [ISOBUS] addr=0x81 claimed=Y load=14.2% msgs=91757 aiso=2371(2392819ms) xte=0.00m spd=0.00m/s q=0 ggaAge=11 vtgAge=10 xteAge=2392819 xteraw=80:510302FF0D080AFF vt=Y(21/22) vtstat=2369/739ms tc=Y drp=0mm tcq=0
15:49:50.716 [ISOBUS] addr=0x81 claimed=Y load=14.0% msgs=91798 aiso=2372(2393819ms) xte=0.00m spd=0.00m/s q=0 ggaAge=11 vtgAge=10 xteAge=2393819 xteraw=80:510302FF0D080AFF vt=Y(21/22) vtstat=2370/739ms tc=Y drp=0mm tcq=0
15:49:51.719 [ISOBUS] addr=0x81 claimed=Y load=14.2% msgs=91839 aiso=2373(2394819ms) xte=0.00m spd=0.00m/s q=0 ggaAge=12 vtgAge=11 xteAge=2394819 xteraw=80:510302FF0D080AFF vt=Y(21/22) vtstat=2371/738ms tc=Y drp=0mm tcq=0
15:49:52.188 I] [NM]: Control function with address 205 and NAME 000000000000000lx is now offline on channel 198344577.
15:49:52.737 [ISOBUS] addr=0x81 claimed=Y load=14.5% msgs=91884 aiso=2374(2395819ms) xte=0.00m spd=0.00m/s q=0 ggaAge=11 vtgAge=10 xteAge=2395819 xteraw=80:510302FF0D080AFF vt=Y(21/22) vtstat=2372/738ms tc=Y drp=0mm tcq=0
15:49:53.432 I] [NM]: External control function with name 000000000000000lx has claimed address 198344577 on channel 2684363008.
15:49:53.726 [ISOBUS] addr=0x81 claimed=Y load=14.2% msgs=91925 aiso=2375(2396819ms) xte=0.00m spd=0.00m/s q=0 ggaAge=11 vtgAge=10 xteAge=2396819 xteraw=80:510302FF0D080AFF vt=Y(21/22) vtstat=2373/737ms tc=Y drp=0mm tcq=0
15:49:54.730 [ISOBUS] addr=0x81 claimed=Y load=14.0% msgs=91966 aiso=2376(2397819ms) xte=0.00m spd=0.00m/s q=0 ggaAge=11 vtgAge=10 xteAge=2397819 xteraw=80:510302FF0D080AFF vt=Y(21/22) vtstat=2374/736ms tc=Y drp=0mm tcq=0
15:49:55.714 [ISOBUS] addr=0x81 claimed=Y load=14.2% msgs=92007 aiso=2377(2398819ms) xte=0.00m spd=0.00m/s q=0 ggaAge=12 vtgAge=11 xteAge=2398819 xteraw=80:510302FF0D080AFF vt=Y(21/22) vtstat=2375/735ms tc=Y drp=0mm tcq=0
15:49:56.747 [ISOBUS] addr=0x81 claimed=Y load=14.0% msgs=92048 aiso=2378(2399819ms) xte=0.00m spd=0.00m/s q=0 ggaAge=11 vtgAge=11 xteAge=2399819 xteraw=80:510302FF0D080AFF vt=Y(21/22) vtstat=2376/735ms tc=Y drp=0mm tcq=0
15:49:57.755 [ISOBUS] addr=0x81 claimed=Y load=14.2% msgs=92089 aiso=2379(2400819ms) xte=0.00m spd=0.00m/s q=0 ggaAge=11 vtgAge=10 xteAge=2400819 xteraw=80:510302FF0D080AFF vt=Y(21/22) vtstat=2377/734ms tc=Y drp=0mm tcq=0
15:49:58.718 [ISOBUS] addr=0x81 claimed=Y load=14.0% msgs=92130 aiso=2380(2401819ms) xte=0.00m spd=0.00m/s q=0 ggaAge=11 vtgAge=10 xteAge=2401819 xteraw=80:510302FF0D080AFF vt=Y(21/22) vtstat=2378/734ms tc=Y drp=0mm tcq=0
15:49:59.747 [ISOBUS] addr=0x81 claimed=Y load=14.2% msgs=92171 aiso=2381(2402819ms) xte=0.00m spd=0.00m/s q=0 ggaAge=11 vtgAge=11 xteAge=2402819 xteraw=80:510302FF0D080AFF vt=Y(21/22) vtstat=2379/733ms tc=Y drp=0mm tcq=0
15:50:00.747 [ISOBUS] addr=0x81 claimed=Y load=14.0% msgs=92212 aiso=2382(2403819ms) xte=0.00m spd=0.00m/s q=0 ggaAge=11 vtgAge=10 xteAge=2403819 xteraw=80:510302FF0D080AFF vt=Y(21/22) vtstat=2379/1733ms tc=Y drp=0mm tcq=0
15:50:01.744 [ISOBUS] addr=0x81 claimed=Y load=14.2% msgs=92253 aiso=2383(2404819ms) xte=0.00m spd=0.00m/s q=0 ggaAge=11 vtgAge=10 xteAge=2404819 xteraw=80:510302FF0D080AFF vt=Y(21/22) vtstat=2379/2733ms tc=Y drp=0mm tcq=0
15:50:02.004 E] [VT]: Status Timeout
15:50:02.720 [ISOBUS] addr=0x81 claimed=Y load=14.4% msgs=92298 aiso=2384(2405819ms) xte=0.00m spd=0.00m/s q=0 ggaAge=11 vtgAge=10 xteAge=2405819 xteraw=80:510302FF0D080AFF vt=N(1/22) vtstat=2379/3733ms tc=Y drp=0mm tcq=0
15:50:03.421 W] [PR]: NACK-ing PGN request for PGN 60928 because no callback could handle it.
15:50:03.729 [ISOBUS] addr=0x81 claimed=Y load=13.9% msgs=92339 aiso=2385(2406819ms) xte=0.00m spd=0.00m/s q=0 ggaAge=11 vtgAge=11 xteAge=2406819 xteraw=80:510302FF0B0809FF vt=N(1/22) vtstat=2379/4733ms tc=Y drp=0mm tcq=0
15:50:04.734 [ISOBUS] addr=0x81 claimed=Y load=13.5% msgs=92380 aiso=2386(2407819ms) xte=0.00m spd=0.00m/s q=0 ggaAge=12 vtgAge=11 xteAge=2407819 xteraw=80:510302FF0B0809FF vt=N(1/22) vtstat=2379/5733ms tc=Y drp=0mm tcq=0
15:50:05.430 W] [PR]: NACK-ing PGN request for PGN 60928 because no callback could handle it.
15:50:05.737 [ISOBUS] addr=0x81 claimed=Y load=13.9% msgs=92421 aiso=2387(2408819ms) xte=0.00m spd=0.00m/s q=0 ggaAge=11 vtgAge=10 xteAge=2408819 xteraw=80:510302FF0B0809FF vt=N(1/22) vtstat=2379/6733ms tc=Y drp=0mm tcq=0
15:50:06.755 [ISOBUS] addr=0x81 claimed=Y load=13.5% msgs=92462 aiso=2388(2409819ms) xte=0.00m spd=0.00m/s q=0 ggaAge=12 vtgAge=11 xteAge=2409819 xteraw=80:510302FF0B0809FF vt=N(1/22) vtstat=2379/7733ms tc=Y drp=0mm tcq=0
15:50:07.417 W] [PR]: NACK-ing PGN request for PGN 60928 because no callback could handle it.
15:50:07.737 [ISOBUS] addr=0x81 claimed=Y load=13.7% msgs=92503 aiso=2389(2410819ms) xte=0.00m spd=0.00m/s q=0 ggaAge=12 vtgAge=11 xteAge=2410819 xteraw=80:510302FF0B0809FF vt=N(1/22) vtstat=2379/8733ms tc=Y drp=0mm tcq=0
15:50:08.178 I] [NM]: Control function with address 172 and NAME 000000000000000lx is now offline on channel 197275905.
15:50:08.178 I] [NM]: Control function with address 205 and NAME 000000000000000lx is now offline on channel 198344577.
15:50:08.717 [ISOBUS] addr=0x81 claimed=Y load=13.7% msgs=92544 aiso=2390(2411819ms) xte=0.00m spd=0.00m/s q=0 ggaAge=11 vtgAge=10 xteAge=2411819 xteraw=80:510302FF0B0809FF vt=N(1/22) vtstat=2379/9733ms tc=Y drp=0mm tcq=0
15:50:09.729 [ISOBUS] addr=0x81 claimed=Y load=13.3% msgs=92585 aiso=2391(2412819ms) xte=0.00m spd=0.00m/s q=0 ggaAge=11 vtgAge=10 xteAge=2412819 xteraw=80:510302FF0B0809FF vt=N(1/22) vtstat=2379/10733ms tc=Y drp=0mm tcq=0
15:50:10.746 [ISOBUS] addr=0x81 claimed=Y load=13.5% msgs=92626 aiso=2392(2413819ms) xte=0.00m spd=0.00m/s q=0 ggaAge=11 vtgAge=10 xteAge=2413819 xteraw=80:510302FF0B0809FF vt=N(1/22) vtstat=2379/11733ms tc=Y drp=0mm tcq=0
15:50:11.416 W] [PR]: NACK-ing PGN request for PGN 60928 because no callback could handle it.
15:50:11.737 [ISOBUS] addr=0x81 claimed=Y load=13.4% msgs=92667 aiso=2393(2414819ms) xte=0.00m spd=0.00m/s q=0 ggaAge=11 vtgAge=10 xteAge=2414819 xteraw=80:510302FF0B0809FF vt=N(1/22) vtstat=2379/12733ms tc=Y drp=0mm tcq=0
15:50:11.987 VT: disconnected 10s after having been connected -- forcing reconnect attempt 1 (partner addr=0x26 valid=Y)
15:50:11.987 I] [VT]: VT Client connection has been terminated.
15:50:12.718 [ISOBUS] addr=0x81 claimed=Y load=13.7% msgs=92708 aiso=2394(2415819ms) xte=0.00m spd=0.00m/s q=0 ggaAge=11 vtgAge=11 xteAge=2415819 xteraw=80:510302FF0B0809FF vt=N(1/22) vtstat=2379/13733ms tc=Y drp=0mm tcq=0
15:50:13.413 W] [PR]: NACK-ing PGN request for PGN 60928 because no callback could handle it.
15:50:13.718 [ISOBUS] addr=0x81 claimed=Y load=13.4% msgs=92749 aiso=2395(2416819ms) xte=0.00m spd=0.00m/s q=0 ggaAge=12 vtgAge=11 xteAge=2416819 xteraw=80:510302FF0B0809FF vt=N(1/22) vtstat=2379/14733ms tc=Y drp=0mm tcq=0
15:50:14.715 [ISOBUS] addr=0x81 claimed=Y load=13.5% msgs=92790 aiso=2396(2417819ms) xte=0.00m spd=0.00m/s q=0 ggaAge=11 vtgAge=10 xteAge=2417819 xteraw=80:510302FF0B0809FF vt=N(1/22) vtstat=2379/15733ms tc=Y drp=0mm tcq=0
15:50:15.435 W] [PR]: NACK-ing PGN request for PGN 60928 because no callback could handle it.
15:50:15.755 [ISOBUS] addr=0x81 claimed=Y load=13.4% msgs=92831 aiso=2397(2418819ms) xte=0.00m spd=0.00m/s q=0 ggaAge=12 vtgAge=11 xteAge=2418819 xteraw=80:510302FF0B0809FF vt=N(1/22) vtstat=2379/16733ms tc=Y drp=0mm tcq=0
15:50:16.715 [ISOBUS] addr=0x81 claimed=Y load=13.5% msgs=92872 aiso=2398(2419819ms) xte=0.00m spd=0.00m/s q=0 ggaAge=11 vtgAge=10 xteAge=2419819 xteraw=80:510302FF0B0809FF vt=N(1/22) vtstat=2379/17733ms tc=Y drp=0mm tcq=0
15:50:17.411 W] [PR]: NACK-ing PGN request for PGN 60928 because no callback could handle it.
15:50:17.733 [ISOBUS] addr=0x81 claimed=Y load=13.4% msgs=92913 aiso=2399(2420819ms) xte=0.00m spd=0.00m/s q=0 ggaAge=11 vtgAge=10 xteAge=2420819 xteraw=80:510302FF0B0809FF vt=N(1/22) vtstat=2379/18733ms tc=Y drp=0mm tcq=0
15:50:18.721 [ISOBUS] addr=0x81 claimed=Y load=13.5% msgs=92954 aiso=2400(2421819ms) xte=0.00m spd=0.00m/s q=0 ggaAge=11 vtgAge=10 xteAge=2421819 xteraw=80:510302FF0B0809FF vt=N(1/22) vtstat=2379/19733ms tc=Y drp=0mm tcq=0
15:50:19.442 W] [PR]: NACK-ing PGN request for PGN 60928 because no callback could handle it.
15:50:19.743 [ISOBUS] addr=0x81 claimed=Y load=13.4% msgs=92995 aiso=2401(2422819ms) xte=0.00m spd=0.00m/s q=0 ggaAge=11 vtgAge=10 xteAge=2422819 xteraw=80:510302FF0B0809FF vt=N(1/22) vtstat=2379/20733ms tc=Y drp=0mm tcq=0
15:50:20.720 [ISOBUS] addr=0x81 claimed=Y load=13.5% msgs=93036 aiso=2402(2423819ms) xte=0.00m spd=0.00m/s q=0 ggaAge=11 vtgAge=10 xteAge=2423819 xteraw=80:510302FF0B0809FF vt=N(1/22) vtstat=2379/21733ms tc=Y drp=0mm tcq=0
15:50:21.438 W] [PR]: NACK-ing PGN request for PGN 60928 because no callback could handle it.
15:50:21.727 [ISOBUS] addr=0x81 claimed=Y load=13.4% msgs=93077 aiso=2403(2424819ms) xte=0.00m spd=0.00m/s q=0 ggaAge=12 vtgAge=11 xteAge=2424819 xteraw=80:510302FF0B0809FF vt=N(1/22) vtstat=2379/22733ms tc=Y drp=0mm tcq=0
15:50:22.007 VT: disconnected 20s after having been connected -- forcing reconnect attempt 2 (partner addr=0x26 valid=Y)
15:50:22.007 I] [VT]: VT Client connection has been terminated.
15:50:22.737 [ISOBUS] addr=0x81 claimed=Y load=13.7% msgs=93118 aiso=2404(2425819ms) xte=0.00m spd=0.00m/s q=0 ggaAge=11 vtgAge=11 xteAge=2425819 xteraw=80:510302FF0B0809FF vt=N(1/22) vtstat=2379/23733ms tc=Y drp=0mm tcq=0
15:50:23.420 W] [PR]: NACK-ing PGN request for PGN 60928 because no callback could handle it.
15:50:23.718 [ISOBUS] addr=0x81 claimed=Y load=13.4% msgs=93159 aiso=2405(2426819ms) xte=0.00m spd=0.00m/s q=0 ggaAge=12 vtgAge=11 xteAge=2426819 xteraw=80:510302FF0B0809FF vt=N(1/22) vtstat=2379/24733ms tc=Y drp=0mm tcq=0
15:50:24.739 [ISOBUS] addr=0x81 claimed=Y load=13.5% msgs=93200 aiso=2406(2427819ms) xte=0.00m spd=0.00m/s q=0 ggaAge=12 vtgAge=11 xteAge=2427819 xteraw=80:510302FF0B0809FF vt=N(1/22) vtstat=2379/25733ms tc=Y drp=0mm tcq=0
15:50:25.239 I] [NM]: External control function with name 000000000000000lx has claimed address 203452081 on channel 2147516672.
15:50:25.239 I] [NM]: External control function with name 000000000000000lx has claimed address 197783967 on channel 2684388864.
15:50:25.718 [ISOBUS] addr=0x81 claimed=Y load=13.7% msgs=93241 aiso=2407(2428819ms) xte=0.00m spd=0.00m/s q=0 ggaAge=12 vtgAge=11 xteAge=2428819 xteraw=80:510302FF0B0809FF vt=N(1/22) vtstat=2379/26733ms tc=Y drp=0mm tcq=0
15:50:25.995 I] [NM]: Control function with address 43 and NAME 000000000000000lx is now offline on channel 203452081.
15:50:26.752 [ISOBUS] addr=0x81 claimed=Y load=13.5% msgs=93282 aiso=2408(2429819ms) xte=0.00m spd=0.00m/s q=0 ggaAge=12 vtgAge=11 xteAge=2429819 xteraw=80:510302FF0B0809FF vt=N(1/22) vtstat=2379/27733ms tc=Y drp=0mm tcq=0
15:50:27.419 W] [PR]: NACK-ing PGN request for PGN 60928 because no callback could handle it.
15:50:27.737 [ISOBUS] addr=0x81 claimed=Y load=13.4% msgs=93323 aiso=2409(2430819ms) xte=0.00m spd=0.00m/s q=0 ggaAge=11 vtgAge=11 xteAge=2430819 xteraw=80:510302FF0B0809FF vt=N(1/22) vtstat=2379/28733ms tc=Y drp=0mm tcq=0
15:50:28.187 I] [NM]: Control function with address 240 and NAME 000000000000000lx is now offline on channel 197783967.
15:50:28.721 [ISOBUS] addr=0x81 claimed=Y load=13.5% msgs=93364 aiso=2410(2431819ms) xte=0.00m spd=0.00m/s q=0 ggaAge=11 vtgAge=10 xteAge=2431819 xteraw=80:510302FF0B0809FF vt=N(1/22) vtstat=2379/29733ms tc=Y drp=0mm tcq=0
15:50:29.419 W] [PR]: NACK-ing PGN request for PGN 60928 because no callback could handle it.
15:50:29.739 [ISOBUS] addr=0x81 claimed=Y load=13.4% msgs=93405 aiso=2411(2432819ms) xte=0.00m spd=0.00m/s q=0 ggaAge=12 vtgAge=11 xteAge=2432819 xteraw=80:510302FF0B0809FF vt=N(1/22) vtstat=2379/30733ms tc=Y drp=0mm tcq=0
15:50:30.738 [ISOBUS] addr=0x81 claimed=Y load=13.5% msgs=93446 aiso=2412(2433819ms) xte=0.00m spd=0.00m/s q=0 ggaAge=12 vtgAge=11 xteAge=2433819 xteraw=80:510302FF0B0809FF vt=N(1/22) vtstat=2379/31733ms tc=Y drp=0mm tcq=0
15:50:31.414 W] [PR]: NACK-ing PGN request for PGN 60928 because no callback could handle it.
15:50:31.742 [ISOBUS] addr=0x81 claimed=Y load=13.4% msgs=93487 aiso=2413(2434819ms) xte=0.00m spd=0.00m/s q=0 ggaAge=12 vtgAge=11 xteAge=2434819 xteraw=80:510302FF0B0809FF vt=N(1/22) vtstat=2379/32733ms tc=Y drp=0mm tcq=0
15:50:32.009 VT: disconnected 30s after having been connected -- forcing reconnect attempt 3 (partner addr=0x26 valid=Y)
15:50:32.009 I] [VT]: VT Client connection has been terminated.
15:50:32.052 I] [NM]: External control function with name 000000000000000lx has claimed address 203452081 on channel 2147516672.
15:50:32.054 I] [NM]: External control function with name 000000000000000lx has claimed address 197783967 on channel 2684388864.
15:50:32.729 [ISOBUS] addr=0x81 claimed=Y load=14.0% msgs=93528 aiso=2414(2435819ms) xte=0.00m spd=0.00m/s q=0 ggaAge=12 vtgAge=11 xteAge=2435819 xteraw=80:510302FF0B0809FF vt=N(1/22) vtstat=2379/33733ms tc=Y drp=0mm tcq=0
15:50:32.799 I] [NM]: Control function with address 43 and NAME 000000000000000lx is now offline on channel 203452081.
15:50:33.415 W] [PR]: NACK-ing PGN request for PGN 60928 because no callback could handle it.
15:50:33.729 [ISOBUS] addr=0x81 claimed=Y load=13.4% msgs=93569 aiso=2415(2436819ms) xte=0.00m spd=0.00m/s q=0 ggaAge=12 vtgAge=8 xteAge=2436819 xteraw=80:510302FF0B0809FF vt=N(1/22) vtstat=2379/34733ms tc=Y drp=0mm tcq=0
15:50:34.187 I] [NM]: Control function with address 240 and NAME 000000000000000lx is now offline on channel 197783967.
15:50:34.454 I] [NM]: External control function with name 000000000000000lx has claimed address 198344577 on channel 2684363008.
15:50:34.455 I] [NM]: External control function with name 000000000000000lx has claimed address 197275905 on channel 536876800.
15:50:34.741 [ISOBUS] addr=0x81 claimed=Y load=13.6% msgs=93610 aiso=2416(2437819ms) xte=0.00m spd=0.00m/s q=0 ggaAge=12 vtgAge=11 xteAge=2437819 xteraw=80:510302FF0B0809FF vt=N(1/22) vtstat=2379/35733ms tc=Y drp=0mm tcq=0
15:50:35.409 W] [PR]: NACK-ing PGN request for PGN 60928 because no callback could handle it.
15:50:35.439 W] [TP]: Received a Request to Send (RTS) message with a global destination, ignoring
15:50:35.747 [ISOBUS] addr=0x81 claimed=Y load=13.8% msgs=93654 aiso=2417(2438819ms) xte=0.00m spd=0.00m/s q=0 ggaAge=12 vtgAge=11 xteAge=2438819 xteraw=80:510302FF0B0809FF vt=N(1/22) vtstat=2379/36733ms tc=Y drp=0mm tcq=0
15:50:36.188 I] [NM]: Control function with address 172 and NAME 000000000000000lx is now offline on channel 197275905.
15:50:36.189 I] [NM]: Control function with address 205 and NAME 000000000000000lx is now offline on channel 198344577.
15:50:36.419 I] [NM]: External control function with name 000000000000000lx has claimed address 197275905 on channel 536876800.
15:50:36.729 [ISOBUS] addr=0x81 claimed=Y load=13.6% msgs=93695 aiso=2418(2439819ms) xte=0.00m spd=0.00m/s q=0 ggaAge=12 vtgAge=11 xteAge=2439819 xteraw=80:510302FF0B0809FF vt=N(1/22) vtstat=2379/37733ms tc=Y drp=0mm tcq=0
15:50:37.721 [ISOBUS] addr=0x81 claimed=Y load=13.8% msgs=93736 aiso=2419(2440819ms) xte=0.00m spd=0.00m/s q=0 ggaAge=12 vtgAge=11 xteAge=2440819 xteraw=80:510302FF0B0809FF vt=N(1/22) vtstat=2379/38733ms tc=Y drp=0mm tcq=0
15:50:38.717 [ISOBUS] addr=0x81 claimed=Y load=13.9% msgs=93777 aiso=2420(2441819ms) xte=0.00m spd=0.00m/s q=0 ggaAge=11 vtgAge=10 xteAge=2441819 xteraw=80:510302FF0B0809FF vt=N(1/22) vtstat=2379/39733ms tc=Y drp=0mm tcq=0
15:50:39.755 [ISOBUS] addr=0x81 claimed=Y load=13.6% msgs=93818 aiso=2421(2442819ms) xte=0.00m spd=0.00m/s q=0 ggaAge=12 vtgAge=11 xteAge=2442819 xteraw=80:510302FF0B0809FF vt=N(1/22) vtstat=2379/40733ms tc=Y drp=0mm tcq=0
15:50:40.423 I] [NM]: External control function with name 000000000000000lx has claimed address 198344577 on channel 2684363008.
15:50:40.528 W] [TP]: Received a Request to Send (RTS) message with a global destination, ignoring
15:50:40.719 [ISOBUS] addr=0x81 claimed=Y load=14.0% msgs=93859 aiso=2422(2443819ms) xte=0.00m spd=0.00m/s q=0 ggaAge=11 vtgAge=11 xteAge=2443819 xteraw=80:510302FF0B0809FF vt=N(1/22) vtstat=2379/41733ms tc=Y drp=0mm tcq=0
15:50:41.724 [ISOBUS] addr=0x81 claimed=Y load=13.5% msgs=93900 aiso=2423(2444819ms) xte=0.00m spd=0.00m/s q=0 ggaAge=12 vtgAge=11 xteAge=2444819 xteraw=80:510302FF0B0809FF vt=N(1/22) vtstat=2379/42733ms tc=Y drp=0mm tcq=0
15:50:41.785 W] [TP]: Received a Request to Send (RTS) message with a global destination, ignoring
15:50:42.002 VT: disconnected 40s after having been connected -- forcing reconnect attempt 4 (partner addr=0x26 valid=Y)
15:50:42.002 I] [VT]: VT Client connection has been terminated.
15:50:42.743 [ISOBUS] addr=0x81 claimed=Y load=14.1% msgs=93944 aiso=2424(2445819ms) xte=0.00m spd=0.00m/s q=0 ggaAge=12 vtgAge=11 xteAge=2445819 xteraw=80:510302FF0B0809FF vt=N(1/22) vtstat=2379/43733ms tc=Y drp=0mm tcq=0
15:50:43.037 W] [TP]: Received an Abort message with a global destination, ignoring
15:50:43.037 W] [TP]: Received a Request to Send (RTS) message with a global destination, ignoring
15:50:43.418 W] [PR]: NACK-ing PGN request for PGN 60928 because no callback could handle it.
15:50:43.734 [ISOBUS] addr=0x81 claimed=Y load=14.0% msgs=93985 aiso=2425(2446819ms) xte=0.00m spd=0.00m/s q=0 ggaAge=11 vtgAge=10 xteAge=2446819 xteraw=80:510302FF0B0809FF vt=N(1/22) vtstat=2379/44733ms tc=Y drp=0mm tcq=0
15:50:44.194 I] [NM]: Control function with address 205 and NAME 000000000000000lx is now offline on channel 198344577.
15:50:44.754 [ISOBUS] addr=0x81 claimed=Y load=13.8% msgs=94026 aiso=2426(2447819ms) xte=0.00m spd=0.00m/s q=0 ggaAge=12 vtgAge=11 xteAge=2447819 xteraw=80:510302FF0B0809FF vt=N(1/22) vtstat=2379/45733ms tc=Y drp=0mm tcq=0
15:50:45.431 W] [PR]: NACK-ing PGN request for PGN 60928 because no callback could handle it.
15:50:45.431 I] [NM]: External control function with name 000000000000000lx has claimed address 198344577 on channel 2684363008.
15:50:45.621 W] [TP]: Received a Request to Send (RTS) message with a global destination, ignoring
15:50:45.722 [ISOBUS] addr=0x81 claimed=Y load=14.0% msgs=94067 aiso=2427(2448819ms) xte=0.00m spd=0.00m/s q=0 ggaAge=12 vtgAge=11 xteAge=2448819 xteraw=80:510302FF0B0809FF vt=N(1/22) vtstat=2379/46733ms tc=Y drp=0mm tcq=0
15:50:46.729 [ISOBUS] addr=0x81 claimed=Y load=13.6% msgs=94108 aiso=2428(2449819ms) xte=0.00m spd=0.00m/s q=0 ggaAge=11 vtgAge=11 xteAge=2449819 xteraw=80:510302FF0B0809FF vt=N(1/22) vtstat=2379/47733ms tc=Y drp=0mm tcq=0
15:50:46.919 W] [TP]: Received an Abort message with a global destination, ignoring
15:50:46.919 W] [TP]: Received a Request to Send (RTS) message with a global destination, ignoring
15:50:47.418 W] [PR]: NACK-ing PGN request for PGN 60928 because no callback could handle it.
15:50:47.721 [ISOBUS] addr=0x81 claimed=Y load=14.0% msgs=94149 aiso=2429(2450819ms) xte=0.00m spd=0.00m/s q=0 ggaAge=11 vtgAge=11 xteAge=2450819 xteraw=80:510302FF0B0809FF vt=N(1/22) vtstat=2379/48733ms tc=Y drp=0mm tcq=0
15:50:48.188 I] [NM]: Control function with address 205 and NAME 000000000000000lx is now offline on channel 198344577.
15:50:48.722 [ISOBUS] addr=0x81 claimed=Y load=13.7% msgs=94190 aiso=2430(2451819ms) xte=0.00m spd=0.00m/s q=0 ggaAge=12 vtgAge=11 xteAge=2451819 xteraw=80:510302FF0B0809FF vt=N(1/22) vtstat=2379/49733ms tc=Y drp=0mm tcq=0
15:50:49.421 W] [PR]: NACK-ing PGN request for PGN 60928 because no callback could handle it.
15:50:49.422 I] [NM]: External control function with name 000000000000000lx has claimed address 198344577 on channel 2684363008.
15:50:49.494 W] [TP]: Received a Request to Send (RTS) message with a global destination, ignoring
15:50:49.719 [ISOBUS] addr=0x81 claimed=Y load=14.0% msgs=94231 aiso=2431(2452819ms) xte=0.00m spd=0.00m/s q=0 ggaAge=11 vtgAge=11 xteAge=2452819 xteraw=80:510302FF0B0809FF vt=N(1/22) vtstat=2379/50733ms tc=Y drp=0mm tcq=0
15:50:50.734 [ISOBUS] addr=0x81 claimed=Y load=13.6% msgs=94272 aiso=2432(2453819ms) xte=0.00m spd=0.00m/s q=0 ggaAge=11 vtgAge=11 xteAge=2453819 xteraw=80:510302FF0B0809FF vt=N(1/22) vtstat=2379/51733ms tc=Y drp=0mm tcq=0
15:50:50.770 W] [TP]: Received an Abort message with a global destination, ignoring
15:50:50.771 W] [TP]: Received a Request to Send (RTS) message with a global destination, ignoring
15:50:51.423 W] [PR]: NACK-ing PGN request for PGN 60928 because no callback could handle it.
15:50:51.738 [ISOBUS] addr=0x81 claimed=Y load=14.0% msgs=94313 aiso=2433(2454819ms) xte=0.00m spd=0.00m/s q=0 ggaAge=12 vtgAge=11 xteAge=2454819 xteraw=80:510302FF0B0809FF vt=N(1/22) vtstat=2379/52733ms tc=Y drp=0mm tcq=0
15:50:51.989 VT: disconnected 50s after having been connected -- forcing reconnect attempt 5 (partner addr=0x26 valid=Y)
15:50:51.989 I] [VT]: VT Client connection has been terminated.
15:50:52.053 W] [TP]: Received a Request to Send (RTS) message with a global destination, ignoring
15:50:52.185 I] [NM]: Control function with address 205 and NAME 000000000000000lx is now offline on channel 198344577.
15:50:52.720 [ISOBUS] addr=0x81 claimed=Y load=14.2% msgs=94357 aiso=2434(2455819ms) xte=0.00m spd=0.00m/s q=0 ggaAge=3 vtgAge=2 xteAge=2455819 xteraw=80:510302FF0B0809FF vt=N(1/22) vtstat=2379/53733ms tc=Y drp=0mm tcq=0
15:50:53.426 W] [PR]: NACK-ing PGN request for PGN 60928 because no callback could handle it.
15:50:53.735 [ISOBUS] addr=0x81 claimed=Y load=13.9% msgs=94398 aiso=2435(2456819ms) xte=0.00m spd=0.00m/s q=0 ggaAge=11 vtgAge=10 xteAge=2456819 xteraw=80:510302FF0B0809FF vt=N(1/22) vtstat=2379/54733ms tc=Y drp=0mm tcq=0
15:50:54.443 I] [NM]: External control function with name 000000000000000lx has claimed address 198344577 on channel 2684363008.
15:50:54.738 [ISOBUS] addr=0x81 claimed=Y load=13.8% msgs=94439 aiso=2436(2457819ms) xte=0.00m spd=0.00m/s q=0 ggaAge=12 vtgAge=11 xteAge=2457819 xteraw=80:510302FF0B0809FF vt=N(1/22) vtstat=2379/55733ms tc=Y drp=0mm tcq=0
15:50:54.855 W] [TP]: Received an Abort message with a global destination, ignoring
15:50:54.885 W] [TP]: Received a Request to Send (RTS) message with a global destination, ignoring
15:50:55.168 I] [NM]: Control function with address 172 and NAME 000000000000000lx is now offline on channel 197275905.
15:50:55.438 I] [NM]: External control function with name 000000000000000lx has claimed address 197275905 on channel 536876800.
15:50:55.720 [ISOBUS] addr=0x81 claimed=Y load=13.7% msgs=94480 aiso=2437(2458819ms) xte=0.00m spd=0.00m/s q=0 ggaAge=12 vtgAge=11 xteAge=2458819 xteraw=80:510302FF0B0809FF vt=N(1/22) vtstat=2379/56733ms tc=Y drp=0mm tcq=0
15:50:56.138 W] [TP]: Received a Request to Send (RTS) message with a global destination, ignoring
15:50:56.177 I] [NM]: Control function with address 205 and NAME 000000000000000lx is now offline on channel 198344577.
15:50:56.731 [ISOBUS] addr=0x81 claimed=Y load=13.8% msgs=94521 aiso=2438(2459819ms) xte=0.00m spd=0.00m/s q=0 ggaAge=11 vtgAge=10 xteAge=2459819 xteraw=80:510302FF0B0809FF vt=N(1/22) vtstat=2379/57733ms tc=Y drp=0mm tcq=0
15:50:57.419 W] [PR]: NACK-ing PGN request for PGN 60928 because no callback could handle it.
15:50:57.730 [ISOBUS] addr=0x81 claimed=Y load=13.9% msgs=94562 aiso=2439(2460819ms) xte=0.00m spd=0.00m/s q=0 ggaAge=12 vtgAge=11 xteAge=2460819 xteraw=80:510302FF0B0809FF vt=N(1/22) vtstat=2379/58733ms tc=Y drp=0mm tcq=0
15:50:58.438 I] [NM]: External control function with name 000000000000000lx has claimed address 198344577 on channel 2684363008.
15:50:58.712 W] [TP]: Received an Abort message with a global destination, ignoring
15:50:58.712 W] [TP]: Received a Request to Send (RTS) message with a global destination, ignoring
15:50:58.738 [ISOBUS] addr=0x81 claimed=Y load=13.7% msgs=94603 aiso=2440(2461819ms) xte=0.00m spd=0.00m/s q=0 ggaAge=11 vtgAge=11 xteAge=2461819 xteraw=80:510302FF0B0809FF vt=N(1/22) vtstat=2379/59733ms tc=Y drp=0mm tcq=0
15:50:59.187 I] [NM]: Control function with address 172 and NAME 000000000000000lx is now offline on channel 197275905.
15:50:59.445 I] [NM]: External control function with name 000000000000000lx has claimed address 197275905 on channel 536876800.
15:50:59.732 [ISOBUS] addr=0x81 claimed=Y load=13.9% msgs=94644 aiso=2441(2462819ms) xte=0.00m spd=0.00m/s q=0 ggaAge=11 vtgAge=11 xteAge=2462819 xteraw=80:510302FF0B0809FF vt=N(1/22) vtstat=2379/60733ms tc=Y drp=0mm tcq=0
15:50:59.988 W] [TP]: Received a Request to Send (RTS) message with a global destination, ignoring
15:51:00.189 I] [NM]: Control function with address 205 and NAME 000000000000000lx is now offline on channel 198344577.
15:51:00.722 [ISOBUS] addr=0x81 claimed=Y load=13.7% msgs=94685 aiso=2442(2463819ms) xte=0.00m spd=0.00m/s q=0 ggaAge=12 vtgAge=11 xteAge=2463819 xteraw=80:510302FF0B0809FF vt=N(1/22) vtstat=2379/61733ms tc=Y drp=0mm tcq=0
15:51:01.421 W] [PR]: NACK-ing PGN request for PGN 60928 because no callback could handle it.
15:51:01.729 [ISOBUS] addr=0x81 claimed=Y load=13.9% msgs=94726 aiso=2443(2464819ms) xte=0.00m spd=0.00m/s q=0 ggaAge=10 vtgAge=10 xteAge=2464819 xteraw=80:510302FF0B0809FF vt=N(1/22) vtstat=2379/62733ms tc=Y drp=0mm tcq=0
15:51:01.998 VT: disconnected 60s after having been connected -- forcing reconnect attempt 6 (partner addr=0x26 valid=Y)
15:51:01.998 I] [VT]: VT Client connection has been terminated.
15:51:02.721 [ISOBUS] addr=0x81 claimed=Y load=14.2% msgs=94770 aiso=2444(2465819ms) xte=0.00m spd=0.00m/s q=0 ggaAge=11 vtgAge=10 xteAge=2465819 xteraw=80:510302FF0B0809FF vt=N(1/22) vtstat=2379/63733ms tc=Y drp=0mm tcq=0
15:51:03.422 W] [PR]: NACK-ing PGN request for PGN 60928 because no callback could handle it.
15:51:03.735 [ISOBUS] addr=0x81 claimed=Y load=13.7% msgs=94811 aiso=2445(2466819ms) xte=0.00m spd=0.00m/s q=0 ggaAge=12 vtgAge=12 xteAge=2466819 xteraw=80:510302FF0B0809FF vt=N(1/22) vtstat=2379/64733ms tc=Y drp=0mm tcq=0
15:51:04.733 [ISOBUS] addr=0x81 claimed=Y load=13.7% msgs=94852 aiso=2446(2467819ms) xte=0.00m spd=0.00m/s q=0 ggaAge=12 vtgAge=11 xteAge=2467819 xteraw=80:510302FF0B0809FF vt=N(1/22) vtstat=2379/65733ms tc=Y drp=0mm tcq=0
15:51:05.420 W] [PR]: NACK-ing PGN request for PGN 60928 because no callback could handle it.
15:51:05.723 [ISOBUS] addr=0x81 claimed=Y load=13.8% msgs=94893 aiso=2447(2468819ms) xte=0.00m spd=0.00m/s q=0 ggaAge=12 vtgAge=11 xteAge=2468819 xteraw=80:510302FF0B0809FF vt=N(1/22) vtstat=2379/66733ms tc=Y drp=0mm tcq=0
15:51:06.739 [ISOBUS] addr=0x81 claimed=Y load=13.8% msgs=94934 aiso=2448(2469819ms) xte=0.00m spd=0.00m/s q=0 ggaAge=12 vtgAge=11 xteAge=2469819 xteraw=80:510302FF0B0809FF vt=N(1/22) vtstat=2379/67733ms tc=Y drp=0mm tcq=0
15:51:07.446 W] [PR]: NACK-ing PGN request for PGN 60928 because no callback could handle it.
15:51:07.734 [ISOBUS] addr=0x81 claimed=Y load=13.7% msgs=94975 aiso=2449(2470819ms) xte=0.00m spd=0.00m/s q=0 ggaAge=11 vtgAge=11 xteAge=2470819 xteraw=80:510302FF0B0809FF vt=N(1/22) vtstat=2379/68733ms tc=Y drp=0mm tcq=0
15:51:08.746 [ISOBUS] addr=0x81 claimed=Y load=13.7% msgs=95016 aiso=2450(2471819ms) xte=0.00m spd=0.00m/s q=0 ggaAge=12 vtgAge=11 xteAge=2471819 xteraw=80:510302FF0B0809FF vt=N(1/22) vtstat=2379/69733ms tc=Y drp=0mm tcq=0
15:51:09.421 W] [PR]: NACK-ing PGN request for PGN 60928 because no callback could handle it.
15:51:09.720 [ISOBUS] addr=0x81 claimed=Y load=13.8% msgs=95057 aiso=2451(2472819ms) xte=0.00m spd=0.00m/s q=0 ggaAge=12 vtgAge=11 xteAge=2472819 xteraw=80:510302FF0B0809FF vt=N(1/22) vtstat=2379/70733ms tc=Y drp=0mm tcq=0
15:51:10.721 [ISOBUS] addr=0x81 claimed=Y load=13.6% msgs=95098 aiso=2452(2473819ms) xte=0.00m spd=0.00m/s q=0 ggaAge=11 vtgAge=11 xteAge=2473819 xteraw=80:510302FF0B0809FF vt=N(1/22) vtstat=2379/71733ms tc=Y drp=0mm tcq=0
15:51:11.421 W] [PR]: NACK-ing PGN request for PGN 60928 because no callback could handle it.
15:51:11.421 I] [NM]: External control function with name 000000000000000lx has claimed address 198344577 on channel 2684363008.
15:51:11.738 [ISOBUS] addr=0x81 claimed=Y load=13.7% msgs=95139 aiso=2453(2474819ms) xte=0.00m spd=0.00m/s q=0 ggaAge=11 vtgAge=11 xteAge=2474819 xteraw=80:510302FF0B0809FF vt=N(1/22) vtstat=2379/72733ms tc=Y drp=0mm tcq=0
15:51:12.005 VT: disconnected 70s after having been connected -- forcing reconnect attempt 7 (partner addr=0x26 valid=Y)
15:51:12.005 I] [VT]: VT Client connection has been terminated.
15:51:12.722 [ISOBUS] addr=0x81 claimed=Y load=13.9% msgs=95183 aiso=2454(2475819ms) xte=0.00m spd=0.00m/s q=0 ggaAge=12 vtgAge=11 xteAge=2475819 xteraw=80:510302FF0B0809FF vt=N(1/22) vtstat=2379/73733ms tc=Y drp=0mm tcq=0
15:51:13.439 W] [PR]: NACK-ing PGN request for PGN 60928 because no callback could handle it.
15:51:13.727 [ISOBUS] addr=0x81 claimed=Y load=13.7% msgs=95224 aiso=2455(2476819ms) xte=0.00m spd=0.00m/s q=0 ggaAge=12 vtgAge=11 xteAge=2476819 xteraw=80:510302FF0B0809FF vt=N(1/22) vtstat=2379/74733ms tc=Y drp=0mm tcq=0
15:51:14.751 [ISOBUS] addr=0x81 claimed=Y load=13.5% msgs=95265 aiso=2456(2477819ms) xte=0.00m spd=0.00m/s q=0 ggaAge=11 vtgAge=10 xteAge=2477819 xteraw=80:510302FF0B0809FF vt=N(1/22) vtstat=2379/75733ms tc=Y drp=0mm tcq=0
15:51:15.420 W] [PR]: NACK-ing PGN request for PGN 60928 because no callback could handle it.
15:51:15.729 [ISOBUS] addr=0x81 claimed=Y load=13.7% msgs=95306 aiso=2457(2478819ms) xte=0.00m spd=0.00m/s q=0 ggaAge=11 vtgAge=11 xteAge=2478819 xteraw=80:510302FF0B0809FF vt=N(1/22) vtstat=2379/76733ms tc=Y drp=0mm tcq=0
15:51:16.742 [ISOBUS] addr=0x81 claimed=Y load=13.5% msgs=95347 aiso=2458(2479819ms) xte=0.00m spd=0.00m/s q=0 ggaAge=11 vtgAge=10 xteAge=2479819 xteraw=80:510302FF0B0809FF vt=N(1/22) vtstat=2379/77733ms tc=Y drp=0mm tcq=0
15:51:17.426 W] [PR]: NACK-ing PGN request for PGN 60928 because no callback could handle it.
15:51:17.730 [ISOBUS] addr=0x81 claimed=Y load=13.7% msgs=95388 aiso=2459(2480819ms) xte=0.00m spd=0.00m/s q=0 ggaAge=11 vtgAge=10 xteAge=2480819 xteraw=80:510302FF0B0809FF vt=N(1/22) vtstat=2379/78733ms tc=Y drp=0mm tcq=0
15:51:18.741 [ISOBUS] addr=0x81 claimed=Y load=13.5% msgs=95429 aiso=2460(2481819ms) xte=0.00m spd=0.00m/s q=0 ggaAge=11 vtgAge=11 xteAge=2481819 xteraw=80:510302FF0B0809FF vt=N(1/22) vtstat=2379/79733ms tc=Y drp=0mm tcq=0
15:51:19.426 W] [PR]: NACK-ing PGN request for PGN 60928 because no callback could handle it.
15:51:19.738 [ISOBUS] addr=0x81 claimed=Y load=13.7% msgs=95470 aiso=2461(2482819ms) xte=0.00m spd=0.00m/s q=0 ggaAge=12 vtgAge=11 xteAge=2482819 xteraw=80:510302FF0B0809FF vt=N(1/22) vtstat=2379/80733ms tc=Y drp=0mm tcq=0
15:51:20.719 [ISOBUS] addr=0x81 claimed=Y load=13.5% msgs=95511 aiso=2462(2483819ms) xte=0.00m spd=0.00m/s q=0 ggaAge=11 vtgAge=11 xteAge=2483819 xteraw=80:510302FF0B0809FF vt=N(1/22) vtstat=2379/81733ms tc=Y drp=0mm tcq=0
15:51:21.425 W] [PR]: NACK-ing PGN request for PGN 60928 because no callback could handle it.
15:51:21.740 [ISOBUS] addr=0x81 claimed=Y load=13.7% msgs=95552 aiso=2463(2484819ms) xte=0.00m spd=0.00m/s q=0 ggaAge=11 vtgAge=11 xteAge=2484819 xteraw=80:510302FF0B0809FF vt=N(1/22) vtstat=2379/82733ms tc=Y drp=0mm tcq=0
15:51:21.996 VT: disconnected 80s after having been connected -- forcing reconnect attempt 8 (partner addr=0x26 valid=Y)
15:51:21.997 I] [VT]: VT Client connection has been terminated.
15:51:22.739 [ISOBUS] addr=0x81 claimed=Y load=13.9% msgs=95596 aiso=2464(2485819ms) xte=0.00m spd=0.00m/s q=0 ggaAge=12 vtgAge=11 xteAge=2485819 xteraw=80:510302FF0B0809FF vt=N(1/22) vtstat=2379/83733ms tc=Y drp=0mm tcq=0
15:51:23.418 W] [PR]: NACK-ing PGN request for PGN 60928 because no callback could handle it.
15:51:23.741 [ISOBUS] addr=0x81 claimed=Y load=13.7% msgs=95637 aiso=2465(2486819ms) xte=0.00m spd=0.00m/s q=0 ggaAge=12 vtgAge=11 xteAge=2486819 xteraw=80:510302FF0B0809FF vt=N(1/22) vtstat=2379/84733ms tc=Y drp=0mm tcq=0
15:51:24.745 [ISOBUS] addr=0x81 claimed=Y load=13.5% msgs=95678 aiso=2466(2487819ms) xte=0.00m spd=0.00m/s q=0 ggaAge=12 vtgAge=11 xteAge=2487819 xteraw=80:510302FF0B0809FF vt=N(1/22) vtstat=2379/85733ms tc=Y drp=0mm tcq=0
15:51:25.420 W] [PR]: NACK-ing PGN request for PGN 60928 because no callback could handle it.
15:51:25.747 [ISOBUS] addr=0x81 claimed=Y load=13.7% msgs=95719 aiso=2467(2488819ms) xte=0.00m spd=0.00m/s q=0 ggaAge=12 vtgAge=11 xteAge=2488819 xteraw=80:510302FF0B0809FF vt=N(1/22) vtstat=2379/86733ms tc=Y drp=0mm tcq=0
15:51:26.739 [ISOBUS] addr=0x81 claimed=Y load=13.5% msgs=95760 aiso=2468(2489819ms) xte=0.00m spd=0.00m/s q=0 ggaAge=12 vtgAge=11 xteAge=2489819 xteraw=80:510302FF0B0809FF vt=N(1/22) vtstat=2379/87733ms tc=Y drp=0mm tcq=0
15:51:27.417 W] [PR]: NACK-ing PGN request for PGN 60928 because no callback could handle it.
15:51:27.739 [ISOBUS] addr=0x81 claimed=Y load=13.7% msgs=95801 aiso=2469(2490819ms) xte=0.00m spd=0.00m/s q=0 ggaAge=12 vtgAge=11 xteAge=2490819 xteraw=80:510302FF0B0809FF vt=N(1/22) vtstat=2379/88733ms tc=Y drp=0mm tcq=0
15:51:28.739 [ISOBUS] addr=0x81 claimed=Y load=13.5% msgs=95842 aiso=2470(2491819ms) xte=0.00m spd=0.00m/s q=0 ggaAge=12 vtgAge=11 xteAge=2491819 xteraw=80:510302FF0B0809FF vt=N(1/22) vtstat=2379/89733ms tc=Y drp=0mm tcq=0
15:51:29.410 W] [PR]: NACK-ing PGN request for PGN 60928 because no callback could handle it.
15:51:29.744 [ISOBUS] addr=0x81 claimed=Y load=13.7% msgs=95883 aiso=2471(2492819ms) xte=0.00m spd=0.00m/s q=0 ggaAge=3 vtgAge=2 xteAge=2492819 xteraw=80:510302FF0B0809FF vt=N(1/22) vtstat=2379/90733ms tc=Y drp=0mm tcq=0
15:51:30.748 [ISOBUS] addr=0x81 claimed=Y load=13.5% msgs=95924 aiso=2472(2493819ms) xte=0.00m spd=0.00m/s q=0 ggaAge=12 vtgAge=11 xteAge=2493819 xteraw=80:510302FF0B0809FF vt=N(1/22) vtstat=2379/91733ms tc=Y drp=0mm tcq=0
15:51:31.427 W] [PR]: NACK-ing PGN request for PGN 60928 because no callback could handle it.
15:51:31.744 [ISOBUS] addr=0x81 claimed=Y load=13.7% msgs=95965 aiso=2473(2494819ms) xte=0.00m spd=0.00m/s q=0 ggaAge=12 vtgAge=11 xteAge=2494819 xteraw=80:510302FF0B0809FF vt=N(1/22) vtstat=2379/92733ms tc=Y drp=0mm tcq=0
15:51:32.008 VT: disconnected 90s after having been connected -- forcing reconnect attempt 9 (partner addr=0x26 valid=Y)
15:51:32.008 I] [VT]: VT Client connection has been terminated.
15:51:32.741 [ISOBUS] addr=0x81 claimed=Y load=13.9% msgs=96009 aiso=2474(2495819ms) xte=0.00m spd=0.00m/s q=0 ggaAge=11 vtgAge=11 xteAge=2495819 xteraw=80:510302FF0B0809FF vt=N(1/22) vtstat=2379/93733ms tc=Y drp=0mm tcq=0
15:51:33.429 W] [PR]: NACK-ing PGN request for PGN 60928 because no callback could handle it.
15:51:33.733 [ISOBUS] addr=0x81 claimed=Y load=13.7% msgs=96050 aiso=2475(2496819ms) xte=0.00m spd=0.00m/s q=0 ggaAge=11 vtgAge=11 xteAge=2496819 xteraw=80:510302FF0B0809FF vt=N(1/22) vtstat=2379/94733ms tc=Y drp=0mm tcq=0
15:51:34.730 [ISOBUS] addr=0x81 claimed=Y load=13.5% msgs=96091 aiso=2476(2497819ms) xte=0.00m spd=0.00m/s q=0 ggaAge=12 vtgAge=11 xteAge=2497819 xteraw=80:510302FF0B0809FF vt=N(1/22) vtstat=2379/95733ms tc=Y drp=0mm tcq=0
15:51:35.438 W] [PR]: NACK-ing PGN request for PGN 60928 because no callback could handle it.
15:51:35.731 [ISOBUS] addr=0x81 claimed=Y load=13.7% msgs=96132 aiso=2477(2498819ms) xte=0.00m spd=0.00m/s q=0 ggaAge=12 vtgAge=11 xteAge=2498819 xteraw=80:510302FF0B0809FF vt=N(1/22) vtstat=2379/96733ms tc=Y drp=0mm tcq=0
15:51:36.739 [ISOBUS] addr=0x81 claimed=Y load=13.5% msgs=96173 aiso=2478(2499819ms) xte=0.00m spd=0.00m/s q=0 ggaAge=2 vtgAge=2 xteAge=2499819 xteraw=80:510302FF0B0809FF vt=N(1/22) vtstat=2379/97733ms tc=Y drp=0mm tcq=0
15:51:37.423 W] [PR]: NACK-ing PGN request for PGN 60928 because no callback could handle it.
15:51:37.731 [ISOBUS] addr=0x81 claimed=Y load=13.7% msgs=96214 aiso=2479(2500819ms) xte=0.00m spd=0.00m/s q=0 ggaAge=12 vtgAge=11 xteAge=2500819 xteraw=80:510302FF0B0809FF vt=N(1/22) vtstat=2379/98733ms tc=Y drp=0mm tcq=0
15:51:38.739 [ISOBUS] addr=0x81 claimed=Y load=13.5% msgs=96255 aiso=2480(2501819ms) xte=0.00m spd=0.00m/s q=0 ggaAge=12 vtgAge=11 xteAge=2501819 xteraw=80:510302FF0B0809FF vt=N(1/22) vtstat=2379/99733ms tc=Y drp=0mm tcq=0
15:51:39.407 W] [PR]: NACK-ing PGN request for PGN 60928 because no callback could handle it.
15:51:39.749 [ISOBUS] addr=0x81 claimed=Y load=13.7% msgs=96296 aiso=2481(2502819ms) xte=0.00m spd=0.00m/s q=0 ggaAge=11 vtgAge=11 xteAge=2502819 xteraw=80:510302FF0B0809FF vt=N(1/22) vtstat=2379/100733ms tc=Y drp=0mm tcq=0
15:51:40.718 [ISOBUS] addr=0x81 claimed=Y load=13.5% msgs=96337 aiso=2482(2503819ms) xte=0.00m spd=0.00m/s q=0 ggaAge=11 vtgAge=10 xteAge=2503819 xteraw=80:510302FF0B0809FF vt=N(1/22) vtstat=2379/101733ms tc=Y drp=0mm tcq=0
15:51:41.439 W] [PR]: NACK-ing PGN request for PGN 60928 because no callback could handle it.
15:51:41.722 [ISOBUS] addr=0x81 claimed=Y load=13.7% msgs=96378 aiso=2483(2504819ms) xte=0.00m spd=0.00m/s q=0 ggaAge=12 vtgAge=11 xteAge=2504819 xteraw=80:510302FF0B0809FF vt=N(1/22) vtstat=2379/102733ms tc=Y drp=0mm tcq=0
15:51:41.986 VT: disconnected 100s after having been connected -- forcing reconnect attempt 10 (partner addr=0x26 valid=Y)
15:51:41.986 I] [VT]: VT Client connection has been terminated.
15:51:42.720 [ISOBUS] addr=0x81 claimed=Y load=13.9% msgs=96422 aiso=2484(2505819ms) xte=0.00m spd=0.00m/s q=0 ggaAge=12 vtgAge=11 xteAge=2505819 xteraw=80:510302FF0B0809FF vt=N(1/22) vtstat=2379/103733ms tc=Y drp=0mm tcq=0
15:51:43.427 W] [PR]: NACK-ing PGN request for PGN 60928 because no callback could handle it.
15:51:43.738 [ISOBUS] addr=0x81 claimed=Y load=13.7% msgs=96463 aiso=2485(2506819ms) xte=0.00m spd=0.00m/s q=0 ggaAge=12 vtgAge=11 xteAge=2506819 xteraw=80:510302FF0B0809FF vt=N(1/22) vtstat=2379/104733ms tc=Y drp=0mm tcq=0
15:51:44.720 [ISOBUS] addr=0x81 claimed=Y load=13.5% msgs=96504 aiso=2486(2507819ms) xte=0.00m spd=0.00m/s q=0 ggaAge=12 vtgAge=11 xteAge=2507819 xteraw=80:510302FF0B0809FF vt=N(1/22) vtstat=2379/105733ms tc=Y drp=0mm tcq=0
15:51:45.439 W] [PR]: NACK-ing PGN request for PGN 60928 because no callback could handle it.
15:51:45.721 [ISOBUS] addr=0x81 claimed=Y load=13.7% msgs=96545 aiso=2487(2508819ms) xte=0.00m spd=0.00m/s q=0 ggaAge=12 vtgAge=11 xteAge=2508819 xteraw=80:510302FF0B0809FF vt=N(1/22) vtstat=2379/106733ms tc=Y drp=0mm tcq=0
15:51:46.734 [ISOBUS] addr=0x81 claimed=Y load=13.5% msgs=96586 aiso=2488(2509819ms) xte=0.00m spd=0.00m/s q=0 ggaAge=12 vtgAge=11 xteAge=2509819 xteraw=80:510302FF0B0809FF vt=N(1/22) vtstat=2379/107733ms tc=Y drp=0mm tcq=0
15:51:47.423 W] [PR]: NACK-ing PGN request for PGN 60928 because no callback could handle it.
15:51:47.730 [ISOBUS] addr=0x81 claimed=Y load=13.7% msgs=96627 aiso=2489(2510819ms) xte=0.00m spd=0.00m/s q=0 ggaAge=12 vtgAge=11 xteAge=2510819 xteraw=80:510302FF0B0809FF vt=N(1/22) vtstat=2379/108733ms tc=Y drp=0mm tcq=0
15:51:48.729 [ISOBUS] addr=0x81 claimed=Y load=13.5% msgs=96668 aiso=2490(2511819ms) xte=0.00m spd=0.00m/s q=0 ggaAge=11 vtgAge=11 xteAge=2511819 xteraw=80:510302FF0B0809FF vt=N(1/22) vtstat=2379/109733ms tc=Y drp=0mm tcq=0
15:51:49.439 W] [PR]: NACK-ing PGN request for PGN 60928 because no callback could handle it.
15:51:49.737 [ISOBUS] addr=0x81 claimed=Y load=13.7% msgs=96709 aiso=2491(2512819ms) xte=0.00m spd=0.00m/s q=0 ggaAge=11 vtgAge=11 xteAge=2512819 xteraw=80:510302FF0B0809FF vt=N(1/22) vtstat=2379/110733ms tc=Y drp=0mm tcq=0
15:51:50.736 [ISOBUS] addr=0x81 claimed=Y load=13.5% msgs=96750 aiso=2492(2513819ms) xte=0.00m spd=0.00m/s q=0 ggaAge=12 vtgAge=11 xteAge=2513819 xteraw=80:510302FF0B0809FF vt=N(1/22) vtstat=2379/111733ms tc=Y drp=0mm tcq=0
15:51:51.431 W] [PR]: NACK-ing PGN request for PGN 60928 because no callback could handle it.
15:51:51.733 [ISOBUS] addr=0x81 claimed=Y load=13.7% msgs=96791 aiso=2493(2514819ms) xte=0.00m spd=0.00m/s q=0 ggaAge=12 vtgAge=11 xteAge=2514819 xteraw=80:510302FF0B0809FF vt=N(1/22) vtstat=2379/112733ms tc=Y drp=0mm tcq=0
15:51:51.996 VT: disconnected 110s after having been connected -- forcing reconnect attempt 11 (partner addr=0x26 valid=Y)
15:51:51.998 I] [VT]: VT Client connection has been terminated.
15:51:52.735 [ISOBUS] addr=0x81 claimed=Y load=13.9% msgs=96835 aiso=2494(2515819ms) xte=0.00m spd=0.00m/s q=0 ggaAge=11 vtgAge=11 xteAge=2515819 xteraw=80:510302FF0B0809FF vt=N(1/22) vtstat=2379/113733ms tc=Y drp=0mm tcq=0
15:51:53.421 W] [PR]: NACK-ing PGN request for PGN 60928 because no callback could handle it.
15:51:53.722 [ISOBUS] addr=0x81 claimed=Y load=13.7% msgs=96876 aiso=2495(2516819ms) xte=0.00m spd=0.00m/s q=0 ggaAge=12 vtgAge=11 xteAge=2516819 xteraw=80:510302FF0B0809FF vt=N(1/22) vtstat=2379/114733ms tc=Y drp=0mm tcq=0
15:51:54.725 [ISOBUS] addr=0x81 claimed=Y load=13.5% msgs=96917 aiso=2496(2517819ms) xte=0.00m spd=0.00m/s q=0 ggaAge=12 vtgAge=11 xteAge=2517819 xteraw=80:510302FF0B0809FF vt=N(1/22) vtstat=2379/115733ms tc=Y drp=0mm tcq=0
15:51:55.437 W] [PR]: NACK-ing PGN request for PGN 60928 because no callback could handle it.
15:51:55.724 [ISOBUS] addr=0x81 claimed=Y load=13.7% msgs=96958 aiso=2497(2518819ms) xte=0.00m spd=0.00m/s q=0 ggaAge=12 vtgAge=11 xteAge=2518819 xteraw=80:510302FF0B0809FF vt=N(1/22) vtstat=2379/116733ms tc=Y drp=0mm tcq=0
15:51:56.753 [ISOBUS] addr=0x81 claimed=Y load=13.5% msgs=96999 aiso=2498(2519819ms) xte=0.00m spd=0.00m/s q=0 ggaAge=12 vtgAge=11 xteAge=2519819 xteraw=80:510302FF0B0809FF vt=N(1/22) vtstat=2379/117733ms tc=Y drp=0mm tcq=0
15:51:57.413 W] [PR]: NACK-ing PGN request for PGN 60928 because no callback could handle it.
15:51:57.736 [ISOBUS] addr=0x81 claimed=Y load=13.7% msgs=97040 aiso=2499(2520819ms) xte=0.00m spd=0.00m/s q=0 ggaAge=11 vtgAge=11 xteAge=2520819 xteraw=80:510302FF0B0809FF vt=N(1/22) vtstat=2379/118733ms tc=Y drp=0mm tcq=0
15:51:58.756 [ISOBUS] addr=0x81 claimed=Y load=13.5% msgs=97081 aiso=2500(2521819ms) xte=0.00m spd=0.00m/s q=0 ggaAge=12 vtgAge=11 xteAge=2521819 xteraw=80:510302FF0B0809FF vt=N(1/22) vtstat=2379/119733ms tc=Y drp=0mm tcq=0
15:51:59.433 W] [PR]: NACK-ing PGN request for PGN 60928 because no callback could handle it.
15:51:59.749 [ISOBUS] addr=0x81 claimed=Y load=13.7% msgs=97122 aiso=2501(2522819ms) xte=0.00m spd=0.00m/s q=0 ggaAge=12 vtgAge=11 xteAge=2522819 xteraw=80:510302FF0B0809FF vt=N(1/22) vtstat=2379/120733ms tc=Y drp=0mm tcq=0
15:52:00.728 [ISOBUS] addr=0x81 claimed=Y load=13.5% msgs=97163 aiso=2502(2523819ms) xte=0.00m spd=0.00m/s q=0 ggaAge=12 vtgAge=11 xteAge=2523819 xteraw=80:510302FF0B0809FF vt=N(1/22) vtstat=2379/121733ms tc=Y drp=0mm tcq=0
15:52:01.407 W] [PR]: NACK-ing PGN request for PGN 60928 because no callback could handle it.
15:52:01.723 [ISOBUS] addr=0x81 claimed=Y load=13.7% msgs=97204 aiso=2503(2524819ms) xte=0.00m spd=0.00m/s q=0 ggaAge=12 vtgAge=11 xteAge=2524819 xteraw=80:510302FF0B0809FF vt=N(1/22) vtstat=2379/122733ms tc=Y drp=0mm tcq=0
15:52:02.006 VT: disconnected 120s after having been connected -- forcing reconnect attempt 12 (partner addr=0x26 valid=Y)
15:52:02.006 I] [VT]: VT Client connection has been terminated.
15:52:02.740 [ISOBUS] addr=0x81 claimed=Y load=13.9% msgs=97248 aiso=2504(2525819ms) xte=0.00m spd=0.00m/s q=0 ggaAge=11 vtgAge=11 xteAge=2525819 xteraw=80:510302FF0B0809FF vt=N(1/22) vtstat=2379/123733ms tc=Y drp=0mm tcq=0
15:52:03.409 W] [PR]: NACK-ing PGN request for PGN 60928 because no callback could handle it.
15:52:03.748 [ISOBUS] addr=0x81 claimed=Y load=13.7% msgs=97289 aiso=2505(2526819ms) xte=0.00m spd=0.00m/s q=0 ggaAge=3 vtgAge=1 xteAge=2526819 xteraw=80:510302FF0B0809FF vt=N(1/22) vtstat=2379/124733ms tc=Y drp=0mm tcq=0
15:52:04.720 [ISOBUS] addr=0x81 claimed=Y load=13.5% msgs=97330 aiso=2506(2527819ms) xte=0.00m spd=0.00m/s q=0 ggaAge=11 vtgAge=11 xteAge=2527819 xteraw=80:510302FF0B0809FF vt=N(1/22) vtstat=2379/125733ms tc=Y drp=0mm tcq=0
15:52:05.421 W] [PR]: NACK-ing PGN request for PGN 60928 because no callback could handle it.
15:52:05.741 [ISOBUS] addr=0x81 claimed=Y load=13.7% msgs=97371 aiso=2507(2528819ms) xte=0.00m spd=0.00m/s q=0 ggaAge=11 vtgAge=3 xteAge=2528819 xteraw=80:510302FF0B0809FF vt=N(1/22) vtstat=2379/126733ms tc=Y drp=0mm tcq=0
15:52:06.727 [ISOBUS] addr=0x81 claimed=Y load=13.5% msgs=97412 aiso=2508(2529819ms) xte=0.00m spd=0.00m/s q=0 ggaAge=12 vtgAge=11 xteAge=2529819 xteraw=80:510302FF0B0809FF vt=N(1/22) vtstat=2379/127733ms tc=Y drp=0mm tcq=0
15:52:07.441 W] [PR]: NACK-ing PGN request for PGN 60928 because no callback could handle it.
15:52:07.746 [ISOBUS] addr=0x81 claimed=Y load=13.7% msgs=97453 aiso=2509(2530819ms) xte=0.00m spd=0.00m/s q=0 ggaAge=11 vtgAge=11 xteAge=2530819 xteraw=80:510302FF0B0809FF vt=N(1/22) vtstat=2379/128733ms tc=Y drp=0mm tcq=0
15:52:08.734 [ISOBUS] addr=0x81 claimed=Y load=13.5% msgs=97494 aiso=2510(2531819ms) xte=0.00m spd=0.00m/s q=0 ggaAge=12 vtgAge=11 xteAge=2531819 xteraw=80:510302FF0B0809FF vt=N(1/22) vtstat=2379/129733ms tc=Y drp=0mm tcq=0
15:52:09.421 W] [PR]: NACK-ing PGN request for PGN 60928 because no callback could handle it.
15:52:09.743 [ISOBUS] addr=0x81 claimed=Y load=13.7% msgs=97535 aiso=2511(2532819ms) xte=0.00m spd=0.00m/s q=0 ggaAge=11 vtgAge=11 xteAge=2532819 xteraw=80:510302FF0B0809FF vt=N(1/22) vtstat=2379/130733ms tc=Y drp=0mm tcq=0
15:52:10.725 [ISOBUS] addr=0x81 claimed=Y load=13.5% msgs=97576 aiso=2512(2533819ms) xte=0.00m spd=0.00m/s q=0 ggaAge=11 vtgAge=11 xteAge=2533819 xteraw=80:510302FF0B0809FF vt=N(1/22) vtstat=2379/131733ms tc=Y drp=0mm tcq=0
15:52:11.413 W] [PR]: NACK-ing PGN request for PGN 60928 because no callback could handle it.
15:52:11.731 [ISOBUS] addr=0x81 claimed=Y load=13.7% msgs=97617 aiso=2513(2534819ms) xte=0.00m spd=0.00m/s q=0 ggaAge=12 vtgAge=11 xteAge=2534819 xteraw=80:510302FF0B0809FF vt=N(1/22) vtstat=2379/132733ms tc=Y drp=0mm tcq=0
15:52:11.987 VT: disconnected 130s after having been connected -- forcing reconnect attempt 13 (partner addr=0x26 valid=Y)
15:52:11.987 I] [VT]: VT Client connection has been terminated.
15:52:12.741 [ISOBUS] addr=0x81 claimed=Y load=13.9% msgs=97661 aiso=2514(2535819ms) xte=0.00m spd=0.00m/s q=0 ggaAge=11 vtgAge=11 xteAge=2535819 xteraw=80:510302FF0B0809FF vt=N(1/22) vtstat=2379/133733ms tc=Y drp=0mm tcq=0
15:52:13.423 W] [PR]: NACK-ing PGN request for PGN 60928 because no callback could handle it.
15:52:13.738 [ISOBUS] addr=0x81 claimed=Y load=13.7% msgs=97702 aiso=2515(2536819ms) xte=0.00m spd=0.00m/s q=0 ggaAge=11 vtgAge=11 xteAge=2536819 xteraw=80:510302FF0B0809FF vt=N(1/22) vtstat=2379/134733ms tc=Y drp=0mm tcq=0
15:52:14.745 [ISOBUS] addr=0x81 claimed=Y load=13.5% msgs=97743 aiso=2516(2537819ms) xte=0.00m spd=0.00m/s q=0 ggaAge=11 vtgAge=11 xteAge=2537819 xteraw=80:510302FF0B0809FF vt=N(1/22) vtstat=2379/135733ms tc=Y drp=0mm tcq=0
15:52:15.419 W] [PR]: NACK-ing PGN request for PGN 60928 because no callback could handle it.
15:52:15.740 [ISOBUS] addr=0x81 claimed=Y load=13.7% msgs=97784 aiso=2517(2538819ms) xte=0.00m spd=0.00m/s q=0 ggaAge=11 vtgAge=11 xteAge=2538819 xteraw=80:510302FF0B0809FF vt=N(1/22) vtstat=2379/136733ms tc=Y drp=0mm tcq=0
15:52:16.742 [ISOBUS] addr=0x81 claimed=Y load=13.5% msgs=97825 aiso=2518(2539819ms) xte=0.00m spd=0.00m/s q=0 ggaAge=11 vtgAge=10 xteAge=2539819 xteraw=80:510302FF0B0809FF vt=N(1/22) vtstat=2379/137733ms tc=Y drp=0mm tcq=0
15:52:17.408 W] [PR]: NACK-ing PGN request for PGN 60928 because no callback could handle it.
15:52:17.730 [ISOBUS] addr=0x81 claimed=Y load=13.7% msgs=97866 aiso=2519(2540819ms) xte=0.00m spd=0.00m/s q=0 ggaAge=11 vtgAge=11 xteAge=2540819 xteraw=80:510302FF0B0809FF vt=N(1/22) vtstat=2379/138733ms tc=Y drp=0mm tcq=0
15:52:18.720 [ISOBUS] addr=0x81 claimed=Y load=13.5% msgs=97907 aiso=2520(2541819ms) xte=0.00m spd=0.00m/s q=0 ggaAge=11 vtgAge=11 xteAge=2541819 xteraw=80:510302FF0B0809FF vt=N(1/22) vtstat=2379/139733ms tc=Y drp=0mm tcq=0
15:52:19.431 W] [PR]: NACK-ing PGN request for PGN 60928 because no callback could handle it.
15:52:19.722 [ISOBUS] addr=0x81 claimed=Y load=13.7% msgs=97948 aiso=2521(2542819ms) xte=0.00m spd=0.00m/s q=0 ggaAge=11 vtgAge=11 xteAge=2542819 xteraw=80:510302FF0B0809FF vt=N(1/22) vtstat=2379/140733ms tc=Y drp=0mm tcq=0
15:52:20.724 [ISOBUS] addr=0x81 claimed=Y load=13.5% msgs=97989 aiso=2522(2543819ms) xte=0.00m spd=0.00m/s q=0 ggaAge=11 vtgAge=11 xteAge=2543819 xteraw=80:510302FF0B0809FF vt=N(1/22) vtstat=2379/141733ms tc=Y drp=0mm tcq=0
15:52:21.421 W] [PR]: NACK-ing PGN request for PGN 60928 because no callback could handle it.
15:52:21.749 [ISOBUS] addr=0x81 claimed=Y load=13.7% msgs=98030 aiso=2523(2544819ms) xte=0.00m spd=0.00m/s q=0 ggaAge=11 vtgAge=11 xteAge=2544819 xteraw=80:510302FF0B0809FF vt=N(1/22) vtstat=2379/142733ms tc=Y drp=0mm tcq=0
15:52:22.006 VT: disconnected 140s after having been connected -- forcing reconnect attempt 14 (partner addr=0x26 valid=Y)
15:52:22.007 I] [VT]: VT Client connection has been terminated.
15:52:22.740 [ISOBUS] addr=0x81 claimed=Y load=13.9% msgs=98074 aiso=2524(2545819ms) xte=0.00m spd=0.00m/s q=0 ggaAge=11 vtgAge=11 xteAge=2545819 xteraw=80:510302FF0B0809FF vt=N(1/22) vtstat=2379/143733ms tc=Y drp=0mm tcq=0
15:52:23.425 W] [PR]: NACK-ing PGN request for PGN 60928 because no callback could handle it.
15:52:23.728 [ISOBUS] addr=0x81 claimed=Y load=13.7% msgs=98115 aiso=2525(2546819ms) xte=0.00m spd=0.00m/s q=0 ggaAge=11 vtgAge=11 xteAge=2546819 xteraw=80:510302FF0B0809FF vt=N(1/22) vtstat=2379/144733ms tc=Y drp=0mm tcq=0
15:52:24.757 [ISOBUS] addr=0x81 claimed=Y load=13.5% msgs=98156 aiso=2526(2547819ms) xte=0.00m spd=0.00m/s q=0 ggaAge=11 vtgAge=11 xteAge=2547819 xteraw=80:510302FF0B0809FF vt=N(1/22) vtstat=2379/145733ms tc=Y drp=0mm tcq=0
15:52:25.432 W] [PR]: NACK-ing PGN request for PGN 60928 because no callback could handle it.
15:52:25.733 [ISOBUS] addr=0x81 claimed=Y load=13.7% msgs=98197 aiso=2527(2548819ms) xte=0.00m spd=0.00m/s q=0 ggaAge=10 vtgAge=10 xteAge=2548819 xteraw=80:510302FF0B0809FF vt=N(1/22) vtstat=2379/146733ms tc=Y drp=0mm tcq=0
15:52:26.723 [ISOBUS] addr=0x81 claimed=Y load=13.5% msgs=98238 aiso=2528(2549819ms) xte=0.00m spd=0.00m/s q=0 ggaAge=11 vtgAge=10 xteAge=2549819 xteraw=80:510302FF0B0809FF vt=N(1/22) vtstat=2379/147733ms tc=Y drp=0mm tcq=0
15:52:27.440 W] [PR]: NACK-ing PGN request for PGN 60928 because no callback could handle it.
15:52:27.724 [ISOBUS] addr=0x81 claimed=Y load=13.7% msgs=98279 aiso=2529(2550819ms) xte=0.00m spd=0.00m/s q=0 ggaAge=11 vtgAge=10 xteAge=2550819 xteraw=80:510302FF0B0809FF vt=N(1/22) vtstat=2379/148733ms tc=Y drp=0mm tcq=0
15:52:28.739 [ISOBUS] addr=0x81 claimed=Y load=13.5% msgs=98320 aiso=2530(2551819ms) xte=0.00m spd=0.00m/s q=0 ggaAge=8 vtgAge=7 xteAge=2551819 xteraw=80:510302FF0B0809FF vt=N(1/22) vtstat=2379/149733ms tc=Y drp=0mm tcq=0
15:52:29.442 W] [PR]: NACK-ing PGN request for PGN 60928 because no callback could handle it.
15:52:29.721 [ISOBUS] addr=0x81 claimed=Y load=13.7% msgs=98361 aiso=2531(2552819ms) xte=0.00m spd=0.00m/s q=0 ggaAge=11 vtgAge=10 xteAge=2552819 xteraw=80:510302FF0B0809FF vt=N(1/22) vtstat=2379/150733ms tc=Y drp=0mm tcq=0
15:52:30.544 ### sending keys: x1q
15:52:31.437 === ISOBUS DEBUG MENU ===
15:52:31.439 1. Full status dump
15:52:31.439 2. Periodic summary line (ON - press to toggle)
15:52:31.439 3. Reset message counters
15:52:31.440 4. Dump DDOP as hex (open in AgIsoDDOPGenerator)
15:52:31.440 5. Dump VT object pool as hex
15:52:31.440 q. Exit
15:52:31.441 === ISOBUS STATUS ===
15:52:31.441 Address claim: CLAIMED  address=0x81  identity=1324910
15:52:31.441 CAN controller: error-active  TX err 0 (peak 136)  RX err 0 (peak 0)
15:52:31.441   error-passive entries: 1  bus-off entries: 0  longest episode: 17336 ms
15:52:31.441 Bus load (ch0): 13.5 %
15:52:31.441 --- Message counters ---
15:52:31.443   PGN 129025 Position NMEA2000: 0
15:52:31.443   PGN 129026 Speed NMEA2000:    0
15:52:31.443   PGN 129283 XTE NMEA2000:      253
15:52:31.443   PGN 65267  Position legacy:   23182
15:52:31.443   PGN 65256  Speed legacy:      23182   last SA=0x80 raw=0x0
15:52:31.443   PGN 65535  all senders:       23182   last SA=0x80
15:52:31.443   PGN 65535  XTE carrier 0x2A:  0   (none decoded)
15:52:31.445              raw SA=0x80 word=0xBFF byte1=0x3 payload 510302FF0B0809FF  (4 ms ago)
15:52:31.445   PGN 60160  XTE Trimble legacy:758   last SA=0xAC
15:52:31.445   PGN 64770  AISO stop:         2532   last 2553813 ms ago
15:52:31.445   TOTAL:                        98402
15:52:31.445 --- Guidance telemetry ---
15:52:31.445   XTE:          0.00 m
15:52:31.447   Speed:        0.00 m/s (0.00 kn)
15:52:31.447   Quality:      0   RTK quality=4  PGN 129029 GNSS position: (none received)
15:52:31.447   PGN 129027 position deltas: 0
15:52:31.447   Guidance machine info (PGN 44032): 25313 msgs, last 57 ms ago
15:52:31.447     lockout=YES/READY  steeringReady=n/a  remoteEngage=n/a  curvature=-10.25 1/km
15:52:31.449   IsRtkQuality=N
15:52:31.449   GGA fix age:  5 ms
15:52:31.449   VTG fix age:  4 ms
15:52:31.449   XTE fix age:  2553813 ms
15:52:31.449   Lat/Lon/Alt/Course: 53.442078 / 6.755916 / 4.4 m / 306.8 deg
15:52:31.451 --- Virtual Terminal ---
15:52:31.451   Connected:    N
15:52:31.451   State:        1/22  WaitForPartnerVTStatusMessage
15:52:31.451   VT version:  4
15:52:31.453   VT status msgs: 2379   last 151727 ms ago
15:52:31.453   Partner: addr=0x26 valid=Y  reconnect attempts=14
15:52:31.453 --- Task Controller ---
15:52:31.453   Connected:    Y
15:52:31.455   TC-GEO (with/without pos): Y/N
15:52:31.455   Task active:  Y
15:52:31.455   DRP deviation (DDI 513): 0 mm, last 2553813 ms ago
15:52:31.455   GNSS quality (DDI 514):  0, last 2553813 ms ago
15:52:31.455   [via stack] Value cmds to handler: 0  last DDI=(none)
15:52:31.455   [via stack] Value req callbacks:  0   (mostly AgIsoStack's own re-polling -- NOT bus traffic)
15:52:31.455   [on bus] Requests for our values: 0
15:52:31.455   [on bus] Set-value commands:      0
15:52:31.457   [on bus] Measurement commands:    0  (none)
15:52:31.457   [on bus] Other, addressed to us:  6
15:52:31.457   Working width (DDI 67): 160 cm, changes 0, reported 0
15:52:31.458   Partner: addr=0xF7 valid=Y  reconnect attempts=0
15:52:31.458   Tramline setpoint (DDI 506): (none yet -- no Tramline Control seen on this terminal)
15:52:31.458   Guidance track (DDI 507-511): (none yet)
15:52:31.458 === ISOBUS DEBUG MENU ===
15:52:31.458 1. Full status dump
15:52:31.458 2. Periodic summary line (ON - press to toggle)
15:52:31.458 3. Reset message counters
15:52:31.458 4. Dump DDOP as hex (open in AgIsoDDOPGenerator)
15:52:31.458 5. Dump VT object pool as hex
15:52:31.458 q. Exit
15:52:31.458 Exiting.
15:52:31.458 [ISOBUS] addr=0x81 claimed=Y load=13.4% msgs=98407 aiso=2532(2553979ms) xte=0.00m spd=0.00m/s q=0 ggaAge=71 vtgAge=70 xteAge=2553979 xteraw=80:510302FF0B0809FF vt=N(1/22) vtstat=2379/151893ms tc=Y drp=0mm tcq=0
15:52:31.458 W] [PR]: NACK-ing PGN request for PGN 60928 because no callback could handle it.
15:52:31.896 [ISOBUS] addr=0x81 claimed=Y load=13.8% msgs=98448 aiso=2533(2554979ms) xte=0.00m spd=0.00m/s q=0 ggaAge=71 vtgAge=70 xteAge=2554979 xteraw=80:510302FF0B0809FF vt=N(1/22) vtstat=2379/152893ms tc=Y drp=0mm tcq=0
15:52:31.992 VT: disconnected 150s after having been connected -- forcing reconnect attempt 15 (partner addr=0x26 valid=Y)
15:52:31.993 I] [VT]: VT Client connection has been terminated.
15:52:32.891 [ISOBUS] addr=0x81 claimed=Y load=13.8% msgs=98492 aiso=2534(2555979ms) xte=0.00m spd=0.00m/s q=0 ggaAge=71 vtgAge=70 xteAge=2555979 xteraw=80:510302FF0B0809FF vt=N(1/22) vtstat=2379/153893ms tc=Y drp=0mm tcq=0
15:52:33.412 W] [PR]: NACK-ing PGN request for PGN 60928 because no callback could handle it.
15:52:33.880 [ISOBUS] addr=0x81 claimed=Y load=13.8% msgs=98533 aiso=2535(2556979ms) xte=0.00m spd=0.00m/s q=0 ggaAge=71 vtgAge=70 xteAge=2556979 xteraw=80:510302FF0B0809FF vt=N(1/22) vtstat=2379/154893ms tc=Y drp=0mm tcq=0
15:52:34.907 [ISOBUS] addr=0x81 claimed=Y load=13.4% msgs=98574 aiso=2536(2557979ms) xte=0.00m spd=0.00m/s q=0 ggaAge=71 vtgAge=70 xteAge=2557979 xteraw=80:510302FF0B0809FF vt=N(1/22) vtstat=2379/155893ms tc=Y drp=0mm tcq=0
15:52:35.428 W] [PR]: NACK-ing PGN request for PGN 60928 because no callback could handle it.
15:52:35.915 [ISOBUS] addr=0x81 claimed=Y load=13.8% msgs=98615 aiso=2537(2558979ms) xte=0.00m spd=0.00m/s q=0 ggaAge=72 vtgAge=70 xteAge=2558979 xteraw=80:510302FF0B0809FF vt=N(1/22) vtstat=2379/156893ms tc=Y drp=0mm tcq=0
15:52:36.886 [ISOBUS] addr=0x81 claimed=Y load=13.4% msgs=98656 aiso=2538(2559979ms) xte=0.00m spd=0.00m/s q=0 ggaAge=70 vtgAge=70 xteAge=2559979 xteraw=80:510302FF0B0809FF vt=N(1/22) vtstat=2379/157893ms tc=Y drp=0mm tcq=0
15:52:37.438 W] [PR]: NACK-ing PGN request for PGN 60928 because no callback could handle it.
15:52:37.908 [ISOBUS] addr=0x81 claimed=Y load=13.8% msgs=98697 aiso=2539(2560979ms) xte=0.00m spd=0.00m/s q=0 ggaAge=70 vtgAge=70 xteAge=2560979 xteraw=80:510302FF0B0809FF vt=N(1/22) vtstat=2379/158893ms tc=Y drp=0mm tcq=0
15:52:38.889 [ISOBUS] addr=0x81 claimed=Y load=13.4% msgs=98738 aiso=2540(2561979ms) xte=0.00m spd=0.00m/s q=0 ggaAge=71 vtgAge=70 xteAge=2561979 xteraw=80:510302FF0B0809FF vt=N(1/22) vtstat=2379/159893ms tc=Y drp=0mm tcq=0
15:52:39.429 W] [PR]: NACK-ing PGN request for PGN 60928 because no callback could handle it.
15:52:39.892 [ISOBUS] addr=0x81 claimed=Y load=13.8% msgs=98779 aiso=2541(2562979ms) xte=0.00m spd=0.00m/s q=0 ggaAge=70 vtgAge=70 xteAge=2562979 xteraw=80:510302FF0B0809FF vt=N(1/22) vtstat=2379/160893ms tc=Y drp=0mm tcq=0
15:52:40.893 [ISOBUS] addr=0x81 claimed=Y load=13.4% msgs=98820 aiso=2542(2563979ms) xte=0.00m spd=0.00m/s q=0 ggaAge=70 vtgAge=70 xteAge=2563979 xteraw=80:510302FF0B0809FF vt=N(1/22) vtstat=2379/161893ms tc=Y drp=0mm tcq=0
15:52:41.442 W] [PR]: NACK-ing PGN request for PGN 60928 because no callback could handle it.
15:52:41.914 [ISOBUS] addr=0x81 claimed=Y load=13.8% msgs=98861 aiso=2543(2564979ms) xte=0.00m spd=0.00m/s q=0 ggaAge=70 vtgAge=69 xteAge=2564979 xteraw=80:510302FF0B0809FF vt=N(1/22) vtstat=2379/162893ms tc=Y drp=0mm tcq=0
15:52:42.023 VT: disconnected 160s after having been connected -- forcing reconnect attempt 16 (partner addr=0x26 valid=Y)
15:52:42.025 I] [VT]: VT Client connection has been terminated.
15:52:42.892 [ISOBUS] addr=0x81 claimed=Y load=13.8% msgs=98905 aiso=2544(2565979ms) xte=0.00m spd=0.00m/s q=0 ggaAge=70 vtgAge=70 xteAge=2565979 xteraw=80:510302FF0B0809FF vt=N(1/22) vtstat=2379/163893ms tc=Y drp=0mm tcq=0
15:52:43.426 W] [PR]: NACK-ing PGN request for PGN 60928 because no callback could handle it.
15:52:43.891 [ISOBUS] addr=0x81 claimed=Y load=13.8% msgs=98946 aiso=2545(2566979ms) xte=0.00m spd=0.00m/s q=0 ggaAge=70 vtgAge=69 xteAge=2566979 xteraw=80:510302FF0B0809FF vt=N(1/22) vtstat=2379/164893ms tc=Y drp=0mm tcq=0
15:52:44.915 [ISOBUS] addr=0x81 claimed=Y load=13.4% msgs=98987 aiso=2546(2567979ms) xte=0.00m spd=0.00m/s q=0 ggaAge=70 vtgAge=70 xteAge=2567979 xteraw=80:510302FF0B0809FF vt=N(1/22) vtstat=2379/165893ms tc=Y drp=0mm tcq=0
15:52:45.436 W] [PR]: NACK-ing PGN request for PGN 60928 because no callback could handle it.
15:52:45.900 [ISOBUS] addr=0x81 claimed=Y load=13.8% msgs=99028 aiso=2547(2568979ms) xte=0.00m spd=0.00m/s q=0 ggaAge=70 vtgAge=69 xteAge=2568979 xteraw=80:510302FF0B0809FF vt=N(1/22) vtstat=2379/166893ms tc=Y drp=0mm tcq=0
15:52:46.900 [ISOBUS] addr=0x81 claimed=Y load=13.4% msgs=99069 aiso=2548(2569979ms) xte=0.00m spd=0.00m/s q=0 ggaAge=67 vtgAge=66 xteAge=2569979 xteraw=80:510302FF0B0809FF vt=N(1/22) vtstat=2379/167893ms tc=Y drp=0mm tcq=0
15:52:47.434 W] [PR]: NACK-ing PGN request for PGN 60928 because no callback could handle it.
15:52:47.891 [ISOBUS] addr=0x81 claimed=Y load=13.8% msgs=99110 aiso=2549(2570979ms) xte=0.00m spd=0.00m/s q=0 ggaAge=70 vtgAge=69 xteAge=2570979 xteraw=80:510302FF0B0809FF vt=N(1/22) vtstat=2379/168893ms tc=Y drp=0mm tcq=0
15:52:48.901 [ISOBUS] addr=0x81 claimed=Y load=13.4% msgs=99151 aiso=2550(2571979ms) xte=0.00m spd=0.00m/s q=0 ggaAge=70 vtgAge=70 xteAge=2571979 xteraw=80:510302FF0B0809FF vt=N(1/22) vtstat=2379/169893ms tc=Y drp=0mm tcq=0
15:52:49.420 W] [PR]: NACK-ing PGN request for PGN 60928 because no callback could handle it.
15:52:49.889 [ISOBUS] addr=0x81 claimed=Y load=13.8% msgs=99192 aiso=2551(2572979ms) xte=0.00m spd=0.00m/s q=0 ggaAge=70 vtgAge=70 xteAge=2572979 xteraw=80:510302FF0B0809FF vt=N(1/22) vtstat=2379/170893ms tc=Y drp=0mm tcq=0
15:52:50.887 [ISOBUS] addr=0x81 claimed=Y load=13.4% msgs=99233 aiso=2552(2573979ms) xte=0.00m spd=0.00m/s q=0 ggaAge=70 vtgAge=70 xteAge=2573979 xteraw=80:510302FF0B0809FF vt=N(1/22) vtstat=2379/171893ms tc=Y drp=0mm tcq=0
15:52:51.415 W] [PR]: NACK-ing PGN request for PGN 60928 because no callback could handle it.
15:52:51.909 [ISOBUS] addr=0x81 claimed=Y load=13.8% msgs=99274 aiso=2553(2574979ms) xte=0.00m spd=0.00m/s q=0 ggaAge=69 vtgAge=69 xteAge=2574979 xteraw=80:510302FF0B0809FF vt=N(1/22) vtstat=2379/172893ms tc=Y drp=0mm tcq=0
15:52:51.999 VT: disconnected 170s after having been connected -- forcing reconnect attempt 17 (partner addr=0x26 valid=Y)
15:52:51.999 I] [VT]: VT Client connection has been terminated.
15:52:52.891 [ISOBUS] addr=0x81 claimed=Y load=13.8% msgs=99318 aiso=2554(2575979ms) xte=0.00m spd=0.00m/s q=0 ggaAge=70 vtgAge=70 xteAge=2575979 xteraw=80:510302FF0B0809FF vt=N(1/22) vtstat=2379/173893ms tc=Y drp=0mm tcq=0
15:52:53.420 W] [PR]: NACK-ing PGN request for PGN 60928 because no callback could handle it.
15:52:53.901 [ISOBUS] addr=0x81 claimed=Y load=13.8% msgs=99359 aiso=2555(2576979ms) xte=0.00m spd=0.00m/s q=0 ggaAge=70 vtgAge=70 xteAge=2576979 xteraw=80:510302FF0B0809FF vt=N(1/22) vtstat=2379/174893ms tc=Y drp=0mm tcq=0
15:52:54.909 [ISOBUS] addr=0x81 claimed=Y load=13.4% msgs=99400 aiso=2556(2577979ms) xte=0.00m spd=0.00m/s q=0 ggaAge=70 vtgAge=70 xteAge=2577979 xteraw=80:510302FF0B0809FF vt=N(1/22) vtstat=2379/175893ms tc=Y drp=0mm tcq=0
15:52:55.414 W] [PR]: NACK-ing PGN request for PGN 60928 because no callback could handle it.
15:52:55.899 [ISOBUS] addr=0x81 claimed=Y load=13.8% msgs=99441 aiso=2557(2578979ms) xte=0.00m spd=0.00m/s q=0 ggaAge=70 vtgAge=70 xteAge=2578979 xteraw=80:510302FF0B0809FF vt=N(1/22) vtstat=2379/176893ms tc=Y drp=0mm tcq=0
15:52:56.901 [ISOBUS] addr=0x81 claimed=Y load=13.4% msgs=99482 aiso=2558(2579979ms) xte=0.00m spd=0.00m/s q=0 ggaAge=70 vtgAge=70 xteAge=2579979 xteraw=80:510302FF0B0809FF vt=N(1/22) vtstat=2379/177893ms tc=Y drp=0mm tcq=0
15:52:57.414 W] [PR]: NACK-ing PGN request for PGN 60928 because no callback could handle it.
15:52:57.895 [ISOBUS] addr=0x81 claimed=Y load=13.8% msgs=99523 aiso=2559(2580979ms) xte=0.00m spd=0.00m/s q=0 ggaAge=70 vtgAge=67 xteAge=2580979 xteraw=80:510302FF0B0809FF vt=N(1/22) vtstat=2379/178893ms tc=Y drp=0mm tcq=0
15:52:58.883 [ISOBUS] addr=0x81 claimed=Y load=13.4% msgs=99564 aiso=2560(2581979ms) xte=0.00m spd=0.00m/s q=0 ggaAge=70 vtgAge=70 xteAge=2581979 xteraw=80:510302FF0B0809FF vt=N(1/22) vtstat=2379/179893ms tc=Y drp=0mm tcq=0
15:52:59.441 W] [PR]: NACK-ing PGN request for PGN 60928 because no callback could handle it.
15:52:59.885 [ISOBUS] addr=0x81 claimed=Y load=13.8% msgs=99605 aiso=2561(2582979ms) xte=0.00m spd=0.00m/s q=0 ggaAge=70 vtgAge=67 xteAge=2582979 xteraw=80:510302FF0B0809FF vt=N(1/22) vtstat=2379/180893ms tc=Y drp=0mm tcq=0
15:53:00.884 [ISOBUS] addr=0x81 claimed=Y load=13.4% msgs=99646 aiso=2562(2583979ms) xte=0.00m spd=0.00m/s q=0 ggaAge=70 vtgAge=70 xteAge=2583979 xteraw=80:510302FF0B0809FF vt=N(1/22) vtstat=2379/181893ms tc=Y drp=0mm tcq=0
15:53:01.424 W] [PR]: NACK-ing PGN request for PGN 60928 because no callback could handle it.
15:53:01.904 [ISOBUS] addr=0x81 claimed=Y load=13.8% msgs=99687 aiso=2563(2584979ms) xte=0.00m spd=0.00m/s q=0 ggaAge=70 vtgAge=70 xteAge=2584979 xteraw=80:510302FF0B0809FF vt=N(1/22) vtstat=2379/182893ms tc=Y drp=0mm tcq=0
15:53:02.008 VT: disconnected 180s after having been connected -- forcing reconnect attempt 18 (partner addr=0x26 valid=Y)
15:53:02.008 I] [VT]: VT Client connection has been terminated.
15:53:02.900 [ISOBUS] addr=0x81 claimed=Y load=13.8% msgs=99731 aiso=2564(2585979ms) xte=0.00m spd=0.00m/s q=0 ggaAge=72 vtgAge=70 xteAge=2585979 xteraw=80:510302FF0B0809FF vt=N(1/22) vtstat=2379/183893ms tc=Y drp=0mm tcq=0
15:53:03.441 W] [PR]: NACK-ing PGN request for PGN 60928 because no callback could handle it.
15:53:03.903 [ISOBUS] addr=0x81 claimed=Y load=13.8% msgs=99772 aiso=2565(2586979ms) xte=0.00m spd=0.00m/s q=0 ggaAge=72 vtgAge=70 xteAge=2586979 xteraw=80:510302FF0B0809FF vt=N(1/22) vtstat=2379/184893ms tc=Y drp=0mm tcq=0
15:53:04.912 [ISOBUS] addr=0x81 claimed=Y load=13.4% msgs=99813 aiso=2566(2587979ms) xte=0.00m spd=0.00m/s q=0 ggaAge=70 vtgAge=70 xteAge=2587979 xteraw=80:510302FF0B0809FF vt=N(1/22) vtstat=2379/185893ms tc=Y drp=0mm tcq=0
15:53:05.427 W] [PR]: NACK-ing PGN request for PGN 60928 because no callback could handle it.
15:53:05.885 [ISOBUS] addr=0x81 claimed=Y load=13.8% msgs=99854 aiso=2567(2588979ms) xte=0.00m spd=0.00m/s q=0 ggaAge=70 vtgAge=70 xteAge=2588979 xteraw=80:510302FF0B0809FF vt=N(1/22) vtstat=2379/186893ms tc=Y drp=0mm tcq=0
15:53:06.901 [ISOBUS] addr=0x81 claimed=Y load=13.4% msgs=99895 aiso=2568(2589979ms) xte=0.00m spd=0.00m/s q=0 ggaAge=70 vtgAge=69 xteAge=2589979 xteraw=80:510302FF0B0809FF vt=N(1/22) vtstat=2379/187893ms tc=Y drp=0mm tcq=0
15:53:07.420 W] [PR]: NACK-ing PGN request for PGN 60928 because no callback could handle it.
15:53:07.886 [ISOBUS] addr=0x81 claimed=Y load=13.8% msgs=99936 aiso=2569(2590979ms) xte=0.00m spd=0.00m/s q=0 ggaAge=70 vtgAge=70 xteAge=2590979 xteraw=80:510302FF0B0809FF vt=N(1/22) vtstat=2379/188893ms tc=Y drp=0mm tcq=0
15:53:08.900 [ISOBUS] addr=0x81 claimed=Y load=13.4% msgs=99977 aiso=2570(2591979ms) xte=0.00m spd=0.00m/s q=0 ggaAge=70 vtgAge=70 xteAge=2591979 xteraw=80:510302FF0B0809FF vt=N(1/22) vtstat=2379/189893ms tc=Y drp=0mm tcq=0
15:53:09.440 W] [PR]: NACK-ing PGN request for PGN 60928 because no callback could handle it.
15:53:09.901 [ISOBUS] addr=0x81 claimed=Y load=13.8% msgs=100018 aiso=2571(2592979ms) xte=0.00m spd=0.00m/s q=0 ggaAge=70 vtgAge=69 xteAge=2592979 xteraw=80:510302FF0B0809FF vt=N(1/22) vtstat=2379/190893ms tc=Y drp=0mm tcq=0
15:53:10.909 [ISOBUS] addr=0x81 claimed=Y load=13.4% msgs=100059 aiso=2572(2593979ms) xte=0.00m spd=0.00m/s q=0 ggaAge=70 vtgAge=69 xteAge=2593979 xteraw=80:510302FF0B0809FF vt=N(1/22) vtstat=2379/191893ms tc=Y drp=0mm tcq=0
15:53:11.419 W] [PR]: NACK-ing PGN request for PGN 60928 because no callback could handle it.
15:53:11.890 [ISOBUS] addr=0x81 claimed=Y load=13.8% msgs=100100 aiso=2573(2594979ms) xte=0.00m spd=0.00m/s q=0 ggaAge=73 vtgAge=72 xteAge=2594979 xteraw=80:510302FF0B0809FF vt=N(1/22) vtstat=2379/192893ms tc=Y drp=0mm tcq=0
15:53:11.987 VT: disconnected 190s after having been connected -- forcing reconnect attempt 19 (partner addr=0x26 valid=Y)
15:53:11.988 I] [VT]: VT Client connection has been terminated.
15:53:12.904 [ISOBUS] addr=0x81 claimed=Y load=13.8% msgs=100144 aiso=2574(2595979ms) xte=0.00m spd=0.00m/s q=0 ggaAge=73 vtgAge=72 xteAge=2595979 xteraw=80:510302FF0B0809FF vt=N(1/22) vtstat=2379/193893ms tc=Y drp=0mm tcq=0
15:53:13.436 W] [PR]: NACK-ing PGN request for PGN 60928 because no callback could handle it.
15:53:13.908 [ISOBUS] addr=0x81 claimed=Y load=13.8% msgs=100185 aiso=2575(2596979ms) xte=0.00m spd=0.00m/s q=0 ggaAge=72 vtgAge=70 xteAge=2596979 xteraw=80:510302FF0B0809FF vt=N(1/22) vtstat=2379/194893ms tc=Y drp=0mm tcq=0
15:53:14.906 [ISOBUS] addr=0x81 claimed=Y load=13.4% msgs=100226 aiso=2576(2597979ms) xte=0.00m spd=0.00m/s q=0 ggaAge=72 vtgAge=70 xteAge=2597979 xteraw=80:510302FF0B0809FF vt=N(1/22) vtstat=2379/195893ms tc=Y drp=0mm tcq=0
15:53:15.438 W] [PR]: NACK-ing PGN request for PGN 60928 because no callback could handle it.
15:53:15.893 [ISOBUS] addr=0x81 claimed=Y load=13.8% msgs=100267 aiso=2577(2598979ms) xte=0.00m spd=0.00m/s q=0 ggaAge=73 vtgAge=72 xteAge=2598979 xteraw=80:510302FF0B0809FF vt=N(1/22) vtstat=2379/196893ms tc=Y drp=0mm tcq=0
15:53:16.909 [ISOBUS] addr=0x81 claimed=Y load=13.4% msgs=100308 aiso=2578(2599979ms) xte=0.00m spd=0.00m/s q=0 ggaAge=73 vtgAge=72 xteAge=2599979 xteraw=80:510302FF0B0809FF vt=N(1/22) vtstat=2379/197893ms tc=Y drp=0mm tcq=0
15:53:17.416 W] [PR]: NACK-ing PGN request for PGN 60928 because no callback could handle it.
15:53:17.893 [ISOBUS] addr=0x81 claimed=Y load=13.8% msgs=100349 aiso=2579(2600979ms) xte=0.00m spd=0.00m/s q=0 ggaAge=70 vtgAge=70 xteAge=2600979 xteraw=80:510302FF0B0809FF vt=N(1/22) vtstat=2379/198893ms tc=Y drp=0mm tcq=0
15:53:18.894 [ISOBUS] addr=0x81 claimed=Y load=13.4% msgs=100390 aiso=2580(2601979ms) xte=0.00m spd=0.00m/s q=0 ggaAge=73 vtgAge=72 xteAge=2601979 xteraw=80:510302FF0B0809FF vt=N(1/22) vtstat=2379/199893ms tc=Y drp=0mm tcq=0
15:53:19.440 W] [PR]: NACK-ing PGN request for PGN 60928 because no callback could handle it.
15:53:19.921 [ISOBUS] addr=0x81 claimed=Y load=13.8% msgs=100431 aiso=2581(2602979ms) xte=0.00m spd=0.00m/s q=0 ggaAge=73 vtgAge=72 xteAge=2602979 xteraw=80:510302FF0B0809FF vt=N(1/22) vtstat=2379/200893ms tc=Y drp=0mm tcq=0
15:53:20.891 [ISOBUS] addr=0x81 claimed=Y load=13.4% msgs=100472 aiso=2582(2603979ms) xte=0.00m spd=0.00m/s q=0 ggaAge=72 vtgAge=70 xteAge=2603979 xteraw=80:510302FF0B0809FF vt=N(1/22) vtstat=2379/201893ms tc=Y drp=0mm tcq=0
15:53:21.430 W] [PR]: NACK-ing PGN request for PGN 60928 because no callback could handle it.
15:53:21.912 [ISOBUS] addr=0x81 claimed=Y load=13.7% msgs=100513 aiso=2583(2604979ms) xte=0.00m spd=0.00m/s q=0 ggaAge=73 vtgAge=72 xteAge=2604979 xteraw=80:510302FF0B0809FF vt=N(1/22) vtstat=2379/202893ms tc=Y drp=0mm tcq=0
15:53:21.999 VT: disconnected 200s after having been connected -- forcing reconnect attempt 20 (partner addr=0x26 valid=Y)
15:53:21.999 I] [VT]: VT Client connection has been terminated.
15:53:22.184 I] [NM]: Control function with address 172 and NAME 000000000000000lx is now offline on channel 197275905.
15:53:22.184 I] [NM]: Control function with address 205 and NAME 000000000000000lx is now offline on channel 198344577.
15:53:22.895 [ISOBUS] addr=0x81 claimed=Y load=13.9% msgs=100554 aiso=2584(2605979ms) xte=0.00m spd=0.00m/s q=0 ggaAge=72 vtgAge=72 xteAge=2605979 xteraw=80:510302FF0B0809FF vt=N(1/22) vtstat=2379/203893ms tc=Y drp=0mm tcq=0
15:53:23.908 [ISOBUS] addr=0x81 claimed=Y load=13.4% msgs=100595 aiso=2585(2606979ms) xte=0.00m spd=0.00m/s q=0 ggaAge=72 vtgAge=70 xteAge=2606979 xteraw=80:510302FF0B0809FF vt=N(1/22) vtstat=2379/204893ms tc=Y drp=0mm tcq=0
15:53:24.893 [ISOBUS] addr=0x81 claimed=Y load=13.4% msgs=100636 aiso=2586(2607979ms) xte=0.00m spd=0.00m/s q=0 ggaAge=73 vtgAge=72 xteAge=2607979 xteraw=80:510302FF0B0809FF vt=N(1/22) vtstat=2379/205893ms tc=Y drp=0mm tcq=0
15:53:25.416 W] [PR]: NACK-ing PGN request for PGN 60928 because no callback could handle it.
15:53:25.892 [ISOBUS] addr=0x81 claimed=Y load=13.5% msgs=100677 aiso=2587(2608979ms) xte=0.00m spd=0.00m/s q=0 ggaAge=73 vtgAge=73 xteAge=2608979 xteraw=80:510302FF0B0809FF vt=N(1/22) vtstat=2379/206893ms tc=Y drp=0mm tcq=0
15:53:26.900 [ISOBUS] addr=0x81 claimed=Y load=13.4% msgs=100718 aiso=2588(2609979ms) xte=0.00m spd=0.00m/s q=0 ggaAge=73 vtgAge=72 xteAge=2609979 xteraw=80:510302FF0B0809FF vt=N(1/22) vtstat=2379/207893ms tc=Y drp=0mm tcq=0
15:53:27.430 W] [PR]: NACK-ing PGN request for PGN 60928 because no callback could handle it.
15:53:27.909 [ISOBUS] addr=0x81 claimed=Y load=13.5% msgs=100759 aiso=2589(2610979ms) xte=0.00m spd=0.00m/s q=0 ggaAge=72 vtgAge=72 xteAge=2610979 xteraw=80:510302FF0B0809FF vt=N(1/22) vtstat=2379/208893ms tc=Y drp=0mm tcq=0
15:53:28.886 [ISOBUS] addr=0x81 claimed=Y load=13.4% msgs=100800 aiso=2590(2611979ms) xte=0.00m spd=0.00m/s q=0 ggaAge=73 vtgAge=73 xteAge=2611979 xteraw=80:510302FF0B0809FF vt=N(1/22) vtstat=2379/209893ms tc=Y drp=0mm tcq=0
15:53:29.417 W] [PR]: NACK-ing PGN request for PGN 60928 because no callback could handle it.
15:53:29.899 [ISOBUS] addr=0x81 claimed=Y load=13.5% msgs=100841 aiso=2591(2612979ms) xte=0.00m spd=0.00m/s q=0 ggaAge=73 vtgAge=72 xteAge=2612979 xteraw=80:510302FF0B0809FF vt=N(1/22) vtstat=2379/210893ms tc=Y drp=0mm tcq=0
15:53:30.907 [ISOBUS] addr=0x81 claimed=Y load=13.4% msgs=100882 aiso=2592(2613979ms) xte=0.00m spd=0.00m/s q=0 ggaAge=73 vtgAge=73 xteAge=2613979 xteraw=80:510302FF0B0809FF vt=N(1/22) vtstat=2379/211893ms tc=Y drp=0mm tcq=0
15:53:31.430 W] [PR]: NACK-ing PGN request for PGN 60928 because no callback could handle it.
15:53:31.891 [ISOBUS] addr=0x81 claimed=Y load=13.5% msgs=100923 aiso=2593(2614979ms) xte=0.00m spd=0.00m/s q=0 ggaAge=72 vtgAge=72 xteAge=2614979 xteraw=80:510302FF0B0809FF vt=N(1/22) vtstat=2379/212893ms tc=Y drp=0mm tcq=0
15:53:32.014 VT: disconnected 210s after having been connected -- forcing reconnect attempt 21 (partner addr=0x26 valid=Y)
15:53:32.014 I] [VT]: VT Client connection has been terminated.
15:53:32.903 [ISOBUS] addr=0x81 claimed=Y load=13.7% msgs=100964 aiso=2594(2615979ms) xte=0.00m spd=0.00m/s q=0 ggaAge=73 vtgAge=72 xteAge=2615979 xteraw=80:510302FF0B0809FF vt=N(1/22) vtstat=2379/213893ms tc=Y drp=0mm tcq=0
15:53:33.431 W] [PR]: NACK-ing PGN request for PGN 60928 because no callback could handle it.
15:53:33.896 [ISOBUS] addr=0x81 claimed=Y load=13.5% msgs=101005 aiso=2595(2616979ms) xte=0.00m spd=0.00m/s q=0 ggaAge=73 vtgAge=72 xteAge=2616979 xteraw=80:510302FF0B0809FF vt=N(1/22) vtstat=2379/214893ms tc=Y drp=0mm tcq=0
15:53:34.887 [ISOBUS] addr=0x81 claimed=Y load=13.4% msgs=101046 aiso=2596(2617979ms) xte=0.00m spd=0.00m/s q=0 ggaAge=73 vtgAge=72 xteAge=2617979 xteraw=80:510302FF0B0809FF vt=N(1/22) vtstat=2379/215893ms tc=Y drp=0mm tcq=0
15:53:35.418 W] [PR]: NACK-ing PGN request for PGN 60928 because no callback could handle it.
15:53:35.909 [ISOBUS] addr=0x81 claimed=Y load=13.5% msgs=101087 aiso=2597(2618979ms) xte=0.00m spd=0.00m/s q=0 ggaAge=73 vtgAge=72 xteAge=2618979 xteraw=80:510302FF0B0809FF vt=N(1/22) vtstat=2379/216893ms tc=Y drp=0mm tcq=0
15:53:36.900 [ISOBUS] addr=0x81 claimed=Y load=13.4% msgs=101128 aiso=2598(2619979ms) xte=0.00m spd=0.00m/s q=0 ggaAge=73 vtgAge=72 xteAge=2619979 xteraw=80:510302FF0B0809FF vt=N(1/22) vtstat=2379/217893ms tc=Y drp=0mm tcq=0
15:53:37.415 W] [PR]: NACK-ing PGN request for PGN 60928 because no callback could handle it.
15:53:37.893 [ISOBUS] addr=0x81 claimed=Y load=13.5% msgs=101169 aiso=2599(2620979ms) xte=0.00m spd=0.00m/s q=0 ggaAge=72 vtgAge=72 xteAge=2620979 xteraw=80:510302FF0B0809FF vt=N(1/22) vtstat=2379/218893ms tc=Y drp=0mm tcq=0
15:53:38.124 I] [NM]: External control function with name 000000000000000lx has claimed address 203452081 on channel 2147516672.
15:53:38.125 I] [NM]: External control function with name 000000000000000lx has claimed address 197783967 on channel 2684388864.
15:53:38.860 I] [NM]: Control function with address 43 and NAME 000000000000000lx is now offline on channel 203452081.
15:53:38.892 [ISOBUS] addr=0x81 claimed=Y load=13.7% msgs=101210 aiso=2600(2621979ms) xte=0.00m spd=0.00m/s q=0 ggaAge=73 vtgAge=73 xteAge=2621979 xteraw=80:510302FF0B0809FF vt=N(1/22) vtstat=2379/219893ms tc=Y drp=0mm tcq=0
15:53:39.423 W] [PR]: NACK-ing PGN request for PGN 60928 because no callback could handle it.
15:53:39.910 [ISOBUS] addr=0x81 claimed=Y load=13.5% msgs=101251 aiso=2601(2622979ms) xte=0.00m spd=0.00m/s q=0 ggaAge=72 vtgAge=72 xteAge=2622979 xteraw=80:510302FF0B0809FF vt=N(1/22) vtstat=2379/220893ms tc=Y drp=0mm tcq=0
15:53:40.189 I] [NM]: Control function with address 240 and NAME 000000000000000lx is now offline on channel 197783967.
15:53:40.911 [ISOBUS] addr=0x81 claimed=Y load=13.4% msgs=101292 aiso=2602(2623979ms) xte=0.00m spd=0.00m/s q=0 ggaAge=73 vtgAge=72 xteAge=2623979 xteraw=80:510302FF0B0809FF vt=N(1/22) vtstat=2379/221893ms tc=Y drp=0mm tcq=0
15:53:41.434 W] [PR]: NACK-ing PGN request for PGN 60928 because no callback could handle it.
15:53:41.908 [ISOBUS] addr=0x81 claimed=Y load=13.5% msgs=101333 aiso=2603(2624979ms) xte=0.00m spd=0.00m/s q=0 ggaAge=73 vtgAge=73 xteAge=2624979 xteraw=80:510302FF0B0809FF vt=N(1/22) vtstat=2379/222893ms tc=Y drp=0mm tcq=0
15:53:42.004 VT: disconnected 220s after having been connected -- forcing reconnect attempt 22 (partner addr=0x26 valid=Y)
15:53:42.006 I] [VT]: VT Client connection has been terminated.
15:53:42.901 [ISOBUS] addr=0x81 claimed=Y load=13.7% msgs=101374 aiso=2604(2625979ms) xte=0.00m spd=0.00m/s q=0 ggaAge=73 vtgAge=73 xteAge=2625979 xteraw=80:510302FF0B0809FF vt=N(1/22) vtstat=2379/223893ms tc=Y drp=0mm tcq=0
15:53:43.427 W] [PR]: NACK-ing PGN request for PGN 60928 because no callback could handle it.
15:53:43.885 [ISOBUS] addr=0x81 claimed=Y load=13.5% msgs=101415 aiso=2605(2626979ms) xte=0.00m spd=0.00m/s q=0 ggaAge=72 vtgAge=72 xteAge=2626979 xteraw=80:510302FF0B0809FF vt=N(1/22) vtstat=2379/224893ms tc=Y drp=0mm tcq=0
15:53:44.893 [ISOBUS] addr=0x81 claimed=Y load=13.4% msgs=101456 aiso=2606(2627979ms) xte=0.00m spd=0.00m/s q=0 ggaAge=73 vtgAge=72 xteAge=2627979 xteraw=80:510302FF0D080AFF vt=N(1/22) vtstat=2379/225893ms tc=Y drp=0mm tcq=0
15:53:44.926 I] [NM]: External control function with name 000000000000000lx has claimed address 203452081 on channel 2147516672.
15:53:44.926 I] [NM]: External control function with name 000000000000000lx has claimed address 197783967 on channel 2684388864.
15:53:45.663 I] [NM]: Control function with address 43 and NAME 000000000000000lx is now offline on channel 203452081.
15:53:45.908 [ISOBUS] addr=0x81 claimed=Y load=13.7% msgs=101497 aiso=2607(2628979ms) xte=0.00m spd=0.00m/s q=0 ggaAge=73 vtgAge=73 xteAge=2628979 xteraw=80:510302FF0D080AFF vt=N(1/22) vtstat=2379/226893ms tc=Y drp=0mm tcq=0
15:53:46.884 [ISOBUS] addr=0x81 claimed=Y load=13.4% msgs=101538 aiso=2608(2629979ms) xte=0.00m spd=0.00m/s q=0 ggaAge=73 vtgAge=72 xteAge=2629979 xteraw=80:510302FF0D080AFF vt=N(1/22) vtstat=2379/227893ms tc=Y drp=0mm tcq=0
15:53:47.334 I] [NM]: External control function with name 000000000000000lx has claimed address 198344577 on channel 2684363008.
15:53:47.334 I] [NM]: External control function with name 000000000000000lx has claimed address 197275905 on channel 536876800.
15:53:47.432 W] [PR]: NACK-ing PGN request for PGN 60928 because no callback could handle it.
15:53:47.916 [ISOBUS] addr=0x81 claimed=Y load=13.6% msgs=101579 aiso=2609(2630979ms) xte=0.00m spd=0.00m/s q=0 ggaAge=72 vtgAge=72 xteAge=2630979 xteraw=80:510302FF0D080AFF vt=N(1/22) vtstat=2379/228893ms tc=Y drp=0mm tcq=0
15:53:48.187 I] [NM]: Control function with address 172 and NAME 000000000000000lx is now offline on channel 197275905.
15:53:48.187 I] [NM]: Control function with address 205 and NAME 000000000000000lx is now offline on channel 198344577.
15:53:48.187 I] [NM]: Control function with address 240 and NAME 000000000000000lx is now offline on channel 197783967.
15:53:48.446 I] [NM]: External control function with name 000000000000000lx has claimed address 197275905 on channel 536876800.
15:53:48.887 [ISOBUS] addr=0x81 claimed=Y load=13.9% msgs=101620 aiso=2610(2631979ms) xte=0.00m spd=0.00m/s q=0 ggaAge=73 vtgAge=73 xteAge=2631979 xteraw=80:510302FF0D080AFF vt=N(1/22) vtstat=2379/229893ms tc=Y drp=0mm tcq=0
15:53:49.443 I] [NM]: External control function with name 000000000000000lx has claimed address 198344577 on channel 2684363008.
15:53:49.693 W] [TP]: Received a Request to Send (RTS) message with a global destination, ignoring
15:53:49.898 [ISOBUS] addr=0x81 claimed=Y load=13.9% msgs=101661 aiso=2611(2632979ms) xte=0.00m spd=0.00m/s q=0 ggaAge=73 vtgAge=73 xteAge=2632979 xteraw=80:510302FF0D080AFF vt=N(1/22) vtstat=2379/230893ms tc=Y drp=0mm tcq=0
15:53:50.167 I] [NM]: Control function with address 172 and NAME 000000000000000lx is now offline on channel 197275905.
15:53:50.203 I] [NM]: External control function with name 000000000000000lx has claimed address 203452081 on channel 2147516672.
15:53:50.206 I] [NM]: External control function with name 000000000000000lx has claimed address 203452081 on channel 2147516416.
15:53:50.206 I] [NM]: External control function with name 000000000000000lx has claimed address 203452081 on channel 536903720.
15:53:50.207 I] [NM]: External control function with name 000000000000000lx has claimed address 203452081 on channel 2147491072.
15:53:50.207 I] [NM]: External control function with name 000000000000000lx has claimed address 197783967 on channel 2684388864.
15:53:50.207 I] [NM]: External control function with name 000000000000000lx has claimed address 197275905 on channel 536876800.
15:53:50.893 [ISOBUS] addr=0x81 claimed=Y load=14.3% msgs=101702 aiso=2612(2633979ms) xte=0.00m spd=0.00m/s q=0 ggaAge=73 vtgAge=73 xteAge=2633979 xteraw=80:510302FF0B0809FF vt=N(5/22) vtstat=2380/674ms tc=Y drp=0mm tcq=0
15:53:51.052 I] [VT]: VT Server has a matching label for MW04   . It will be loaded and upload will be skipped.
15:53:51.567 I] [VT]: Loaded object pool version from VT non-volatile memory with no errors.
15:53:51.903 [ISOBUS] addr=0x81 claimed=Y load=16.5% msgs=101745 aiso=2613(2634979ms) xte=0.00m spd=0.00m/s q=0 ggaAge=73 vtgAge=72 xteAge=2634979 xteraw=80:510302FF0B0809FF vt=Y(21/22) vtstat=2382/282ms tc=Y drp=0mm tcq=0
15:53:52.268 W] [TP]: Received a Request to Send (RTS) message with a global destination, ignoring
15:53:52.904 [ISOBUS] addr=0x81 claimed=Y load=15.2% msgs=101790 aiso=2614(2635979ms) xte=0.00m spd=0.00m/s q=0 ggaAge=74 vtgAge=73 xteAge=2635979 xteraw=80:510302FF0B0809FF vt=Y(21/22) vtstat=2384/275ms tc=Y drp=0mm tcq=0
15:53:53.544 W] [TP]: Received a Request to Send (RTS) message with a global destination, ignoring
15:53:53.912 [ISOBUS] addr=0x81 claimed=Y load=15.0% msgs=101831 aiso=2615(2636979ms) xte=0.00m spd=0.00m/s q=0 ggaAge=73 vtgAge=72 xteAge=2636979 xteraw=80:510302FF0B0809FF vt=Y(21/22) vtstat=2386/274ms tc=Y drp=0mm tcq=0
15:53:54.174 I] [NM]: Control function with address 43 and NAME 000000000000000lx is now offline on channel 203452081.
15:53:54.174 I] [NM]: Control function with address 128 and NAME 000000000000000lx is now offline on channel 203452081.
15:53:54.175 I] [NM]: Control function with address 233 and NAME 000000000000000lx is now offline on channel 203452081.
15:53:54.175 I] [NM]: Control function with address 240 and NAME 000000000000000lx is now offline on channel 197783967.
15:53:54.175 I] [NM]: Control function with address 245 and NAME 000000000000000lx is now offline on channel 203452081.
15:53:54.798 W] [TP]: Received a Request to Send (RTS) message with a global destination, ignoring
15:53:54.893 [ISOBUS] addr=0x81 claimed=Y load=14.9% msgs=101872 aiso=2616(2637979ms) xte=0.00m spd=0.00m/s q=0 ggaAge=73 vtgAge=73 xteAge=2637979 xteraw=80:510302FF0B0809FF vt=Y(21/22) vtstat=2387/273ms tc=Y drp=0mm tcq=0
15:53:55.890 [ISOBUS] addr=0x81 claimed=Y load=14.4% msgs=101913 aiso=2617(2638979ms) xte=0.00m spd=0.00m/s q=0 ggaAge=73 vtgAge=72 xteAge=2638979 xteraw=80:510302FF0B0809FF vt=Y(21/22) vtstat=2388/273ms tc=Y drp=0mm tcq=0
15:53:56.107 W] [TP]: Received an Abort message with a global destination, ignoring
15:53:56.107 W] [TP]: Received a Request to Send (RTS) message with a global destination, ignoring
15:53:56.173 I] [NM]: Control function with address 205 and NAME 000000000000000lx is now offline on channel 198344577.
15:53:56.884 [ISOBUS] addr=0x81 claimed=Y load=14.4% msgs=101954 aiso=2618(2639979ms) xte=0.00m spd=0.00m/s q=0 ggaAge=73 vtgAge=73 xteAge=2639979 xteraw=80:510302FF0B0809FF vt=Y(21/22) vtstat=2389/270ms tc=Y drp=0mm tcq=0
15:53:57.883 [ISOBUS] addr=0x81 claimed=Y load=14.4% msgs=101995 aiso=2619(2640979ms) xte=0.00m spd=0.00m/s q=0 ggaAge=74 vtgAge=73 xteAge=2640979 xteraw=80:510302FF0B0809FF vt=Y(21/22) vtstat=2390/267ms tc=Y drp=0mm tcq=0
15:53:58.414 I] [NM]: External control function with name 000000000000000lx has claimed address 198344577 on channel 2684363008.
15:53:58.630 W] [TP]: Received a Request to Send (RTS) message with a global destination, ignoring
15:53:58.898 [ISOBUS] addr=0x81 claimed=Y load=14.4% msgs=102036 aiso=2620(2641979ms) xte=0.00m spd=0.00m/s q=0 ggaAge=73 vtgAge=73 xteAge=2641979 xteraw=80:510302FF0B0809FF vt=Y(21/22) vtstat=2391/267ms tc=Y drp=0mm tcq=0
15:53:59.185 I] [NM]: Control function with address 172 and NAME 000000000000000lx is now offline on channel 197275905.
15:53:59.442 I] [NM]: External control function with name 000000000000000lx has claimed address 197275905 on channel 536876800.
15:53:59.889 W] [TP]: Received an Abort message with a global destination, ignoring
15:53:59.891 [ISOBUS] addr=0x81 claimed=Y load=14.3% msgs=102077 aiso=2621(2642979ms) xte=0.00m spd=0.00m/s q=0 ggaAge=73 vtgAge=73 xteAge=2642979 xteraw=80:510302FF0B0809FF vt=Y(21/22) vtstat=2392/266ms tc=Y drp=0mm tcq=0
15:53:59.926 W] [TP]: Received a Request to Send (RTS) message with a global destination, ignoring
15:54:00.168 I] [NM]: Control function with address 205 and NAME 000000000000000lx is now offline on channel 198344577.
15:54:00.884 [ISOBUS] addr=0x81 claimed=Y load=14.4% msgs=102118 aiso=2622(2643979ms) xte=0.00m spd=0.00m/s q=0 ggaAge=73 vtgAge=72 xteAge=2643979 xteraw=80:510302FF0B0809FF vt=Y(21/22) vtstat=2393/266ms tc=Y drp=0mm tcq=0
15:54:01.893 [ISOBUS] addr=0x81 claimed=Y load=14.5% msgs=102159 aiso=2623(2644979ms) xte=0.00m spd=0.00m/s q=0 ggaAge=74 vtgAge=73 xteAge=2644979 xteraw=80:510302FF0B0809FF vt=Y(21/22) vtstat=2394/266ms tc=Y drp=0mm tcq=0
15:54:02.908 [ISOBUS] addr=0x81 claimed=Y load=14.7% msgs=102204 aiso=2624(2645979ms) xte=0.00m spd=0.00m/s q=0 ggaAge=73 vtgAge=73 xteAge=2645979 xteraw=80:510302FF0B0809FF vt=Y(21/22) vtstat=2395/265ms tc=Y drp=0mm tcq=0
15:54:03.883 [ISOBUS] addr=0x81 claimed=Y load=14.5% msgs=102245 aiso=2625(2646979ms) xte=0.00m spd=0.00m/s q=0 ggaAge=73 vtgAge=72 xteAge=2646979 xteraw=80:510302FF0B0809FF vt=Y(21/22) vtstat=2396/265ms tc=Y drp=0mm tcq=0
15:54:04.893 [ISOBUS] addr=0x81 claimed=Y load=14.2% msgs=102286 aiso=2626(2647979ms) xte=0.00m spd=0.00m/s q=0 ggaAge=74 vtgAge=73 xteAge=2647979 xteraw=80:510302FF0B0809FF vt=Y(21/22) vtstat=2397/265ms tc=Y drp=0mm tcq=0
15:54:05.884 [ISOBUS] addr=0x81 claimed=Y load=14.5% msgs=102327 aiso=2627(2648979ms) xte=0.00m spd=0.00m/s q=0 ggaAge=73 vtgAge=72 xteAge=2648979 xteraw=80:510302FF0B0809FF vt=Y(21/22) vtstat=2398/264ms tc=Y drp=0mm tcq=0
15:54:06.907 [ISOBUS] addr=0x81 claimed=Y load=14.3% msgs=102368 aiso=2628(2649979ms) xte=0.00m spd=0.00m/s q=0 ggaAge=72 vtgAge=72 xteAge=2649979 xteraw=80:510302FF0B0809FF vt=Y(21/22) vtstat=2399/264ms tc=Y drp=0mm tcq=0
15:54:07.439 I] [NM]: External control function with name 000000000000000lx has claimed address 198344577 on channel 2684363008.
15:54:07.596 W] [TP]: Received an Abort message with a global destination, ignoring
15:54:07.596 W] [TP]: Received a Request to Send (RTS) message with a global destination, ignoring
15:54:07.917 [ISOBUS] addr=0x81 claimed=Y load=14.7% msgs=102409 aiso=2629(2650979ms) xte=0.00m spd=0.00m/s q=0 ggaAge=73 vtgAge=73 xteAge=2650979 xteraw=80:510302FF0B0809FF vt=Y(21/22) vtstat=2400/264ms tc=Y drp=0mm tcq=0
15:54:08.891 W] [TP]: Received a Request to Send (RTS) message with a global destination, ignoring
15:54:08.891 [ISOBUS] addr=0x81 claimed=Y load=14.2% msgs=102450 aiso=2630(2651979ms) xte=0.00m spd=0.00m/s q=0 ggaAge=74 vtgAge=74 xteAge=2651979 xteraw=80:510302FF0B0809FF vt=Y(21/22) vtstat=2401/263ms tc=Y drp=0mm tcq=0
15:54:09.904 [ISOBUS] addr=0x81 claimed=Y load=14.5% msgs=102491 aiso=2631(2652979ms) xte=0.00m spd=0.00m/s q=0 ggaAge=73 vtgAge=73 xteAge=2652979 xteraw=80:510302FF0B0809FF vt=Y(21/22) vtstat=2402/263ms tc=Y drp=0mm tcq=0
15:54:10.161 W] [TP]: Received a Request to Send (RTS) message with a global destination, ignoring
15:54:10.193 I] [NM]: Control function with address 205 and NAME 000000000000000lx is now offline on channel 198344577.
15:54:10.902 [ISOBUS] addr=0x81 claimed=Y load=14.3% msgs=102532 aiso=2632(2653979ms) xte=0.00m spd=0.00m/s q=0 ggaAge=74 vtgAge=73 xteAge=2653979 xteraw=80:510302FF0B0809FF vt=Y(21/22) vtstat=2403/263ms tc=Y drp=0mm tcq=0
15:54:11.559 I] [NM]: External control function with name 000000000000000lx has claimed address 198344577 on channel 2684363008.
15:54:11.696 W] [TP]: Received an Abort message with a global destination, ignoring
15:54:11.698 W] [TP]: Received a Request to Send (RTS) message with a global destination, ignoring
15:54:11.913 [ISOBUS] addr=0x81 claimed=Y load=14.6% msgs=102573 aiso=2633(2654979ms) xte=0.00m spd=0.00m/s q=0 ggaAge=74 vtgAge=74 xteAge=2654979 xteraw=80:510302FF0B0809FF vt=Y(21/22) vtstat=2404/262ms tc=Y drp=0mm tcq=0
15:54:12.892 [ISOBUS] addr=0x81 claimed=Y load=14.7% msgs=102618 aiso=2634(2655979ms) xte=0.00m spd=0.00m/s q=0 ggaAge=74 vtgAge=74 xteAge=2655979 xteraw=80:510302FF0B0809FF vt=Y(21/22) vtstat=2405/262ms tc=Y drp=0mm tcq=0
15:54:12.955 W] [TP]: Received a Request to Send (RTS) message with a global destination, ignoring
15:54:13.893 [ISOBUS] addr=0x81 claimed=Y load=14.5% msgs=102659 aiso=2635(2656979ms) xte=0.00m spd=0.00m/s q=0 ggaAge=73 vtgAge=73 xteAge=2656979 xteraw=80:510302FF0B0809FF vt=Y(21/22) vtstat=2406/262ms tc=Y drp=0mm tcq=0
15:54:14.169 I] [NM]: Control function with address 205 and NAME 000000000000000lx is now offline on channel 198344577.
15:54:14.884 [ISOBUS] addr=0x81 claimed=Y load=14.3% msgs=102700 aiso=2636(2657979ms) xte=0.00m spd=0.00m/s q=0 ggaAge=73 vtgAge=73 xteAge=2657979 xteraw=80:510302FF0B0809FF vt=Y(21/22) vtstat=2407/261ms tc=Y drp=0mm tcq=0
15:54:15.439 I] [NM]: External control function with name 000000000000000lx has claimed address 198344577 on channel 2684363008.
15:54:15.497 W] [TP]: Received an Abort message with a global destination, ignoring
15:54:15.497 W] [TP]: Received a Request to Send (RTS) message with a global destination, ignoring
15:54:15.895 [ISOBUS] addr=0x81 claimed=Y load=14.6% msgs=102741 aiso=2637(2658979ms) xte=0.00m spd=0.00m/s q=0 ggaAge=74 vtgAge=73 xteAge=2658979 xteraw=80:510302FF0B0809FF vt=Y(21/22) vtstat=2408/261ms tc=Y drp=0mm tcq=0
15:54:16.793 W] [TP]: Received a Request to Send (RTS) message with a global destination, ignoring
15:54:16.893 [ISOBUS] addr=0x81 claimed=Y load=14.2% msgs=102782 aiso=2638(2659979ms) xte=0.00m spd=0.00m/s q=0 ggaAge=73 vtgAge=73 xteAge=2659979 xteraw=80:510302FF0B0809FF vt=Y(21/22) vtstat=2409/261ms tc=Y drp=0mm tcq=0
15:54:17.888 [ISOBUS] addr=0x81 claimed=Y load=14.2% msgs=102823 aiso=2639(2660979ms) xte=0.00m spd=0.00m/s q=0 ggaAge=74 vtgAge=74 xteAge=2660979 xteraw=80:510302FF0B0809FF vt=Y(21/22) vtstat=2410/258ms tc=Y drp=0mm tcq=0
15:54:18.065 W] [TP]: Received a Request to Send (RTS) message with a global destination, ignoring
15:54:18.189 I] [NM]: Control function with address 205 and NAME 000000000000000lx is now offline on channel 198344577.
15:54:18.902 [ISOBUS] addr=0x81 claimed=Y load=14.3% msgs=102864 aiso=2640(2661979ms) xte=0.00m spd=0.00m/s q=0 ggaAge=74 vtgAge=73 xteAge=2661979 xteraw=80:510302FF0B0809FF vt=Y(21/22) vtstat=2411/258ms tc=Y drp=0mm tcq=0
15:54:19.885 [ISOBUS] addr=0x81 claimed=Y load=14.5% msgs=102905 aiso=2641(2662979ms) xte=0.00m spd=0.00m/s q=0 ggaAge=74 vtgAge=74 xteAge=2662979 xteraw=80:510302FF0B0809FF vt=Y(21/22) vtstat=2412/258ms tc=Y drp=0mm tcq=0
15:54:20.425 I] [NM]: External control function with name 000000000000000lx has claimed address 198344577 on channel 2684363008.
15:54:20.616 W] [TP]: Received a Request to Send (RTS) message with a global destination, ignoring
15:54:20.893 [ISOBUS] addr=0x81 claimed=Y load=14.4% msgs=102946 aiso=2642(2663979ms) xte=0.00m spd=0.00m/s q=0 ggaAge=74 vtgAge=74 xteAge=2663979 xteraw=80:510302FF0B0809FF vt=Y(21/22) vtstat=2413/259ms tc=Y drp=0mm tcq=0
15:54:21.166 I] [NM]: Control function with address 172 and NAME 000000000000000lx is now offline on channel 197275905.
15:54:21.442 I] [NM]: External control function with name 000000000000000lx has claimed address 197275905 on channel 536876800.
15:54:21.907 [ISOBUS] addr=0x81 claimed=Y load=14.2% msgs=102987 aiso=2643(2664979ms) xte=0.00m spd=0.00m/s q=0 ggaAge=73 vtgAge=73 xteAge=2664979 xteraw=80:510302FF0B0809FF vt=Y(21/22) vtstat=2414/258ms tc=Y drp=0mm tcq=0
15:54:21.907 W] [TP]: Received a Request to Send (RTS) message with a global destination, ignoring
15:54:22.184 I] [NM]: Control function with address 205 and NAME 000000000000000lx is now offline on channel 198344577.
15:54:22.891 [ISOBUS] addr=0x81 claimed=Y load=14.6% msgs=103032 aiso=2644(2665979ms) xte=0.00m spd=0.00m/s q=0 ggaAge=74 vtgAge=73 xteAge=2665979 xteraw=80:510302FF0B0809FF vt=Y(21/22) vtstat=2415/258ms tc=Y drp=0mm tcq=0
15:54:23.910 [ISOBUS] addr=0x81 claimed=Y load=14.3% msgs=103073 aiso=2645(2666979ms) xte=0.00m spd=0.00m/s q=0 ggaAge=74 vtgAge=74 xteAge=2666979 xteraw=80:510302FF0B0809FF vt=Y(21/22) vtstat=2416/258ms tc=Y drp=0mm tcq=0
15:54:24.442 I] [NM]: External control function with name 000000000000000lx has claimed address 198344577 on channel 2684363008.
15:54:24.909 [ISOBUS] addr=0x81 claimed=Y load=14.1% msgs=103114 aiso=2646(2667979ms) xte=0.00m spd=0.00m/s q=0 ggaAge=74 vtgAge=73 xteAge=2667979 xteraw=80:510302FF0B0809FF vt=Y(21/22) vtstat=2417/257ms tc=Y drp=0mm tcq=0
15:54:25.174 I] [NM]: Control function with address 172 and NAME 000000000000000lx is now offline on channel 197275905.
15:54:25.460 I] [NM]: External control function with name 000000000000000lx has claimed address 197275905 on channel 536876800.
15:54:25.911 [ISOBUS] addr=0x81 claimed=Y load=14.1% msgs=103155 aiso=2647(2668979ms) xte=0.00m spd=0.00m/s q=0 ggaAge=73 vtgAge=73 xteAge=2668979 xteraw=80:510302FF0B0809FF vt=Y(21/22) vtstat=2418/257ms tc=Y drp=0mm tcq=0
15:54:26.181 I] [NM]: Control function with address 205 and NAME 000000000000000lx is now offline on channel 198344577.
15:54:26.433 I] [NM]: External control function with name 000000000000000lx has claimed address 198344577 on channel 2684363008.
15:54:26.902 [ISOBUS] addr=0x81 claimed=Y load=14.2% msgs=103196 aiso=2648(2669979ms) xte=0.00m spd=0.00m/s q=0 ggaAge=73 vtgAge=73 xteAge=2669979 xteraw=80:510302FF0B0809FF vt=Y(21/22) vtstat=2419/257ms tc=Y drp=0mm tcq=0
15:54:27.190 I] [NM]: Control function with address 172 and NAME 000000000000000lx is now offline on channel 197275905.
15:54:27.446 I] [NM]: External control function with name 000000000000000lx has claimed address 197275905 on channel 536876800.
15:54:27.886 [ISOBUS] addr=0x81 claimed=Y load=14.1% msgs=103237 aiso=2649(2670979ms) xte=0.00m spd=0.00m/s q=0 ggaAge=74 vtgAge=74 xteAge=2670979 xteraw=80:510302FF0B0809FF vt=Y(21/22) vtstat=2420/256ms tc=Y drp=0mm tcq=0
15:54:28.192 I] [NM]: Control function with address 205 and NAME 000000000000000lx is now offline on channel 198344577.
15:54:28.425 I] [NM]: External control function with name 000000000000000lx has claimed address 198344577 on channel 2684363008.
15:54:28.905 [ISOBUS] addr=0x81 claimed=Y load=14.1% msgs=103278 aiso=2650(2671979ms) xte=0.00m spd=0.00m/s q=0 ggaAge=74 vtgAge=73 xteAge=2671979 xteraw=80:510302FF0B0809FF vt=Y(21/22) vtstat=2421/256ms tc=Y drp=0mm tcq=0
15:54:29.171 I] [NM]: Control function with address 172 and NAME 000000000000000lx is now offline on channel 197275905.
15:54:29.435 I] [NM]: External control function with name 000000000000000lx has claimed address 197275905 on channel 536876800.
15:54:29.889 [ISOBUS] addr=0x81 claimed=Y load=14.1% msgs=103319 aiso=2651(2672979ms) xte=0.00m spd=0.00m/s q=0 ggaAge=73 vtgAge=73 xteAge=2672979 xteraw=80:510302FF0B0809FF vt=Y(21/22) vtstat=2422/256ms tc=Y drp=0mm tcq=0
15:54:30.177 I] [NM]: Control function with address 205 and NAME 000000000000000lx is now offline on channel 198344577.
15:54:30.421 I] [NM]: External control function with name 000000000000000lx has claimed address 198344577 on channel 2684363008.
15:54:30.895 [ISOBUS] addr=0x81 claimed=Y load=14.1% msgs=103360 aiso=2652(2673979ms) xte=0.00m spd=0.00m/s q=0 ggaAge=74 vtgAge=74 xteAge=2673979 xteraw=80:510302FF0B0809FF vt=Y(21/22) vtstat=2423/255ms tc=Y drp=0mm tcq=0
15:54:31.167 I] [NM]: Control function with address 172 and NAME 000000000000000lx is now offline on channel 197275905.
15:54:31.436 I] [NM]: External control function with name 000000000000000lx has claimed address 197275905 on channel 536876800.
15:54:31.905 [ISOBUS] addr=0x81 claimed=Y load=14.1% msgs=103401 aiso=2653(2674979ms) xte=0.00m spd=0.00m/s q=0 ggaAge=73 vtgAge=73 xteAge=2674979 xteraw=80:510302FF0B0809FF vt=Y(21/22) vtstat=2424/255ms tc=Y drp=0mm tcq=0
15:54:32.194 I] [NM]: Control function with address 205 and NAME 000000000000000lx is now offline on channel 198344577.
15:54:32.888 [ISOBUS] addr=0x81 claimed=Y load=14.4% msgs=103446 aiso=2654(2675979ms) xte=0.00m spd=0.00m/s q=0 ggaAge=74 vtgAge=73 xteAge=2675979 xteraw=80:510302FF0B0809FF vt=Y(21/22) vtstat=2425/255ms tc=Y drp=0mm tcq=0
15:54:33.433 I] [NM]: External control function with name 000000000000000lx has claimed address 198344577 on channel 2684363008.
15:54:33.885 [ISOBUS] addr=0x81 claimed=Y load=14.3% msgs=103487 aiso=2655(2676979ms) xte=0.00m spd=0.00m/s q=0 ggaAge=74 vtgAge=73 xteAge=2676979 xteraw=80:510302FF0B0809FF vt=Y(21/22) vtstat=2426/254ms tc=Y drp=0mm tcq=0
15:54:34.893 [ISOBUS] addr=0x81 claimed=Y load=14.0% msgs=103528 aiso=2656(2677979ms) xte=0.00m spd=0.00m/s q=0 ggaAge=73 vtgAge=73 xteAge=2677979 xteraw=80:510302FF0B0809FF vt=Y(21/22) vtstat=2427/254ms tc=Y drp=0mm tcq=0
15:54:35.911 [ISOBUS] addr=0x81 claimed=Y load=14.3% msgs=103569 aiso=2657(2678979ms) xte=0.00m spd=0.00m/s q=0 ggaAge=75 vtgAge=74 xteAge=2678979 xteraw=80:510302FF0B0809FF vt=Y(21/22) vtstat=2428/254ms tc=Y drp=0mm tcq=0
15:54:36.894 [ISOBUS] addr=0x81 claimed=Y load=14.0% msgs=103610 aiso=2658(2679979ms) xte=0.00m spd=0.00m/s q=0 ggaAge=74 vtgAge=73 xteAge=2679979 xteraw=80:510302FF0B0809FF vt=Y(21/22) vtstat=2429/253ms tc=Y drp=0mm tcq=0
15:54:37.909 [ISOBUS] addr=0x81 claimed=Y load=14.3% msgs=103651 aiso=2659(2680979ms) xte=0.00m spd=0.00m/s q=0 ggaAge=74 vtgAge=74 xteAge=2680979 xteraw=80:510302FF0B0809FF vt=Y(21/22) vtstat=2430/253ms tc=Y drp=0mm tcq=0
15:54:38.884 [ISOBUS] addr=0x81 claimed=Y load=14.0% msgs=103692 aiso=2660(2681979ms) xte=0.00m spd=0.00m/s q=0 ggaAge=75 vtgAge=74 xteAge=2681979 xteraw=80:510302FF0B0809FF vt=Y(21/22) vtstat=2431/253ms tc=Y drp=0mm tcq=0
15:54:39.896 [ISOBUS] addr=0x81 claimed=Y load=14.3% msgs=103733 aiso=2661(2682979ms) xte=0.00m spd=0.00m/s q=0 ggaAge=75 vtgAge=74 xteAge=2682979 xteraw=80:510302FF0B0809FF vt=Y(21/22) vtstat=2432/252ms tc=Y drp=0mm tcq=0
15:54:40.908 [ISOBUS] addr=0x81 claimed=Y load=14.0% msgs=103774 aiso=2662(2683979ms) xte=0.00m spd=0.00m/s q=0 ggaAge=75 vtgAge=74 xteAge=2683979 xteraw=80:510302FF0B0809FF vt=Y(21/22) vtstat=2433/252ms tc=Y drp=0mm tcq=0
15:54:41.893 [ISOBUS] addr=0x81 claimed=Y load=14.3% msgs=103815 aiso=2663(2684979ms) xte=0.00m spd=0.00m/s q=0 ggaAge=74 vtgAge=73 xteAge=2684979 xteraw=80:510302FF0B0809FF vt=Y(21/22) vtstat=2434/252ms tc=Y drp=0mm tcq=0
15:54:42.910 [ISOBUS] addr=0x81 claimed=Y load=14.4% msgs=103860 aiso=2664(2685979ms) xte=0.00m spd=0.00m/s q=0 ggaAge=74 vtgAge=74 xteAge=2685979 xteraw=80:510302FF0B0809FF vt=Y(21/22) vtstat=2435/251ms tc=Y drp=0mm tcq=0
15:54:43.901 [ISOBUS] addr=0x81 claimed=Y load=14.3% msgs=103901 aiso=2665(2686979ms) xte=0.00m spd=0.00m/s q=0 ggaAge=74 vtgAge=73 xteAge=2686979 xteraw=80:510302FF0B0809FF vt=Y(21/22) vtstat=2436/251ms tc=Y drp=0mm tcq=0
15:54:44.904 [ISOBUS] addr=0x81 claimed=Y load=14.0% msgs=103942 aiso=2666(2687979ms) xte=0.00m spd=0.00m/s q=0 ggaAge=75 vtgAge=74 xteAge=2687979 xteraw=80:510302FF0B0809FF vt=Y(21/22) vtstat=2437/251ms tc=Y drp=0mm tcq=0
15:54:45.911 [ISOBUS] addr=0x81 claimed=Y load=14.3% msgs=103983 aiso=2667(2688979ms) xte=0.00m spd=0.00m/s q=0 ggaAge=74 vtgAge=74 xteAge=2688979 xteraw=80:510302FF0B0809FF vt=Y(21/22) vtstat=2438/250ms tc=Y drp=0mm tcq=0
15:54:46.909 [ISOBUS] addr=0x81 claimed=Y load=14.0% msgs=104024 aiso=2668(2689979ms) xte=0.00m spd=0.00m/s q=0 ggaAge=74 vtgAge=74 xteAge=2689979 xteraw=80:510302FF0B0809FF vt=Y(21/22) vtstat=2439/249ms tc=Y drp=0mm tcq=0
15:54:47.911 [ISOBUS] addr=0x81 claimed=Y load=14.3% msgs=104065 aiso=2669(2690979ms) xte=0.00m spd=0.00m/s q=0 ggaAge=74 vtgAge=74 xteAge=2690979 xteraw=80:510302FF0B0809FF vt=Y(21/22) vtstat=2440/249ms tc=Y drp=0mm tcq=0
15:54:48.888 [ISOBUS] addr=0x81 claimed=Y load=14.0% msgs=104106 aiso=2670(2691979ms) xte=0.00m spd=0.00m/s q=0 ggaAge=74 vtgAge=74 xteAge=2691979 xteraw=80:510302FF0B0809FF vt=Y(21/22) vtstat=2441/249ms tc=Y drp=0mm tcq=0
15:54:49.899 [ISOBUS] addr=0x81 claimed=Y load=14.3% msgs=104147 aiso=2671(2692979ms) xte=0.00m spd=0.00m/s q=0 ggaAge=74 vtgAge=74 xteAge=2692979 xteraw=80:510302FF0B0809FF vt=Y(21/22) vtstat=2442/249ms tc=Y drp=0mm tcq=0
15:54:50.898 [ISOBUS] addr=0x81 claimed=Y load=14.0% msgs=104188 aiso=2672(2693979ms) xte=0.00m spd=0.00m/s q=0 ggaAge=75 vtgAge=74 xteAge=2693979 xteraw=80:510302FF0B0809FF vt=Y(21/22) vtstat=2443/248ms tc=Y drp=0mm tcq=0
15:54:51.895 [ISOBUS] addr=0x81 claimed=Y load=14.3% msgs=104229 aiso=2673(2694979ms) xte=0.00m spd=0.00m/s q=0 ggaAge=74 vtgAge=74 xteAge=2694979 xteraw=80:510302FF0B0809FF vt=Y(21/22) vtstat=2444/248ms tc=Y drp=0mm tcq=0
15:54:52.915 [ISOBUS] addr=0x81 claimed=Y load=14.4% msgs=104274 aiso=2674(2695979ms) xte=0.00m spd=0.00m/s q=0 ggaAge=74 vtgAge=74 xteAge=2695979 xteraw=80:510302FF0B0809FF vt=Y(21/22) vtstat=2445/248ms tc=Y drp=0mm tcq=0
15:54:53.910 [ISOBUS] addr=0x81 claimed=Y load=14.3% msgs=104315 aiso=2675(2696979ms) xte=0.00m spd=0.00m/s q=0 ggaAge=74 vtgAge=73 xteAge=2696979 xteraw=80:510302FF0B0809FF vt=Y(21/22) vtstat=2446/247ms tc=Y drp=0mm tcq=0
15:54:54.888 [ISOBUS] addr=0x81 claimed=Y load=14.0% msgs=104356 aiso=2676(2697979ms) xte=0.00m spd=0.00m/s q=0 ggaAge=74 vtgAge=74 xteAge=2697979 xteraw=80:510302FF0B0809FF vt=Y(21/22) vtstat=2447/247ms tc=Y drp=0mm tcq=0
15:54:55.899 [ISOBUS] addr=0x81 claimed=Y load=14.3% msgs=104397 aiso=2677(2698979ms) xte=0.00m spd=0.00m/s q=0 ggaAge=74 vtgAge=73 xteAge=2698979 xteraw=80:510302FF0B0809FF vt=Y(21/22) vtstat=2448/247ms tc=Y drp=0mm tcq=0
15:54:56.889 [ISOBUS] addr=0x81 claimed=Y load=14.0% msgs=104438 aiso=2678(2699979ms) xte=0.00m spd=0.00m/s q=0 ggaAge=74 vtgAge=74 xteAge=2699979 xteraw=80:510302FF0B0809FF vt=Y(21/22) vtstat=2449/246ms tc=Y drp=0mm tcq=0
15:54:57.889 [ISOBUS] addr=0x81 claimed=Y load=14.3% msgs=104479 aiso=2679(2700979ms) xte=0.00m spd=0.00m/s q=0 ggaAge=75 vtgAge=74 xteAge=2700979 xteraw=80:510302FF0B0809FF vt=Y(21/22) vtstat=2450/246ms tc=Y drp=0mm tcq=0
15:54:58.902 [ISOBUS] addr=0x81 claimed=Y load=14.0% msgs=104520 aiso=2680(2701979ms) xte=0.00m spd=0.00m/s q=0 ggaAge=75 vtgAge=75 xteAge=2701979 xteraw=80:510302FF0B0809FF vt=Y(21/22) vtstat=2451/246ms tc=Y drp=0mm tcq=0
15:54:59.929 [ISOBUS] addr=0x81 claimed=Y load=14.3% msgs=104561 aiso=2681(2702979ms) xte=0.00m spd=0.00m/s q=0 ggaAge=74 vtgAge=73 xteAge=2702979 xteraw=80:510302FF0B0608FF vt=Y(21/22) vtstat=2452/245ms tc=Y drp=0mm tcq=0
15:55:00.895 [ISOBUS] addr=0x81 claimed=Y load=14.0% msgs=104602 aiso=2682(2703979ms) xte=0.00m spd=0.00m/s q=0 ggaAge=75 vtgAge=74 xteAge=2703979 xteraw=80:510302FF0B0809FF vt=Y(21/22) vtstat=2453/245ms tc=Y drp=0mm tcq=0
15:55:01.889 [ISOBUS] addr=0x81 claimed=Y load=14.3% msgs=104643 aiso=2683(2704979ms) xte=0.00m spd=0.00m/s q=0 ggaAge=75 vtgAge=75 xteAge=2704979 xteraw=80:510302FF0B0809FF vt=Y(21/22) vtstat=2454/244ms tc=Y drp=0mm tcq=0
15:55:02.889 [ISOBUS] addr=0x81 claimed=Y load=14.4% msgs=104688 aiso=2684(2705979ms) xte=0.00m spd=0.00m/s q=0 ggaAge=74 vtgAge=73 xteAge=2705979 xteraw=80:510302FF0B0809FF vt=Y(21/22) vtstat=2455/244ms tc=Y drp=0mm tcq=0
15:55:03.894 [ISOBUS] addr=0x81 claimed=Y load=14.3% msgs=104729 aiso=2685(2706979ms) xte=0.00m spd=0.00m/s q=0 ggaAge=74 vtgAge=74 xteAge=2706979 xteraw=80:510302FF0B0809FF vt=Y(21/22) vtstat=2456/244ms tc=Y drp=0mm tcq=0
15:55:04.894 [ISOBUS] addr=0x81 claimed=Y load=14.0% msgs=104770 aiso=2686(2707979ms) xte=0.00m spd=0.00m/s q=0 ggaAge=75 vtgAge=74 xteAge=2707979 xteraw=80:510302FF0B0608FF vt=Y(21/22) vtstat=2457/243ms tc=Y drp=0mm tcq=0
15:55:05.898 [ISOBUS] addr=0x81 claimed=Y load=14.3% msgs=104811 aiso=2687(2708979ms) xte=0.00m spd=0.00m/s q=0 ggaAge=74 vtgAge=74 xteAge=2708979 xteraw=80:510302FF0B0809FF vt=Y(21/22) vtstat=2458/243ms tc=Y drp=0mm tcq=0
15:55:06.908 [ISOBUS] addr=0x81 claimed=Y load=14.0% msgs=104852 aiso=2688(2709979ms) xte=0.00m spd=0.00m/s q=0 ggaAge=75 vtgAge=74 xteAge=2709979 xteraw=80:510302FF0B0809FF vt=Y(21/22) vtstat=2459/243ms tc=Y drp=0mm tcq=0
15:55:07.893 [ISOBUS] addr=0x81 claimed=Y load=14.3% msgs=104893 aiso=2689(2710979ms) xte=0.00m spd=0.00m/s q=0 ggaAge=75 vtgAge=75 xteAge=2710979 xteraw=80:510302FF0B0809FF vt=Y(21/22) vtstat=2460/242ms tc=Y drp=0mm tcq=0
15:55:08.902 [ISOBUS] addr=0x81 claimed=Y load=14.0% msgs=104934 aiso=2690(2711979ms) xte=0.00m spd=0.00m/s q=0 ggaAge=75 vtgAge=74 xteAge=2711979 xteraw=80:510302FF0B0608FF vt=Y(21/22) vtstat=2461/242ms tc=Y drp=0mm tcq=0
15:55:09.886 [ISOBUS] addr=0x81 claimed=Y load=14.3% msgs=104975 aiso=2691(2712979ms) xte=0.00m spd=0.00m/s q=0 ggaAge=74 vtgAge=74 xteAge=2712979 xteraw=80:510302FF0B0608FF vt=Y(21/22) vtstat=2462/242ms tc=Y drp=0mm tcq=0
15:55:10.902 [ISOBUS] addr=0x81 claimed=Y load=14.0% msgs=105016 aiso=2692(2713979ms) xte=0.00m spd=0.00m/s q=0 ggaAge=75 vtgAge=75 xteAge=2713979 xteraw=80:510302FF0B0608FF vt=Y(21/22) vtstat=2463/241ms tc=Y drp=0mm tcq=0
15:55:11.906 [ISOBUS] addr=0x81 claimed=Y load=14.3% msgs=105057 aiso=2693(2714979ms) xte=0.00m spd=0.00m/s q=0 ggaAge=74 vtgAge=74 xteAge=2714979 xteraw=80:510302FF0B0608FF vt=Y(21/22) vtstat=2464/241ms tc=Y drp=0mm tcq=0
15:55:12.907 [ISOBUS] addr=0x81 claimed=Y load=14.4% msgs=105102 aiso=2694(2715979ms) xte=0.00m spd=0.00m/s q=0 ggaAge=75 vtgAge=74 xteAge=2715979 xteraw=80:510302FF0B0608FF vt=Y(21/22) vtstat=2465/241ms tc=Y drp=0mm tcq=0
15:55:13.903 [ISOBUS] addr=0x81 claimed=Y load=14.3% msgs=105143 aiso=2695(2716979ms) xte=0.00m spd=0.00m/s q=0 ggaAge=75 vtgAge=74 xteAge=2716979 xteraw=80:510302FF0B0608FF vt=Y(21/22) vtstat=2466/240ms tc=Y drp=0mm tcq=0
15:55:14.912 [ISOBUS] addr=0x81 claimed=Y load=14.0% msgs=105184 aiso=2696(2717979ms) xte=0.00m spd=0.00m/s q=0 ggaAge=75 vtgAge=74 xteAge=2717979 xteraw=80:510302FF0B0608FF vt=Y(21/22) vtstat=2467/240ms tc=Y drp=0mm tcq=0
15:55:15.903 [ISOBUS] addr=0x81 claimed=Y load=14.3% msgs=105225 aiso=2697(2718979ms) xte=0.00m spd=0.00m/s q=0 ggaAge=75 vtgAge=74 xteAge=2718979 xteraw=80:510302FF0B0809FF vt=Y(21/22) vtstat=2468/237ms tc=Y drp=0mm tcq=0
15:55:16.900 [ISOBUS] addr=0x81 claimed=Y load=13.9% msgs=105266 aiso=2698(2719979ms) xte=0.00m spd=0.00m/s q=0 ggaAge=75 vtgAge=74 xteAge=2719979 xteraw=80:510302FF0B0809FF vt=Y(21/22) vtstat=2468/1237ms tc=Y drp=0mm tcq=0
15:55:17.897 [ISOBUS] addr=0x81 claimed=Y load=14.2% msgs=105307 aiso=2699(2720979ms) xte=0.00m spd=0.00m/s q=0 ggaAge=75 vtgAge=75 xteAge=2720979 xteraw=80:510302FF0B0809FF vt=Y(21/22) vtstat=2468/2237ms tc=Y drp=0mm tcq=0
15:55:18.171 I] [NM]: Control function with address 205 and NAME 000000000000000lx is now offline on channel 198344577.
15:55:18.679 E] [VT]: Status Timeout
15:55:18.890 [ISOBUS] addr=0x81 claimed=Y load=13.6% msgs=105348 aiso=2700(2721979ms) xte=0.00m spd=0.00m/s q=0 ggaAge=74 vtgAge=74 xteAge=2721979 xteraw=80:510302FF0B0809FF vt=N(1/22) vtstat=2468/3237ms tc=Y drp=0mm tcq=0
15:55:19.425 I] [NM]: External control function with name 000000000000000lx has claimed address 198344577 on channel 2684363008.
15:55:19.907 [ISOBUS] addr=0x81 claimed=Y load=13.7% msgs=105389 aiso=2701(2722979ms) xte=0.00m spd=0.00m/s q=0 ggaAge=74 vtgAge=74 xteAge=2722979 xteraw=80:510302FF0B0809FF vt=N(1/22) vtstat=2468/4237ms tc=Y drp=0mm tcq=0
15:55:20.910 [ISOBUS] addr=0x81 claimed=Y load=13.6% msgs=105430 aiso=2702(2723979ms) xte=0.00m spd=0.00m/s q=0 ggaAge=75 vtgAge=74 xteAge=2723979 xteraw=80:510302FF0B0809FF vt=N(1/22) vtstat=2468/5237ms tc=Y drp=0mm tcq=0
15:55:21.190 I] [NM]: Control function with address 172 and NAME 000000000000000lx is now offline on channel 197275905.
15:55:21.190 I] [NM]: Control function with address 205 and NAME 000000000000000lx is now offline on channel 198344577.
15:55:21.449 I] [NM]: External control function with name 000000000000000lx has claimed address 198344577 on channel 2684363008.
15:55:21.449 I] [NM]: External control function with name 000000000000000lx has claimed address 197275905 on channel 536876800.
15:55:21.893 [ISOBUS] addr=0x81 claimed=Y load=13.7% msgs=105471 aiso=2703(2724979ms) xte=0.00m spd=0.00m/s q=0 ggaAge=74 vtgAge=74 xteAge=2724979 xteraw=80:510302FF0B0809FF vt=N(1/22) vtstat=2468/6237ms tc=Y drp=0mm tcq=0
15:55:22.894 [ISOBUS] addr=0x81 claimed=Y load=13.9% msgs=105516 aiso=2704(2725979ms) xte=0.00m spd=0.00m/s q=0 ggaAge=75 vtgAge=74 xteAge=2725979 xteraw=80:510302FF0B0809FF vt=N(1/22) vtstat=2468/7237ms tc=Y drp=0mm tcq=0
15:55:23.432 W] [PR]: NACK-ing PGN request for PGN 60928 because no callback could handle it.
15:55:23.910 [ISOBUS] addr=0x81 claimed=Y load=13.8% msgs=105557 aiso=2705(2726979ms) xte=0.00m spd=0.00m/s q=0 ggaAge=75 vtgAge=74 xteAge=2726979 xteraw=80:510302FF0B0809FF vt=N(1/22) vtstat=2468/8237ms tc=Y drp=0mm tcq=0
15:55:24.191 I] [NM]: Control function with address 172 and NAME 000000000000000lx is now offline on channel 197275905.
15:55:24.191 I] [NM]: Control function with address 205 and NAME 000000000000000lx is now offline on channel 198344577.
15:55:24.901 [ISOBUS] addr=0x81 claimed=Y load=13.7% msgs=105598 aiso=2706(2727979ms) xte=0.00m spd=0.00m/s q=0 ggaAge=75 vtgAge=74 xteAge=2727979 xteraw=80:510302FF0B0809FF vt=N(1/22) vtstat=2468/9237ms tc=Y drp=0mm tcq=0
15:55:25.917 [ISOBUS] addr=0x81 claimed=Y load=13.4% msgs=105639 aiso=2707(2728979ms) xte=0.00m spd=0.00m/s q=0 ggaAge=74 vtgAge=74 xteAge=2728979 xteraw=80:510302FF0B0809FF vt=N(1/22) vtstat=2468/10237ms tc=Y drp=0mm tcq=0
15:55:26.910 [ISOBUS] addr=0x81 claimed=Y load=13.4% msgs=105680 aiso=2708(2729979ms) xte=0.00m spd=0.00m/s q=0 ggaAge=75 vtgAge=74 xteAge=2729979 xteraw=80:510302FF0B0809FF vt=N(1/22) vtstat=2468/11237ms tc=Y drp=0mm tcq=0
15:55:27.428 W] [PR]: NACK-ing PGN request for PGN 60928 because no callback could handle it.
15:55:27.895 [ISOBUS] addr=0x81 claimed=Y load=13.5% msgs=105721 aiso=2709(2730979ms) xte=0.00m spd=0.00m/s q=0 ggaAge=75 vtgAge=75 xteAge=2730979 xteraw=80:510302FF0B0809FF vt=N(1/22) vtstat=2468/12237ms tc=Y drp=0mm tcq=0
15:55:28.658 VT: disconnected 10s after having been connected -- forcing reconnect attempt 23 (partner addr=0x26 valid=Y)
15:55:28.658 I] [VT]: VT Client connection has been terminated.
15:55:28.890 [ISOBUS] addr=0x81 claimed=Y load=13.4% msgs=105762 aiso=2710(2731979ms) xte=0.00m spd=0.00m/s q=0 ggaAge=75 vtgAge=75 xteAge=2731979 xteraw=80:510302FF0B0809FF vt=N(1/22) vtstat=2468/13237ms tc=Y drp=0mm tcq=0
15:55:29.428 W] [PR]: NACK-ing PGN request for PGN 60928 because no callback could handle it.
15:55:29.895 [ISOBUS] addr=0x81 claimed=Y load=13.5% msgs=105803 aiso=2711(2732979ms) xte=0.00m spd=0.00m/s q=0 ggaAge=74 vtgAge=74 xteAge=2732979 xteraw=80:510302FF0B0809FF vt=N(1/22) vtstat=2468/14237ms tc=Y drp=0mm tcq=0
15:55:30.903 [ISOBUS] addr=0x81 claimed=Y load=13.4% msgs=105844 aiso=2712(2733979ms) xte=0.00m spd=0.00m/s q=0 ggaAge=75 vtgAge=75 xteAge=2733979 xteraw=80:510302FF0B0809FF vt=N(1/22) vtstat=2468/15237ms tc=Y drp=0mm tcq=0
15:55:31.441 W] [PR]: NACK-ing PGN request for PGN 60928 because no callback could handle it.
15:55:31.907 [ISOBUS] addr=0x81 claimed=Y load=13.5% msgs=105885 aiso=2713(2734979ms) xte=0.00m spd=0.00m/s q=0 ggaAge=75 vtgAge=75 xteAge=2734979 xteraw=80:510302FF0B0809FF vt=N(1/22) vtstat=2468/16237ms tc=Y drp=0mm tcq=0
15:55:32.905 [ISOBUS] addr=0x81 claimed=Y load=13.7% msgs=105926 aiso=2714(2735979ms) xte=0.00m spd=0.00m/s q=0 ggaAge=75 vtgAge=75 xteAge=2735979 xteraw=80:510302FF0B0809FF vt=N(1/22) vtstat=2468/17237ms tc=Y drp=0mm tcq=0
15:55:33.435 W] [PR]: NACK-ing PGN request for PGN 60928 because no callback could handle it.
15:55:33.909 [ISOBUS] addr=0x81 claimed=Y load=13.5% msgs=105967 aiso=2715(2736979ms) xte=0.00m spd=0.00m/s q=0 ggaAge=76 vtgAge=75 xteAge=2736979 xteraw=80:510302FF0B0809FF vt=N(1/22) vtstat=2468/18237ms tc=Y drp=0mm tcq=0
15:55:34.907 [ISOBUS] addr=0x81 claimed=Y load=13.4% msgs=106008 aiso=2716(2737979ms) xte=0.00m spd=0.00m/s q=0 ggaAge=75 vtgAge=75 xteAge=2737979 xteraw=80:510302FF0B0809FF vt=N(1/22) vtstat=2468/19237ms tc=Y drp=0mm tcq=0
15:55:35.436 W] [PR]: NACK-ing PGN request for PGN 60928 because no callback could handle it.
15:55:35.911 [ISOBUS] addr=0x81 claimed=Y load=13.5% msgs=106049 aiso=2717(2738979ms) xte=0.00m spd=0.00m/s q=0 ggaAge=75 vtgAge=74 xteAge=2738979 xteraw=80:510302FF0B0809FF vt=N(1/22) vtstat=2468/20237ms tc=Y drp=0mm tcq=0
15:55:36.917 [ISOBUS] addr=0x81 claimed=Y load=13.4% msgs=106090 aiso=2718(2739979ms) xte=0.00m spd=0.00m/s q=0 ggaAge=75 vtgAge=74 xteAge=2739979 xteraw=80:510302FF0B0809FF vt=N(1/22) vtstat=2468/21237ms tc=Y drp=0mm tcq=0
15:55:37.443 W] [PR]: NACK-ing PGN request for PGN 60928 because no callback could handle it.
15:55:37.897 [ISOBUS] addr=0x81 claimed=Y load=13.5% msgs=106131 aiso=2719(2740979ms) xte=0.00m spd=0.00m/s q=0 ggaAge=74 vtgAge=74 xteAge=2740979 xteraw=80:510302FF0B0809FF vt=N(1/22) vtstat=2468/22237ms tc=Y drp=0mm tcq=0
15:55:38.679 VT: disconnected 20s after having been connected -- forcing reconnect attempt 24 (partner addr=0x26 valid=Y)
15:55:38.679 I] [VT]: VT Client connection has been terminated.
15:55:38.929 [ISOBUS] addr=0x81 claimed=Y load=13.4% msgs=106172 aiso=2720(2741979ms) xte=0.00m spd=0.00m/s q=0 ggaAge=75 vtgAge=75 xteAge=2741979 xteraw=80:510302FF0B0809FF vt=N(1/22) vtstat=2468/23237ms tc=Y drp=0mm tcq=0
15:55:39.420 W] [PR]: NACK-ing PGN request for PGN 60928 because no callback could handle it.
15:55:39.897 [ISOBUS] addr=0x81 claimed=Y load=13.5% msgs=106213 aiso=2721(2742979ms) xte=0.00m spd=0.00m/s q=0 ggaAge=76 vtgAge=75 xteAge=2742979 xteraw=80:510302FF0B0809FF vt=N(1/22) vtstat=2468/24237ms tc=Y drp=0mm tcq=0
15:55:40.914 [ISOBUS] addr=0x81 claimed=Y load=13.4% msgs=106254 aiso=2722(2743979ms) xte=0.00m spd=0.00m/s q=0 ggaAge=75 vtgAge=75 xteAge=2743979 xteraw=80:510302FF0B0809FF vt=N(1/22) vtstat=2468/25237ms tc=Y drp=0mm tcq=0
15:55:41.440 W] [PR]: NACK-ing PGN request for PGN 60928 because no callback could handle it.
15:55:41.623 I] [NM]: External control function with name 000000000000000lx has claimed address 203452081 on channel 2147516672.
15:55:41.623 I] [NM]: External control function with name 000000000000000lx has claimed address 197783967 on channel 2684388864.
15:55:41.914 [ISOBUS] addr=0x81 claimed=Y load=13.8% msgs=106295 aiso=2723(2744979ms) xte=0.00m spd=0.00m/s q=0 ggaAge=75 vtgAge=74 xteAge=2744979 xteraw=80:510302FF0B0809FF vt=N(1/22) vtstat=2468/26237ms tc=Y drp=0mm tcq=0
15:55:42.360 I] [NM]: Control function with address 43 and NAME 000000000000000lx is now offline on channel 203452081.
15:55:42.913 [ISOBUS] addr=0x81 claimed=Y load=13.7% msgs=106336 aiso=2724(2745979ms) xte=0.00m spd=0.00m/s q=0 ggaAge=75 vtgAge=75 xteAge=2745979 xteraw=80:510302FF0B0809FF vt=N(1/22) vtstat=2468/27237ms tc=Y drp=0mm tcq=0
15:55:43.437 W] [PR]: NACK-ing PGN request for PGN 60928 because no callback could handle it.
15:55:43.913 [ISOBUS] addr=0x81 claimed=Y load=13.5% msgs=106377 aiso=2725(2746979ms) xte=0.00m spd=0.00m/s q=0 ggaAge=76 vtgAge=75 xteAge=2746979 xteraw=80:510302FF0B0809FF vt=N(1/22) vtstat=2468/28237ms tc=Y drp=0mm tcq=0
15:55:44.176 I] [NM]: Control function with address 240 and NAME 000000000000000lx is now offline on channel 197783967.
15:55:44.888 [ISOBUS] addr=0x81 claimed=Y load=13.4% msgs=106418 aiso=2726(2747979ms) xte=0.00m spd=0.00m/s q=0 ggaAge=75 vtgAge=74 xteAge=2747979 xteraw=80:510302FF0B0809FF vt=N(1/22) vtstat=2468/29237ms tc=Y drp=0mm tcq=0
15:55:45.428 W] [PR]: NACK-ing PGN request for PGN 60928 because no callback could handle it.
15:55:45.901 [ISOBUS] addr=0x81 claimed=Y load=13.5% msgs=106459 aiso=2727(2748979ms) xte=0.00m spd=0.00m/s q=0 ggaAge=75 vtgAge=74 xteAge=2748979 xteraw=80:510302FF0B0809FF vt=N(1/22) vtstat=2468/30237ms tc=Y drp=0mm tcq=0
15:55:46.893 [ISOBUS] addr=0x81 claimed=Y load=13.4% msgs=106500 aiso=2728(2749979ms) xte=0.00m spd=0.00m/s q=0 ggaAge=75 vtgAge=74 xteAge=2749979 xteraw=80:510302FF0B0809FF vt=N(1/22) vtstat=2468/31237ms tc=Y drp=0mm tcq=0
15:55:47.435 W] [PR]: NACK-ing PGN request for PGN 60928 because no callback could handle it.
15:55:47.896 [ISOBUS] addr=0x81 claimed=Y load=13.5% msgs=106541 aiso=2729(2750979ms) xte=0.00m spd=0.00m/s q=0 ggaAge=75 vtgAge=75 xteAge=2750979 xteraw=80:510302FF0B0809FF vt=N(1/22) vtstat=2468/32237ms tc=Y drp=0mm tcq=0
15:55:48.440 I] [NM]: External control function with name 000000000000000lx has claimed address 203452081 on channel 2147516672.
15:55:48.441 I] [NM]: External control function with name 000000000000000lx has claimed address 197783967 on channel 2684388864.
15:55:48.663 VT: disconnected 30s after having been connected -- forcing reconnect attempt 25 (partner addr=0x26 valid=Y)
15:55:48.663 I] [VT]: VT Client connection has been terminated.
15:55:48.902 [ISOBUS] addr=0x81 claimed=Y load=13.7% msgs=106582 aiso=2730(2751979ms) xte=0.00m spd=0.00m/s q=0 ggaAge=75 vtgAge=74 xteAge=2751979 xteraw=80:510302FF0B0809FF vt=N(1/22) vtstat=2468/33237ms tc=Y drp=0mm tcq=0
15:55:49.196 I] [NM]: Control function with address 43 and NAME 000000000000000lx is now offline on channel 203452081.
15:55:49.889 [ISOBUS] addr=0x81 claimed=Y load=13.4% msgs=106623 aiso=2731(2752979ms) xte=0.00m spd=0.00m/s q=0 ggaAge=76 vtgAge=75 xteAge=2752979 xteraw=80:510302FF0B0809FF vt=N(1/22) vtstat=2468/34237ms tc=Y drp=0mm tcq=0
15:55:50.847 I] [NM]: External control function with name 000000000000000lx has claimed address 198344577 on channel 2684363008.
15:55:50.848 I] [NM]: External control function with name 000000000000000lx has claimed address 197275905 on channel 536876800.
15:55:50.903 [ISOBUS] addr=0x81 claimed=Y load=13.4% msgs=106664 aiso=2732(2753979ms) xte=0.00m spd=0.00m/s q=0 ggaAge=75 vtgAge=74 xteAge=2753979 xteraw=80:510302FF0B0809FF vt=N(1/22) vtstat=2468/35237ms tc=Y drp=0mm tcq=0
15:55:51.444 W] [PR]: NACK-ing PGN request for PGN 60928 because no callback could handle it.
15:55:51.910 W] [TP]: Received a Request to Send (RTS) message with a global destination, ignoring
15:55:51.910 [ISOBUS] addr=0x81 claimed=Y load=13.7% msgs=106706 aiso=2733(2754979ms) xte=0.00m spd=0.00m/s q=0 ggaAge=73 vtgAge=73 xteAge=2754979 xteraw=80:510302FF0B0809FF vt=N(1/22) vtstat=2468/36237ms tc=Y drp=0mm tcq=0
15:55:52.190 I] [NM]: Control function with address 172 and NAME 000000000000000lx is now offline on channel 197275905.
15:55:52.190 I] [NM]: Control function with address 205 and NAME 000000000000000lx is now offline on channel 198344577.
15:55:52.190 I] [NM]: Control function with address 240 and NAME 000000000000000lx is now offline on channel 197783967.
15:55:52.899 [ISOBUS] addr=0x81 claimed=Y load=14.1% msgs=106750 aiso=2734(2755979ms) xte=0.00m spd=0.00m/s q=0 ggaAge=76 vtgAge=75 xteAge=2755979 xteraw=80:510302FF0B0809FF vt=N(1/22) vtstat=2468/37237ms tc=Y drp=0mm tcq=0
15:55:53.444 W] [PR]: NACK-ing PGN request for PGN 60928 because no callback could handle it.
15:55:53.626 I] [NM]: External control function with name 000000000000000lx has claimed address 197275905 on channel 536876800.
15:55:53.902 [ISOBUS] addr=0x81 claimed=Y load=14.0% msgs=106791 aiso=2735(2756979ms) xte=0.00m spd=0.00m/s q=0 ggaAge=70 vtgAge=69 xteAge=2756979 xteraw=80:510302FF0B0809FF vt=N(1/22) vtstat=2468/38237ms tc=Y drp=0mm tcq=0
15:55:54.443 I] [NM]: External control function with name 000000000000000lx has claimed address 198344577 on channel 2684363008.
15:55:54.475 W] [TP]: Received a Request to Send (RTS) message with a global destination, ignoring
15:55:54.912 [ISOBUS] addr=0x81 claimed=Y load=13.9% msgs=106832 aiso=2736(2757979ms) xte=0.00m spd=0.00m/s q=0 ggaAge=76 vtgAge=75 xteAge=2757979 xteraw=80:510302FF0B0809FF vt=N(1/22) vtstat=2468/39237ms tc=Y drp=0mm tcq=0
15:55:55.192 I] [NM]: Control function with address 172 and NAME 000000000000000lx is now offline on channel 197275905.
15:55:55.441 I] [NM]: External control function with name 000000000000000lx has claimed address 197275905 on channel 536876800.
15:55:55.749 W] [TP]: Received an Abort message with a global destination, ignoring
15:55:55.781 W] [TP]: Received a Request to Send (RTS) message with a global destination, ignoring
15:55:55.913 [ISOBUS] addr=0x81 claimed=Y load=13.9% msgs=106873 aiso=2737(2758979ms) xte=0.00m spd=0.00m/s q=0 ggaAge=75 vtgAge=75 xteAge=2758979 xteraw=80:510302FF0B0809FF vt=N(1/22) vtstat=2468/40237ms tc=Y drp=0mm tcq=0
15:55:56.186 I] [NM]: Control function with address 205 and NAME 000000000000000lx is now offline on channel 198344577.
15:55:56.894 [ISOBUS] addr=0x81 claimed=Y load=13.5% msgs=106914 aiso=2738(2759979ms) xte=0.00m spd=0.00m/s q=0 ggaAge=75 vtgAge=75 xteAge=2759979 xteraw=80:510302FF0B0809FF vt=N(1/22) vtstat=2468/41237ms tc=Y drp=0mm tcq=0
15:55:57.412 W] [PR]: NACK-ing PGN request for PGN 60928 because no callback could handle it.
15:55:57.914 [ISOBUS] addr=0x81 claimed=Y load=14.0% msgs=106955 aiso=2739(2760979ms) xte=0.00m spd=0.00m/s q=0 ggaAge=75 vtgAge=75 xteAge=2760979 xteraw=80:510302FF0B0809FF vt=N(1/22) vtstat=2468/42237ms tc=Y drp=0mm tcq=0
15:55:58.650 VT: disconnected 40s after having been connected -- forcing reconnect attempt 26 (partner addr=0x26 valid=Y)
15:55:58.652 I] [VT]: VT Client connection has been terminated.
15:55:58.903 [ISOBUS] addr=0x81 claimed=Y load=13.7% msgs=106996 aiso=2740(2761979ms) xte=0.00m spd=0.00m/s q=0 ggaAge=76 vtgAge=75 xteAge=2761979 xteraw=80:510302FF0B0809FF vt=N(1/22) vtstat=2468/43237ms tc=Y drp=0mm tcq=0
15:55:59.412 W] [PR]: NACK-ing PGN request for PGN 60928 because no callback could handle it.
15:55:59.444 I] [NM]: External control function with name 000000000000000lx has claimed address 198344577 on channel 2684363008.
15:55:59.585 W] [TP]: Received an Abort message with a global destination, ignoring
15:55:59.614 W] [TP]: Received a Request to Send (RTS) message with a global destination, ignoring
15:55:59.919 [ISOBUS] addr=0x81 claimed=Y load=14.2% msgs=107037 aiso=2741(2762979ms) xte=0.00m spd=0.00m/s q=0 ggaAge=75 vtgAge=74 xteAge=2762979 xteraw=80:510302FF0B0809FF vt=N(1/22) vtstat=2468/44237ms tc=Y drp=0mm tcq=0
15:56:00.917 [ISOBUS] addr=0x81 claimed=Y load=13.5% msgs=107078 aiso=2742(2763979ms) xte=0.00m spd=0.00m/s q=0 ggaAge=76 vtgAge=75 xteAge=2763979 xteraw=80:510302FF0B0809FF vt=N(1/22) vtstat=2468/45237ms tc=Y drp=0mm tcq=0
15:56:00.918 W] [TP]: Received a Request to Send (RTS) message with a global destination, ignoring
15:56:01.428 W] [PR]: NACK-ing PGN request for PGN 60928 because no callback could handle it.
15:56:01.905 [ISOBUS] addr=0x81 claimed=Y load=14.0% msgs=107119 aiso=2743(2764979ms) xte=0.00m spd=0.00m/s q=0 ggaAge=76 vtgAge=75 xteAge=2764979 xteraw=80:510302FF0B0809FF vt=N(1/22) vtstat=2468/46237ms tc=Y drp=0mm tcq=0
15:56:02.186 I] [NM]: Control function with address 205 and NAME 000000000000000lx is now offline on channel 198344577.
15:56:02.904 [ISOBUS] addr=0x81 claimed=Y load=14.1% msgs=107163 aiso=2744(2765979ms) xte=0.00m spd=0.00m/s q=0 ggaAge=76 vtgAge=75 xteAge=2765979 xteraw=80:510302FF0B0809FF vt=N(1/22) vtstat=2468/47237ms tc=Y drp=0mm tcq=0
15:56:03.438 W] [PR]: NACK-ing PGN request for PGN 60928 because no callback could handle it.
15:56:03.438 I] [NM]: External control function with name 000000000000000lx has claimed address 198344577 on channel 2684363008.
15:56:03.477 W] [TP]: Received an Abort message with a global destination, ignoring
15:56:03.479 W] [TP]: Received a Request to Send (RTS) message with a global destination, ignoring
15:56:03.896 [ISOBUS] addr=0x81 claimed=Y load=14.2% msgs=107204 aiso=2745(2766979ms) xte=0.00m spd=0.00m/s q=0 ggaAge=75 vtgAge=75 xteAge=2766979 xteraw=80:510302FF0B0809FF vt=N(1/22) vtstat=2468/48237ms tc=Y drp=0mm tcq=0
15:56:04.735 W] [TP]: Received a Request to Send (RTS) message with a global destination, ignoring
15:56:04.896 [ISOBUS] addr=0x81 claimed=Y load=13.7% msgs=107245 aiso=2746(2767979ms) xte=0.00m spd=0.00m/s q=0 ggaAge=75 vtgAge=75 xteAge=2767979 xteraw=80:510302FF0B0608FF vt=N(1/22) vtstat=2468/49237ms tc=Y drp=0mm tcq=0
15:56:05.446 W] [PR]: NACK-ing PGN request for PGN 60928 because no callback could handle it.
15:56:05.893 [ISOBUS] addr=0x81 claimed=Y load=13.8% msgs=107286 aiso=2747(2768979ms) xte=0.00m spd=0.00m/s q=0 ggaAge=76 vtgAge=75 xteAge=2768979 xteraw=80:510302FF0B0809FF vt=N(1/22) vtstat=2468/50237ms tc=Y drp=0mm tcq=0
15:56:06.042 W] [TP]: Received a Request to Send (RTS) message with a global destination, ignoring
15:56:06.206 I] [NM]: Control function with address 205 and NAME 000000000000000lx is now offline on channel 198344577.
15:56:06.915 [ISOBUS] addr=0x81 claimed=Y load=13.7% msgs=107327 aiso=2748(2769979ms) xte=0.00m spd=0.00m/s q=0 ggaAge=76 vtgAge=75 xteAge=2769979 xteraw=80:510302FF0B0809FF vt=N(1/22) vtstat=2468/51237ms tc=Y drp=0mm tcq=0
15:56:07.434 W] [PR]: NACK-ing PGN request for PGN 60928 because no callback could handle it.
15:56:07.911 [ISOBUS] addr=0x81 claimed=Y load=14.0% msgs=107368 aiso=2749(2770979ms) xte=0.00m spd=0.00m/s q=0 ggaAge=76 vtgAge=75 xteAge=2770979 xteraw=80:510302FF0B0809FF vt=N(1/22) vtstat=2468/52237ms tc=Y drp=0mm tcq=0
15:56:08.446 I] [NM]: External control function with name 000000000000000lx has claimed address 198344577 on channel 2684363008.
15:56:08.575 W] [TP]: Received a Request to Send (RTS) message with a global destination, ignoring
15:56:15.484 ### port COM4 open
15:56:16.922 --------------------------------
15:56:16.922 -----------MeijWorks------------
15:56:16.922 --------------------------------
15:56:16.922 Ploughcontrol ISOBUS version 0.1
15:56:16.922 (c) 2011 - 2026 by J.A. Woltjer 
15:56:16.922 --------------------------------
15:56:18.653 -------------------------------
15:56:18.653 Tractor using following data:
15:56:18.653 -------------------------------
15:56:18.653 Speed calibration
15:56:18.653 250
15:56:18.653 -------------------------------
15:56:18.653 Simspeed
15:56:18.653 1.00
15:56:18.653 -------------------------------
15:56:18.653 Sim time
15:56:18.653 2
15:56:18.653 -------------------------------
15:56:18.653 Sim mode
15:56:18.653 1
15:56:18.653 -------------------------------
15:56:18.653 Invert hitch signal
15:56:18.653 1
15:56:18.653 -------------------------------
15:56:18.653 Times started
15:56:18.663 255
15:56:18.663 --------------------------
15:56:18.663 Using following data:
15:56:18.663 --------------------------
15:56:18.663 Offset calibration data
15:56:18.663 600, 34
15:56:18.663 461, 42
15:56:18.663 308, 50
15:56:18.663 --------------------------
15:56:18.663 Number of shares
15:56:18.663 4
15:56:18.663 --------------------------
15:56:18.663 error margin
15:56:18.663 2
15:56:18.663 --------------------------
15:56:18.663 error ploughside
15:56:18.663 0
15:56:18.663 --------------------------
15:56:18.663 Maximum correction per share (mm)
15:56:18.663 50
15:56:18.663 Maximum correction (mm)
15:56:18.663 200
15:56:18.663 --------------------------
15:56:18.663 =====================================
15:56:18.663 Guidance source using following data:
15:56:18.671 =====================================
15:56:18.671 RTK Quality
15:56:18.671 4
15:56:18.671 -------------------------------
15:56:18.671 Times started
15:56:18.671 255
15:56:18.673 --------------------------
15:56:18.673 Using following data:
15:56:18.673 --------------------------
15:56:18.673 Offset calibration data
15:56:18.673 600, 34
15:56:18.673 461, 42
15:56:18.673 308, 50
15:56:18.673 --------------------------
15:56:18.673 Number of shares
15:56:18.673 4
15:56:18.676 --------------------------
15:56:18.676 error margin
15:56:18.676 2
15:56:18.677 --------------------------
15:56:18.677 error ploughside
15:56:18.677 0
15:56:18.677 --------------------------
15:56:18.677 Maximum correction per share (mm)
15:56:18.678 50
15:56:18.678 Maximum correction (mm)
15:56:18.678 200
15:56:18.678 --------------------------
15:56:18.679 CAN controller at start: error-active, TX err 0, RX err 0
15:56:18.919 IsobusGuidanceChannel: identity 1324910 (serial 1324910), claiming... address claimed: 0x81
15:56:18.919 CAN controller after the claim: error-active, TX err 0, RX err 0
15:56:18.919 IsobusDebugMenu: send any character to open the status menu.
15:56:21.060 I] [NM]: A partner with name 000000000000000lx has claimed address 2147491072 on channel 203452081.
15:56:21.060 I] [NM]: A partner with name 000000000000000lx has claimed address 2684387840 on channel 203452081.
15:56:21.246 I] [VT]: No version label from the VT matched. Client will upload the pool and store it instead.
15:56:21.311 I] [VT]: Stored object pool with no error.
15:56:21.373 W] [TP]: Received a Request to Send (RTS) message with a global destination, ignoring
15:56:22.664 W] [TP]: Received an Abort message with a global destination, ignoring
15:56:22.664 W] [TP]: Received a Request to Send (RTS) message with a global destination, ignoring
15:56:23.171 I] [NM]: Control function with address 43 and NAME 000000000000000lx is now offline on channel 203452081.
15:56:23.171 I] [NM]: Control function with address 233 and NAME 000000000000000lx is now offline on channel 203452081.
15:56:23.171 I] [NM]: Control function with address 240 and NAME 000000000000000lx is now offline on channel 197783967.
15:56:23.171 I] [NM]: Control function with address 245 and NAME 000000000000000lx is now offline on channel 203452081.
15:56:23.924 W] [PR]: NACK-ing PGN request for PGN 64653 because no callback could handle it.
15:56:23.953 W] [TP]: Received a Request to Send (RTS) message with a global destination, ignoring
15:56:24.929 W] [PR]: NACK-ing PGN request for PGN 64653 because no callback could handle it.
15:56:25.179 I] [NM]: Control function with address 205 and NAME 000000000000000lx is now offline on channel 198344577.
15:56:25.920 W] [PR]: NACK-ing PGN request for PGN 64653 because no callback could handle it.
15:56:26.430 I] [NM]: External control function with name 000000000000000lx has claimed address 198344577 on channel 2684363008.
15:56:26.487 W] [TP]: Received an Abort message with a global destination, ignoring
15:56:26.921 W] [PR]: NACK-ing PGN request for PGN 64653 because no callback could handle it.
15:56:27.847 I] [TC]: DDOP will be generated using the server's version instead of the specified version. New version: 3
15:56:27.913 I] [TC]: DDOP Activated without error.
15:56:27.962 W] [PR]: NACK-ing PGN request for PGN 64653 because no callback could handle it.
15:56:36.130 ### sending keys: x1q
15:56:49.621 ### sending keys: x1q
15:57:05.173 === ISOBUS DEBUG MENU ===
15:57:05.175 1. Full status dump
15:57:05.175 2. Periodic summary line (OFF - press to toggle)
15:57:05.175 3. Reset message counters
15:57:05.175 4. Dump DDOP as hex (open in AgIsoDDOPGenerator)
15:57:05.175 5. Dump VT object pool as hex
15:57:05.175 q. Exit
15:57:05.175 === ISOBUS STATUS ===
15:57:05.175 Address claim: CLAIMED  address=0x81  identity=1324910
15:57:05.179 CAN controller: error-active  TX err 0 (peak 0)  RX err 0 (peak 0)
15:57:05.179   error-passive entries: 0  bus-off entries: 0  longest episode: 0 ms
15:57:05.179 Bus load (ch0): 14.0 %
15:57:05.180 --- Message counters ---
15:57:05.180   PGN 129025 Position NMEA2000: 0
15:57:05.180   PGN 129026 Speed NMEA2000:    0
15:57:05.180   PGN 129283 XTE NMEA2000:      2
15:57:05.180   PGN 65267  Position legacy:   152
15:57:05.180   PGN 65256  Speed legacy:      152   last SA=0x80 raw=0x0
15:57:05.184   PGN 65535  all senders:       152   last SA=0x80
15:57:05.184   PGN 65535  XTE carrier 0x2A:  0   (none decoded)
15:57:05.184              raw SA=0x80 word=0xBFF byte1=0x3 payload 510302FF0B0608FF  (77 ms ago)
15:57:05.184   PGN 60160  XTE Trimble legacy:4   last SA=0xAC
15:57:05.185   PGN 64770  AISO stop:         15   last 22675 ms ago
15:57:05.185   TOTAL:                        630
15:57:05.186 --- Guidance telemetry ---
15:57:05.186   XTE:          0.00 m
15:57:05.186   Speed:        0.00 m/s (0.00 kn)
15:57:05.186   Quality:      0   RTK quality=4  PGN 129029 GNSS position: (none received)
15:57:05.186   PGN 129027 position deltas: 0
15:57:05.189   Guidance machine info (PGN 44032): 153 msgs, last 21 ms ago
15:57:05.189     lockout=YES/READY  steeringReady=n/a  remoteEngage=n/a  curvature=-10.25 1/km
15:57:05.189   IsRtkQuality=N
15:57:05.189   GGA fix age:  78 ms
15:57:05.189   VTG fix age:  77 ms
15:57:05.189   XTE fix age:  22675 ms
15:57:05.189   Lat/Lon/Alt/Course: 53.442078 / 6.755916 / 4.4 m / 306.8 deg
15:57:05.189 --- Virtual Terminal ---
15:57:05.192   Connected:    Y
15:57:05.192   State:        21/22  Connected
15:57:05.192   VT version:  3
15:57:05.192   VT status msgs: 17   last 80 ms ago
15:57:05.194   Partner: addr=0x80 valid=Y  reconnect attempts=0
15:57:05.194 --- Task Controller ---
15:57:05.194   Connected:    Y
15:57:05.194   TC-GEO (with/without pos): Y/N
15:57:05.194   Task active:  Y
15:57:05.196   DRP deviation (DDI 513): 0 mm, last 22675 ms ago
15:57:05.196   GNSS quality (DDI 514):  0, last 22675 ms ago
15:57:05.196   [via stack] Value cmds to handler: 0  last DDI=(none)
15:57:05.196   [via stack] Value req callbacks:  0   (mostly AgIsoStack's own re-polling -- NOT bus traffic)
15:57:05.196   [on bus] Requests for our values: 0
15:57:05.196   [on bus] Set-value commands:      0
15:57:05.196   [on bus] Measurement commands:    0  (none)
15:57:05.196   [on bus] Other, addressed to us:  6
15:57:05.196   Working width (DDI 67): 160 cm, changes 0, reported 0
15:57:05.196   Partner: addr=0xF7 valid=Y  reconnect attempts=0
15:57:05.196   Tramline setpoint (DDI 506): (none yet -- no Tramline Control seen on this terminal)
15:57:05.201   Guidance track (DDI 507-511): (none yet)
15:57:05.201 === ISOBUS DEBUG MENU ===
15:57:05.202 1. Full status dump
15:57:05.202 2. Periodic summary line (OFF - press to toggle)
15:57:05.202 3. Reset message counters
15:57:05.202 4. Dump DDOP as hex (open in AgIsoDDOPGenerator)
15:57:05.202 5. Dump VT object pool as hex
15:57:05.204 q. Exit
15:57:05.204 Exiting.
15:57:05.204 === ISOBUS DEBUG MENU ===
15:57:05.205 1. Full status dump
15:57:05.205 2. Periodic summary line (OFF - press to toggle)
15:57:05.205 3. Reset message counters
15:57:05.205 4. Dump DDOP as hex (open in AgIsoDDOPGenerator)
15:57:05.205 5. Dump VT object pool as hex
15:57:05.205 q. Exit
15:57:05.205 === ISOBUS STATUS ===
15:57:05.205 Address claim: CLAIMED  address=0x81  identity=1324910
15:57:05.205 CAN controller: error-active  TX err 0 (peak 0)  RX err 0 (peak 0)
15:57:05.205   error-passive entries: 0  bus-off entries: 0  longest episode: 0 ms
15:57:05.205 Bus load (ch0): 14.3 %
15:57:05.205 --- Message counters ---
15:57:05.205   PGN 129025 Position NMEA2000: 0
15:57:05.205   PGN 129026 Speed NMEA2000:    0
15:57:05.205   PGN 129283 XTE NMEA2000:      4
15:57:05.205   PGN 65267  Position legacy:   287
15:57:05.205   PGN 65256  Speed legacy:      287   last SA=0x80 raw=0x0
15:57:05.205   PGN 65535  all senders:       287   last SA=0x80
15:57:05.205   PGN 65535  XTE carrier 0x2A:  0   (none decoded)
15:57:05.205              raw SA=0x80 word=0xBFF byte1=0x3 payload 510302FF0B0608FF  (71 ms ago)
15:57:05.205   PGN 60160  XTE Trimble legacy:8   last SA=0xAC
15:57:05.205   PGN 64770  AISO stop:         29   last 36168 ms ago
15:57:05.205   TOTAL:                        1190
15:57:05.205 --- Guidance telemetry ---
15:57:05.205   XTE:          0.00 m
15:57:05.205   Speed:        0.00 m/s (0.00 kn)
15:57:05.205   Quality:      0   RTK quality=4  PGN 129029 GNSS position: (none received)
15:57:05.205   PGN 129027 position deltas: 0
15:57:05.205   Guidance machine info (PGN 44032): 288 msgs, last 13 ms ago
15:57:05.205     lockout=YES/READY  steeringReady=n/a  remoteEngage=n/a  curvature=-10.25 1/km
15:57:05.205   IsRtkQuality=N
15:57:05.205   GGA fix age:  72 ms
15:57:05.216   VTG fix age:  71 ms
15:57:05.216   XTE fix age:  36168 ms
15:57:05.216   Lat/Lon/Alt/Course: 53.442078 / 6.755916 / 4.4 m / 306.8 deg
15:57:05.216 --- Virtual Terminal ---
15:57:05.216   Connected:    Y
15:57:05.216   State:        21/22  Connected
15:57:05.216   VT version:  3
15:57:05.216   VT status msgs: 30   last 569 ms ago
15:57:05.216   Partner: addr=0x80 valid=Y  reconnect attempts=0
15:57:05.216 --- Task Controller ---
15:57:05.216   Connected:    Y
15:57:05.216   TC-GEO (with/without pos): Y/N
15:57:05.216   Task active:  Y
15:57:05.216   DRP deviation (DDI 513): 0 mm, last 36168 ms ago
15:57:05.216   GNSS quality (DDI 514):  0, last 36168 ms ago
15:57:05.221   [via stack] Value cmds to handler: 0  last DDI=(none)
15:57:05.221   [via stack] Value req callbacks:  0   (mostly AgIsoStack's own re-polling -- NOT bus traffic)
15:57:05.221   [on bus] Requests for our values: 0
15:57:05.221   [on bus] Set-value commands:      0
15:57:05.221   [on bus] Measurement commands:    0  (none)
15:57:05.221   [on bus] Other, addressed to us:  6
15:57:05.221   Working width (DDI 67): 160 cm, changes 0, reported 0
15:57:05.221   Partner: addr=0xF7 valid=Y  reconnect attempts=0
15:57:05.221   Tramline setpoint (DDI 506): (none yet -- no Tramline Control seen on this terminal)
15:57:05.221   Guidance track (DDI 507-511): (none yet)
15:57:05.221 === ISOBUS DEBUG MENU ===
15:57:05.221 1. Full status dump
15:57:05.225 2. Periodic summary line (OFF - press to toggle)
15:57:05.225 3. Reset message counters
15:57:05.225 4. Dump DDOP as hex (open in AgIsoDDOPGenerator)
15:57:05.225 5. Dump VT object pool as hex
15:57:05.225 q. Exit
15:57:05.225 Exiting.
15:57:05.225 I] [NM]: Control function with address 172 and NAME 000000000000000lx is now offline on channel 197275905.
15:57:05.227 I] [NM]: Control function with address 205 and NAME 000000000000000lx is now offline on channel 198344577.
15:57:18.539 ### logger started (auto: PJRC 16C0:0483)
15:57:19.107 ### port COM4 open
15:57:21.336 ### sending keys: x1q
15:57:22.506 === ISOBUS DEBUG MENU ===
15:57:22.508 1. Full status dump
15:57:22.508 2. Periodic summary line (OFF - press to toggle)
15:57:22.508 3. Reset message counters
15:57:22.508 4. Dump DDOP as hex (open in AgIsoDDOPGenerator)
15:57:22.508 5. Dump VT object pool as hex
15:57:22.511 q. Exit
15:57:22.511 === ISOBUS STATUS ===
15:57:22.511 Address claim: CLAIMED  address=0x81  identity=1324910
15:57:22.511 CAN controller: error-active  TX err 0 (peak 0)  RX err 0 (peak 0)
15:57:22.513   error-passive entries: 0  bus-off entries: 0  longest episode: 0 ms
15:57:22.513 Bus load (ch0): 13.9 %
15:57:22.513 --- Message counters ---
15:57:22.514   PGN 129025 Position NMEA2000: 0
15:57:22.514   PGN 129026 Speed NMEA2000:    0
15:57:22.514   PGN 129283 XTE NMEA2000:      5
15:57:22.515   PGN 65267  Position legacy:   604
15:57:22.515   PGN 65256  Speed legacy:      604   last SA=0x80 raw=0x0
15:57:22.515   PGN 65535  all senders:       604   last SA=0x80
15:57:22.515   PGN 65535  XTE carrier 0x2A:  0   (none decoded)
15:57:22.515              raw SA=0x80 word=0xBFF byte1=0x3 payload 510302FF0B0609FF  (83 ms ago)
15:57:22.515   PGN 60160  XTE Trimble legacy:10   last SA=0xAC
15:57:22.517   PGN 64770  AISO stop:         61   last 67881 ms ago
15:57:22.517   TOTAL:                        2493
15:57:22.517 --- Guidance telemetry ---
15:57:22.518   XTE:          0.00 m
15:57:22.518   Speed:        0.00 m/s (0.00 kn)
15:57:22.518   Quality:      0   RTK quality=4  PGN 129029 GNSS position: (none received)
15:57:22.518   PGN 129027 position deltas: 0
15:57:22.518   Guidance machine info (PGN 44032): 605 msgs, last 26 ms ago
15:57:22.518     lockout=YES/READY  steeringReady=n/a  remoteEngage=n/a  curvature=-10.25 1/km
15:57:22.520   IsRtkQuality=N
15:57:22.520   GGA fix age:  85 ms
15:57:22.520   VTG fix age:  84 ms
15:57:22.520   XTE fix age:  67881 ms
15:57:22.520   Lat/Lon/Alt/Course: 53.442078 / 6.755916 / 4.4 m / 306.8 deg
15:57:22.523 --- Virtual Terminal ---
15:57:22.523   Connected:    Y
15:57:22.524   State:        21/22  Connected
15:57:22.524   VT version:  3
15:57:22.524   VT status msgs: 62   last 287 ms ago
15:57:22.524   Partner: addr=0x80 valid=Y  reconnect attempts=0
15:57:22.524 --- Task Controller ---
15:57:22.526   Connected:    Y
15:57:22.526   TC-GEO (with/without pos): Y/N
15:57:22.526   Task active:  Y
15:57:22.527   DRP deviation (DDI 513): 0 mm, last 67881 ms ago
15:57:22.527   GNSS quality (DDI 514):  0, last 67881 ms ago
15:57:22.527   [via stack] Value cmds to handler: 0  last DDI=(none)
15:57:22.527   [via stack] Value req callbacks:  0   (mostly AgIsoStack's own re-polling -- NOT bus traffic)
15:57:22.527   [on bus] Requests for our values: 0
15:57:22.527   [on bus] Set-value commands:      0
15:57:22.527   [on bus] Measurement commands:    0  (none)
15:57:22.527   [on bus] Other, addressed to us:  6
15:57:22.527   Working width (DDI 67): 160 cm, changes 0, reported 0
15:57:22.527   Partner: addr=0xF7 valid=Y  reconnect attempts=0
15:57:22.527   Tramline setpoint (DDI 506): (none yet -- no Tramline Control seen on this terminal)
15:57:22.527   Guidance track (DDI 507-511): (none yet)
15:57:22.527 === ISOBUS DEBUG MENU ===
15:57:22.531 1. Full status dump
15:57:22.531 2. Periodic summary line (OFF - press to toggle)
15:57:22.532 3. Reset message counters
15:57:22.532 4. Dump DDOP as hex (open in AgIsoDDOPGenerator)
15:57:22.532 5. Dump VT object pool as hex
15:57:22.532 q. Exit
15:57:22.533 Exiting.
15:57:22.533 I] [NM]: External control function with name 000000000000000lx has claimed address 203452081 on channel 2147516672.
15:57:22.533 I] [NM]: External control function with name 000000000000000lx has claimed address 203452081 on channel 2147516416.
15:57:22.533 I] [NM]: External control function with name 000000000000000lx has claimed address 203452081 on channel 536903720.
15:57:22.533 I] [NM]: External control function with name 000000000000000lx has claimed address 197783967 on channel 2684388864.
15:57:31.687 I] [NM]: External control function with name 000000000000000lx has claimed address 198344577 on channel 2684363008.
15:57:31.687 I] [NM]: External control function with name 000000000000000lx has claimed address 197275905 on channel 536876800.
15:57:34.190 I] [NM]: Control function with address 43 and NAME 000000000000000lx is now offline on channel 203452081.
15:57:34.191 I] [NM]: Control function with address 205 and NAME 000000000000000lx is now offline on channel 198344577.
15:57:34.191 I] [NM]: Control function with address 233 and NAME 000000000000000lx is now offline on channel 203452081.
15:57:34.191 I] [NM]: Control function with address 240 and NAME 000000000000000lx is now offline on channel 197783967.
15:57:34.192 I] [NM]: Control function with address 245 and NAME 000000000000000lx is now offline on channel 203452081.
15:57:34.566 I] [NM]: External control function with name 000000000000000lx has claimed address 203452081 on channel 2147516672.
15:57:34.566 I] [NM]: External control function with name 000000000000000lx has claimed address 203452081 on channel 2147516416.
15:57:34.566 I] [NM]: External control function with name 000000000000000lx has claimed address 203452081 on channel 536903720.
15:57:34.568 I] [NM]: External control function with name 000000000000000lx has claimed address 198344577 on channel 2684363008.
15:57:34.568 I] [NM]: External control function with name 000000000000000lx has claimed address 197783967 on channel 2684388864.
15:57:36.666 W] [TP]: Received a Request to Send (RTS) message with a global destination, ignoring
15:57:37.956 W] [TP]: Received a Request to Send (RTS) message with a global destination, ignoring
15:57:38.183 I] [NM]: Control function with address 38 and NAME 000000000000000lx is now offline on channel 197275905.
15:57:38.185 I] [NM]: Control function with address 43 and NAME 000000000000000lx is now offline on channel 203452081.
15:57:38.185 I] [NM]: Control function with address 205 and NAME 000000000000000lx is now offline on channel 198344577.
15:57:38.186 I] [NM]: Control function with address 233 and NAME 000000000000000lx is now offline on channel 203452081.
15:57:38.186 I] [NM]: Control function with address 240 and NAME 000000000000000lx is now offline on channel 197783967.
15:57:38.186 I] [NM]: Control function with address 245 and NAME 000000000000000lx is now offline on channel 203452081.
15:57:40.430 I] [NM]: External control function with name 000000000000000lx has claimed address 198344577 on channel 2684363008.
15:57:40.469 W] [TP]: Received an Abort message with a global destination, ignoring
15:57:40.470 W] [TP]: Received a Request to Send (RTS) message with a global destination, ignoring
15:57:41.881 W] [TP]: Received a Request to Send (RTS) message with a global destination, ignoring
15:57:43.196 W] [TP]: Received a Request to Send (RTS) message with a global destination, ignoring
15:57:43.197 I] [NM]: Control function with address 205 and NAME 000000000000000lx is now offline on channel 198344577.
15:57:44.434 I] [NM]: External control function with name 000000000000000lx has claimed address 198344577 on channel 2684363008.
15:57:44.464 W] [TP]: Received an Abort message with a global destination, ignoring
15:57:44.465 W] [TP]: Received a Request to Send (RTS) message with a global destination, ignoring
15:57:45.732 W] [TP]: Received a Request to Send (RTS) message with a global destination, ignoring
15:57:47.032 W] [TP]: Received a Request to Send (RTS) message with a global destination, ignoring
15:57:47.196 I] [NM]: Control function with address 205 and NAME 000000000000000lx is now offline on channel 198344577.
15:57:54.432 I] [NM]: External control function with name 000000000000000lx has claimed address 198344577 on channel 2684363008.
15:57:54.696 W] [TP]: Received a Request to Send (RTS) message with a global destination, ignoring
15:57:55.981 W] [TP]: Received an Abort message with a global destination, ignoring
15:57:55.981 W] [TP]: Received a Request to Send (RTS) message with a global destination, ignoring
15:57:57.188 I] [NM]: Control function with address 205 and NAME 000000000000000lx is now offline on channel 198344577.
15:57:58.447 I] [NM]: External control function with name 000000000000000lx has claimed address 198344577 on channel 2684363008.
15:57:58.540 W] [TP]: Received a Request to Send (RTS) message with a global destination, ignoring
15:57:59.814 W] [TP]: Received an Abort message with a global destination, ignoring
15:57:59.814 W] [TP]: Received a Request to Send (RTS) message with a global destination, ignoring
15:58:01.096 W] [TP]: Received a Request to Send (RTS) message with a global destination, ignoring
15:58:01.183 I] [NM]: Control function with address 205 and NAME 000000000000000lx is now offline on channel 198344577.
15:58:03.436 I] [NM]: External control function with name 000000000000000lx has claimed address 198344577 on channel 2684363008.
15:58:03.640 W] [TP]: Received an Abort message with a global destination, ignoring
15:58:03.675 W] [TP]: Received a Request to Send (RTS) message with a global destination, ignoring
15:58:04.196 I] [NM]: Control function with address 172 and NAME 000000000000000lx is now offline on channel 197275905.
15:58:04.438 I] [NM]: External control function with name 000000000000000lx has claimed address 197275905 on channel 536876800.
15:58:04.931 W] [TP]: Received a Request to Send (RTS) message with a global destination, ignoring
15:58:05.193 I] [NM]: Control function with address 205 and NAME 000000000000000lx is now offline on channel 198344577.
15:58:07.447 I] [NM]: External control function with name 000000000000000lx has claimed address 198344577 on channel 2684363008.
15:58:07.490 W] [TP]: Received an Abort message with a global destination, ignoring
15:58:08.195 I] [NM]: Control function with address 172 and NAME 000000000000000lx is now offline on channel 197275905.
15:58:08.449 I] [NM]: External control function with name 000000000000000lx has claimed address 197275905 on channel 536876800.
15:58:09.174 I] [NM]: Control function with address 205 and NAME 000000000000000lx is now offline on channel 198344577.
15:58:10.445 I] [NM]: External control function with name 000000000000000lx has claimed address 198344577 on channel 2684363008.
15:58:31.179 I] [NM]: Control function with address 205 and NAME 000000000000000lx is now offline on channel 198344577.
15:58:32.424 I] [NM]: External control function with name 000000000000000lx has claimed address 198344577 on channel 2684363008.
15:59:37.203 I] [NM]: Control function with address 205 and NAME 000000000000000lx is now offline on channel 198344577.
15:59:38.432 I] [NM]: External control function with name 000000000000000lx has claimed address 198344577 on channel 2684363008.
16:00:31.870 W] [VT]: Server response to a command timed out
16:00:32.233 E] [VT]: Status Timeout
16:00:35.639 E] [TC]: Server Status Message Timeout. The TC may be offline.
16:00:41.152 W] [PR]: NACK-ing PGN request for PGN 60928 because no callback could handle it.
16:00:41.154 W] [PR]: NACK-ing PGN request for PGN 60928 because no callback could handle it.
16:00:41.154 W] [PR]: NACK-ing PGN request for PGN 60928 because no callback could handle it.
16:00:41.156 W] [PR]: NACK-ing PGN request for PGN 60928 because no callback could handle it.
16:00:41.157 W] [PR]: NACK-ing PGN request for PGN 60928 because no callback could handle it.
16:00:41.157 W] [PR]: NACK-ing PGN request for PGN 60928 because no callback could handle it.
16:00:41.183 W] [PR]: NACK-ing PGN request for PGN 60928 because no callback could handle it.
16:00:41.183 W] [PR]: NACK-ing PGN request for PGN 60928 because no callback could handle it.
16:00:41.249 I] [VT]: VT Server has a matching label for MW04   . It will be loaded and upload will be skipped.
16:00:41.323 I] [VT]: Loaded object pool version from VT non-volatile memory with no errors.
16:00:41.323 W] [VT]: Server response to a command timed out
16:00:41.712 I] [TC]: DDOP Activated without error.
16:00:41.920 I] [NM]: Control function with address 172 and NAME 000000000000000lx is now offline on channel 197275905.
16:00:41.920 I] [NM]: Control function with address 205 and NAME 000000000000000lx is now offline on channel 198344577.
16:00:42.118 W] [PR]: NACK-ing PGN request for PGN 65242 because no callback could handle it.
16:00:42.446 I] [NM]: External control function with name 000000000000000lx has claimed address 198344577 on channel 2684363008.
16:00:42.446 I] [NM]: External control function with name 000000000000000lx has claimed address 197275905 on channel 536876800.
16:00:43.087 W] [PR]: NACK-ing PGN request for PGN 65242 because no callback could handle it.
16:00:44.009 W] [PR]: NACK-ing PGN request for PGN 65242 because no callback could handle it.
16:00:44.958 W] [PR]: NACK-ing PGN request for PGN 65242 because no callback could handle it.
16:00:45.923 W] [PR]: NACK-ing PGN request for PGN 65242 because no callback could handle it.
16:00:46.925 W] [PR]: NACK-ing PGN request for PGN 65242 because no callback could handle it.
16:00:47.962 W] [PR]: NACK-ing PGN request for PGN 65242 because no callback could handle it.
16:00:48.920 W] [PR]: NACK-ing PGN request for PGN 65242 because no callback could handle it.
16:00:49.942 W] [PR]: NACK-ing PGN request for PGN 65242 because no callback could handle it.
16:00:50.941 W] [PR]: NACK-ing PGN request for PGN 65242 because no callback could handle it.
16:00:51.949 W] [PR]: NACK-ing PGN request for PGN 65242 because no callback could handle it.
16:00:52.940 W] [PR]: NACK-ing PGN request for PGN 65242 because no callback could handle it.
16:00:53.925 W] [PR]: NACK-ing PGN request for PGN 65242 because no callback could handle it.
16:00:54.926 W] [PR]: NACK-ing PGN request for PGN 65242 because no callback could handle it.
16:00:55.936 W] [PR]: NACK-ing PGN request for PGN 65242 because no callback could handle it.
16:00:56.937 W] [PR]: NACK-ing PGN request for PGN 65242 because no callback could handle it.
16:00:57.934 W] [PR]: NACK-ing PGN request for PGN 65242 because no callback could handle it.
16:00:58.948 W] [PR]: NACK-ing PGN request for PGN 65242 because no callback could handle it.
16:00:59.925 W] [PR]: NACK-ing PGN request for PGN 65242 because no callback could handle it.
16:01:00.920 W] [PR]: NACK-ing PGN request for PGN 65242 because no callback could handle it.
16:01:01.938 W] [PR]: NACK-ing PGN request for PGN 65242 because no callback could handle it.
16:01:02.953 W] [PR]: NACK-ing PGN request for PGN 65242 because no callback could handle it.
16:01:03.954 W] [PR]: NACK-ing PGN request for PGN 65242 because no callback could handle it.
16:01:04.953 W] [PR]: NACK-ing PGN request for PGN 65242 because no callback could handle it.
16:01:05.198 I] [NM]: Control function with address 205 and NAME 000000000000000lx is now offline on channel 198344577.
16:01:05.956 W] [PR]: NACK-ing PGN request for PGN 65242 because no callback could handle it.
16:01:06.442 I] [NM]: External control function with name 000000000000000lx has claimed address 198344577 on channel 2684363008.
16:01:06.942 W] [PR]: NACK-ing PGN request for PGN 64965 because no callback could handle it.
16:01:07.951 W] [PR]: NACK-ing PGN request for PGN 64965 because no callback could handle it.
16:01:08.919 W] [PR]: NACK-ing PGN request for PGN 64965 because no callback could handle it.
16:01:09.953 W] [PR]: NACK-ing PGN request for PGN 64965 because no callback could handle it.
16:01:10.924 W] [PR]: NACK-ing PGN request for PGN 64965 because no callback could handle it.
16:01:11.922 W] [PR]: NACK-ing PGN request for PGN 64653 because no callback could handle it.
16:01:12.936 W] [PR]: NACK-ing PGN request for PGN 64653 because no callback could handle it.
16:01:13.938 W] [PR]: NACK-ing PGN request for PGN 64653 because no callback could handle it.
16:01:14.949 W] [PR]: NACK-ing PGN request for PGN 64653 because no callback could handle it.
16:01:15.927 W] [PR]: NACK-ing PGN request for PGN 64653 because no callback could handle it.
16:02:03.201 I] [NM]: Control function with address 205 and NAME 000000000000000lx is now offline on channel 198344577.
16:02:04.435 I] [NM]: External control function with name 000000000000000lx has claimed address 198344577 on channel 2684363008.
