# 12:12:55.880
=== ISOBUS STATUS ===
Address claim: CLAIMED  address=0x81
Bus load (ch0): 21.2 %
--- Message counters ---
  PGN 129025 Position NMEA2000: 0
  PGN 129026 Speed NMEA2000:    0
  PGN 129283 XTE NMEA2000:      0
  PGN 65267  Position legacy:   5522
  PGN 65256  Speed legacy:      5522   last SA=0x1C raw=0x4
  PGN 65535  XTE JD legacy:     119095   last SA=0xF0 word=0x0 byte1=0x0
             full payload:     0000000000000000  (4 ms ago)
  PGN 60160  XTE Trimble legacy:83   last SA=0x1C
  PGN 64770  AISO stop:         1117   last 1137582 ms ago
  TOTAL:                        131339
--- Guidance telemetry ---
  XTE:          0.86 m
  Speed:        0.01 m/s (0.02 kn)
  Quality:      4   RTK quality=4  IsRtkQuality=Y
  GGA fix age:  154 ms
  VTG fix age:  153 ms
  XTE fix age:  137 ms
  Lat/Lon/Alt/Course: 53.425377 / 6.720284 / 4.2 m / 137.1 deg
--- Virtual Terminal ---
  Connected:    Y
  State:        21/22  Connected
  VT version:  4
  VT status msgs: 1118   last 600 ms ago
  Partner: addr=0x26 valid=Y  reconnect attempts=0
--- Task Controller ---
  Connected:    Y
  TC-GEO (with/without pos): Y/Y
  Task active:  Y
  DRP deviation (DDI 513): 0 mm, last 1137582 ms ago
  GNSS quality (DDI 514):  0, last 1137582 ms ago
  Value commands (any DDI): 7  last DDI=515 (981527 ms ago)
  Value requests (any DDI): 25184374
  Partner: addr=0xF7 valid=Y  reconnect attempts=0
  Tramline setpoint (DDI 506): 1  -> terminal DOES implement Tramline Control (1089533 ms ago)
  Guidance track (DDI 507-511): (none yet)
=== ISOBUS DEBUG MENU ===
1. Full status dump
2. Periodic summary line (OFF - press to toggle)
3. Reset message counters
4. Dump DDOP as hex (open in AgIsoDDOPGenerator)
5. Dump VT object pool as hex
q. Exit

# 12:12:57.077
=== ISOBUS STATUS ===
Address claim: CLAIMED  address=0x81
Bus load (ch0): 21.7 %
--- Message counters ---
  PGN 129025 Position NMEA2000: 0
  PGN 129026 Speed NMEA2000:    0
  PGN 129283 XTE NMEA2000:      0
  PGN 65267  Position legacy:   5529
  PGN 65256  Speed legacy:      5529   last SA=0x1C raw=0x1
  PGN 65535  XTE JD legacy:     119233   last SA=0x1C word=0x0 byte1=0x0
             full payload:     0000000000000000  (0 ms ago)
  PGN 60160  XTE Trimble legacy:83   last SA=0x1C
  PGN 64770  AISO stop:         1118   last 1138834 ms ago
  TOTAL:                        131492
--- Guidance telemetry ---
  XTE:          0.86 m
  Speed:        0.00 m/s (0.00 kn)
  Quality:      4   RTK quality=4  IsRtkQuality=Y
  GGA fix age:  6 ms
  VTG fix age:  5 ms
  XTE fix age:  194 ms
  Lat/Lon/Alt/Course: 53.425377 / 6.720284 / 4.2 m / 137.1 deg
--- Virtual Terminal ---
  Connected:    Y
  State:        21/22  Connected
  VT version:  4
  VT status msgs: 1119   last 852 ms ago
  Partner: addr=0x26 valid=Y  reconnect attempts=0
--- Task Controller ---
  Connected:    Y
  TC-GEO (with/without pos): Y/Y
  Task active:  Y
  DRP deviation (DDI 513): 0 mm, last 1138834 ms ago
  GNSS quality (DDI 514):  0, last 1138834 ms ago
  Value commands (any DDI): 7  last DDI=515 (982779 ms ago)
  Value requests (any DDI): 25213286
  Partner: addr=0xF7 valid=Y  reconnect attempts=0
  Tramline setpoint (DDI 506): 1  -> terminal DOES implement Tramline Control (1090785 ms ago)
  Guidance track (DDI 507-511): (none yet)
=== ISOBUS DEBUG MENU ===
1. Full status dump
2. Periodic summary line (OFF - press to toggle)
3. Reset message counters
4. Dump DDOP as hex (open in AgIsoDDOPGenerator)
5. Dump VT object pool as hex
q. Exit

# 12:12:58.139
=== ISOBUS STATUS ===
Address claim: CLAIMED  address=0x81
Bus load (ch0): 21.3 %
--- Message counters ---
  PGN 129025 Position NMEA2000: 0
  PGN 129026 Speed NMEA2000:    0
  PGN 129283 XTE NMEA2000:      0
  PGN 65267  Position legacy:   5534
  PGN 65256  Speed legacy:      5534   last SA=0x1C raw=0x2
  PGN 65535  XTE JD legacy:     119343   last SA=0xF0 word=0x0 byte1=0x0
             full payload:     0000000000000000  (13 ms ago)
  PGN 60160  XTE Trimble legacy:83   last SA=0x1C
  PGN 64770  AISO stop:         1119   last 1139871 ms ago
  TOTAL:                        131613
--- Guidance telemetry ---
  XTE:          0.86 m
  Speed:        0.00 m/s (0.01 kn)
  Quality:      4   RTK quality=4  IsRtkQuality=Y
  GGA fix age:  43 ms
  VTG fix age:  42 ms
  XTE fix age:  26 ms
  Lat/Lon/Alt/Course: 53.425377 / 6.720284 / 4.2 m / 137.1 deg
--- Virtual Terminal ---
  Connected:    Y
  State:        21/22  Connected
  VT version:  4
  VT status msgs: 1120   last 889 ms ago
  Partner: addr=0x26 valid=Y  reconnect attempts=0
--- Task Controller ---
  Connected:    Y
  TC-GEO (with/without pos): Y/Y
  Task active:  Y
  DRP deviation (DDI 513): 0 mm, last 1139871 ms ago
  GNSS quality (DDI 514):  0, last 1139871 ms ago
  Value commands (any DDI): 7  last DDI=515 (983816 ms ago)
  Value requests (any DDI): 25237226
  Partner: addr=0xF7 valid=Y  reconnect attempts=0
  Tramline setpoint (DDI 506): 1  -> terminal DOES implement Tramline Control (1091822 ms ago)
  Guidance track (DDI 507-511): (none yet)
=== ISOBUS DEBUG MENU ===
1. Full status dump
2. Periodic summary line (OFF - press to toggle)
3. Reset message counters
4. Dump DDOP as hex (open in AgIsoDDOPGenerator)
5. Dump VT object pool as hex
q. Exit

# 12:12:59.176
=== ISOBUS STATUS ===
Address claim: CLAIMED  address=0x81
Bus load (ch0): 21.3 %
--- Message counters ---
  PGN 129025 Position NMEA2000: 0
  PGN 129026 Speed NMEA2000:    0
  PGN 129283 XTE NMEA2000:      0
  PGN 65267  Position legacy:   5539
  PGN 65256  Speed legacy:      5539   last SA=0x1C raw=0x4
  PGN 65535  XTE JD legacy:     119454   last SA=0xF0 word=0x0 byte1=0x0
             full payload:     0000000000000000  (16 ms ago)
  PGN 60160  XTE Trimble legacy:83   last SA=0x1C
  PGN 64770  AISO stop:         1120   last 1140954 ms ago
  TOTAL:                        131735
--- Guidance telemetry ---
  XTE:          0.86 m
  Speed:        0.01 m/s (0.02 kn)
  Quality:      4   RTK quality=4  IsRtkQuality=Y
  GGA fix age:  126 ms
  VTG fix age:  123 ms
  XTE fix age:  109 ms
  Lat/Lon/Alt/Course: 53.425377 / 6.720284 / 4.2 m / 137.1 deg
--- Virtual Terminal ---
  Connected:    Y
  State:        21/22  Connected
  VT version:  4
  VT status msgs: 1121   last 972 ms ago
  Partner: addr=0x26 valid=Y  reconnect attempts=0
--- Task Controller ---
  Connected:    Y
  TC-GEO (with/without pos): Y/Y
  Task active:  Y
  DRP deviation (DDI 513): 0 mm, last 1140954 ms ago
  GNSS quality (DDI 514):  0, last 1140954 ms ago
  Value commands (any DDI): 7  last DDI=515 (984899 ms ago)
  Value requests (any DDI): 25262218
  Partner: addr=0xF7 valid=Y  reconnect attempts=0
  Tramline setpoint (DDI 506): 1  -> terminal DOES implement Tramline Control (1092905 ms ago)
  Guidance track (DDI 507-511): (none yet)
=== ISOBUS DEBUG MENU ===
1. Full status dump
2. Periodic summary line (OFF - press to toggle)
3. Reset message counters
4. Dump DDOP as hex (open in AgIsoDDOPGenerator)
5. Dump VT object pool as hex
q. Exit

# 12:13:00.195
=== ISOBUS STATUS ===
Address claim: CLAIMED  address=0x81
Bus load (ch0): 21.1 %
--- Message counters ---
  PGN 129025 Position NMEA2000: 0
  PGN 129026 Speed NMEA2000:    0
  PGN 129283 XTE NMEA2000:      0
  PGN 65267  Position legacy:   5544
  PGN 65256  Speed legacy:      5544   last SA=0x1C raw=0x1
  PGN 65535  XTE JD legacy:     119562   last SA=0xF0 word=0x0 byte1=0x0
             full payload:     0000000000000000  (9 ms ago)
  PGN 60160  XTE Trimble legacy:83   last SA=0x1C
  PGN 64770  AISO stop:         1121   last 1141967 ms ago
  TOTAL:                        131854
--- Guidance telemetry ---
  XTE:          0.86 m
  Speed:        0.00 m/s (0.00 kn)
  Quality:      4   RTK quality=4  IsRtkQuality=Y
  GGA fix age:  139 ms
  VTG fix age:  137 ms
  XTE fix age:  127 ms
  Lat/Lon/Alt/Course: 53.425377 / 6.720284 / 4.2 m / 137.1 deg
--- Virtual Terminal ---
  Connected:    Y
  State:        21/22  Connected
  VT version:  4
  VT status msgs: 1122   last 985 ms ago
  Partner: addr=0x26 valid=Y  reconnect attempts=0
--- Task Controller ---
  Connected:    Y
  TC-GEO (with/without pos): Y/Y
  Task active:  Y
  DRP deviation (DDI 513): 0 mm, last 1141967 ms ago
  GNSS quality (DDI 514):  0, last 1141967 ms ago
  Value commands (any DDI): 7  last DDI=515 (985912 ms ago)
  Value requests (any DDI): 25285597
  Partner: addr=0xF7 valid=Y  reconnect attempts=0
  Tramline setpoint (DDI 506): 1  -> terminal DOES implement Tramline Control (1093918 ms ago)
  Guidance track (DDI 507-511): (none yet)
=== ISOBUS DEBUG MENU ===
1. Full status dump
2. Periodic summary line (OFF - press to toggle)
3. Reset message counters
4. Dump DDOP as hex (open in AgIsoDDOPGenerator)
5. Dump VT object pool as hex
q. Exit

# 12:13:01.251
=== ISOBUS STATUS ===
Address claim: CLAIMED  address=0x81
Bus load (ch0): 21.3 %
--- Message counters ---
  PGN 129025 Position NMEA2000: 0
  PGN 129026 Speed NMEA2000:    0
  PGN 129283 XTE NMEA2000:      0
  PGN 65267  Position legacy:   5549
  PGN 65256  Speed legacy:      5549   last SA=0x1C raw=0x1
  PGN 65535  XTE JD legacy:     119672   last SA=0xF0 word=0x0 byte1=0x0
             full payload:     0000000000000000  (6 ms ago)
  PGN 60160  XTE Trimble legacy:83   last SA=0x1C
  PGN 64770  AISO stop:         1122   last 1142984 ms ago
  TOTAL:                        131975
--- Guidance telemetry ---
  XTE:          0.86 m
  Speed:        0.00 m/s (0.00 kn)
  Quality:      4   RTK quality=4  IsRtkQuality=Y
  GGA fix age:  156 ms
  VTG fix age:  154 ms
  XTE fix age:  139 ms
  Lat/Lon/Alt/Course: 53.425377 / 6.720284 / 4.2 m / 137.1 deg
--- Virtual Terminal ---
  Connected:    Y
  State:        21/22  Connected
  VT version:  4
  VT status msgs: 1124   last 2 ms ago
  Partner: addr=0x26 valid=Y  reconnect attempts=0
--- Task Controller ---
  Connected:    Y
  TC-GEO (with/without pos): Y/Y
  Task active:  Y
  DRP deviation (DDI 513): 0 mm, last 1142984 ms ago
  GNSS quality (DDI 514):  0, last 1142984 ms ago
  Value commands (any DDI): 7  last DDI=515 (986929 ms ago)
  Value requests (any DDI): 25309087
  Partner: addr=0xF7 valid=Y  reconnect attempts=0
  Tramline setpoint (DDI 506): 1  -> terminal DOES implement Tramline Control (1094935 ms ago)
  Guidance track (DDI 507-511): (none yet)
=== ISOBUS DEBUG MENU ===
1. Full status dump
2. Periodic summary line (OFF - press to toggle)
3. Reset message counters
4. Dump DDOP as hex (open in AgIsoDDOPGenerator)
5. Dump VT object pool as hex
q. Exit

# 12:13:02.262
=== ISOBUS STATUS ===
Address claim: CLAIMED  address=0x81
Bus load (ch0): 21.5 %
--- Message counters ---
  PGN 129025 Position NMEA2000: 0
  PGN 129026 Speed NMEA2000:    0
  PGN 129283 XTE NMEA2000:      0
  PGN 65267  Position legacy:   5555
  PGN 65256  Speed legacy:      5555   last SA=0x1C raw=0x1
  PGN 65535  XTE JD legacy:     119789   last SA=0xF0 word=0x0 byte1=0x0
             full payload:     0000000000000000  (0 ms ago)
  PGN 60160  XTE Trimble legacy:83   last SA=0x1C
  PGN 64770  AISO stop:         1123   last 1144039 ms ago
  TOTAL:                        132105
--- Guidance telemetry ---
  XTE:          0.86 m
  Speed:        0.00 m/s (0.00 kn)
  Quality:      4   RTK quality=4  IsRtkQuality=Y
  GGA fix age:  11 ms
  VTG fix age:  10 ms
  XTE fix age:  194 ms
  Lat/Lon/Alt/Course: 53.425377 / 6.720284 / 4.2 m / 137.1 deg
--- Virtual Terminal ---
  Connected:    Y
  State:        21/22  Connected
  VT version:  4
  VT status msgs: 1125   last 56 ms ago
  Partner: addr=0x26 valid=Y  reconnect attempts=0
--- Task Controller ---
  Connected:    Y
  TC-GEO (with/without pos): Y/Y
  Task active:  Y
  DRP deviation (DDI 513): 0 mm, last 1144039 ms ago
  GNSS quality (DDI 514):  0, last 1144039 ms ago
  Value commands (any DDI): 7  last DDI=515 (987984 ms ago)
  Value requests (any DDI): 25333450
  Partner: addr=0xF7 valid=Y  reconnect attempts=0
  Tramline setpoint (DDI 506): 1  -> terminal DOES implement Tramline Control (1095990 ms ago)
  Guidance track (DDI 507-511): (none yet)
=== ISOBUS DEBUG MENU ===
1. Full status dump
2. Periodic summary line (OFF - press to toggle)
3. Reset message counters
4. Dump DDOP as hex (open in AgIsoDDOPGenerator)
5. Dump VT object pool as hex
q. Exit

# 12:13:03.269
=== ISOBUS STATUS ===
Address claim: CLAIMED  address=0x81
Bus load (ch0): 21.2 %
--- Message counters ---
  PGN 129025 Position NMEA2000: 0
  PGN 129026 Speed NMEA2000:    0
  PGN 129283 XTE NMEA2000:      0
  PGN 65267  Position legacy:   5560
  PGN 65256  Speed legacy:      5560   last SA=0x1C raw=0x1
  PGN 65535  XTE JD legacy:     119898   last SA=0x2A word=0xFC3E byte1=0xFF
             full payload:     92FF803EFCFFFFFF  (10 ms ago)
  PGN 60160  XTE Trimble legacy:83   last SA=0x1C
  PGN 64770  AISO stop:         1124   last 1145051 ms ago
  TOTAL:                        132225
--- Guidance telemetry ---
  XTE:          0.86 m
  Speed:        0.00 m/s (0.00 kn)
  Quality:      4   RTK quality=4  IsRtkQuality=Y
  GGA fix age:  23 ms
  VTG fix age:  22 ms
  XTE fix age:  10 ms
  Lat/Lon/Alt/Course: 53.425377 / 6.720284 / 4.2 m / 137.1 deg
--- Virtual Terminal ---
  Connected:    Y
  State:        21/22  Connected
  VT version:  4
  VT status msgs: 1126   last 69 ms ago
  Partner: addr=0x26 valid=Y  reconnect attempts=0
--- Task Controller ---
  Connected:    Y
  TC-GEO (with/without pos): Y/Y
  Task active:  Y
  DRP deviation (DDI 513): 0 mm, last 1145051 ms ago
  GNSS quality (DDI 514):  0, last 1145051 ms ago
  Value commands (any DDI): 7  last DDI=515 (988996 ms ago)
  Value requests (any DDI): 25356796
  Partner: addr=0xF7 valid=Y  reconnect attempts=0
  Tramline setpoint (DDI 506): 1  -> terminal DOES implement Tramline Control (1097002 ms ago)
  Guidance track (DDI 507-511): (none yet)
=== ISOBUS DEBUG MENU ===
1. Full status dump
2. Periodic summary line (OFF - press to toggle)
3. Reset message counters
4. Dump DDOP as hex (open in AgIsoDDOPGenerator)
5. Dump VT object pool as hex
q. Exit

# 12:13:04.269
=== ISOBUS STATUS ===
Address claim: CLAIMED  address=0x81
Bus load (ch0): 21.2 %
--- Message counters ---
  PGN 129025 Position NMEA2000: 0
  PGN 129026 Speed NMEA2000:    0
  PGN 129283 XTE NMEA2000:      0
  PGN 65267  Position legacy:   5565
  PGN 65256  Speed legacy:      5565   last SA=0x1C raw=0x4
  PGN 65535  XTE JD legacy:     120006   last SA=0xF0 word=0x0 byte1=0x0
             full payload:     0000000000000000  (2 ms ago)
  PGN 60160  XTE Trimble legacy:83   last SA=0x1C
  PGN 64770  AISO stop:         1125   last 1146060 ms ago
  TOTAL:                        132344
--- Guidance telemetry ---
  XTE:          0.86 m
  Speed:        0.01 m/s (0.02 kn)
  Quality:      4   RTK quality=4  IsRtkQuality=Y
  GGA fix age:  33 ms
  VTG fix age:  32 ms
  XTE fix age:  21 ms
  Lat/Lon/Alt/Course: 53.425377 / 6.720284 / 4.2 m / 137.1 deg
--- Virtual Terminal ---
  Connected:    Y
  State:        21/22  Connected
  VT version:  4
  VT status msgs: 1127   last 78 ms ago
  Partner: addr=0x26 valid=Y  reconnect attempts=0
--- Task Controller ---
  Connected:    Y
  TC-GEO (with/without pos): Y/Y
  Task active:  Y
  DRP deviation (DDI 513): 0 mm, last 1146061 ms ago
  GNSS quality (DDI 514):  0, last 1146061 ms ago
  Value commands (any DDI): 7  last DDI=515 (990006 ms ago)
  Value requests (any DDI): 25380096
  Partner: addr=0xF7 valid=Y  reconnect attempts=0
  Tramline setpoint (DDI 506): 1  -> terminal DOES implement Tramline Control (1098012 ms ago)
  Guidance track (DDI 507-511): (none yet)
=== ISOBUS DEBUG MENU ===
1. Full status dump
2. Periodic summary line (OFF - press to toggle)
3. Reset message counters
4. Dump DDOP as hex (open in AgIsoDDOPGenerator)
5. Dump VT object pool as hex
q. Exit

# 12:13:05.285
=== ISOBUS STATUS ===
Address claim: CLAIMED  address=0x81
Bus load (ch0): 21.0 %
--- Message counters ---
  PGN 129025 Position NMEA2000: 0
  PGN 129026 Speed NMEA2000:    0
  PGN 129283 XTE NMEA2000:      0
  PGN 65267  Position legacy:   5570
  PGN 65256  Speed legacy:      5570   last SA=0x1C raw=0x1
  PGN 65535  XTE JD legacy:     120112   last SA=0x2A word=0xFC3E byte1=0xFF
             full payload:     92FF803EFCFFFFFF  (17 ms ago)
  PGN 60160  XTE Trimble legacy:83   last SA=0x1C
  PGN 64770  AISO stop:         1126   last 1147058 ms ago
  TOTAL:                        132461
--- Guidance telemetry ---
  XTE:          0.86 m
  Speed:        0.00 m/s (0.00 kn)
  Quality:      4   RTK quality=4  IsRtkQuality=Y
  GGA fix age:  30 ms
  VTG fix age:  28 ms
  XTE fix age:  18 ms
  Lat/Lon/Alt/Course: 53.425377 / 6.720284 / 4.2 m / 137.1 deg
--- Virtual Terminal ---
  Connected:    Y
  State:        21/22  Connected
  VT version:  4
  VT status msgs: 1128   last 76 ms ago
  Partner: addr=0x26 valid=Y  reconnect attempts=0
--- Task Controller ---
  Connected:    Y
  TC-GEO (with/without pos): Y/Y
  Task active:  Y
  DRP deviation (DDI 513): 0 mm, last 1147058 ms ago
  GNSS quality (DDI 514):  0, last 1147058 ms ago
  Value commands (any DDI): 7  last DDI=515 (991003 ms ago)
  Value requests (any DDI): 25403124
  Partner: addr=0xF7 valid=Y  reconnect attempts=0
  Tramline setpoint (DDI 506): 1  -> terminal DOES implement Tramline Control (1099009 ms ago)
  Guidance track (DDI 507-511): (none yet)
=== ISOBUS DEBUG MENU ===
1. Full status dump
2. Periodic summary line (OFF - press to toggle)
3. Reset message counters
4. Dump DDOP as hex (open in AgIsoDDOPGenerator)
5. Dump VT object pool as hex
q. Exit

# 12:13:06.353
=== ISOBUS STATUS ===
Address claim: CLAIMED  address=0x81
Bus load (ch0): 22.1 %
--- Message counters ---
  PGN 129025 Position NMEA2000: 0
  PGN 129026 Speed NMEA2000:    0
  PGN 129283 XTE NMEA2000:      0
  PGN 65267  Position legacy:   5575
  PGN 65256  Speed legacy:      5575   last SA=0x1C raw=0x4
  PGN 65535  XTE JD legacy:     120221   last SA=0xF0 word=0x0 byte1=0x0
             full payload:     0000000000000000  (15 ms ago)
  PGN 60160  XTE Trimble legacy:83   last SA=0x1C
  PGN 64770  AISO stop:         1127   last 1148073 ms ago
  TOTAL:                        132581
--- Guidance telemetry ---
  XTE:          0.86 m
  Speed:        0.01 m/s (0.02 kn)
  Quality:      4   RTK quality=4  IsRtkQuality=Y
  GGA fix age:  45 ms
  VTG fix age:  44 ms
  XTE fix age:  33 ms
  Lat/Lon/Alt/Course: 53.425377 / 6.720284 / 4.4 m / 137.1 deg
--- Virtual Terminal ---
  Connected:    Y
  State:        21/22  Connected
  VT version:  4
  VT status msgs: 1129   last 91 ms ago
  Partner: addr=0x26 valid=Y  reconnect attempts=0
--- Task Controller ---
  Connected:    Y
  TC-GEO (with/without pos): Y/Y
  Task active:  Y
  DRP deviation (DDI 513): 0 mm, last 1148073 ms ago
  GNSS quality (DDI 514):  0, last 1148073 ms ago
  Value commands (any DDI): 7  last DDI=515 (992018 ms ago)
  Value requests (any DDI): 25426557
  Partner: addr=0xF7 valid=Y  reconnect attempts=0
  Tramline setpoint (DDI 506): 1  -> terminal DOES implement Tramline Control (1100024 ms ago)
  Guidance track (DDI 507-511): (none yet)
=== ISOBUS DEBUG MENU ===
1. Full status dump
2. Periodic summary line (OFF - press to toggle)
3. Reset message counters
4. Dump DDOP as hex (open in AgIsoDDOPGenerator)
5. Dump VT object pool as hex
q. Exit

# 12:13:07.396
=== ISOBUS STATUS ===
Address claim: CLAIMED  address=0x81
Bus load (ch0): 21.3 %
--- Message counters ---
  PGN 129025 Position NMEA2000: 0
  PGN 129026 Speed NMEA2000:    0
  PGN 129283 XTE NMEA2000:      0
  PGN 65267  Position legacy:   5580
  PGN 65256  Speed legacy:      5580   last SA=0x1C raw=0x1
  PGN 65535  XTE JD legacy:     120333   last SA=0xF0 word=0x0 byte1=0x0
             full payload:     0000000000000000  (5 ms ago)
  PGN 60160  XTE Trimble legacy:83   last SA=0x1C
  PGN 64770  AISO stop:         1128   last 1149143 ms ago
  TOTAL:                        132704
--- Guidance telemetry ---
  XTE:          0.86 m
  Speed:        0.00 m/s (0.00 kn)
  Quality:      4   RTK quality=4  IsRtkQuality=Y
  GGA fix age:  115 ms
  VTG fix age:  114 ms
  XTE fix age:  103 ms
  Lat/Lon/Alt/Course: 53.425377 / 6.720284 / 4.2 m / 137.1 deg
--- Virtual Terminal ---
  Connected:    Y
  State:        21/22  Connected
  VT version:  4
  VT status msgs: 1130   last 161 ms ago
  Partner: addr=0x26 valid=Y  reconnect attempts=0
--- Task Controller ---
  Connected:    Y
  TC-GEO (with/without pos): Y/Y
  Task active:  Y
  DRP deviation (DDI 513): 0 mm, last 1149143 ms ago
  GNSS quality (DDI 514):  0, last 1149143 ms ago
  Value commands (any DDI): 7  last DDI=515 (993088 ms ago)
  Value requests (any DDI): 25451269
  Partner: addr=0xF7 valid=Y  reconnect attempts=0
  Tramline setpoint (DDI 506): 1  -> terminal DOES implement Tramline Control (1101094 ms ago)
  Guidance track (DDI 507-511): (none yet)
=== ISOBUS DEBUG MENU ===
1. Full status dump
2. Periodic summary line (OFF - press to toggle)
3. Reset message counters
4. Dump DDOP as hex (open in AgIsoDDOPGenerator)
5. Dump VT object pool as hex
q. Exit

# 12:13:08.411
=== ISOBUS STATUS ===
Address claim: CLAIMED  address=0x81
Bus load (ch0): 21.3 %
--- Message counters ---
  PGN 129025 Position NMEA2000: 0
  PGN 129026 Speed NMEA2000:    0
  PGN 129283 XTE NMEA2000:      0
  PGN 65267  Position legacy:   5585
  PGN 65256  Speed legacy:      5585   last SA=0x1C raw=0x1
  PGN 65535  XTE JD legacy:     120442   last SA=0xF0 word=0x0 byte1=0x0
             full payload:     0000000000000000  (6 ms ago)
  PGN 60160  XTE Trimble legacy:83   last SA=0x1C
  PGN 64770  AISO stop:         1129   last 1150184 ms ago
  TOTAL:                        132824
--- Guidance telemetry ---
  XTE:          0.86 m
  Speed:        0.00 m/s (0.00 kn)
  Quality:      4   RTK quality=4  IsRtkQuality=Y
  GGA fix age:  156 ms
  VTG fix age:  155 ms
  XTE fix age:  144 ms
  Lat/Lon/Alt/Course: 53.425377 / 6.720284 / 4.2 m / 137.1 deg
--- Virtual Terminal ---
  Connected:    Y
  State:        21/22  Connected
  VT version:  4
  VT status msgs: 1131   last 201 ms ago
  Partner: addr=0x26 valid=Y  reconnect attempts=0
--- Task Controller ---
  Connected:    Y
  TC-GEO (with/without pos): Y/Y
  Task active:  Y
  DRP deviation (DDI 513): 0 mm, last 1150184 ms ago
  GNSS quality (DDI 514):  0, last 1150184 ms ago
  Value commands (any DDI): 7  last DDI=515 (994129 ms ago)
  Value requests (any DDI): 25475295
  Partner: addr=0xF7 valid=Y  reconnect attempts=0
  Tramline setpoint (DDI 506): 1  -> terminal DOES implement Tramline Control (1102135 ms ago)
  Guidance track (DDI 507-511): (none yet)
=== ISOBUS DEBUG MENU ===
1. Full status dump
2. Periodic summary line (OFF - press to toggle)
3. Reset message counters
4. Dump DDOP as hex (open in AgIsoDDOPGenerator)
5. Dump VT object pool as hex
q. Exit

# 12:13:09.418
=== ISOBUS STATUS ===
Address claim: CLAIMED  address=0x81
Bus load (ch0): 21.2 %
--- Message counters ---
  PGN 129025 Position NMEA2000: 0
  PGN 129026 Speed NMEA2000:    0
  PGN 129283 XTE NMEA2000:      0
  PGN 65267  Position legacy:   5590
  PGN 65256  Speed legacy:      5590   last SA=0x1C raw=0x3
  PGN 65535  XTE JD legacy:     120550   last SA=0xF0 word=0x0 byte1=0x0
             full payload:     0000000000000000  (0 ms ago)
  PGN 60160  XTE Trimble legacy:83   last SA=0x1C
  PGN 64770  AISO stop:         1130   last 1151199 ms ago
  TOTAL:                        132943
--- Guidance telemetry ---
  XTE:          0.86 m
  Speed:        0.01 m/s (0.01 kn)
  Quality:      4   RTK quality=4  IsRtkQuality=Y
  GGA fix age:  171 ms
  VTG fix age:  170 ms
  XTE fix age:  159 ms
  Lat/Lon/Alt/Course: 53.425377 / 6.720284 / 4.2 m / 137.1 deg
--- Virtual Terminal ---
  Connected:    Y
  State:        21/22  Connected
  VT version:  4
  VT status msgs: 1132   last 217 ms ago
  Partner: addr=0x26 valid=Y  reconnect attempts=0
--- Task Controller ---
  Connected:    Y
  TC-GEO (with/without pos): Y/Y
  Task active:  Y
  DRP deviation (DDI 513): 0 mm, last 1151199 ms ago
  GNSS quality (DDI 514):  0, last 1151199 ms ago
  Value commands (any DDI): 7  last DDI=515 (995144 ms ago)
  Value requests (any DDI): 25498736
  Partner: addr=0xF7 valid=Y  reconnect attempts=0
  Tramline setpoint (DDI 506): 1  -> terminal DOES implement Tramline Control (1103150 ms ago)
  Guidance track (DDI 507-511): (none yet)
=== ISOBUS DEBUG MENU ===
1. Full status dump
2. Periodic summary line (OFF - press to toggle)
3. Reset message counters
4. Dump DDOP as hex (open in AgIsoDDOPGenerator)
5. Dump VT object pool as hex
q. Exit

# 12:13:10.425
=== ISOBUS STATUS ===
Address claim: CLAIMED  address=0x81
Bus load (ch0): 21.3 %
--- Message counters ---
  PGN 129025 Position NMEA2000: 0
  PGN 129026 Speed NMEA2000:    0
  PGN 129283 XTE NMEA2000:      0
  PGN 65267  Position legacy:   5595
  PGN 65256  Speed legacy:      5595   last SA=0x1C raw=0x2
  PGN 65535  XTE JD legacy:     120657   last SA=0xF0 word=0x0 byte1=0x0
             full payload:     0000000000000000  (6 ms ago)
  PGN 60160  XTE Trimble legacy:83   last SA=0x1C
  PGN 64770  AISO stop:         1131   last 1152206 ms ago
  TOTAL:                        133061
--- Guidance telemetry ---
  XTE:          0.86 m
  Speed:        0.00 m/s (0.01 kn)
  Quality:      4   RTK quality=4  IsRtkQuality=Y
  GGA fix age:  178 ms
  VTG fix age:  177 ms
  XTE fix age:  166 ms
  Lat/Lon/Alt/Course: 53.425377 / 6.720284 / 4.2 m / 137.1 deg
--- Virtual Terminal ---
  Connected:    Y
  State:        21/22  Connected
  VT version:  4
  VT status msgs: 1133   last 223 ms ago
  Partner: addr=0x26 valid=Y  reconnect attempts=0
--- Task Controller ---
  Connected:    Y
  TC-GEO (with/without pos): Y/Y
  Task active:  Y
  DRP deviation (DDI 513): 0 mm, last 1152206 ms ago
  GNSS quality (DDI 514):  0, last 1152206 ms ago
  Value commands (any DDI): 7  last DDI=515 (996151 ms ago)
  Value requests (any DDI): 25521975
  Partner: addr=0xF7 valid=Y  reconnect attempts=0
  Tramline setpoint (DDI 506): 1  -> terminal DOES implement Tramline Control (1104157 ms ago)
  Guidance track (DDI 507-511): (none yet)
=== ISOBUS DEBUG MENU ===
1. Full status dump
2. Periodic summary line (OFF - press to toggle)
3. Reset message counters
4. Dump DDOP as hex (open in AgIsoDDOPGenerator)
5. Dump VT object pool as hex
q. Exit

# 12:13:11.430
=== ISOBUS STATUS ===
Address claim: CLAIMED  address=0x81
Bus load (ch0): 21.4 %
--- Message counters ---
  PGN 129025 Position NMEA2000: 0
  PGN 129026 Speed NMEA2000:    0
  PGN 129283 XTE NMEA2000:      0
  PGN 65267  Position legacy:   5600
  PGN 65256  Speed legacy:      5600   last SA=0x1C raw=0x1
  PGN 65535  XTE JD legacy:     120765   last SA=0xF0 word=0x0 byte1=0x0
             full payload:     0000000000000000  (14 ms ago)
  PGN 60160  XTE Trimble legacy:83   last SA=0x1C
  PGN 64770  AISO stop:         1132   last 1153213 ms ago
  TOTAL:                        133180
--- Guidance telemetry ---
  XTE:          0.86 m
  Speed:        0.00 m/s (0.00 kn)
  Quality:      4   RTK quality=4  IsRtkQuality=Y
  GGA fix age:  185 ms
  VTG fix age:  184 ms
  XTE fix age:  173 ms
  Lat/Lon/Alt/Course: 53.425377 / 6.720284 / 4.2 m / 137.1 deg
--- Virtual Terminal ---
  Connected:    Y
  State:        21/22  Connected
  VT version:  4
  VT status msgs: 1134   last 231 ms ago
  Partner: addr=0x26 valid=Y  reconnect attempts=0
--- Task Controller ---
  Connected:    Y
  TC-GEO (with/without pos): Y/Y
  Task active:  Y
  DRP deviation (DDI 513): 0 mm, last 1153213 ms ago
  GNSS quality (DDI 514):  0, last 1153213 ms ago
  Value commands (any DDI): 7  last DDI=515 (997159 ms ago)
  Value requests (any DDI): 25545226
  Partner: addr=0xF7 valid=Y  reconnect attempts=0
  Tramline setpoint (DDI 506): 1  -> terminal DOES implement Tramline Control (1105165 ms ago)
  Guidance track (DDI 507-511): (none yet)
=== ISOBUS DEBUG MENU ===
1. Full status dump
2. Periodic summary line (OFF - press to toggle)
3. Reset message counters
4. Dump DDOP as hex (open in AgIsoDDOPGenerator)
5. Dump VT object pool as hex
q. Exit

# 12:13:12.483
=== ISOBUS STATUS ===
Address claim: CLAIMED  address=0x81
Bus load (ch0): 21.3 %
--- Message counters ---
  PGN 129025 Position NMEA2000: 0
  PGN 129026 Speed NMEA2000:    0
  PGN 129283 XTE NMEA2000:      0
  PGN 65267  Position legacy:   5605
  PGN 65256  Speed legacy:      5605   last SA=0x1C raw=0x1
  PGN 65535  XTE JD legacy:     120872   last SA=0xF0 word=0x0 byte1=0x0
             full payload:     0000000000000000  (18 ms ago)
  PGN 60160  XTE Trimble legacy:83   last SA=0x1C
  PGN 64770  AISO stop:         1133   last 1154217 ms ago
  TOTAL:                        133298
--- Guidance telemetry ---
  XTE:          0.86 m
  Speed:        0.00 m/s (0.00 kn)
  Quality:      4   RTK quality=4  IsRtkQuality=Y
  GGA fix age:  189 ms
  VTG fix age:  188 ms
  XTE fix age:  177 ms
  Lat/Lon/Alt/Course: 53.425377 / 6.720284 / 4.2 m / 137.1 deg
--- Virtual Terminal ---
  Connected:    Y
  State:        21/22  Connected
  VT version:  4
  VT status msgs: 1135   last 234 ms ago
  Partner: addr=0x26 valid=Y  reconnect attempts=0
--- Task Controller ---
  Connected:    Y
  TC-GEO (with/without pos): Y/Y
  Task active:  Y
  DRP deviation (DDI 513): 0 mm, last 1154217 ms ago
  GNSS quality (DDI 514):  0, last 1154217 ms ago
  Value commands (any DDI): 7  last DDI=515 (998162 ms ago)
  Value requests (any DDI): 25568389
  Partner: addr=0xF7 valid=Y  reconnect attempts=0
  Tramline setpoint (DDI 506): 1  -> terminal DOES implement Tramline Control (1106168 ms ago)
  Guidance track (DDI 507-511): (none yet)
=== ISOBUS DEBUG MENU ===
1. Full status dump
2. Periodic summary line (OFF - press to toggle)
3. Reset message counters
4. Dump DDOP as hex (open in AgIsoDDOPGenerator)
5. Dump VT object pool as hex
q. Exit

# 12:13:13.545
=== ISOBUS STATUS ===
Address claim: CLAIMED  address=0x81
Bus load (ch0): 21.3 %
--- Message counters ---
  PGN 129025 Position NMEA2000: 0
  PGN 129026 Speed NMEA2000:    0
  PGN 129283 XTE NMEA2000:      0
  PGN 65267  Position legacy:   5611
  PGN 65256  Speed legacy:      5611   last SA=0x1C raw=0x2
  PGN 65535  XTE JD legacy:     120990   last SA=0xF0 word=0x0 byte1=0x0
             full payload:     0000000000000000  (11 ms ago)
  PGN 60160  XTE Trimble legacy:83   last SA=0x1C
  PGN 64770  AISO stop:         1134   last 1155270 ms ago
  TOTAL:                        133429
--- Guidance telemetry ---
  XTE:          0.86 m
  Speed:        0.00 m/s (0.01 kn)
  Quality:      4   RTK quality=4  IsRtkQuality=Y
  GGA fix age:  42 ms
  VTG fix age:  41 ms
  XTE fix age:  30 ms
  Lat/Lon/Alt/Course: 53.425377 / 6.720284 / 4.2 m / 137.1 deg
--- Virtual Terminal ---
  Connected:    Y
  State:        21/22  Connected
  VT version:  4
  VT status msgs: 1136   last 288 ms ago
  Partner: addr=0x26 valid=Y  reconnect attempts=0
--- Task Controller ---
  Connected:    Y
  TC-GEO (with/without pos): Y/Y
  Task active:  Y
  DRP deviation (DDI 513): 0 mm, last 1155270 ms ago
  GNSS quality (DDI 514):  0, last 1155270 ms ago
  Value commands (any DDI): 7  last DDI=515 (999215 ms ago)
  Value requests (any DDI): 25592709
  Partner: addr=0xF7 valid=Y  reconnect attempts=0
  Tramline setpoint (DDI 506): 1  -> terminal DOES implement Tramline Control (1107222 ms ago)
  Guidance track (DDI 507-511): (none yet)
=== ISOBUS DEBUG MENU ===
1. Full status dump
2. Periodic summary line (OFF - press to toggle)
3. Reset message counters
4. Dump DDOP as hex (open in AgIsoDDOPGenerator)
5. Dump VT object pool as hex
q. Exit

# 12:13:14.588
=== ISOBUS STATUS ===
Address claim: CLAIMED  address=0x81
Bus load (ch0): 21.3 %
--- Message counters ---
  PGN 129025 Position NMEA2000: 0
  PGN 129026 Speed NMEA2000:    0
  PGN 129283 XTE NMEA2000:      0
  PGN 65267  Position legacy:   5616
  PGN 65256  Speed legacy:      5616   last SA=0x1C raw=0x1
  PGN 65535  XTE JD legacy:     121103   last SA=0xF0 word=0x0 byte1=0x0
             full payload:     0000000000000000  (7 ms ago)
  PGN 60160  XTE Trimble legacy:83   last SA=0x1C
  PGN 64770  AISO stop:         1135   last 1156335 ms ago
  TOTAL:                        133553
--- Guidance telemetry ---
  XTE:          0.86 m
  Speed:        0.00 m/s (0.00 kn)
  Quality:      4   RTK quality=4  IsRtkQuality=Y
  GGA fix age:  107 ms
  VTG fix age:  106 ms
  XTE fix age:  90 ms
  Lat/Lon/Alt/Course: 53.425377 / 6.720284 / 4.2 m / 137.1 deg
--- Virtual Terminal ---
  Connected:    Y
  State:        21/22  Connected
  VT version:  4
  VT status msgs: 1137   last 352 ms ago
  Partner: addr=0x26 valid=Y  reconnect attempts=0
--- Task Controller ---
  Connected:    Y
  TC-GEO (with/without pos): Y/Y
  Task active:  Y
  DRP deviation (DDI 513): 0 mm, last 1156335 ms ago
  GNSS quality (DDI 514):  0, last 1156335 ms ago
  Value commands (any DDI): 7  last DDI=515 (1000280 ms ago)
  Value requests (any DDI): 25617278
  Partner: addr=0xF7 valid=Y  reconnect attempts=0
  Tramline setpoint (DDI 506): 1  -> terminal DOES implement Tramline Control (1108286 ms ago)
  Guidance track (DDI 507-511): (none yet)
=== ISOBUS DEBUG MENU ===
1. Full status dump
2. Periodic summary line (OFF - press to toggle)
3. Reset message counters
4. Dump DDOP as hex (open in AgIsoDDOPGenerator)
5. Dump VT object pool as hex
q. Exit

# 12:13:15.607
=== ISOBUS STATUS ===
Address claim: CLAIMED  address=0x81
Bus load (ch0): 21.2 %
--- Message counters ---
  PGN 129025 Position NMEA2000: 0
  PGN 129026 Speed NMEA2000:    0
  PGN 129283 XTE NMEA2000:      0
  PGN 65267  Position legacy:   5621
  PGN 65256  Speed legacy:      5621   last SA=0x1C raw=0x2
  PGN 65535  XTE JD legacy:     121212   last SA=0xF0 word=0x0 byte1=0x0
             full payload:     0000000000000000  (17 ms ago)
  PGN 60160  XTE Trimble legacy:83   last SA=0x1C
  PGN 64770  AISO stop:         1136   last 1157376 ms ago
  TOTAL:                        133673
--- Guidance telemetry ---
  XTE:          0.86 m
  Speed:        0.00 m/s (0.01 kn)
  Quality:      4   RTK quality=4  IsRtkQuality=Y
  GGA fix age:  148 ms
  VTG fix age:  147 ms
  XTE fix age:  136 ms
  Lat/Lon/Alt/Course: 53.425377 / 6.720284 / 4.2 m / 137.1 deg
--- Virtual Terminal ---
  Connected:    Y
  State:        21/22  Connected
  VT version:  4
  VT status msgs: 1138   last 394 ms ago
  Partner: addr=0x26 valid=Y  reconnect attempts=0
--- Task Controller ---
  Connected:    Y
  TC-GEO (with/without pos): Y/Y
  Task active:  Y
  DRP deviation (DDI 513): 0 mm, last 1157376 ms ago
  GNSS quality (DDI 514):  0, last 1157376 ms ago
  Value commands (any DDI): 7  last DDI=515 (1001321 ms ago)
  Value requests (any DDI): 25641319
  Partner: addr=0xF7 valid=Y  reconnect attempts=0
  Tramline setpoint (DDI 506): 1  -> terminal DOES implement Tramline Control (1109327 ms ago)
  Guidance track (DDI 507-511): (none yet)
=== ISOBUS DEBUG MENU ===
1. Full status dump
2. Periodic summary line (OFF - press to toggle)
3. Reset message counters
4. Dump DDOP as hex (open in AgIsoDDOPGenerator)
5. Dump VT object pool as hex
q. Exit

# 12:13:16.625
=== ISOBUS STATUS ===
Address claim: CLAIMED  address=0x81
Bus load (ch0): 21.7 %
--- Message counters ---
  PGN 129025 Position NMEA2000: 0
  PGN 129026 Speed NMEA2000:    0
  PGN 129283 XTE NMEA2000:      0
  PGN 65267  Position legacy:   5626
  PGN 65256  Speed legacy:      5626   last SA=0x1C raw=0x1
  PGN 65535  XTE JD legacy:     121321   last SA=0xF0 word=0x0 byte1=0x0
             full payload:     0000000000000000  (19 ms ago)
  PGN 60160  XTE Trimble legacy:83   last SA=0x1C
  PGN 64770  AISO stop:         1137   last 1158398 ms ago
  TOTAL:                        133793
--- Guidance telemetry ---
  XTE:          0.86 m
  Speed:        0.00 m/s (0.00 kn)
  Quality:      4   RTK quality=4  IsRtkQuality=Y
  GGA fix age:  170 ms
  VTG fix age:  169 ms
  XTE fix age:  153 ms
  Lat/Lon/Alt/Course: 53.425377 / 6.720284 / 4.2 m / 137.1 deg
--- Virtual Terminal ---
  Connected:    Y
  State:        21/22  Connected
  VT version:  4
  VT status msgs: 1139   last 416 ms ago
  Partner: addr=0x26 valid=Y  reconnect attempts=0
--- Task Controller ---
  Connected:    Y
  TC-GEO (with/without pos): Y/Y
  Task active:  Y
  DRP deviation (DDI 513): 0 mm, last 1158398 ms ago
  GNSS quality (DDI 514):  0, last 1158398 ms ago
  Value commands (any DDI): 7  last DDI=515 (1002343 ms ago)
  Value requests (any DDI): 25664916
  Partner: addr=0xF7 valid=Y  reconnect attempts=0
  Tramline setpoint (DDI 506): 1  -> terminal DOES implement Tramline Control (1110349 ms ago)
  Guidance track (DDI 507-511): (none yet)
=== ISOBUS DEBUG MENU ===
1. Full status dump
2. Periodic summary line (OFF - press to toggle)
3. Reset message counters
4. Dump DDOP as hex (open in AgIsoDDOPGenerator)
5. Dump VT object pool as hex
q. Exit

# 12:13:17.656
=== ISOBUS STATUS ===
Address claim: CLAIMED  address=0x81
Bus load (ch0): 21.4 %
--- Message counters ---
  PGN 129025 Position NMEA2000: 0
  PGN 129026 Speed NMEA2000:    0
  PGN 129283 XTE NMEA2000:      0
  PGN 65267  Position legacy:   5631
  PGN 65256  Speed legacy:      5631   last SA=0x1C raw=0x1
  PGN 65535  XTE JD legacy:     121429   last SA=0xF0 word=0x0 byte1=0x0
             full payload:     0000000000000000  (13 ms ago)
  PGN 60160  XTE Trimble legacy:83   last SA=0x1C
  PGN 64770  AISO stop:         1139   last 1159413 ms ago
  TOTAL:                        133913
--- Guidance telemetry ---
  XTE:          0.86 m
  Speed:        0.00 m/s (0.00 kn)
  Quality:      4   RTK quality=4  IsRtkQuality=Y
  GGA fix age:  185 ms
  VTG fix age:  184 ms
  XTE fix age:  168 ms
  Lat/Lon/Alt/Course: 53.425377 / 6.720284 / 4.2 m / 137.1 deg
--- Virtual Terminal ---
  Connected:    Y
  State:        21/22  Connected
  VT version:  4
  VT status msgs: 1140   last 431 ms ago
  Partner: addr=0x26 valid=Y  reconnect attempts=0
--- Task Controller ---
  Connected:    Y
  TC-GEO (with/without pos): Y/Y
  Task active:  Y
  DRP deviation (DDI 513): 0 mm, last 1159413 ms ago
  GNSS quality (DDI 514):  0, last 1159413 ms ago
  Value commands (any DDI): 7  last DDI=515 (1003358 ms ago)
  Value requests (any DDI): 25688338
  Partner: addr=0xF7 valid=Y  reconnect attempts=0
  Tramline setpoint (DDI 506): 1  -> terminal DOES implement Tramline Control (1111364 ms ago)
  Guidance track (DDI 507-511): (none yet)
=== ISOBUS DEBUG MENU ===
1. Full status dump
2. Periodic summary line (OFF - press to toggle)
3. Reset message counters
4. Dump DDOP as hex (open in AgIsoDDOPGenerator)
5. Dump VT object pool as hex
q. Exit

# 12:13:18.676
=== ISOBUS STATUS ===
Address claim: CLAIMED  address=0x81
Bus load (ch0): 21.4 %
--- Message counters ---
  PGN 129025 Position NMEA2000: 0
  PGN 129026 Speed NMEA2000:    0
  PGN 129283 XTE NMEA2000:      0
  PGN 65267  Position legacy:   5637
  PGN 65256  Speed legacy:      5637   last SA=0x1C raw=0x2
  PGN 65535  XTE JD legacy:     121545   last SA=0xF0 word=0x0 byte1=0x0
             full payload:     0000000000000000  (4 ms ago)
  PGN 60160  XTE Trimble legacy:83   last SA=0x1C
  PGN 64770  AISO stop:         1140   last 1160443 ms ago
  TOTAL:                        134042
--- Guidance telemetry ---
  XTE:          0.86 m
  Speed:        0.00 m/s (0.01 kn)
  Quality:      4   RTK quality=4  IsRtkQuality=Y
  GGA fix age:  15 ms
  VTG fix age:  14 ms
  XTE fix age:  203 ms
  Lat/Lon/Alt/Course: 53.425377 / 6.720284 / 4.2 m / 137.1 deg
--- Virtual Terminal ---
  Connected:    Y
  State:        21/22  Connected
  VT version:  4
  VT status msgs: 1141   last 461 ms ago
  Partner: addr=0x26 valid=Y  reconnect attempts=0
--- Task Controller ---
  Connected:    Y
  TC-GEO (with/without pos): Y/Y
  Task active:  Y
  DRP deviation (DDI 513): 0 mm, last 1160443 ms ago
  GNSS quality (DDI 514):  0, last 1160443 ms ago
  Value commands (any DDI): 7  last DDI=515 (1004388 ms ago)
  Value requests (any DDI): 25712125
  Partner: addr=0xF7 valid=Y  reconnect attempts=0
  Tramline setpoint (DDI 506): 1  -> terminal DOES implement Tramline Control (1112394 ms ago)
  Guidance track (DDI 507-511): (none yet)
=== ISOBUS DEBUG MENU ===
1. Full status dump
2. Periodic summary line (OFF - press to toggle)
3. Reset message counters
4. Dump DDOP as hex (open in AgIsoDDOPGenerator)
5. Dump VT object pool as hex
q. Exit

# 12:13:19.685
=== ISOBUS STATUS ===
Address claim: CLAIMED  address=0x81
Bus load (ch0): 21.8 %
--- Message counters ---
  PGN 129025 Position NMEA2000: 0
  PGN 129026 Speed NMEA2000:    0
  PGN 129283 XTE NMEA2000:      0
  PGN 65267  Position legacy:   5642
  PGN 65256  Speed legacy:      5642   last SA=0x1C raw=0x2
  PGN 65535  XTE JD legacy:     121654   last SA=0xF0 word=0x0 byte1=0x0
             full payload:     0000000000000000  (6 ms ago)
  PGN 60160  XTE Trimble legacy:86   last SA=0x1C
  PGN 64770  AISO stop:         1141   last 1161465 ms ago
  TOTAL:                        134165
--- Guidance telemetry ---
  XTE:          0.86 m
  Speed:        0.00 m/s (0.01 kn)
  Quality:      4   RTK quality=4  IsRtkQuality=Y
  GGA fix age:  37 ms
  VTG fix age:  36 ms
  XTE fix age:  25 ms
  Lat/Lon/Alt/Course: 53.425377 / 6.720284 / 4.2 m / 137.1 deg
--- Virtual Terminal ---
  Connected:    Y
  State:        21/22  Connected
  VT version:  4
  VT status msgs: 1142   last 483 ms ago
  Partner: addr=0x26 valid=Y  reconnect attempts=0
--- Task Controller ---
  Connected:    Y
  TC-GEO (with/without pos): Y/Y
  Task active:  Y
  DRP deviation (DDI 513): 0 mm, last 1161465 ms ago
  GNSS quality (DDI 514):  0, last 1161465 ms ago
  Value commands (any DDI): 7  last DDI=515 (1005410 ms ago)
  Value requests (any DDI): 25735621
  Partner: addr=0xF7 valid=Y  reconnect attempts=0
  Tramline setpoint (DDI 506): 1  -> terminal DOES implement Tramline Control (1113416 ms ago)
  Guidance track (DDI 507-511): (none yet)
=== ISOBUS DEBUG MENU ===
1. Full status dump
2. Periodic summary line (OFF - press to toggle)
3. Reset message counters
4. Dump DDOP as hex (open in AgIsoDDOPGenerator)
5. Dump VT object pool as hex
q. Exit

# 12:13:20.741
=== ISOBUS STATUS ===
Address claim: CLAIMED  address=0x81
Bus load (ch0): 21.2 %
--- Message counters ---
  PGN 129025 Position NMEA2000: 0
  PGN 129026 Speed NMEA2000:    0
  PGN 129283 XTE NMEA2000:      0
  PGN 65267  Position legacy:   5647
  PGN 65256  Speed legacy:      5647   last SA=0x1C raw=0x4
  PGN 65535  XTE JD legacy:     121761   last SA=0xF0 word=0x0 byte1=0x0
             full payload:     0000000000000000  (13 ms ago)
  PGN 60160  XTE Trimble legacy:86   last SA=0x1C
  PGN 64770  AISO stop:         1142   last 1162473 ms ago
  TOTAL:                        134283
--- Guidance telemetry ---
  XTE:          0.86 m
  Speed:        0.01 m/s (0.02 kn)
  Quality:      4   RTK quality=4  IsRtkQuality=Y
  GGA fix age:  45 ms
  VTG fix age:  44 ms
  XTE fix age:  33 ms
  Lat/Lon/Alt/Course: 53.425377 / 6.720284 / 4.2 m / 137.1 deg
--- Virtual Terminal ---
  Connected:    Y
  State:        21/22  Connected
  VT version:  4
  VT status msgs: 1143   last 491 ms ago
  Partner: addr=0x26 valid=Y  reconnect attempts=0
--- Task Controller ---
  Connected:    Y
  TC-GEO (with/without pos): Y/Y
  Task active:  Y
  DRP deviation (DDI 513): 0 mm, last 1162473 ms ago
  GNSS quality (DDI 514):  0, last 1162473 ms ago
  Value commands (any DDI): 7  last DDI=515 (1006418 ms ago)
  Value requests (any DDI): 25758876
  Partner: addr=0xF7 valid=Y  reconnect attempts=0
  Tramline setpoint (DDI 506): 1  -> terminal DOES implement Tramline Control (1114424 ms ago)
  Guidance track (DDI 507-511): (none yet)
=== ISOBUS DEBUG MENU ===
1. Full status dump
2. Periodic summary line (OFF - press to toggle)
3. Reset message counters
4. Dump DDOP as hex (open in AgIsoDDOPGenerator)
5. Dump VT object pool as hex
q. Exit

# 12:13:21.759
=== ISOBUS STATUS ===
Address claim: CLAIMED  address=0x81
Bus load (ch0): 21.9 %
--- Message counters ---
  PGN 129025 Position NMEA2000: 0
  PGN 129026 Speed NMEA2000:    0
  PGN 129283 XTE NMEA2000:      0
  PGN 65267  Position legacy:   5652
  PGN 65256  Speed legacy:      5652   last SA=0x1C raw=0x1
  PGN 65535  XTE JD legacy:     121872   last SA=0xF0 word=0x0 byte1=0x0
             full payload:     0000000000000000  (16 ms ago)
  PGN 60160  XTE Trimble legacy:86   last SA=0x1C
  PGN 64770  AISO stop:         1143   last 1163536 ms ago
  TOTAL:                        134405
--- Guidance telemetry ---
  XTE:          0.86 m
  Speed:        0.00 m/s (0.00 kn)
  Quality:      4   RTK quality=4  IsRtkQuality=Y
  GGA fix age:  108 ms
  VTG fix age:  107 ms
  XTE fix age:  96 ms
  Lat/Lon/Alt/Course: 53.425377 / 6.720284 / 4.2 m / 137.1 deg
--- Virtual Terminal ---
  Connected:    Y
  State:        21/22  Connected
  VT version:  4
  VT status msgs: 1144   last 554 ms ago
  Partner: addr=0x26 valid=Y  reconnect attempts=0
--- Task Controller ---
  Connected:    Y
  TC-GEO (with/without pos): Y/Y
  Task active:  Y
  DRP deviation (DDI 513): 0 mm, last 1163536 ms ago
  GNSS quality (DDI 514):  0, last 1163536 ms ago
  Value commands (any DDI): 7  last DDI=515 (1007481 ms ago)
  Value requests (any DDI): 25783422
  Partner: addr=0xF7 valid=Y  reconnect attempts=0
  Tramline setpoint (DDI 506): 1  -> terminal DOES implement Tramline Control (1115487 ms ago)
  Guidance track (DDI 507-511): (none yet)
=== ISOBUS DEBUG MENU ===
1. Full status dump
2. Periodic summary line (OFF - press to toggle)
3. Reset message counters
4. Dump DDOP as hex (open in AgIsoDDOPGenerator)
5. Dump VT object pool as hex
q. Exit

# 12:13:22.792
=== ISOBUS STATUS ===
Address claim: CLAIMED  address=0x81
Bus load (ch0): 21.5 %
--- Message counters ---
  PGN 129025 Position NMEA2000: 0
  PGN 129026 Speed NMEA2000:    0
  PGN 129283 XTE NMEA2000:      0
  PGN 65267  Position legacy:   5657
  PGN 65256  Speed legacy:      5657   last SA=0x1C raw=0x2
  PGN 65535  XTE JD legacy:     121980   last SA=0xF0 word=0x0 byte1=0x0
             full payload:     0000000000000000  (9 ms ago)
  PGN 60160  XTE Trimble legacy:86   last SA=0x1C
  PGN 64770  AISO stop:         1144   last 1164548 ms ago
  TOTAL:                        134524
--- Guidance telemetry ---
  XTE:          0.86 m
  Speed:        0.00 m/s (0.01 kn)
  Quality:      4   RTK quality=4  IsRtkQuality=Y
  GGA fix age:  120 ms
  VTG fix age:  119 ms
  XTE fix age:  108 ms
  Lat/Lon/Alt/Course: 53.425377 / 6.720284 / 4.2 m / 137.1 deg
--- Virtual Terminal ---
  Connected:    Y
  State:        21/22  Connected
  VT version:  4
  VT status msgs: 1145   last 565 ms ago
  Partner: addr=0x26 valid=Y  reconnect attempts=0
--- Task Controller ---
  Connected:    Y
  TC-GEO (with/without pos): Y/Y
  Task active:  Y
  DRP deviation (DDI 513): 0 mm, last 1164548 ms ago
  GNSS quality (DDI 514):  0, last 1164548 ms ago
  Value commands (any DDI): 7  last DDI=515 (1008493 ms ago)
  Value requests (any DDI): 25806785
  Partner: addr=0xF7 valid=Y  reconnect attempts=0
  Tramline setpoint (DDI 506): 1  -> terminal DOES implement Tramline Control (1116499 ms ago)
  Guidance track (DDI 507-511): (none yet)
=== ISOBUS DEBUG MENU ===
1. Full status dump
2. Periodic summary line (OFF - press to toggle)
3. Reset message counters
4. Dump DDOP as hex (open in AgIsoDDOPGenerator)
5. Dump VT object pool as hex
q. Exit

# 12:13:23.848
=== ISOBUS STATUS ===
Address claim: CLAIMED  address=0x81
Bus load (ch0): 21.0 %
--- Message counters ---
  PGN 129025 Position NMEA2000: 0
  PGN 129026 Speed NMEA2000:    0
  PGN 129283 XTE NMEA2000:      0
  PGN 65267  Position legacy:   5662
  PGN 65256  Speed legacy:      5662   last SA=0x1C raw=0x2
  PGN 65535  XTE JD legacy:     122089   last SA=0xF0 word=0x0 byte1=0x0
             full payload:     0000000000000000  (1 ms ago)
  PGN 60160  XTE Trimble legacy:86   last SA=0x1C
  PGN 64770  AISO stop:         1145   last 1165580 ms ago
  TOTAL:                        134644
--- Guidance telemetry ---
  XTE:          0.86 m
  Speed:        0.00 m/s (0.01 kn)
  Quality:      4   RTK quality=4  IsRtkQuality=Y
  GGA fix age:  152 ms
  VTG fix age:  151 ms
  XTE fix age:  140 ms
  Lat/Lon/Alt/Course: 53.425377 / 6.720284 / 4.2 m / 137.1 deg
--- Virtual Terminal ---
  Connected:    Y
  State:        21/22  Connected
  VT version:  4
  VT status msgs: 1146   last 598 ms ago
  Partner: addr=0x26 valid=Y  reconnect attempts=0
--- Task Controller ---
  Connected:    Y
  TC-GEO (with/without pos): Y/Y
  Task active:  Y
  DRP deviation (DDI 513): 0 mm, last 1165580 ms ago
  GNSS quality (DDI 514):  0, last 1165580 ms ago
  Value commands (any DDI): 7  last DDI=515 (1009525 ms ago)
  Value requests (any DDI): 25830627
  Partner: addr=0xF7 valid=Y  reconnect attempts=0
  Tramline setpoint (DDI 506): 1  -> terminal DOES implement Tramline Control (1117531 ms ago)
  Guidance track (DDI 507-511): (none yet)
=== ISOBUS DEBUG MENU ===
1. Full status dump
2. Periodic summary line (OFF - press to toggle)
3. Reset message counters
4. Dump DDOP as hex (open in AgIsoDDOPGenerator)
5. Dump VT object pool as hex
q. Exit

# 12:13:24.871
=== ISOBUS STATUS ===
Address claim: CLAIMED  address=0x81
Bus load (ch0): 21.3 %
--- Message counters ---
  PGN 129025 Position NMEA2000: 0
  PGN 129026 Speed NMEA2000:    0
  PGN 129283 XTE NMEA2000:      0
  PGN 65267  Position legacy:   5668
  PGN 65256  Speed legacy:      5668   last SA=0x1C raw=0x3
  PGN 65535  XTE JD legacy:     122205   last SA=0x1C word=0x0 byte1=0x0
             full payload:     0000000000000000  (3 ms ago)
  PGN 60160  XTE Trimble legacy:86   last SA=0x1C
  PGN 64770  AISO stop:         1146   last 1166637 ms ago
  TOTAL:                        134773
--- Guidance telemetry ---
  XTE:          0.86 m
  Speed:        0.01 m/s (0.01 kn)
  Quality:      4   RTK quality=4  IsRtkQuality=Y
  GGA fix age:  9 ms
  VTG fix age:  8 ms
  XTE fix age:  197 ms
  Lat/Lon/Alt/Course: 53.425377 / 6.720284 / 4.2 m / 137.1 deg
--- Virtual Terminal ---
  Connected:    Y
  State:        21/22  Connected
  VT version:  4
  VT status msgs: 1147   last 654 ms ago
  Partner: addr=0x26 valid=Y  reconnect attempts=0
--- Task Controller ---
  Connected:    Y
  TC-GEO (with/without pos): Y/Y
  Task active:  Y
  DRP deviation (DDI 513): 0 mm, last 1166637 ms ago
  GNSS quality (DDI 514):  0, last 1166637 ms ago
  Value commands (any DDI): 7  last DDI=515 (1010582 ms ago)
  Value requests (any DDI): 25855011
  Partner: addr=0xF7 valid=Y  reconnect attempts=0
  Tramline setpoint (DDI 506): 1  -> terminal DOES implement Tramline Control (1118588 ms ago)
  Guidance track (DDI 507-511): (none yet)
=== ISOBUS DEBUG MENU ===
1. Full status dump
2. Periodic summary line (OFF - press to toggle)
3. Reset message counters
4. Dump DDOP as hex (open in AgIsoDDOPGenerator)
5. Dump VT object pool as hex
q. Exit

# 12:13:25.895
=== ISOBUS STATUS ===
Address claim: CLAIMED  address=0x81
Bus load (ch0): 21.3 %
--- Message counters ---
  PGN 129025 Position NMEA2000: 0
  PGN 129026 Speed NMEA2000:    0
  PGN 129283 XTE NMEA2000:      0
  PGN 65267  Position legacy:   5673
  PGN 65256  Speed legacy:      5673   last SA=0x1C raw=0x2
  PGN 65535  XTE JD legacy:     122315   last SA=0x2A word=0x7DAD byte1=0x15
             full payload:     771510AD7D1486FF  (18 ms ago)
  PGN 60160  XTE Trimble legacy:86   last SA=0x1C
  PGN 64770  AISO stop:         1147   last 1167658 ms ago
  TOTAL:                        134894
--- Guidance telemetry ---
  XTE:          0.86 m
  Speed:        0.00 m/s (0.01 kn)
  Quality:      4   RTK quality=4  IsRtkQuality=Y
  GGA fix age:  30 ms
  VTG fix age:  29 ms
  XTE fix age:  18 ms
  Lat/Lon/Alt/Course: 53.425377 / 6.720284 / 4.2 m / 137.1 deg
--- Virtual Terminal ---
  Connected:    Y
  State:        21/22  Connected
  VT version:  4
  VT status msgs: 1148   last 676 ms ago
  Partner: addr=0x26 valid=Y  reconnect attempts=0
--- Task Controller ---
  Connected:    Y
  TC-GEO (with/without pos): Y/Y
  Task active:  Y
  DRP deviation (DDI 513): 0 mm, last 1167658 ms ago
  GNSS quality (DDI 514):  0, last 1167658 ms ago
  Value commands (any DDI): 7  last DDI=515 (1011603 ms ago)
  Value requests (any DDI): 25878567
  Partner: addr=0xF7 valid=Y  reconnect attempts=0
  Tramline setpoint (DDI 506): 1  -> terminal DOES implement Tramline Control (1119609 ms ago)
  Guidance track (DDI 507-511): (none yet)
=== ISOBUS DEBUG MENU ===
1. Full status dump
2. Periodic summary line (OFF - press to toggle)
3. Reset message counters
4. Dump DDOP as hex (open in AgIsoDDOPGenerator)
5. Dump VT object pool as hex
q. Exit

# 12:13:26.930
=== ISOBUS STATUS ===
Address claim: CLAIMED  address=0x81
Bus load (ch0): 22.8 %
--- Message counters ---
  PGN 129025 Position NMEA2000: 0
  PGN 129026 Speed NMEA2000:    0
  PGN 129283 XTE NMEA2000:      0
  PGN 65267  Position legacy:   5678
  PGN 65256  Speed legacy:      5678   last SA=0x1C raw=0x1
  PGN 65535  XTE JD legacy:     122426   last SA=0xF0 word=0x0 byte1=0x0
             full payload:     0000000000000000  (9 ms ago)
  PGN 60160  XTE Trimble legacy:86   last SA=0x1C
  PGN 64770  AISO stop:         1148   last 1168717 ms ago
  TOTAL:                        135016
--- Guidance telemetry ---
  XTE:          0.86 m
  Speed:        0.00 m/s (0.00 kn)
  Quality:      4   RTK quality=4  IsRtkQuality=Y
  GGA fix age:  89 ms
  VTG fix age:  88 ms
  XTE fix age:  72 ms
  Lat/Lon/Alt/Course: 53.425377 / 6.720284 / 4.2 m / 137.1 deg
--- Virtual Terminal ---
  Connected:    Y
  State:        21/22  Connected
  VT version:  4
  VT status msgs: 1149   last 735 ms ago
  Partner: addr=0x26 valid=Y  reconnect attempts=0
--- Task Controller ---
  Connected:    Y
  TC-GEO (with/without pos): Y/Y
  Task active:  Y
  DRP deviation (DDI 513): 0 mm, last 1168717 ms ago
  GNSS quality (DDI 514):  0, last 1168717 ms ago
  Value commands (any DDI): 7  last DDI=515 (1012662 ms ago)
  Value requests (any DDI): 25902996
  Partner: addr=0xF7 valid=Y  reconnect attempts=0
  Tramline setpoint (DDI 506): 1  -> terminal DOES implement Tramline Control (1120668 ms ago)
  Guidance track (DDI 507-511): (none yet)
=== ISOBUS DEBUG MENU ===
1. Full status dump
2. Periodic summary line (OFF - press to toggle)
3. Reset message counters
4. Dump DDOP as hex (open in AgIsoDDOPGenerator)
5. Dump VT object pool as hex
q. Exit

# 12:13:27.976
=== ISOBUS STATUS ===
Address claim: CLAIMED  address=0x81
Bus load (ch0): 22.5 %
--- Message counters ---
  PGN 129025 Position NMEA2000: 0
  PGN 129026 Speed NMEA2000:    0
  PGN 129283 XTE NMEA2000:      0
  PGN 65267  Position legacy:   5683
  PGN 65256  Speed legacy:      5683   last SA=0x1C raw=0x5
  PGN 65535  XTE JD legacy:     122533   last SA=0xF0 word=0x0 byte1=0x0
             full payload:     0000000000000000  (7 ms ago)
  PGN 60160  XTE Trimble legacy:86   last SA=0x1C
  PGN 64770  AISO stop:         1149   last 1169717 ms ago
  TOTAL:                        135134
--- Guidance telemetry ---
  XTE:          0.86 m
  Speed:        0.01 m/s (0.02 kn)
  Quality:      4   RTK quality=4  IsRtkQuality=Y
  GGA fix age:  89 ms
  VTG fix age:  88 ms
  XTE fix age:  76 ms
  Lat/Lon/Alt/Course: 53.425377 / 6.720284 / 4.2 m / 137.1 deg
--- Virtual Terminal ---
  Connected:    Y
  State:        21/22  Connected
  VT version:  4
  VT status msgs: 1150   last 734 ms ago
  Partner: addr=0x26 valid=Y  reconnect attempts=0
--- Task Controller ---
  Connected:    Y
  TC-GEO (with/without pos): Y/Y
  Task active:  Y
  DRP deviation (DDI 513): 0 mm, last 1169717 ms ago
  GNSS quality (DDI 514):  0, last 1169717 ms ago
  Value commands (any DDI): 7  last DDI=515 (1013662 ms ago)
  Value requests (any DDI): 25926073
  Partner: addr=0xF7 valid=Y  reconnect attempts=0
  Tramline setpoint (DDI 506): 1  -> terminal DOES implement Tramline Control (1121668 ms ago)
  Guidance track (DDI 507-511): (none yet)
=== ISOBUS DEBUG MENU ===
1. Full status dump
2. Periodic summary line (OFF - press to toggle)
3. Reset message counters
4. Dump DDOP as hex (open in AgIsoDDOPGenerator)
5. Dump VT object pool as hex
q. Exit

# 12:13:29.044
=== ISOBUS STATUS ===
Address claim: CLAIMED  address=0x81
Bus load (ch0): 22.9 %
--- Message counters ---
  PGN 129025 Position NMEA2000: 0
  PGN 129026 Speed NMEA2000:    0
  PGN 129283 XTE NMEA2000:      0
  PGN 65267  Position legacy:   5688
  PGN 65256  Speed legacy:      5688   last SA=0x1C raw=0x3
  PGN 65535  XTE JD legacy:     122647   last SA=0xF0 word=0x0 byte1=0x0
             full payload:     0000000000000000  (2 ms ago)
  PGN 60160  XTE Trimble legacy:86   last SA=0x1C
  PGN 64770  AISO stop:         1150   last 1170795 ms ago
  TOTAL:                        135259
--- Guidance telemetry ---
  XTE:          0.86 m
  Speed:        0.01 m/s (0.01 kn)
  Quality:      4   RTK quality=4  IsRtkQuality=Y
  GGA fix age:  167 ms
  VTG fix age:  166 ms
  XTE fix age:  150 ms
  Lat/Lon/Alt/Course: 53.425377 / 6.720284 / 4.2 m / 137.1 deg
--- Virtual Terminal ---
  Connected:    Y
  State:        21/22  Connected
  VT version:  4
  VT status msgs: 1151   last 813 ms ago
  Partner: addr=0x26 valid=Y  reconnect attempts=0
--- Task Controller ---
  Connected:    Y
  TC-GEO (with/without pos): Y/Y
  Task active:  Y
  DRP deviation (DDI 513): 0 mm, last 1170795 ms ago
  GNSS quality (DDI 514):  0, last 1170795 ms ago
  Value commands (any DDI): 7  last DDI=515 (1014740 ms ago)
  Value requests (any DDI): 25950950
  Partner: addr=0xF7 valid=Y  reconnect attempts=0
  Tramline setpoint (DDI 506): 1  -> terminal DOES implement Tramline Control (1122746 ms ago)
  Guidance track (DDI 507-511): (none yet)
=== ISOBUS DEBUG MENU ===
1. Full status dump
2. Periodic summary line (OFF - press to toggle)
3. Reset message counters
4. Dump DDOP as hex (open in AgIsoDDOPGenerator)
5. Dump VT object pool as hex
q. Exit

# 12:13:30.066
=== ISOBUS STATUS ===
Address claim: CLAIMED  address=0x81
Bus load (ch0): 23.6 %
--- Message counters ---
  PGN 129025 Position NMEA2000: 0
  PGN 129026 Speed NMEA2000:    0
  PGN 129283 XTE NMEA2000:      0
  PGN 65267  Position legacy:   5694
  PGN 65256  Speed legacy:      5694   last SA=0x1C raw=0xC0
  PGN 65535  XTE JD legacy:     122759   last SA=0x1C word=0x0 byte1=0x0
             full payload:     0000000000000000  (1 ms ago)
  PGN 60160  XTE Trimble legacy:86   last SA=0x1C
  PGN 64770  AISO stop:         1151   last 1171832 ms ago
  TOTAL:                        135384
--- Guidance telemetry ---
  XTE:          -0.73 m
  Speed:        0.39 m/s (0.75 kn)
  Quality:      4   RTK quality=4  IsRtkQuality=Y
  GGA fix age:  4 ms
  VTG fix age:  3 ms
  XTE fix age:  191 ms
  Lat/Lon/Alt/Course: 53.425377 / 6.720285 / 4.4 m / 137.1 deg
--- Virtual Terminal ---
  Connected:    Y
  State:        21/22  Connected
  VT version:  4
  VT status msgs: 1152   last 849 ms ago
  Partner: addr=0x26 valid=Y  reconnect attempts=0
--- Task Controller ---
  Connected:    Y
  TC-GEO (with/without pos): Y/Y
  Task active:  Y
  DRP deviation (DDI 513): 0 mm, last 1171832 ms ago
  GNSS quality (DDI 514):  0, last 1171832 ms ago
  Value commands (any DDI): 7  last DDI=515 (1015777 ms ago)
  Value requests (any DDI): 25974528
  Partner: addr=0xF7 valid=Y  reconnect attempts=0
  Tramline setpoint (DDI 506): 1  -> terminal DOES implement Tramline Control (1123783 ms ago)
  Guidance track (DDI 507-511): (none yet)
=== ISOBUS DEBUG MENU ===
1. Full status dump
2. Periodic summary line (OFF - press to toggle)
3. Reset message counters
4. Dump DDOP as hex (open in AgIsoDDOPGenerator)
5. Dump VT object pool as hex
q. Exit

# 12:13:31.553
=== ISOBUS STATUS ===
Address claim: CLAIMED  address=0x81
Bus load (ch0): 24.2 %
--- Message counters ---
  PGN 129025 Position NMEA2000: 0
  PGN 129026 Speed NMEA2000:    0
  PGN 129283 XTE NMEA2000:      0
  PGN 65267  Position legacy:   5701
  PGN 65256  Speed legacy:      5701   last SA=0x1C raw=0x1BA
  PGN 65535  XTE JD legacy:     122923   last SA=0xF0 word=0x0 byte1=0x0
             full payload:     0000000000000000  (14 ms ago)
  PGN 60160  XTE Trimble legacy:86   last SA=0x1C
  PGN 64770  AISO stop:         1152   last 1173313 ms ago
  TOTAL:                        135563
--- Guidance telemetry ---
  XTE:          -0.13 m
  Speed:        0.89 m/s (1.73 kn)
  Quality:      4   RTK quality=4  IsRtkQuality=Y
  GGA fix age:  85 ms
  VTG fix age:  84 ms
  XTE fix age:  68 ms
  Lat/Lon/Alt/Course: 53.425369 / 6.720292 / 4.4 m / 137.6 deg
--- Virtual Terminal ---
  Connected:    Y
  State:        21/22  Connected
  VT version:  4
  VT status msgs: 1154   last 330 ms ago
  Partner: addr=0x26 valid=Y  reconnect attempts=0
--- Task Controller ---
  Connected:    Y
  TC-GEO (with/without pos): Y/Y
  Task active:  Y
  DRP deviation (DDI 513): 0 mm, last 1173313 ms ago
  GNSS quality (DDI 514):  0, last 1173313 ms ago
  Value commands (any DDI): 7  last DDI=515 (1017258 ms ago)
  Value requests (any DDI): 26007970
  Partner: addr=0xF7 valid=Y  reconnect attempts=0
  Tramline setpoint (DDI 506): 1  -> terminal DOES implement Tramline Control (1125264 ms ago)
  Guidance track (DDI 507-511): (none yet)
=== ISOBUS DEBUG MENU ===
1. Full status dump
2. Periodic summary line (OFF - press to toggle)
3. Reset message counters
4. Dump DDOP as hex (open in AgIsoDDOPGenerator)
5. Dump VT object pool as hex
q. Exit

# 12:13:32.613
=== ISOBUS STATUS ===
Address claim: CLAIMED  address=0x81
Bus load (ch0): 23.9 %
--- Message counters ---
  PGN 129025 Position NMEA2000: 0
  PGN 129026 Speed NMEA2000:    0
  PGN 129283 XTE NMEA2000:      0
  PGN 65267  Position legacy:   5706
  PGN 65256  Speed legacy:      5706   last SA=0x1C raw=0x20B
  PGN 65535  XTE JD legacy:     123033   last SA=0xF0 word=0x0 byte1=0x0
             full payload:     0000000000000000  (2 ms ago)
  PGN 60160  XTE Trimble legacy:86   last SA=0x1C
  PGN 64770  AISO stop:         1153   last 1174342 ms ago
  TOTAL:                        135684
--- Guidance telemetry ---
  XTE:          0.40 m
  Speed:        1.05 m/s (2.04 kn)
  Quality:      4   RTK quality=4  IsRtkQuality=Y
  GGA fix age:  114 ms
  VTG fix age:  113 ms
  XTE fix age:  101 ms
  Lat/Lon/Alt/Course: 53.425365 / 6.720298 / 4.4 m / 137.7 deg
--- Virtual Terminal ---
  Connected:    Y
  State:        21/22  Connected
  VT version:  4
  VT status msgs: 1155   last 360 ms ago
  Partner: addr=0x26 valid=Y  reconnect attempts=0
--- Task Controller ---
  Connected:    Y
  TC-GEO (with/without pos): Y/Y
  Task active:  Y
  DRP deviation (DDI 513): 0 mm, last 1174342 ms ago
  GNSS quality (DDI 514):  0, last 1174342 ms ago
  Value commands (any DDI): 7  last DDI=515 (1018287 ms ago)
  Value requests (any DDI): 26031106
  Partner: addr=0xF7 valid=Y  reconnect attempts=0
  Tramline setpoint (DDI 506): 1  -> terminal DOES implement Tramline Control (1126293 ms ago)
  Guidance track (DDI 507-511): (none yet)
=== ISOBUS DEBUG MENU ===
1. Full status dump
2. Periodic summary line (OFF - press to toggle)
3. Reset message counters
4. Dump DDOP as hex (open in AgIsoDDOPGenerator)
5. Dump VT object pool as hex
q. Exit

# 12:13:33.634
=== ISOBUS STATUS ===
Address claim: CLAIMED  address=0x81
Bus load (ch0): 23.3 %
--- Message counters ---
  PGN 129025 Position NMEA2000: 0
  PGN 129026 Speed NMEA2000:    0
  PGN 129283 XTE NMEA2000:      0
  PGN 65267  Position legacy:   5711
  PGN 65256  Speed legacy:      5711   last SA=0x1C raw=0x1A0
  PGN 65535  XTE JD legacy:     123142   last SA=0xF0 word=0x0 byte1=0x0
             full payload:     0000000000000000  (21 ms ago)
  PGN 60160  XTE Trimble legacy:86   last SA=0x1C
  PGN 64770  AISO stop:         1154   last 1175400 ms ago
  TOTAL:                        135804
--- Guidance telemetry ---
  XTE:          0.84 m
  Speed:        0.84 m/s (1.62 kn)
  Quality:      4   RTK quality=4  IsRtkQuality=Y
  GGA fix age:  173 ms
  VTG fix age:  171 ms
  XTE fix age:  159 ms
  Lat/Lon/Alt/Course: 53.425362 / 6.720303 / 4.4 m / 137.7 deg
--- Virtual Terminal ---
  Connected:    Y
  State:        21/22  Connected
  VT version:  4
  VT status msgs: 1156   last 418 ms ago
  Partner: addr=0x26 valid=Y  reconnect attempts=0
--- Task Controller ---
  Connected:    Y
  TC-GEO (with/without pos): Y/Y
  Task active:  Y
  DRP deviation (DDI 513): 0 mm, last 1175400 ms ago
  GNSS quality (DDI 514):  0, last 1175400 ms ago
  Value commands (any DDI): 7  last DDI=515 (1019345 ms ago)
  Value requests (any DDI): 26055037
  Partner: addr=0xF7 valid=Y  reconnect attempts=0
  Tramline setpoint (DDI 506): 1  -> terminal DOES implement Tramline Control (1127351 ms ago)
  Guidance track (DDI 507-511): (none yet)
=== ISOBUS DEBUG MENU ===
1. Full status dump
2. Periodic summary line (OFF - press to toggle)
3. Reset message counters
4. Dump DDOP as hex (open in AgIsoDDOPGenerator)
5. Dump VT object pool as hex
q. Exit

# 12:13:34.658
=== ISOBUS STATUS ===
Address claim: CLAIMED  address=0x81
Bus load (ch0): 21.8 %
--- Message counters ---
  PGN 129025 Position NMEA2000: 0
  PGN 129026 Speed NMEA2000:    0
  PGN 129283 XTE NMEA2000:      0
  PGN 65267  Position legacy:   5716
  PGN 65256  Speed legacy:      5716   last SA=0x1C raw=0xB8
  PGN 65535  XTE JD legacy:     123251   last SA=0xF0 word=0x0 byte1=0x0
             full payload:     0000000000000000  (1 ms ago)
  PGN 60160  XTE Trimble legacy:86   last SA=0x1C
  PGN 64770  AISO stop:         1156   last 1176421 ms ago
  TOTAL:                        135925
--- Guidance telemetry ---
  XTE:          1.03 m
  Speed:        0.37 m/s (0.72 kn)
  Quality:      4   RTK quality=4  IsRtkQuality=Y
  GGA fix age:  193 ms
  VTG fix age:  192 ms
  XTE fix age:  180 ms
  Lat/Lon/Alt/Course: 53.425362 / 6.720304 / 4.4 m / 138.0 deg
--- Virtual Terminal ---
  Connected:    Y
  State:        21/22  Connected
  VT version:  4
  VT status msgs: 1157   last 438 ms ago
  Partner: addr=0x26 valid=Y  reconnect attempts=0
--- Task Controller ---
  Connected:    Y
  TC-GEO (with/without pos): Y/Y
  Task active:  Y
  DRP deviation (DDI 513): 0 mm, last 1176421 ms ago
  GNSS quality (DDI 514):  0, last 1176421 ms ago
  Value commands (any DDI): 7  last DDI=515 (1020366 ms ago)
  Value requests (any DDI): 26078140
  Partner: addr=0xF7 valid=Y  reconnect attempts=0
  Tramline setpoint (DDI 506): 1  -> terminal DOES implement Tramline Control (1128372 ms ago)
  Guidance track (DDI 507-511): (none yet)
=== ISOBUS DEBUG MENU ===
1. Full status dump
2. Periodic summary line (OFF - press to toggle)
3. Reset message counters
4. Dump DDOP as hex (open in AgIsoDDOPGenerator)
5. Dump VT object pool as hex
q. Exit

# 12:13:35.695
=== ISOBUS STATUS ===
Address claim: CLAIMED  address=0x81
Bus load (ch0): 21.3 %
--- Message counters ---
  PGN 129025 Position NMEA2000: 0
  PGN 129026 Speed NMEA2000:    0
  PGN 129283 XTE NMEA2000:      0
  PGN 65267  Position legacy:   5722
  PGN 65256  Speed legacy:      5722   last SA=0x1C raw=0x13
  PGN 65535  XTE JD legacy:     123367   last SA=0x2A word=0x7DD1 byte1=0x15
             full payload:     771510D17DA385FF  (7 ms ago)
  PGN 60160  XTE Trimble legacy:86   last SA=0x1C
  PGN 64770  AISO stop:         1157   last 1177448 ms ago
  TOTAL:                        136054
--- Guidance telemetry ---
  XTE:          1.04 m
  Speed:        0.04 m/s (0.07 kn)
  Quality:      4   RTK quality=4  IsRtkQuality=Y
  GGA fix age:  21 ms
  VTG fix age:  19 ms
  XTE fix age:  7 ms
  Lat/Lon/Alt/Course: 53.425362 / 6.720304 / 4.2 m / 138.0 deg
--- Virtual Terminal ---
  Connected:    Y
  State:        21/22  Connected
  VT version:  4
  VT status msgs: 1158   last 466 ms ago
  Partner: addr=0x26 valid=Y  reconnect attempts=0
--- Task Controller ---
  Connected:    Y
  TC-GEO (with/without pos): Y/Y
  Task active:  Y
  DRP deviation (DDI 513): 0 mm, last 1177448 ms ago
  GNSS quality (DDI 514):  0, last 1177448 ms ago
  Value commands (any DDI): 7  last DDI=515 (1021393 ms ago)
  Value requests (any DDI): 26101783
  Partner: addr=0xF7 valid=Y  reconnect attempts=0
  Tramline setpoint (DDI 506): 1  -> terminal DOES implement Tramline Control (1129399 ms ago)
  Guidance track (DDI 507-511): (none yet)
=== ISOBUS DEBUG MENU ===
1. Full status dump
2. Periodic summary line (OFF - press to toggle)
3. Reset message counters
4. Dump DDOP as hex (open in AgIsoDDOPGenerator)
5. Dump VT object pool as hex
q. Exit

# 12:13:36.709
=== ISOBUS STATUS ===
Address claim: CLAIMED  address=0x81
Bus load (ch0): 22.2 %
--- Message counters ---
  PGN 129025 Position NMEA2000: 0
  PGN 129026 Speed NMEA2000:    0
  PGN 129283 XTE NMEA2000:      0
  PGN 65267  Position legacy:   5727
  PGN 65256  Speed legacy:      5727   last SA=0x1C raw=0x16
  PGN 65535  XTE JD legacy:     123477   last SA=0xF0 word=0x0 byte1=0x0
             full payload:     0000000000000000  (3 ms ago)
  PGN 60160  XTE Trimble legacy:86   last SA=0x1C
  PGN 64770  AISO stop:         1158   last 1178483 ms ago
  TOTAL:                        136175
--- Guidance telemetry ---
  XTE:          0.98 m
  Speed:        0.04 m/s (0.09 kn)
  Quality:      4   RTK quality=4  IsRtkQuality=Y
  GGA fix age:  55 ms
  VTG fix age:  54 ms
  XTE fix age:  38 ms
  Lat/Lon/Alt/Course: 53.425362 / 6.720304 / 4.2 m / 138.0 deg
--- Virtual Terminal ---
  Connected:    Y
  State:        21/22  Connected
  VT version:  4
  VT status msgs: 1159   last 501 ms ago
  Partner: addr=0x26 valid=Y  reconnect attempts=0
--- Task Controller ---
  Connected:    Y
  TC-GEO (with/without pos): Y/Y
  Task active:  Y
  DRP deviation (DDI 513): 0 mm, last 1178483 ms ago
  GNSS quality (DDI 514):  0, last 1178483 ms ago
  Value commands (any DDI): 7  last DDI=515 (1022428 ms ago)
  Value requests (any DDI): 26125365
  Partner: addr=0xF7 valid=Y  reconnect attempts=0
  Tramline setpoint (DDI 506): 1  -> terminal DOES implement Tramline Control (1130434 ms ago)
  Guidance track (DDI 507-511): (none yet)
=== ISOBUS DEBUG MENU ===
1. Full status dump
2. Periodic summary line (OFF - press to toggle)
3. Reset message counters
4. Dump DDOP as hex (open in AgIsoDDOPGenerator)
5. Dump VT object pool as hex
q. Exit

# 12:13:37.728
=== ISOBUS STATUS ===
Address claim: CLAIMED  address=0x81
Bus load (ch0): 21.7 %
--- Message counters ---
  PGN 129025 Position NMEA2000: 0
  PGN 129026 Speed NMEA2000:    0
  PGN 129283 XTE NMEA2000:      0
  PGN 65267  Position legacy:   5732
  PGN 65256  Speed legacy:      5732   last SA=0x1C raw=0x4
  PGN 65535  XTE JD legacy:     123584   last SA=0xF0 word=0x0 byte1=0x0
             full payload:     0000000000000000  (16 ms ago)
  PGN 60160  XTE Trimble legacy:86   last SA=0x1C
  PGN 64770  AISO stop:         1159   last 1179497 ms ago
  TOTAL:                        136293
--- Guidance telemetry ---
  XTE:          0.98 m
  Speed:        0.01 m/s (0.02 kn)
  Quality:      4   RTK quality=4  IsRtkQuality=Y
  GGA fix age:  70 ms
  VTG fix age:  68 ms
  XTE fix age:  52 ms
  Lat/Lon/Alt/Course: 53.425362 / 6.720304 / 4.2 m / 138.0 deg
--- Virtual Terminal ---
  Connected:    Y
  State:        21/22  Connected
  VT version:  4
  VT status msgs: 1160   last 515 ms ago
  Partner: addr=0x26 valid=Y  reconnect attempts=0
--- Task Controller ---
  Connected:    Y
  TC-GEO (with/without pos): Y/Y
  Task active:  Y
  DRP deviation (DDI 513): 0 mm, last 1179497 ms ago
  GNSS quality (DDI 514):  0, last 1179497 ms ago
  Value commands (any DDI): 7  last DDI=515 (1023442 ms ago)
  Value requests (any DDI): 26148759
  Partner: addr=0xF7 valid=Y  reconnect attempts=0
  Tramline setpoint (DDI 506): 1  -> terminal DOES implement Tramline Control (1131448 ms ago)
  Guidance track (DDI 507-511): (none yet)
=== ISOBUS DEBUG MENU ===
1. Full status dump
2. Periodic summary line (OFF - press to toggle)
3. Reset message counters
4. Dump DDOP as hex (open in AgIsoDDOPGenerator)
5. Dump VT object pool as hex
q. Exit

# 12:13:38.761
=== ISOBUS STATUS ===
Address claim: CLAIMED  address=0x81
Bus load (ch0): 21.3 %
--- Message counters ---
  PGN 129025 Position NMEA2000: 0
  PGN 129026 Speed NMEA2000:    0
  PGN 129283 XTE NMEA2000:      0
  PGN 65267  Position legacy:   5737
  PGN 65256  Speed legacy:      5737   last SA=0x1C raw=0x3
  PGN 65535  XTE JD legacy:     123692   last SA=0xF0 word=0x0 byte1=0x0
             full payload:     0000000000000000  (17 ms ago)
  PGN 60160  XTE Trimble legacy:86   last SA=0x1C
  PGN 64770  AISO stop:         1160   last 1180517 ms ago
  TOTAL:                        136412
--- Guidance telemetry ---
  XTE:          0.98 m
  Speed:        0.01 m/s (0.01 kn)
  Quality:      4   RTK quality=4  IsRtkQuality=Y
  GGA fix age:  90 ms
  VTG fix age:  88 ms
  XTE fix age:  76 ms
  Lat/Lon/Alt/Course: 53.425362 / 6.720304 / 4.2 m / 138.0 deg
--- Virtual Terminal ---
  Connected:    Y
  State:        21/22  Connected
  VT version:  4
  VT status msgs: 1161   last 534 ms ago
  Partner: addr=0x26 valid=Y  reconnect attempts=0
--- Task Controller ---
  Connected:    Y
  TC-GEO (with/without pos): Y/Y
  Task active:  Y
  DRP deviation (DDI 513): 0 mm, last 1180517 ms ago
  GNSS quality (DDI 514):  0, last 1180517 ms ago
  Value commands (any DDI): 7  last DDI=515 (1024462 ms ago)
  Value requests (any DDI): 26172308
  Partner: addr=0xF7 valid=Y  reconnect attempts=0
  Tramline setpoint (DDI 506): 1  -> terminal DOES implement Tramline Control (1132468 ms ago)
  Guidance track (DDI 507-511): (none yet)
=== ISOBUS DEBUG MENU ===
1. Full status dump
2. Periodic summary line (OFF - press to toggle)
3. Reset message counters
4. Dump DDOP as hex (open in AgIsoDDOPGenerator)
5. Dump VT object pool as hex
q. Exit

# 12:13:39.787
=== ISOBUS STATUS ===
Address claim: CLAIMED  address=0x81
Bus load (ch0): 21.2 %
--- Message counters ---
  PGN 129025 Position NMEA2000: 0
  PGN 129026 Speed NMEA2000:    0
  PGN 129283 XTE NMEA2000:      0
  PGN 65267  Position legacy:   5742
  PGN 65256  Speed legacy:      5742   last SA=0x1C raw=0x2
  PGN 65535  XTE JD legacy:     123801   last SA=0xF0 word=0x0 byte1=0x0
             full payload:     0000000000000000  (9 ms ago)
  PGN 60160  XTE Trimble legacy:86   last SA=0x1C
  PGN 64770  AISO stop:         1161   last 1181549 ms ago
  TOTAL:                        136532
--- Guidance telemetry ---
  XTE:          0.98 m
  Speed:        0.00 m/s (0.01 kn)
  Quality:      4   RTK quality=4  IsRtkQuality=Y
  GGA fix age:  121 ms
  VTG fix age:  120 ms
  XTE fix age:  104 ms
  Lat/Lon/Alt/Course: 53.425362 / 6.720304 / 4.4 m / 138.0 deg
--- Virtual Terminal ---
  Connected:    Y
  State:        21/22  Connected
  VT version:  4
  VT status msgs: 1162   last 566 ms ago
  Partner: addr=0x26 valid=Y  reconnect attempts=0
--- Task Controller ---
  Connected:    Y
  TC-GEO (with/without pos): Y/Y
  Task active:  Y
  DRP deviation (DDI 513): 0 mm, last 1181549 ms ago
  GNSS quality (DDI 514):  0, last 1181549 ms ago
  Value commands (any DDI): 7  last DDI=515 (1025494 ms ago)
  Value requests (any DDI): 26196112
  Partner: addr=0xF7 valid=Y  reconnect attempts=0
  Tramline setpoint (DDI 506): 1  -> terminal DOES implement Tramline Control (1133500 ms ago)
  Guidance track (DDI 507-511): (none yet)
=== ISOBUS DEBUG MENU ===
1. Full status dump
2. Periodic summary line (OFF - press to toggle)
3. Reset message counters
4. Dump DDOP as hex (open in AgIsoDDOPGenerator)
5. Dump VT object pool as hex
q. Exit

# 12:13:40.789
=== ISOBUS STATUS ===
Address claim: CLAIMED  address=0x81
Bus load (ch0): 21.3 %
--- Message counters ---
  PGN 129025 Position NMEA2000: 0
  PGN 129026 Speed NMEA2000:    0
  PGN 129283 XTE NMEA2000:      0
  PGN 65267  Position legacy:   5747
  PGN 65256  Speed legacy:      5747   last SA=0x1C raw=0x1
  PGN 65535  XTE JD legacy:     123910   last SA=0xF0 word=0x0 byte1=0x0
             full payload:     0000000000000000  (16 ms ago)
  PGN 60160  XTE Trimble legacy:86   last SA=0x1C
  PGN 64770  AISO stop:         1162   last 1182576 ms ago
  TOTAL:                        136652
--- Guidance telemetry ---
  XTE:          0.98 m
  Speed:        0.00 m/s (0.00 kn)
  Quality:      4   RTK quality=4  IsRtkQuality=Y
  GGA fix age:  149 ms
  VTG fix age:  147 ms
  XTE fix age:  136 ms
  Lat/Lon/Alt/Course: 53.425362 / 6.720304 / 4.4 m / 138.0 deg
--- Virtual Terminal ---
  Connected:    Y
  State:        21/22  Connected
  VT version:  4
  VT status msgs: 1163   last 594 ms ago
  Partner: addr=0x26 valid=Y  reconnect attempts=0
--- Task Controller ---
  Connected:    Y
  TC-GEO (with/without pos): Y/Y
  Task active:  Y
  DRP deviation (DDI 513): 0 mm, last 1182576 ms ago
  GNSS quality (DDI 514):  0, last 1182576 ms ago
  Value commands (any DDI): 7  last DDI=515 (1026521 ms ago)
  Value requests (any DDI): 26219801
  Partner: addr=0xF7 valid=Y  reconnect attempts=0
  Tramline setpoint (DDI 506): 1  -> terminal DOES implement Tramline Control (1134527 ms ago)
  Guidance track (DDI 507-511): (none yet)
=== ISOBUS DEBUG MENU ===
1. Full status dump
2. Periodic summary line (OFF - press to toggle)
3. Reset message counters
4. Dump DDOP as hex (open in AgIsoDDOPGenerator)
5. Dump VT object pool as hex
q. Exit

# 12:13:41.812
=== ISOBUS STATUS ===
Address claim: CLAIMED  address=0x81
Bus load (ch0): 21.4 %
--- Message counters ---
  PGN 129025 Position NMEA2000: 0
  PGN 129026 Speed NMEA2000:    0
  PGN 129283 XTE NMEA2000:      0
  PGN 65267  Position legacy:   5752
  PGN 65256  Speed legacy:      5752   last SA=0x1C raw=0x1
  PGN 65535  XTE JD legacy:     124017   last SA=0xF0 word=0x0 byte1=0x0
             full payload:     0000000000000000  (19 ms ago)
  PGN 60160  XTE Trimble legacy:86   last SA=0x1C
  PGN 64770  AISO stop:         1163   last 1183579 ms ago
  TOTAL:                        136770
--- Guidance telemetry ---
  XTE:          0.98 m
  Speed:        0.00 m/s (0.00 kn)
  Quality:      4   RTK quality=4  IsRtkQuality=Y
  GGA fix age:  152 ms
  VTG fix age:  150 ms
  XTE fix age:  138 ms
  Lat/Lon/Alt/Course: 53.425362 / 6.720304 / 4.4 m / 138.0 deg
--- Virtual Terminal ---
  Connected:    Y
  State:        21/22  Connected
  VT version:  4
  VT status msgs: 1164   last 597 ms ago
  Partner: addr=0x26 valid=Y  reconnect attempts=0
--- Task Controller ---
  Connected:    Y
  TC-GEO (with/without pos): Y/Y
  Task active:  Y
  DRP deviation (DDI 513): 0 mm, last 1183579 ms ago
  GNSS quality (DDI 514):  0, last 1183579 ms ago
  Value commands (any DDI): 7  last DDI=515 (1027524 ms ago)
  Value requests (any DDI): 26242931
  Partner: addr=0xF7 valid=Y  reconnect attempts=0
  Tramline setpoint (DDI 506): 1  -> terminal DOES implement Tramline Control (1135530 ms ago)
  Guidance track (DDI 507-511): (none yet)
=== ISOBUS DEBUG MENU ===
1. Full status dump
2. Periodic summary line (OFF - press to toggle)
3. Reset message counters
4. Dump DDOP as hex (open in AgIsoDDOPGenerator)
5. Dump VT object pool as hex
q. Exit

# 12:13:42.862
=== ISOBUS STATUS ===
Address claim: CLAIMED  address=0x81
Bus load (ch0): 21.4 %
--- Message counters ---
  PGN 129025 Position NMEA2000: 0
  PGN 129026 Speed NMEA2000:    0
  PGN 129283 XTE NMEA2000:      0
  PGN 65267  Position legacy:   5757
  PGN 65256  Speed legacy:      5757   last SA=0x1C raw=0x1
  PGN 65535  XTE JD legacy:     124127   last SA=0xF0 word=0x0 byte1=0x0
             full payload:     0000000000000000  (7 ms ago)
  PGN 60160  XTE Trimble legacy:86   last SA=0x1C
  PGN 64770  AISO stop:         1164   last 1184627 ms ago
  TOTAL:                        136891
--- Guidance telemetry ---
  XTE:          0.98 m
  Speed:        0.00 m/s (0.00 kn)
  Quality:      4   RTK quality=4  IsRtkQuality=Y
  GGA fix age:  200 ms
  VTG fix age:  197 ms
  XTE fix age:  186 ms
  Lat/Lon/Alt/Course: 53.425362 / 6.720304 / 4.2 m / 138.0 deg
--- Virtual Terminal ---
  Connected:    Y
  State:        21/22  Connected
  VT version:  4
  VT status msgs: 1165   last 645 ms ago
  Partner: addr=0x26 valid=Y  reconnect attempts=0
--- Task Controller ---
  Connected:    Y
  TC-GEO (with/without pos): Y/Y
  Task active:  Y
  DRP deviation (DDI 513): 0 mm, last 1184627 ms ago
  GNSS quality (DDI 514):  0, last 1184627 ms ago
  Value commands (any DDI): 7  last DDI=515 (1028572 ms ago)
  Value requests (any DDI): 26267119
  Partner: addr=0xF7 valid=Y  reconnect attempts=0
  Tramline setpoint (DDI 506): 1  -> terminal DOES implement Tramline Control (1136578 ms ago)
  Guidance track (DDI 507-511): (none yet)
=== ISOBUS DEBUG MENU ===
1. Full status dump
2. Periodic summary line (OFF - press to toggle)
3. Reset message counters
4. Dump DDOP as hex (open in AgIsoDDOPGenerator)
5. Dump VT object pool as hex
q. Exit

# 12:13:43.890
=== ISOBUS STATUS ===
Address claim: CLAIMED  address=0x81
Bus load (ch0): 21.1 %
--- Message counters ---
  PGN 129025 Position NMEA2000: 0
  PGN 129026 Speed NMEA2000:    0
  PGN 129283 XTE NMEA2000:      0
  PGN 65267  Position legacy:   5763
  PGN 65256  Speed legacy:      5763   last SA=0x1C raw=0x2
  PGN 65535  XTE JD legacy:     124243   last SA=0x2A word=0x7DC5 byte1=0x15
             full payload:     771510C57DA485FF  (4 ms ago)
  PGN 60160  XTE Trimble legacy:86   last SA=0x1C
  PGN 64770  AISO stop:         1165   last 1185649 ms ago
  TOTAL:                        137020
--- Guidance telemetry ---
  XTE:          0.98 m
  Speed:        0.00 m/s (0.01 kn)
  Quality:      4   RTK quality=4  IsRtkQuality=Y
  GGA fix age:  22 ms
  VTG fix age:  20 ms
  XTE fix age:  4 ms
  Lat/Lon/Alt/Course: 53.425362 / 6.720304 / 4.4 m / 138.0 deg
--- Virtual Terminal ---
  Connected:    Y
  State:        21/22  Connected
  VT version:  4
  VT status msgs: 1166   last 666 ms ago
  Partner: addr=0x26 valid=Y  reconnect attempts=0
--- Task Controller ---
  Connected:    Y
  TC-GEO (with/without pos): Y/Y
  Task active:  Y
  DRP deviation (DDI 513): 0 mm, last 1185649 ms ago
  GNSS quality (DDI 514):  0, last 1185649 ms ago
  Value commands (any DDI): 7  last DDI=515 (1029594 ms ago)
  Value requests (any DDI): 26290701
  Partner: addr=0xF7 valid=Y  reconnect attempts=0
  Tramline setpoint (DDI 506): 1  -> terminal DOES implement Tramline Control (1137600 ms ago)
  Guidance track (DDI 507-511): (none yet)
=== ISOBUS DEBUG MENU ===
1. Full status dump
2. Periodic summary line (OFF - press to toggle)
3. Reset message counters
4. Dump DDOP as hex (open in AgIsoDDOPGenerator)
5. Dump VT object pool as hex
q. Exit

# 12:13:44.905
=== ISOBUS STATUS ===
Address claim: CLAIMED  address=0x81
Bus load (ch0): 21.3 %
--- Message counters ---
  PGN 129025 Position NMEA2000: 0
  PGN 129026 Speed NMEA2000:    0
  PGN 129283 XTE NMEA2000:      0
  PGN 65267  Position legacy:   5768
  PGN 65256  Speed legacy:      5768   last SA=0x1C raw=0x1
  PGN 65535  XTE JD legacy:     124351   last SA=0xF0 word=0x0 byte1=0x0
             full payload:     0000000000000000  (19 ms ago)
  PGN 60160  XTE Trimble legacy:86   last SA=0x1C
  PGN 64770  AISO stop:         1166   last 1186679 ms ago
  TOTAL:                        137139
--- Guidance telemetry ---
  XTE:          0.98 m
  Speed:        0.00 m/s (0.00 kn)
  Quality:      4   RTK quality=4  IsRtkQuality=Y
  GGA fix age:  52 ms
  VTG fix age:  50 ms
  XTE fix age:  34 ms
  Lat/Lon/Alt/Course: 53.425362 / 6.720304 / 4.4 m / 138.0 deg
--- Virtual Terminal ---
  Connected:    Y
  State:        21/22  Connected
  VT version:  4
  VT status msgs: 1167   last 697 ms ago
  Partner: addr=0x26 valid=Y  reconnect attempts=0
--- Task Controller ---
  Connected:    Y
  TC-GEO (with/without pos): Y/Y
  Task active:  Y
  DRP deviation (DDI 513): 0 mm, last 1186679 ms ago
  GNSS quality (DDI 514):  0, last 1186679 ms ago
  Value commands (any DDI): 7  last DDI=515 (1030624 ms ago)
  Value requests (any DDI): 26314463
  Partner: addr=0xF7 valid=Y  reconnect attempts=0
  Tramline setpoint (DDI 506): 1  -> terminal DOES implement Tramline Control (1138630 ms ago)
  Guidance track (DDI 507-511): (none yet)
=== ISOBUS DEBUG MENU ===
1. Full status dump
2. Periodic summary line (OFF - press to toggle)
3. Reset message counters
4. Dump DDOP as hex (open in AgIsoDDOPGenerator)
5. Dump VT object pool as hex
q. Exit

# 12:13:45.973
=== ISOBUS STATUS ===
Address claim: CLAIMED  address=0x81
Bus load (ch0): 21.2 %
--- Message counters ---
  PGN 129025 Position NMEA2000: 0
  PGN 129026 Speed NMEA2000:    0
  PGN 129283 XTE NMEA2000:      0
  PGN 65267  Position legacy:   5773
  PGN 65256  Speed legacy:      5773   last SA=0x1C raw=0x1
  PGN 65535  XTE JD legacy:     124460   last SA=0xF0 word=0x0 byte1=0x0
             full payload:     0000000000000000  (11 ms ago)
  PGN 60160  XTE Trimble legacy:86   last SA=0x1C
  PGN 64770  AISO stop:         1167   last 1187692 ms ago
  TOTAL:                        137259
--- Guidance telemetry ---
  XTE:          0.98 m
  Speed:        0.00 m/s (0.00 kn)
  Quality:      4   RTK quality=4  IsRtkQuality=Y
  GGA fix age:  65 ms
  VTG fix age:  63 ms
  XTE fix age:  47 ms
  Lat/Lon/Alt/Course: 53.425362 / 6.720304 / 4.2 m / 137.9 deg
--- Virtual Terminal ---
  Connected:    Y
  State:        21/22  Connected
  VT version:  4
  VT status msgs: 1168   last 709 ms ago
  Partner: addr=0x26 valid=Y  reconnect attempts=0
--- Task Controller ---
  Connected:    Y
  TC-GEO (with/without pos): Y/Y
  Task active:  Y
  DRP deviation (DDI 513): 0 mm, last 1187692 ms ago
  GNSS quality (DDI 514):  0, last 1187692 ms ago
  Value commands (any DDI): 7  last DDI=515 (1031637 ms ago)
  Value requests (any DDI): 26337840
  Partner: addr=0xF7 valid=Y  reconnect attempts=0
  Tramline setpoint (DDI 506): 1  -> terminal DOES implement Tramline Control (1139643 ms ago)
  Guidance track (DDI 507-511): (none yet)
=== ISOBUS DEBUG MENU ===
1. Full status dump
2. Periodic summary line (OFF - press to toggle)
3. Reset message counters
4. Dump DDOP as hex (open in AgIsoDDOPGenerator)
5. Dump VT object pool as hex
q. Exit

# 12:13:47.044
=== ISOBUS STATUS ===
Address claim: CLAIMED  address=0x81
Bus load (ch0): 21.9 %
--- Message counters ---
  PGN 129025 Position NMEA2000: 0
  PGN 129026 Speed NMEA2000:    0
  PGN 129283 XTE NMEA2000:      0
  PGN 65267  Position legacy:   5778
  PGN 65256  Speed legacy:      5778   last SA=0x1C raw=0x2
  PGN 65535  XTE JD legacy:     124573   last SA=0xF0 word=0x0 byte1=0x0
             full payload:     0000000000000000  (8 ms ago)
  PGN 60160  XTE Trimble legacy:86   last SA=0x1C
  PGN 64770  AISO stop:         1168   last 1188758 ms ago
  TOTAL:                        137383
--- Guidance telemetry ---
  XTE:          0.98 m
  Speed:        0.00 m/s (0.01 kn)
  Quality:      4   RTK quality=4  IsRtkQuality=Y
  GGA fix age:  131 ms
  VTG fix age:  129 ms
  XTE fix age:  118 ms
  Lat/Lon/Alt/Course: 53.425362 / 6.720304 / 4.2 m / 137.9 deg
--- Virtual Terminal ---
  Connected:    Y
  State:        21/22  Connected
  VT version:  4
  VT status msgs: 1169   last 776 ms ago
  Partner: addr=0x26 valid=Y  reconnect attempts=0
--- Task Controller ---
  Connected:    Y
  TC-GEO (with/without pos): Y/Y
  Task active:  Y
  DRP deviation (DDI 513): 0 mm, last 1188758 ms ago
  GNSS quality (DDI 514):  0, last 1188758 ms ago
  Value commands (any DDI): 7  last DDI=515 (1032703 ms ago)
  Value requests (any DDI): 26362439
  Partner: addr=0xF7 valid=Y  reconnect attempts=0
  Tramline setpoint (DDI 506): 1  -> terminal DOES implement Tramline Control (1140709 ms ago)
  Guidance track (DDI 507-511): (none yet)
=== ISOBUS DEBUG MENU ===
1. Full status dump
2. Periodic summary line (OFF - press to toggle)
3. Reset message counters
4. Dump DDOP as hex (open in AgIsoDDOPGenerator)
5. Dump VT object pool as hex
q. Exit

# 12:13:48.101
=== ISOBUS STATUS ===
Address claim: CLAIMED  address=0x81
Bus load (ch0): 21.2 %
--- Message counters ---
  PGN 129025 Position NMEA2000: 0
  PGN 129026 Speed NMEA2000:    0
  PGN 129283 XTE NMEA2000:      0
  PGN 65267  Position legacy:   5784
  PGN 65256  Speed legacy:      5784   last SA=0x1C raw=0x2
  PGN 65535  XTE JD legacy:     124689   last SA=0x1C word=0x0 byte1=0x0
             full payload:     0000000000000000  (0 ms ago)
  PGN 60160  XTE Trimble legacy:86   last SA=0x1C
  PGN 64770  AISO stop:         1169   last 1189832 ms ago
  TOTAL:                        137512
--- Guidance telemetry ---
  XTE:          0.98 m
  Speed:        0.00 m/s (0.01 kn)
  Quality:      4   RTK quality=4  IsRtkQuality=Y
  GGA fix age:  5 ms
  VTG fix age:  3 ms
  XTE fix age:  191 ms
  Lat/Lon/Alt/Course: 53.425362 / 6.720304 / 4.2 m / 137.9 deg
--- Virtual Terminal ---
  Connected:    Y
  State:        21/22  Connected
  VT version:  4
  VT status msgs: 1170   last 849 ms ago
  Partner: addr=0x26 valid=Y  reconnect attempts=0
--- Task Controller ---
  Connected:    Y
  TC-GEO (with/without pos): Y/Y
  Task active:  Y
  DRP deviation (DDI 513): 0 mm, last 1189832 ms ago
  GNSS quality (DDI 514):  0, last 1189832 ms ago
  Value commands (any DDI): 7  last DDI=515 (1033777 ms ago)
  Value requests (any DDI): 26387202
  Partner: addr=0xF7 valid=Y  reconnect attempts=0
  Tramline setpoint (DDI 506): 1  -> terminal DOES implement Tramline Control (1141783 ms ago)
  Guidance track (DDI 507-511): (none yet)
=== ISOBUS DEBUG MENU ===
1. Full status dump
2. Periodic summary line (OFF - press to toggle)
3. Reset message counters
4. Dump DDOP as hex (open in AgIsoDDOPGenerator)
5. Dump VT object pool as hex
q. Exit

# 12:13:49.109
=== ISOBUS STATUS ===
Address claim: CLAIMED  address=0x81
Bus load (ch0): 21.1 %
--- Message counters ---
  PGN 129025 Position NMEA2000: 0
  PGN 129026 Speed NMEA2000:    0
  PGN 129283 XTE NMEA2000:      0
  PGN 65267  Position legacy:   5789
  PGN 65256  Speed legacy:      5789   last SA=0x1C raw=0x3
  PGN 65535  XTE JD legacy:     124803   last SA=0xF0 word=0x0 byte1=0x0
             full payload:     0000000000000000  (6 ms ago)
  PGN 60160  XTE Trimble legacy:86   last SA=0x1C
  PGN 64770  AISO stop:         1170   last 1190887 ms ago
  TOTAL:                        137637
--- Guidance telemetry ---
  XTE:          0.98 m
  Speed:        0.01 m/s (0.01 kn)
  Quality:      4   RTK quality=4  IsRtkQuality=Y
  GGA fix age:  60 ms
  VTG fix age:  58 ms
  XTE fix age:  47 ms
  Lat/Lon/Alt/Course: 53.425362 / 6.720304 / 4.4 m / 137.9 deg
--- Virtual Terminal ---
  Connected:    Y
  State:        21/22  Connected
  VT version:  4
  VT status msgs: 1171   last 905 ms ago
  Partner: addr=0x26 valid=Y  reconnect attempts=0
--- Task Controller ---
  Connected:    Y
  TC-GEO (with/without pos): Y/Y
  Task active:  Y
  DRP deviation (DDI 513): 0 mm, last 1190887 ms ago
  GNSS quality (DDI 514):  0, last 1190887 ms ago
  Value commands (any DDI): 7  last DDI=515 (1034832 ms ago)
  Value requests (any DDI): 26411556
  Partner: addr=0xF7 valid=Y  reconnect attempts=0
  Tramline setpoint (DDI 506): 1  -> terminal DOES implement Tramline Control (1142838 ms ago)
  Guidance track (DDI 507-511): (none yet)
=== ISOBUS DEBUG MENU ===
1. Full status dump
2. Periodic summary line (OFF - press to toggle)
3. Reset message counters
4. Dump DDOP as hex (open in AgIsoDDOPGenerator)
5. Dump VT object pool as hex
q. Exit

# 12:13:50.163
=== ISOBUS STATUS ===
Address claim: CLAIMED  address=0x81
Bus load (ch0): 21.2 %
--- Message counters ---
  PGN 129025 Position NMEA2000: 0
  PGN 129026 Speed NMEA2000:    0
  PGN 129283 XTE NMEA2000:      0
  PGN 65267  Position legacy:   5794
  PGN 65256  Speed legacy:      5794   last SA=0x1C raw=0x2
  PGN 65535  XTE JD legacy:     124910   last SA=0xF0 word=0x0 byte1=0x0
             full payload:     0000000000000000  (16 ms ago)
  PGN 60160  XTE Trimble legacy:86   last SA=0x1C
  PGN 64770  AISO stop:         1171   last 1191897 ms ago
  TOTAL:                        137755
--- Guidance telemetry ---
  XTE:          0.98 m
  Speed:        0.00 m/s (0.01 kn)
  Quality:      4   RTK quality=4  IsRtkQuality=Y
  GGA fix age:  70 ms
  VTG fix age:  68 ms
  XTE fix age:  56 ms
  Lat/Lon/Alt/Course: 53.425362 / 6.720304 / 4.4 m / 137.9 deg
--- Virtual Terminal ---
  Connected:    Y
  State:        21/22  Connected
  VT version:  4
  VT status msgs: 1172   last 914 ms ago
  Partner: addr=0x26 valid=Y  reconnect attempts=0
--- Task Controller ---
  Connected:    Y
  TC-GEO (with/without pos): Y/Y
  Task active:  Y
  DRP deviation (DDI 513): 0 mm, last 1191897 ms ago
  GNSS quality (DDI 514):  0, last 1191897 ms ago
  Value commands (any DDI): 7  last DDI=515 (1035842 ms ago)
  Value requests (any DDI): 26434856
  Partner: addr=0xF7 valid=Y  reconnect attempts=0
  Tramline setpoint (DDI 506): 1  -> terminal DOES implement Tramline Control (1143848 ms ago)
  Guidance track (DDI 507-511): (none yet)
=== ISOBUS DEBUG MENU ===
1. Full status dump
2. Periodic summary line (OFF - press to toggle)
3. Reset message counters
4. Dump DDOP as hex (open in AgIsoDDOPGenerator)
5. Dump VT object pool as hex
q. Exit

# 12:13:51.203
=== ISOBUS STATUS ===
Address claim: CLAIMED  address=0x81
Bus load (ch0): 21.4 %
--- Message counters ---
  PGN 129025 Position NMEA2000: 0
  PGN 129026 Speed NMEA2000:    0
  PGN 129283 XTE NMEA2000:      0
  PGN 65267  Position legacy:   5799
  PGN 65256  Speed legacy:      5799   last SA=0x1C raw=0x2
  PGN 65535  XTE JD legacy:     125021   last SA=0xF0 word=0x0 byte1=0x0
             full payload:     0000000000000000  (10 ms ago)
  PGN 60160  XTE Trimble legacy:86   last SA=0x1C
  PGN 64770  AISO stop:         1172   last 1192951 ms ago
  TOTAL:                        137877
--- Guidance telemetry ---
  XTE:          0.98 m
  Speed:        0.00 m/s (0.01 kn)
  Quality:      4   RTK quality=4  IsRtkQuality=Y
  GGA fix age:  124 ms
  VTG fix age:  122 ms
  XTE fix age:  110 ms
  Lat/Lon/Alt/Course: 53.425362 / 6.720304 / 4.2 m / 137.9 deg
--- Virtual Terminal ---
  Connected:    Y
  State:        21/22  Connected
  VT version:  4
  VT status msgs: 1173   last 969 ms ago
  Partner: addr=0x26 valid=Y  reconnect attempts=0
--- Task Controller ---
  Connected:    Y
  TC-GEO (with/without pos): Y/Y
  Task active:  Y
  DRP deviation (DDI 513): 0 mm, last 1192951 ms ago
  GNSS quality (DDI 514):  0, last 1192951 ms ago
  Value commands (any DDI): 7  last DDI=515 (1036896 ms ago)
  Value requests (any DDI): 26459173
  Partner: addr=0xF7 valid=Y  reconnect attempts=0
  Tramline setpoint (DDI 506): 1  -> terminal DOES implement Tramline Control (1144902 ms ago)
  Guidance track (DDI 507-511): (none yet)
=== ISOBUS DEBUG MENU ===
1. Full status dump
2. Periodic summary line (OFF - press to toggle)
3. Reset message counters
4. Dump DDOP as hex (open in AgIsoDDOPGenerator)
5. Dump VT object pool as hex
q. Exit

# 12:13:52.264
=== ISOBUS STATUS ===
Address claim: CLAIMED  address=0x81
Bus load (ch0): 21.6 %
--- Message counters ---
  PGN 129025 Position NMEA2000: 0
  PGN 129026 Speed NMEA2000:    0
  PGN 129283 XTE NMEA2000:      0
  PGN 65267  Position legacy:   5804
  PGN 65256  Speed legacy:      5804   last SA=0x1C raw=0x2
  PGN 65535  XTE JD legacy:     125131   last SA=0xF0 word=0x0 byte1=0x0
             full payload:     0000000000000000  (10 ms ago)
  PGN 60160  XTE Trimble legacy:86   last SA=0x1C
  PGN 64770  AISO stop:         1173   last 1193990 ms ago
  TOTAL:                        137998
--- Guidance telemetry ---
  XTE:          0.98 m
  Speed:        0.00 m/s (0.01 kn)
  Quality:      4   RTK quality=4  IsRtkQuality=Y
  GGA fix age:  163 ms
  VTG fix age:  161 ms
  XTE fix age:  149 ms
  Lat/Lon/Alt/Course: 53.425362 / 6.720304 / 4.4 m / 137.9 deg
--- Virtual Terminal ---
  Connected:    Y
  State:        21/22  Connected
  VT version:  4
  VT status msgs: 1175   last 8 ms ago
  Partner: addr=0x26 valid=Y  reconnect attempts=0
--- Task Controller ---
  Connected:    Y
  TC-GEO (with/without pos): Y/Y
  Task active:  Y
  DRP deviation (DDI 513): 0 mm, last 1193990 ms ago
  GNSS quality (DDI 514):  0, last 1193990 ms ago
  Value commands (any DDI): 7  last DDI=515 (1037935 ms ago)
  Value requests (any DDI): 26483150
  Partner: addr=0xF7 valid=Y  reconnect attempts=0
  Tramline setpoint (DDI 506): 1  -> terminal DOES implement Tramline Control (1145941 ms ago)
  Guidance track (DDI 507-511): (none yet)
=== ISOBUS DEBUG MENU ===
1. Full status dump
2. Periodic summary line (OFF - press to toggle)
3. Reset message counters
4. Dump DDOP as hex (open in AgIsoDDOPGenerator)
5. Dump VT object pool as hex
q. Exit

# 12:13:53.285
=== ISOBUS STATUS ===
Address claim: CLAIMED  address=0x81
Bus load (ch0): 21.3 %
--- Message counters ---
  PGN 129025 Position NMEA2000: 0
  PGN 129026 Speed NMEA2000:    0
  PGN 129283 XTE NMEA2000:      0
  PGN 65267  Position legacy:   5810
  PGN 65256  Speed legacy:      5810   last SA=0x1C raw=0x1
  PGN 65535  XTE JD legacy:     125250   last SA=0x2A word=0xFC3E byte1=0xFF
             full payload:     92FF803EFCFFFFFF  (9 ms ago)
  PGN 60160  XTE Trimble legacy:86   last SA=0x1C
  PGN 64770  AISO stop:         1174   last 1195051 ms ago
  TOTAL:                        138130
--- Guidance telemetry ---
  XTE:          0.98 m
  Speed:        0.00 m/s (0.00 kn)
  Quality:      4   RTK quality=4  IsRtkQuality=Y
  GGA fix age:  24 ms
  VTG fix age:  22 ms
  XTE fix age:  10 ms
  Lat/Lon/Alt/Course: 53.425362 / 6.720304 / 4.4 m / 137.9 deg
--- Virtual Terminal ---
  Connected:    Y
  State:        21/22  Connected
  VT version:  4
  VT status msgs: 1176   last 68 ms ago
  Partner: addr=0x26 valid=Y  reconnect attempts=0
--- Task Controller ---
  Connected:    Y
  TC-GEO (with/without pos): Y/Y
  Task active:  Y
  DRP deviation (DDI 513): 0 mm, last 1195051 ms ago
  GNSS quality (DDI 514):  0, last 1195051 ms ago
  Value commands (any DDI): 7  last DDI=515 (1038996 ms ago)
  Value requests (any DDI): 26507616
  Partner: addr=0xF7 valid=Y  reconnect attempts=0
  Tramline setpoint (DDI 506): 1  -> terminal DOES implement Tramline Control (1147002 ms ago)
  Guidance track (DDI 507-511): (none yet)
=== ISOBUS DEBUG MENU ===
1. Full status dump
2. Periodic summary line (OFF - press to toggle)
3. Reset message counters
4. Dump DDOP as hex (open in AgIsoDDOPGenerator)
5. Dump VT object pool as hex
q. Exit

# 12:13:54.310
=== ISOBUS STATUS ===
Address claim: CLAIMED  address=0x81
Bus load (ch0): 22.1 %
--- Message counters ---
  PGN 129025 Position NMEA2000: 0
  PGN 129026 Speed NMEA2000:    0
  PGN 129283 XTE NMEA2000:      0
  PGN 65267  Position legacy:   5815
  PGN 65256  Speed legacy:      5815   last SA=0x1C raw=0x1
  PGN 65535  XTE JD legacy:     125358   last SA=0xF0 word=0x0 byte1=0x0
             full payload:     0000000000000000  (12 ms ago)
  PGN 60160  XTE Trimble legacy:86   last SA=0x1C
  PGN 64770  AISO stop:         1175   last 1196072 ms ago
  TOTAL:                        138249
--- Guidance telemetry ---
  XTE:          0.98 m
  Speed:        0.00 m/s (0.00 kn)
  Quality:      4   RTK quality=4  IsRtkQuality=Y
  GGA fix age:  45 ms
  VTG fix age:  43 ms
  XTE fix age:  32 ms
  Lat/Lon/Alt/Course: 53.425362 / 6.720304 / 4.4 m / 137.9 deg
--- Virtual Terminal ---
  Connected:    Y
  State:        21/22  Connected
  VT version:  4
  VT status msgs: 1177   last 90 ms ago
  Partner: addr=0x26 valid=Y  reconnect attempts=0
--- Task Controller ---
  Connected:    Y
  TC-GEO (with/without pos): Y/Y
  Task active:  Y
  DRP deviation (DDI 513): 0 mm, last 1196072 ms ago
  GNSS quality (DDI 514):  0, last 1196072 ms ago
  Value commands (any DDI): 7  last DDI=515 (1040017 ms ago)
  Value requests (any DDI): 26531169
  Partner: addr=0xF7 valid=Y  reconnect attempts=0
  Tramline setpoint (DDI 506): 1  -> terminal DOES implement Tramline Control (1148023 ms ago)
  Guidance track (DDI 507-511): (none yet)
=== ISOBUS DEBUG MENU ===
1. Full status dump
2. Periodic summary line (OFF - press to toggle)
3. Reset message counters
4. Dump DDOP as hex (open in AgIsoDDOPGenerator)
5. Dump VT object pool as hex
q. Exit

# 12:13:55.367
=== ISOBUS STATUS ===
Address claim: CLAIMED  address=0x81
Bus load (ch0): 21.9 %
--- Message counters ---
  PGN 129025 Position NMEA2000: 0
  PGN 129026 Speed NMEA2000:    0
  PGN 129283 XTE NMEA2000:      0
  PGN 65267  Position legacy:   5820
  PGN 65256  Speed legacy:      5820   last SA=0x1C raw=0x0
  PGN 65535  XTE JD legacy:     125468   last SA=0xF0 word=0x0 byte1=0x0
             full payload:     0000000000000000  (1 ms ago)
  PGN 60160  XTE Trimble legacy:86   last SA=0x1C
  PGN 64770  AISO stop:         1176   last 1197102 ms ago
  TOTAL:                        138370
--- Guidance telemetry ---
  XTE:          0.98 m
  Speed:        0.00 m/s (0.00 kn)
  Quality:      4   RTK quality=4  IsRtkQuality=Y
  GGA fix age:  75 ms
  VTG fix age:  73 ms
  XTE fix age:  61 ms
  Lat/Lon/Alt/Course: 53.425362 / 6.720304 / 4.2 m / 137.9 deg
--- Virtual Terminal ---
  Connected:    Y
  State:        21/22  Connected
  VT version:  4
  VT status msgs: 1178   last 120 ms ago
  Partner: addr=0x26 valid=Y  reconnect attempts=0
--- Task Controller ---
  Connected:    Y
  TC-GEO (with/without pos): Y/Y
  Task active:  Y
  DRP deviation (DDI 513): 0 mm, last 1197102 ms ago
  GNSS quality (DDI 514):  0, last 1197102 ms ago
  Value commands (any DDI): 7  last DDI=515 (1041047 ms ago)
  Value requests (any DDI): 26554953
  Partner: addr=0xF7 valid=Y  reconnect attempts=0
  Tramline setpoint (DDI 506): 1  -> terminal DOES implement Tramline Control (1149053 ms ago)
  Guidance track (DDI 507-511): (none yet)
=== ISOBUS DEBUG MENU ===
1. Full status dump
2. Periodic summary line (OFF - press to toggle)
3. Reset message counters
4. Dump DDOP as hex (open in AgIsoDDOPGenerator)
5. Dump VT object pool as hex
q. Exit

# 12:13:56.427
=== ISOBUS STATUS ===
Address claim: CLAIMED  address=0x81
Bus load (ch0): 22.3 %
--- Message counters ---
  PGN 129025 Position NMEA2000: 0
  PGN 129026 Speed NMEA2000:    0
  PGN 129283 XTE NMEA2000:      0
  PGN 65267  Position legacy:   5825
  PGN 65256  Speed legacy:      5825   last SA=0x1C raw=0x4
  PGN 65535  XTE JD legacy:     125578   last SA=0xF0 word=0x0 byte1=0x0
             full payload:     0000000000000000  (13 ms ago)
  PGN 60160  XTE Trimble legacy:86   last SA=0x1C
  PGN 64770  AISO stop:         1177   last 1198154 ms ago
  TOTAL:                        138491
--- Guidance telemetry ---
  XTE:          0.98 m
  Speed:        0.01 m/s (0.02 kn)
  Quality:      4   RTK quality=4  IsRtkQuality=Y
  GGA fix age:  127 ms
  VTG fix age:  125 ms
  XTE fix age:  114 ms
  Lat/Lon/Alt/Course: 53.425362 / 6.720304 / 4.2 m / 137.9 deg
--- Virtual Terminal ---
  Connected:    Y
  State:        21/22  Connected
  VT version:  4
  VT status msgs: 1179   last 171 ms ago
  Partner: addr=0x26 valid=Y  reconnect attempts=0
--- Task Controller ---
  Connected:    Y
  TC-GEO (with/without pos): Y/Y
  Task active:  Y
  DRP deviation (DDI 513): 0 mm, last 1198154 ms ago
  GNSS quality (DDI 514):  0, last 1198154 ms ago
  Value commands (any DDI): 7  last DDI=515 (1042099 ms ago)
  Value requests (any DDI): 26579250
  Partner: addr=0xF7 valid=Y  reconnect attempts=0
  Tramline setpoint (DDI 506): 1  -> terminal DOES implement Tramline Control (1150105 ms ago)
  Guidance track (DDI 507-511): (none yet)
=== ISOBUS DEBUG MENU ===
1. Full status dump
2. Periodic summary line (OFF - press to toggle)
3. Reset message counters
4. Dump DDOP as hex (open in AgIsoDDOPGenerator)
5. Dump VT object pool as hex
q. Exit

# 12:13:57.496
=== ISOBUS STATUS ===
Address claim: CLAIMED  address=0x81
Bus load (ch0): 21.7 %
--- Message counters ---
  PGN 129025 Position NMEA2000: 0
  PGN 129026 Speed NMEA2000:    0
  PGN 129283 XTE NMEA2000:      0
  PGN 65267  Position legacy:   5830
  PGN 65256  Speed legacy:      5830   last SA=0x1C raw=0x0
  PGN 65535  XTE JD legacy:     125688   last SA=0xF0 word=0x0 byte1=0x0
             full payload:     0000000000000000  (15 ms ago)
  PGN 60160  XTE Trimble legacy:86   last SA=0x1C
  PGN 64770  AISO stop:         1178   last 1199216 ms ago
  TOTAL:                        138612
--- Guidance telemetry ---
  XTE:          0.98 m
  Speed:        0.00 m/s (0.00 kn)
  Quality:      4   RTK quality=4  IsRtkQuality=Y
  GGA fix age:  189 ms
  VTG fix age:  187 ms
  XTE fix age:  175 ms
  Lat/Lon/Alt/Course: 53.425362 / 6.720304 / 4.2 m / 137.9 deg
--- Virtual Terminal ---
  Connected:    Y
  State:        21/22  Connected
  VT version:  4
  VT status msgs: 1180   last 234 ms ago
  Partner: addr=0x26 valid=Y  reconnect attempts=0
--- Task Controller ---
  Connected:    Y
  TC-GEO (with/without pos): Y/Y
  Task active:  Y
  DRP deviation (DDI 513): 0 mm, last 1199216 ms ago
  GNSS quality (DDI 514):  0, last 1199216 ms ago
  Value commands (any DDI): 7  last DDI=515 (1043161 ms ago)
  Value requests (any DDI): 26603773
  Partner: addr=0xF7 valid=Y  reconnect attempts=0
  Tramline setpoint (DDI 506): 1  -> terminal DOES implement Tramline Control (1151167 ms ago)
  Guidance track (DDI 507-511): (none yet)
=== ISOBUS DEBUG MENU ===
1. Full status dump
2. Periodic summary line (OFF - press to toggle)
3. Reset message counters
4. Dump DDOP as hex (open in AgIsoDDOPGenerator)
5. Dump VT object pool as hex
q. Exit

# 12:13:58.531
=== ISOBUS STATUS ===
Address claim: CLAIMED  address=0x81
Bus load (ch0): 21.8 %
--- Message counters ---
  PGN 129025 Position NMEA2000: 0
  PGN 129026 Speed NMEA2000:    0
  PGN 129283 XTE NMEA2000:      0
  PGN 65267  Position legacy:   5836
  PGN 65256  Speed legacy:      5836   last SA=0x1C raw=0x2
  PGN 65535  XTE JD legacy:     125807   last SA=0xF0 word=0x0 byte1=0x0
             full payload:     0000000000000000  (3 ms ago)
  PGN 60160  XTE Trimble legacy:86   last SA=0x1C
  PGN 64770  AISO stop:         1179   last 1200284 ms ago
  TOTAL:                        138744
--- Guidance telemetry ---
  XTE:          0.98 m
  Speed:        0.00 m/s (0.01 kn)
  Quality:      4   RTK quality=4  IsRtkQuality=Y
  GGA fix age:  57 ms
  VTG fix age:  55 ms
  XTE fix age:  42 ms
  Lat/Lon/Alt/Course: 53.425362 / 6.720304 / 4.2 m / 137.9 deg
--- Virtual Terminal ---
  Connected:    Y
  State:        21/22  Connected
  VT version:  4
  VT status msgs: 1181   last 301 ms ago
  Partner: addr=0x26 valid=Y  reconnect attempts=0
--- Task Controller ---
  Connected:    Y
  TC-GEO (with/without pos): Y/Y
  Task active:  Y
  DRP deviation (DDI 513): 0 mm, last 1200284 ms ago
  GNSS quality (DDI 514):  0, last 1200284 ms ago
  Value commands (any DDI): 7  last DDI=515 (1044229 ms ago)
  Value requests (any DDI): 26628416
  Partner: addr=0xF7 valid=Y  reconnect attempts=0
  Tramline setpoint (DDI 506): 1  -> terminal DOES implement Tramline Control (1152235 ms ago)
  Guidance track (DDI 507-511): (none yet)
=== ISOBUS DEBUG MENU ===
1. Full status dump
2. Periodic summary line (OFF - press to toggle)
3. Reset message counters
4. Dump DDOP as hex (open in AgIsoDDOPGenerator)
5. Dump VT object pool as hex
q. Exit

# 12:13:59.552
=== ISOBUS STATUS ===
Address claim: CLAIMED  address=0x81
Bus load (ch0): 21.5 %
--- Message counters ---
  PGN 129025 Position NMEA2000: 0
  PGN 129026 Speed NMEA2000:    0
  PGN 129283 XTE NMEA2000:      0
  PGN 65267  Position legacy:   5841
  PGN 65256  Speed legacy:      5841   last SA=0x1C raw=0x1
  PGN 65535  XTE JD legacy:     125916   last SA=0xF0 word=0x0 byte1=0x0
             full payload:     0000000000000000  (16 ms ago)
  PGN 60160  XTE Trimble legacy:86   last SA=0x1C
  PGN 64770  AISO stop:         1180   last 1201317 ms ago
  TOTAL:                        138864
--- Guidance telemetry ---
  XTE:          0.98 m
  Speed:        0.00 m/s (0.00 kn)
  Quality:      4   RTK quality=4  IsRtkQuality=Y
  GGA fix age:  89 ms
  VTG fix age:  88 ms
  XTE fix age:  76 ms
  Lat/Lon/Alt/Course: 53.425362 / 6.720304 / 4.4 m / 137.9 deg
--- Virtual Terminal ---
  Connected:    Y
  State:        21/22  Connected
  VT version:  4
  VT status msgs: 1182   last 334 ms ago
  Partner: addr=0x26 valid=Y  reconnect attempts=0
--- Task Controller ---
  Connected:    Y
  TC-GEO (with/without pos): Y/Y
  Task active:  Y
  DRP deviation (DDI 513): 0 mm, last 1201317 ms ago
  GNSS quality (DDI 514):  0, last 1201317 ms ago
  Value commands (any DDI): 7  last DDI=515 (1045262 ms ago)
  Value requests (any DDI): 26652273
  Partner: addr=0xF7 valid=Y  reconnect attempts=0
  Tramline setpoint (DDI 506): 1  -> terminal DOES implement Tramline Control (1153268 ms ago)
  Guidance track (DDI 507-511): (none yet)
=== ISOBUS DEBUG MENU ===
1. Full status dump
2. Periodic summary line (OFF - press to toggle)
3. Reset message counters
4. Dump DDOP as hex (open in AgIsoDDOPGenerator)
5. Dump VT object pool as hex
q. Exit

# 12:14:00.580
=== ISOBUS STATUS ===
Address claim: CLAIMED  address=0x81
Bus load (ch0): 21.7 %
--- Message counters ---
  PGN 129025 Position NMEA2000: 0
  PGN 129026 Speed NMEA2000:    0
  PGN 129283 XTE NMEA2000:      0
  PGN 65267  Position legacy:   5846
  PGN 65256  Speed legacy:      5846   last SA=0x1C raw=0x2
  PGN 65535  XTE JD legacy:     126027   last SA=0xF0 word=0x0 byte1=0x0
             full payload:     0000000000000000  (6 ms ago)
  PGN 60160  XTE Trimble legacy:86   last SA=0x1C
  PGN 64770  AISO stop:         1181   last 1202347 ms ago
  TOTAL:                        138986
--- Guidance telemetry ---
  XTE:          0.98 m
  Speed:        0.00 m/s (0.01 kn)
  Quality:      4   RTK quality=4  IsRtkQuality=Y
  GGA fix age:  120 ms
  VTG fix age:  118 ms
  XTE fix age:  106 ms
  Lat/Lon/Alt/Course: 53.425362 / 6.720304 / 4.4 m / 137.9 deg
--- Virtual Terminal ---
  Connected:    Y
  State:        21/22  Connected
  VT version:  4
  VT status msgs: 1183   last 364 ms ago
  Partner: addr=0x26 valid=Y  reconnect attempts=0
--- Task Controller ---
  Connected:    Y
  TC-GEO (with/without pos): Y/Y
  Task active:  Y
  DRP deviation (DDI 513): 0 mm, last 1202347 ms ago
  GNSS quality (DDI 514):  0, last 1202347 ms ago
  Value commands (any DDI): 7  last DDI=515 (1046292 ms ago)
  Value requests (any DDI): 26676044
  Partner: addr=0xF7 valid=Y  reconnect attempts=0
  Tramline setpoint (DDI 506): 1  -> terminal DOES implement Tramline Control (1154298 ms ago)
  Guidance track (DDI 507-511): (none yet)
=== ISOBUS DEBUG MENU ===
1. Full status dump
2. Periodic summary line (OFF - press to toggle)
3. Reset message counters
4. Dump DDOP as hex (open in AgIsoDDOPGenerator)
5. Dump VT object pool as hex
q. Exit

# 12:14:01.619
=== ISOBUS STATUS ===
Address claim: CLAIMED  address=0x81
Bus load (ch0): 22.1 %
--- Message counters ---
  PGN 129025 Position NMEA2000: 0
  PGN 129026 Speed NMEA2000:    0
  PGN 129283 XTE NMEA2000:      0
  PGN 65267  Position legacy:   5851
  PGN 65256  Speed legacy:      5851   last SA=0x1C raw=0x0
  PGN 65535  XTE JD legacy:     126136   last SA=0xF0 word=0x0 byte1=0x0
             full payload:     0000000000000000  (8 ms ago)
  PGN 60160  XTE Trimble legacy:86   last SA=0x1C
  PGN 64770  AISO stop:         1182   last 1203369 ms ago
  TOTAL:                        139106
--- Guidance telemetry ---
  XTE:          0.98 m
  Speed:        0.00 m/s (0.00 kn)
  Quality:      4   RTK quality=4  IsRtkQuality=Y
  GGA fix age:  141 ms
  VTG fix age:  140 ms
  XTE fix age:  129 ms
  Lat/Lon/Alt/Course: 53.425362 / 6.720304 / 4.4 m / 137.9 deg
--- Virtual Terminal ---
  Connected:    Y
  State:        21/22  Connected
  VT version:  4
  VT status msgs: 1184   last 387 ms ago
  Partner: addr=0x26 valid=Y  reconnect attempts=0
--- Task Controller ---
  Connected:    Y
  TC-GEO (with/without pos): Y/Y
  Task active:  Y
  DRP deviation (DDI 513): 0 mm, last 1203369 ms ago
  GNSS quality (DDI 514):  0, last 1203369 ms ago
  Value commands (any DDI): 7  last DDI=515 (1047314 ms ago)
  Value requests (any DDI): 26699645
  Partner: addr=0xF7 valid=Y  reconnect attempts=0
  Tramline setpoint (DDI 506): 1  -> terminal DOES implement Tramline Control (1155320 ms ago)
  Guidance track (DDI 507-511): (none yet)
=== ISOBUS DEBUG MENU ===
1. Full status dump
2. Periodic summary line (OFF - press to toggle)
3. Reset message counters
4. Dump DDOP as hex (open in AgIsoDDOPGenerator)
5. Dump VT object pool as hex
q. Exit

# 12:14:02.696
=== ISOBUS STATUS ===
Address claim: CLAIMED  address=0x81
Bus load (ch0): 22.3 %
--- Message counters ---
  PGN 129025 Position NMEA2000: 0
  PGN 129026 Speed NMEA2000:    0
  PGN 129283 XTE NMEA2000:      0
  PGN 65267  Position legacy:   5856
  PGN 65256  Speed legacy:      5856   last SA=0x1C raw=0x4
  PGN 65535  XTE JD legacy:     126245   last SA=0xF0 word=0x0 byte1=0x0
             full payload:     0000000000000000  (10 ms ago)
  PGN 60160  XTE Trimble legacy:86   last SA=0x1C
  PGN 64770  AISO stop:         1184   last 1204412 ms ago
  TOTAL:                        139227
--- Guidance telemetry ---
  XTE:          0.98 m
  Speed:        0.01 m/s (0.02 kn)
  Quality:      4   RTK quality=4  IsRtkQuality=Y
  GGA fix age:  185 ms
  VTG fix age:  183 ms
  XTE fix age:  171 ms
  Lat/Lon/Alt/Course: 53.425362 / 6.720304 / 4.4 m / 137.9 deg
--- Virtual Terminal ---
  Connected:    Y
  State:        21/22  Connected
  VT version:  4
  VT status msgs: 1185   last 429 ms ago
  Partner: addr=0x26 valid=Y  reconnect attempts=0
--- Task Controller ---
  Connected:    Y
  TC-GEO (with/without pos): Y/Y
  Task active:  Y
  DRP deviation (DDI 513): 0 mm, last 1204412 ms ago
  GNSS quality (DDI 514):  0, last 1204412 ms ago
  Value commands (any DDI): 7  last DDI=515 (1048357 ms ago)
  Value requests (any DDI): 26723726
  Partner: addr=0xF7 valid=Y  reconnect attempts=0
  Tramline setpoint (DDI 506): 1  -> terminal DOES implement Tramline Control (1156363 ms ago)
  Guidance track (DDI 507-511): (none yet)
=== ISOBUS DEBUG MENU ===
1. Full status dump
2. Periodic summary line (OFF - press to toggle)
3. Reset message counters
4. Dump DDOP as hex (open in AgIsoDDOPGenerator)
5. Dump VT object pool as hex
q. Exit

# 12:14:03.713
=== ISOBUS STATUS ===
Address claim: CLAIMED  address=0x81
Bus load (ch0): 22.0 %
--- Message counters ---
  PGN 129025 Position NMEA2000: 0
  PGN 129026 Speed NMEA2000:    0
  PGN 129283 XTE NMEA2000:      0
  PGN 65267  Position legacy:   5862
  PGN 65256  Speed legacy:      5862   last SA=0x1C raw=0x3
  PGN 65535  XTE JD legacy:     126364   last SA=0xF0 word=0x0 byte1=0x0
             full payload:     0000000000000000  (0 ms ago)
  PGN 60160  XTE Trimble legacy:86   last SA=0x1C
  PGN 64770  AISO stop:         1185   last 1205482 ms ago
  TOTAL:                        139359
--- Guidance telemetry ---
  XTE:          0.98 m
  Speed:        0.01 m/s (0.01 kn)
  Quality:      4   RTK quality=4  IsRtkQuality=Y
  GGA fix age:  55 ms
  VTG fix age:  54 ms
  XTE fix age:  41 ms
  Lat/Lon/Alt/Course: 53.425362 / 6.720304 / 4.4 m / 137.9 deg
--- Virtual Terminal ---
  Connected:    Y
  State:        21/22  Connected
  VT version:  4
  VT status msgs: 1186   last 499 ms ago
  Partner: addr=0x26 valid=Y  reconnect attempts=0
--- Task Controller ---
  Connected:    Y
  TC-GEO (with/without pos): Y/Y
  Task active:  Y
  DRP deviation (DDI 513): 0 mm, last 1205482 ms ago
  GNSS quality (DDI 514):  0, last 1205483 ms ago
  Value commands (any DDI): 7  last DDI=515 (1049428 ms ago)
  Value requests (any DDI): 26748452
  Partner: addr=0xF7 valid=Y  reconnect attempts=0
  Tramline setpoint (DDI 506): 1  -> terminal DOES implement Tramline Control (1157434 ms ago)
  Guidance track (DDI 507-511): (none yet)
=== ISOBUS DEBUG MENU ===
1. Full status dump
2. Periodic summary line (OFF - press to toggle)
3. Reset message counters
4. Dump DDOP as hex (open in AgIsoDDOPGenerator)
5. Dump VT object pool as hex
q. Exit

# 12:14:04.728
=== ISOBUS STATUS ===
Address claim: CLAIMED  address=0x81
Bus load (ch0): 21.9 %
--- Message counters ---
  PGN 129025 Position NMEA2000: 0
  PGN 129026 Speed NMEA2000:    0
  PGN 129283 XTE NMEA2000:      0
  PGN 65267  Position legacy:   5867
  PGN 65256  Speed legacy:      5867   last SA=0x1C raw=0x1
  PGN 65535  XTE JD legacy:     126471   last SA=0xF0 word=0x0 byte1=0x0
             full payload:     0000000000000000  (17 ms ago)
  PGN 60160  XTE Trimble legacy:86   last SA=0x1C
  PGN 64770  AISO stop:         1186   last 1206499 ms ago
  TOTAL:                        139477
--- Guidance telemetry ---
  XTE:          0.98 m
  Speed:        0.00 m/s (0.00 kn)
  Quality:      4   RTK quality=4  IsRtkQuality=Y
  GGA fix age:  72 ms
  VTG fix age:  70 ms
  XTE fix age:  58 ms
  Lat/Lon/Alt/Course: 53.425362 / 6.720304 / 4.4 m / 137.9 deg
--- Virtual Terminal ---
  Connected:    Y
  State:        21/22  Connected
  VT version:  4
  VT status msgs: 1187   last 516 ms ago
  Partner: addr=0x26 valid=Y  reconnect attempts=0
--- Task Controller ---
  Connected:    Y
  TC-GEO (with/without pos): Y/Y
  Task active:  Y
  DRP deviation (DDI 513): 0 mm, last 1206499 ms ago
  GNSS quality (DDI 514):  0, last 1206499 ms ago
  Value commands (any DDI): 7  last DDI=515 (1050444 ms ago)
  Value requests (any DDI): 26771908
  Partner: addr=0xF7 valid=Y  reconnect attempts=0
  Tramline setpoint (DDI 506): 1  -> terminal DOES implement Tramline Control (1158450 ms ago)
  Guidance track (DDI 507-511): (none yet)
=== ISOBUS DEBUG MENU ===
1. Full status dump
2. Periodic summary line (OFF - press to toggle)
3. Reset message counters
4. Dump DDOP as hex (open in AgIsoDDOPGenerator)
5. Dump VT object pool as hex
q. Exit

# 12:14:05.746
=== ISOBUS STATUS ===
Address claim: CLAIMED  address=0x81
Bus load (ch0): 21.3 %
--- Message counters ---
  PGN 129025 Position NMEA2000: 0
  PGN 129026 Speed NMEA2000:    0
  PGN 129283 XTE NMEA2000:      0
  PGN 65267  Position legacy:   5872
  PGN 65256  Speed legacy:      5872   last SA=0x1C raw=0x1
  PGN 65535  XTE JD legacy:     126579   last SA=0xF0 word=0x0 byte1=0x0
             full payload:     0000000000000000  (19 ms ago)
  PGN 60160  XTE Trimble legacy:86   last SA=0x1C
  PGN 64770  AISO stop:         1187   last 1207520 ms ago
  TOTAL:                        139596
--- Guidance telemetry ---
  XTE:          0.98 m
  Speed:        0.00 m/s (0.00 kn)
  Quality:      4   RTK quality=4  IsRtkQuality=Y
  GGA fix age:  93 ms
  VTG fix age:  91 ms
  XTE fix age:  79 ms
  Lat/Lon/Alt/Course: 53.425362 / 6.720304 / 4.2 m / 137.9 deg
--- Virtual Terminal ---
  Connected:    Y
  State:        21/22  Connected
  VT version:  4
  VT status msgs: 1188   last 537 ms ago
  Partner: addr=0x26 valid=Y  reconnect attempts=0
--- Task Controller ---
  Connected:    Y
  TC-GEO (with/without pos): Y/Y
  Task active:  Y
  DRP deviation (DDI 513): 0 mm, last 1207520 ms ago
  GNSS quality (DDI 514):  0, last 1207520 ms ago
  Value commands (any DDI): 7  last DDI=515 (1051465 ms ago)
  Value requests (any DDI): 26795496
  Partner: addr=0xF7 valid=Y  reconnect attempts=0
  Tramline setpoint (DDI 506): 1  -> terminal DOES implement Tramline Control (1159471 ms ago)
  Guidance track (DDI 507-511): (none yet)
=== ISOBUS DEBUG MENU ===
1. Full status dump
2. Periodic summary line (OFF - press to toggle)
3. Reset message counters
4. Dump DDOP as hex (open in AgIsoDDOPGenerator)
5. Dump VT object pool as hex
q. Exit

# 12:14:06.763
=== ISOBUS STATUS ===
Address claim: CLAIMED  address=0x81
Bus load (ch0): 21.9 %
--- Message counters ---
  PGN 129025 Position NMEA2000: 0
  PGN 129026 Speed NMEA2000:    0
  PGN 129283 XTE NMEA2000:      0
  PGN 65267  Position legacy:   5877
  PGN 65256  Speed legacy:      5877   last SA=0x1C raw=0x1
  PGN 65535  XTE JD legacy:     126688   last SA=0xF0 word=0x0 byte1=0x0
             full payload:     0000000000000000  (11 ms ago)
  PGN 60160  XTE Trimble legacy:86   last SA=0x1C
  PGN 64770  AISO stop:         1188   last 1208534 ms ago
  TOTAL:                        139716
--- Guidance telemetry ---
  XTE:          0.98 m
  Speed:        0.00 m/s (0.00 kn)
  Quality:      4   RTK quality=4  IsRtkQuality=Y
  GGA fix age:  107 ms
  VTG fix age:  105 ms
  XTE fix age:  94 ms
  Lat/Lon/Alt/Course: 53.425362 / 6.720304 / 4.2 m / 137.9 deg
--- Virtual Terminal ---
  Connected:    Y
  State:        21/22  Connected
  VT version:  4
  VT status msgs: 1189   last 551 ms ago
  Partner: addr=0x26 valid=Y  reconnect attempts=0
--- Task Controller ---
  Connected:    Y
  TC-GEO (with/without pos): Y/Y
  Task active:  Y
  DRP deviation (DDI 513): 0 mm, last 1208534 ms ago
  GNSS quality (DDI 514):  0, last 1208534 ms ago
  Value commands (any DDI): 7  last DDI=515 (1052479 ms ago)
  Value requests (any DDI): 26818905
  Partner: addr=0xF7 valid=Y  reconnect attempts=0
  Tramline setpoint (DDI 506): 1  -> terminal DOES implement Tramline Control (1160485 ms ago)
  Guidance track (DDI 507-511): (none yet)
=== ISOBUS DEBUG MENU ===
1. Full status dump
2. Periodic summary line (OFF - press to toggle)
3. Reset message counters
4. Dump DDOP as hex (open in AgIsoDDOPGenerator)
5. Dump VT object pool as hex
q. Exit

# 12:14:07.790
=== ISOBUS STATUS ===
Address claim: CLAIMED  address=0x81
Bus load (ch0): 21.4 %
--- Message counters ---
  PGN 129025 Position NMEA2000: 0
  PGN 129026 Speed NMEA2000:    0
  PGN 129283 XTE NMEA2000:      0
  PGN 65267  Position legacy:   5882
  PGN 65256  Speed legacy:      5882   last SA=0x1C raw=0x1
  PGN 65535  XTE JD legacy:     126796   last SA=0xF0 word=0x0 byte1=0x0
             full payload:     0000000000000000  (8 ms ago)
  PGN 60160  XTE Trimble legacy:86   last SA=0x1C
  PGN 64770  AISO stop:         1189   last 1209549 ms ago
  TOTAL:                        139835
--- Guidance telemetry ---
  XTE:          0.98 m
  Speed:        0.00 m/s (0.00 kn)
  Quality:      4   RTK quality=4  IsRtkQuality=Y
  GGA fix age:  122 ms
  VTG fix age:  121 ms
  XTE fix age:  108 ms
  Lat/Lon/Alt/Course: 53.425362 / 6.720304 / 4.2 m / 137.9 deg
--- Virtual Terminal ---
  Connected:    Y
  State:        21/22  Connected
  VT version:  4
  VT status msgs: 1190   last 566 ms ago
  Partner: addr=0x26 valid=Y  reconnect attempts=0
--- Task Controller ---
  Connected:    Y
  TC-GEO (with/without pos): Y/Y
  Task active:  Y
  DRP deviation (DDI 513): 0 mm, last 1209549 ms ago
  GNSS quality (DDI 514):  0, last 1209549 ms ago
  Value commands (any DDI): 7  last DDI=515 (1053494 ms ago)
  Value requests (any DDI): 26842326
  Partner: addr=0xF7 valid=Y  reconnect attempts=0
  Tramline setpoint (DDI 506): 1  -> terminal DOES implement Tramline Control (1161500 ms ago)
  Guidance track (DDI 507-511): (none yet)
=== ISOBUS DEBUG MENU ===
1. Full status dump
2. Periodic summary line (OFF - press to toggle)
3. Reset message counters
4. Dump DDOP as hex (open in AgIsoDDOPGenerator)
5. Dump VT object pool as hex
q. Exit

# 12:14:08.797
=== ISOBUS STATUS ===
Address claim: CLAIMED  address=0x81
Bus load (ch0): 21.3 %
--- Message counters ---
  PGN 129025 Position NMEA2000: 0
  PGN 129026 Speed NMEA2000:    0
  PGN 129283 XTE NMEA2000:      0
  PGN 65267  Position legacy:   5887
  PGN 65256  Speed legacy:      5887   last SA=0x1C raw=0x2
  PGN 65535  XTE JD legacy:     126904   last SA=0xF0 word=0x0 byte1=0x0
             full payload:     0000000000000000  (14 ms ago)
  PGN 60160  XTE Trimble legacy:86   last SA=0x1C
  PGN 64770  AISO stop:         1190   last 1210575 ms ago
  TOTAL:                        139954
--- Guidance telemetry ---
  XTE:          0.98 m
  Speed:        0.00 m/s (0.01 kn)
  Quality:      4   RTK quality=4  IsRtkQuality=Y
  GGA fix age:  148 ms
  VTG fix age:  146 ms
  XTE fix age:  134 ms
  Lat/Lon/Alt/Course: 53.425362 / 6.720304 / 4.4 m / 137.9 deg
--- Virtual Terminal ---
  Connected:    Y
  State:        21/22  Connected
  VT version:  4
  VT status msgs: 1191   last 592 ms ago
  Partner: addr=0x26 valid=Y  reconnect attempts=0
--- Task Controller ---
  Connected:    Y
  TC-GEO (with/without pos): Y/Y
  Task active:  Y
  DRP deviation (DDI 513): 0 mm, last 1210575 ms ago
  GNSS quality (DDI 514):  0, last 1210575 ms ago
  Value commands (any DDI): 7  last DDI=515 (1054520 ms ago)
  Value requests (any DDI): 26866022
  Partner: addr=0xF7 valid=Y  reconnect attempts=0
  Tramline setpoint (DDI 506): 1  -> terminal DOES implement Tramline Control (1162526 ms ago)
  Guidance track (DDI 507-511): (none yet)
=== ISOBUS DEBUG MENU ===
1. Full status dump
2. Periodic summary line (OFF - press to toggle)
3. Reset message counters
4. Dump DDOP as hex (open in AgIsoDDOPGenerator)
5. Dump VT object pool as hex
q. Exit

# 12:14:09.820
=== ISOBUS STATUS ===
Address claim: CLAIMED  address=0x81
Bus load (ch0): 21.4 %
--- Message counters ---
  PGN 129025 Position NMEA2000: 0
  PGN 129026 Speed NMEA2000:    0
  PGN 129283 XTE NMEA2000:      0
  PGN 65267  Position legacy:   5892
  PGN 65256  Speed legacy:      5892   last SA=0x1C raw=0x2
  PGN 65535  XTE JD legacy:     127012   last SA=0xF0 word=0x0 byte1=0x0
             full payload:     0000000000000000  (5 ms ago)
  PGN 60160  XTE Trimble legacy:86   last SA=0x1C
  PGN 64770  AISO stop:         1191   last 1211586 ms ago
  TOTAL:                        140073
--- Guidance telemetry ---
  XTE:          0.98 m
  Speed:        0.00 m/s (0.01 kn)
  Quality:      4   RTK quality=4  IsRtkQuality=Y
  GGA fix age:  159 ms
  VTG fix age:  157 ms
  XTE fix age:  145 ms
  Lat/Lon/Alt/Course: 53.425362 / 6.720304 / 4.2 m / 137.9 deg
--- Virtual Terminal ---
  Connected:    Y
  State:        21/22  Connected
  VT version:  4
  VT status msgs: 1192   last 603 ms ago
  Partner: addr=0x26 valid=Y  reconnect attempts=0
--- Task Controller ---
  Connected:    Y
  TC-GEO (with/without pos): Y/Y
  Task active:  Y
  DRP deviation (DDI 513): 0 mm, last 1211586 ms ago
  GNSS quality (DDI 514):  0, last 1211586 ms ago
  Value commands (any DDI): 7  last DDI=515 (1055531 ms ago)
  Value requests (any DDI): 26889359
  Partner: addr=0xF7 valid=Y  reconnect attempts=0
  Tramline setpoint (DDI 506): 1  -> terminal DOES implement Tramline Control (1163537 ms ago)
  Guidance track (DDI 507-511): (none yet)
=== ISOBUS DEBUG MENU ===
1. Full status dump
2. Periodic summary line (OFF - press to toggle)
3. Reset message counters
4. Dump DDOP as hex (open in AgIsoDDOPGenerator)
5. Dump VT object pool as hex
q. Exit

# 12:14:10.829
=== ISOBUS STATUS ===
Address claim: CLAIMED  address=0x81
Bus load (ch0): 21.7 %
--- Message counters ---
  PGN 129025 Position NMEA2000: 0
  PGN 129026 Speed NMEA2000:    0
  PGN 129283 XTE NMEA2000:      0
  PGN 65267  Position legacy:   5897
  PGN 65256  Speed legacy:      5897   last SA=0x1C raw=0x2
  PGN 65535  XTE JD legacy:     127121   last SA=0xF0 word=0x0 byte1=0x0
             full payload:     0000000000000000  (7 ms ago)
  PGN 60160  XTE Trimble legacy:86   last SA=0x1C
  PGN 64770  AISO stop:         1192   last 1212609 ms ago
  TOTAL:                        140193
--- Guidance telemetry ---
  XTE:          0.98 m
  Speed:        0.00 m/s (0.01 kn)
  Quality:      4   RTK quality=4  IsRtkQuality=Y
  GGA fix age:  182 ms
  VTG fix age:  180 ms
  XTE fix age:  169 ms
  Lat/Lon/Alt/Course: 53.425362 / 6.720304 / 4.2 m / 137.9 deg
--- Virtual Terminal ---
  Connected:    Y
  State:        21/22  Connected
  VT version:  4
  VT status msgs: 1193   last 626 ms ago
  Partner: addr=0x26 valid=Y  reconnect attempts=0
--- Task Controller ---
  Connected:    Y
  TC-GEO (with/without pos): Y/Y
  Task active:  Y
  DRP deviation (DDI 513): 0 mm, last 1212609 ms ago
  GNSS quality (DDI 514):  0, last 1212609 ms ago
  Value commands (any DDI): 7  last DDI=515 (1056554 ms ago)
  Value requests (any DDI): 26912975
  Partner: addr=0xF7 valid=Y  reconnect attempts=0
  Tramline setpoint (DDI 506): 1  -> terminal DOES implement Tramline Control (1164560 ms ago)
  Guidance track (DDI 507-511): (none yet)
=== ISOBUS DEBUG MENU ===
1. Full status dump
2. Periodic summary line (OFF - press to toggle)
3. Reset message counters
4. Dump DDOP as hex (open in AgIsoDDOPGenerator)
5. Dump VT object pool as hex
q. Exit

# 12:14:11.848
=== ISOBUS STATUS ===
Address claim: CLAIMED  address=0x81
Bus load (ch0): 21.5 %
--- Message counters ---
  PGN 129025 Position NMEA2000: 0
  PGN 129026 Speed NMEA2000:    0
  PGN 129283 XTE NMEA2000:      0
  PGN 65267  Position legacy:   5902
  PGN 65256  Speed legacy:      5902   last SA=0x1C raw=0x3
  PGN 65535  XTE JD legacy:     127228   last SA=0xF0 word=0x0 byte1=0x0
             full payload:     0000000000000000  (18 ms ago)
  PGN 60160  XTE Trimble legacy:86   last SA=0x1C
  PGN 64770  AISO stop:         1193   last 1213620 ms ago
  TOTAL:                        140311
--- Guidance telemetry ---
  XTE:          0.98 m
  Speed:        0.01 m/s (0.01 kn)
  Quality:      4   RTK quality=4  IsRtkQuality=Y
  GGA fix age:  193 ms
  VTG fix age:  192 ms
  XTE fix age:  179 ms
  Lat/Lon/Alt/Course: 53.425362 / 6.720304 / 4.2 m / 137.9 deg
--- Virtual Terminal ---
  Connected:    Y
  State:        21/22  Connected
  VT version:  4
  VT status msgs: 1194   last 637 ms ago
  Partner: addr=0x26 valid=Y  reconnect attempts=0
--- Task Controller ---
  Connected:    Y
  TC-GEO (with/without pos): Y/Y
  Task active:  Y
  DRP deviation (DDI 513): 0 mm, last 1213620 ms ago
  GNSS quality (DDI 514):  0, last 1213620 ms ago
  Value commands (any DDI): 7  last DDI=515 (1057565 ms ago)
  Value requests (any DDI): 26936313
  Partner: addr=0xF7 valid=Y  reconnect attempts=0
  Tramline setpoint (DDI 506): 1  -> terminal DOES implement Tramline Control (1165571 ms ago)
  Guidance track (DDI 507-511): (none yet)
=== ISOBUS DEBUG MENU ===
1. Full status dump
2. Periodic summary line (OFF - press to toggle)
3. Reset message counters
4. Dump DDOP as hex (open in AgIsoDDOPGenerator)
5. Dump VT object pool as hex
q. Exit

# 12:14:12.883
=== ISOBUS STATUS ===
Address claim: CLAIMED  address=0x81
Bus load (ch0): 21.5 %
--- Message counters ---
  PGN 129025 Position NMEA2000: 0
  PGN 129026 Speed NMEA2000:    0
  PGN 129283 XTE NMEA2000:      0
  PGN 65267  Position legacy:   5908
  PGN 65256  Speed legacy:      5908   last SA=0x1C raw=0x3
  PGN 65535  XTE JD legacy:     127343   last SA=0x1C word=0x0 byte1=0x0
             full payload:     0000000000000000  (0 ms ago)
  PGN 60160  XTE Trimble legacy:86   last SA=0x1C
  PGN 64770  AISO stop:         1194   last 1214634 ms ago
  TOTAL:                        140439
--- Guidance telemetry ---
  XTE:          0.98 m
  Speed:        0.01 m/s (0.01 kn)
  Quality:      4   RTK quality=4  IsRtkQuality=Y
  GGA fix age:  7 ms
  VTG fix age:  6 ms
  XTE fix age:  189 ms
  Lat/Lon/Alt/Course: 53.425362 / 6.720304 / 4.4 m / 137.9 deg
--- Virtual Terminal ---
  Connected:    Y
  State:        21/22  Connected
  VT version:  4
  VT status msgs: 1195   last 651 ms ago
  Partner: addr=0x26 valid=Y  reconnect attempts=0
--- Task Controller ---
  Connected:    Y
  TC-GEO (with/without pos): Y/Y
  Task active:  Y
  DRP deviation (DDI 513): 0 mm, last 1214634 ms ago
  GNSS quality (DDI 514):  0, last 1214634 ms ago
  Value commands (any DDI): 7  last DDI=515 (1058579 ms ago)
  Value requests (any DDI): 26959740
  Partner: addr=0xF7 valid=Y  reconnect attempts=0
  Tramline setpoint (DDI 506): 1  -> terminal DOES implement Tramline Control (1166585 ms ago)
  Guidance track (DDI 507-511): (none yet)
=== ISOBUS DEBUG MENU ===
1. Full status dump
2. Periodic summary line (OFF - press to toggle)
3. Reset message counters
4. Dump DDOP as hex (open in AgIsoDDOPGenerator)
5. Dump VT object pool as hex
q. Exit

# 12:14:13.923
=== ISOBUS STATUS ===
Address claim: CLAIMED  address=0x81
Bus load (ch0): 21.5 %
--- Message counters ---
  PGN 129025 Position NMEA2000: 0
  PGN 129026 Speed NMEA2000:    0
  PGN 129283 XTE NMEA2000:      0
  PGN 65267  Position legacy:   5913
  PGN 65256  Speed legacy:      5913   last SA=0x1C raw=0x0
  PGN 65535  XTE JD legacy:     127453   last SA=0xF0 word=0x0 byte1=0x0
             full payload:     0000000000000000  (9 ms ago)
  PGN 60160  XTE Trimble legacy:86   last SA=0x1C
  PGN 64770  AISO stop:         1195   last 1215670 ms ago
  TOTAL:                        140560
--- Guidance telemetry ---
  XTE:          0.98 m
  Speed:        0.00 m/s (0.00 kn)
  Quality:      4   RTK quality=4  IsRtkQuality=Y
  GGA fix age:  43 ms
  VTG fix age:  41 ms
  XTE fix age:  29 ms
  Lat/Lon/Alt/Course: 53.425362 / 6.720304 / 4.4 m / 137.9 deg
--- Virtual Terminal ---
  Connected:    Y
  State:        21/22  Connected
  VT version:  4
  VT status msgs: 1196   last 687 ms ago
  Partner: addr=0x26 valid=Y  reconnect attempts=0
--- Task Controller ---
  Connected:    Y
  TC-GEO (with/without pos): Y/Y
  Task active:  Y
  DRP deviation (DDI 513): 0 mm, last 1215670 ms ago
  GNSS quality (DDI 514):  0, last 1215670 ms ago
  Value commands (any DDI): 7  last DDI=515 (1059615 ms ago)
  Value requests (any DDI): 26983642
  Partner: addr=0xF7 valid=Y  reconnect attempts=0
  Tramline setpoint (DDI 506): 1  -> terminal DOES implement Tramline Control (1167621 ms ago)
  Guidance track (DDI 507-511): (none yet)
=== ISOBUS DEBUG MENU ===
1. Full status dump
2. Periodic summary line (OFF - press to toggle)
3. Reset message counters
4. Dump DDOP as hex (open in AgIsoDDOPGenerator)
5. Dump VT object pool as hex
q. Exit

# 12:14:14.953
=== ISOBUS STATUS ===
Address claim: CLAIMED  address=0x81
Bus load (ch0): 21.5 %
--- Message counters ---
  PGN 129025 Position NMEA2000: 0
  PGN 129026 Speed NMEA2000:    0
  PGN 129283 XTE NMEA2000:      0
  PGN 65267  Position legacy:   5918
  PGN 65256  Speed legacy:      5918   last SA=0x1C raw=0x6
  PGN 65535  XTE JD legacy:     127563   last SA=0xF0 word=0x0 byte1=0x0
             full payload:     0000000000000000  (3 ms ago)
  PGN 60160  XTE Trimble legacy:86   last SA=0x1C
  PGN 64770  AISO stop:         1196   last 1216712 ms ago
  TOTAL:                        140681
--- Guidance telemetry ---
  XTE:          0.98 m
  Speed:        0.01 m/s (0.02 kn)
  Quality:      4   RTK quality=4  IsRtkQuality=Y
  GGA fix age:  85 ms
  VTG fix age:  84 ms
  XTE fix age:  71 ms
  Lat/Lon/Alt/Course: 53.425362 / 6.720304 / 4.4 m / 137.9 deg
--- Virtual Terminal ---
  Connected:    Y
  State:        21/22  Connected
  VT version:  4
  VT status msgs: 1197   last 729 ms ago
  Partner: addr=0x26 valid=Y  reconnect attempts=0
--- Task Controller ---
  Connected:    Y
  TC-GEO (with/without pos): Y/Y
  Task active:  Y
  DRP deviation (DDI 513): 0 mm, last 1216712 ms ago
  GNSS quality (DDI 514):  0, last 1216712 ms ago
  Value commands (any DDI): 7  last DDI=515 (1060657 ms ago)
  Value requests (any DDI): 27007715
  Partner: addr=0xF7 valid=Y  reconnect attempts=0
  Tramline setpoint (DDI 506): 1  -> terminal DOES implement Tramline Control (1168663 ms ago)
  Guidance track (DDI 507-511): (none yet)
=== ISOBUS DEBUG MENU ===
1. Full status dump
2. Periodic summary line (OFF - press to toggle)
3. Reset message counters
4. Dump DDOP as hex (open in AgIsoDDOPGenerator)
5. Dump VT object pool as hex
q. Exit

# 12:14:15.977
=== ISOBUS STATUS ===
Address claim: CLAIMED  address=0x81
Bus load (ch0): 21.8 %
--- Message counters ---
  PGN 129025 Position NMEA2000: 0
  PGN 129026 Speed NMEA2000:    0
  PGN 129283 XTE NMEA2000:      0
  PGN 65267  Position legacy:   5923
  PGN 65256  Speed legacy:      5923   last SA=0x1C raw=0x1
  PGN 65535  XTE JD legacy:     127673   last SA=0xF0 word=0x0 byte1=0x0
             full payload:     0000000000000000  (2 ms ago)
  PGN 60160  XTE Trimble legacy:86   last SA=0x1C
  PGN 64770  AISO stop:         1197   last 1217743 ms ago
  TOTAL:                        140802
--- Guidance telemetry ---
  XTE:          0.98 m
  Speed:        0.00 m/s (0.00 kn)
  Quality:      4   RTK quality=4  IsRtkQuality=Y
  GGA fix age:  116 ms
  VTG fix age:  114 ms
  XTE fix age:  102 ms
  Lat/Lon/Alt/Course: 53.425362 / 6.720304 / 4.4 m / 137.9 deg
--- Virtual Terminal ---
  Connected:    Y
  State:        21/22  Connected
  VT version:  4
  VT status msgs: 1198   last 760 ms ago
  Partner: addr=0x26 valid=Y  reconnect attempts=0
--- Task Controller ---
  Connected:    Y
  TC-GEO (with/without pos): Y/Y
  Task active:  Y
  DRP deviation (DDI 513): 0 mm, last 1217743 ms ago
  GNSS quality (DDI 514):  0, last 1217743 ms ago
  Value commands (any DDI): 7  last DDI=515 (1061688 ms ago)
  Value requests (any DDI): 27031503
  Partner: addr=0xF7 valid=Y  reconnect attempts=0
  Tramline setpoint (DDI 506): 1  -> terminal DOES implement Tramline Control (1169694 ms ago)
  Guidance track (DDI 507-511): (none yet)
=== ISOBUS DEBUG MENU ===
1. Full status dump
2. Periodic summary line (OFF - press to toggle)
3. Reset message counters
4. Dump DDOP as hex (open in AgIsoDDOPGenerator)
5. Dump VT object pool as hex
q. Exit

# 12:14:17.011
=== ISOBUS STATUS ===
Address claim: CLAIMED  address=0x81
Bus load (ch0): 22.3 %
--- Message counters ---
  PGN 129025 Position NMEA2000: 0
  PGN 129026 Speed NMEA2000:    0
  PGN 129283 XTE NMEA2000:      0
  PGN 65267  Position legacy:   5928
  PGN 65256  Speed legacy:      5928   last SA=0x1C raw=0x3
  PGN 65535  XTE JD legacy:     127783   last SA=0xF0 word=0x0 byte1=0x0
             full payload:     0000000000000000  (5 ms ago)
  PGN 60160  XTE Trimble legacy:86   last SA=0x1C
  PGN 64770  AISO stop:         1198   last 1218767 ms ago
  TOTAL:                        140923
--- Guidance telemetry ---
  XTE:          0.98 m
  Speed:        0.01 m/s (0.01 kn)
  Quality:      4   RTK quality=4  IsRtkQuality=Y
  GGA fix age:  140 ms
  VTG fix age:  139 ms
  XTE fix age:  126 ms
  Lat/Lon/Alt/Course: 53.425362 / 6.720304 / 4.4 m / 137.9 deg
--- Virtual Terminal ---
  Connected:    Y
  State:        21/22  Connected
  VT version:  4
  VT status msgs: 1199   last 784 ms ago
  Partner: addr=0x26 valid=Y  reconnect attempts=0
--- Task Controller ---
  Connected:    Y
  TC-GEO (with/without pos): Y/Y
  Task active:  Y
  DRP deviation (DDI 513): 0 mm, last 1218767 ms ago
  GNSS quality (DDI 514):  0, last 1218767 ms ago
  Value commands (any DDI): 7  last DDI=515 (1062712 ms ago)
  Value requests (any DDI): 27055151
  Partner: addr=0xF7 valid=Y  reconnect attempts=0
  Tramline setpoint (DDI 506): 1  -> terminal DOES implement Tramline Control (1170718 ms ago)
  Guidance track (DDI 507-511): (none yet)
=== ISOBUS DEBUG MENU ===
1. Full status dump
2. Periodic summary line (OFF - press to toggle)
3. Reset message counters
4. Dump DDOP as hex (open in AgIsoDDOPGenerator)
5. Dump VT object pool as hex
q. Exit

# 12:14:18.034
=== ISOBUS STATUS ===
Address claim: CLAIMED  address=0x81
Bus load (ch0): 21.7 %
--- Message counters ---
  PGN 129025 Position NMEA2000: 0
  PGN 129026 Speed NMEA2000:    0
  PGN 129283 XTE NMEA2000:      0
  PGN 65267  Position legacy:   5933
  PGN 65256  Speed legacy:      5933   last SA=0x1C raw=0x2
  PGN 65535  XTE JD legacy:     127892   last SA=0xF0 word=0x0 byte1=0x0
             full payload:     0000000000000000  (8 ms ago)
  PGN 60160  XTE Trimble legacy:86   last SA=0x1C
  PGN 64770  AISO stop:         1199   last 1219802 ms ago
  TOTAL:                        141043
--- Guidance telemetry ---
  XTE:          0.98 m
  Speed:        0.00 m/s (0.01 kn)
  Quality:      4   RTK quality=4  IsRtkQuality=Y
  GGA fix age:  175 ms
  VTG fix age:  173 ms
  XTE fix age:  157 ms
  Lat/Lon/Alt/Course: 53.425362 / 6.720304 / 4.4 m / 137.9 deg
--- Virtual Terminal ---
  Connected:    Y
  State:        21/22  Connected
  VT version:  4
  VT status msgs: 1200   last 819 ms ago
  Partner: addr=0x26 valid=Y  reconnect attempts=0
--- Task Controller ---
  Connected:    Y
  TC-GEO (with/without pos): Y/Y
  Task active:  Y
  DRP deviation (DDI 513): 0 mm, last 1219802 ms ago
  GNSS quality (DDI 514):  0, last 1219802 ms ago
  Value commands (any DDI): 7  last DDI=515 (1063747 ms ago)
  Value requests (any DDI): 27079046
  Partner: addr=0xF7 valid=Y  reconnect attempts=0
  Tramline setpoint (DDI 506): 1  -> terminal DOES implement Tramline Control (1171753 ms ago)
  Guidance track (DDI 507-511): (none yet)
=== ISOBUS DEBUG MENU ===
1. Full status dump
2. Periodic summary line (OFF - press to toggle)
3. Reset message counters
4. Dump DDOP as hex (open in AgIsoDDOPGenerator)
5. Dump VT object pool as hex
q. Exit

# 12:14:19.048
=== ISOBUS STATUS ===
Address claim: CLAIMED  address=0x81
Bus load (ch0): 22.0 %
--- Message counters ---
  PGN 129025 Position NMEA2000: 0
  PGN 129026 Speed NMEA2000:    0
  PGN 129283 XTE NMEA2000:      0
  PGN 65267  Position legacy:   5938
  PGN 65256  Speed legacy:      5938   last SA=0x1C raw=0x2
  PGN 65535  XTE JD legacy:     128000   last SA=0xF0 word=0x0 byte1=0x0
             full payload:     0000000000000000  (19 ms ago)
  PGN 60160  XTE Trimble legacy:88   last SA=0x1C
  PGN 64770  AISO stop:         1200   last 1220821 ms ago
  TOTAL:                        141164
--- Guidance telemetry ---
  XTE:          0.98 m
  Speed:        0.00 m/s (0.01 kn)
  Quality:      4   RTK quality=4  IsRtkQuality=Y
  GGA fix age:  194 ms
  VTG fix age:  193 ms
  XTE fix age:  180 ms
  Lat/Lon/Alt/Course: 53.425362 / 6.720304 / 4.4 m / 137.9 deg
--- Virtual Terminal ---
  Connected:    Y
  State:        21/22  Connected
  VT version:  4
  VT status msgs: 1201   last 838 ms ago
  Partner: addr=0x26 valid=Y  reconnect attempts=0
--- Task Controller ---
  Connected:    Y
  TC-GEO (with/without pos): Y/Y
  Task active:  Y
  DRP deviation (DDI 513): 0 mm, last 1220821 ms ago
  GNSS quality (DDI 514):  0, last 1220821 ms ago
  Value commands (any DDI): 7  last DDI=515 (1064766 ms ago)
  Value requests (any DDI): 27102494
  Partner: addr=0xF7 valid=Y  reconnect attempts=0
  Tramline setpoint (DDI 506): 1  -> terminal DOES implement Tramline Control (1172772 ms ago)
  Guidance track (DDI 507-511): (none yet)
=== ISOBUS DEBUG MENU ===
1. Full status dump
2. Periodic summary line (OFF - press to toggle)
3. Reset message counters
4. Dump DDOP as hex (open in AgIsoDDOPGenerator)
5. Dump VT object pool as hex
q. Exit

# 12:14:20.084
=== ISOBUS STATUS ===
Address claim: CLAIMED  address=0x81
Bus load (ch0): 21.6 %
--- Message counters ---
  PGN 129025 Position NMEA2000: 0
  PGN 129026 Speed NMEA2000:    0
  PGN 129283 XTE NMEA2000:      0
  PGN 65267  Position legacy:   5944
  PGN 65256  Speed legacy:      5944   last SA=0x1C raw=0x1
  PGN 65535  XTE JD legacy:     128115   last SA=0x1C word=0x0 byte1=0x0
             full payload:     0000000000000000  (3 ms ago)
  PGN 60160  XTE Trimble legacy:89   last SA=0x1C
  PGN 64770  AISO stop:         1201   last 1221836 ms ago
  TOTAL:                        141293
--- Guidance telemetry ---
  XTE:          0.98 m
  Speed:        0.00 m/s (0.00 kn)
  Quality:      4   RTK quality=4  IsRtkQuality=Y
  GGA fix age:  9 ms
  VTG fix age:  8 ms
  XTE fix age:  190 ms
  Lat/Lon/Alt/Course: 53.425362 / 6.720304 / 4.2 m / 137.9 deg
--- Virtual Terminal ---
  Connected:    Y
  State:        21/22  Connected
  VT version:  4
  VT status msgs: 1202   last 853 ms ago
  Partner: addr=0x26 valid=Y  reconnect attempts=0
--- Task Controller ---
  Connected:    Y
  TC-GEO (with/without pos): Y/Y
  Task active:  Y
  DRP deviation (DDI 513): 0 mm, last 1221836 ms ago
  GNSS quality (DDI 514):  0, last 1221836 ms ago
  Value commands (any DDI): 7  last DDI=515 (1065781 ms ago)
  Value requests (any DDI): 27125890
  Partner: addr=0xF7 valid=Y  reconnect attempts=0
  Tramline setpoint (DDI 506): 1  -> terminal DOES implement Tramline Control (1173787 ms ago)
  Guidance track (DDI 507-511): (none yet)
=== ISOBUS DEBUG MENU ===
1. Full status dump
2. Periodic summary line (OFF - press to toggle)
3. Reset message counters
4. Dump DDOP as hex (open in AgIsoDDOPGenerator)
5. Dump VT object pool as hex
q. Exit

# 12:14:21.112
=== ISOBUS STATUS ===
Address claim: CLAIMED  address=0x81
Bus load (ch0): 21.8 %
--- Message counters ---
  PGN 129025 Position NMEA2000: 0
  PGN 129026 Speed NMEA2000:    0
  PGN 129283 XTE NMEA2000:      0
  PGN 65267  Position legacy:   5949
  PGN 65256  Speed legacy:      5949   last SA=0x1C raw=0x4
  PGN 65535  XTE JD legacy:     128226   last SA=0xF0 word=0x0 byte1=0x0
             full payload:     0000000000000000  (11 ms ago)
  PGN 60160  XTE Trimble legacy:89   last SA=0x1C
  PGN 64770  AISO stop:         1202   last 1222873 ms ago
  TOTAL:                        141415
--- Guidance telemetry ---
  XTE:          0.98 m
  Speed:        0.01 m/s (0.02 kn)
  Quality:      4   RTK quality=4  IsRtkQuality=Y
  GGA fix age:  46 ms
  VTG fix age:  45 ms
  XTE fix age:  32 ms
  Lat/Lon/Alt/Course: 53.425362 / 6.720304 / 4.2 m / 137.9 deg
--- Virtual Terminal ---
  Connected:    Y
  State:        21/22  Connected
  VT version:  4
  VT status msgs: 1203   last 890 ms ago
  Partner: addr=0x26 valid=Y  reconnect attempts=0
--- Task Controller ---
  Connected:    Y
  TC-GEO (with/without pos): Y/Y
  Task active:  Y
  DRP deviation (DDI 513): 0 mm, last 1222873 ms ago
  GNSS quality (DDI 514):  0, last 1222873 ms ago
  Value commands (any DDI): 7  last DDI=515 (1066818 ms ago)
  Value requests (any DDI): 27149834
  Partner: addr=0xF7 valid=Y  reconnect attempts=0
  Tramline setpoint (DDI 506): 1  -> terminal DOES implement Tramline Control (1174824 ms ago)
  Guidance track (DDI 507-511): (none yet)
=== ISOBUS DEBUG MENU ===
1. Full status dump
2. Periodic summary line (OFF - press to toggle)
3. Reset message counters
4. Dump DDOP as hex (open in AgIsoDDOPGenerator)
5. Dump VT object pool as hex
q. Exit

# 12:14:22.137
=== ISOBUS STATUS ===
Address claim: CLAIMED  address=0x81
Bus load (ch0): 22.1 %
--- Message counters ---
  PGN 129025 Position NMEA2000: 0
  PGN 129026 Speed NMEA2000:    0
  PGN 129283 XTE NMEA2000:      0
  PGN 65267  Position legacy:   5954
  PGN 65256  Speed legacy:      5954   last SA=0x1C raw=0x2
  PGN 65535  XTE JD legacy:     128334   last SA=0xF0 word=0x0 byte1=0x0
             full payload:     0000000000000000  (16 ms ago)
  PGN 60160  XTE Trimble legacy:89   last SA=0x1C
  PGN 64770  AISO stop:         1203   last 1223898 ms ago
  TOTAL:                        141534
--- Guidance telemetry ---
  XTE:          0.98 m
  Speed:        0.00 m/s (0.01 kn)
  Quality:      4   RTK quality=4  IsRtkQuality=Y
  GGA fix age:  71 ms
  VTG fix age:  70 ms
  XTE fix age:  57 ms
  Lat/Lon/Alt/Course: 53.425362 / 6.720304 / 4.2 m / 137.9 deg
--- Virtual Terminal ---
  Connected:    Y
  State:        21/22  Connected
  VT version:  4
  VT status msgs: 1204   last 915 ms ago
  Partner: addr=0x26 valid=Y  reconnect attempts=0
--- Task Controller ---
  Connected:    Y
  TC-GEO (with/without pos): Y/Y
  Task active:  Y
  DRP deviation (DDI 513): 0 mm, last 1223898 ms ago
  GNSS quality (DDI 514):  0, last 1223898 ms ago
  Value commands (any DDI): 7  last DDI=515 (1067843 ms ago)
  Value requests (any DDI): 27173510
  Partner: addr=0xF7 valid=Y  reconnect attempts=0
  Tramline setpoint (DDI 506): 1  -> terminal DOES implement Tramline Control (1175849 ms ago)
  Guidance track (DDI 507-511): (none yet)
=== ISOBUS DEBUG MENU ===
1. Full status dump
2. Periodic summary line (OFF - press to toggle)
3. Reset message counters
4. Dump DDOP as hex (open in AgIsoDDOPGenerator)
5. Dump VT object pool as hex
q. Exit

# 12:14:23.161
=== ISOBUS STATUS ===
Address claim: CLAIMED  address=0x81
Bus load (ch0): 21.6 %
--- Message counters ---
  PGN 129025 Position NMEA2000: 0
  PGN 129026 Speed NMEA2000:    0
  PGN 129283 XTE NMEA2000:      0
  PGN 65267  Position legacy:   5959
  PGN 65256  Speed legacy:      5959   last SA=0x1C raw=0x1
  PGN 65535  XTE JD legacy:     128442   last SA=0xF0 word=0x0 byte1=0x0
             full payload:     0000000000000000  (20 ms ago)
  PGN 60160  XTE Trimble legacy:89   last SA=0x1C
  PGN 64770  AISO stop:         1204   last 1224922 ms ago
  TOTAL:                        141653
--- Guidance telemetry ---
  XTE:          0.98 m
  Speed:        0.00 m/s (0.00 kn)
  Quality:      4   RTK quality=4  IsRtkQuality=Y
  GGA fix age:  95 ms
  VTG fix age:  93 ms
  XTE fix age:  81 ms
  Lat/Lon/Alt/Course: 53.425362 / 6.720304 / 4.2 m / 137.9 deg
--- Virtual Terminal ---
  Connected:    Y
  State:        21/22  Connected
  VT version:  4
  VT status msgs: 1205   last 939 ms ago
  Partner: addr=0x26 valid=Y  reconnect attempts=0
--- Task Controller ---
  Connected:    Y
  TC-GEO (with/without pos): Y/Y
  Task active:  Y
  DRP deviation (DDI 513): 0 mm, last 1224922 ms ago
  GNSS quality (DDI 514):  0, last 1224922 ms ago
  Value commands (any DDI): 7  last DDI=515 (1068867 ms ago)
  Value requests (any DDI): 27197156
  Partner: addr=0xF7 valid=Y  reconnect attempts=0
  Tramline setpoint (DDI 506): 1  -> terminal DOES implement Tramline Control (1176873 ms ago)
  Guidance track (DDI 507-511): (none yet)
=== ISOBUS DEBUG MENU ===
1. Full status dump
2. Periodic summary line (OFF - press to toggle)
3. Reset message counters
4. Dump DDOP as hex (open in AgIsoDDOPGenerator)
5. Dump VT object pool as hex
q. Exit

# 12:14:24.231
=== ISOBUS STATUS ===
Address claim: CLAIMED  address=0x81
Bus load (ch0): 21.2 %
--- Message counters ---
  PGN 129025 Position NMEA2000: 0
  PGN 129026 Speed NMEA2000:    0
  PGN 129283 XTE NMEA2000:      0
  PGN 65267  Position legacy:   5964
  PGN 65256  Speed legacy:      5964   last SA=0x1C raw=0x3
  PGN 65535  XTE JD legacy:     128551   last SA=0xF0 word=0x0 byte1=0x0
             full payload:     0000000000000000  (8 ms ago)
  PGN 60160  XTE Trimble legacy:89   last SA=0x1C
  PGN 64770  AISO stop:         1205   last 1225950 ms ago
  TOTAL:                        141773
--- Guidance telemetry ---
  XTE:          0.98 m
  Speed:        0.01 m/s (0.01 kn)
  Quality:      4   RTK quality=4  IsRtkQuality=Y
  GGA fix age:  123 ms
  VTG fix age:  122 ms
  XTE fix age:  109 ms
  Lat/Lon/Alt/Course: 53.425362 / 6.720304 / 4.4 m / 137.9 deg
--- Virtual Terminal ---
  Connected:    Y
  State:        21/22  Connected
  VT version:  4
  VT status msgs: 1206   last 967 ms ago
  Partner: addr=0x26 valid=Y  reconnect attempts=0
--- Task Controller ---
  Connected:    Y
  TC-GEO (with/without pos): Y/Y
  Task active:  Y
  DRP deviation (DDI 513): 0 mm, last 1225950 ms ago
  GNSS quality (DDI 514):  0, last 1225950 ms ago
  Value commands (any DDI): 7  last DDI=515 (1069895 ms ago)
  Value requests (any DDI): 27220878
  Partner: addr=0xF7 valid=Y  reconnect attempts=0
  Tramline setpoint (DDI 506): 1  -> terminal DOES implement Tramline Control (1177901 ms ago)
  Guidance track (DDI 507-511): (none yet)
=== ISOBUS DEBUG MENU ===
1. Full status dump
2. Periodic summary line (OFF - press to toggle)
3. Reset message counters
4. Dump DDOP as hex (open in AgIsoDDOPGenerator)
5. Dump VT object pool as hex
q. Exit

# 12:14:25.258
=== ISOBUS STATUS ===
Address claim: CLAIMED  address=0x81
Bus load (ch0): 21.3 %
--- Message counters ---
  PGN 129025 Position NMEA2000: 0
  PGN 129026 Speed NMEA2000:    0
  PGN 129283 XTE NMEA2000:      0
  PGN 65267  Position legacy:   5969
  PGN 65256  Speed legacy:      5969   last SA=0x1C raw=0x0
  PGN 65535  XTE JD legacy:     128662   last SA=0xF0 word=0x0 byte1=0x0
             full payload:     0000000000000000  (15 ms ago)
  PGN 60160  XTE Trimble legacy:89   last SA=0x1C
  PGN 64770  AISO stop:         1206   last 1227018 ms ago
  TOTAL:                        141895
--- Guidance telemetry ---
  XTE:          0.98 m
  Speed:        0.00 m/s (0.00 kn)
  Quality:      4   RTK quality=4  IsRtkQuality=Y
  GGA fix age:  191 ms
  VTG fix age:  189 ms
  XTE fix age:  177 ms
  Lat/Lon/Alt/Course: 53.425362 / 6.720304 / 4.4 m / 137.9 deg
--- Virtual Terminal ---
  Connected:    Y
  State:        21/22  Connected
  VT version:  4
  VT status msgs: 1208   last 35 ms ago
  Partner: addr=0x26 valid=Y  reconnect attempts=0
--- Task Controller ---
  Connected:    Y
  TC-GEO (with/without pos): Y/Y
  Task active:  Y
  DRP deviation (DDI 513): 0 mm, last 1227018 ms ago
  GNSS quality (DDI 514):  0, last 1227018 ms ago
  Value commands (any DDI): 7  last DDI=515 (1070963 ms ago)
  Value requests (any DDI): 27245543
  Partner: addr=0xF7 valid=Y  reconnect attempts=0
  Tramline setpoint (DDI 506): 1  -> terminal DOES implement Tramline Control (1178969 ms ago)
  Guidance track (DDI 507-511): (none yet)
=== ISOBUS DEBUG MENU ===
1. Full status dump
2. Periodic summary line (OFF - press to toggle)
3. Reset message counters
4. Dump DDOP as hex (open in AgIsoDDOPGenerator)
5. Dump VT object pool as hex
q. Exit

# 12:14:26.278
=== ISOBUS STATUS ===
Address claim: CLAIMED  address=0x81
Bus load (ch0): 22.5 %
--- Message counters ---
  PGN 129025 Position NMEA2000: 0
  PGN 129026 Speed NMEA2000:    0
  PGN 129283 XTE NMEA2000:      0
  PGN 65267  Position legacy:   5975
  PGN 65256  Speed legacy:      5975   last SA=0x1C raw=0x2
  PGN 65535  XTE JD legacy:     128781   last SA=0xF0 word=0x0 byte1=0x0
             full payload:     0000000000000000  (1 ms ago)
  PGN 60160  XTE Trimble legacy:89   last SA=0x1C
  PGN 64770  AISO stop:         1207   last 1228044 ms ago
  TOTAL:                        142027
--- Guidance telemetry ---
  XTE:          0.98 m
  Speed:        0.00 m/s (0.01 kn)
  Quality:      4   RTK quality=4  IsRtkQuality=Y
  GGA fix age:  17 ms
  VTG fix age:  15 ms
  XTE fix age:  3 ms
  Lat/Lon/Alt/Course: 53.425362 / 6.720304 / 4.2 m / 137.9 deg
--- Virtual Terminal ---
  Connected:    Y
  State:        21/22  Connected
  VT version:  4
  VT status msgs: 1209   last 61 ms ago
  Partner: addr=0x26 valid=Y  reconnect attempts=0
--- Task Controller ---
  Connected:    Y
  TC-GEO (with/without pos): Y/Y
  Task active:  Y
  DRP deviation (DDI 513): 0 mm, last 1228044 ms ago
  GNSS quality (DDI 514):  0, last 1228044 ms ago
  Value commands (any DDI): 7  last DDI=515 (1071989 ms ago)
  Value requests (any DDI): 27269217
  Partner: addr=0xF7 valid=Y  reconnect attempts=0
  Tramline setpoint (DDI 506): 1  -> terminal DOES implement Tramline Control (1179995 ms ago)
  Guidance track (DDI 507-511): (none yet)
=== ISOBUS DEBUG MENU ===
1. Full status dump
2. Periodic summary line (OFF - press to toggle)
3. Reset message counters
4. Dump DDOP as hex (open in AgIsoDDOPGenerator)
5. Dump VT object pool as hex
q. Exit

# 12:14:27.311
=== ISOBUS STATUS ===
Address claim: CLAIMED  address=0x81
Bus load (ch0): 21.5 %
--- Message counters ---
  PGN 129025 Position NMEA2000: 0
  PGN 129026 Speed NMEA2000:    0
  PGN 129283 XTE NMEA2000:      0
  PGN 65267  Position legacy:   5980
  PGN 65256  Speed legacy:      5980   last SA=0x1C raw=0x4
  PGN 65535  XTE JD legacy:     128889   last SA=0xF0 word=0x0 byte1=0x0
             full payload:     0000000000000000  (4 ms ago)
  PGN 60160  XTE Trimble legacy:89   last SA=0x1C
  PGN 64770  AISO stop:         1208   last 1229066 ms ago
  TOTAL:                        142146
--- Guidance telemetry ---
  XTE:          0.98 m
  Speed:        0.01 m/s (0.02 kn)
  Quality:      4   RTK quality=4  IsRtkQuality=Y
  GGA fix age:  39 ms
  VTG fix age:  38 ms
  XTE fix age:  25 ms
  Lat/Lon/Alt/Course: 53.425362 / 6.720304 / 4.2 m / 137.9 deg
--- Virtual Terminal ---
  Connected:    Y
  State:        21/22  Connected
  VT version:  4
  VT status msgs: 1210   last 83 ms ago
  Partner: addr=0x26 valid=Y  reconnect attempts=0
--- Task Controller ---
  Connected:    Y
  TC-GEO (with/without pos): Y/Y
  Task active:  Y
  DRP deviation (DDI 513): 0 mm, last 1229066 ms ago
  GNSS quality (DDI 514):  0, last 1229066 ms ago
  Value commands (any DDI): 7  last DDI=515 (1073011 ms ago)
  Value requests (any DDI): 27292815
  Partner: addr=0xF7 valid=Y  reconnect attempts=0
  Tramline setpoint (DDI 506): 1  -> terminal DOES implement Tramline Control (1181017 ms ago)
  Guidance track (DDI 507-511): (none yet)
=== ISOBUS DEBUG MENU ===
1. Full status dump
2. Periodic summary line (OFF - press to toggle)
3. Reset message counters
4. Dump DDOP as hex (open in AgIsoDDOPGenerator)
5. Dump VT object pool as hex
q. Exit

# 12:14:28.359
=== ISOBUS STATUS ===
Address claim: CLAIMED  address=0x81
Bus load (ch0): 22.1 %
--- Message counters ---
  PGN 129025 Position NMEA2000: 0
  PGN 129026 Speed NMEA2000:    0
  PGN 129283 XTE NMEA2000:      0
  PGN 65267  Position legacy:   5985
  PGN 65256  Speed legacy:      5985   last SA=0x1C raw=0x0
  PGN 65535  XTE JD legacy:     128998   last SA=0xD2 word=0x0 byte1=0x0
             full payload:     0000000000000000  (8 ms ago)
  PGN 60160  XTE Trimble legacy:89   last SA=0x1C
  PGN 64770  AISO stop:         1209   last 1230098 ms ago
  TOTAL:                        142266
--- Guidance telemetry ---
  XTE:          0.98 m
  Speed:        0.00 m/s (0.00 kn)
  Quality:      4   RTK quality=4  IsRtkQuality=Y
  GGA fix age:  71 ms
  VTG fix age:  70 ms
  XTE fix age:  57 ms
  Lat/Lon/Alt/Course: 53.425362 / 6.720304 / 4.4 m / 137.9 deg
--- Virtual Terminal ---
  Connected:    Y
  State:        21/22  Connected
  VT version:  4
  VT status msgs: 1211   last 114 ms ago
  Partner: addr=0x26 valid=Y  reconnect attempts=0
--- Task Controller ---
  Connected:    Y
  TC-GEO (with/without pos): Y/Y
  Task active:  Y
  DRP deviation (DDI 513): 0 mm, last 1230098 ms ago
  GNSS quality (DDI 514):  0, last 1230098 ms ago
  Value commands (any DDI): 7  last DDI=515 (1074043 ms ago)
  Value requests (any DDI): 27316635
  Partner: addr=0xF7 valid=Y  reconnect attempts=0
  Tramline setpoint (DDI 506): 1  -> terminal DOES implement Tramline Control (1182049 ms ago)
  Guidance track (DDI 507-511): (none yet)
=== ISOBUS DEBUG MENU ===
1. Full status dump
2. Periodic summary line (OFF - press to toggle)
3. Reset message counters
4. Dump DDOP as hex (open in AgIsoDDOPGenerator)
5. Dump VT object pool as hex
q. Exit

# 12:14:29.415
=== ISOBUS STATUS ===
Address claim: CLAIMED  address=0x81
Bus load (ch0): 21.9 %
--- Message counters ---
  PGN 129025 Position NMEA2000: 0
  PGN 129026 Speed NMEA2000:    0
  PGN 129283 XTE NMEA2000:      0
  PGN 65267  Position legacy:   5990
  PGN 65256  Speed legacy:      5990   last SA=0x1C raw=0x2
  PGN 65535  XTE JD legacy:     129116   last SA=0xF0 word=0x0 byte1=0x0
             full payload:     0000000000000000  (3 ms ago)
  PGN 60160  XTE Trimble legacy:89   last SA=0x1C
  PGN 64770  AISO stop:         1210   last 1231172 ms ago
  TOTAL:                        142395
--- Guidance telemetry ---
  XTE:          0.98 m
  Speed:        0.00 m/s (0.01 kn)
  Quality:      4   RTK quality=4  IsRtkQuality=Y
  GGA fix age:  145 ms
  VTG fix age:  144 ms
  XTE fix age:  131 ms
  Lat/Lon/Alt/Course: 53.425362 / 6.720304 / 4.4 m / 137.9 deg
--- Virtual Terminal ---
  Connected:    Y
  State:        21/22  Connected
  VT version:  4
  VT status msgs: 1212   last 189 ms ago
  Partner: addr=0x26 valid=Y  reconnect attempts=0
--- Task Controller ---
  Connected:    Y
  TC-GEO (with/without pos): Y/Y
  Task active:  Y
  DRP deviation (DDI 513): 0 mm, last 1231172 ms ago
  GNSS quality (DDI 514):  0, last 1231172 ms ago
  Value commands (any DDI): 7  last DDI=515 (1075117 ms ago)
  Value requests (any DDI): 27341422
  Partner: addr=0xF7 valid=Y  reconnect attempts=0
  Tramline setpoint (DDI 506): 1  -> terminal DOES implement Tramline Control (1183123 ms ago)
  Guidance track (DDI 507-511): (none yet)
=== ISOBUS DEBUG MENU ===
1. Full status dump
2. Periodic summary line (OFF - press to toggle)
3. Reset message counters
4. Dump DDOP as hex (open in AgIsoDDOPGenerator)
5. Dump VT object pool as hex
q. Exit

# 12:14:30.459
=== ISOBUS STATUS ===
Address claim: CLAIMED  address=0x81
Bus load (ch0): 21.8 %
--- Message counters ---
  PGN 129025 Position NMEA2000: 0
  PGN 129026 Speed NMEA2000:    0
  PGN 129283 XTE NMEA2000:      0
  PGN 65267  Position legacy:   5995
  PGN 65256  Speed legacy:      5995   last SA=0x1C raw=0x2
  PGN 65535  XTE JD legacy:     129224   last SA=0xF0 word=0x0 byte1=0x0
             full payload:     0000000000000000  (8 ms ago)
  PGN 60160  XTE Trimble legacy:89   last SA=0x1C
  PGN 64770  AISO stop:         1211   last 1232202 ms ago
  TOTAL:                        142514
--- Guidance telemetry ---
  XTE:          0.98 m
  Speed:        0.00 m/s (0.01 kn)
  Quality:      4   RTK quality=4  IsRtkQuality=Y
  GGA fix age:  175 ms
  VTG fix age:  174 ms
  XTE fix age:  161 ms
  Lat/Lon/Alt/Course: 53.425362 / 6.720304 / 4.2 m / 137.9 deg
--- Virtual Terminal ---
  Connected:    Y
  State:        21/22  Connected
  VT version:  4
  VT status msgs: 1213   last 218 ms ago
  Partner: addr=0x26 valid=Y  reconnect attempts=0
--- Task Controller ---
  Connected:    Y
  TC-GEO (with/without pos): Y/Y
  Task active:  Y
  DRP deviation (DDI 513): 0 mm, last 1232202 ms ago
  GNSS quality (DDI 514):  0, last 1232202 ms ago
  Value commands (any DDI): 7  last DDI=515 (1076147 ms ago)
  Value requests (any DDI): 27365208
  Partner: addr=0xF7 valid=Y  reconnect attempts=0
  Tramline setpoint (DDI 506): 1  -> terminal DOES implement Tramline Control (1184153 ms ago)
  Guidance track (DDI 507-511): (none yet)
=== ISOBUS DEBUG MENU ===
1. Full status dump
2. Periodic summary line (OFF - press to toggle)
3. Reset message counters
4. Dump DDOP as hex (open in AgIsoDDOPGenerator)
5. Dump VT object pool as hex
q. Exit

# 12:14:31.465
=== ISOBUS STATUS ===
Address claim: CLAIMED  address=0x81
Bus load (ch0): 22.2 %
--- Message counters ---
  PGN 129025 Position NMEA2000: 0
  PGN 129026 Speed NMEA2000:    0
  PGN 129283 XTE NMEA2000:      0
  PGN 65267  Position legacy:   6001
  PGN 65256  Speed legacy:      6001   last SA=0x1C raw=0x0
  PGN 65535  XTE JD legacy:     129343   last SA=0xF0 word=0x0 byte1=0x0
             full payload:     0000000000000000  (2 ms ago)
  PGN 60160  XTE Trimble legacy:89   last SA=0x1C
  PGN 64770  AISO stop:         1212   last 1233245 ms ago
  TOTAL:                        142646
--- Guidance telemetry ---
  XTE:          0.98 m
  Speed:        0.00 m/s (0.00 kn)
  Quality:      4   RTK quality=4  IsRtkQuality=Y
  GGA fix age:  18 ms
  VTG fix age:  16 ms
  XTE fix age:  4 ms
  Lat/Lon/Alt/Course: 53.425362 / 6.720304 / 4.2 m / 137.9 deg
--- Virtual Terminal ---
  Connected:    Y
  State:        21/22  Connected
  VT version:  4
  VT status msgs: 1214   last 262 ms ago
  Partner: addr=0x26 valid=Y  reconnect attempts=0
--- Task Controller ---
  Connected:    Y
  TC-GEO (with/without pos): Y/Y
  Task active:  Y
  DRP deviation (DDI 513): 0 mm, last 1233245 ms ago
  GNSS quality (DDI 514):  0, last 1233245 ms ago
  Value commands (any DDI): 7  last DDI=515 (1077190 ms ago)
  Value requests (any DDI): 27389269
  Partner: addr=0xF7 valid=Y  reconnect attempts=0
  Tramline setpoint (DDI 506): 1  -> terminal DOES implement Tramline Control (1185196 ms ago)
  Guidance track (DDI 507-511): (none yet)
=== ISOBUS DEBUG MENU ===
1. Full status dump
2. Periodic summary line (OFF - press to toggle)
3. Reset message counters
4. Dump DDOP as hex (open in AgIsoDDOPGenerator)
5. Dump VT object pool as hex
q. Exit

# 12:14:32.535
=== ISOBUS STATUS ===
Address claim: CLAIMED  address=0x81
Bus load (ch0): 21.9 %
--- Message counters ---
  PGN 129025 Position NMEA2000: 0
  PGN 129026 Speed NMEA2000:    0
  PGN 129283 XTE NMEA2000:      0
  PGN 65267  Position legacy:   6006
  PGN 65256  Speed legacy:      6006   last SA=0x1C raw=0x1
  PGN 65535  XTE JD legacy:     129450   last SA=0x2A word=0x7DC5 byte1=0x15
             full payload:     771510C57DA485FF  (8 ms ago)
  PGN 60160  XTE Trimble legacy:89   last SA=0x1C
  PGN 64770  AISO stop:         1213   last 1234253 ms ago
  TOTAL:                        142764
--- Guidance telemetry ---
  XTE:          0.98 m
  Speed:        0.00 m/s (0.00 kn)
  Quality:      4   RTK quality=4  IsRtkQuality=Y
  GGA fix age:  25 ms
  VTG fix age:  23 ms
  XTE fix age:  8 ms
  Lat/Lon/Alt/Course: 53.425362 / 6.720304 / 4.2 m / 137.9 deg
--- Virtual Terminal ---
  Connected:    Y
  State:        21/22  Connected
  VT version:  4
  VT status msgs: 1215   last 271 ms ago
  Partner: addr=0x26 valid=Y  reconnect attempts=0
--- Task Controller ---
  Connected:    Y
  TC-GEO (with/without pos): Y/Y
  Task active:  Y
  DRP deviation (DDI 513): 0 mm, last 1234254 ms ago
  GNSS quality (DDI 514):  0, last 1234254 ms ago
  Value commands (any DDI): 7  last DDI=515 (1078199 ms ago)
  Value requests (any DDI): 27412538
  Partner: addr=0xF7 valid=Y  reconnect attempts=0
  Tramline setpoint (DDI 506): 1  -> terminal DOES implement Tramline Control (1186205 ms ago)
  Guidance track (DDI 507-511): (none yet)
=== ISOBUS DEBUG MENU ===
1. Full status dump
2. Periodic summary line (OFF - press to toggle)
3. Reset message counters
4. Dump DDOP as hex (open in AgIsoDDOPGenerator)
5. Dump VT object pool as hex
q. Exit

# 12:14:33.603
=== ISOBUS STATUS ===
Address claim: CLAIMED  address=0x81
Bus load (ch0): 23.3 %
--- Message counters ---
  PGN 129025 Position NMEA2000: 0
  PGN 129026 Speed NMEA2000:    0
  PGN 129283 XTE NMEA2000:      0
  PGN 65267  Position legacy:   6011
  PGN 65256  Speed legacy:      6011   last SA=0x1C raw=0x5
  PGN 65535  XTE JD legacy:     129561   last SA=0xF0 word=0x0 byte1=0x0
             full payload:     0000000000000000  (19 ms ago)
  PGN 60160  XTE Trimble legacy:89   last SA=0x1C
  PGN 64770  AISO stop:         1214   last 1235321 ms ago
  TOTAL:                        142886
--- Guidance telemetry ---
  XTE:          0.98 m
  Speed:        0.01 m/s (0.02 kn)
  Quality:      4   RTK quality=4  IsRtkQuality=Y
  GGA fix age:  94 ms
  VTG fix age:  93 ms
  XTE fix age:  80 ms
  Lat/Lon/Alt/Course: 53.425362 / 6.720304 / 4.2 m / 137.9 deg
--- Virtual Terminal ---
  Connected:    Y
  State:        21/22  Connected
  VT version:  4
  VT status msgs: 1216   last 337 ms ago
  Partner: addr=0x26 valid=Y  reconnect attempts=0
--- Task Controller ---
  Connected:    Y
  TC-GEO (with/without pos): Y/Y
  Task active:  Y
  DRP deviation (DDI 513): 0 mm, last 1235321 ms ago
  GNSS quality (DDI 514):  0, last 1235321 ms ago
  Value commands (any DDI): 7  last DDI=515 (1079266 ms ago)
  Value requests (any DDI): 27437183
  Partner: addr=0xF7 valid=Y  reconnect attempts=0
  Tramline setpoint (DDI 506): 1  -> terminal DOES implement Tramline Control (1187272 ms ago)
  Guidance track (DDI 507-511): (none yet)
=== ISOBUS DEBUG MENU ===
1. Full status dump
2. Periodic summary line (OFF - press to toggle)
3. Reset message counters
4. Dump DDOP as hex (open in AgIsoDDOPGenerator)
5. Dump VT object pool as hex
q. Exit

# 12:14:34.617
=== ISOBUS STATUS ===
Address claim: CLAIMED  address=0x81
Bus load (ch0): 23.0 %
--- Message counters ---
  PGN 129025 Position NMEA2000: 0
  PGN 129026 Speed NMEA2000:    0
  PGN 129283 XTE NMEA2000:      0
  PGN 65267  Position legacy:   6016
  PGN 65256  Speed legacy:      6016   last SA=0x1C raw=0x2
  PGN 65535  XTE JD legacy:     129674   last SA=0xF0 word=0x0 byte1=0x0
             full payload:     0000000000000000  (5 ms ago)
  PGN 60160  XTE Trimble legacy:89   last SA=0x1C
  PGN 64770  AISO stop:         1215   last 1236387 ms ago
  TOTAL:                        143010
--- Guidance telemetry ---
  XTE:          0.98 m
  Speed:        0.00 m/s (0.01 kn)
  Quality:      4   RTK quality=4  IsRtkQuality=Y
  GGA fix age:  160 ms
  VTG fix age:  159 ms
  XTE fix age:  146 ms
  Lat/Lon/Alt/Course: 53.425362 / 6.720304 / 4.4 m / 137.9 deg
--- Virtual Terminal ---
  Connected:    Y
  State:        21/22  Connected
  VT version:  4
  VT status msgs: 1217   last 404 ms ago
  Partner: addr=0x26 valid=Y  reconnect attempts=0
--- Task Controller ---
  Connected:    Y
  TC-GEO (with/without pos): Y/Y
  Task active:  Y
  DRP deviation (DDI 513): 0 mm, last 1236387 ms ago
  GNSS quality (DDI 514):  0, last 1236387 ms ago
  Value commands (any DDI): 7  last DDI=515 (1080332 ms ago)
  Value requests (any DDI): 27461787
  Partner: addr=0xF7 valid=Y  reconnect attempts=0
  Tramline setpoint (DDI 506): 1  -> terminal DOES implement Tramline Control (1188338 ms ago)
  Guidance track (DDI 507-511): (none yet)
=== ISOBUS DEBUG MENU ===
1. Full status dump
2. Periodic summary line (OFF - press to toggle)
3. Reset message counters
4. Dump DDOP as hex (open in AgIsoDDOPGenerator)
5. Dump VT object pool as hex
q. Exit

# 12:14:35.635
=== ISOBUS STATUS ===
Address claim: CLAIMED  address=0x81
Bus load (ch0): 23.0 %
--- Message counters ---
  PGN 129025 Position NMEA2000: 0
  PGN 129026 Speed NMEA2000:    0
  PGN 129283 XTE NMEA2000:      0
  PGN 65267  Position legacy:   6021
  PGN 65256  Speed legacy:      6021   last SA=0x1C raw=0x4
  PGN 65535  XTE JD legacy:     129782   last SA=0xF0 word=0x0 byte1=0x0
             full payload:     0000000000000000  (20 ms ago)
  PGN 60160  XTE Trimble legacy:89   last SA=0x1C
  PGN 64770  AISO stop:         1216   last 1237402 ms ago
  TOTAL:                        143129
--- Guidance telemetry ---
  XTE:          0.98 m
  Speed:        0.01 m/s (0.02 kn)
  Quality:      4   RTK quality=4  IsRtkQuality=Y
  GGA fix age:  175 ms
  VTG fix age:  174 ms
  XTE fix age:  161 ms
  Lat/Lon/Alt/Course: 53.425362 / 6.720304 / 4.4 m / 137.9 deg
--- Virtual Terminal ---
  Connected:    Y
  State:        21/22  Connected
  VT version:  4
  VT status msgs: 1218   last 420 ms ago
  Partner: addr=0x26 valid=Y  reconnect attempts=0
--- Task Controller ---
  Connected:    Y
  TC-GEO (with/without pos): Y/Y
  Task active:  Y
  DRP deviation (DDI 513): 0 mm, last 1237403 ms ago
  GNSS quality (DDI 514):  0, last 1237403 ms ago
  Value commands (any DDI): 7  last DDI=515 (1081348 ms ago)
  Value requests (any DDI): 27485211
  Partner: addr=0xF7 valid=Y  reconnect attempts=0
  Tramline setpoint (DDI 506): 1  -> terminal DOES implement Tramline Control (1189354 ms ago)
  Guidance track (DDI 507-511): (none yet)
=== ISOBUS DEBUG MENU ===
1. Full status dump
2. Periodic summary line (OFF - press to toggle)
3. Reset message counters
4. Dump DDOP as hex (open in AgIsoDDOPGenerator)
5. Dump VT object pool as hex
q. Exit

# 12:14:36.682
=== ISOBUS STATUS ===
Address claim: CLAIMED  address=0x81
Bus load (ch0): 23.1 %
--- Message counters ---
  PGN 129025 Position NMEA2000: 0
  PGN 129026 Speed NMEA2000:    0
  PGN 129283 XTE NMEA2000:      0
  PGN 65267  Position legacy:   6026
  PGN 65256  Speed legacy:      6026   last SA=0x1C raw=0x3
  PGN 65535  XTE JD legacy:     129891   last SA=0xF0 word=0x0 byte1=0x0
             full payload:     0000000000000000  (19 ms ago)
  PGN 60160  XTE Trimble legacy:89   last SA=0x1C
  PGN 64770  AISO stop:         1218   last 1238422 ms ago
  TOTAL:                        143250
--- Guidance telemetry ---
  XTE:          0.98 m
  Speed:        0.01 m/s (0.01 kn)
  Quality:      4   RTK quality=4  IsRtkQuality=Y
  GGA fix age:  194 ms
  VTG fix age:  193 ms
  XTE fix age:  181 ms
  Lat/Lon/Alt/Course: 53.425362 / 6.720304 / 4.4 m / 137.9 deg
--- Virtual Terminal ---
  Connected:    Y
  State:        21/22  Connected
  VT version:  4
  VT status msgs: 1219   last 439 ms ago
  Partner: addr=0x26 valid=Y  reconnect attempts=0
--- Task Controller ---
  Connected:    Y
  TC-GEO (with/without pos): Y/Y
  Task active:  Y
  DRP deviation (DDI 513): 0 mm, last 1238422 ms ago
  GNSS quality (DDI 514):  0, last 1238422 ms ago
  Value commands (any DDI): 7  last DDI=515 (1082367 ms ago)
  Value requests (any DDI): 27508745
  Partner: addr=0xF7 valid=Y  reconnect attempts=0
  Tramline setpoint (DDI 506): 1  -> terminal DOES implement Tramline Control (1190373 ms ago)
  Guidance track (DDI 507-511): (none yet)
=== ISOBUS DEBUG MENU ===
1. Full status dump
2. Periodic summary line (OFF - press to toggle)
3. Reset message counters
4. Dump DDOP as hex (open in AgIsoDDOPGenerator)
5. Dump VT object pool as hex
q. Exit

# 12:14:37.714
=== ISOBUS STATUS ===
Address claim: CLAIMED  address=0x81
Bus load (ch0): 23.5 %
--- Message counters ---
  PGN 129025 Position NMEA2000: 0
  PGN 129026 Speed NMEA2000:    0
  PGN 129283 XTE NMEA2000:      0
  PGN 65267  Position legacy:   6032
  PGN 65256  Speed legacy:      6032   last SA=0x1C raw=0xB1
  PGN 65535  XTE JD legacy:     130010   last SA=0xF0 word=0x0 byte1=0x0
             full payload:     0000000000000000  (7 ms ago)
  PGN 60160  XTE Trimble legacy:89   last SA=0x1C
  PGN 64770  AISO stop:         1219   last 1239469 ms ago
  TOTAL:                        143382
--- Guidance telemetry ---
  XTE:          -0.83 m
  Speed:        0.36 m/s (0.69 kn)
  Quality:      4   RTK quality=4  IsRtkQuality=Y
  GGA fix age:  42 ms
  VTG fix age:  40 ms
  XTE fix age:  28 ms
  Lat/Lon/Alt/Course: 53.425362 / 6.720303 / 4.2 m / 317.9 deg
--- Virtual Terminal ---
  Connected:    Y
  State:        21/22  Connected
  VT version:  4
  VT status msgs: 1220   last 485 ms ago
  Partner: addr=0x26 valid=Y  reconnect attempts=0
--- Task Controller ---
  Connected:    Y
  TC-GEO (with/without pos): Y/Y
  Task active:  Y
  DRP deviation (DDI 513): 0 mm, last 1239469 ms ago
  GNSS quality (DDI 514):  0, last 1239469 ms ago
  Value commands (any DDI): 7  last DDI=515 (1083414 ms ago)
  Value requests (any DDI): 27532547
  Partner: addr=0xF7 valid=Y  reconnect attempts=0
  Tramline setpoint (DDI 506): 1  -> terminal DOES implement Tramline Control (1191420 ms ago)
  Guidance track (DDI 507-511): (none yet)
=== ISOBUS DEBUG MENU ===
1. Full status dump
2. Periodic summary line (OFF - press to toggle)
3. Reset message counters
4. Dump DDOP as hex (open in AgIsoDDOPGenerator)
5. Dump VT object pool as hex
q. Exit

# 12:14:38.732
=== ISOBUS STATUS ===
Address claim: CLAIMED  address=0x81
Bus load (ch0): 23.4 %
--- Message counters ---
  PGN 129025 Position NMEA2000: 0
  PGN 129026 Speed NMEA2000:    0
  PGN 129283 XTE NMEA2000:      0
  PGN 65267  Position legacy:   6037
  PGN 65256  Speed legacy:      6037   last SA=0x1C raw=0x151
  PGN 65535  XTE JD legacy:     130118   last SA=0xF0 word=0x0 byte1=0x0
             full payload:     0000000000000000  (17 ms ago)
  PGN 60160  XTE Trimble legacy:89   last SA=0x1C
  PGN 64770  AISO stop:         1220   last 1240500 ms ago
  TOTAL:                        143501
--- Guidance telemetry ---
  XTE:          -0.49 m
  Speed:        0.68 m/s (1.32 kn)
  Quality:      4   RTK quality=4  IsRtkQuality=Y
  GGA fix age:  73 ms
  VTG fix age:  71 ms
  XTE fix age:  59 ms
  Lat/Lon/Alt/Course: 53.425365 / 6.720298 / 4.4 m / 317.7 deg
--- Virtual Terminal ---
  Connected:    Y
  State:        21/22  Connected
  VT version:  4
  VT status msgs: 1221   last 517 ms ago
  Partner: addr=0x26 valid=Y  reconnect attempts=0
--- Task Controller ---
  Connected:    Y
  TC-GEO (with/without pos): Y/Y
  Task active:  Y
  DRP deviation (DDI 513): 0 mm, last 1240500 ms ago
  GNSS quality (DDI 514):  0, last 1240500 ms ago
  Value commands (any DDI): 7  last DDI=515 (1084445 ms ago)
  Value requests (any DDI): 27555801
  Partner: addr=0xF7 valid=Y  reconnect attempts=0
  Tramline setpoint (DDI 506): 1  -> terminal DOES implement Tramline Control (1192451 ms ago)
  Guidance track (DDI 507-511): (none yet)
=== ISOBUS DEBUG MENU ===
1. Full status dump
2. Periodic summary line (OFF - press to toggle)
3. Reset message counters
4. Dump DDOP as hex (open in AgIsoDDOPGenerator)
5. Dump VT object pool as hex
q. Exit

# 12:14:39.761
=== ISOBUS STATUS ===
Address claim: CLAIMED  address=0x81
Bus load (ch0): 23.9 %
--- Message counters ---
  PGN 129025 Position NMEA2000: 0
  PGN 129026 Speed NMEA2000:    0
  PGN 129283 XTE NMEA2000:      0
  PGN 65267  Position legacy:   6042
  PGN 65256  Speed legacy:      6042   last SA=0x1C raw=0x13E
  PGN 65535  XTE JD legacy:     130226   last SA=0xF0 word=0x0 byte1=0x0
             full payload:     0000000000000000  (17 ms ago)
  PGN 60160  XTE Trimble legacy:89   last SA=0x1C
  PGN 64770  AISO stop:         1221   last 1241520 ms ago
  TOTAL:                        143620
--- Guidance telemetry ---
  XTE:          -0.14 m
  Speed:        0.64 m/s (1.24 kn)
  Quality:      4   RTK quality=4  IsRtkQuality=Y
  GGA fix age:  93 ms
  VTG fix age:  92 ms
  XTE fix age:  79 ms
  Lat/Lon/Alt/Course: 53.425369 / 6.720294 / 4.4 m / 318.0 deg
--- Virtual Terminal ---
  Connected:    Y
  State:        21/22  Connected
  VT version:  4
  VT status msgs: 1222   last 536 ms ago
  Partner: addr=0x26 valid=Y  reconnect attempts=0
--- Task Controller ---
  Connected:    Y
  TC-GEO (with/without pos): Y/Y
  Task active:  Y
  DRP deviation (DDI 513): 0 mm, last 1241520 ms ago
  GNSS quality (DDI 514):  0, last 1241520 ms ago
  Value commands (any DDI): 7  last DDI=515 (1085465 ms ago)
  Value requests (any DDI): 27578853
  Partner: addr=0xF7 valid=Y  reconnect attempts=0
  Tramline setpoint (DDI 506): 1  -> terminal DOES implement Tramline Control (1193471 ms ago)
  Guidance track (DDI 507-511): (none yet)
=== ISOBUS DEBUG MENU ===
1. Full status dump
2. Periodic summary line (OFF - press to toggle)
3. Reset message counters
4. Dump DDOP as hex (open in AgIsoDDOPGenerator)
5. Dump VT object pool as hex
q. Exit

# 12:14:40.778
=== ISOBUS STATUS ===
Address claim: CLAIMED  address=0x81
Bus load (ch0): 23.4 %
--- Message counters ---
  PGN 129025 Position NMEA2000: 0
  PGN 129026 Speed NMEA2000:    0
  PGN 129283 XTE NMEA2000:      0
  PGN 65267  Position legacy:   6047
  PGN 65256  Speed legacy:      6047   last SA=0x1C raw=0x7D
  PGN 65535  XTE JD legacy:     130336   last SA=0xF0 word=0x0 byte1=0x0
             full payload:     0000000000000000  (0 ms ago)
  PGN 60160  XTE Trimble legacy:89   last SA=0x1C
  PGN 64770  AISO stop:         1222   last 1242547 ms ago
  TOTAL:                        143741
--- Guidance telemetry ---
  XTE:          0.00 m
  Speed:        0.25 m/s (0.49 kn)
  Quality:      4   RTK quality=4  IsRtkQuality=Y
  GGA fix age:  120 ms
  VTG fix age:  118 ms
  XTE fix age:  106 ms
  Lat/Lon/Alt/Course: 53.425369 / 6.720293 / 4.4 m / 318.3 deg
--- Virtual Terminal ---
  Connected:    Y
  State:        21/22  Connected
  VT version:  4
  VT status msgs: 1223   last 563 ms ago
  Partner: addr=0x26 valid=Y  reconnect attempts=0
--- Task Controller ---
  Connected:    Y
  TC-GEO (with/without pos): Y/Y
  Task active:  Y
  DRP deviation (DDI 513): 0 mm, last 1242547 ms ago
  GNSS quality (DDI 514):  0, last 1242547 ms ago
  Value commands (any DDI): 7  last DDI=515 (1086492 ms ago)
  Value requests (any DDI): 27602070
  Partner: addr=0xF7 valid=Y  reconnect attempts=0
  Tramline setpoint (DDI 506): 1  -> terminal DOES implement Tramline Control (1194498 ms ago)
  Guidance track (DDI 507-511): (none yet)
=== ISOBUS DEBUG MENU ===
1. Full status dump
2. Periodic summary line (OFF - press to toggle)
3. Reset message counters
4. Dump DDOP as hex (open in AgIsoDDOPGenerator)
5. Dump VT object pool as hex
q. Exit

# 12:14:41.825
=== ISOBUS STATUS ===
Address claim: CLAIMED  address=0x81
Bus load (ch0): 22.4 %
--- Message counters ---
  PGN 129025 Position NMEA2000: 0
  PGN 129026 Speed NMEA2000:    0
  PGN 129283 XTE NMEA2000:      0
  PGN 65267  Position legacy:   6052
  PGN 65256  Speed legacy:      6052   last SA=0x1C raw=0x19
  PGN 65535  XTE JD legacy:     130444   last SA=0xF0 word=0x0 byte1=0x0
             full payload:     0000000000000000  (2 ms ago)
  PGN 60160  XTE Trimble legacy:89   last SA=0x1C
  PGN 64770  AISO stop:         1223   last 1243565 ms ago
  TOTAL:                        143860
--- Guidance telemetry ---
  XTE:          -0.01 m
  Speed:        0.05 m/s (0.10 kn)
  Quality:      4   RTK quality=4  IsRtkQuality=Y
  GGA fix age:  138 ms
  VTG fix age:  137 ms
  XTE fix age:  124 ms
  Lat/Lon/Alt/Course: 53.425369 / 6.720294 / 4.2 m / 318.3 deg
--- Virtual Terminal ---
  Connected:    Y
  State:        21/22  Connected
  VT version:  4
  VT status msgs: 1224   last 581 ms ago
  Partner: addr=0x26 valid=Y  reconnect attempts=0
--- Task Controller ---
  Connected:    Y
  TC-GEO (with/without pos): Y/Y
  Task active:  Y
  DRP deviation (DDI 513): 0 mm, last 1243565 ms ago
  GNSS quality (DDI 514):  0, last 1243565 ms ago
  Value commands (any DDI): 7  last DDI=515 (1087510 ms ago)
  Value requests (any DDI): 27625431
  Partner: addr=0xF7 valid=Y  reconnect attempts=0
  Tramline setpoint (DDI 506): 1  -> terminal DOES implement Tramline Control (1195516 ms ago)
  Guidance track (DDI 507-511): (none yet)
=== ISOBUS DEBUG MENU ===
1. Full status dump
2. Periodic summary line (OFF - press to toggle)
3. Reset message counters
4. Dump DDOP as hex (open in AgIsoDDOPGenerator)
5. Dump VT object pool as hex
q. Exit

# 12:14:42.850
=== ISOBUS STATUS ===
Address claim: CLAIMED  address=0x81
Bus load (ch0): 22.3 %
--- Message counters ---
  PGN 129025 Position NMEA2000: 0
  PGN 129026 Speed NMEA2000:    0
  PGN 129283 XTE NMEA2000:      0
  PGN 65267  Position legacy:   6057
  PGN 65256  Speed legacy:      6057   last SA=0x1C raw=0x1A
  PGN 65535  XTE JD legacy:     130553   last SA=0xF0 word=0x0 byte1=0x0
             full payload:     0000000000000000  (13 ms ago)
  PGN 60160  XTE Trimble legacy:89   last SA=0x1C
  PGN 64770  AISO stop:         1224   last 1244617 ms ago
  TOTAL:                        143980
--- Guidance telemetry ---
  XTE:          -0.07 m
  Speed:        0.05 m/s (0.10 kn)
  Quality:      4   RTK quality=4  IsRtkQuality=Y
  GGA fix age:  190 ms
  VTG fix age:  188 ms
  XTE fix age:  171 ms
  Lat/Lon/Alt/Course: 53.425369 / 6.720294 / 4.4 m / 318.3 deg
--- Virtual Terminal ---
  Connected:    Y
  State:        21/22  Connected
  VT version:  4
  VT status msgs: 1225   last 633 ms ago
  Partner: addr=0x26 valid=Y  reconnect attempts=0
--- Task Controller ---
  Connected:    Y
  TC-GEO (with/without pos): Y/Y
  Task active:  Y
  DRP deviation (DDI 513): 0 mm, last 1244617 ms ago
  GNSS quality (DDI 514):  0, last 1244617 ms ago
  Value commands (any DDI): 7  last DDI=515 (1088562 ms ago)
  Value requests (any DDI): 27649461
  Partner: addr=0xF7 valid=Y  reconnect attempts=0
  Tramline setpoint (DDI 506): 1  -> terminal DOES implement Tramline Control (1196568 ms ago)
  Guidance track (DDI 507-511): (none yet)
=== ISOBUS DEBUG MENU ===
1. Full status dump
2. Periodic summary line (OFF - press to toggle)
3. Reset message counters
4. Dump DDOP as hex (open in AgIsoDDOPGenerator)
5. Dump VT object pool as hex
q. Exit

# 12:14:43.917
=== ISOBUS STATUS ===
Address claim: CLAIMED  address=0x81
Bus load (ch0): 21.0 %
--- Message counters ---
  PGN 129025 Position NMEA2000: 0
  PGN 129026 Speed NMEA2000:    0
  PGN 129283 XTE NMEA2000:      0
  PGN 65267  Position legacy:   6063
  PGN 65256  Speed legacy:      6063   last SA=0x1C raw=0x1
  PGN 65535  XTE JD legacy:     130668   last SA=0x1C word=0x0 byte1=0x0
             full payload:     0000000000000000  (1 ms ago)
  PGN 60160  XTE Trimble legacy:89   last SA=0x1C
  PGN 64770  AISO stop:         1225   last 1245635 ms ago
  TOTAL:                        144108
--- Guidance telemetry ---
  XTE:          -0.07 m
  Speed:        0.00 m/s (0.00 kn)
  Quality:      4   RTK quality=4  IsRtkQuality=Y
  GGA fix age:  8 ms
  VTG fix age:  7 ms
  XTE fix age:  194 ms
  Lat/Lon/Alt/Course: 53.425369 / 6.720294 / 4.4 m / 318.4 deg
--- Virtual Terminal ---
  Connected:    Y
  State:        21/22  Connected
  VT version:  4
  VT status msgs: 1226   last 653 ms ago
  Partner: addr=0x26 valid=Y  reconnect attempts=0
--- Task Controller ---
  Connected:    Y
  TC-GEO (with/without pos): Y/Y
  Task active:  Y
  DRP deviation (DDI 513): 0 mm, last 1245635 ms ago
  GNSS quality (DDI 514):  0, last 1245635 ms ago
  Value commands (any DDI): 7  last DDI=515 (1089580 ms ago)
  Value requests (any DDI): 27672949
  Partner: addr=0xF7 valid=Y  reconnect attempts=0
  Tramline setpoint (DDI 506): 1  -> terminal DOES implement Tramline Control (1197586 ms ago)
  Guidance track (DDI 507-511): (none yet)
=== ISOBUS DEBUG MENU ===
1. Full status dump
2. Periodic summary line (OFF - press to toggle)
3. Reset message counters
4. Dump DDOP as hex (open in AgIsoDDOPGenerator)
5. Dump VT object pool as hex
q. Exit

# 12:14:44.930
=== ISOBUS STATUS ===
Address claim: CLAIMED  address=0x81
Bus load (ch0): 21.2 %
--- Message counters ---
  PGN 129025 Position NMEA2000: 0
  PGN 129026 Speed NMEA2000:    0
  PGN 129283 XTE NMEA2000:      0
  PGN 65267  Position legacy:   6068
  PGN 65256  Speed legacy:      6068   last SA=0x1C raw=0x6
  PGN 65535  XTE JD legacy:     130779   last SA=0xF0 word=0x0 byte1=0x0
             full payload:     0000000000000000  (20 ms ago)
  PGN 60160  XTE Trimble legacy:89   last SA=0x1C
  PGN 64770  AISO stop:         1226   last 1246703 ms ago
  TOTAL:                        144230
--- Guidance telemetry ---
  XTE:          -0.07 m
  Speed:        0.01 m/s (0.02 kn)
  Quality:      4   RTK quality=4  IsRtkQuality=Y
  GGA fix age:  76 ms
  VTG fix age:  75 ms
  XTE fix age:  62 ms
  Lat/Lon/Alt/Course: 53.425369 / 6.720294 / 4.4 m / 318.4 deg
--- Virtual Terminal ---
  Connected:    Y
  State:        21/22  Connected
  VT version:  4
  VT status msgs: 1227   last 719 ms ago
  Partner: addr=0x26 valid=Y  reconnect attempts=0
--- Task Controller ---
  Connected:    Y
  TC-GEO (with/without pos): Y/Y
  Task active:  Y
  DRP deviation (DDI 513): 0 mm, last 1246703 ms ago
  GNSS quality (DDI 514):  0, last 1246703 ms ago
  Value commands (any DDI): 7  last DDI=515 (1090648 ms ago)
  Value requests (any DDI): 27697582
  Partner: addr=0xF7 valid=Y  reconnect attempts=0
  Tramline setpoint (DDI 506): 1  -> terminal DOES implement Tramline Control (1198654 ms ago)
  Guidance track (DDI 507-511): (none yet)
=== ISOBUS DEBUG MENU ===
1. Full status dump
2. Periodic summary line (OFF - press to toggle)
3. Reset message counters
4. Dump DDOP as hex (open in AgIsoDDOPGenerator)
5. Dump VT object pool as hex
q. Exit

# 12:14:45.964
=== ISOBUS STATUS ===
Address claim: CLAIMED  address=0x81
Bus load (ch0): 21.3 %
--- Message counters ---
  PGN 129025 Position NMEA2000: 0
  PGN 129026 Speed NMEA2000:    0
  PGN 129283 XTE NMEA2000:      0
  PGN 65267  Position legacy:   6073
  PGN 65256  Speed legacy:      6073   last SA=0x1C raw=0x3
  PGN 65535  XTE JD legacy:     130889   last SA=0xF0 word=0x0 byte1=0x0
             full payload:     0000000000000000  (6 ms ago)
  PGN 60160  XTE Trimble legacy:89   last SA=0x1C
  PGN 64770  AISO stop:         1227   last 1247717 ms ago
  TOTAL:                        144351
--- Guidance telemetry ---
  XTE:          -0.07 m
  Speed:        0.01 m/s (0.01 kn)
  Quality:      4   RTK quality=4  IsRtkQuality=Y
  GGA fix age:  90 ms
  VTG fix age:  89 ms
  XTE fix age:  76 ms
  Lat/Lon/Alt/Course: 53.425369 / 6.720294 / 4.4 m / 318.4 deg
--- Virtual Terminal ---
  Connected:    Y
  State:        21/22  Connected
  VT version:  4
  VT status msgs: 1228   last 735 ms ago
  Partner: addr=0x26 valid=Y  reconnect attempts=0
--- Task Controller ---
  Connected:    Y
  TC-GEO (with/without pos): Y/Y
  Task active:  Y
  DRP deviation (DDI 513): 0 mm, last 1247717 ms ago
  GNSS quality (DDI 514):  0, last 1247717 ms ago
  Value commands (any DDI): 7  last DDI=515 (1091662 ms ago)
  Value requests (any DDI): 27720997
  Partner: addr=0xF7 valid=Y  reconnect attempts=0
  Tramline setpoint (DDI 506): 1  -> terminal DOES implement Tramline Control (1199668 ms ago)
  Guidance track (DDI 507-511): (none yet)
=== ISOBUS DEBUG MENU ===
1. Full status dump
2. Periodic summary line (OFF - press to toggle)
3. Reset message counters
4. Dump DDOP as hex (open in AgIsoDDOPGenerator)
5. Dump VT object pool as hex
q. Exit

# 12:14:46.999
=== ISOBUS STATUS ===
Address claim: CLAIMED  address=0x81
Bus load (ch0): 21.8 %
--- Message counters ---
  PGN 129025 Position NMEA2000: 0
  PGN 129026 Speed NMEA2000:    0
  PGN 129283 XTE NMEA2000:      0
  PGN 65267  Position legacy:   6078
  PGN 65256  Speed legacy:      6078   last SA=0x1C raw=0x2
  PGN 65535  XTE JD legacy:     130999   last SA=0xF0 word=0x0 byte1=0x0
             full payload:     0000000000000000  (0 ms ago)
  PGN 60160  XTE Trimble legacy:89   last SA=0x1C
  PGN 64770  AISO stop:         1228   last 1248750 ms ago
  TOTAL:                        144472
--- Guidance telemetry ---
  XTE:          -0.07 m
  Speed:        0.00 m/s (0.01 kn)
  Quality:      4   RTK quality=4  IsRtkQuality=Y
  GGA fix age:  123 ms
  VTG fix age:  122 ms
  XTE fix age:  109 ms
  Lat/Lon/Alt/Course: 53.425369 / 6.720294 / 4.2 m / 318.4 deg
--- Virtual Terminal ---
  Connected:    Y
  State:        21/22  Connected
  VT version:  4
  VT status msgs: 1229   last 766 ms ago
  Partner: addr=0x26 valid=Y  reconnect attempts=0
--- Task Controller ---
  Connected:    Y
  TC-GEO (with/without pos): Y/Y
  Task active:  Y
  DRP deviation (DDI 513): 0 mm, last 1248750 ms ago
  GNSS quality (DDI 514):  0, last 1248750 ms ago
  Value commands (any DDI): 7  last DDI=515 (1092695 ms ago)
  Value requests (any DDI): 27744831
  Partner: addr=0xF7 valid=Y  reconnect attempts=0
  Tramline setpoint (DDI 506): 1  -> terminal DOES implement Tramline Control (1200701 ms ago)
  Guidance track (DDI 507-511): (none yet)
=== ISOBUS DEBUG MENU ===
1. Full status dump
2. Periodic summary line (OFF - press to toggle)
3. Reset message counters
4. Dump DDOP as hex (open in AgIsoDDOPGenerator)
5. Dump VT object pool as hex
q. Exit

# 12:14:48.023
=== ISOBUS STATUS ===
Address claim: CLAIMED  address=0x81
Bus load (ch0): 21.4 %
--- Message counters ---
  PGN 129025 Position NMEA2000: 0
  PGN 129026 Speed NMEA2000:    0
  PGN 129283 XTE NMEA2000:      0
  PGN 65267  Position legacy:   6083
  PGN 65256  Speed legacy:      6083   last SA=0x1C raw=0x2
  PGN 65535  XTE JD legacy:     131109   last SA=0xF0 word=0x0 byte1=0x0
             full payload:     0000000000000000  (3 ms ago)
  PGN 60160  XTE Trimble legacy:89   last SA=0x1C
  PGN 64770  AISO stop:         1229   last 1249786 ms ago
  TOTAL:                        144593
--- Guidance telemetry ---
  XTE:          -0.07 m
  Speed:        0.00 m/s (0.01 kn)
  Quality:      4   RTK quality=4  IsRtkQuality=Y
  GGA fix age:  159 ms
  VTG fix age:  158 ms
  XTE fix age:  145 ms
  Lat/Lon/Alt/Course: 53.425369 / 6.720294 / 4.2 m / 318.4 deg
--- Virtual Terminal ---
  Connected:    Y
  State:        21/22  Connected
  VT version:  4
  VT status msgs: 1230   last 802 ms ago
  Partner: addr=0x26 valid=Y  reconnect attempts=0
--- Task Controller ---
  Connected:    Y
  TC-GEO (with/without pos): Y/Y
  Task active:  Y
  DRP deviation (DDI 513): 0 mm, last 1249786 ms ago
  GNSS quality (DDI 514):  0, last 1249786 ms ago
  Value commands (any DDI): 7  last DDI=515 (1093731 ms ago)
  Value requests (any DDI): 27768722
  Partner: addr=0xF7 valid=Y  reconnect attempts=0
  Tramline setpoint (DDI 506): 1  -> terminal DOES implement Tramline Control (1201737 ms ago)
  Guidance track (DDI 507-511): (none yet)
=== ISOBUS DEBUG MENU ===
1. Full status dump
2. Periodic summary line (OFF - press to toggle)
3. Reset message counters
4. Dump DDOP as hex (open in AgIsoDDOPGenerator)
5. Dump VT object pool as hex
q. Exit

# 12:14:49.044
=== ISOBUS STATUS ===
Address claim: CLAIMED  address=0x81
Bus load (ch0): 21.4 %
--- Message counters ---
  PGN 129025 Position NMEA2000: 0
  PGN 129026 Speed NMEA2000:    0
  PGN 129283 XTE NMEA2000:      0
  PGN 65267  Position legacy:   6088
  PGN 65256  Speed legacy:      6088   last SA=0x1C raw=0x2
  PGN 65535  XTE JD legacy:     131218   last SA=0xF0 word=0x0 byte1=0x0
             full payload:     0000000000000000  (5 ms ago)
  PGN 60160  XTE Trimble legacy:89   last SA=0x1C
  PGN 64770  AISO stop:         1230   last 1250809 ms ago
  TOTAL:                        144713
--- Guidance telemetry ---
  XTE:          -0.07 m
  Speed:        0.00 m/s (0.01 kn)
  Quality:      4   RTK quality=4  IsRtkQuality=Y
  GGA fix age:  182 ms
  VTG fix age:  181 ms
  XTE fix age:  168 ms
  Lat/Lon/Alt/Course: 53.425369 / 6.720294 / 4.4 m / 318.4 deg
--- Virtual Terminal ---
  Connected:    Y
  State:        21/22  Connected
  VT version:  4
  VT status msgs: 1231   last 826 ms ago
  Partner: addr=0x26 valid=Y  reconnect attempts=0
--- Task Controller ---
  Connected:    Y
  TC-GEO (with/without pos): Y/Y
  Task active:  Y
  DRP deviation (DDI 513): 0 mm, last 1250809 ms ago
  GNSS quality (DDI 514):  0, last 1250809 ms ago
  Value commands (any DDI): 7  last DDI=515 (1094754 ms ago)
  Value requests (any DDI): 27792331
  Partner: addr=0xF7 valid=Y  reconnect attempts=0
  Tramline setpoint (DDI 506): 1  -> terminal DOES implement Tramline Control (1202760 ms ago)
  Guidance track (DDI 507-511): (none yet)
=== ISOBUS DEBUG MENU ===
1. Full status dump
2. Periodic summary line (OFF - press to toggle)
3. Reset message counters
4. Dump DDOP as hex (open in AgIsoDDOPGenerator)
5. Dump VT object pool as hex
q. Exit

# 12:14:50.052
=== ISOBUS STATUS ===
Address claim: CLAIMED  address=0x81
Bus load (ch0): 21.5 %
--- Message counters ---
  PGN 129025 Position NMEA2000: 0
  PGN 129026 Speed NMEA2000:    0
  PGN 129283 XTE NMEA2000:      0
  PGN 65267  Position legacy:   6094
  PGN 65256  Speed legacy:      6094   last SA=0x1C raw=0x2
  PGN 65535  XTE JD legacy:     131329   last SA=0x1C word=0x0 byte1=0x0
             full payload:     0000000000000000  (0 ms ago)
  PGN 60160  XTE Trimble legacy:89   last SA=0x1C
  PGN 64770  AISO stop:         1231   last 1251831 ms ago
  TOTAL:                        144837
--- Guidance telemetry ---
  XTE:          -0.07 m
  Speed:        0.00 m/s (0.01 kn)
  Quality:      4   RTK quality=4  IsRtkQuality=Y
  GGA fix age:  4 ms
  VTG fix age:  2 ms
  XTE fix age:  190 ms
  Lat/Lon/Alt/Course: 53.425369 / 6.720294 / 4.4 m / 318.4 deg
--- Virtual Terminal ---
  Connected:    Y
  State:        21/22  Connected
  VT version:  4
  VT status msgs: 1232   last 847 ms ago
  Partner: addr=0x26 valid=Y  reconnect attempts=0
--- Task Controller ---
  Connected:    Y
  TC-GEO (with/without pos): Y/Y
  Task active:  Y
  DRP deviation (DDI 513): 0 mm, last 1251831 ms ago
  GNSS quality (DDI 514):  0, last 1251831 ms ago
  Value commands (any DDI): 7  last DDI=515 (1095776 ms ago)
  Value requests (any DDI): 27815925
  Partner: addr=0xF7 valid=Y  reconnect attempts=0
  Tramline setpoint (DDI 506): 1  -> terminal DOES implement Tramline Control (1203782 ms ago)
  Guidance track (DDI 507-511): (none yet)
=== ISOBUS DEBUG MENU ===
1. Full status dump
2. Periodic summary line (OFF - press to toggle)
3. Reset message counters
4. Dump DDOP as hex (open in AgIsoDDOPGenerator)
5. Dump VT object pool as hex
q. Exit

# 12:14:51.081
=== ISOBUS STATUS ===
Address claim: CLAIMED  address=0x81
Bus load (ch0): 21.9 %
--- Message counters ---
  PGN 129025 Position NMEA2000: 0
  PGN 129026 Speed NMEA2000:    0
  PGN 129283 XTE NMEA2000:      0
  PGN 65267  Position legacy:   6099
  PGN 65256  Speed legacy:      6099   last SA=0x1C raw=0x3
  PGN 65535  XTE JD legacy:     131441   last SA=0x1C word=0x0 byte1=0x0
             full payload:     0000000000000000  (5 ms ago)
  PGN 60160  XTE Trimble legacy:89   last SA=0x1C
  PGN 64770  AISO stop:         1232   last 1252838 ms ago
  TOTAL:                        144960
--- Guidance telemetry ---
  XTE:          -0.07 m
  Speed:        0.01 m/s (0.01 kn)
  Quality:      4   RTK quality=4  IsRtkQuality=Y
  GGA fix age:  11 ms
  VTG fix age:  10 ms
  XTE fix age:  197 ms
  Lat/Lon/Alt/Course: 53.425369 / 6.720294 / 4.2 m / 318.4 deg
--- Virtual Terminal ---
  Connected:    Y
  State:        21/22  Connected
  VT version:  4
  VT status msgs: 1233   last 854 ms ago
  Partner: addr=0x26 valid=Y  reconnect attempts=0
--- Task Controller ---
  Connected:    Y
  TC-GEO (with/without pos): Y/Y
  Task active:  Y
  DRP deviation (DDI 513): 0 mm, last 1252838 ms ago
  GNSS quality (DDI 514):  0, last 1252838 ms ago
  Value commands (any DDI): 7  last DDI=515 (1096783 ms ago)
  Value requests (any DDI): 27839149
  Partner: addr=0xF7 valid=Y  reconnect attempts=0
  Tramline setpoint (DDI 506): 1  -> terminal DOES implement Tramline Control (1204789 ms ago)
  Guidance track (DDI 507-511): (none yet)
=== ISOBUS DEBUG MENU ===
1. Full status dump
2. Periodic summary line (OFF - press to toggle)
3. Reset message counters
4. Dump DDOP as hex (open in AgIsoDDOPGenerator)
5. Dump VT object pool as hex
q. Exit

# 12:14:52.097
=== ISOBUS STATUS ===
Address claim: CLAIMED  address=0x81
Bus load (ch0): 22.1 %
--- Message counters ---
  PGN 129025 Position NMEA2000: 0
  PGN 129026 Speed NMEA2000:    0
  PGN 129283 XTE NMEA2000:      0
  PGN 65267  Position legacy:   6104
  PGN 65256  Speed legacy:      6104   last SA=0x1C raw=0x2
  PGN 65535  XTE JD legacy:     131551   last SA=0xF0 word=0x0 byte1=0x0
             full payload:     0000000000000000  (4 ms ago)
  PGN 60160  XTE Trimble legacy:89   last SA=0x1C
  PGN 64770  AISO stop:         1233   last 1253867 ms ago
  TOTAL:                        145081
--- Guidance telemetry ---
  XTE:          -0.07 m
  Speed:        0.00 m/s (0.01 kn)
  Quality:      4   RTK quality=4  IsRtkQuality=Y
  GGA fix age:  40 ms
  VTG fix age:  38 ms
  XTE fix age:  26 ms
  Lat/Lon/Alt/Course: 53.425369 / 6.720294 / 4.2 m / 318.4 deg
--- Virtual Terminal ---
  Connected:    Y
  State:        21/22  Connected
  VT version:  4
  VT status msgs: 1234   last 884 ms ago
  Partner: addr=0x26 valid=Y  reconnect attempts=0
--- Task Controller ---
  Connected:    Y
  TC-GEO (with/without pos): Y/Y
  Task active:  Y
  DRP deviation (DDI 513): 0 mm, last 1253867 ms ago
  GNSS quality (DDI 514):  0, last 1253867 ms ago
  Value commands (any DDI): 7  last DDI=515 (1097812 ms ago)
  Value requests (any DDI): 27862894
  Partner: addr=0xF7 valid=Y  reconnect attempts=0
  Tramline setpoint (DDI 506): 1  -> terminal DOES implement Tramline Control (1205818 ms ago)
  Guidance track (DDI 507-511): (none yet)
=== ISOBUS DEBUG MENU ===
1. Full status dump
2. Periodic summary line (OFF - press to toggle)
3. Reset message counters
4. Dump DDOP as hex (open in AgIsoDDOPGenerator)
5. Dump VT object pool as hex
q. Exit

# 12:14:53.127
=== ISOBUS STATUS ===
Address claim: CLAIMED  address=0x81
Bus load (ch0): 21.9 %
--- Message counters ---
  PGN 129025 Position NMEA2000: 0
  PGN 129026 Speed NMEA2000:    0
  PGN 129283 XTE NMEA2000:      0
  PGN 65267  Position legacy:   6109
  PGN 65256  Speed legacy:      6109   last SA=0x1C raw=0x1
  PGN 65535  XTE JD legacy:     131659   last SA=0xF0 word=0x0 byte1=0x0
             full payload:     0000000000000000  (0 ms ago)
  PGN 60160  XTE Trimble legacy:89   last SA=0x1C
  PGN 64770  AISO stop:         1234   last 1254884 ms ago
  TOTAL:                        145200
--- Guidance telemetry ---
  XTE:          -0.07 m
  Speed:        0.00 m/s (0.00 kn)
  Quality:      4   RTK quality=4  IsRtkQuality=Y
  GGA fix age:  57 ms
  VTG fix age:  56 ms
  XTE fix age:  43 ms
  Lat/Lon/Alt/Course: 53.425369 / 6.720294 / 4.2 m / 318.4 deg
--- Virtual Terminal ---
  Connected:    Y
  State:        21/22  Connected
  VT version:  4
  VT status msgs: 1235   last 900 ms ago
  Partner: addr=0x26 valid=Y  reconnect attempts=0
--- Task Controller ---
  Connected:    Y
  TC-GEO (with/without pos): Y/Y
  Task active:  Y
  DRP deviation (DDI 513): 0 mm, last 1254884 ms ago
  GNSS quality (DDI 514):  0, last 1254884 ms ago
  Value commands (any DDI): 7  last DDI=515 (1098829 ms ago)
  Value requests (any DDI): 27886373
  Partner: addr=0xF7 valid=Y  reconnect attempts=0
  Tramline setpoint (DDI 506): 1  -> terminal DOES implement Tramline Control (1206835 ms ago)
  Guidance track (DDI 507-511): (none yet)
=== ISOBUS DEBUG MENU ===
1. Full status dump
2. Periodic summary line (OFF - press to toggle)
3. Reset message counters
4. Dump DDOP as hex (open in AgIsoDDOPGenerator)
5. Dump VT object pool as hex
q. Exit

# 12:14:54.178
=== ISOBUS STATUS ===
Address claim: CLAIMED  address=0x81
Bus load (ch0): 21.4 %
--- Message counters ---
  PGN 129025 Position NMEA2000: 0
  PGN 129026 Speed NMEA2000:    0
  PGN 129283 XTE NMEA2000:      0
  PGN 65267  Position legacy:   6114
  PGN 65256  Speed legacy:      6114   last SA=0x1C raw=0x0
  PGN 65535  XTE JD legacy:     131767   last SA=0xF0 word=0x0 byte1=0x0
             full payload:     0000000000000000  (10 ms ago)
  PGN 60160  XTE Trimble legacy:89   last SA=0x1C
  PGN 64770  AISO stop:         1235   last 1255913 ms ago
  TOTAL:                        145319
--- Guidance telemetry ---
  XTE:          -0.07 m
  Speed:        0.00 m/s (0.00 kn)
  Quality:      4   RTK quality=4  IsRtkQuality=Y
  GGA fix age:  86 ms
  VTG fix age:  84 ms
  XTE fix age:  72 ms
  Lat/Lon/Alt/Course: 53.425369 / 6.720294 / 4.4 m / 318.4 deg
--- Virtual Terminal ---
  Connected:    Y
  State:        21/22  Connected
  VT version:  4
  VT status msgs: 1236   last 930 ms ago
  Partner: addr=0x26 valid=Y  reconnect attempts=0
--- Task Controller ---
  Connected:    Y
  TC-GEO (with/without pos): Y/Y
  Task active:  Y
  DRP deviation (DDI 513): 0 mm, last 1255913 ms ago
  GNSS quality (DDI 514):  0, last 1255913 ms ago
  Value commands (any DDI): 7  last DDI=515 (1099858 ms ago)
  Value requests (any DDI): 27910121
  Partner: addr=0xF7 valid=Y  reconnect attempts=0
  Tramline setpoint (DDI 506): 1  -> terminal DOES implement Tramline Control (1207864 ms ago)
  Guidance track (DDI 507-511): (none yet)
=== ISOBUS DEBUG MENU ===
1. Full status dump
2. Periodic summary line (OFF - press to toggle)
3. Reset message counters
4. Dump DDOP as hex (open in AgIsoDDOPGenerator)
5. Dump VT object pool as hex
q. Exit

# 12:14:55.194
=== ISOBUS STATUS ===
Address claim: CLAIMED  address=0x81
Bus load (ch0): 21.8 %
--- Message counters ---
  PGN 129025 Position NMEA2000: 0
  PGN 129026 Speed NMEA2000:    0
  PGN 129283 XTE NMEA2000:      0
  PGN 65267  Position legacy:   6119
  PGN 65256  Speed legacy:      6119   last SA=0x1C raw=0x2
  PGN 65535  XTE JD legacy:     131876   last SA=0xF0 word=0x0 byte1=0x0
             full payload:     0000000000000000  (19 ms ago)
  PGN 60160  XTE Trimble legacy:89   last SA=0x1C
  PGN 64770  AISO stop:         1236   last 1256962 ms ago
  TOTAL:                        145439
--- Guidance telemetry ---
  XTE:          -0.07 m
  Speed:        0.00 m/s (0.01 kn)
  Quality:      4   RTK quality=4  IsRtkQuality=Y
  GGA fix age:  135 ms
  VTG fix age:  134 ms
  XTE fix age:  121 ms
  Lat/Lon/Alt/Course: 53.425369 / 6.720294 / 4.4 m / 318.4 deg
--- Virtual Terminal ---
  Connected:    Y
  State:        21/22  Connected
  VT version:  4
  VT status msgs: 1237   last 979 ms ago
  Partner: addr=0x26 valid=Y  reconnect attempts=0
--- Task Controller ---
  Connected:    Y
  TC-GEO (with/without pos): Y/Y
  Task active:  Y
  DRP deviation (DDI 513): 0 mm, last 1256962 ms ago
  GNSS quality (DDI 514):  0, last 1256962 ms ago
  Value commands (any DDI): 7  last DDI=515 (1100907 ms ago)
  Value requests (any DDI): 27934327
  Partner: addr=0xF7 valid=Y  reconnect attempts=0
  Tramline setpoint (DDI 506): 1  -> terminal DOES implement Tramline Control (1208913 ms ago)
  Guidance track (DDI 507-511): (none yet)
=== ISOBUS DEBUG MENU ===
1. Full status dump
2. Periodic summary line (OFF - press to toggle)
3. Reset message counters
4. Dump DDOP as hex (open in AgIsoDDOPGenerator)
5. Dump VT object pool as hex
q. Exit

# 12:14:56.212
=== ISOBUS STATUS ===
Address claim: CLAIMED  address=0x81
Bus load (ch0): 21.9 %
--- Message counters ---
  PGN 129025 Position NMEA2000: 0
  PGN 129026 Speed NMEA2000:    0
  PGN 129283 XTE NMEA2000:      0
  PGN 65267  Position legacy:   6124
  PGN 65256  Speed legacy:      6124   last SA=0x1C raw=0x2
  PGN 65535  XTE JD legacy:     131986   last SA=0x1C word=0x0 byte1=0x0
             full payload:     0000000000000000  (7 ms ago)
  PGN 60160  XTE Trimble legacy:89   last SA=0x1C
  PGN 64770  AISO stop:         1237   last 1257979 ms ago
  TOTAL:                        145560
--- Guidance telemetry ---
  XTE:          -0.07 m
  Speed:        0.00 m/s (0.01 kn)
  Quality:      4   RTK quality=4  IsRtkQuality=Y
  GGA fix age:  152 ms
  VTG fix age:  150 ms
  XTE fix age:  138 ms
  Lat/Lon/Alt/Course: 53.425369 / 6.720294 / 4.4 m / 318.4 deg
--- Virtual Terminal ---
  Connected:    Y
  State:        21/22  Connected
  VT version:  4
  VT status msgs: 1238   last 997 ms ago
  Partner: addr=0x26 valid=Y  reconnect attempts=0
--- Task Controller ---
  Connected:    Y
  TC-GEO (with/without pos): Y/Y
  Task active:  Y
  DRP deviation (DDI 513): 0 mm, last 1257979 ms ago
  GNSS quality (DDI 514):  0, last 1257979 ms ago
  Value commands (any DDI): 7  last DDI=515 (1101924 ms ago)
  Value requests (any DDI): 27957797
  Partner: addr=0xF7 valid=Y  reconnect attempts=0
  Tramline setpoint (DDI 506): 1  -> terminal DOES implement Tramline Control (1209930 ms ago)
  Guidance track (DDI 507-511): (none yet)
=== ISOBUS DEBUG MENU ===
1. Full status dump
2. Periodic summary line (OFF - press to toggle)
3. Reset message counters
4. Dump DDOP as hex (open in AgIsoDDOPGenerator)
5. Dump VT object pool as hex
q. Exit

# 12:14:57.230
=== ISOBUS STATUS ===
Address claim: CLAIMED  address=0x81
Bus load (ch0): 22.1 %
--- Message counters ---
  PGN 129025 Position NMEA2000: 0
  PGN 129026 Speed NMEA2000:    0
  PGN 129283 XTE NMEA2000:      0
  PGN 65267  Position legacy:   6129
  PGN 65256  Speed legacy:      6129   last SA=0x1C raw=0x1
  PGN 65535  XTE JD legacy:     132094   last SA=0xF0 word=0x0 byte1=0x0
             full payload:     0000000000000000  (14 ms ago)
  PGN 60160  XTE Trimble legacy:89   last SA=0x1C
  PGN 64770  AISO stop:         1238   last 1258998 ms ago
  TOTAL:                        145679
--- Guidance telemetry ---
  XTE:          -0.07 m
  Speed:        0.00 m/s (0.00 kn)
  Quality:      4   RTK quality=4  IsRtkQuality=Y
  GGA fix age:  166 ms
  VTG fix age:  164 ms
  XTE fix age:  152 ms
  Lat/Lon/Alt/Course: 53.425369 / 6.720294 / 4.4 m / 318.4 deg
--- Virtual Terminal ---
  Connected:    Y
  State:        21/22  Connected
  VT version:  4
  VT status msgs: 1240   last 15 ms ago
  Partner: addr=0x26 valid=Y  reconnect attempts=0
--- Task Controller ---
  Connected:    Y
  TC-GEO (with/without pos): Y/Y
  Task active:  Y
  DRP deviation (DDI 513): 0 mm, last 1258998 ms ago
  GNSS quality (DDI 514):  0, last 1258998 ms ago
  Value commands (any DDI): 7  last DDI=515 (1102943 ms ago)
  Value requests (any DDI): 27981303
  Partner: addr=0xF7 valid=Y  reconnect attempts=0
  Tramline setpoint (DDI 506): 1  -> terminal DOES implement Tramline Control (1210949 ms ago)
  Guidance track (DDI 507-511): (none yet)
=== ISOBUS DEBUG MENU ===
1. Full status dump
2. Periodic summary line (OFF - press to toggle)
3. Reset message counters
4. Dump DDOP as hex (open in AgIsoDDOPGenerator)
5. Dump VT object pool as hex
q. Exit

# 12:14:58.290
=== ISOBUS STATUS ===
Address claim: CLAIMED  address=0x81
Bus load (ch0): 22.1 %
--- Message counters ---
  PGN 129025 Position NMEA2000: 0
  PGN 129026 Speed NMEA2000:    0
  PGN 129283 XTE NMEA2000:      0
  PGN 65267  Position legacy:   6134
  PGN 65256  Speed legacy:      6134   last SA=0x1C raw=0x4
  PGN 65535  XTE JD legacy:     132202   last SA=0xF0 word=0x0 byte1=0x0
             full payload:     0000000000000000  (11 ms ago)
  PGN 60160  XTE Trimble legacy:89   last SA=0x1C
  PGN 64770  AISO stop:         1239   last 1260015 ms ago
  TOTAL:                        145798
--- Guidance telemetry ---
  XTE:          -0.07 m
  Speed:        0.01 m/s (0.02 kn)
  Quality:      4   RTK quality=4  IsRtkQuality=Y
  GGA fix age:  188 ms
  VTG fix age:  186 ms
  XTE fix age:  174 ms
  Lat/Lon/Alt/Course: 53.425369 / 6.720294 / 4.4 m / 318.4 deg
--- Virtual Terminal ---
  Connected:    Y
  State:        21/22  Connected
  VT version:  4
  VT status msgs: 1241   last 32 ms ago
  Partner: addr=0x26 valid=Y  reconnect attempts=0
--- Task Controller ---
  Connected:    Y
  TC-GEO (with/without pos): Y/Y
  Task active:  Y
  DRP deviation (DDI 513): 0 mm, last 1260015 ms ago
  GNSS quality (DDI 514):  0, last 1260015 ms ago
  Value commands (any DDI): 7  last DDI=515 (1103960 ms ago)
  Value requests (any DDI): 28004776
  Partner: addr=0xF7 valid=Y  reconnect attempts=0
  Tramline setpoint (DDI 506): 1  -> terminal DOES implement Tramline Control (1211966 ms ago)
  Guidance track (DDI 507-511): (none yet)
=== ISOBUS DEBUG MENU ===
1. Full status dump
2. Periodic summary line (OFF - press to toggle)
3. Reset message counters
4. Dump DDOP as hex (open in AgIsoDDOPGenerator)
5. Dump VT object pool as hex
q. Exit

# 12:14:59.297
=== ISOBUS STATUS ===
Address claim: CLAIMED  address=0x81
Bus load (ch0): 21.0 %
--- Message counters ---
  PGN 129025 Position NMEA2000: 0
  PGN 129026 Speed NMEA2000:    0
  PGN 129283 XTE NMEA2000:      0
  PGN 65267  Position legacy:   6140
  PGN 65256  Speed legacy:      6140   last SA=0x1C raw=0x1
  PGN 65535  XTE JD legacy:     132321   last SA=0xF0 word=0x0 byte1=0x0
             full payload:     0000000000000000  (11 ms ago)
  PGN 60160  XTE Trimble legacy:89   last SA=0x1C
  PGN 64770  AISO stop:         1240   last 1261074 ms ago
  TOTAL:                        145930
--- Guidance telemetry ---
  XTE:          -0.07 m
  Speed:        0.00 m/s (0.00 kn)
  Quality:      4   RTK quality=4  IsRtkQuality=Y
  GGA fix age:  47 ms
  VTG fix age:  45 ms
  XTE fix age:  33 ms
  Lat/Lon/Alt/Course: 53.425369 / 6.720294 / 4.4 m / 318.4 deg
--- Virtual Terminal ---
  Connected:    Y
  State:        21/22  Connected
  VT version:  4
  VT status msgs: 1242   last 91 ms ago
  Partner: addr=0x26 valid=Y  reconnect attempts=0
--- Task Controller ---
  Connected:    Y
  TC-GEO (with/without pos): Y/Y
  Task active:  Y
  DRP deviation (DDI 513): 0 mm, last 1261074 ms ago
  GNSS quality (DDI 514):  0, last 1261074 ms ago
  Value commands (any DDI): 7  last DDI=515 (1105019 ms ago)
  Value requests (any DDI): 28029206
  Partner: addr=0xF7 valid=Y  reconnect attempts=0
  Tramline setpoint (DDI 506): 1  -> terminal DOES implement Tramline Control (1213025 ms ago)
  Guidance track (DDI 507-511): (none yet)
=== ISOBUS DEBUG MENU ===
1. Full status dump
2. Periodic summary line (OFF - press to toggle)
3. Reset message counters
4. Dump DDOP as hex (open in AgIsoDDOPGenerator)
5. Dump VT object pool as hex
q. Exit

# 12:15:00.314
=== ISOBUS STATUS ===
Address claim: CLAIMED  address=0x81
Bus load (ch0): 21.2 %
--- Message counters ---
  PGN 129025 Position NMEA2000: 0
  PGN 129026 Speed NMEA2000:    0
  PGN 129283 XTE NMEA2000:      0
  PGN 65267  Position legacy:   6145
  PGN 65256  Speed legacy:      6145   last SA=0x1C raw=0x1
  PGN 65535  XTE JD legacy:     132428   last SA=0xF0 word=0x0 byte1=0x0
             full payload:     0000000000000000  (18 ms ago)
  PGN 60160  XTE Trimble legacy:89   last SA=0x1C
  PGN 64770  AISO stop:         1241   last 1262081 ms ago
  TOTAL:                        146048
--- Guidance telemetry ---
  XTE:          -0.07 m
  Speed:        0.00 m/s (0.00 kn)
  Quality:      4   RTK quality=4  IsRtkQuality=Y
  GGA fix age:  54 ms
  VTG fix age:  53 ms
  XTE fix age:  40 ms
  Lat/Lon/Alt/Course: 53.425369 / 6.720294 / 4.4 m / 318.4 deg
--- Virtual Terminal ---
  Connected:    Y
  State:        21/22  Connected
  VT version:  4
  VT status msgs: 1243   last 98 ms ago
  Partner: addr=0x26 valid=Y  reconnect attempts=0
--- Task Controller ---
  Connected:    Y
  TC-GEO (with/without pos): Y/Y
  Task active:  Y
  DRP deviation (DDI 513): 0 mm, last 1262081 ms ago
  GNSS quality (DDI 514):  0, last 1262081 ms ago
  Value commands (any DDI): 7  last DDI=515 (1106026 ms ago)
  Value requests (any DDI): 28052446
  Partner: addr=0xF7 valid=Y  reconnect attempts=0
  Tramline setpoint (DDI 506): 1  -> terminal DOES implement Tramline Control (1214032 ms ago)
  Guidance track (DDI 507-511): (none yet)
=== ISOBUS DEBUG MENU ===
1. Full status dump
2. Periodic summary line (OFF - press to toggle)
3. Reset message counters
4. Dump DDOP as hex (open in AgIsoDDOPGenerator)
5. Dump VT object pool as hex
q. Exit

# 12:15:01.347
=== ISOBUS STATUS ===
Address claim: CLAIMED  address=0x81
Bus load (ch0): 21.4 %
--- Message counters ---
  PGN 129025 Position NMEA2000: 0
  PGN 129026 Speed NMEA2000:    0
  PGN 129283 XTE NMEA2000:      0
  PGN 65267  Position legacy:   6150
  PGN 65256  Speed legacy:      6150   last SA=0x1C raw=0x0
  PGN 65535  XTE JD legacy:     132538   last SA=0xD2 word=0x0 byte1=0x0
             full payload:     0000000000000000  (9 ms ago)
  PGN 60160  XTE Trimble legacy:89   last SA=0x1C
  PGN 64770  AISO stop:         1242   last 1263100 ms ago
  TOTAL:                        146169
--- Guidance telemetry ---
  XTE:          -0.07 m
  Speed:        0.00 m/s (0.00 kn)
  Quality:      4   RTK quality=4  IsRtkQuality=Y
  GGA fix age:  73 ms
  VTG fix age:  71 ms
  XTE fix age:  59 ms
  Lat/Lon/Alt/Course: 53.425369 / 6.720294 / 4.4 m / 318.4 deg
--- Virtual Terminal ---
  Connected:    Y
  State:        21/22  Connected
  VT version:  4
  VT status msgs: 1244   last 117 ms ago
  Partner: addr=0x26 valid=Y  reconnect attempts=0
--- Task Controller ---
  Connected:    Y
  TC-GEO (with/without pos): Y/Y
  Task active:  Y
  DRP deviation (DDI 513): 0 mm, last 1263100 ms ago
  GNSS quality (DDI 514):  0, last 1263100 ms ago
  Value commands (any DDI): 7  last DDI=515 (1107045 ms ago)
  Value requests (any DDI): 28075967
  Partner: addr=0xF7 valid=Y  reconnect attempts=0
  Tramline setpoint (DDI 506): 1  -> terminal DOES implement Tramline Control (1215051 ms ago)
  Guidance track (DDI 507-511): (none yet)
=== ISOBUS DEBUG MENU ===
1. Full status dump
2. Periodic summary line (OFF - press to toggle)
3. Reset message counters
4. Dump DDOP as hex (open in AgIsoDDOPGenerator)
5. Dump VT object pool as hex
q. Exit

# 12:15:02.377
=== ISOBUS STATUS ===
Address claim: CLAIMED  address=0x81
Bus load (ch0): 21.5 %
--- Message counters ---
  PGN 129025 Position NMEA2000: 0
  PGN 129026 Speed NMEA2000:    0
  PGN 129283 XTE NMEA2000:      0
  PGN 65267  Position legacy:   6155
  PGN 65256  Speed legacy:      6155   last SA=0x1C raw=0x3
  PGN 65535  XTE JD legacy:     132647   last SA=0xF0 word=0x0 byte1=0x0
             full payload:     0000000000000000  (8 ms ago)
  PGN 60160  XTE Trimble legacy:89   last SA=0x1C
  PGN 64770  AISO stop:         1243   last 1264132 ms ago
  TOTAL:                        146289
--- Guidance telemetry ---
  XTE:          -0.07 m
  Speed:        0.01 m/s (0.01 kn)
  Quality:      4   RTK quality=4  IsRtkQuality=Y
  GGA fix age:  106 ms
  VTG fix age:  105 ms
  XTE fix age:  97 ms
  Lat/Lon/Alt/Course: 53.425369 / 6.720294 / 4.4 m / 318.4 deg
--- Virtual Terminal ---
  Connected:    Y
  State:        21/22  Connected
  VT version:  4
  VT status msgs: 1245   last 150 ms ago
  Partner: addr=0x26 valid=Y  reconnect attempts=0
--- Task Controller ---
  Connected:    Y
  TC-GEO (with/without pos): Y/Y
  Task active:  Y
  DRP deviation (DDI 513): 0 mm, last 1264133 ms ago
  GNSS quality (DDI 514):  0, last 1264133 ms ago
  Value commands (any DDI): 7  last DDI=515 (1108078 ms ago)
  Value requests (any DDI): 28099814
  Partner: addr=0xF7 valid=Y  reconnect attempts=0
  Tramline setpoint (DDI 506): 1  -> terminal DOES implement Tramline Control (1216084 ms ago)
  Guidance track (DDI 507-511): (none yet)
=== ISOBUS DEBUG MENU ===
1. Full status dump
2. Periodic summary line (OFF - press to toggle)
3. Reset message counters
4. Dump DDOP as hex (open in AgIsoDDOPGenerator)
5. Dump VT object pool as hex
q. Exit

# 12:15:03.429
=== ISOBUS STATUS ===
Address claim: CLAIMED  address=0x81
Bus load (ch0): 21.3 %
--- Message counters ---
  PGN 129025 Position NMEA2000: 0
  PGN 129026 Speed NMEA2000:    0
  PGN 129283 XTE NMEA2000:      0
  PGN 65267  Position legacy:   6160
  PGN 65256  Speed legacy:      6160   last SA=0x1C raw=0x1
  PGN 65535  XTE JD legacy:     132755   last SA=0xF0 word=0x0 byte1=0x0
             full payload:     0000000000000000  (20 ms ago)
  PGN 60160  XTE Trimble legacy:89   last SA=0x1C
  PGN 64770  AISO stop:         1244   last 1265164 ms ago
  TOTAL:                        146408
--- Guidance telemetry ---
  XTE:          -0.07 m
  Speed:        0.00 m/s (0.00 kn)
  Quality:      4   RTK quality=4  IsRtkQuality=Y
  GGA fix age:  137 ms
  VTG fix age:  135 ms
  XTE fix age:  123 ms
  Lat/Lon/Alt/Course: 53.425369 / 6.720294 / 4.4 m / 318.4 deg
--- Virtual Terminal ---
  Connected:    Y
  State:        21/22  Connected
  VT version:  4
  VT status msgs: 1246   last 181 ms ago
  Partner: addr=0x26 valid=Y  reconnect attempts=0
--- Task Controller ---
  Connected:    Y
  TC-GEO (with/without pos): Y/Y
  Task active:  Y
  DRP deviation (DDI 513): 0 mm, last 1265164 ms ago
  GNSS quality (DDI 514):  0, last 1265164 ms ago
  Value commands (any DDI): 7  last DDI=515 (1109109 ms ago)
  Value requests (any DDI): 28123626
  Partner: addr=0xF7 valid=Y  reconnect attempts=0
  Tramline setpoint (DDI 506): 1  -> terminal DOES implement Tramline Control (1217115 ms ago)
  Guidance track (DDI 507-511): (none yet)
=== ISOBUS DEBUG MENU ===
1. Full status dump
2. Periodic summary line (OFF - press to toggle)
3. Reset message counters
4. Dump DDOP as hex (open in AgIsoDDOPGenerator)
5. Dump VT object pool as hex
q. Exit

# 12:15:04.490
=== ISOBUS STATUS ===
Address claim: CLAIMED  address=0x81
Bus load (ch0): 21.3 %
--- Message counters ---
  PGN 129025 Position NMEA2000: 0
  PGN 129026 Speed NMEA2000:    0
  PGN 129283 XTE NMEA2000:      0
  PGN 65267  Position legacy:   6165
  PGN 65256  Speed legacy:      6165   last SA=0x1C raw=0x1
  PGN 65535  XTE JD legacy:     132865   last SA=0xF0 word=0x0 byte1=0x0
             full payload:     0000000000000000  (10 ms ago)
  PGN 60160  XTE Trimble legacy:89   last SA=0x1C
  PGN 64770  AISO stop:         1245   last 1266215 ms ago
  TOTAL:                        146529
--- Guidance telemetry ---
  XTE:          -0.07 m
  Speed:        0.00 m/s (0.00 kn)
  Quality:      4   RTK quality=4  IsRtkQuality=Y
  GGA fix age:  188 ms
  VTG fix age:  187 ms
  XTE fix age:  174 ms
  Lat/Lon/Alt/Course: 53.425369 / 6.720294 / 4.4 m / 318.4 deg
--- Virtual Terminal ---
  Connected:    Y
  State:        21/22  Connected
  VT version:  4
  VT status msgs: 1247   last 232 ms ago
  Partner: addr=0x26 valid=Y  reconnect attempts=0
--- Task Controller ---
  Connected:    Y
  TC-GEO (with/without pos): Y/Y
  Task active:  Y
  DRP deviation (DDI 513): 0 mm, last 1266215 ms ago
  GNSS quality (DDI 514):  0, last 1266215 ms ago
  Value commands (any DDI): 7  last DDI=515 (1110160 ms ago)
  Value requests (any DDI): 28147892
  Partner: addr=0xF7 valid=Y  reconnect attempts=0
  Tramline setpoint (DDI 506): 1  -> terminal DOES implement Tramline Control (1218166 ms ago)
  Guidance track (DDI 507-511): (none yet)
=== ISOBUS DEBUG MENU ===
1. Full status dump
2. Periodic summary line (OFF - press to toggle)
3. Reset message counters
4. Dump DDOP as hex (open in AgIsoDDOPGenerator)
5. Dump VT object pool as hex
q. Exit

# 12:15:05.557
=== ISOBUS STATUS ===
Address claim: CLAIMED  address=0x81
Bus load (ch0): 21.3 %
--- Message counters ---
  PGN 129025 Position NMEA2000: 0
  PGN 129026 Speed NMEA2000:    0
  PGN 129283 XTE NMEA2000:      0
  PGN 65267  Position legacy:   6171
  PGN 65256  Speed legacy:      6171   last SA=0x1C raw=0x0
  PGN 65535  XTE JD legacy:     132983   last SA=0xF0 word=0x0 byte1=0x0
             full payload:     0000000000000000  (12 ms ago)
  PGN 60160  XTE Trimble legacy:89   last SA=0x1C
  PGN 64770  AISO stop:         1246   last 1267276 ms ago
  TOTAL:                        146660
--- Guidance telemetry ---
  XTE:          -0.07 m
  Speed:        0.00 m/s (0.00 kn)
  Quality:      4   RTK quality=4  IsRtkQuality=Y
  GGA fix age:  49 ms
  VTG fix age:  48 ms
  XTE fix age:  35 ms
  Lat/Lon/Alt/Course: 53.425369 / 6.720294 / 4.4 m / 318.4 deg
--- Virtual Terminal ---
  Connected:    Y
  State:        21/22  Connected
  VT version:  4
  VT status msgs: 1248   last 293 ms ago
  Partner: addr=0x26 valid=Y  reconnect attempts=0
--- Task Controller ---
  Connected:    Y
  TC-GEO (with/without pos): Y/Y
  Task active:  Y
  DRP deviation (DDI 513): 0 mm, last 1267276 ms ago
  GNSS quality (DDI 514):  0, last 1267276 ms ago
  Value commands (any DDI): 7  last DDI=515 (1111221 ms ago)
  Value requests (any DDI): 28172402
  Partner: addr=0xF7 valid=Y  reconnect attempts=0
  Tramline setpoint (DDI 506): 1  -> terminal DOES implement Tramline Control (1219227 ms ago)
  Guidance track (DDI 507-511): (none yet)
=== ISOBUS DEBUG MENU ===
1. Full status dump
2. Periodic summary line (OFF - press to toggle)
3. Reset message counters
4. Dump DDOP as hex (open in AgIsoDDOPGenerator)
5. Dump VT object pool as hex
q. Exit

# 12:15:06.591
=== ISOBUS STATUS ===
Address claim: CLAIMED  address=0x81
Bus load (ch0): 22.2 %
--- Message counters ---
  PGN 129025 Position NMEA2000: 0
  PGN 129026 Speed NMEA2000:    0
  PGN 129283 XTE NMEA2000:      0
  PGN 65267  Position legacy:   6176
  PGN 65256  Speed legacy:      6176   last SA=0x1C raw=0x2
  PGN 65535  XTE JD legacy:     133098   last SA=0xF0 word=0x0 byte1=0x0
             full payload:     0000000000000000  (3 ms ago)
  PGN 60160  XTE Trimble legacy:89   last SA=0x1C
  PGN 64770  AISO stop:         1247   last 1268347 ms ago
  TOTAL:                        146786
--- Guidance telemetry ---
  XTE:          -0.07 m
  Speed:        0.00 m/s (0.01 kn)
  Quality:      4   RTK quality=4  IsRtkQuality=Y
  GGA fix age:  120 ms
  VTG fix age:  118 ms
  XTE fix age:  106 ms
  Lat/Lon/Alt/Course: 53.425369 / 6.720294 / 4.4 m / 318.4 deg
--- Virtual Terminal ---
  Connected:    Y
  State:        21/22  Connected
  VT version:  4
  VT status msgs: 1249   last 364 ms ago
  Partner: addr=0x26 valid=Y  reconnect attempts=0
--- Task Controller ---
  Connected:    Y
  TC-GEO (with/without pos): Y/Y
  Task active:  Y
  DRP deviation (DDI 513): 0 mm, last 1268347 ms ago
  GNSS quality (DDI 514):  0, last 1268347 ms ago
  Value commands (any DDI): 7  last DDI=515 (1112292 ms ago)
  Value requests (any DDI): 28197130
  Partner: addr=0xF7 valid=Y  reconnect attempts=0
  Tramline setpoint (DDI 506): 1  -> terminal DOES implement Tramline Control (1220298 ms ago)
  Guidance track (DDI 507-511): (none yet)
=== ISOBUS DEBUG MENU ===
1. Full status dump
2. Periodic summary line (OFF - press to toggle)
3. Reset message counters
4. Dump DDOP as hex (open in AgIsoDDOPGenerator)
5. Dump VT object pool as hex
q. Exit

# 12:15:07.608
=== ISOBUS STATUS ===
Address claim: CLAIMED  address=0x81
Bus load (ch0): 21.8 %
--- Message counters ---
  PGN 129025 Position NMEA2000: 0
  PGN 129026 Speed NMEA2000:    0
  PGN 129283 XTE NMEA2000:      0
  PGN 65267  Position legacy:   6181
  PGN 65256  Speed legacy:      6181   last SA=0x1C raw=0x1
  PGN 65535  XTE JD legacy:     133206   last SA=0xF0 word=0x0 byte1=0x0
             full payload:     0000000000000000  (11 ms ago)
  PGN 60160  XTE Trimble legacy:89   last SA=0x1C
  PGN 64770  AISO stop:         1248   last 1269375 ms ago
  TOTAL:                        146905
--- Guidance telemetry ---
  XTE:          -0.07 m
  Speed:        0.00 m/s (0.00 kn)
  Quality:      4   RTK quality=4  IsRtkQuality=Y
  GGA fix age:  148 ms
  VTG fix age:  147 ms
  XTE fix age:  134 ms
  Lat/Lon/Alt/Course: 53.425369 / 6.720294 / 4.4 m / 318.4 deg
--- Virtual Terminal ---
  Connected:    Y
  State:        21/22  Connected
  VT version:  4
  VT status msgs: 1250   last 392 ms ago
  Partner: addr=0x26 valid=Y  reconnect attempts=0
--- Task Controller ---
  Connected:    Y
  TC-GEO (with/without pos): Y/Y
  Task active:  Y
  DRP deviation (DDI 513): 0 mm, last 1269375 ms ago
  GNSS quality (DDI 514):  0, last 1269375 ms ago
  Value commands (any DDI): 7  last DDI=515 (1113320 ms ago)
  Value requests (any DDI): 28220878
  Partner: addr=0xF7 valid=Y  reconnect attempts=0
  Tramline setpoint (DDI 506): 1  -> terminal DOES implement Tramline Control (1221326 ms ago)
  Guidance track (DDI 507-511): (none yet)
=== ISOBUS DEBUG MENU ===
1. Full status dump
2. Periodic summary line (OFF - press to toggle)
3. Reset message counters
4. Dump DDOP as hex (open in AgIsoDDOPGenerator)
5. Dump VT object pool as hex
q. Exit

# 12:15:08.627
=== ISOBUS STATUS ===
Address claim: CLAIMED  address=0x81
Bus load (ch0): 21.9 %
--- Message counters ---
  PGN 129025 Position NMEA2000: 0
  PGN 129026 Speed NMEA2000:    0
  PGN 129283 XTE NMEA2000:      0
  PGN 65267  Position legacy:   6186
  PGN 65256  Speed legacy:      6186   last SA=0x1C raw=0x1
  PGN 65535  XTE JD legacy:     133314   last SA=0xF0 word=0x0 byte1=0x0
             full payload:     0000000000000000  (7 ms ago)
  PGN 60160  XTE Trimble legacy:89   last SA=0x1C
  PGN 64770  AISO stop:         1249   last 1270392 ms ago
  TOTAL:                        147024
--- Guidance telemetry ---
  XTE:          -0.07 m
  Speed:        0.00 m/s (0.00 kn)
  Quality:      4   RTK quality=4  IsRtkQuality=Y
  GGA fix age:  165 ms
  VTG fix age:  163 ms
  XTE fix age:  151 ms
  Lat/Lon/Alt/Course: 53.425369 / 6.720294 / 4.4 m / 318.4 deg
--- Virtual Terminal ---
  Connected:    Y
  State:        21/22  Connected
  VT version:  4
  VT status msgs: 1251   last 409 ms ago
  Partner: addr=0x26 valid=Y  reconnect attempts=0
--- Task Controller ---
  Connected:    Y
  TC-GEO (with/without pos): Y/Y
  Task active:  Y
  DRP deviation (DDI 513): 0 mm, last 1270392 ms ago
  GNSS quality (DDI 514):  0, last 1270392 ms ago
  Value commands (any DDI): 7  last DDI=515 (1114337 ms ago)
  Value requests (any DDI): 28244353
  Partner: addr=0xF7 valid=Y  reconnect attempts=0
  Tramline setpoint (DDI 506): 1  -> terminal DOES implement Tramline Control (1222343 ms ago)
  Guidance track (DDI 507-511): (none yet)
=== ISOBUS DEBUG MENU ===
1. Full status dump
2. Periodic summary line (OFF - press to toggle)
3. Reset message counters
4. Dump DDOP as hex (open in AgIsoDDOPGenerator)
5. Dump VT object pool as hex
q. Exit

# 12:15:09.642
=== ISOBUS STATUS ===
Address claim: CLAIMED  address=0x81
Bus load (ch0): 22.1 %
--- Message counters ---
  PGN 129025 Position NMEA2000: 0
  PGN 129026 Speed NMEA2000:    0
  PGN 129283 XTE NMEA2000:      0
  PGN 65267  Position legacy:   6191
  PGN 65256  Speed legacy:      6191   last SA=0x1C raw=0x1
  PGN 65535  XTE JD legacy:     133422   last SA=0xF0 word=0x0 byte1=0x0
             full payload:     0000000000000000  (12 ms ago)
  PGN 60160  XTE Trimble legacy:89   last SA=0x1C
  PGN 64770  AISO stop:         1251   last 1271417 ms ago
  TOTAL:                        147144
--- Guidance telemetry ---
  XTE:          -0.07 m
  Speed:        0.00 m/s (0.00 kn)
  Quality:      4   RTK quality=4  IsRtkQuality=Y
  GGA fix age:  190 ms
  VTG fix age:  189 ms
  XTE fix age:  176 ms
  Lat/Lon/Alt/Course: 53.425369 / 6.720294 / 4.4 m / 318.4 deg
--- Virtual Terminal ---
  Connected:    Y
  State:        21/22  Connected
  VT version:  4
  VT status msgs: 1252   last 434 ms ago
  Partner: addr=0x26 valid=Y  reconnect attempts=0
--- Task Controller ---
  Connected:    Y
  TC-GEO (with/without pos): Y/Y
  Task active:  Y
  DRP deviation (DDI 513): 0 mm, last 1271417 ms ago
  GNSS quality (DDI 514):  0, last 1271417 ms ago
  Value commands (any DDI): 7  last DDI=515 (1115362 ms ago)
  Value requests (any DDI): 28268012
  Partner: addr=0xF7 valid=Y  reconnect attempts=0
  Tramline setpoint (DDI 506): 1  -> terminal DOES implement Tramline Control (1223368 ms ago)
  Guidance track (DDI 507-511): (none yet)
=== ISOBUS DEBUG MENU ===
1. Full status dump
2. Periodic summary line (OFF - press to toggle)
3. Reset message counters
4. Dump DDOP as hex (open in AgIsoDDOPGenerator)
5. Dump VT object pool as hex
q. Exit

# 12:15:10.657
=== ISOBUS STATUS ===
Address claim: CLAIMED  address=0x81
Bus load (ch0): 22.3 %
--- Message counters ---
  PGN 129025 Position NMEA2000: 0
  PGN 129026 Speed NMEA2000:    0
  PGN 129283 XTE NMEA2000:      0
  PGN 65267  Position legacy:   6196
  PGN 65256  Speed legacy:      6196   last SA=0x1C raw=0x3F
  PGN 65535  XTE JD legacy:     133530   last SA=0xF0 word=0x0 byte1=0x0
             full payload:     0000000000000000  (2 ms ago)
  PGN 60160  XTE Trimble legacy:89   last SA=0x1C
  PGN 64770  AISO stop:         1252   last 1272426 ms ago
  TOTAL:                        147263
--- Guidance telemetry ---
  XTE:          -0.01 m
  Speed:        0.13 m/s (0.25 kn)
  Quality:      4   RTK quality=4  IsRtkQuality=Y
  GGA fix age:  199 ms
  VTG fix age:  197 ms
  XTE fix age:  184 ms
  Lat/Lon/Alt/Course: 53.425369 / 6.720293 / 4.4 m / 318.4 deg
--- Virtual Terminal ---
  Connected:    Y
  State:        21/22  Connected
  VT version:  4
  VT status msgs: 1253   last 443 ms ago
  Partner: addr=0x26 valid=Y  reconnect attempts=0
--- Task Controller ---
  Connected:    Y
  TC-GEO (with/without pos): Y/Y
  Task active:  Y
  DRP deviation (DDI 513): 0 mm, last 1272426 ms ago
  GNSS quality (DDI 514):  0, last 1272426 ms ago
  Value commands (any DDI): 7  last DDI=515 (1116371 ms ago)
  Value requests (any DDI): 28291135
  Partner: addr=0xF7 valid=Y  reconnect attempts=0
  Tramline setpoint (DDI 506): 1  -> terminal DOES implement Tramline Control (1224377 ms ago)
  Guidance track (DDI 507-511): (none yet)
=== ISOBUS DEBUG MENU ===
1. Full status dump
2. Periodic summary line (OFF - press to toggle)
3. Reset message counters
4. Dump DDOP as hex (open in AgIsoDDOPGenerator)
5. Dump VT object pool as hex
q. Exit

# 12:15:11.675
=== ISOBUS STATUS ===
Address claim: CLAIMED  address=0x81
Bus load (ch0): 23.0 %
--- Message counters ---
  PGN 129025 Position NMEA2000: 0
  PGN 129026 Speed NMEA2000:    0
  PGN 129283 XTE NMEA2000:      0
  PGN 65267  Position legacy:   6202
  PGN 65256  Speed legacy:      6202   last SA=0x1C raw=0x17
  PGN 65535  XTE JD legacy:     133646   last SA=0x2A word=0x7D0B byte1=0x15
             full payload:     7715100B7D6785FF  (3 ms ago)
  PGN 60160  XTE Trimble legacy:89   last SA=0x1C
  PGN 64770  AISO stop:         1253   last 1273444 ms ago
  TOTAL:                        147392
--- Guidance telemetry ---
  XTE:          0.05 m
  Speed:        0.05 m/s (0.09 kn)
  Quality:      4   RTK quality=4  IsRtkQuality=Y
  GGA fix age:  17 ms
  VTG fix age:  16 ms
  XTE fix age:  3 ms
  Lat/Lon/Alt/Course: 53.425369 / 6.720293 / 4.4 m / 318.5 deg
--- Virtual Terminal ---
  Connected:    Y
  State:        21/22  Connected
  VT version:  4
  VT status msgs: 1254   last 461 ms ago
  Partner: addr=0x26 valid=Y  reconnect attempts=0
--- Task Controller ---
  Connected:    Y
  TC-GEO (with/without pos): Y/Y
  Task active:  Y
  DRP deviation (DDI 513): 0 mm, last 1273444 ms ago
  GNSS quality (DDI 514):  0, last 1273444 ms ago
  Value commands (any DDI): 7  last DDI=515 (1117389 ms ago)
  Value requests (any DDI): 28314383
  Partner: addr=0xF7 valid=Y  reconnect attempts=0
  Tramline setpoint (DDI 506): 1  -> terminal DOES implement Tramline Control (1225395 ms ago)
  Guidance track (DDI 507-511): (none yet)
=== ISOBUS DEBUG MENU ===
1. Full status dump
2. Periodic summary line (OFF - press to toggle)
3. Reset message counters
4. Dump DDOP as hex (open in AgIsoDDOPGenerator)
5. Dump VT object pool as hex
q. Exit

# 12:15:12.690
=== ISOBUS STATUS ===
Address claim: CLAIMED  address=0x81
Bus load (ch0): 22.6 %
--- Message counters ---
  PGN 129025 Position NMEA2000: 0
  PGN 129026 Speed NMEA2000:    0
  PGN 129283 XTE NMEA2000:      0
  PGN 65267  Position legacy:   6207
  PGN 65256  Speed legacy:      6207   last SA=0x1C raw=0x33
  PGN 65535  XTE JD legacy:     133754   last SA=0xF0 word=0x0 byte1=0x0
             full payload:     0000000000000000  (14 ms ago)
  PGN 60160  XTE Trimble legacy:89   last SA=0x1C
  PGN 64770  AISO stop:         1254   last 1274461 ms ago
  TOTAL:                        147511
--- Guidance telemetry ---
  XTE:          -0.01 m
  Speed:        0.10 m/s (0.20 kn)
  Quality:      4   RTK quality=4  IsRtkQuality=Y
  GGA fix age:  34 ms
  VTG fix age:  33 ms
  XTE fix age:  20 ms
  Lat/Lon/Alt/Course: 53.425369 / 6.720293 / 4.4 m / 318.4 deg
--- Virtual Terminal ---
  Connected:    Y
  State:        21/22  Connected
  VT version:  4
  VT status msgs: 1255   last 478 ms ago
  Partner: addr=0x26 valid=Y  reconnect attempts=0
--- Task Controller ---
  Connected:    Y
  TC-GEO (with/without pos): Y/Y
  Task active:  Y
  DRP deviation (DDI 513): 0 mm, last 1274461 ms ago
  GNSS quality (DDI 514):  0, last 1274461 ms ago
  Value commands (any DDI): 7  last DDI=515 (1118406 ms ago)
  Value requests (any DDI): 28337559
  Partner: addr=0xF7 valid=Y  reconnect attempts=0
  Tramline setpoint (DDI 506): 1  -> terminal DOES implement Tramline Control (1226412 ms ago)
  Guidance track (DDI 507-511): (none yet)
=== ISOBUS DEBUG MENU ===
1. Full status dump
2. Periodic summary line (OFF - press to toggle)
3. Reset message counters
4. Dump DDOP as hex (open in AgIsoDDOPGenerator)
5. Dump VT object pool as hex
q. Exit

# 12:15:13.761
=== ISOBUS STATUS ===
Address claim: CLAIMED  address=0x81
Bus load (ch0): 22.6 %
--- Message counters ---
  PGN 129025 Position NMEA2000: 0
  PGN 129026 Speed NMEA2000:    0
  PGN 129283 XTE NMEA2000:      0
  PGN 65267  Position legacy:   6212
  PGN 65256  Speed legacy:      6212   last SA=0x1C raw=0x62
  PGN 65535  XTE JD legacy:     133862   last SA=0xF0 word=0x0 byte1=0x0
             full payload:     0000000000000000  (11 ms ago)
  PGN 60160  XTE Trimble legacy:89   last SA=0x1C
  PGN 64770  AISO stop:         1255   last 1275475 ms ago
  TOTAL:                        147630
--- Guidance telemetry ---
  XTE:          0.08 m
  Speed:        0.20 m/s (0.38 kn)
  Quality:      4   RTK quality=4  IsRtkQuality=Y
  GGA fix age:  48 ms
  VTG fix age:  47 ms
  XTE fix age:  34 ms
  Lat/Lon/Alt/Course: 53.425369 / 6.720292 / 4.4 m / 318.4 deg
--- Virtual Terminal ---
  Connected:    Y
  State:        21/22  Connected
  VT version:  4
  VT status msgs: 1256   last 492 ms ago
  Partner: addr=0x26 valid=Y  reconnect attempts=0
--- Task Controller ---
  Connected:    Y
  TC-GEO (with/without pos): Y/Y
  Task active:  Y
  DRP deviation (DDI 513): 0 mm, last 1275475 ms ago
  GNSS quality (DDI 514):  0, last 1275475 ms ago
  Value commands (any DDI): 7  last DDI=515 (1119420 ms ago)
  Value requests (any DDI): 28360672
  Partner: addr=0xF7 valid=Y  reconnect attempts=0
  Tramline setpoint (DDI 506): 1  -> terminal DOES implement Tramline Control (1227426 ms ago)
  Guidance track (DDI 507-511): (none yet)
=== ISOBUS DEBUG MENU ===
1. Full status dump
2. Periodic summary line (OFF - press to toggle)
3. Reset message counters
4. Dump DDOP as hex (open in AgIsoDDOPGenerator)
5. Dump VT object pool as hex
q. Exit

# 12:15:14.779
=== ISOBUS STATUS ===
Address claim: CLAIMED  address=0x81
Bus load (ch0): 22.7 %
--- Message counters ---
  PGN 129025 Position NMEA2000: 0
  PGN 129026 Speed NMEA2000:    0
  PGN 129283 XTE NMEA2000:      0
  PGN 65267  Position legacy:   6217
  PGN 65256  Speed legacy:      6217   last SA=0x1C raw=0xA2
  PGN 65535  XTE JD legacy:     133973   last SA=0xF0 word=0x0 byte1=0x0
             full payload:     0000000000000000  (0 ms ago)
  PGN 60160  XTE Trimble legacy:89   last SA=0x1C
  PGN 64770  AISO stop:         1256   last 1276545 ms ago
  TOTAL:                        147752
--- Guidance telemetry ---
  XTE:          0.25 m
  Speed:        0.33 m/s (0.63 kn)
  Quality:      4   RTK quality=4  IsRtkQuality=Y
  GGA fix age:  118 ms
  VTG fix age:  117 ms
  XTE fix age:  104 ms
  Lat/Lon/Alt/Course: 53.425373 / 6.720290 / 4.4 m / 318.5 deg
--- Virtual Terminal ---
  Connected:    Y
  State:        21/22  Connected
  VT version:  4
  VT status msgs: 1257   last 562 ms ago
  Partner: addr=0x26 valid=Y  reconnect attempts=0
--- Task Controller ---
  Connected:    Y
  TC-GEO (with/without pos): Y/Y
  Task active:  Y
  DRP deviation (DDI 513): 0 mm, last 1276545 ms ago
  GNSS quality (DDI 514):  0, last 1276545 ms ago
  Value commands (any DDI): 7  last DDI=515 (1120490 ms ago)
  Value requests (any DDI): 28384951
  Partner: addr=0xF7 valid=Y  reconnect attempts=0
  Tramline setpoint (DDI 506): 1  -> terminal DOES implement Tramline Control (1228496 ms ago)
  Guidance track (DDI 507-511): (none yet)
=== ISOBUS DEBUG MENU ===
1. Full status dump
2. Periodic summary line (OFF - press to toggle)
3. Reset message counters
4. Dump DDOP as hex (open in AgIsoDDOPGenerator)
5. Dump VT object pool as hex
q. Exit

# 12:15:15.788
=== ISOBUS STATUS ===
Address claim: CLAIMED  address=0x81
Bus load (ch0): 22.2 %
--- Message counters ---
  PGN 129025 Position NMEA2000: 0
  PGN 129026 Speed NMEA2000:    0
  PGN 129283 XTE NMEA2000:      0
  PGN 65267  Position legacy:   6222
  PGN 65256  Speed legacy:      6222   last SA=0x1C raw=0x15
  PGN 65535  XTE JD legacy:     134081   last SA=0xF0 word=0x0 byte1=0x0
             full payload:     0000000000000000  (19 ms ago)
  PGN 60160  XTE Trimble legacy:89   last SA=0x1C
  PGN 64770  AISO stop:         1257   last 1277564 ms ago
  TOTAL:                        147871
--- Guidance telemetry ---
  XTE:          0.29 m
  Speed:        0.04 m/s (0.08 kn)
  Quality:      4   RTK quality=4  IsRtkQuality=Y
  GGA fix age:  137 ms
  VTG fix age:  136 ms
  XTE fix age:  123 ms
  Lat/Lon/Alt/Course: 53.425373 / 6.720290 / 4.4 m / 318.7 deg
--- Virtual Terminal ---
  Connected:    Y
  State:        21/22  Connected
  VT version:  4
  VT status msgs: 1258   last 581 ms ago
  Partner: addr=0x26 valid=Y  reconnect attempts=0
--- Task Controller ---
  Connected:    Y
  TC-GEO (with/without pos): Y/Y
  Task active:  Y
  DRP deviation (DDI 513): 0 mm, last 1277564 ms ago
  GNSS quality (DDI 514):  0, last 1277564 ms ago
  Value commands (any DDI): 7  last DDI=515 (1121509 ms ago)
  Value requests (any DDI): 28408279
  Partner: addr=0xF7 valid=Y  reconnect attempts=0
  Tramline setpoint (DDI 506): 1  -> terminal DOES implement Tramline Control (1229515 ms ago)
  Guidance track (DDI 507-511): (none yet)
=== ISOBUS DEBUG MENU ===
1. Full status dump
2. Periodic summary line (OFF - press to toggle)
3. Reset message counters
4. Dump DDOP as hex (open in AgIsoDDOPGenerator)
5. Dump VT object pool as hex
q. Exit

# 12:15:16.815
=== ISOBUS STATUS ===
Address claim: CLAIMED  address=0x81
Bus load (ch0): 22.3 %
--- Message counters ---
  PGN 129025 Position NMEA2000: 0
  PGN 129026 Speed NMEA2000:    0
  PGN 129283 XTE NMEA2000:      0
  PGN 65267  Position legacy:   6227
  PGN 65256  Speed legacy:      6227   last SA=0x1C raw=0x2B
  PGN 65535  XTE JD legacy:     134189   last SA=0xF0 word=0x0 byte1=0x0
             full payload:     0000000000000000  (11 ms ago)
  PGN 60160  XTE Trimble legacy:89   last SA=0x1C
  PGN 64770  AISO stop:         1258   last 1278575 ms ago
  TOTAL:                        147990
--- Guidance telemetry ---
  XTE:          0.23 m
  Speed:        0.09 m/s (0.17 kn)
  Quality:      4   RTK quality=4  IsRtkQuality=Y
  GGA fix age:  148 ms
  VTG fix age:  147 ms
  XTE fix age:  133 ms
  Lat/Lon/Alt/Course: 53.425373 / 6.720290 / 4.4 m / 318.7 deg
--- Virtual Terminal ---
  Connected:    Y
  State:        21/22  Connected
  VT version:  4
  VT status msgs: 1259   last 592 ms ago
  Partner: addr=0x26 valid=Y  reconnect attempts=0
--- Task Controller ---
  Connected:    Y
  TC-GEO (with/without pos): Y/Y
  Task active:  Y
  DRP deviation (DDI 513): 0 mm, last 1278575 ms ago
  GNSS quality (DDI 514):  0, last 1278575 ms ago
  Value commands (any DDI): 7  last DDI=515 (1122520 ms ago)
  Value requests (any DDI): 28431443
  Partner: addr=0xF7 valid=Y  reconnect attempts=0
  Tramline setpoint (DDI 506): 1  -> terminal DOES implement Tramline Control (1230526 ms ago)
  Guidance track (DDI 507-511): (none yet)
=== ISOBUS DEBUG MENU ===
1. Full status dump
2. Periodic summary line (OFF - press to toggle)
3. Reset message counters
4. Dump DDOP as hex (open in AgIsoDDOPGenerator)
5. Dump VT object pool as hex
q. Exit

# 12:15:17.878
=== ISOBUS STATUS ===
Address claim: CLAIMED  address=0x81
Bus load (ch0): 21.8 %
--- Message counters ---
  PGN 129025 Position NMEA2000: 0
  PGN 129026 Speed NMEA2000:    0
  PGN 129283 XTE NMEA2000:      0
  PGN 65267  Position legacy:   6232
  PGN 65256  Speed legacy:      6232   last SA=0x1C raw=0x8
  PGN 65535  XTE JD legacy:     134297   last SA=0xF0 word=0x0 byte1=0x0
             full payload:     0000000000000000  (17 ms ago)
  PGN 60160  XTE Trimble legacy:89   last SA=0x1C
  PGN 64770  AISO stop:         1259   last 1279602 ms ago
  TOTAL:                        148109
--- Guidance telemetry ---
  XTE:          0.22 m
  Speed:        0.02 m/s (0.03 kn)
  Quality:      4   RTK quality=4  IsRtkQuality=Y
  GGA fix age:  175 ms
  VTG fix age:  174 ms
  XTE fix age:  161 ms
  Lat/Lon/Alt/Course: 53.425373 / 6.720290 / 4.4 m / 318.7 deg
--- Virtual Terminal ---
  Connected:    Y
  State:        21/22  Connected
  VT version:  4
  VT status msgs: 1260   last 619 ms ago
  Partner: addr=0x26 valid=Y  reconnect attempts=0
--- Task Controller ---
  Connected:    Y
  TC-GEO (with/without pos): Y/Y
  Task active:  Y
  DRP deviation (DDI 513): 0 mm, last 1279602 ms ago
  GNSS quality (DDI 514):  0, last 1279602 ms ago
  Value commands (any DDI): 7  last DDI=515 (1123547 ms ago)
  Value requests (any DDI): 28455083
  Partner: addr=0xF7 valid=Y  reconnect attempts=0
  Tramline setpoint (DDI 506): 1  -> terminal DOES implement Tramline Control (1231553 ms ago)
  Guidance track (DDI 507-511): (none yet)
=== ISOBUS DEBUG MENU ===
1. Full status dump
2. Periodic summary line (OFF - press to toggle)
3. Reset message counters
4. Dump DDOP as hex (open in AgIsoDDOPGenerator)
5. Dump VT object pool as hex
q. Exit

# 12:15:18.895
=== ISOBUS STATUS ===
Address claim: CLAIMED  address=0x81
Bus load (ch0): 21.1 %
--- Message counters ---
  PGN 129025 Position NMEA2000: 0
  PGN 129026 Speed NMEA2000:    0
  PGN 129283 XTE NMEA2000:      0
  PGN 65267  Position legacy:   6238
  PGN 65256  Speed legacy:      6238   last SA=0x1C raw=0x2
  PGN 65535  XTE JD legacy:     134415   last SA=0xF0 word=0x0 byte1=0x0
             full payload:     0000000000000000  (19 ms ago)
  PGN 60160  XTE Trimble legacy:89   last SA=0x1C
  PGN 64770  AISO stop:         1260   last 1280664 ms ago
  TOTAL:                        148240
--- Guidance telemetry ---
  XTE:          0.22 m
  Speed:        0.00 m/s (0.01 kn)
  Quality:      4   RTK quality=4  IsRtkQuality=Y
  GGA fix age:  37 ms
  VTG fix age:  36 ms
  XTE fix age:  23 ms
  Lat/Lon/Alt/Course: 53.425373 / 6.720290 / 4.4 m / 318.7 deg
--- Virtual Terminal ---
  Connected:    Y
  State:        21/22  Connected
  VT version:  4
  VT status msgs: 1261   last 681 ms ago
  Partner: addr=0x26 valid=Y  reconnect attempts=0
--- Task Controller ---
  Connected:    Y
  TC-GEO (with/without pos): Y/Y
  Task active:  Y
  DRP deviation (DDI 513): 0 mm, last 1280664 ms ago
  GNSS quality (DDI 514):  0, last 1280664 ms ago
  Value commands (any DDI): 7  last DDI=515 (1124609 ms ago)
  Value requests (any DDI): 28479594
  Partner: addr=0xF7 valid=Y  reconnect attempts=0
  Tramline setpoint (DDI 506): 1  -> terminal DOES implement Tramline Control (1232615 ms ago)
  Guidance track (DDI 507-511): (none yet)
=== ISOBUS DEBUG MENU ===
1. Full status dump
2. Periodic summary line (OFF - press to toggle)
3. Reset message counters
4. Dump DDOP as hex (open in AgIsoDDOPGenerator)
5. Dump VT object pool as hex
q. Exit

# 12:15:19.904
=== ISOBUS STATUS ===
Address claim: CLAIMED  address=0x81
Bus load (ch0): 21.6 %
--- Message counters ---
  PGN 129025 Position NMEA2000: 0
  PGN 129026 Speed NMEA2000:    0
  PGN 129283 XTE NMEA2000:      0
  PGN 65267  Position legacy:   6243
  PGN 65256  Speed legacy:      6243   last SA=0x1C raw=0x3
  PGN 65535  XTE JD legacy:     134523   last SA=0xF0 word=0x0 byte1=0x0
             full payload:     0000000000000000  (14 ms ago)
  PGN 60160  XTE Trimble legacy:92   last SA=0x1C
  PGN 64770  AISO stop:         1261   last 1281679 ms ago
  TOTAL:                        148362
--- Guidance telemetry ---
  XTE:          0.22 m
  Speed:        0.01 m/s (0.01 kn)
  Quality:      4   RTK quality=4  IsRtkQuality=Y
  GGA fix age:  52 ms
  VTG fix age:  51 ms
  XTE fix age:  38 ms
  Lat/Lon/Alt/Course: 53.425373 / 6.720290 / 4.4 m / 318.7 deg
--- Virtual Terminal ---
  Connected:    Y
  State:        21/22  Connected
  VT version:  4
  VT status msgs: 1262   last 696 ms ago
  Partner: addr=0x26 valid=Y  reconnect attempts=0
--- Task Controller ---
  Connected:    Y
  TC-GEO (with/without pos): Y/Y
  Task active:  Y
  DRP deviation (DDI 513): 0 mm, last 1281679 ms ago
  GNSS quality (DDI 514):  0, last 1281679 ms ago
  Value commands (any DDI): 7  last DDI=515 (1125624 ms ago)
  Value requests (any DDI): 28502926
  Partner: addr=0xF7 valid=Y  reconnect attempts=0
  Tramline setpoint (DDI 506): 1  -> terminal DOES implement Tramline Control (1233630 ms ago)
  Guidance track (DDI 507-511): (none yet)
=== ISOBUS DEBUG MENU ===
1. Full status dump
2. Periodic summary line (OFF - press to toggle)
3. Reset message counters
4. Dump DDOP as hex (open in AgIsoDDOPGenerator)
5. Dump VT object pool as hex
q. Exit

# 12:15:20.912
=== ISOBUS STATUS ===
Address claim: CLAIMED  address=0x81
Bus load (ch0): 21.3 %
--- Message counters ---
  PGN 129025 Position NMEA2000: 0
  PGN 129026 Speed NMEA2000:    0
  PGN 129283 XTE NMEA2000:      0
  PGN 65267  Position legacy:   6248
  PGN 65256  Speed legacy:      6248   last SA=0x1C raw=0x3
  PGN 65535  XTE JD legacy:     134632   last SA=0xF0 word=0x0 byte1=0x0
             full payload:     0000000000000000  (4 ms ago)
  PGN 60160  XTE Trimble legacy:92   last SA=0x1C
  PGN 64770  AISO stop:         1262   last 1282689 ms ago
  TOTAL:                        148482
--- Guidance telemetry ---
  XTE:          0.22 m
  Speed:        0.01 m/s (0.01 kn)
  Quality:      4   RTK quality=4  IsRtkQuality=Y
  GGA fix age:  62 ms
  VTG fix age:  61 ms
  XTE fix age:  48 ms
  Lat/Lon/Alt/Course: 53.425373 / 6.720290 / 4.4 m / 318.7 deg
--- Virtual Terminal ---
  Connected:    Y
  State:        21/22  Connected
  VT version:  4
  VT status msgs: 1263   last 706 ms ago
  Partner: addr=0x26 valid=Y  reconnect attempts=0
--- Task Controller ---
  Connected:    Y
  TC-GEO (with/without pos): Y/Y
  Task active:  Y
  DRP deviation (DDI 513): 0 mm, last 1282689 ms ago
  GNSS quality (DDI 514):  0, last 1282689 ms ago
  Value commands (any DDI): 7  last DDI=515 (1126634 ms ago)
  Value requests (any DDI): 28526235
  Partner: addr=0xF7 valid=Y  reconnect attempts=0
  Tramline setpoint (DDI 506): 1  -> terminal DOES implement Tramline Control (1234640 ms ago)
  Guidance track (DDI 507-511): (none yet)
=== ISOBUS DEBUG MENU ===
1. Full status dump
2. Periodic summary line (OFF - press to toggle)
3. Reset message counters
4. Dump DDOP as hex (open in AgIsoDDOPGenerator)
5. Dump VT object pool as hex
q. Exit

# 12:15:21.948
=== ISOBUS STATUS ===
Address claim: CLAIMED  address=0x81
Bus load (ch0): 21.8 %
--- Message counters ---
  PGN 129025 Position NMEA2000: 0
  PGN 129026 Speed NMEA2000:    0
  PGN 129283 XTE NMEA2000:      0
  PGN 65267  Position legacy:   6253
  PGN 65256  Speed legacy:      6253   last SA=0x1C raw=0x2
  PGN 65535  XTE JD legacy:     134739   last SA=0xF0 word=0x0 byte1=0x0
             full payload:     0000000000000000  (14 ms ago)
  PGN 60160  XTE Trimble legacy:92   last SA=0x1C
  PGN 64770  AISO stop:         1263   last 1283699 ms ago
  TOTAL:                        148600
--- Guidance telemetry ---
  XTE:          0.22 m
  Speed:        0.00 m/s (0.01 kn)
  Quality:      4   RTK quality=4  IsRtkQuality=Y
  GGA fix age:  72 ms
  VTG fix age:  71 ms
  XTE fix age:  58 ms
  Lat/Lon/Alt/Course: 53.425373 / 6.720290 / 4.4 m / 318.7 deg
--- Virtual Terminal ---
  Connected:    Y
  State:        21/22  Connected
  VT version:  4
  VT status msgs: 1264   last 716 ms ago
  Partner: addr=0x26 valid=Y  reconnect attempts=0
--- Task Controller ---
  Connected:    Y
  TC-GEO (with/without pos): Y/Y
  Task active:  Y
  DRP deviation (DDI 513): 0 mm, last 1283699 ms ago
  GNSS quality (DDI 514):  0, last 1283699 ms ago
  Value commands (any DDI): 7  last DDI=515 (1127644 ms ago)
  Value requests (any DDI): 28549557
  Partner: addr=0xF7 valid=Y  reconnect attempts=0
  Tramline setpoint (DDI 506): 1  -> terminal DOES implement Tramline Control (1235650 ms ago)
  Guidance track (DDI 507-511): (none yet)
=== ISOBUS DEBUG MENU ===
1. Full status dump
2. Periodic summary line (OFF - press to toggle)
3. Reset message counters
4. Dump DDOP as hex (open in AgIsoDDOPGenerator)
5. Dump VT object pool as hex
q. Exit

# 12:15:22.981
=== ISOBUS STATUS ===
Address claim: CLAIMED  address=0x81
Bus load (ch0): 21.3 %
--- Message counters ---
  PGN 129025 Position NMEA2000: 0
  PGN 129026 Speed NMEA2000:    0
  PGN 129283 XTE NMEA2000:      0
  PGN 65267  Position legacy:   6258
  PGN 65256  Speed legacy:      6258   last SA=0x1C raw=0x1
  PGN 65535  XTE JD legacy:     134849   last SA=0xF0 word=0x0 byte1=0x0
             full payload:     0000000000000000  (5 ms ago)
  PGN 60160  XTE Trimble legacy:92   last SA=0x1C
  PGN 64770  AISO stop:         1264   last 1284731 ms ago
  TOTAL:                        148721
--- Guidance telemetry ---
  XTE:          0.22 m
  Speed:        0.00 m/s (0.00 kn)
  Quality:      4   RTK quality=4  IsRtkQuality=Y
  GGA fix age:  104 ms
  VTG fix age:  103 ms
  XTE fix age:  89 ms
  Lat/Lon/Alt/Course: 53.425373 / 6.720290 / 4.4 m / 318.7 deg
--- Virtual Terminal ---
  Connected:    Y
  State:        21/22  Connected
  VT version:  4
  VT status msgs: 1265   last 748 ms ago
  Partner: addr=0x26 valid=Y  reconnect attempts=0
--- Task Controller ---
  Connected:    Y
  TC-GEO (with/without pos): Y/Y
  Task active:  Y
  DRP deviation (DDI 513): 0 mm, last 1284731 ms ago
  GNSS quality (DDI 514):  0, last 1284731 ms ago
  Value commands (any DDI): 7  last DDI=515 (1128676 ms ago)
  Value requests (any DDI): 28573398
  Partner: addr=0xF7 valid=Y  reconnect attempts=0
  Tramline setpoint (DDI 506): 1  -> terminal DOES implement Tramline Control (1236682 ms ago)
  Guidance track (DDI 507-511): (none yet)
=== ISOBUS DEBUG MENU ===
1. Full status dump
2. Periodic summary line (OFF - press to toggle)
3. Reset message counters
4. Dump DDOP as hex (open in AgIsoDDOPGenerator)
5. Dump VT object pool as hex
q. Exit

# 12:15:23.996
=== ISOBUS STATUS ===
Address claim: CLAIMED  address=0x81
Bus load (ch0): 21.3 %
--- Message counters ---
  PGN 129025 Position NMEA2000: 0
  PGN 129026 Speed NMEA2000:    0
  PGN 129283 XTE NMEA2000:      0
  PGN 65267  Position legacy:   6263
  PGN 65256  Speed legacy:      6263   last SA=0x1C raw=0x1
  PGN 65535  XTE JD legacy:     134959   last SA=0xF0 word=0x0 byte1=0x0
             full payload:     0000000000000000  (11 ms ago)
  PGN 60160  XTE Trimble legacy:92   last SA=0x1C
  PGN 64770  AISO stop:         1265   last 1285765 ms ago
  TOTAL:                        148842
--- Guidance telemetry ---
  XTE:          0.22 m
  Speed:        0.00 m/s (0.00 kn)
  Quality:      4   RTK quality=4  IsRtkQuality=Y
  GGA fix age:  138 ms
  VTG fix age:  137 ms
  XTE fix age:  124 ms
  Lat/Lon/Alt/Course: 53.425373 / 6.720290 / 4.4 m / 318.7 deg
--- Virtual Terminal ---
  Connected:    Y
  State:        21/22  Connected
  VT version:  4
  VT status msgs: 1266   last 782 ms ago
  Partner: addr=0x26 valid=Y  reconnect attempts=0
--- Task Controller ---
  Connected:    Y
  TC-GEO (with/without pos): Y/Y
  Task active:  Y
  DRP deviation (DDI 513): 0 mm, last 1285765 ms ago
  GNSS quality (DDI 514):  0, last 1285765 ms ago
  Value commands (any DDI): 7  last DDI=515 (1129710 ms ago)
  Value requests (any DDI): 28597265
  Partner: addr=0xF7 valid=Y  reconnect attempts=0
  Tramline setpoint (DDI 506): 1  -> terminal DOES implement Tramline Control (1237716 ms ago)
  Guidance track (DDI 507-511): (none yet)
=== ISOBUS DEBUG MENU ===
1. Full status dump
2. Periodic summary line (OFF - press to toggle)
3. Reset message counters
4. Dump DDOP as hex (open in AgIsoDDOPGenerator)
5. Dump VT object pool as hex
q. Exit

# 12:15:25.031
=== ISOBUS STATUS ===
Address claim: CLAIMED  address=0x81
Bus load (ch0): 21.5 %
--- Message counters ---
  PGN 129025 Position NMEA2000: 0
  PGN 129026 Speed NMEA2000:    0
  PGN 129283 XTE NMEA2000:      0
  PGN 65267  Position legacy:   6268
  PGN 65256  Speed legacy:      6268   last SA=0x1C raw=0x2
  PGN 65535  XTE JD legacy:     135067   last SA=0xF0 word=0x0 byte1=0x0
             full payload:     0000000000000000  (17 ms ago)
  PGN 60160  XTE Trimble legacy:92   last SA=0x1C
  PGN 64770  AISO stop:         1266   last 1286782 ms ago
  TOTAL:                        148961
--- Guidance telemetry ---
  XTE:          0.22 m
  Speed:        0.00 m/s (0.01 kn)
  Quality:      4   RTK quality=4  IsRtkQuality=Y
  GGA fix age:  155 ms
  VTG fix age:  154 ms
  XTE fix age:  141 ms
  Lat/Lon/Alt/Course: 53.425373 / 6.720290 / 4.4 m / 318.7 deg
--- Virtual Terminal ---
  Connected:    Y
  State:        21/22  Connected
  VT version:  4
  VT status msgs: 1267   last 799 ms ago
  Partner: addr=0x26 valid=Y  reconnect attempts=0
--- Task Controller ---
  Connected:    Y
  TC-GEO (with/without pos): Y/Y
  Task active:  Y
  DRP deviation (DDI 513): 0 mm, last 1286782 ms ago
  GNSS quality (DDI 514):  0, last 1286782 ms ago
  Value commands (any DDI): 7  last DDI=515 (1130727 ms ago)
  Value requests (any DDI): 28620738
  Partner: addr=0xF7 valid=Y  reconnect attempts=0
  Tramline setpoint (DDI 506): 1  -> terminal DOES implement Tramline Control (1238733 ms ago)
  Guidance track (DDI 507-511): (none yet)
=== ISOBUS DEBUG MENU ===
1. Full status dump
2. Periodic summary line (OFF - press to toggle)
3. Reset message counters
4. Dump DDOP as hex (open in AgIsoDDOPGenerator)
5. Dump VT object pool as hex
q. Exit

# 12:15:26.038
=== ISOBUS STATUS ===
Address claim: CLAIMED  address=0x81
Bus load (ch0): 22.0 %
--- Message counters ---
  PGN 129025 Position NMEA2000: 0
  PGN 129026 Speed NMEA2000:    0
  PGN 129283 XTE NMEA2000:      0
  PGN 65267  Position legacy:   6273
  PGN 65256  Speed legacy:      6273   last SA=0x1C raw=0x2
  PGN 65535  XTE JD legacy:     135178   last SA=0xF0 word=0x0 byte1=0x0
             full payload:     0000000000000000  (9 ms ago)
  PGN 60160  XTE Trimble legacy:92   last SA=0x1C
  PGN 64770  AISO stop:         1267   last 1287815 ms ago
  TOTAL:                        149083
--- Guidance telemetry ---
  XTE:          0.22 m
  Speed:        0.00 m/s (0.01 kn)
  Quality:      4   RTK quality=4  IsRtkQuality=Y
  GGA fix age:  188 ms
  VTG fix age:  187 ms
  XTE fix age:  174 ms
  Lat/Lon/Alt/Course: 53.425373 / 6.720290 / 4.4 m / 318.7 deg
--- Virtual Terminal ---
  Connected:    Y
  State:        21/22  Connected
  VT version:  4
  VT status msgs: 1268   last 832 ms ago
  Partner: addr=0x26 valid=Y  reconnect attempts=0
--- Task Controller ---
  Connected:    Y
  TC-GEO (with/without pos): Y/Y
  Task active:  Y
  DRP deviation (DDI 513): 0 mm, last 1287815 ms ago
  GNSS quality (DDI 514):  0, last 1287815 ms ago
  Value commands (any DDI): 7  last DDI=515 (1131760 ms ago)
  Value requests (any DDI): 28644593
  Partner: addr=0xF7 valid=Y  reconnect attempts=0
  Tramline setpoint (DDI 506): 1  -> terminal DOES implement Tramline Control (1239766 ms ago)
  Guidance track (DDI 507-511): (none yet)
=== ISOBUS DEBUG MENU ===
1. Full status dump
2. Periodic summary line (OFF - press to toggle)
3. Reset message counters
4. Dump DDOP as hex (open in AgIsoDDOPGenerator)
5. Dump VT object pool as hex
q. Exit

# 12:15:27.063
=== ISOBUS STATUS ===
Address claim: CLAIMED  address=0x81
Bus load (ch0): 22.1 %
--- Message counters ---
  PGN 129025 Position NMEA2000: 0
  PGN 129026 Speed NMEA2000:    0
  PGN 129283 XTE NMEA2000:      0
  PGN 65267  Position legacy:   6278
  PGN 65256  Speed legacy:      6278   last SA=0x1C raw=0x2
  PGN 65535  XTE JD legacy:     135286   last SA=0xF0 word=0x0 byte1=0x0
             full payload:     0000000000000000  (1 ms ago)
  PGN 60160  XTE Trimble legacy:92   last SA=0x1C
  PGN 64770  AISO stop:         1268   last 1288826 ms ago
  TOTAL:                        149202
--- Guidance telemetry ---
  XTE:          0.22 m
  Speed:        0.00 m/s (0.01 kn)
  Quality:      4   RTK quality=4  IsRtkQuality=Y
  GGA fix age:  199 ms
  VTG fix age:  198 ms
  XTE fix age:  185 ms
  Lat/Lon/Alt/Course: 53.425373 / 6.720290 / 4.4 m / 318.7 deg
--- Virtual Terminal ---
  Connected:    Y
  State:        21/22  Connected
  VT version:  4
  VT status msgs: 1269   last 843 ms ago
  Partner: addr=0x26 valid=Y  reconnect attempts=0
--- Task Controller ---
  Connected:    Y
  TC-GEO (with/without pos): Y/Y
  Task active:  Y
  DRP deviation (DDI 513): 0 mm, last 1288826 ms ago
  GNSS quality (DDI 514):  0, last 1288826 ms ago
  Value commands (any DDI): 7  last DDI=515 (1132771 ms ago)
  Value requests (any DDI): 28667936
  Partner: addr=0xF7 valid=Y  reconnect attempts=0
  Tramline setpoint (DDI 506): 1  -> terminal DOES implement Tramline Control (1240777 ms ago)
  Guidance track (DDI 507-511): (none yet)
=== ISOBUS DEBUG MENU ===
1. Full status dump
2. Periodic summary line (OFF - press to toggle)
3. Reset message counters
4. Dump DDOP as hex (open in AgIsoDDOPGenerator)
5. Dump VT object pool as hex
q. Exit

# 12:15:28.077
=== ISOBUS STATUS ===
Address claim: CLAIMED  address=0x81
Bus load (ch0): 21.8 %
--- Message counters ---
  PGN 129025 Position NMEA2000: 0
  PGN 129026 Speed NMEA2000:    0
  PGN 129283 XTE NMEA2000:      0
  PGN 65267  Position legacy:   6284
  PGN 65256  Speed legacy:      6284   last SA=0x1C raw=0x0
  PGN 65535  XTE JD legacy:     135402   last SA=0xF0 word=0x0 byte1=0x0
             full payload:     0000000000000000  (2 ms ago)
  PGN 60160  XTE Trimble legacy:92   last SA=0x1C
  PGN 64770  AISO stop:         1269   last 1289848 ms ago
  TOTAL:                        149331
--- Guidance telemetry ---
  XTE:          0.22 m
  Speed:        0.00 m/s (0.00 kn)
  Quality:      4   RTK quality=4  IsRtkQuality=Y
  GGA fix age:  21 ms
  VTG fix age:  20 ms
  XTE fix age:  7 ms
  Lat/Lon/Alt/Course: 53.425373 / 6.720290 / 4.4 m / 318.7 deg
--- Virtual Terminal ---
  Connected:    Y
  State:        21/22  Connected
  VT version:  4
  VT status msgs: 1270   last 865 ms ago
  Partner: addr=0x26 valid=Y  reconnect attempts=0
--- Task Controller ---
  Connected:    Y
  TC-GEO (with/without pos): Y/Y
  Task active:  Y
  DRP deviation (DDI 513): 0 mm, last 1289848 ms ago
  GNSS quality (DDI 514):  0, last 1289848 ms ago
  Value commands (any DDI): 7  last DDI=515 (1133793 ms ago)
  Value requests (any DDI): 28691540
  Partner: addr=0xF7 valid=Y  reconnect attempts=0
  Tramline setpoint (DDI 506): 1  -> terminal DOES implement Tramline Control (1241799 ms ago)
  Guidance track (DDI 507-511): (none yet)
=== ISOBUS DEBUG MENU ===
1. Full status dump
2. Periodic summary line (OFF - press to toggle)
3. Reset message counters
4. Dump DDOP as hex (open in AgIsoDDOPGenerator)
5. Dump VT object pool as hex
q. Exit

# 12:15:29.105
=== ISOBUS STATUS ===
Address claim: CLAIMED  address=0x81
Bus load (ch0): 21.5 %
--- Message counters ---
  PGN 129025 Position NMEA2000: 0
  PGN 129026 Speed NMEA2000:    0
  PGN 129283 XTE NMEA2000:      0
  PGN 65267  Position legacy:   6289
  PGN 65256  Speed legacy:      6289   last SA=0x1C raw=0x3
  PGN 65535  XTE JD legacy:     135509   last SA=0xF0 word=0x0 byte1=0x0
             full payload:     0000000000000000  (15 ms ago)
  PGN 60160  XTE Trimble legacy:92   last SA=0x1C
  PGN 64770  AISO stop:         1270   last 1290861 ms ago
  TOTAL:                        149449
--- Guidance telemetry ---
  XTE:          0.22 m
  Speed:        0.01 m/s (0.01 kn)
  Quality:      4   RTK quality=4  IsRtkQuality=Y
  GGA fix age:  34 ms
  VTG fix age:  33 ms
  XTE fix age:  20 ms
  Lat/Lon/Alt/Course: 53.425373 / 6.720290 / 4.4 m / 318.7 deg
--- Virtual Terminal ---
  Connected:    Y
  State:        21/22  Connected
  VT version:  4
  VT status msgs: 1271   last 878 ms ago
  Partner: addr=0x26 valid=Y  reconnect attempts=0
--- Task Controller ---
  Connected:    Y
  TC-GEO (with/without pos): Y/Y
  Task active:  Y
  DRP deviation (DDI 513): 0 mm, last 1290861 ms ago
  GNSS quality (DDI 514):  0, last 1290861 ms ago
  Value commands (any DDI): 7  last DDI=515 (1134806 ms ago)
  Value requests (any DDI): 28714927
  Partner: addr=0xF7 valid=Y  reconnect attempts=0
  Tramline setpoint (DDI 506): 1  -> terminal DOES implement Tramline Control (1242812 ms ago)
  Guidance track (DDI 507-511): (none yet)
=== ISOBUS DEBUG MENU ===
1. Full status dump
2. Periodic summary line (OFF - press to toggle)
3. Reset message counters
4. Dump DDOP as hex (open in AgIsoDDOPGenerator)
5. Dump VT object pool as hex
q. Exit

# 12:15:30.148
=== ISOBUS STATUS ===
Address claim: CLAIMED  address=0x81
Bus load (ch0): 21.7 %
--- Message counters ---
  PGN 129025 Position NMEA2000: 0
  PGN 129026 Speed NMEA2000:    0
  PGN 129283 XTE NMEA2000:      0
  PGN 65267  Position legacy:   6294
  PGN 65256  Speed legacy:      6294   last SA=0x1C raw=0x3
  PGN 65535  XTE JD legacy:     135618   last SA=0xF0 word=0x0 byte1=0x0
             full payload:     0000000000000000  (6 ms ago)
  PGN 60160  XTE Trimble legacy:92   last SA=0x1C
  PGN 64770  AISO stop:         1271   last 1291892 ms ago
  TOTAL:                        149569
--- Guidance telemetry ---
  XTE:          0.22 m
  Speed:        0.01 m/s (0.01 kn)
  Quality:      4   RTK quality=4  IsRtkQuality=Y
  GGA fix age:  65 ms
  VTG fix age:  64 ms
  XTE fix age:  51 ms
  Lat/Lon/Alt/Course: 53.425373 / 6.720290 / 4.4 m / 318.7 deg
--- Virtual Terminal ---
  Connected:    Y
  State:        21/22  Connected
  VT version:  4
  VT status msgs: 1272   last 909 ms ago
  Partner: addr=0x26 valid=Y  reconnect attempts=0
--- Task Controller ---
  Connected:    Y
  TC-GEO (with/without pos): Y/Y
  Task active:  Y
  DRP deviation (DDI 513): 0 mm, last 1291892 ms ago
  GNSS quality (DDI 514):  0, last 1291892 ms ago
  Value commands (any DDI): 7  last DDI=515 (1135837 ms ago)
  Value requests (any DDI): 28738735
  Partner: addr=0xF7 valid=Y  reconnect attempts=0
  Tramline setpoint (DDI 506): 1  -> terminal DOES implement Tramline Control (1243843 ms ago)
  Guidance track (DDI 507-511): (none yet)
=== ISOBUS DEBUG MENU ===
1. Full status dump
2. Periodic summary line (OFF - press to toggle)
3. Reset message counters
4. Dump DDOP as hex (open in AgIsoDDOPGenerator)
5. Dump VT object pool as hex
q. Exit

# 12:15:31.155
=== ISOBUS STATUS ===
Address claim: CLAIMED  address=0x81
Bus load (ch0): 21.7 %
--- Message counters ---
  PGN 129025 Position NMEA2000: 0
  PGN 129026 Speed NMEA2000:    0
  PGN 129283 XTE NMEA2000:      0
  PGN 65267  Position legacy:   6299
  PGN 65256  Speed legacy:      6299   last SA=0x1C raw=0x0
  PGN 65535  XTE JD legacy:     135728   last SA=0xF0 word=0x0 byte1=0x0
             full payload:     0000000000000000  (6 ms ago)
  PGN 60160  XTE Trimble legacy:92   last SA=0x1C
  PGN 64770  AISO stop:         1272   last 1292932 ms ago
  TOTAL:                        149690
--- Guidance telemetry ---
  XTE:          0.22 m
  Speed:        0.00 m/s (0.00 kn)
  Quality:      4   RTK quality=4  IsRtkQuality=Y
  GGA fix age:  105 ms
  VTG fix age:  104 ms
  XTE fix age:  91 ms
  Lat/Lon/Alt/Course: 53.425373 / 6.720290 / 4.4 m / 318.7 deg
--- Virtual Terminal ---
  Connected:    Y
  State:        21/22  Connected
  VT version:  4
  VT status msgs: 1273   last 949 ms ago
  Partner: addr=0x26 valid=Y  reconnect attempts=0
--- Task Controller ---
  Connected:    Y
  TC-GEO (with/without pos): Y/Y
  Task active:  Y
  DRP deviation (DDI 513): 0 mm, last 1292932 ms ago
  GNSS quality (DDI 514):  0, last 1292932 ms ago
  Value commands (any DDI): 7  last DDI=515 (1136877 ms ago)
  Value requests (any DDI): 28762740
  Partner: addr=0xF7 valid=Y  reconnect attempts=0
  Tramline setpoint (DDI 506): 1  -> terminal DOES implement Tramline Control (1244883 ms ago)
  Guidance track (DDI 507-511): (none yet)
=== ISOBUS DEBUG MENU ===
1. Full status dump
2. Periodic summary line (OFF - press to toggle)
3. Reset message counters
4. Dump DDOP as hex (open in AgIsoDDOPGenerator)
5. Dump VT object pool as hex
q. Exit

# 12:15:32.183
=== ISOBUS STATUS ===
Address claim: CLAIMED  address=0x81
Bus load (ch0): 22.1 %
--- Message counters ---
  PGN 129025 Position NMEA2000: 0
  PGN 129026 Speed NMEA2000:    0
  PGN 129283 XTE NMEA2000:      0
  PGN 65267  Position legacy:   6304
  PGN 65256  Speed legacy:      6304   last SA=0x1C raw=0x1
  PGN 65535  XTE JD legacy:     135835   last SA=0xF0 word=0x0 byte1=0x0
             full payload:     0000000000000000  (16 ms ago)
  PGN 60160  XTE Trimble legacy:92   last SA=0x1C
  PGN 64770  AISO stop:         1273   last 1293942 ms ago
  TOTAL:                        149808
--- Guidance telemetry ---
  XTE:          0.22 m
  Speed:        0.00 m/s (0.00 kn)
  Quality:      4   RTK quality=4  IsRtkQuality=Y
  GGA fix age:  115 ms
  VTG fix age:  114 ms
  XTE fix age:  101 ms
  Lat/Lon/Alt/Course: 53.425373 / 6.720290 / 4.4 m / 318.7 deg
--- Virtual Terminal ---
  Connected:    Y
  State:        21/22  Connected
  VT version:  4
  VT status msgs: 1274   last 959 ms ago
  Partner: addr=0x26 valid=Y  reconnect attempts=0
--- Task Controller ---
  Connected:    Y
  TC-GEO (with/without pos): Y/Y
  Task active:  Y
  DRP deviation (DDI 513): 0 mm, last 1293942 ms ago
  GNSS quality (DDI 514):  0, last 1293942 ms ago
  Value commands (any DDI): 7  last DDI=515 (1137887 ms ago)
  Value requests (any DDI): 28786062
  Partner: addr=0xF7 valid=Y  reconnect attempts=0
  Tramline setpoint (DDI 506): 1  -> terminal DOES implement Tramline Control (1245893 ms ago)
  Guidance track (DDI 507-511): (none yet)
=== ISOBUS DEBUG MENU ===
1. Full status dump
2. Periodic summary line (OFF - press to toggle)
3. Reset message counters
4. Dump DDOP as hex (open in AgIsoDDOPGenerator)
5. Dump VT object pool as hex
q. Exit

# 12:15:33.202
=== ISOBUS STATUS ===
Address claim: CLAIMED  address=0x81
Bus load (ch0): 21.7 %
--- Message counters ---
  PGN 129025 Position NMEA2000: 0
  PGN 129026 Speed NMEA2000:    0
  PGN 129283 XTE NMEA2000:      0
  PGN 65267  Position legacy:   6309
  PGN 65256  Speed legacy:      6309   last SA=0x1C raw=0x1
  PGN 65535  XTE JD legacy:     135944   last SA=0xF0 word=0x0 byte1=0x0
             full payload:     0000000000000000  (1 ms ago)
  PGN 60160  XTE Trimble legacy:92   last SA=0x1C
  PGN 64770  AISO stop:         1274   last 1294966 ms ago
  TOTAL:                        149928
--- Guidance telemetry ---
  XTE:          0.22 m
  Speed:        0.00 m/s (0.00 kn)
  Quality:      4   RTK quality=4  IsRtkQuality=Y
  GGA fix age:  139 ms
  VTG fix age:  138 ms
  XTE fix age:  125 ms
  Lat/Lon/Alt/Course: 53.425373 / 6.720290 / 4.4 m / 318.7 deg
--- Virtual Terminal ---
  Connected:    Y
  State:        21/22  Connected
  VT version:  4
  VT status msgs: 1275   last 983 ms ago
  Partner: addr=0x26 valid=Y  reconnect attempts=0
--- Task Controller ---
  Connected:    Y
  TC-GEO (with/without pos): Y/Y
  Task active:  Y
  DRP deviation (DDI 513): 0 mm, last 1294966 ms ago
  GNSS quality (DDI 514):  0, last 1294966 ms ago
  Value commands (any DDI): 7  last DDI=515 (1138911 ms ago)
  Value requests (any DDI): 28809707
  Partner: addr=0xF7 valid=Y  reconnect attempts=0
  Tramline setpoint (DDI 506): 1  -> terminal DOES implement Tramline Control (1246917 ms ago)
  Guidance track (DDI 507-511): (none yet)
=== ISOBUS DEBUG MENU ===
1. Full status dump
2. Periodic summary line (OFF - press to toggle)
3. Reset message counters
4. Dump DDOP as hex (open in AgIsoDDOPGenerator)
5. Dump VT object pool as hex
q. Exit

# 12:15:34.218
=== ISOBUS STATUS ===
Address claim: CLAIMED  address=0x81
Bus load (ch0): 21.6 %
--- Message counters ---
  PGN 129025 Position NMEA2000: 0
  PGN 129026 Speed NMEA2000:    0
  PGN 129283 XTE NMEA2000:      0
  PGN 65267  Position legacy:   6314
  PGN 65256  Speed legacy:      6314   last SA=0x1C raw=0x2
  PGN 65535  XTE JD legacy:     136053   last SA=0xF0 word=0x0 byte1=0x0
             full payload:     0000000000000000  (2 ms ago)
  PGN 60160  XTE Trimble legacy:92   last SA=0x1C
  PGN 64770  AISO stop:         1275   last 1295987 ms ago
  TOTAL:                        150048
--- Guidance telemetry ---
  XTE:          0.22 m
  Speed:        0.00 m/s (0.01 kn)
  Quality:      4   RTK quality=4  IsRtkQuality=Y
  GGA fix age:  160 ms
  VTG fix age:  159 ms
  XTE fix age:  146 ms
  Lat/Lon/Alt/Course: 53.425373 / 6.720290 / 4.4 m / 318.7 deg
--- Virtual Terminal ---
  Connected:    Y
  State:        21/22  Connected
  VT version:  4
  VT status msgs: 1277   last 4 ms ago
  Partner: addr=0x26 valid=Y  reconnect attempts=0
--- Task Controller ---
  Connected:    Y
  TC-GEO (with/without pos): Y/Y
  Task active:  Y
  DRP deviation (DDI 513): 0 mm, last 1295987 ms ago
  GNSS quality (DDI 514):  0, last 1295987 ms ago
  Value commands (any DDI): 7  last DDI=515 (1139932 ms ago)
  Value requests (any DDI): 28833275
  Partner: addr=0xF7 valid=Y  reconnect attempts=0
  Tramline setpoint (DDI 506): 1  -> terminal DOES implement Tramline Control (1247938 ms ago)
  Guidance track (DDI 507-511): (none yet)
=== ISOBUS DEBUG MENU ===
1. Full status dump
2. Periodic summary line (OFF - press to toggle)
3. Reset message counters
4. Dump DDOP as hex (open in AgIsoDDOPGenerator)
5. Dump VT object pool as hex
q. Exit

# 12:15:35.254
=== ISOBUS STATUS ===
Address claim: CLAIMED  address=0x81
Bus load (ch0): 21.3 %
--- Message counters ---
  PGN 129025 Position NMEA2000: 0
  PGN 129026 Speed NMEA2000:    0
  PGN 129283 XTE NMEA2000:      0
  PGN 65267  Position legacy:   6319
  PGN 65256  Speed legacy:      6319   last SA=0x1C raw=0x1
  PGN 65535  XTE JD legacy:     136160   last SA=0xF0 word=0x0 byte1=0x0
             full payload:     0000000000000000  (18 ms ago)
  PGN 60160  XTE Trimble legacy:92   last SA=0x1C
  PGN 64770  AISO stop:         1276   last 1297004 ms ago
  TOTAL:                        150166
--- Guidance telemetry ---
  XTE:          0.22 m
  Speed:        0.00 m/s (0.00 kn)
  Quality:      4   RTK quality=4  IsRtkQuality=Y
  GGA fix age:  177 ms
  VTG fix age:  176 ms
  XTE fix age:  163 ms
  Lat/Lon/Alt/Course: 53.425373 / 6.720290 / 4.4 m / 318.7 deg
--- Virtual Terminal ---
  Connected:    Y
  State:        21/22  Connected
  VT version:  4
  VT status msgs: 1278   last 21 ms ago
  Partner: addr=0x26 valid=Y  reconnect attempts=0
--- Task Controller ---
  Connected:    Y
  TC-GEO (with/without pos): Y/Y
  Task active:  Y
  DRP deviation (DDI 513): 0 mm, last 1297004 ms ago
  GNSS quality (DDI 514):  0, last 1297004 ms ago
  Value commands (any DDI): 7  last DDI=515 (1140949 ms ago)
  Value requests (any DDI): 28856745
  Partner: addr=0xF7 valid=Y  reconnect attempts=0
  Tramline setpoint (DDI 506): 1  -> terminal DOES implement Tramline Control (1248955 ms ago)
  Guidance track (DDI 507-511): (none yet)
=== ISOBUS DEBUG MENU ===
1. Full status dump
2. Periodic summary line (OFF - press to toggle)
3. Reset message counters
4. Dump DDOP as hex (open in AgIsoDDOPGenerator)
5. Dump VT object pool as hex
q. Exit

# 12:15:36.317
=== ISOBUS STATUS ===
Address claim: CLAIMED  address=0x81
Bus load (ch0): 21.8 %
--- Message counters ---
  PGN 129025 Position NMEA2000: 0
  PGN 129026 Speed NMEA2000:    0
  PGN 129283 XTE NMEA2000:      0
  PGN 65267  Position legacy:   6325
  PGN 65256  Speed legacy:      6325   last SA=0x1C raw=0x1
  PGN 65535  XTE JD legacy:     136277   last SA=0x1C word=0x0 byte1=0x0
             full payload:     0000000000000000  (4 ms ago)
  PGN 60160  XTE Trimble legacy:92   last SA=0x1C
  PGN 64770  AISO stop:         1277   last 1298037 ms ago
  TOTAL:                        150296
--- Guidance telemetry ---
  XTE:          0.22 m
  Speed:        0.00 m/s (0.00 kn)
  Quality:      4   RTK quality=4  IsRtkQuality=Y
  GGA fix age:  10 ms
  VTG fix age:  9 ms
  XTE fix age:  196 ms
  Lat/Lon/Alt/Course: 53.425373 / 6.720290 / 4.4 m / 318.7 deg
--- Virtual Terminal ---
  Connected:    Y
  State:        21/22  Connected
  VT version:  4
  VT status msgs: 1279   last 54 ms ago
  Partner: addr=0x26 valid=Y  reconnect attempts=0
--- Task Controller ---
  Connected:    Y
  TC-GEO (with/without pos): Y/Y
  Task active:  Y
  DRP deviation (DDI 513): 0 mm, last 1298037 ms ago
  GNSS quality (DDI 514):  0, last 1298037 ms ago
  Value commands (any DDI): 7  last DDI=515 (1141982 ms ago)
  Value requests (any DDI): 28880591
  Partner: addr=0xF7 valid=Y  reconnect attempts=0
  Tramline setpoint (DDI 506): 1  -> terminal DOES implement Tramline Control (1249988 ms ago)
  Guidance track (DDI 507-511): (none yet)
=== ISOBUS DEBUG MENU ===
1. Full status dump
2. Periodic summary line (OFF - press to toggle)
3. Reset message counters
4. Dump DDOP as hex (open in AgIsoDDOPGenerator)
5. Dump VT object pool as hex
q. Exit

# 12:15:37.366
=== ISOBUS STATUS ===
Address claim: CLAIMED  address=0x81
Bus load (ch0): 21.4 %
--- Message counters ---
  PGN 129025 Position NMEA2000: 0
  PGN 129026 Speed NMEA2000:    0
  PGN 129283 XTE NMEA2000:      0
  PGN 65267  Position legacy:   6330
  PGN 65256  Speed legacy:      6330   last SA=0x1C raw=0x4
  PGN 65535  XTE JD legacy:     136390   last SA=0xD2 word=0x0 byte1=0x0
             full payload:     0000000000000000  (15 ms ago)
  PGN 60160  XTE Trimble legacy:92   last SA=0x1C
  PGN 64770  AISO stop:         1278   last 1299106 ms ago
  TOTAL:                        150420
--- Guidance telemetry ---
  XTE:          0.22 m
  Speed:        0.01 m/s (0.02 kn)
  Quality:      4   RTK quality=4  IsRtkQuality=Y
  GGA fix age:  79 ms
  VTG fix age:  78 ms
  XTE fix age:  64 ms
  Lat/Lon/Alt/Course: 53.425373 / 6.720290 / 4.4 m / 318.7 deg
--- Virtual Terminal ---
  Connected:    Y
  State:        21/22  Connected
  VT version:  4
  VT status msgs: 1280   last 122 ms ago
  Partner: addr=0x26 valid=Y  reconnect attempts=0
--- Task Controller ---
  Connected:    Y
  TC-GEO (with/without pos): Y/Y
  Task active:  Y
  DRP deviation (DDI 513): 0 mm, last 1299106 ms ago
  GNSS quality (DDI 514):  0, last 1299106 ms ago
  Value commands (any DDI): 7  last DDI=515 (1143051 ms ago)
  Value requests (any DDI): 28905225
  Partner: addr=0xF7 valid=Y  reconnect attempts=0
  Tramline setpoint (DDI 506): 1  -> terminal DOES implement Tramline Control (1251057 ms ago)
  Guidance track (DDI 507-511): (none yet)
=== ISOBUS DEBUG MENU ===
1. Full status dump
2. Periodic summary line (OFF - press to toggle)
3. Reset message counters
4. Dump DDOP as hex (open in AgIsoDDOPGenerator)
5. Dump VT object pool as hex
q. Exit

# 12:15:38.414
=== ISOBUS STATUS ===
Address claim: CLAIMED  address=0x81
Bus load (ch0): 21.5 %
--- Message counters ---
  PGN 129025 Position NMEA2000: 0
  PGN 129026 Speed NMEA2000:    0
  PGN 129283 XTE NMEA2000:      0
  PGN 65267  Position legacy:   6335
  PGN 65256  Speed legacy:      6335   last SA=0x1C raw=0x2
  PGN 65535  XTE JD legacy:     136500   last SA=0xF0 word=0x0 byte1=0x0
             full payload:     0000000000000000  (3 ms ago)
  PGN 60160  XTE Trimble legacy:92   last SA=0x1C
  PGN 64770  AISO stop:         1279   last 1300149 ms ago
  TOTAL:                        150541
--- Guidance telemetry ---
  XTE:          0.22 m
  Speed:        0.00 m/s (0.01 kn)
  Quality:      4   RTK quality=4  IsRtkQuality=Y
  GGA fix age:  122 ms
  VTG fix age:  121 ms
  XTE fix age:  107 ms
  Lat/Lon/Alt/Course: 53.425373 / 6.720290 / 4.4 m / 318.7 deg
--- Virtual Terminal ---
  Connected:    Y
  State:        21/22  Connected
  VT version:  4
  VT status msgs: 1281   last 166 ms ago
  Partner: addr=0x26 valid=Y  reconnect attempts=0
--- Task Controller ---
  Connected:    Y
  TC-GEO (with/without pos): Y/Y
  Task active:  Y
  DRP deviation (DDI 513): 0 mm, last 1300149 ms ago
  GNSS quality (DDI 514):  0, last 1300149 ms ago
  Value commands (any DDI): 7  last DDI=515 (1144094 ms ago)
  Value requests (any DDI): 28929303
  Partner: addr=0xF7 valid=Y  reconnect attempts=0
  Tramline setpoint (DDI 506): 1  -> terminal DOES implement Tramline Control (1252100 ms ago)
  Guidance track (DDI 507-511): (none yet)
=== ISOBUS DEBUG MENU ===
1. Full status dump
2. Periodic summary line (OFF - press to toggle)
3. Reset message counters
4. Dump DDOP as hex (open in AgIsoDDOPGenerator)
5. Dump VT object pool as hex
q. Exit

# 12:15:39.436
=== ISOBUS STATUS ===
Address claim: CLAIMED  address=0x81
Bus load (ch0): 21.5 %
--- Message counters ---
  PGN 129025 Position NMEA2000: 0
  PGN 129026 Speed NMEA2000:    0
  PGN 129283 XTE NMEA2000:      0
  PGN 65267  Position legacy:   6340
  PGN 65256  Speed legacy:      6340   last SA=0x1C raw=0x3
  PGN 65535  XTE JD legacy:     136610   last SA=0xF0 word=0x0 byte1=0x0
             full payload:     0000000000000000  (16 ms ago)
  PGN 60160  XTE Trimble legacy:92   last SA=0x1C
  PGN 64770  AISO stop:         1280   last 1301204 ms ago
  TOTAL:                        150662
--- Guidance telemetry ---
  XTE:          0.22 m
  Speed:        0.01 m/s (0.01 kn)
  Quality:      4   RTK quality=4  IsRtkQuality=Y
  GGA fix age:  177 ms
  VTG fix age:  176 ms
  XTE fix age:  163 ms
  Lat/Lon/Alt/Course: 53.425373 / 6.720290 / 4.4 m / 318.7 deg
--- Virtual Terminal ---
  Connected:    Y
  State:        21/22  Connected
  VT version:  4
  VT status msgs: 1282   last 221 ms ago
  Partner: addr=0x26 valid=Y  reconnect attempts=0
--- Task Controller ---
  Connected:    Y
  TC-GEO (with/without pos): Y/Y
  Task active:  Y
  DRP deviation (DDI 513): 0 mm, last 1301204 ms ago
  GNSS quality (DDI 514):  0, last 1301204 ms ago
  Value commands (any DDI): 7  last DDI=515 (1145149 ms ago)
  Value requests (any DDI): 28953632
  Partner: addr=0xF7 valid=Y  reconnect attempts=0
  Tramline setpoint (DDI 506): 1  -> terminal DOES implement Tramline Control (1253155 ms ago)
  Guidance track (DDI 507-511): (none yet)
=== ISOBUS DEBUG MENU ===
1. Full status dump
2. Periodic summary line (OFF - press to toggle)
3. Reset message counters
4. Dump DDOP as hex (open in AgIsoDDOPGenerator)
5. Dump VT object pool as hex
q. Exit

# 12:15:40.461
=== ISOBUS STATUS ===
Address claim: CLAIMED  address=0x81
Bus load (ch0): 22.5 %
--- Message counters ---
  PGN 129025 Position NMEA2000: 0
  PGN 129026 Speed NMEA2000:    0
  PGN 129283 XTE NMEA2000:      0
  PGN 65267  Position legacy:   6345
  PGN 65256  Speed legacy:      6345   last SA=0x1C raw=0x2
  PGN 65535  XTE JD legacy:     136718   last SA=0xF0 word=0x0 byte1=0x0
             full payload:     0000000000000000  (14 ms ago)
  PGN 60160  XTE Trimble legacy:92   last SA=0x1C
  PGN 64770  AISO stop:         1281   last 1302222 ms ago
  TOTAL:                        150781
--- Guidance telemetry ---
  XTE:          0.22 m
  Speed:        0.00 m/s (0.01 kn)
  Quality:      4   RTK quality=4  IsRtkQuality=Y
  GGA fix age:  195 ms
  VTG fix age:  194 ms
  XTE fix age:  181 ms
  Lat/Lon/Alt/Course: 53.425373 / 6.720290 / 4.4 m / 318.7 deg
--- Virtual Terminal ---
  Connected:    Y
  State:        21/22  Connected
  VT version:  4
  VT status msgs: 1283   last 238 ms ago
  Partner: addr=0x26 valid=Y  reconnect attempts=0
--- Task Controller ---
  Connected:    Y
  TC-GEO (with/without pos): Y/Y
  Task active:  Y
  DRP deviation (DDI 513): 0 mm, last 1302222 ms ago
  GNSS quality (DDI 514):  0, last 1302222 ms ago
  Value commands (any DDI): 7  last DDI=515 (1146167 ms ago)
  Value requests (any DDI): 28977121
  Partner: addr=0xF7 valid=Y  reconnect attempts=0
  Tramline setpoint (DDI 506): 1  -> terminal DOES implement Tramline Control (1254173 ms ago)
  Guidance track (DDI 507-511): (none yet)
=== ISOBUS DEBUG MENU ===
1. Full status dump
2. Periodic summary line (OFF - press to toggle)
3. Reset message counters
4. Dump DDOP as hex (open in AgIsoDDOPGenerator)
5. Dump VT object pool as hex
q. Exit

# 12:15:41.528
=== ISOBUS STATUS ===
Address claim: CLAIMED  address=0x81
Bus load (ch0): 22.7 %
--- Message counters ---
  PGN 129025 Position NMEA2000: 0
  PGN 129026 Speed NMEA2000:    0
  PGN 129283 XTE NMEA2000:      0
  PGN 65267  Position legacy:   6351
  PGN 65256  Speed legacy:      6351   last SA=0x1C raw=0x15
  PGN 65535  XTE JD legacy:     136836   last SA=0xF0 word=0x0 byte1=0x0
             full payload:     0000000000000000  (0 ms ago)
  PGN 60160  XTE Trimble legacy:92   last SA=0x1C
  PGN 64770  AISO stop:         1282   last 1303247 ms ago
  TOTAL:                        150912
--- Guidance telemetry ---
  XTE:          0.22 m
  Speed:        0.04 m/s (0.08 kn)
  Quality:      4   RTK quality=4  IsRtkQuality=Y
  GGA fix age:  20 ms
  VTG fix age:  19 ms
  XTE fix age:  6 ms
  Lat/Lon/Alt/Course: 53.425373 / 6.720290 / 4.4 m / 318.7 deg
--- Virtual Terminal ---
  Connected:    Y
  State:        21/22  Connected
  VT version:  4
  VT status msgs: 1284   last 264 ms ago
  Partner: addr=0x26 valid=Y  reconnect attempts=0
--- Task Controller ---
  Connected:    Y
  TC-GEO (with/without pos): Y/Y
  Task active:  Y
  DRP deviation (DDI 513): 0 mm, last 1303247 ms ago
  GNSS quality (DDI 514):  0, last 1303247 ms ago
  Value commands (any DDI): 7  last DDI=515 (1147192 ms ago)
  Value requests (any DDI): 29000793
  Partner: addr=0xF7 valid=Y  reconnect attempts=0
  Tramline setpoint (DDI 506): 1  -> terminal DOES implement Tramline Control (1255198 ms ago)
  Guidance track (DDI 507-511): (none yet)
=== ISOBUS DEBUG MENU ===
1. Full status dump
2. Periodic summary line (OFF - press to toggle)
3. Reset message counters
4. Dump DDOP as hex (open in AgIsoDDOPGenerator)
5. Dump VT object pool as hex
q. Exit

# 12:15:42.537
=== ISOBUS STATUS ===
Address claim: CLAIMED  address=0x81
Bus load (ch0): 23.5 %
--- Message counters ---
  PGN 129025 Position NMEA2000: 0
  PGN 129026 Speed NMEA2000:    0
  PGN 129283 XTE NMEA2000:      0
  PGN 65267  Position legacy:   6356
  PGN 65256  Speed legacy:      6356   last SA=0x1C raw=0x6F
  PGN 65535  XTE JD legacy:     136948   last SA=0xF0 word=0x0 byte1=0x0
             full payload:     0000000000000000  (6 ms ago)
  PGN 60160  XTE Trimble legacy:92   last SA=0x1C
  PGN 64770  AISO stop:         1283   last 1304314 ms ago
  TOTAL:                        151035
--- Guidance telemetry ---
  XTE:          -0.11 m
  Speed:        0.22 m/s (0.43 kn)
  Quality:      4   RTK quality=4  IsRtkQuality=Y
  GGA fix age:  87 ms
  VTG fix age:  86 ms
  XTE fix age:  73 ms
  Lat/Lon/Alt/Course: 53.425369 / 6.720292 / 4.4 m / 138.6 deg
--- Virtual Terminal ---
  Connected:    Y
  State:        21/22  Connected
  VT version:  4
  VT status msgs: 1285   last 331 ms ago
  Partner: addr=0x26 valid=Y  reconnect attempts=0
--- Task Controller ---
  Connected:    Y
  TC-GEO (with/without pos): Y/Y
  Task active:  Y
  DRP deviation (DDI 513): 0 mm, last 1304314 ms ago
  GNSS quality (DDI 514):  0, last 1304314 ms ago
  Value commands (any DDI): 7  last DDI=515 (1148259 ms ago)
  Value requests (any DDI): 29024985
  Partner: addr=0xF7 valid=Y  reconnect attempts=0
  Tramline setpoint (DDI 506): 1  -> terminal DOES implement Tramline Control (1256265 ms ago)
  Guidance track (DDI 507-511): (none yet)
=== ISOBUS DEBUG MENU ===
1. Full status dump
2. Periodic summary line (OFF - press to toggle)
3. Reset message counters
4. Dump DDOP as hex (open in AgIsoDDOPGenerator)
5. Dump VT object pool as hex
q. Exit

# 12:15:43.598
=== ISOBUS STATUS ===
Address claim: CLAIMED  address=0x81
Bus load (ch0): 23.8 %
--- Message counters ---
  PGN 129025 Position NMEA2000: 0
  PGN 129026 Speed NMEA2000:    0
  PGN 129283 XTE NMEA2000:      0
  PGN 65267  Position legacy:   6361
  PGN 65256  Speed legacy:      6361   last SA=0x1C raw=0x8C
  PGN 65535  XTE JD legacy:     137055   last SA=0xF0 word=0x0 byte1=0x0
             full payload:     0000000000000000  (13 ms ago)
  PGN 60160  XTE Trimble legacy:92   last SA=0x1C
  PGN 64770  AISO stop:         1284   last 1305321 ms ago
  TOTAL:                        151153
--- Guidance telemetry ---
  XTE:          0.04 m
  Speed:        0.28 m/s (0.55 kn)
  Quality:      4   RTK quality=4  IsRtkQuality=Y
  GGA fix age:  94 ms
  VTG fix age:  93 ms
  XTE fix age:  79 ms
  Lat/Lon/Alt/Course: 53.425369 / 6.720294 / 4.4 m / 138.7 deg
--- Virtual Terminal ---
  Connected:    Y
  State:        21/22  Connected
  VT version:  4
  VT status msgs: 1286   last 338 ms ago
  Partner: addr=0x26 valid=Y  reconnect attempts=0
--- Task Controller ---
  Connected:    Y
  TC-GEO (with/without pos): Y/Y
  Task active:  Y
  DRP deviation (DDI 513): 0 mm, last 1305321 ms ago
  GNSS quality (DDI 514):  0, last 1305321 ms ago
  Value commands (any DDI): 7  last DDI=515 (1149266 ms ago)
  Value requests (any DDI): 29047725
  Partner: addr=0xF7 valid=Y  reconnect attempts=0
  Tramline setpoint (DDI 506): 1  -> terminal DOES implement Tramline Control (1257272 ms ago)
  Guidance track (DDI 507-511): (none yet)
=== ISOBUS DEBUG MENU ===
1. Full status dump
2. Periodic summary line (OFF - press to toggle)
3. Reset message counters
4. Dump DDOP as hex (open in AgIsoDDOPGenerator)
5. Dump VT object pool as hex
q. Exit

# 12:15:44.616
=== ISOBUS STATUS ===
Address claim: CLAIMED  address=0x81
Bus load (ch0): 23.0 %
--- Message counters ---
  PGN 129025 Position NMEA2000: 0
  PGN 129026 Speed NMEA2000:    0
  PGN 129283 XTE NMEA2000:      0
  PGN 65267  Position legacy:   6366
  PGN 65256  Speed legacy:      6366   last SA=0x1C raw=0xA
  PGN 65535  XTE JD legacy:     137167   last SA=0xF0 word=0x0 byte1=0x0
             full payload:     0000000000000000  (19 ms ago)
  PGN 60160  XTE Trimble legacy:92   last SA=0x1C
  PGN 64770  AISO stop:         1285   last 1306385 ms ago
  TOTAL:                        151276
--- Guidance telemetry ---
  XTE:          0.06 m
  Speed:        0.02 m/s (0.04 kn)
  Quality:      4   RTK quality=4  IsRtkQuality=Y
  GGA fix age:  158 ms
  VTG fix age:  157 ms
  XTE fix age:  144 ms
  Lat/Lon/Alt/Course: 53.425369 / 6.720294 / 4.4 m / 138.8 deg
--- Virtual Terminal ---
  Connected:    Y
  State:        21/22  Connected
  VT version:  4
  VT status msgs: 1287   last 402 ms ago
  Partner: addr=0x26 valid=Y  reconnect attempts=0
--- Task Controller ---
  Connected:    Y
  TC-GEO (with/without pos): Y/Y
  Task active:  Y
  DRP deviation (DDI 513): 0 mm, last 1306385 ms ago
  GNSS quality (DDI 514):  0, last 1306385 ms ago
  Value commands (any DDI): 7  last DDI=515 (1150330 ms ago)
  Value requests (any DDI): 29072158
  Partner: addr=0xF7 valid=Y  reconnect attempts=0
  Tramline setpoint (DDI 506): 1  -> terminal DOES implement Tramline Control (1258336 ms ago)
  Guidance track (DDI 507-511): (none yet)
=== ISOBUS DEBUG MENU ===
1. Full status dump
2. Periodic summary line (OFF - press to toggle)
3. Reset message counters
4. Dump DDOP as hex (open in AgIsoDDOPGenerator)
5. Dump VT object pool as hex
q. Exit

# 12:15:45.675
=== ISOBUS STATUS ===
Address claim: CLAIMED  address=0x81
Bus load (ch0): 22.9 %
--- Message counters ---
  PGN 129025 Position NMEA2000: 0
  PGN 129026 Speed NMEA2000:    0
  PGN 129283 XTE NMEA2000:      0
  PGN 65267  Position legacy:   6371
  PGN 65256  Speed legacy:      6371   last SA=0x1C raw=0x2A
  PGN 65535  XTE JD legacy:     137275   last SA=0xF0 word=0x0 byte1=0x0
             full payload:     0000000000000000  (14 ms ago)
  PGN 60160  XTE Trimble legacy:92   last SA=0x1C
  PGN 64770  AISO stop:         1286   last 1307402 ms ago
  TOTAL:                        151395
--- Guidance telemetry ---
  XTE:          -0.01 m
  Speed:        0.08 m/s (0.16 kn)
  Quality:      4   RTK quality=4  IsRtkQuality=Y
  GGA fix age:  175 ms
  VTG fix age:  174 ms
  XTE fix age:  160 ms
  Lat/Lon/Alt/Course: 53.425369 / 6.720293 / 4.4 m / 138.8 deg
--- Virtual Terminal ---
  Connected:    Y
  State:        21/22  Connected
  VT version:  4
  VT status msgs: 1288   last 418 ms ago
  Partner: addr=0x26 valid=Y  reconnect attempts=0
--- Task Controller ---
  Connected:    Y
  TC-GEO (with/without pos): Y/Y
  Task active:  Y
  DRP deviation (DDI 513): 0 mm, last 1307402 ms ago
  GNSS quality (DDI 514):  0, last 1307402 ms ago
  Value commands (any DDI): 7  last DDI=515 (1151347 ms ago)
  Value requests (any DDI): 29095326
  Partner: addr=0xF7 valid=Y  reconnect attempts=0
  Tramline setpoint (DDI 506): 1  -> terminal DOES implement Tramline Control (1259353 ms ago)
  Guidance track (DDI 507-511): (none yet)
=== ISOBUS DEBUG MENU ===
1. Full status dump
2. Periodic summary line (OFF - press to toggle)
3. Reset message counters
4. Dump DDOP as hex (open in AgIsoDDOPGenerator)
5. Dump VT object pool as hex
q. Exit

# 12:15:46.696
=== ISOBUS STATUS ===
Address claim: CLAIMED  address=0x81
Bus load (ch0): 23.1 %
--- Message counters ---
  PGN 129025 Position NMEA2000: 0
  PGN 129026 Speed NMEA2000:    0
  PGN 129283 XTE NMEA2000:      0
  PGN 65267  Position legacy:   6377
  PGN 65256  Speed legacy:      6377   last SA=0x1C raw=0x6
  PGN 65535  XTE JD legacy:     137394   last SA=0xF0 word=0x0 byte1=0x0
             full payload:     0000000000000000  (15 ms ago)
  PGN 60160  XTE Trimble legacy:92   last SA=0x1C
  PGN 64770  AISO stop:         1288   last 1308462 ms ago
  TOTAL:                        151528
--- Guidance telemetry ---
  XTE:          -0.01 m
  Speed:        0.01 m/s (0.02 kn)
  Quality:      4   RTK quality=4  IsRtkQuality=Y
  GGA fix age:  35 ms
  VTG fix age:  33 ms
  XTE fix age:  20 ms
  Lat/Lon/Alt/Course: 53.425369 / 6.720293 / 4.4 m / 138.8 deg
--- Virtual Terminal ---
  Connected:    Y
  State:        21/22  Connected
  VT version:  4
  VT status msgs: 1289   last 479 ms ago
  Partner: addr=0x26 valid=Y  reconnect attempts=0
--- Task Controller ---
  Connected:    Y
  TC-GEO (with/without pos): Y/Y
  Task active:  Y
  DRP deviation (DDI 513): 0 mm, last 1308462 ms ago
  GNSS quality (DDI 514):  0, last 1308462 ms ago
  Value commands (any DDI): 7  last DDI=515 (1152407 ms ago)
  Value requests (any DDI): 29119788
  Partner: addr=0xF7 valid=Y  reconnect attempts=0
  Tramline setpoint (DDI 506): 1  -> terminal DOES implement Tramline Control (1260413 ms ago)
  Guidance track (DDI 507-511): (none yet)
=== ISOBUS DEBUG MENU ===
1. Full status dump
2. Periodic summary line (OFF - press to toggle)
3. Reset message counters
4. Dump DDOP as hex (open in AgIsoDDOPGenerator)
5. Dump VT object pool as hex
q. Exit

# 12:15:47.748
=== ISOBUS STATUS ===
Address claim: CLAIMED  address=0x81
Bus load (ch0): 22.8 %
--- Message counters ---
  PGN 129025 Position NMEA2000: 0
  PGN 129026 Speed NMEA2000:    0
  PGN 129283 XTE NMEA2000:      0
  PGN 65267  Position legacy:   6382
  PGN 65256  Speed legacy:      6382   last SA=0x1C raw=0x1
  PGN 65535  XTE JD legacy:     137502   last SA=0xF0 word=0x0 byte1=0x0
             full payload:     0000000000000000  (14 ms ago)
  PGN 60160  XTE Trimble legacy:92   last SA=0x1C
  PGN 64770  AISO stop:         1289   last 1309480 ms ago
  TOTAL:                        151647
--- Guidance telemetry ---
  XTE:          -0.01 m
  Speed:        0.00 m/s (0.00 kn)
  Quality:      4   RTK quality=4  IsRtkQuality=Y
  GGA fix age:  52 ms
  VTG fix age:  51 ms
  XTE fix age:  39 ms
  Lat/Lon/Alt/Course: 53.425369 / 6.720293 / 4.4 m / 138.8 deg
--- Virtual Terminal ---
  Connected:    Y
  State:        21/22  Connected
  VT version:  4
  VT status msgs: 1290   last 496 ms ago
  Partner: addr=0x26 valid=Y  reconnect attempts=0
--- Task Controller ---
  Connected:    Y
  TC-GEO (with/without pos): Y/Y
  Task active:  Y
  DRP deviation (DDI 513): 0 mm, last 1309480 ms ago
  GNSS quality (DDI 514):  0, last 1309480 ms ago
  Value commands (any DDI): 7  last DDI=515 (1153425 ms ago)
  Value requests (any DDI): 29143298
  Partner: addr=0xF7 valid=Y  reconnect attempts=0
  Tramline setpoint (DDI 506): 1  -> terminal DOES implement Tramline Control (1261431 ms ago)
  Guidance track (DDI 507-511): (none yet)
=== ISOBUS DEBUG MENU ===
1. Full status dump
2. Periodic summary line (OFF - press to toggle)
3. Reset message counters
4. Dump DDOP as hex (open in AgIsoDDOPGenerator)
5. Dump VT object pool as hex
q. Exit

# 12:15:48.764
=== ISOBUS STATUS ===
Address claim: CLAIMED  address=0x81
Bus load (ch0): 21.4 %
--- Message counters ---
  PGN 129025 Position NMEA2000: 0
  PGN 129026 Speed NMEA2000:    0
  PGN 129283 XTE NMEA2000:      0
  PGN 65267  Position legacy:   6387
  PGN 65256  Speed legacy:      6387   last SA=0x1C raw=0x6
  PGN 65535  XTE JD legacy:     137612   last SA=0xF0 word=0x0 byte1=0x0
             full payload:     0000000000000000  (5 ms ago)
  PGN 60160  XTE Trimble legacy:92   last SA=0x1C
  PGN 64770  AISO stop:         1290   last 1310532 ms ago
  TOTAL:                        151768
--- Guidance telemetry ---
  XTE:          -0.01 m
  Speed:        0.01 m/s (0.02 kn)
  Quality:      4   RTK quality=4  IsRtkQuality=Y
  GGA fix age:  106 ms
  VTG fix age:  104 ms
  XTE fix age:  91 ms
  Lat/Lon/Alt/Course: 53.425369 / 6.720293 / 4.4 m / 138.8 deg
--- Virtual Terminal ---
  Connected:    Y
  State:        21/22  Connected
  VT version:  4
  VT status msgs: 1291   last 550 ms ago
  Partner: addr=0x26 valid=Y  reconnect attempts=0
--- Task Controller ---
  Connected:    Y
  TC-GEO (with/without pos): Y/Y
  Task active:  Y
  DRP deviation (DDI 513): 0 mm, last 1310533 ms ago
  GNSS quality (DDI 514):  0, last 1310533 ms ago
  Value commands (any DDI): 7  last DDI=515 (1154478 ms ago)
  Value requests (any DDI): 29167578
  Partner: addr=0xF7 valid=Y  reconnect attempts=0
  Tramline setpoint (DDI 506): 1  -> terminal DOES implement Tramline Control (1262484 ms ago)
  Guidance track (DDI 507-511): (none yet)
=== ISOBUS DEBUG MENU ===
1. Full status dump
2. Periodic summary line (OFF - press to toggle)
3. Reset message counters
4. Dump DDOP as hex (open in AgIsoDDOPGenerator)
5. Dump VT object pool as hex
q. Exit

# 12:15:49.779
=== ISOBUS STATUS ===
Address claim: CLAIMED  address=0x81
Bus load (ch0): 21.3 %
--- Message counters ---
  PGN 129025 Position NMEA2000: 0
  PGN 129026 Speed NMEA2000:    0
  PGN 129283 XTE NMEA2000:      0
  PGN 65267  Position legacy:   6392
  PGN 65256  Speed legacy:      6392   last SA=0x1C raw=0x3
  PGN 65535  XTE JD legacy:     137720   last SA=0xF0 word=0x0 byte1=0x0
             full payload:     0000000000000000  (0 ms ago)
  PGN 60160  XTE Trimble legacy:92   last SA=0x1C
  PGN 64770  AISO stop:         1291   last 1311547 ms ago
  TOTAL:                        151887
--- Guidance telemetry ---
  XTE:          -0.01 m
  Speed:        0.01 m/s (0.01 kn)
  Quality:      4   RTK quality=4  IsRtkQuality=Y
  GGA fix age:  120 ms
  VTG fix age:  118 ms
  XTE fix age:  106 ms
  Lat/Lon/Alt/Course: 53.425369 / 6.720293 / 4.4 m / 138.8 deg
--- Virtual Terminal ---
  Connected:    Y
  State:        21/22  Connected
  VT version:  4
  VT status msgs: 1292   last 564 ms ago
  Partner: addr=0x26 valid=Y  reconnect attempts=0
--- Task Controller ---
  Connected:    Y
  TC-GEO (with/without pos): Y/Y
  Task active:  Y
  DRP deviation (DDI 513): 0 mm, last 1311547 ms ago
  GNSS quality (DDI 514):  0, last 1311547 ms ago
  Value commands (any DDI): 7  last DDI=515 (1155492 ms ago)
  Value requests (any DDI): 29190989
  Partner: addr=0xF7 valid=Y  reconnect attempts=0
  Tramline setpoint (DDI 506): 1  -> terminal DOES implement Tramline Control (1263498 ms ago)
  Guidance track (DDI 507-511): (none yet)
=== ISOBUS DEBUG MENU ===
1. Full status dump
2. Periodic summary line (OFF - press to toggle)
3. Reset message counters
4. Dump DDOP as hex (open in AgIsoDDOPGenerator)
5. Dump VT object pool as hex
q. Exit

# 12:15:50.803
=== ISOBUS STATUS ===
Address claim: CLAIMED  address=0x81
Bus load (ch0): 21.2 %
--- Message counters ---
  PGN 129025 Position NMEA2000: 0
  PGN 129026 Speed NMEA2000:    0
  PGN 129283 XTE NMEA2000:      0
  PGN 65267  Position legacy:   6397
  PGN 65256  Speed legacy:      6397   last SA=0x1C raw=0x8
  PGN 65535  XTE JD legacy:     137828   last SA=0xF0 word=0x0 byte1=0x0
             full payload:     0000000000000000  (16 ms ago)
  PGN 60160  XTE Trimble legacy:92   last SA=0x1C
  PGN 64770  AISO stop:         1292   last 1312563 ms ago
  TOTAL:                        152006
--- Guidance telemetry ---
  XTE:          -0.01 m
  Speed:        0.02 m/s (0.03 kn)
  Quality:      4   RTK quality=4  IsRtkQuality=Y
  GGA fix age:  135 ms
  VTG fix age:  134 ms
  XTE fix age:  121 ms
  Lat/Lon/Alt/Course: 53.425369 / 6.720293 / 4.4 m / 138.8 deg
--- Virtual Terminal ---
  Connected:    Y
  State:        21/22  Connected
  VT version:  4
  VT status msgs: 1293   last 580 ms ago
  Partner: addr=0x26 valid=Y  reconnect attempts=0
--- Task Controller ---
  Connected:    Y
  TC-GEO (with/without pos): Y/Y
  Task active:  Y
  DRP deviation (DDI 513): 0 mm, last 1312563 ms ago
  GNSS quality (DDI 514):  0, last 1312563 ms ago
  Value commands (any DDI): 7  last DDI=515 (1156508 ms ago)
  Value requests (any DDI): 29214436
  Partner: addr=0xF7 valid=Y  reconnect attempts=0
  Tramline setpoint (DDI 506): 1  -> terminal DOES implement Tramline Control (1264514 ms ago)
  Guidance track (DDI 507-511): (none yet)
=== ISOBUS DEBUG MENU ===
1. Full status dump
2. Periodic summary line (OFF - press to toggle)
3. Reset message counters
4. Dump DDOP as hex (open in AgIsoDDOPGenerator)
5. Dump VT object pool as hex
q. Exit

# 12:15:51.813
=== ISOBUS STATUS ===
Address claim: CLAIMED  address=0x81
Bus load (ch0): 21.5 %
--- Message counters ---
  PGN 129025 Position NMEA2000: 0
  PGN 129026 Speed NMEA2000:    0
  PGN 129283 XTE NMEA2000:      0
  PGN 65267  Position legacy:   6402
  PGN 65256  Speed legacy:      6402   last SA=0x1C raw=0x6
  PGN 65535  XTE JD legacy:     137936   last SA=0xF0 word=0x0 byte1=0x0
             full payload:     0000000000000000  (20 ms ago)
  PGN 60160  XTE Trimble legacy:92   last SA=0x1C
  PGN 64770  AISO stop:         1293   last 1313586 ms ago
  TOTAL:                        152125
--- Guidance telemetry ---
  XTE:          -0.01 m
  Speed:        0.01 m/s (0.02 kn)
  Quality:      4   RTK quality=4  IsRtkQuality=Y
  GGA fix age:  158 ms
  VTG fix age:  157 ms
  XTE fix age:  145 ms
  Lat/Lon/Alt/Course: 53.425369 / 6.720293 / 4.4 m / 138.8 deg
--- Virtual Terminal ---
  Connected:    Y
  State:        21/22  Connected
  VT version:  4
  VT status msgs: 1294   last 603 ms ago
  Partner: addr=0x26 valid=Y  reconnect attempts=0
--- Task Controller ---
  Connected:    Y
  TC-GEO (with/without pos): Y/Y
  Task active:  Y
  DRP deviation (DDI 513): 0 mm, last 1313586 ms ago
  GNSS quality (DDI 514):  0, last 1313586 ms ago
  Value commands (any DDI): 7  last DDI=515 (1157531 ms ago)
  Value requests (any DDI): 29238033
  Partner: addr=0xF7 valid=Y  reconnect attempts=0
  Tramline setpoint (DDI 506): 1  -> terminal DOES implement Tramline Control (1265537 ms ago)
  Guidance track (DDI 507-511): (none yet)
=== ISOBUS DEBUG MENU ===
1. Full status dump
2. Periodic summary line (OFF - press to toggle)
3. Reset message counters
4. Dump DDOP as hex (open in AgIsoDDOPGenerator)
5. Dump VT object pool as hex
q. Exit

# 12:15:52.833
=== ISOBUS STATUS ===
Address claim: CLAIMED  address=0x81
Bus load (ch0): 21.4 %
--- Message counters ---
  PGN 129025 Position NMEA2000: 0
  PGN 129026 Speed NMEA2000:    0
  PGN 129283 XTE NMEA2000:      0
  PGN 65267  Position legacy:   6407
  PGN 65256  Speed legacy:      6407   last SA=0x1C raw=0x1
  PGN 65535  XTE JD legacy:     138044   last SA=0xF0 word=0x0 byte1=0x0
             full payload:     0000000000000000  (8 ms ago)
  PGN 60160  XTE Trimble legacy:92   last SA=0x1C
  PGN 64770  AISO stop:         1294   last 1314597 ms ago
  TOTAL:                        152244
--- Guidance telemetry ---
  XTE:          -0.01 m
  Speed:        0.00 m/s (0.00 kn)
  Quality:      4   RTK quality=4  IsRtkQuality=Y
  GGA fix age:  169 ms
  VTG fix age:  168 ms
  XTE fix age:  155 ms
  Lat/Lon/Alt/Course: 53.425369 / 6.720293 / 4.4 m / 138.8 deg
--- Virtual Terminal ---
  Connected:    Y
  State:        21/22  Connected
  VT version:  4
  VT status msgs: 1295   last 613 ms ago
  Partner: addr=0x26 valid=Y  reconnect attempts=0
--- Task Controller ---
  Connected:    Y
  TC-GEO (with/without pos): Y/Y
  Task active:  Y
  DRP deviation (DDI 513): 0 mm, last 1314597 ms ago
  GNSS quality (DDI 514):  0, last 1314597 ms ago
  Value commands (any DDI): 7  last DDI=515 (1158542 ms ago)
  Value requests (any DDI): 29261362
  Partner: addr=0xF7 valid=Y  reconnect attempts=0
  Tramline setpoint (DDI 506): 1  -> terminal DOES implement Tramline Control (1266548 ms ago)
  Guidance track (DDI 507-511): (none yet)
=== ISOBUS DEBUG MENU ===
1. Full status dump
2. Periodic summary line (OFF - press to toggle)
3. Reset message counters
4. Dump DDOP as hex (open in AgIsoDDOPGenerator)
5. Dump VT object pool as hex
q. Exit

# 12:15:53.845
=== ISOBUS STATUS ===
Address claim: CLAIMED  address=0x81
Bus load (ch0): 21.1 %
--- Message counters ---
  PGN 129025 Position NMEA2000: 0
  PGN 129026 Speed NMEA2000:    0
  PGN 129283 XTE NMEA2000:      0
  PGN 65267  Position legacy:   6412
  PGN 65256  Speed legacy:      6412   last SA=0x1C raw=0x3
  PGN 65535  XTE JD legacy:     138152   last SA=0xF0 word=0x0 byte1=0x0
             full payload:     0000000000000000  (8 ms ago)
  PGN 60160  XTE Trimble legacy:92   last SA=0x1C
  PGN 64770  AISO stop:         1295   last 1315617 ms ago
  TOTAL:                        152363
--- Guidance telemetry ---
  XTE:          -0.01 m
  Speed:        0.01 m/s (0.01 kn)
  Quality:      4   RTK quality=4  IsRtkQuality=Y
  GGA fix age:  189 ms
  VTG fix age:  188 ms
  XTE fix age:  175 ms
  Lat/Lon/Alt/Course: 53.425369 / 6.720293 / 4.4 m / 138.8 deg
--- Virtual Terminal ---
  Connected:    Y
  State:        21/22  Connected
  VT version:  4
  VT status msgs: 1296   last 634 ms ago
  Partner: addr=0x26 valid=Y  reconnect attempts=0
--- Task Controller ---
  Connected:    Y
  TC-GEO (with/without pos): Y/Y
  Task active:  Y
  DRP deviation (DDI 513): 0 mm, last 1315617 ms ago
  GNSS quality (DDI 514):  0, last 1315617 ms ago
  Value commands (any DDI): 7  last DDI=515 (1159562 ms ago)
  Value requests (any DDI): 29284902
  Partner: addr=0xF7 valid=Y  reconnect attempts=0
  Tramline setpoint (DDI 506): 1  -> terminal DOES implement Tramline Control (1267568 ms ago)
  Guidance track (DDI 507-511): (none yet)
=== ISOBUS DEBUG MENU ===
1. Full status dump
2. Periodic summary line (OFF - press to toggle)
3. Reset message counters
4. Dump DDOP as hex (open in AgIsoDDOPGenerator)
5. Dump VT object pool as hex
q. Exit

# 12:15:54.904
=== ISOBUS STATUS ===
Address claim: CLAIMED  address=0x81
Bus load (ch0): 21.2 %
--- Message counters ---
  PGN 129025 Position NMEA2000: 0
  PGN 129026 Speed NMEA2000:    0
  PGN 129283 XTE NMEA2000:      0
  PGN 65267  Position legacy:   6418
  PGN 65256  Speed legacy:      6418   last SA=0x1C raw=0x1
  PGN 65535  XTE JD legacy:     138261   last SA=0x1C word=0x0 byte1=0x0
             full payload:     0000000000000000  (1 ms ago)
  PGN 60160  XTE Trimble legacy:92   last SA=0x1C
  PGN 64770  AISO stop:         1296   last 1316630 ms ago
  TOTAL:                        152485
--- Guidance telemetry ---
  XTE:          -0.01 m
  Speed:        0.00 m/s (0.00 kn)
  Quality:      4   RTK quality=4  IsRtkQuality=Y
  GGA fix age:  2 ms
  VTG fix age:  1 ms
  XTE fix age:  188 ms
  Lat/Lon/Alt/Course: 53.425369 / 6.720293 / 4.4 m / 138.8 deg
--- Virtual Terminal ---
  Connected:    Y
  State:        21/22  Connected
  VT version:  4
  VT status msgs: 1297   last 646 ms ago
  Partner: addr=0x26 valid=Y  reconnect attempts=0
--- Task Controller ---
  Connected:    Y
  TC-GEO (with/without pos): Y/Y
  Task active:  Y
  DRP deviation (DDI 513): 0 mm, last 1316630 ms ago
  GNSS quality (DDI 514):  0, last 1316630 ms ago
  Value commands (any DDI): 7  last DDI=515 (1160575 ms ago)
  Value requests (any DDI): 29308268
  Partner: addr=0xF7 valid=Y  reconnect attempts=0
  Tramline setpoint (DDI 506): 1  -> terminal DOES implement Tramline Control (1268581 ms ago)
  Guidance track (DDI 507-511): (none yet)
=== ISOBUS DEBUG MENU ===
1. Full status dump
2. Periodic summary line (OFF - press to toggle)
3. Reset message counters
4. Dump DDOP as hex (open in AgIsoDDOPGenerator)
5. Dump VT object pool as hex
q. Exit

# 12:15:55.916
=== ISOBUS STATUS ===
Address claim: CLAIMED  address=0x81
Bus load (ch0): 21.2 %
--- Message counters ---
  PGN 129025 Position NMEA2000: 0
  PGN 129026 Speed NMEA2000:    0
  PGN 129283 XTE NMEA2000:      0
  PGN 65267  Position legacy:   6423
  PGN 65256  Speed legacy:      6423   last SA=0x1C raw=0x3
  PGN 65535  XTE JD legacy:     138378   last SA=0xF0 word=0x0 byte1=0x0
             full payload:     0000000000000000  (22 ms ago)
  PGN 60160  XTE Trimble legacy:92   last SA=0x1C
  PGN 64770  AISO stop:         1297   last 1317688 ms ago
  TOTAL:                        152613
--- Guidance telemetry ---
  XTE:          -0.01 m
  Speed:        0.01 m/s (0.01 kn)
  Quality:      4   RTK quality=4  IsRtkQuality=Y
  GGA fix age:  60 ms
  VTG fix age:  59 ms
  XTE fix age:  47 ms
  Lat/Lon/Alt/Course: 53.425369 / 6.720293 / 4.4 m / 138.8 deg
--- Virtual Terminal ---
  Connected:    Y
  State:        21/22  Connected
  VT version:  4
  VT status msgs: 1298   last 705 ms ago
  Partner: addr=0x26 valid=Y  reconnect attempts=0
--- Task Controller ---
  Connected:    Y
  TC-GEO (with/without pos): Y/Y
  Task active:  Y
  DRP deviation (DDI 513): 0 mm, last 1317688 ms ago
  GNSS quality (DDI 514):  0, last 1317688 ms ago
  Value commands (any DDI): 7  last DDI=515 (1161633 ms ago)
  Value requests (any DDI): 29332688
  Partner: addr=0xF7 valid=Y  reconnect attempts=0
  Tramline setpoint (DDI 506): 1  -> terminal DOES implement Tramline Control (1269639 ms ago)
  Guidance track (DDI 507-511): (none yet)
=== ISOBUS DEBUG MENU ===
1. Full status dump
2. Periodic summary line (OFF - press to toggle)
3. Reset message counters
4. Dump DDOP as hex (open in AgIsoDDOPGenerator)
5. Dump VT object pool as hex
q. Exit

# 12:15:56.948
=== ISOBUS STATUS ===
Address claim: CLAIMED  address=0x81
Bus load (ch0): 21.9 %
--- Message counters ---
  PGN 129025 Position NMEA2000: 0
  PGN 129026 Speed NMEA2000:    0
  PGN 129283 XTE NMEA2000:      0
  PGN 65267  Position legacy:   6428
  PGN 65256  Speed legacy:      6428   last SA=0x1C raw=0x3
  PGN 65535  XTE JD legacy:     138486   last SA=0xF0 word=0x0 byte1=0x0
             full payload:     0000000000000000  (13 ms ago)
  PGN 60160  XTE Trimble legacy:92   last SA=0x1C
  PGN 64770  AISO stop:         1298   last 1318700 ms ago
  TOTAL:                        152732
--- Guidance telemetry ---
  XTE:          -0.01 m
  Speed:        0.01 m/s (0.01 kn)
  Quality:      4   RTK quality=4  IsRtkQuality=Y
  GGA fix age:  72 ms
  VTG fix age:  71 ms
  XTE fix age:  58 ms
  Lat/Lon/Alt/Course: 53.425369 / 6.720293 / 4.4 m / 138.8 deg
--- Virtual Terminal ---
  Connected:    Y
  State:        21/22  Connected
  VT version:  4
  VT status msgs: 1299   last 717 ms ago
  Partner: addr=0x26 valid=Y  reconnect attempts=0
--- Task Controller ---
  Connected:    Y
  TC-GEO (with/without pos): Y/Y
  Task active:  Y
  DRP deviation (DDI 513): 0 mm, last 1318700 ms ago
  GNSS quality (DDI 514):  0, last 1318700 ms ago
  Value commands (any DDI): 7  last DDI=515 (1162645 ms ago)
  Value requests (any DDI): 29356040
  Partner: addr=0xF7 valid=Y  reconnect attempts=0
  Tramline setpoint (DDI 506): 1  -> terminal DOES implement Tramline Control (1270651 ms ago)
  Guidance track (DDI 507-511): (none yet)
=== ISOBUS DEBUG MENU ===
1. Full status dump
2. Periodic summary line (OFF - press to toggle)
3. Reset message counters
4. Dump DDOP as hex (open in AgIsoDDOPGenerator)
5. Dump VT object pool as hex
q. Exit

# 12:15:57.953
=== ISOBUS STATUS ===
Address claim: CLAIMED  address=0x81
Bus load (ch0): 21.3 %
--- Message counters ---
  PGN 129025 Position NMEA2000: 0
  PGN 129026 Speed NMEA2000:    0
  PGN 129283 XTE NMEA2000:      0
  PGN 65267  Position legacy:   6433
  PGN 65256  Speed legacy:      6433   last SA=0x1C raw=0x4
  PGN 65535  XTE JD legacy:     138596   last SA=0xF0 word=0x0 byte1=0x0
             full payload:     0000000000000000  (3 ms ago)
  PGN 60160  XTE Trimble legacy:92   last SA=0x1C
  PGN 64770  AISO stop:         1299   last 1319730 ms ago
  TOTAL:                        152853
--- Guidance telemetry ---
  XTE:          -0.01 m
  Speed:        0.01 m/s (0.02 kn)
  Quality:      4   RTK quality=4  IsRtkQuality=Y
  GGA fix age:  102 ms
  VTG fix age:  101 ms
  XTE fix age:  88 ms
  Lat/Lon/Alt/Course: 53.425369 / 6.720293 / 4.4 m / 138.8 deg
--- Virtual Terminal ---
  Connected:    Y
  State:        21/22  Connected
  VT version:  4
  VT status msgs: 1300   last 747 ms ago
  Partner: addr=0x26 valid=Y  reconnect attempts=0
--- Task Controller ---
  Connected:    Y
  TC-GEO (with/without pos): Y/Y
  Task active:  Y
  DRP deviation (DDI 513): 0 mm, last 1319730 ms ago
  GNSS quality (DDI 514):  0, last 1319730 ms ago
  Value commands (any DDI): 7  last DDI=515 (1163675 ms ago)
  Value requests (any DDI): 29379813
  Partner: addr=0xF7 valid=Y  reconnect attempts=0
  Tramline setpoint (DDI 506): 1  -> terminal DOES implement Tramline Control (1271681 ms ago)
  Guidance track (DDI 507-511): (none yet)
=== ISOBUS DEBUG MENU ===
1. Full status dump
2. Periodic summary line (OFF - press to toggle)
3. Reset message counters
4. Dump DDOP as hex (open in AgIsoDDOPGenerator)
5. Dump VT object pool as hex
q. Exit

# 12:15:58.983
=== ISOBUS STATUS ===
Address claim: CLAIMED  address=0x81
Bus load (ch0): 21.3 %
--- Message counters ---
  PGN 129025 Position NMEA2000: 0
  PGN 129026 Speed NMEA2000:    0
  PGN 129283 XTE NMEA2000:      0
  PGN 65267  Position legacy:   6438
  PGN 65256  Speed legacy:      6438   last SA=0x1C raw=0x1
  PGN 65535  XTE JD legacy:     138703   last SA=0xF0 word=0x0 byte1=0x0
             full payload:     0000000000000000  (9 ms ago)
  PGN 60160  XTE Trimble legacy:92   last SA=0x1C
  PGN 64770  AISO stop:         1300   last 1320736 ms ago
  TOTAL:                        152971
--- Guidance telemetry ---
  XTE:          -0.01 m
  Speed:        0.00 m/s (0.00 kn)
  Quality:      4   RTK quality=4  IsRtkQuality=Y
  GGA fix age:  108 ms
  VTG fix age:  107 ms
  XTE fix age:  94 ms
  Lat/Lon/Alt/Course: 53.425369 / 6.720293 / 4.4 m / 138.8 deg
--- Virtual Terminal ---
  Connected:    Y
  State:        21/22  Connected
  VT version:  4
  VT status msgs: 1301   last 753 ms ago
  Partner: addr=0x26 valid=Y  reconnect attempts=0
--- Task Controller ---
  Connected:    Y
  TC-GEO (with/without pos): Y/Y
  Task active:  Y
  DRP deviation (DDI 513): 0 mm, last 1320736 ms ago
  GNSS quality (DDI 514):  0, last 1320736 ms ago
  Value commands (any DDI): 7  last DDI=515 (1164681 ms ago)
  Value requests (any DDI): 29403044
  Partner: addr=0xF7 valid=Y  reconnect attempts=0
  Tramline setpoint (DDI 506): 1  -> terminal DOES implement Tramline Control (1272688 ms ago)
  Guidance track (DDI 507-511): (none yet)
=== ISOBUS DEBUG MENU ===
1. Full status dump
2. Periodic summary line (OFF - press to toggle)
3. Reset message counters
4. Dump DDOP as hex (open in AgIsoDDOPGenerator)
5. Dump VT object pool as hex
q. Exit

# 12:16:00.027
=== ISOBUS STATUS ===
Address claim: CLAIMED  address=0x81
Bus load (ch0): 21.8 %
--- Message counters ---
  PGN 129025 Position NMEA2000: 0
  PGN 129026 Speed NMEA2000:    0
  PGN 129283 XTE NMEA2000:      0
  PGN 65267  Position legacy:   6443
  PGN 65256  Speed legacy:      6443   last SA=0x1C raw=0x4
  PGN 65535  XTE JD legacy:     138814   last SA=0xF0 word=0x0 byte1=0x0
             full payload:     0000000000000000  (1 ms ago)
  PGN 60160  XTE Trimble legacy:92   last SA=0x1C
  PGN 64770  AISO stop:         1301   last 1321768 ms ago
  TOTAL:                        153093
--- Guidance telemetry ---
  XTE:          -0.01 m
  Speed:        0.01 m/s (0.02 kn)
  Quality:      4   RTK quality=4  IsRtkQuality=Y
  GGA fix age:  140 ms
  VTG fix age:  139 ms
  XTE fix age:  127 ms
  Lat/Lon/Alt/Course: 53.425369 / 6.720293 / 4.4 m / 138.8 deg
--- Virtual Terminal ---
  Connected:    Y
  State:        21/22  Connected
  VT version:  4
  VT status msgs: 1302   last 785 ms ago
  Partner: addr=0x26 valid=Y  reconnect attempts=0
--- Task Controller ---
  Connected:    Y
  TC-GEO (with/without pos): Y/Y
  Task active:  Y
  DRP deviation (DDI 513): 0 mm, last 1321768 ms ago
  GNSS quality (DDI 514):  0, last 1321768 ms ago
  Value commands (any DDI): 7  last DDI=515 (1165713 ms ago)
  Value requests (any DDI): 29426846
  Partner: addr=0xF7 valid=Y  reconnect attempts=0
  Tramline setpoint (DDI 506): 1  -> terminal DOES implement Tramline Control (1273719 ms ago)
  Guidance track (DDI 507-511): (none yet)
=== ISOBUS DEBUG MENU ===
1. Full status dump
2. Periodic summary line (OFF - press to toggle)
3. Reset message counters
4. Dump DDOP as hex (open in AgIsoDDOPGenerator)
5. Dump VT object pool as hex
q. Exit

# 12:16:01.060
=== ISOBUS STATUS ===
Address claim: CLAIMED  address=0x81
Bus load (ch0): 22.6 %
--- Message counters ---
  PGN 129025 Position NMEA2000: 0
  PGN 129026 Speed NMEA2000:    0
  PGN 129283 XTE NMEA2000:      0
  PGN 65267  Position legacy:   6448
  PGN 65256  Speed legacy:      6448   last SA=0x1C raw=0x65
  PGN 65535  XTE JD legacy:     138925   last SA=0xF0 word=0x0 byte1=0x0
             full payload:     0000000000000000  (1 ms ago)
  PGN 60160  XTE Trimble legacy:92   last SA=0x1C
  PGN 64770  AISO stop:         1302   last 1322810 ms ago
  TOTAL:                        153215
--- Guidance telemetry ---
  XTE:          0.11 m
  Speed:        0.20 m/s (0.39 kn)
  Quality:      4   RTK quality=4  IsRtkQuality=Y
  GGA fix age:  182 ms
  VTG fix age:  181 ms
  XTE fix age:  168 ms
  Lat/Lon/Alt/Course: 53.425369 / 6.720294 / 4.4 m / 138.8 deg
--- Virtual Terminal ---
  Connected:    Y
  State:        21/22  Connected
  VT version:  4
  VT status msgs: 1303   last 827 ms ago
  Partner: addr=0x26 valid=Y  reconnect attempts=0
--- Task Controller ---
  Connected:    Y
  TC-GEO (with/without pos): Y/Y
  Task active:  Y
  DRP deviation (DDI 513): 0 mm, last 1322810 ms ago
  GNSS quality (DDI 514):  0, last 1322810 ms ago
  Value commands (any DDI): 7  last DDI=515 (1166755 ms ago)
  Value requests (any DDI): 29450523
  Partner: addr=0xF7 valid=Y  reconnect attempts=0
  Tramline setpoint (DDI 506): 1  -> terminal DOES implement Tramline Control (1274761 ms ago)
  Guidance track (DDI 507-511): (none yet)
=== ISOBUS DEBUG MENU ===
1. Full status dump
2. Periodic summary line (OFF - press to toggle)
3. Reset message counters
4. Dump DDOP as hex (open in AgIsoDDOPGenerator)
5. Dump VT object pool as hex
q. Exit

# 12:16:02.081
=== ISOBUS STATUS ===
Address claim: CLAIMED  address=0x81
Bus load (ch0): 22.2 %
--- Message counters ---
  PGN 129025 Position NMEA2000: 0
  PGN 129026 Speed NMEA2000:    0
  PGN 129283 XTE NMEA2000:      0
  PGN 65267  Position legacy:   6454
  PGN 65256  Speed legacy:      6454   last SA=0x1C raw=0x3E
  PGN 65535  XTE JD legacy:     139041   last SA=0x2A word=0x7D0A byte1=0x15
             full payload:     7715100A7D3485FF  (2 ms ago)
  PGN 60160  XTE Trimble legacy:92   last SA=0x1C
  PGN 64770  AISO stop:         1303   last 1323844 ms ago
  TOTAL:                        153344
--- Guidance telemetry ---
  XTE:          0.05 m
  Speed:        0.12 m/s (0.24 kn)
  Quality:      4   RTK quality=4  IsRtkQuality=Y
  GGA fix age:  16 ms
  VTG fix age:  15 ms
  XTE fix age:  2 ms
  Lat/Lon/Alt/Course: 53.425369 / 6.720294 / 4.4 m / 138.9 deg
--- Virtual Terminal ---
  Connected:    Y
  State:        21/22  Connected
  VT version:  4
  VT status msgs: 1304   last 861 ms ago
  Partner: addr=0x26 valid=Y  reconnect attempts=0
--- Task Controller ---
  Connected:    Y
  TC-GEO (with/without pos): Y/Y
  Task active:  Y
  DRP deviation (DDI 513): 0 mm, last 1323844 ms ago
  GNSS quality (DDI 514):  0, last 1323844 ms ago
  Value commands (any DDI): 7  last DDI=515 (1167789 ms ago)
  Value requests (any DDI): 29474217
  Partner: addr=0xF7 valid=Y  reconnect attempts=0
  Tramline setpoint (DDI 506): 1  -> terminal DOES implement Tramline Control (1275795 ms ago)
  Guidance track (DDI 507-511): (none yet)
=== ISOBUS DEBUG MENU ===
1. Full status dump
2. Periodic summary line (OFF - press to toggle)
3. Reset message counters
4. Dump DDOP as hex (open in AgIsoDDOPGenerator)
5. Dump VT object pool as hex
q. Exit

# 12:16:03.145
=== ISOBUS STATUS ===
Address claim: CLAIMED  address=0x81
Bus load (ch0): 22.5 %
--- Message counters ---
  PGN 129025 Position NMEA2000: 0
  PGN 129026 Speed NMEA2000:    0
  PGN 129283 XTE NMEA2000:      0
  PGN 65267  Position legacy:   6459
  PGN 65256  Speed legacy:      6459   last SA=0x1C raw=0x20
  PGN 65535  XTE JD legacy:     139149   last SA=0xF0 word=0x0 byte1=0x0
             full payload:     0000000000000000  (17 ms ago)
  PGN 60160  XTE Trimble legacy:92   last SA=0x1C
  PGN 64770  AISO stop:         1304   last 1324864 ms ago
  TOTAL:                        153463
--- Guidance telemetry ---
  XTE:          0.00 m
  Speed:        0.06 m/s (0.13 kn)
  Quality:      4   RTK quality=4  IsRtkQuality=Y
  GGA fix age:  36 ms
  VTG fix age:  35 ms
  XTE fix age:  22 ms
  Lat/Lon/Alt/Course: 53.425369 / 6.720293 / 4.4 m / 138.9 deg
--- Virtual Terminal ---
  Connected:    Y
  State:        21/22  Connected
  VT version:  4
  VT status msgs: 1305   last 881 ms ago
  Partner: addr=0x26 valid=Y  reconnect attempts=0
--- Task Controller ---
  Connected:    Y
  TC-GEO (with/without pos): Y/Y
  Task active:  Y
  DRP deviation (DDI 513): 0 mm, last 1324864 ms ago
  GNSS quality (DDI 514):  0, last 1324864 ms ago
  Value commands (any DDI): 7  last DDI=515 (1168809 ms ago)
  Value requests (any DDI): 29497504
  Partner: addr=0xF7 valid=Y  reconnect attempts=0
  Tramline setpoint (DDI 506): 1  -> terminal DOES implement Tramline Control (1276815 ms ago)
  Guidance track (DDI 507-511): (none yet)
=== ISOBUS DEBUG MENU ===
1. Full status dump
2. Periodic summary line (OFF - press to toggle)
3. Reset message counters
4. Dump DDOP as hex (open in AgIsoDDOPGenerator)
5. Dump VT object pool as hex
q. Exit

# 12:16:04.181
=== ISOBUS STATUS ===
Address claim: CLAIMED  address=0x81
Bus load (ch0): 21.1 %
--- Message counters ---
  PGN 129025 Position NMEA2000: 0
  PGN 129026 Speed NMEA2000:    0
  PGN 129283 XTE NMEA2000:      0
  PGN 65267  Position legacy:   6464
  PGN 65256  Speed legacy:      6464   last SA=0x1C raw=0x10
  PGN 65535  XTE JD legacy:     139260   last SA=0xF0 word=0x0 byte1=0x0
             full payload:     0000000000000000  (1 ms ago)
  PGN 60160  XTE Trimble legacy:92   last SA=0x1C
  PGN 64770  AISO stop:         1305   last 1325928 ms ago
  TOTAL:                        153585
--- Guidance telemetry ---
  XTE:          0.00 m
  Speed:        0.03 m/s (0.06 kn)
  Quality:      4   RTK quality=4  IsRtkQuality=Y
  GGA fix age:  100 ms
  VTG fix age:  99 ms
  XTE fix age:  86 ms
  Lat/Lon/Alt/Course: 53.425369 / 6.720294 / 4.4 m / 138.9 deg
--- Virtual Terminal ---
  Connected:    Y
  State:        21/22  Connected
  VT version:  4
  VT status msgs: 1306   last 944 ms ago
  Partner: addr=0x26 valid=Y  reconnect attempts=0
--- Task Controller ---
  Connected:    Y
  TC-GEO (with/without pos): Y/Y
  Task active:  Y
  DRP deviation (DDI 513): 0 mm, last 1325928 ms ago
  GNSS quality (DDI 514):  0, last 1325928 ms ago
  Value commands (any DDI): 7  last DDI=515 (1169873 ms ago)
  Value requests (any DDI): 29522058
  Partner: addr=0xF7 valid=Y  reconnect attempts=0
  Tramline setpoint (DDI 506): 1  -> terminal DOES implement Tramline Control (1277879 ms ago)
  Guidance track (DDI 507-511): (none yet)
=== ISOBUS DEBUG MENU ===
1. Full status dump
2. Periodic summary line (OFF - press to toggle)
3. Reset message counters
4. Dump DDOP as hex (open in AgIsoDDOPGenerator)
5. Dump VT object pool as hex
q. Exit

# 12:16:05.220
=== ISOBUS STATUS ===
Address claim: CLAIMED  address=0x81
Bus load (ch0): 21.4 %
--- Message counters ---
  PGN 129025 Position NMEA2000: 0
  PGN 129026 Speed NMEA2000:    0
  PGN 129283 XTE NMEA2000:      0
  PGN 65267  Position legacy:   6469
  PGN 65256  Speed legacy:      6469   last SA=0x1C raw=0x4
  PGN 65535  XTE JD legacy:     139369   last SA=0xF0 word=0x0 byte1=0x0
             full payload:     0000000000000000  (0 ms ago)
  PGN 60160  XTE Trimble legacy:92   last SA=0x1C
  PGN 64770  AISO stop:         1306   last 1326967 ms ago
  TOTAL:                        153705
--- Guidance telemetry ---
  XTE:          0.00 m
  Speed:        0.01 m/s (0.02 kn)
  Quality:      4   RTK quality=4  IsRtkQuality=Y
  GGA fix age:  141 ms
  VTG fix age:  138 ms
  XTE fix age:  125 ms
  Lat/Lon/Alt/Course: 53.425369 / 6.720293 / 4.4 m / 138.9 deg
--- Virtual Terminal ---
  Connected:    Y
  State:        21/22  Connected
  VT version:  4
  VT status msgs: 1307   last 983 ms ago
  Partner: addr=0x26 valid=Y  reconnect attempts=0
--- Task Controller ---
  Connected:    Y
  TC-GEO (with/without pos): Y/Y
  Task active:  Y
  DRP deviation (DDI 513): 0 mm, last 1326967 ms ago
  GNSS quality (DDI 514):  0, last 1326967 ms ago
  Value commands (any DDI): 7  last DDI=515 (1170912 ms ago)
  Value requests (any DDI): 29546031
  Partner: addr=0xF7 valid=Y  reconnect attempts=0
  Tramline setpoint (DDI 506): 1  -> terminal DOES implement Tramline Control (1278918 ms ago)
  Guidance track (DDI 507-511): (none yet)
=== ISOBUS DEBUG MENU ===
1. Full status dump
2. Periodic summary line (OFF - press to toggle)
3. Reset message counters
4. Dump DDOP as hex (open in AgIsoDDOPGenerator)
5. Dump VT object pool as hex
q. Exit

# 12:16:06.263
=== ISOBUS STATUS ===
Address claim: CLAIMED  address=0x81
Bus load (ch0): 21.5 %
--- Message counters ---
  PGN 129025 Position NMEA2000: 0
  PGN 129026 Speed NMEA2000:    0
  PGN 129283 XTE NMEA2000:      0
  PGN 65267  Position legacy:   6474
  PGN 65256  Speed legacy:      6474   last SA=0x1C raw=0x2
  PGN 65535  XTE JD legacy:     139479   last SA=0xF0 word=0x0 byte1=0x0
             full payload:     0000000000000000  (16 ms ago)
  PGN 60160  XTE Trimble legacy:92   last SA=0x1C
  PGN 64770  AISO stop:         1307   last 1328005 ms ago
  TOTAL:                        153826
--- Guidance telemetry ---
  XTE:          0.00 m
  Speed:        0.00 m/s (0.01 kn)
  Quality:      4   RTK quality=4  IsRtkQuality=Y
  GGA fix age:  176 ms
  VTG fix age:  175 ms
  XTE fix age:  164 ms
  Lat/Lon/Alt/Course: 53.425369 / 6.720293 / 4.4 m / 138.9 deg
--- Virtual Terminal ---
  Connected:    Y
  State:        21/22  Connected
  VT version:  4
  VT status msgs: 1309   last 21 ms ago
  Partner: addr=0x26 valid=Y  reconnect attempts=0
--- Task Controller ---
  Connected:    Y
  TC-GEO (with/without pos): Y/Y
  Task active:  Y
  DRP deviation (DDI 513): 0 mm, last 1328005 ms ago
  GNSS quality (DDI 514):  0, last 1328005 ms ago
  Value commands (any DDI): 7  last DDI=515 (1171950 ms ago)
  Value requests (any DDI): 29569982
  Partner: addr=0xF7 valid=Y  reconnect attempts=0
  Tramline setpoint (DDI 506): 1  -> terminal DOES implement Tramline Control (1279956 ms ago)
  Guidance track (DDI 507-511): (none yet)
=== ISOBUS DEBUG MENU ===
1. Full status dump
2. Periodic summary line (OFF - press to toggle)
3. Reset message counters
4. Dump DDOP as hex (open in AgIsoDDOPGenerator)
5. Dump VT object pool as hex
q. Exit

# 12:16:07.274
=== ISOBUS STATUS ===
Address claim: CLAIMED  address=0x81
Bus load (ch0): 22.3 %
--- Message counters ---
  PGN 129025 Position NMEA2000: 0
  PGN 129026 Speed NMEA2000:    0
  PGN 129283 XTE NMEA2000:      0
  PGN 65267  Position legacy:   6480
  PGN 65256  Speed legacy:      6480   last SA=0x1C raw=0x1
  PGN 65535  XTE JD legacy:     139598   last SA=0x2A word=0xFC3E byte1=0xFF
             full payload:     92FF803EFCFFFFFF  (4 ms ago)
  PGN 60160  XTE Trimble legacy:92   last SA=0x1C
  PGN 64770  AISO stop:         1308   last 1329046 ms ago
  TOTAL:                        153958
--- Guidance telemetry ---
  XTE:          0.00 m
  Speed:        0.00 m/s (0.00 kn)
  Quality:      4   RTK quality=4  IsRtkQuality=Y
  GGA fix age:  20 ms
  VTG fix age:  17 ms
  XTE fix age:  4 ms
  Lat/Lon/Alt/Course: 53.425369 / 6.720293 / 4.4 m / 138.9 deg
--- Virtual Terminal ---
  Connected:    Y
  State:        21/22  Connected
  VT version:  4
  VT status msgs: 1310   last 63 ms ago
  Partner: addr=0x26 valid=Y  reconnect attempts=0
--- Task Controller ---
  Connected:    Y
  TC-GEO (with/without pos): Y/Y
  Task active:  Y
  DRP deviation (DDI 513): 0 mm, last 1329046 ms ago
  GNSS quality (DDI 514):  0, last 1329046 ms ago
  Value commands (any DDI): 7  last DDI=515 (1172991 ms ago)
  Value requests (any DDI): 29594029
  Partner: addr=0xF7 valid=Y  reconnect attempts=0
  Tramline setpoint (DDI 506): 1  -> terminal DOES implement Tramline Control (1280997 ms ago)
  Guidance track (DDI 507-511): (none yet)
=== ISOBUS DEBUG MENU ===
1. Full status dump
2. Periodic summary line (OFF - press to toggle)
3. Reset message counters
4. Dump DDOP as hex (open in AgIsoDDOPGenerator)
5. Dump VT object pool as hex
q. Exit

# 12:16:08.328
=== ISOBUS STATUS ===
Address claim: CLAIMED  address=0x81
Bus load (ch0): 22.2 %
--- Message counters ---
  PGN 129025 Position NMEA2000: 0
  PGN 129026 Speed NMEA2000:    0
  PGN 129283 XTE NMEA2000:      0
  PGN 65267  Position legacy:   6485
  PGN 65256  Speed legacy:      6485   last SA=0x1C raw=0x2F
  PGN 65535  XTE JD legacy:     139706   last SA=0xF0 word=0x0 byte1=0x0
             full payload:     0000000000000000  (11 ms ago)
  PGN 60160  XTE Trimble legacy:92   last SA=0x1C
  PGN 64770  AISO stop:         1309   last 1330059 ms ago
  TOTAL:                        154077
--- Guidance telemetry ---
  XTE:          -0.01 m
  Speed:        0.09 m/s (0.18 kn)
  Quality:      4   RTK quality=4  IsRtkQuality=Y
  GGA fix age:  33 ms
  VTG fix age:  30 ms
  XTE fix age:  17 ms
  Lat/Lon/Alt/Course: 53.425369 / 6.720293 / 4.4 m / 138.9 deg
--- Virtual Terminal ---
  Connected:    Y
  State:        21/22  Connected
  VT version:  4
  VT status msgs: 1311   last 76 ms ago
  Partner: addr=0x26 valid=Y  reconnect attempts=0
--- Task Controller ---
  Connected:    Y
  TC-GEO (with/without pos): Y/Y
  Task active:  Y
  DRP deviation (DDI 513): 0 mm, last 1330059 ms ago
  GNSS quality (DDI 514):  0, last 1330059 ms ago
  Value commands (any DDI): 7  last DDI=515 (1174004 ms ago)
  Value requests (any DDI): 29617313
  Partner: addr=0xF7 valid=Y  reconnect attempts=0
  Tramline setpoint (DDI 506): 1  -> terminal DOES implement Tramline Control (1282010 ms ago)
  Guidance track (DDI 507-511): (none yet)
=== ISOBUS DEBUG MENU ===
1. Full status dump
2. Periodic summary line (OFF - press to toggle)
3. Reset message counters
4. Dump DDOP as hex (open in AgIsoDDOPGenerator)
5. Dump VT object pool as hex
q. Exit

# 12:16:09.340
=== ISOBUS STATUS ===
Address claim: CLAIMED  address=0x81
Bus load (ch0): 22.9 %
--- Message counters ---
  PGN 129025 Position NMEA2000: 0
  PGN 129026 Speed NMEA2000:    0
  PGN 129283 XTE NMEA2000:      0
  PGN 65267  Position legacy:   6490
  PGN 65256  Speed legacy:      6490   last SA=0x1C raw=0x38
  PGN 65535  XTE JD legacy:     139818   last SA=0xF0 word=0x0 byte1=0x0
             full payload:     0000000000000000  (6 ms ago)
  PGN 60160  XTE Trimble legacy:92   last SA=0x1C
  PGN 64770  AISO stop:         1310   last 1331115 ms ago
  TOTAL:                        154200
--- Guidance telemetry ---
  XTE:          0.09 m
  Speed:        0.11 m/s (0.22 kn)
  Quality:      4   RTK quality=4  IsRtkQuality=Y
  GGA fix age:  89 ms
  VTG fix age:  86 ms
  XTE fix age:  73 ms
  Lat/Lon/Alt/Course: 53.425369 / 6.720292 / 4.4 m / 319.0 deg
--- Virtual Terminal ---
  Connected:    Y
  State:        21/22  Connected
  VT version:  4
  VT status msgs: 1312   last 132 ms ago
  Partner: addr=0x26 valid=Y  reconnect attempts=0
--- Task Controller ---
  Connected:    Y
  TC-GEO (with/without pos): Y/Y
  Task active:  Y
  DRP deviation (DDI 513): 0 mm, last 1331115 ms ago
  GNSS quality (DDI 514):  0, last 1331115 ms ago
  Value commands (any DDI): 7  last DDI=515 (1175060 ms ago)
  Value requests (any DDI): 29641381
  Partner: addr=0xF7 valid=Y  reconnect attempts=0
  Tramline setpoint (DDI 506): 1  -> terminal DOES implement Tramline Control (1283066 ms ago)
  Guidance track (DDI 507-511): (none yet)
=== ISOBUS DEBUG MENU ===
1. Full status dump
2. Periodic summary line (OFF - press to toggle)
3. Reset message counters
4. Dump DDOP as hex (open in AgIsoDDOPGenerator)
5. Dump VT object pool as hex
q. Exit

# 12:16:10.366
=== ISOBUS STATUS ===
Address claim: CLAIMED  address=0x81
Bus load (ch0): 21.9 %
--- Message counters ---
  PGN 129025 Position NMEA2000: 0
  PGN 129026 Speed NMEA2000:    0
  PGN 129283 XTE NMEA2000:      0
  PGN 65267  Position legacy:   6495
  PGN 65256  Speed legacy:      6495   last SA=0x1C raw=0x28
  PGN 65535  XTE JD legacy:     139926   last SA=0xF0 word=0x0 byte1=0x0
             full payload:     0000000000000000  (14 ms ago)
  PGN 60160  XTE Trimble legacy:92   last SA=0x1C
  PGN 64770  AISO stop:         1311   last 1332123 ms ago
  TOTAL:                        154319
--- Guidance telemetry ---
  XTE:          0.05 m
  Speed:        0.08 m/s (0.16 kn)
  Quality:      4   RTK quality=4  IsRtkQuality=Y
  GGA fix age:  97 ms
  VTG fix age:  94 ms
  XTE fix age:  81 ms
  Lat/Lon/Alt/Course: 53.425369 / 6.720293 / 4.4 m / 319.0 deg
--- Virtual Terminal ---
  Connected:    Y
  State:        21/22  Connected
  VT version:  4
  VT status msgs: 1313   last 139 ms ago
  Partner: addr=0x26 valid=Y  reconnect attempts=0
--- Task Controller ---
  Connected:    Y
  TC-GEO (with/without pos): Y/Y
  Task active:  Y
  DRP deviation (DDI 513): 0 mm, last 1332123 ms ago
  GNSS quality (DDI 514):  0, last 1332123 ms ago
  Value commands (any DDI): 7  last DDI=515 (1176068 ms ago)
  Value requests (any DDI): 29664526
  Partner: addr=0xF7 valid=Y  reconnect attempts=0
  Tramline setpoint (DDI 506): 1  -> terminal DOES implement Tramline Control (1284074 ms ago)
  Guidance track (DDI 507-511): (none yet)
=== ISOBUS DEBUG MENU ===
1. Full status dump
2. Periodic summary line (OFF - press to toggle)
3. Reset message counters
4. Dump DDOP as hex (open in AgIsoDDOPGenerator)
5. Dump VT object pool as hex
q. Exit

# 12:16:11.402
=== ISOBUS STATUS ===
Address claim: CLAIMED  address=0x81
Bus load (ch0): 22.7 %
--- Message counters ---
  PGN 129025 Position NMEA2000: 0
  PGN 129026 Speed NMEA2000:    0
  PGN 129283 XTE NMEA2000:      0
  PGN 65267  Position legacy:   6500
  PGN 65256  Speed legacy:      6500   last SA=0x1C raw=0x19
  PGN 65535  XTE JD legacy:     140037   last SA=0xF0 word=0x0 byte1=0x0
             full payload:     0000000000000000  (0 ms ago)
  PGN 60160  XTE Trimble legacy:92   last SA=0x1C
  PGN 64770  AISO stop:         1312   last 1333148 ms ago
  TOTAL:                        154441
--- Guidance telemetry ---
  XTE:          0.01 m
  Speed:        0.05 m/s (0.10 kn)
  Quality:      4   RTK quality=4  IsRtkQuality=Y
  GGA fix age:  122 ms
  VTG fix age:  119 ms
  XTE fix age:  106 ms
  Lat/Lon/Alt/Course: 53.425369 / 6.720293 / 4.4 m / 138.9 deg
--- Virtual Terminal ---
  Connected:    Y
  State:        21/22  Connected
  VT version:  4
  VT status msgs: 1314   last 165 ms ago
  Partner: addr=0x26 valid=Y  reconnect attempts=0
--- Task Controller ---
  Connected:    Y
  TC-GEO (with/without pos): Y/Y
  Task active:  Y
  DRP deviation (DDI 513): 0 mm, last 1333148 ms ago
  GNSS quality (DDI 514):  0, last 1333148 ms ago
  Value commands (any DDI): 7  last DDI=515 (1177093 ms ago)
  Value requests (any DDI): 29687952
  Partner: addr=0xF7 valid=Y  reconnect attempts=0
  Tramline setpoint (DDI 506): 1  -> terminal DOES implement Tramline Control (1285099 ms ago)
  Guidance track (DDI 507-511): (none yet)
=== ISOBUS DEBUG MENU ===
1. Full status dump
2. Periodic summary line (OFF - press to toggle)
3. Reset message counters
4. Dump DDOP as hex (open in AgIsoDDOPGenerator)
5. Dump VT object pool as hex
q. Exit

# 12:16:12.419
=== ISOBUS STATUS ===
Address claim: CLAIMED  address=0x81
Bus load (ch0): 22.0 %
--- Message counters ---
  PGN 129025 Position NMEA2000: 0
  PGN 129026 Speed NMEA2000:    0
  PGN 129283 XTE NMEA2000:      0
  PGN 65267  Position legacy:   6505
  PGN 65256  Speed legacy:      6505   last SA=0x1C raw=0x3
  PGN 65535  XTE JD legacy:     140145   last SA=0xF0 word=0x0 byte1=0x0
             full payload:     0000000000000000  (19 ms ago)
  PGN 60160  XTE Trimble legacy:92   last SA=0x1C
  PGN 64770  AISO stop:         1313   last 1334186 ms ago
  TOTAL:                        154560
--- Guidance telemetry ---
  XTE:          0.01 m
  Speed:        0.01 m/s (0.01 kn)
  Quality:      4   RTK quality=4  IsRtkQuality=Y
  GGA fix age:  160 ms
  VTG fix age:  157 ms
  XTE fix age:  144 ms
  Lat/Lon/Alt/Course: 53.425369 / 6.720293 / 4.4 m / 138.9 deg
--- Virtual Terminal ---
  Connected:    Y
  State:        21/22  Connected
  VT version:  4
  VT status msgs: 1315   last 202 ms ago
  Partner: addr=0x26 valid=Y  reconnect attempts=0
--- Task Controller ---
  Connected:    Y
  TC-GEO (with/without pos): Y/Y
  Task active:  Y
  DRP deviation (DDI 513): 0 mm, last 1334186 ms ago
  GNSS quality (DDI 514):  0, last 1334186 ms ago
  Value commands (any DDI): 7  last DDI=515 (1178131 ms ago)
  Value requests (any DDI): 29711907
  Partner: addr=0xF7 valid=Y  reconnect attempts=0
  Tramline setpoint (DDI 506): 1  -> terminal DOES implement Tramline Control (1286137 ms ago)
  Guidance track (DDI 507-511): (none yet)
=== ISOBUS DEBUG MENU ===
1. Full status dump
2. Periodic summary line (OFF - press to toggle)
3. Reset message counters
4. Dump DDOP as hex (open in AgIsoDDOPGenerator)
5. Dump VT object pool as hex
q. Exit

# 12:16:13.464
=== ISOBUS STATUS ===
Address claim: CLAIMED  address=0x81
Bus load (ch0): 21.5 %
--- Message counters ---
  PGN 129025 Position NMEA2000: 0
  PGN 129026 Speed NMEA2000:    0
  PGN 129283 XTE NMEA2000:      0
  PGN 65267  Position legacy:   6510
  PGN 65256  Speed legacy:      6510   last SA=0x1C raw=0xA
  PGN 65535  XTE JD legacy:     140253   last SA=0xF0 word=0x0 byte1=0x0
             full payload:     0000000000000000  (13 ms ago)
  PGN 60160  XTE Trimble legacy:92   last SA=0x1C
  PGN 64770  AISO stop:         1314   last 1335203 ms ago
  TOTAL:                        154679
--- Guidance telemetry ---
  XTE:          0.01 m
  Speed:        0.02 m/s (0.04 kn)
  Quality:      4   RTK quality=4  IsRtkQuality=Y
  GGA fix age:  177 ms
  VTG fix age:  174 ms
  XTE fix age:  161 ms
  Lat/Lon/Alt/Course: 53.425369 / 6.720293 / 4.4 m / 138.9 deg
--- Virtual Terminal ---
  Connected:    Y
  State:        21/22  Connected
  VT version:  4
  VT status msgs: 1316   last 219 ms ago
  Partner: addr=0x26 valid=Y  reconnect attempts=0
--- Task Controller ---
  Connected:    Y
  TC-GEO (with/without pos): Y/Y
  Task active:  Y
  DRP deviation (DDI 513): 0 mm, last 1335203 ms ago
  GNSS quality (DDI 514):  0, last 1335203 ms ago
  Value commands (any DDI): 7  last DDI=515 (1179148 ms ago)
  Value requests (any DDI): 29735389
  Partner: addr=0xF7 valid=Y  reconnect attempts=0
  Tramline setpoint (DDI 506): 1  -> terminal DOES implement Tramline Control (1287154 ms ago)
  Guidance track (DDI 507-511): (none yet)
=== ISOBUS DEBUG MENU ===
1. Full status dump
2. Periodic summary line (OFF - press to toggle)
3. Reset message counters
4. Dump DDOP as hex (open in AgIsoDDOPGenerator)
5. Dump VT object pool as hex
q. Exit

# 12:16:14.497
=== ISOBUS STATUS ===
Address claim: CLAIMED  address=0x81
Bus load (ch0): 22.5 %
--- Message counters ---
  PGN 129025 Position NMEA2000: 0
  PGN 129026 Speed NMEA2000:    0
  PGN 129283 XTE NMEA2000:      0
  PGN 65267  Position legacy:   6516
  PGN 65256  Speed legacy:      6516   last SA=0x1C raw=0x29
  PGN 65535  XTE JD legacy:     140378   last SA=0xF0 word=0x0 byte1=0x0
             full payload:     0000000000000000  (5 ms ago)
  PGN 60160  XTE Trimble legacy:92   last SA=0x1C
  PGN 64770  AISO stop:         1315   last 1336253 ms ago
  TOTAL:                        154817
--- Guidance telemetry ---
  XTE:          0.05 m
  Speed:        0.08 m/s (0.16 kn)
  Quality:      4   RTK quality=4  IsRtkQuality=Y
  GGA fix age:  27 ms
  VTG fix age:  24 ms
  XTE fix age:  7 ms
  Lat/Lon/Alt/Course: 53.425369 / 6.720294 / 4.4 m / 138.8 deg
--- Virtual Terminal ---
  Connected:    Y
  State:        21/22  Connected
  VT version:  4
  VT status msgs: 1317   last 270 ms ago
  Partner: addr=0x26 valid=Y  reconnect attempts=0
--- Task Controller ---
  Connected:    Y
  TC-GEO (with/without pos): Y/Y
  Task active:  Y
  DRP deviation (DDI 513): 0 mm, last 1336253 ms ago
  GNSS quality (DDI 514):  0, last 1336253 ms ago
  Value commands (any DDI): 7  last DDI=515 (1180198 ms ago)
  Value requests (any DDI): 29759514
  Partner: addr=0xF7 valid=Y  reconnect attempts=0
  Tramline setpoint (DDI 506): 1  -> terminal DOES implement Tramline Control (1288204 ms ago)
  Guidance track (DDI 507-511): (none yet)
=== ISOBUS DEBUG MENU ===
1. Full status dump
2. Periodic summary line (OFF - press to toggle)
3. Reset message counters
4. Dump DDOP as hex (open in AgIsoDDOPGenerator)
5. Dump VT object pool as hex
q. Exit

# 12:16:15.518
=== ISOBUS STATUS ===
Address claim: CLAIMED  address=0x81
Bus load (ch0): 21.3 %
--- Message counters ---
  PGN 129025 Position NMEA2000: 0
  PGN 129026 Speed NMEA2000:    0
  PGN 129283 XTE NMEA2000:      0
  PGN 65267  Position legacy:   6521
  PGN 65256  Speed legacy:      6521   last SA=0x1C raw=0x2A
  PGN 65535  XTE JD legacy:     140486   last SA=0xF0 word=0x0 byte1=0x0
             full payload:     0000000000000000  (15 ms ago)
  PGN 60160  XTE Trimble legacy:92   last SA=0x1C
  PGN 64770  AISO stop:         1316   last 1337283 ms ago
  TOTAL:                        154936
--- Guidance telemetry ---
  XTE:          0.01 m
  Speed:        0.08 m/s (0.16 kn)
  Quality:      4   RTK quality=4  IsRtkQuality=Y
  GGA fix age:  57 ms
  VTG fix age:  54 ms
  XTE fix age:  41 ms
  Lat/Lon/Alt/Course: 53.425369 / 6.720293 / 4.4 m / 138.9 deg
--- Virtual Terminal ---
  Connected:    Y
  State:        21/22  Connected
  VT version:  4
  VT status msgs: 1318   last 299 ms ago
  Partner: addr=0x26 valid=Y  reconnect attempts=0
--- Task Controller ---
  Connected:    Y
  TC-GEO (with/without pos): Y/Y
  Task active:  Y
  DRP deviation (DDI 513): 0 mm, last 1337283 ms ago
  GNSS quality (DDI 514):  0, last 1337283 ms ago
  Value commands (any DDI): 7  last DDI=515 (1181228 ms ago)
  Value requests (any DDI): 29783170
  Partner: addr=0xF7 valid=Y  reconnect attempts=0
  Tramline setpoint (DDI 506): 1  -> terminal DOES implement Tramline Control (1289234 ms ago)
  Guidance track (DDI 507-511): (none yet)
=== ISOBUS DEBUG MENU ===
1. Full status dump
2. Periodic summary line (OFF - press to toggle)
3. Reset message counters
4. Dump DDOP as hex (open in AgIsoDDOPGenerator)
5. Dump VT object pool as hex
q. Exit

# 12:16:16.549
=== ISOBUS STATUS ===
Address claim: CLAIMED  address=0x81
Bus load (ch0): 22.7 %
--- Message counters ---
  PGN 129025 Position NMEA2000: 0
  PGN 129026 Speed NMEA2000:    0
  PGN 129283 XTE NMEA2000:      0
  PGN 65267  Position legacy:   6526
  PGN 65256  Speed legacy:      6526   last SA=0x1C raw=0x3
  PGN 65535  XTE JD legacy:     140596   last SA=0xF0 word=0x0 byte1=0x0
             full payload:     0000000000000000  (10 ms ago)
  PGN 60160  XTE Trimble legacy:92   last SA=0x1C
  PGN 64770  AISO stop:         1317   last 1338305 ms ago
  TOTAL:                        155057
--- Guidance telemetry ---
  XTE:          -0.01 m
  Speed:        0.01 m/s (0.01 kn)
  Quality:      4   RTK quality=4  IsRtkQuality=Y
  GGA fix age:  79 ms
  VTG fix age:  76 ms
  XTE fix age:  64 ms
  Lat/Lon/Alt/Course: 53.425369 / 6.720293 / 4.4 m / 138.9 deg
--- Virtual Terminal ---
  Connected:    Y
  State:        21/22  Connected
  VT version:  4
  VT status msgs: 1319   last 322 ms ago
  Partner: addr=0x26 valid=Y  reconnect attempts=0
--- Task Controller ---
  Connected:    Y
  TC-GEO (with/without pos): Y/Y
  Task active:  Y
  DRP deviation (DDI 513): 0 mm, last 1338305 ms ago
  GNSS quality (DDI 514):  0, last 1338305 ms ago
  Value commands (any DDI): 7  last DDI=515 (1182250 ms ago)
  Value requests (any DDI): 29806601
  Partner: addr=0xF7 valid=Y  reconnect attempts=0
  Tramline setpoint (DDI 506): 1  -> terminal DOES implement Tramline Control (1290256 ms ago)
  Guidance track (DDI 507-511): (none yet)
=== ISOBUS DEBUG MENU ===
1. Full status dump
2. Periodic summary line (OFF - press to toggle)
3. Reset message counters
4. Dump DDOP as hex (open in AgIsoDDOPGenerator)
5. Dump VT object pool as hex
q. Exit

# 12:16:17.576
=== ISOBUS STATUS ===
Address claim: CLAIMED  address=0x81
Bus load (ch0): 21.9 %
--- Message counters ---
  PGN 129025 Position NMEA2000: 0
  PGN 129026 Speed NMEA2000:    0
  PGN 129283 XTE NMEA2000:      0
  PGN 65267  Position legacy:   6531
  PGN 65256  Speed legacy:      6531   last SA=0x1C raw=0x4
  PGN 65535  XTE JD legacy:     140707   last SA=0xF0 word=0x0 byte1=0x0
             full payload:     0000000000000000  (5 ms ago)
  PGN 60160  XTE Trimble legacy:92   last SA=0x1C
  PGN 64770  AISO stop:         1318   last 1339334 ms ago
  TOTAL:                        155179
--- Guidance telemetry ---
  XTE:          -0.01 m
  Speed:        0.01 m/s (0.02 kn)
  Quality:      4   RTK quality=4  IsRtkQuality=Y
  GGA fix age:  108 ms
  VTG fix age:  105 ms
  XTE fix age:  93 ms
  Lat/Lon/Alt/Course: 53.425369 / 6.720293 / 4.4 m / 138.9 deg
--- Virtual Terminal ---
  Connected:    Y
  State:        21/22  Connected
  VT version:  4
  VT status msgs: 1320   last 350 ms ago
  Partner: addr=0x26 valid=Y  reconnect attempts=0
--- Task Controller ---
  Connected:    Y
  TC-GEO (with/without pos): Y/Y
  Task active:  Y
  DRP deviation (DDI 513): 0 mm, last 1339334 ms ago
  GNSS quality (DDI 514):  0, last 1339334 ms ago
  Value commands (any DDI): 7  last DDI=515 (1183279 ms ago)
  Value requests (any DDI): 29830363
  Partner: addr=0xF7 valid=Y  reconnect attempts=0
  Tramline setpoint (DDI 506): 1  -> terminal DOES implement Tramline Control (1291285 ms ago)
  Guidance track (DDI 507-511): (none yet)
=== ISOBUS DEBUG MENU ===
1. Full status dump
2. Periodic summary line (OFF - press to toggle)
3. Reset message counters
4. Dump DDOP as hex (open in AgIsoDDOPGenerator)
5. Dump VT object pool as hex
q. Exit

# 12:16:18.625
=== ISOBUS STATUS ===
Address claim: CLAIMED  address=0x81
Bus load (ch0): 21.1 %
--- Message counters ---
  PGN 129025 Position NMEA2000: 0
  PGN 129026 Speed NMEA2000:    0
  PGN 129283 XTE NMEA2000:      0
  PGN 65267  Position legacy:   6536
  PGN 65256  Speed legacy:      6536   last SA=0x1C raw=0x2
  PGN 65535  XTE JD legacy:     140815   last SA=0xF0 word=0x0 byte1=0x0
             full payload:     0000000000000000  (12 ms ago)
  PGN 60160  XTE Trimble legacy:92   last SA=0x1C
  PGN 64770  AISO stop:         1319   last 1340360 ms ago
  TOTAL:                        155298
--- Guidance telemetry ---
  XTE:          -0.01 m
  Speed:        0.00 m/s (0.01 kn)
  Quality:      4   RTK quality=4  IsRtkQuality=Y
  GGA fix age:  134 ms
  VTG fix age:  131 ms
  XTE fix age:  119 ms
  Lat/Lon/Alt/Course: 53.425369 / 6.720293 / 4.4 m / 138.9 deg
--- Virtual Terminal ---
  Connected:    Y
  State:        21/22  Connected
  VT version:  4
  VT status msgs: 1321   last 377 ms ago
  Partner: addr=0x26 valid=Y  reconnect attempts=0
--- Task Controller ---
  Connected:    Y
  TC-GEO (with/without pos): Y/Y
  Task active:  Y
  DRP deviation (DDI 513): 0 mm, last 1340360 ms ago
  GNSS quality (DDI 514):  0, last 1340360 ms ago
  Value commands (any DDI): 7  last DDI=515 (1184305 ms ago)
  Value requests (any DDI): 29854046
  Partner: addr=0xF7 valid=Y  reconnect attempts=0
  Tramline setpoint (DDI 506): 1  -> terminal DOES implement Tramline Control (1292311 ms ago)
  Guidance track (DDI 507-511): (none yet)
=== ISOBUS DEBUG MENU ===
1. Full status dump
2. Periodic summary line (OFF - press to toggle)
3. Reset message counters
4. Dump DDOP as hex (open in AgIsoDDOPGenerator)
5. Dump VT object pool as hex
q. Exit

# 12:16:19.685
=== ISOBUS STATUS ===
Address claim: CLAIMED  address=0x81
Bus load (ch0): 22.0 %
--- Message counters ---
  PGN 129025 Position NMEA2000: 0
  PGN 129026 Speed NMEA2000:    0
  PGN 129283 XTE NMEA2000:      0
  PGN 65267  Position legacy:   6541
  PGN 65256  Speed legacy:      6541   last SA=0x1C raw=0x2
  PGN 65535  XTE JD legacy:     140924   last SA=0xF0 word=0x0 byte1=0x0
             full payload:     0000000000000000  (19 ms ago)
  PGN 60160  XTE Trimble legacy:95   last SA=0x1C
  PGN 64770  AISO stop:         1320   last 1341409 ms ago
  TOTAL:                        155421
--- Guidance telemetry ---
  XTE:          -0.01 m
  Speed:        0.00 m/s (0.01 kn)
  Quality:      4   RTK quality=4  IsRtkQuality=Y
  GGA fix age:  183 ms
  VTG fix age:  180 ms
  XTE fix age:  168 ms
  Lat/Lon/Alt/Course: 53.425369 / 6.720293 / 4.4 m / 138.9 deg
--- Virtual Terminal ---
  Connected:    Y
  State:        21/22  Connected
  VT version:  4
  VT status msgs: 1322   last 426 ms ago
  Partner: addr=0x26 valid=Y  reconnect attempts=0
--- Task Controller ---
  Connected:    Y
  TC-GEO (with/without pos): Y/Y
  Task active:  Y
  DRP deviation (DDI 513): 0 mm, last 1341409 ms ago
  GNSS quality (DDI 514):  0, last 1341409 ms ago
  Value commands (any DDI): 7  last DDI=515 (1185354 ms ago)
  Value requests (any DDI): 29878146
  Partner: addr=0xF7 valid=Y  reconnect attempts=0
  Tramline setpoint (DDI 506): 1  -> terminal DOES implement Tramline Control (1293360 ms ago)
  Guidance track (DDI 507-511): (none yet)
=== ISOBUS DEBUG MENU ===
1. Full status dump
2. Periodic summary line (OFF - press to toggle)
3. Reset message counters
4. Dump DDOP as hex (open in AgIsoDDOPGenerator)
5. Dump VT object pool as hex
q. Exit

# 12:16:20.710
=== ISOBUS STATUS ===
Address claim: CLAIMED  address=0x81
Bus load (ch0): 21.4 %
--- Message counters ---
  PGN 129025 Position NMEA2000: 0
  PGN 129026 Speed NMEA2000:    0
  PGN 129283 XTE NMEA2000:      0
  PGN 65267  Position legacy:   6547
  PGN 65256  Speed legacy:      6547   last SA=0x1C raw=0x1
  PGN 65535  XTE JD legacy:     141043   last SA=0xF0 word=0x0 byte1=0x0
             full payload:     0000000000000000  (1 ms ago)
  PGN 60160  XTE Trimble legacy:95   last SA=0x1C
  PGN 64770  AISO stop:         1322   last 1342469 ms ago
  TOTAL:                        155554
--- Guidance telemetry ---
  XTE:          -0.01 m
  Speed:        0.00 m/s (0.00 kn)
  Quality:      4   RTK quality=4  IsRtkQuality=Y
  GGA fix age:  42 ms
  VTG fix age:  40 ms
  XTE fix age:  27 ms
  Lat/Lon/Alt/Course: 53.425369 / 6.720293 / 4.4 m / 138.9 deg
--- Virtual Terminal ---
  Connected:    Y
  State:        21/22  Connected
  VT version:  4
  VT status msgs: 1323   last 485 ms ago
  Partner: addr=0x26 valid=Y  reconnect attempts=0
--- Task Controller ---
  Connected:    Y
  TC-GEO (with/without pos): Y/Y
  Task active:  Y
  DRP deviation (DDI 513): 0 mm, last 1342469 ms ago
  GNSS quality (DDI 514):  0, last 1342469 ms ago
  Value commands (any DDI): 7  last DDI=515 (1186414 ms ago)
  Value requests (any DDI): 29902639
  Partner: addr=0xF7 valid=Y  reconnect attempts=0
  Tramline setpoint (DDI 506): 1  -> terminal DOES implement Tramline Control (1294420 ms ago)
  Guidance track (DDI 507-511): (none yet)
=== ISOBUS DEBUG MENU ===
1. Full status dump
2. Periodic summary line (OFF - press to toggle)
3. Reset message counters
4. Dump DDOP as hex (open in AgIsoDDOPGenerator)
5. Dump VT object pool as hex
q. Exit

# 12:16:21.722
=== ISOBUS STATUS ===
Address claim: CLAIMED  address=0x81
Bus load (ch0): 22.0 %
--- Message counters ---
  PGN 129025 Position NMEA2000: 0
  PGN 129026 Speed NMEA2000:    0
  PGN 129283 XTE NMEA2000:      0
  PGN 65267  Position legacy:   6552
  PGN 65256  Speed legacy:      6552   last SA=0x1C raw=0x1
  PGN 65535  XTE JD legacy:     141152   last SA=0xF0 word=0x0 byte1=0x0
             full payload:     0000000000000000  (7 ms ago)
  PGN 60160  XTE Trimble legacy:95   last SA=0x1C
  PGN 64770  AISO stop:         1323   last 1343497 ms ago
  TOTAL:                        155674
--- Guidance telemetry ---
  XTE:          -0.01 m
  Speed:        0.00 m/s (0.00 kn)
  Quality:      4   RTK quality=4  IsRtkQuality=Y
  GGA fix age:  70 ms
  VTG fix age:  68 ms
  XTE fix age:  56 ms
  Lat/Lon/Alt/Course: 53.425369 / 6.720293 / 4.4 m / 138.9 deg
--- Virtual Terminal ---
  Connected:    Y
  State:        21/22  Connected
  VT version:  4
  VT status msgs: 1324   last 514 ms ago
  Partner: addr=0x26 valid=Y  reconnect attempts=0
--- Task Controller ---
  Connected:    Y
  TC-GEO (with/without pos): Y/Y
  Task active:  Y
  DRP deviation (DDI 513): 0 mm, last 1343497 ms ago
  GNSS quality (DDI 514):  0, last 1343497 ms ago
  Value commands (any DDI): 7  last DDI=515 (1187442 ms ago)
  Value requests (any DDI): 29926370
  Partner: addr=0xF7 valid=Y  reconnect attempts=0
  Tramline setpoint (DDI 506): 1  -> terminal DOES implement Tramline Control (1295448 ms ago)
  Guidance track (DDI 507-511): (none yet)
=== ISOBUS DEBUG MENU ===
1. Full status dump
2. Periodic summary line (OFF - press to toggle)
3. Reset message counters
4. Dump DDOP as hex (open in AgIsoDDOPGenerator)
5. Dump VT object pool as hex
q. Exit

# 12:16:22.748
=== ISOBUS STATUS ===
Address claim: CLAIMED  address=0x81
Bus load (ch0): 22.0 %
--- Message counters ---
  PGN 129025 Position NMEA2000: 0
  PGN 129026 Speed NMEA2000:    0
  PGN 129283 XTE NMEA2000:      0
  PGN 65267  Position legacy:   6557
  PGN 65256  Speed legacy:      6557   last SA=0x1C raw=0x0
  PGN 65535  XTE JD legacy:     141259   last SA=0xF0 word=0x0 byte1=0x0
             full payload:     0000000000000000  (15 ms ago)
  PGN 60160  XTE Trimble legacy:95   last SA=0x1C
  PGN 64770  AISO stop:         1324   last 1344505 ms ago
  TOTAL:                        155792
--- Guidance telemetry ---
  XTE:          -0.01 m
  Speed:        0.00 m/s (0.00 kn)
  Quality:      4   RTK quality=4  IsRtkQuality=Y
  GGA fix age:  78 ms
  VTG fix age:  76 ms
  XTE fix age:  63 ms
  Lat/Lon/Alt/Course: 53.425369 / 6.720293 / 4.4 m / 138.9 deg
--- Virtual Terminal ---
  Connected:    Y
  State:        21/22  Connected
  VT version:  4
  VT status msgs: 1325   last 521 ms ago
  Partner: addr=0x26 valid=Y  reconnect attempts=0
--- Task Controller ---
  Connected:    Y
  TC-GEO (with/without pos): Y/Y
  Task active:  Y
  DRP deviation (DDI 513): 0 mm, last 1344505 ms ago
  GNSS quality (DDI 514):  0, last 1344505 ms ago
  Value commands (any DDI): 7  last DDI=515 (1188450 ms ago)
  Value requests (any DDI): 29949651
  Partner: addr=0xF7 valid=Y  reconnect attempts=0
  Tramline setpoint (DDI 506): 1  -> terminal DOES implement Tramline Control (1296456 ms ago)
  Guidance track (DDI 507-511): (none yet)
=== ISOBUS DEBUG MENU ===
1. Full status dump
2. Periodic summary line (OFF - press to toggle)
3. Reset message counters
4. Dump DDOP as hex (open in AgIsoDDOPGenerator)
5. Dump VT object pool as hex
q. Exit

# 12:16:23.781
=== ISOBUS STATUS ===
Address claim: CLAIMED  address=0x81
Bus load (ch0): 21.3 %
--- Message counters ---
  PGN 129025 Position NMEA2000: 0
  PGN 129026 Speed NMEA2000:    0
  PGN 129283 XTE NMEA2000:      0
  PGN 65267  Position legacy:   6562
  PGN 65256  Speed legacy:      6562   last SA=0x1C raw=0x1
  PGN 65535  XTE JD legacy:     141368   last SA=0xF0 word=0x0 byte1=0x0
             full payload:     0000000000000000  (8 ms ago)
  PGN 60160  XTE Trimble legacy:95   last SA=0x1C
  PGN 64770  AISO stop:         1325   last 1345536 ms ago
  TOTAL:                        155912
--- Guidance telemetry ---
  XTE:          -0.01 m
  Speed:        0.00 m/s (0.00 kn)
  Quality:      4   RTK quality=4  IsRtkQuality=Y
  GGA fix age:  109 ms
  VTG fix age:  107 ms
  XTE fix age:  95 ms
  Lat/Lon/Alt/Course: 53.425369 / 6.720293 / 4.4 m / 138.9 deg
--- Virtual Terminal ---
  Connected:    Y
  State:        21/22  Connected
  VT version:  4
  VT status msgs: 1326   last 553 ms ago
  Partner: addr=0x26 valid=Y  reconnect attempts=0
--- Task Controller ---
  Connected:    Y
  TC-GEO (with/without pos): Y/Y
  Task active:  Y
  DRP deviation (DDI 513): 0 mm, last 1345536 ms ago
  GNSS quality (DDI 514):  0, last 1345536 ms ago
  Value commands (any DDI): 7  last DDI=515 (1189481 ms ago)
  Value requests (any DDI): 29973448
  Partner: addr=0xF7 valid=Y  reconnect attempts=0
  Tramline setpoint (DDI 506): 1  -> terminal DOES implement Tramline Control (1297487 ms ago)
  Guidance track (DDI 507-511): (none yet)
=== ISOBUS DEBUG MENU ===
1. Full status dump
2. Periodic summary line (OFF - press to toggle)
3. Reset message counters
4. Dump DDOP as hex (open in AgIsoDDOPGenerator)
5. Dump VT object pool as hex
q. Exit

# 12:16:24.805
=== ISOBUS STATUS ===
Address claim: CLAIMED  address=0x81
Bus load (ch0): 21.5 %
--- Message counters ---
  PGN 129025 Position NMEA2000: 0
  PGN 129026 Speed NMEA2000:    0
  PGN 129283 XTE NMEA2000:      0
  PGN 65267  Position legacy:   6567
  PGN 65256  Speed legacy:      6567   last SA=0x1C raw=0x2
  PGN 65535  XTE JD legacy:     141476   last SA=0xF0 word=0x0 byte1=0x0
             full payload:     0000000000000000  (16 ms ago)
  PGN 60160  XTE Trimble legacy:95   last SA=0x1C
  PGN 64770  AISO stop:         1326   last 1346564 ms ago
  TOTAL:                        156031
--- Guidance telemetry ---
  XTE:          -0.01 m
  Speed:        0.00 m/s (0.01 kn)
  Quality:      4   RTK quality=4  IsRtkQuality=Y
  GGA fix age:  137 ms
  VTG fix age:  135 ms
  XTE fix age:  122 ms
  Lat/Lon/Alt/Course: 53.425369 / 6.720293 / 4.4 m / 138.9 deg
--- Virtual Terminal ---
  Connected:    Y
  State:        21/22  Connected
  VT version:  4
  VT status msgs: 1327   last 580 ms ago
  Partner: addr=0x26 valid=Y  reconnect attempts=0
--- Task Controller ---
  Connected:    Y
  TC-GEO (with/without pos): Y/Y
  Task active:  Y
  DRP deviation (DDI 513): 0 mm, last 1346564 ms ago
  GNSS quality (DDI 514):  0, last 1346564 ms ago
  Value commands (any DDI): 7  last DDI=515 (1190509 ms ago)
  Value requests (any DDI): 29997194
  Partner: addr=0xF7 valid=Y  reconnect attempts=0
  Tramline setpoint (DDI 506): 1  -> terminal DOES implement Tramline Control (1298515 ms ago)
  Guidance track (DDI 507-511): (none yet)
=== ISOBUS DEBUG MENU ===
1. Full status dump
2. Periodic summary line (OFF - press to toggle)
3. Reset message counters
4. Dump DDOP as hex (open in AgIsoDDOPGenerator)
5. Dump VT object pool as hex
q. Exit

# 12:16:25.848
=== ISOBUS STATUS ===
Address claim: CLAIMED  address=0x81
Bus load (ch0): 21.4 %
--- Message counters ---
  PGN 129025 Position NMEA2000: 0
  PGN 129026 Speed NMEA2000:    0
  PGN 129283 XTE NMEA2000:      0
  PGN 65267  Position legacy:   6572
  PGN 65256  Speed legacy:      6572   last SA=0x1C raw=0x2
  PGN 65535  XTE JD legacy:     141585   last SA=0xF0 word=0x0 byte1=0x0
             full payload:     0000000000000000  (19 ms ago)
  PGN 60160  XTE Trimble legacy:95   last SA=0x1C
  PGN 64770  AISO stop:         1327   last 1347587 ms ago
  TOTAL:                        156151
--- Guidance telemetry ---
  XTE:          -0.01 m
  Speed:        0.00 m/s (0.01 kn)
  Quality:      4   RTK quality=4  IsRtkQuality=Y
  GGA fix age:  161 ms
  VTG fix age:  157 ms
  XTE fix age:  146 ms
  Lat/Lon/Alt/Course: 53.425369 / 6.720293 / 4.4 m / 138.9 deg
--- Virtual Terminal ---
  Connected:    Y
  State:        21/22  Connected
  VT version:  4
  VT status msgs: 1328   last 604 ms ago
  Partner: addr=0x26 valid=Y  reconnect attempts=0
--- Task Controller ---
  Connected:    Y
  TC-GEO (with/without pos): Y/Y
  Task active:  Y
  DRP deviation (DDI 513): 0 mm, last 1347587 ms ago
  GNSS quality (DDI 514):  0, last 1347587 ms ago
  Value commands (any DDI): 7  last DDI=515 (1191532 ms ago)
  Value requests (any DDI): 30020816
  Partner: addr=0xF7 valid=Y  reconnect attempts=0
  Tramline setpoint (DDI 506): 1  -> terminal DOES implement Tramline Control (1299538 ms ago)
  Guidance track (DDI 507-511): (none yet)
=== ISOBUS DEBUG MENU ===
1. Full status dump
2. Periodic summary line (OFF - press to toggle)
3. Reset message counters
4. Dump DDOP as hex (open in AgIsoDDOPGenerator)
5. Dump VT object pool as hex
q. Exit

# 12:16:26.880
=== ISOBUS STATUS ===
Address claim: CLAIMED  address=0x81
Bus load (ch0): 22.3 %
--- Message counters ---
  PGN 129025 Position NMEA2000: 0
  PGN 129026 Speed NMEA2000:    0
  PGN 129283 XTE NMEA2000:      0
  PGN 65267  Position legacy:   6578
  PGN 65256  Speed legacy:      6578   last SA=0x1C raw=0x0
  PGN 65535  XTE JD legacy:     141704   last SA=0xF0 word=0x0 byte1=0x0
             full payload:     0000000000000000  (4 ms ago)
  PGN 60160  XTE Trimble legacy:95   last SA=0x1C
  PGN 64770  AISO stop:         1328   last 1348652 ms ago
  TOTAL:                        156283
--- Guidance telemetry ---
  XTE:          -0.01 m
  Speed:        0.00 m/s (0.00 kn)
  Quality:      4   RTK quality=4  IsRtkQuality=Y
  GGA fix age:  25 ms
  VTG fix age:  23 ms
  XTE fix age:  11 ms
  Lat/Lon/Alt/Course: 53.425369 / 6.720293 / 4.4 m / 138.9 deg
--- Virtual Terminal ---
  Connected:    Y
  State:        21/22  Connected
  VT version:  4
  VT status msgs: 1329   last 668 ms ago
  Partner: addr=0x26 valid=Y  reconnect attempts=0
--- Task Controller ---
  Connected:    Y
  TC-GEO (with/without pos): Y/Y
  Task active:  Y
  DRP deviation (DDI 513): 0 mm, last 1348652 ms ago
  GNSS quality (DDI 514):  0, last 1348652 ms ago
  Value commands (any DDI): 7  last DDI=515 (1192597 ms ago)
  Value requests (any DDI): 30045404
  Partner: addr=0xF7 valid=Y  reconnect attempts=0
  Tramline setpoint (DDI 506): 1  -> terminal DOES implement Tramline Control (1300603 ms ago)
  Guidance track (DDI 507-511): (none yet)
=== ISOBUS DEBUG MENU ===
1. Full status dump
2. Periodic summary line (OFF - press to toggle)
3. Reset message counters
4. Dump DDOP as hex (open in AgIsoDDOPGenerator)
5. Dump VT object pool as hex
q. Exit

# 12:16:27.890
=== ISOBUS STATUS ===
Address claim: CLAIMED  address=0x81
Bus load (ch0): 21.8 %
--- Message counters ---
  PGN 129025 Position NMEA2000: 0
  PGN 129026 Speed NMEA2000:    0
  PGN 129283 XTE NMEA2000:      0
  PGN 65267  Position legacy:   6583
  PGN 65256  Speed legacy:      6583   last SA=0x1C raw=0x2
  PGN 65535  XTE JD legacy:     141811   last SA=0xF0 word=0x0 byte1=0x0
             full payload:     0000000000000000  (18 ms ago)
  PGN 60160  XTE Trimble legacy:95   last SA=0x1C
  PGN 64770  AISO stop:         1329   last 1349666 ms ago
  TOTAL:                        156401
--- Guidance telemetry ---
  XTE:          -0.01 m
  Speed:        0.00 m/s (0.01 kn)
  Quality:      4   RTK quality=4  IsRtkQuality=Y
  GGA fix age:  40 ms
  VTG fix age:  37 ms
  XTE fix age:  24 ms
  Lat/Lon/Alt/Course: 53.425369 / 6.720293 / 4.4 m / 138.9 deg
--- Virtual Terminal ---
  Connected:    Y
  State:        21/22  Connected
  VT version:  4
  VT status msgs: 1330   last 683 ms ago
  Partner: addr=0x26 valid=Y  reconnect attempts=0
--- Task Controller ---
  Connected:    Y
  TC-GEO (with/without pos): Y/Y
  Task active:  Y
  DRP deviation (DDI 513): 0 mm, last 1349666 ms ago
  GNSS quality (DDI 514):  0, last 1349666 ms ago
  Value commands (any DDI): 7  last DDI=515 (1193611 ms ago)
  Value requests (any DDI): 30068803
  Partner: addr=0xF7 valid=Y  reconnect attempts=0
  Tramline setpoint (DDI 506): 1  -> terminal DOES implement Tramline Control (1301617 ms ago)
  Guidance track (DDI 507-511): (none yet)
=== ISOBUS DEBUG MENU ===
1. Full status dump
2. Periodic summary line (OFF - press to toggle)
3. Reset message counters
4. Dump DDOP as hex (open in AgIsoDDOPGenerator)
5. Dump VT object pool as hex
q. Exit

# 12:16:28.970
=== ISOBUS STATUS ===
Address claim: CLAIMED  address=0x81
Bus load (ch0): 21.4 %
--- Message counters ---
  PGN 129025 Position NMEA2000: 0
  PGN 129026 Speed NMEA2000:    0
  PGN 129283 XTE NMEA2000:      0
  PGN 65267  Position legacy:   6588
  PGN 65256  Speed legacy:      6588   last SA=0x1C raw=0x1
  PGN 65535  XTE JD legacy:     141919   last SA=0xF0 word=0x0 byte1=0x0
             full payload:     0000000000000000  (13 ms ago)
  PGN 60160  XTE Trimble legacy:95   last SA=0x1C
  PGN 64770  AISO stop:         1330   last 1350681 ms ago
  TOTAL:                        156520
--- Guidance telemetry ---
  XTE:          -0.01 m
  Speed:        0.00 m/s (0.00 kn)
  Quality:      4   RTK quality=4  IsRtkQuality=Y
  GGA fix age:  55 ms
  VTG fix age:  52 ms
  XTE fix age:  39 ms
  Lat/Lon/Alt/Course: 53.425369 / 6.720293 / 4.4 m / 138.9 deg
--- Virtual Terminal ---
  Connected:    Y
  State:        21/22  Connected
  VT version:  4
  VT status msgs: 1331   last 697 ms ago
  Partner: addr=0x26 valid=Y  reconnect attempts=0
--- Task Controller ---
  Connected:    Y
  TC-GEO (with/without pos): Y/Y
  Task active:  Y
  DRP deviation (DDI 513): 0 mm, last 1350681 ms ago
  GNSS quality (DDI 514):  0, last 1350681 ms ago
  Value commands (any DDI): 7  last DDI=515 (1194626 ms ago)
  Value requests (any DDI): 30092238
  Partner: addr=0xF7 valid=Y  reconnect attempts=0
  Tramline setpoint (DDI 506): 1  -> terminal DOES implement Tramline Control (1302632 ms ago)
  Guidance track (DDI 507-511): (none yet)
=== ISOBUS DEBUG MENU ===
1. Full status dump
2. Periodic summary line (OFF - press to toggle)
3. Reset message counters
4. Dump DDOP as hex (open in AgIsoDDOPGenerator)
5. Dump VT object pool as hex
q. Exit

# 12:16:30.041
=== ISOBUS STATUS ===
Address claim: CLAIMED  address=0x81
Bus load (ch0): 21.1 %
--- Message counters ---
  PGN 129025 Position NMEA2000: 0
  PGN 129026 Speed NMEA2000:    0
  PGN 129283 XTE NMEA2000:      0
  PGN 65267  Position legacy:   6593
  PGN 65256  Speed legacy:      6593   last SA=0x1C raw=0x1
  PGN 65535  XTE JD legacy:     142033   last SA=0xF0 word=0x0 byte1=0x0
             full payload:     0000000000000000  (2 ms ago)
  PGN 60160  XTE Trimble legacy:95   last SA=0x1C
  PGN 64770  AISO stop:         1331   last 1351754 ms ago
  TOTAL:                        156645
--- Guidance telemetry ---
  XTE:          -0.01 m
  Speed:        0.00 m/s (0.00 kn)
  Quality:      4   RTK quality=4  IsRtkQuality=Y
  GGA fix age:  128 ms
  VTG fix age:  125 ms
  XTE fix age:  112 ms
  Lat/Lon/Alt/Course: 53.425369 / 6.720293 / 4.4 m / 138.9 deg
--- Virtual Terminal ---
  Connected:    Y
  State:        21/22  Connected
  VT version:  4
  VT status msgs: 1332   last 771 ms ago
  Partner: addr=0x26 valid=Y  reconnect attempts=0
--- Task Controller ---
  Connected:    Y
  TC-GEO (with/without pos): Y/Y
  Task active:  Y
  DRP deviation (DDI 513): 0 mm, last 1351754 ms ago
  GNSS quality (DDI 514):  0, last 1351754 ms ago
  Value commands (any DDI): 7  last DDI=515 (1195699 ms ago)
  Value requests (any DDI): 30117028
  Partner: addr=0xF7 valid=Y  reconnect attempts=0
  Tramline setpoint (DDI 506): 1  -> terminal DOES implement Tramline Control (1303705 ms ago)
  Guidance track (DDI 507-511): (none yet)
=== ISOBUS DEBUG MENU ===
1. Full status dump
2. Periodic summary line (OFF - press to toggle)
3. Reset message counters
4. Dump DDOP as hex (open in AgIsoDDOPGenerator)
5. Dump VT object pool as hex
q. Exit

# 12:16:31.065
=== ISOBUS STATUS ===
Address claim: CLAIMED  address=0x81
Bus load (ch0): 21.4 %
--- Message counters ---
  PGN 129025 Position NMEA2000: 0
  PGN 129026 Speed NMEA2000:    0
  PGN 129283 XTE NMEA2000:      0
  PGN 65267  Position legacy:   6599
  PGN 65256  Speed legacy:      6599   last SA=0x1C raw=0x1
  PGN 65535  XTE JD legacy:     142145   last SA=0xF0 word=0x0 byte1=0x0
             full payload:     0000000000000000  (16 ms ago)
  PGN 60160  XTE Trimble legacy:95   last SA=0x1C
  PGN 64770  AISO stop:         1332   last 1352828 ms ago
  TOTAL:                        156770
--- Guidance telemetry ---
  XTE:          -0.01 m
  Speed:        0.00 m/s (0.00 kn)
  Quality:      4   RTK quality=4  IsRtkQuality=Y
  GGA fix age:  2 ms
  VTG fix age:  0 ms
  XTE fix age:  187 ms
  Lat/Lon/Alt/Course: 53.425369 / 6.720293 / 4.4 m / 138.9 deg
--- Virtual Terminal ---
  Connected:    Y
  State:        21/22  Connected
  VT version:  4
  VT status msgs: 1333   last 844 ms ago
  Partner: addr=0x26 valid=Y  reconnect attempts=0
--- Task Controller ---
  Connected:    Y
  TC-GEO (with/without pos): Y/Y
  Task active:  Y
  DRP deviation (DDI 513): 0 mm, last 1352828 ms ago
  GNSS quality (DDI 514):  0, last 1352828 ms ago
  Value commands (any DDI): 7  last DDI=515 (1196773 ms ago)
  Value requests (any DDI): 30141811
  Partner: addr=0xF7 valid=Y  reconnect attempts=0
  Tramline setpoint (DDI 506): 1  -> terminal DOES implement Tramline Control (1304779 ms ago)
  Guidance track (DDI 507-511): (none yet)
=== ISOBUS DEBUG MENU ===
1. Full status dump
2. Periodic summary line (OFF - press to toggle)
3. Reset message counters
4. Dump DDOP as hex (open in AgIsoDDOPGenerator)
5. Dump VT object pool as hex
q. Exit

# 12:16:32.096
=== ISOBUS STATUS ===
Address claim: CLAIMED  address=0x81
Bus load (ch0): 21.8 %
--- Message counters ---
  PGN 129025 Position NMEA2000: 0
  PGN 129026 Speed NMEA2000:    0
  PGN 129283 XTE NMEA2000:      0
  PGN 65267  Position legacy:   6604
  PGN 65256  Speed legacy:      6604   last SA=0x1C raw=0x2
  PGN 65535  XTE JD legacy:     142262   last SA=0xF0 word=0x0 byte1=0x0
             full payload:     0000000000000000  (0 ms ago)
  PGN 60160  XTE Trimble legacy:95   last SA=0x1C
  PGN 64770  AISO stop:         1333   last 1353848 ms ago
  TOTAL:                        156898
--- Guidance telemetry ---
  XTE:          -0.01 m
  Speed:        0.00 m/s (0.01 kn)
  Quality:      4   RTK quality=4  IsRtkQuality=Y
  GGA fix age:  22 ms
  VTG fix age:  19 ms
  XTE fix age:  6 ms
  Lat/Lon/Alt/Course: 53.425369 / 6.720293 / 4.4 m / 138.9 deg
--- Virtual Terminal ---
  Connected:    Y
  State:        21/22  Connected
  VT version:  4
  VT status msgs: 1334   last 865 ms ago
  Partner: addr=0x26 valid=Y  reconnect attempts=0
--- Task Controller ---
  Connected:    Y
  TC-GEO (with/without pos): Y/Y
  Task active:  Y
  DRP deviation (DDI 513): 0 mm, last 1353848 ms ago
  GNSS quality (DDI 514):  0, last 1353848 ms ago
  Value commands (any DDI): 7  last DDI=515 (1197793 ms ago)
  Value requests (any DDI): 30165383
  Partner: addr=0xF7 valid=Y  reconnect attempts=0
  Tramline setpoint (DDI 506): 1  -> terminal DOES implement Tramline Control (1305799 ms ago)
  Guidance track (DDI 507-511): (none yet)
=== ISOBUS DEBUG MENU ===
1. Full status dump
2. Periodic summary line (OFF - press to toggle)
3. Reset message counters
4. Dump DDOP as hex (open in AgIsoDDOPGenerator)
5. Dump VT object pool as hex
q. Exit

# 12:16:33.183
=== ISOBUS STATUS ===
Address claim: CLAIMED  address=0x81
Bus load (ch0): 21.8 %
--- Message counters ---
  PGN 129025 Position NMEA2000: 0
  PGN 129026 Speed NMEA2000:    0
  PGN 129283 XTE NMEA2000:      0
  PGN 65267  Position legacy:   6609
  PGN 65256  Speed legacy:      6609   last SA=0x1C raw=0x1
  PGN 65535  XTE JD legacy:     142370   last SA=0xF0 word=0x0 byte1=0x0
             full payload:     0000000000000000  (16 ms ago)
  PGN 60160  XTE Trimble legacy:95   last SA=0x1C
  PGN 64770  AISO stop:         1334   last 1354885 ms ago
  TOTAL:                        157017
--- Guidance telemetry ---
  XTE:          -0.01 m
  Speed:        0.00 m/s (0.00 kn)
  Quality:      4   RTK quality=4  IsRtkQuality=Y
  GGA fix age:  59 ms
  VTG fix age:  57 ms
  XTE fix age:  44 ms
  Lat/Lon/Alt/Course: 53.425369 / 6.720293 / 4.4 m / 138.9 deg
--- Virtual Terminal ---
  Connected:    Y
  State:        21/22  Connected
  VT version:  4
  VT status msgs: 1335   last 901 ms ago
  Partner: addr=0x26 valid=Y  reconnect attempts=0
--- Task Controller ---
  Connected:    Y
  TC-GEO (with/without pos): Y/Y
  Task active:  Y
  DRP deviation (DDI 513): 0 mm, last 1354885 ms ago
  GNSS quality (DDI 514):  0, last 1354885 ms ago
  Value commands (any DDI): 7  last DDI=515 (1198830 ms ago)
  Value requests (any DDI): 30189314
  Partner: addr=0xF7 valid=Y  reconnect attempts=0
  Tramline setpoint (DDI 506): 1  -> terminal DOES implement Tramline Control (1306836 ms ago)
  Guidance track (DDI 507-511): (none yet)
=== ISOBUS DEBUG MENU ===
1. Full status dump
2. Periodic summary line (OFF - press to toggle)
3. Reset message counters
4. Dump DDOP as hex (open in AgIsoDDOPGenerator)
5. Dump VT object pool as hex
q. Exit

# 12:16:34.230
=== ISOBUS STATUS ===
Address claim: CLAIMED  address=0x81
Bus load (ch0): 21.6 %
--- Message counters ---
  PGN 129025 Position NMEA2000: 0
  PGN 129026 Speed NMEA2000:    0
  PGN 129283 XTE NMEA2000:      0
  PGN 65267  Position legacy:   6614
  PGN 65256  Speed legacy:      6614   last SA=0x1C raw=0x3
  PGN 65535  XTE JD legacy:     142481   last SA=0xF0 word=0x0 byte1=0x0
             full payload:     0000000000000000  (19 ms ago)
  PGN 60160  XTE Trimble legacy:95   last SA=0x1C
  PGN 64770  AISO stop:         1335   last 1355968 ms ago
  TOTAL:                        157139
--- Guidance telemetry ---
  XTE:          -0.01 m
  Speed:        0.01 m/s (0.01 kn)
  Quality:      4   RTK quality=4  IsRtkQuality=Y
  GGA fix age:  142 ms
  VTG fix age:  140 ms
  XTE fix age:  127 ms
  Lat/Lon/Alt/Course: 53.425369 / 6.720293 / 4.4 m / 138.9 deg
--- Virtual Terminal ---
  Connected:    Y
  State:        21/22  Connected
  VT version:  4
  VT status msgs: 1336   last 985 ms ago
  Partner: addr=0x26 valid=Y  reconnect attempts=0
--- Task Controller ---
  Connected:    Y
  TC-GEO (with/without pos): Y/Y
  Task active:  Y
  DRP deviation (DDI 513): 0 mm, last 1355968 ms ago
  GNSS quality (DDI 514):  0, last 1355968 ms ago
  Value commands (any DDI): 7  last DDI=515 (1199913 ms ago)
  Value requests (any DDI): 30214318
  Partner: addr=0xF7 valid=Y  reconnect attempts=0
  Tramline setpoint (DDI 506): 1  -> terminal DOES implement Tramline Control (1307919 ms ago)
  Guidance track (DDI 507-511): (none yet)
=== ISOBUS DEBUG MENU ===
1. Full status dump
2. Periodic summary line (OFF - press to toggle)
3. Reset message counters
4. Dump DDOP as hex (open in AgIsoDDOPGenerator)
5. Dump VT object pool as hex
q. Exit

# 12:16:35.266
=== ISOBUS STATUS ===
Address claim: CLAIMED  address=0x81
Bus load (ch0): 21.3 %
--- Message counters ---
  PGN 129025 Position NMEA2000: 0
  PGN 129026 Speed NMEA2000:    0
  PGN 129283 XTE NMEA2000:      0
  PGN 65267  Position legacy:   6619
  PGN 65256  Speed legacy:      6619   last SA=0x1C raw=0x2
  PGN 65535  XTE JD legacy:     142592   last SA=0xF0 word=0x0 byte1=0x0
             full payload:     0000000000000000  (2 ms ago)
  PGN 60160  XTE Trimble legacy:95   last SA=0x1C
  PGN 64770  AISO stop:         1336   last 1357013 ms ago
  TOTAL:                        157261
--- Guidance telemetry ---
  XTE:          -0.01 m
  Speed:        0.00 m/s (0.01 kn)
  Quality:      4   RTK quality=4  IsRtkQuality=Y
  GGA fix age:  187 ms
  VTG fix age:  185 ms
  XTE fix age:  171 ms
  Lat/Lon/Alt/Course: 53.425369 / 6.720293 / 4.4 m / 138.9 deg
--- Virtual Terminal ---
  Connected:    Y
  State:        21/22  Connected
  VT version:  4
  VT status msgs: 1338   last 30 ms ago
  Partner: addr=0x26 valid=Y  reconnect attempts=0
--- Task Controller ---
  Connected:    Y
  TC-GEO (with/without pos): Y/Y
  Task active:  Y
  DRP deviation (DDI 513): 0 mm, last 1357013 ms ago
  GNSS quality (DDI 514):  0, last 1357013 ms ago
  Value commands (any DDI): 7  last DDI=515 (1200958 ms ago)
  Value requests (any DDI): 30238444
  Partner: addr=0xF7 valid=Y  reconnect attempts=0
  Tramline setpoint (DDI 506): 1  -> terminal DOES implement Tramline Control (1308964 ms ago)
  Guidance track (DDI 507-511): (none yet)
=== ISOBUS DEBUG MENU ===
1. Full status dump
2. Periodic summary line (OFF - press to toggle)
3. Reset message counters
4. Dump DDOP as hex (open in AgIsoDDOPGenerator)
5. Dump VT object pool as hex
q. Exit

# 12:16:36.304
=== ISOBUS STATUS ===
Address claim: CLAIMED  address=0x81
Bus load (ch0): 21.7 %
--- Message counters ---
  PGN 129025 Position NMEA2000: 0
  PGN 129026 Speed NMEA2000:    0
  PGN 129283 XTE NMEA2000:      0
  PGN 65267  Position legacy:   6625
  PGN 65256  Speed legacy:      6625   last SA=0x1C raw=0x0
  PGN 65535  XTE JD legacy:     142711   last SA=0xF0 word=0x0 byte1=0x0
             full payload:     0000000000000000  (3 ms ago)
  PGN 60160  XTE Trimble legacy:95   last SA=0x1C
  PGN 64770  AISO stop:         1337   last 1358051 ms ago
  TOTAL:                        157393
--- Guidance telemetry ---
  XTE:          -0.01 m
  Speed:        0.00 m/s (0.00 kn)
  Quality:      4   RTK quality=4  IsRtkQuality=Y
  GGA fix age:  25 ms
  VTG fix age:  21 ms
  XTE fix age:  10 ms
  Lat/Lon/Alt/Course: 53.425369 / 6.720293 / 4.4 m / 138.9 deg
--- Virtual Terminal ---
  Connected:    Y
  State:        21/22  Connected
  VT version:  4
  VT status msgs: 1339   last 67 ms ago
  Partner: addr=0x26 valid=Y  reconnect attempts=0
--- Task Controller ---
  Connected:    Y
  TC-GEO (with/without pos): Y/Y
  Task active:  Y
  DRP deviation (DDI 513): 0 mm, last 1358051 ms ago
  GNSS quality (DDI 514):  0, last 1358051 ms ago
  Value commands (any DDI): 7  last DDI=515 (1201996 ms ago)
  Value requests (any DDI): 30262417
  Partner: addr=0xF7 valid=Y  reconnect attempts=0
  Tramline setpoint (DDI 506): 1  -> terminal DOES implement Tramline Control (1310002 ms ago)
  Guidance track (DDI 507-511): (none yet)
=== ISOBUS DEBUG MENU ===
1. Full status dump
2. Periodic summary line (OFF - press to toggle)
3. Reset message counters
4. Dump DDOP as hex (open in AgIsoDDOPGenerator)
5. Dump VT object pool as hex
q. Exit

# 12:16:37.325
=== ISOBUS STATUS ===
Address claim: CLAIMED  address=0x81
Bus load (ch0): 21.7 %
--- Message counters ---
  PGN 129025 Position NMEA2000: 0
  PGN 129026 Speed NMEA2000:    0
  PGN 129283 XTE NMEA2000:      0
  PGN 65267  Position legacy:   6630
  PGN 65256  Speed legacy:      6630   last SA=0x1C raw=0x1
  PGN 65535  XTE JD legacy:     142819   last SA=0xF0 word=0x0 byte1=0x0
             full payload:     0000000000000000  (20 ms ago)
  PGN 60160  XTE Trimble legacy:95   last SA=0x1C
  PGN 64770  AISO stop:         1338   last 1359089 ms ago
  TOTAL:                        157512
--- Guidance telemetry ---
  XTE:          -0.01 m
  Speed:        0.00 m/s (0.00 kn)
  Quality:      4   RTK quality=4  IsRtkQuality=Y
  GGA fix age:  63 ms
  VTG fix age:  61 ms
  XTE fix age:  47 ms
  Lat/Lon/Alt/Course: 53.425369 / 6.720293 / 4.4 m / 138.9 deg
--- Virtual Terminal ---
  Connected:    Y
  State:        21/22  Connected
  VT version:  4
  VT status msgs: 1340   last 106 ms ago
  Partner: addr=0x26 valid=Y  reconnect attempts=0
--- Task Controller ---
  Connected:    Y
  TC-GEO (with/without pos): Y/Y
  Task active:  Y
  DRP deviation (DDI 513): 0 mm, last 1359089 ms ago
  GNSS quality (DDI 514):  0, last 1359089 ms ago
  Value commands (any DDI): 7  last DDI=515 (1203034 ms ago)
  Value requests (any DDI): 30286376
  Partner: addr=0xF7 valid=Y  reconnect attempts=0
  Tramline setpoint (DDI 506): 1  -> terminal DOES implement Tramline Control (1311040 ms ago)
  Guidance track (DDI 507-511): (none yet)
=== ISOBUS DEBUG MENU ===
1. Full status dump
2. Periodic summary line (OFF - press to toggle)
3. Reset message counters
4. Dump DDOP as hex (open in AgIsoDDOPGenerator)
5. Dump VT object pool as hex
q. Exit

# 12:16:38.376
=== ISOBUS STATUS ===
Address claim: CLAIMED  address=0x81
Bus load (ch0): 21.6 %
--- Message counters ---
  PGN 129025 Position NMEA2000: 0
  PGN 129026 Speed NMEA2000:    0
  PGN 129283 XTE NMEA2000:      0
  PGN 65267  Position legacy:   6635
  PGN 65256  Speed legacy:      6635   last SA=0x1C raw=0x4
  PGN 65535  XTE JD legacy:     142929   last SA=0xF0 word=0x0 byte1=0x0
             full payload:     0000000000000000  (1 ms ago)
  PGN 60160  XTE Trimble legacy:95   last SA=0x1C
  PGN 64770  AISO stop:         1339   last 1360111 ms ago
  TOTAL:                        157633
--- Guidance telemetry ---
  XTE:          -0.01 m
  Speed:        0.01 m/s (0.02 kn)
  Quality:      4   RTK quality=4  IsRtkQuality=Y
  GGA fix age:  85 ms
  VTG fix age:  83 ms
  XTE fix age:  70 ms
  Lat/Lon/Alt/Course: 53.425369 / 6.720293 / 4.4 m / 138.9 deg
--- Virtual Terminal ---
  Connected:    Y
  State:        21/22  Connected
  VT version:  4
  VT status msgs: 1341   last 127 ms ago
  Partner: addr=0x26 valid=Y  reconnect attempts=0
--- Task Controller ---
  Connected:    Y
  TC-GEO (with/without pos): Y/Y
  Task active:  Y
  DRP deviation (DDI 513): 0 mm, last 1360111 ms ago
  GNSS quality (DDI 514):  0, last 1360111 ms ago
  Value commands (any DDI): 7  last DDI=515 (1204056 ms ago)
  Value requests (any DDI): 30309974
  Partner: addr=0xF7 valid=Y  reconnect attempts=0
  Tramline setpoint (DDI 506): 1  -> terminal DOES implement Tramline Control (1312062 ms ago)
  Guidance track (DDI 507-511): (none yet)
=== ISOBUS DEBUG MENU ===
1. Full status dump
2. Periodic summary line (OFF - press to toggle)
3. Reset message counters
4. Dump DDOP as hex (open in AgIsoDDOPGenerator)
5. Dump VT object pool as hex
q. Exit

# 12:16:39.416
=== ISOBUS STATUS ===
Address claim: CLAIMED  address=0x81
Bus load (ch0): 21.4 %
--- Message counters ---
  PGN 129025 Position NMEA2000: 0
  PGN 129026 Speed NMEA2000:    0
  PGN 129283 XTE NMEA2000:      0
  PGN 65267  Position legacy:   6640
  PGN 65256  Speed legacy:      6640   last SA=0x1C raw=0x1
  PGN 65535  XTE JD legacy:     143038   last SA=0xF0 word=0x0 byte1=0x0
             full payload:     0000000000000000  (10 ms ago)
  PGN 60160  XTE Trimble legacy:95   last SA=0x1C
  PGN 64770  AISO stop:         1340   last 1361159 ms ago
  TOTAL:                        157753
--- Guidance telemetry ---
  XTE:          -0.01 m
  Speed:        0.00 m/s (0.00 kn)
  Quality:      4   RTK quality=4  IsRtkQuality=Y
  GGA fix age:  133 ms
  VTG fix age:  131 ms
  XTE fix age:  117 ms
  Lat/Lon/Alt/Course: 53.425369 / 6.720293 / 4.4 m / 138.9 deg
--- Virtual Terminal ---
  Connected:    Y
  State:        21/22  Connected
  VT version:  4
  VT status msgs: 1342   last 176 ms ago
  Partner: addr=0x26 valid=Y  reconnect attempts=0
--- Task Controller ---
  Connected:    Y
  TC-GEO (with/without pos): Y/Y
  Task active:  Y
  DRP deviation (DDI 513): 0 mm, last 1361159 ms ago
  GNSS quality (DDI 514):  0, last 1361159 ms ago
  Value commands (any DDI): 7  last DDI=515 (1205104 ms ago)
  Value requests (any DDI): 30334173
  Partner: addr=0xF7 valid=Y  reconnect attempts=0
  Tramline setpoint (DDI 506): 1  -> terminal DOES implement Tramline Control (1313110 ms ago)
  Guidance track (DDI 507-511): (none yet)
=== ISOBUS DEBUG MENU ===
1. Full status dump
2. Periodic summary line (OFF - press to toggle)
3. Reset message counters
4. Dump DDOP as hex (open in AgIsoDDOPGenerator)
5. Dump VT object pool as hex
q. Exit

# 12:16:40.482
=== ISOBUS STATUS ===
Address claim: CLAIMED  address=0x81
Bus load (ch0): 21.5 %
--- Message counters ---
  PGN 129025 Position NMEA2000: 0
  PGN 129026 Speed NMEA2000:    0
  PGN 129283 XTE NMEA2000:      0
  PGN 65267  Position legacy:   6645
  PGN 65256  Speed legacy:      6645   last SA=0x1C raw=0x3
  PGN 65535  XTE JD legacy:     143147   last SA=0xF0 word=0x0 byte1=0x0
             full payload:     0000000000000000  (11 ms ago)
  PGN 60160  XTE Trimble legacy:95   last SA=0x1C
  PGN 64770  AISO stop:         1341   last 1362202 ms ago
  TOTAL:                        157873
--- Guidance telemetry ---
  XTE:          -0.01 m
  Speed:        0.01 m/s (0.01 kn)
  Quality:      4   RTK quality=4  IsRtkQuality=Y
  GGA fix age:  176 ms
  VTG fix age:  174 ms
  XTE fix age:  161 ms
  Lat/Lon/Alt/Course: 53.425369 / 6.720293 / 4.4 m / 138.9 deg
--- Virtual Terminal ---
  Connected:    Y
  State:        21/22  Connected
  VT version:  4
  VT status msgs: 1343   last 219 ms ago
  Partner: addr=0x26 valid=Y  reconnect attempts=0
--- Task Controller ---
  Connected:    Y
  TC-GEO (with/without pos): Y/Y
  Task active:  Y
  DRP deviation (DDI 513): 0 mm, last 1362202 ms ago
  GNSS quality (DDI 514):  0, last 1362202 ms ago
  Value commands (any DDI): 7  last DDI=515 (1206147 ms ago)
  Value requests (any DDI): 30358245
  Partner: addr=0xF7 valid=Y  reconnect attempts=0
  Tramline setpoint (DDI 506): 1  -> terminal DOES implement Tramline Control (1314153 ms ago)
  Guidance track (DDI 507-511): (none yet)
=== ISOBUS DEBUG MENU ===
1. Full status dump
2. Periodic summary line (OFF - press to toggle)
3. Reset message counters
4. Dump DDOP as hex (open in AgIsoDDOPGenerator)
5. Dump VT object pool as hex
q. Exit

# 12:16:41.526
=== ISOBUS STATUS ===
Address claim: CLAIMED  address=0x81
Bus load (ch0): 21.9 %
--- Message counters ---
  PGN 129025 Position NMEA2000: 0
  PGN 129026 Speed NMEA2000:    0
  PGN 129283 XTE NMEA2000:      0
  PGN 65267  Position legacy:   6651
  PGN 65256  Speed legacy:      6651   last SA=0x1C raw=0x2
  PGN 65535  XTE JD legacy:     143267   last SA=0xF0 word=0x0 byte1=0x0
             full payload:     0000000000000000  (1 ms ago)
  PGN 60160  XTE Trimble legacy:95   last SA=0x1C
  PGN 64770  AISO stop:         1342   last 1363270 ms ago
  TOTAL:                        158006
--- Guidance telemetry ---
  XTE:          -0.01 m
  Speed:        0.00 m/s (0.01 kn)
  Quality:      4   RTK quality=4  IsRtkQuality=Y
  GGA fix age:  44 ms
  VTG fix age:  42 ms
  XTE fix age:  28 ms
  Lat/Lon/Alt/Course: 53.425369 / 6.720293 / 4.4 m / 138.9 deg
--- Virtual Terminal ---
  Connected:    Y
  State:        21/22  Connected
  VT version:  4
  VT status msgs: 1344   last 286 ms ago
  Partner: addr=0x26 valid=Y  reconnect attempts=0
--- Task Controller ---
  Connected:    Y
  TC-GEO (with/without pos): Y/Y
  Task active:  Y
  DRP deviation (DDI 513): 0 mm, last 1363270 ms ago
  GNSS quality (DDI 514):  0, last 1363270 ms ago
  Value commands (any DDI): 7  last DDI=515 (1207215 ms ago)
  Value requests (any DDI): 30382889
  Partner: addr=0xF7 valid=Y  reconnect attempts=0
  Tramline setpoint (DDI 506): 1  -> terminal DOES implement Tramline Control (1315221 ms ago)
  Guidance track (DDI 507-511): (none yet)
=== ISOBUS DEBUG MENU ===
1. Full status dump
2. Periodic summary line (OFF - press to toggle)
3. Reset message counters
4. Dump DDOP as hex (open in AgIsoDDOPGenerator)
5. Dump VT object pool as hex
q. Exit

# 12:16:42.593
=== ISOBUS STATUS ===
Address claim: CLAIMED  address=0x81
Bus load (ch0): 21.5 %
--- Message counters ---
  PGN 129025 Position NMEA2000: 0
  PGN 129026 Speed NMEA2000:    0
  PGN 129283 XTE NMEA2000:      0
  PGN 65267  Position legacy:   6656
  PGN 65256  Speed legacy:      6656   last SA=0x1C raw=0x1
  PGN 65535  XTE JD legacy:     143376   last SA=0xF0 word=0x0 byte1=0x0
             full payload:     0000000000000000  (14 ms ago)
  PGN 60160  XTE Trimble legacy:95   last SA=0x1C
  PGN 64770  AISO stop:         1343   last 1364310 ms ago
  TOTAL:                        158126
--- Guidance telemetry ---
  XTE:          -0.01 m
  Speed:        0.00 m/s (0.00 kn)
  Quality:      4   RTK quality=4  IsRtkQuality=Y
  GGA fix age:  83 ms
  VTG fix age:  82 ms
  XTE fix age:  68 ms
  Lat/Lon/Alt/Course: 53.425369 / 6.720293 / 4.4 m / 138.9 deg
--- Virtual Terminal ---
  Connected:    Y
  State:        21/22  Connected
  VT version:  4
  VT status msgs: 1345   last 327 ms ago
  Partner: addr=0x26 valid=Y  reconnect attempts=0
--- Task Controller ---
  Connected:    Y
  TC-GEO (with/without pos): Y/Y
  Task active:  Y
  DRP deviation (DDI 513): 0 mm, last 1364310 ms ago
  GNSS quality (DDI 514):  0, last 1364310 ms ago
  Value commands (any DDI): 7  last DDI=515 (1208255 ms ago)
  Value requests (any DDI): 30406890
  Partner: addr=0xF7 valid=Y  reconnect attempts=0
  Tramline setpoint (DDI 506): 1  -> terminal DOES implement Tramline Control (1316261 ms ago)
  Guidance track (DDI 507-511): (none yet)
=== ISOBUS DEBUG MENU ===
1. Full status dump
2. Periodic summary line (OFF - press to toggle)
3. Reset message counters
4. Dump DDOP as hex (open in AgIsoDDOPGenerator)
5. Dump VT object pool as hex
q. Exit

# 12:16:43.704
=== ISOBUS STATUS ===
Address claim: CLAIMED  address=0x81
Bus load (ch0): 21.5 %
--- Message counters ---
  PGN 129025 Position NMEA2000: 0
  PGN 129026 Speed NMEA2000:    0
  PGN 129283 XTE NMEA2000:      0
  PGN 65267  Position legacy:   6661
  PGN 65256  Speed legacy:      6661   last SA=0x1C raw=0x1
  PGN 65535  XTE JD legacy:     143489   last SA=0xF0 word=0x0 byte1=0x0
             full payload:     0000000000000000  (13 ms ago)
  PGN 60160  XTE Trimble legacy:95   last SA=0x1C
  PGN 64770  AISO stop:         1344   last 1365382 ms ago
  TOTAL:                        158250
--- Guidance telemetry ---
  XTE:          -0.01 m
  Speed:        0.00 m/s (0.00 kn)
  Quality:      4   RTK quality=4  IsRtkQuality=Y
  GGA fix age:  155 ms
  VTG fix age:  154 ms
  XTE fix age:  140 ms
  Lat/Lon/Alt/Course: 53.425369 / 6.720293 / 4.4 m / 138.9 deg
--- Virtual Terminal ---
  Connected:    Y
  State:        21/22  Connected
  VT version:  4
  VT status msgs: 1346   last 398 ms ago
  Partner: addr=0x26 valid=Y  reconnect attempts=0
--- Task Controller ---
  Connected:    Y
  TC-GEO (with/without pos): Y/Y
  Task active:  Y
  DRP deviation (DDI 513): 0 mm, last 1365382 ms ago
  GNSS quality (DDI 514):  0, last 1365382 ms ago
  Value commands (any DDI): 7  last DDI=515 (1209327 ms ago)
  Value requests (any DDI): 30431637
  Partner: addr=0xF7 valid=Y  reconnect attempts=0
  Tramline setpoint (DDI 506): 1  -> terminal DOES implement Tramline Control (1317333 ms ago)
  Guidance track (DDI 507-511): (none yet)
=== ISOBUS DEBUG MENU ===
1. Full status dump
2. Periodic summary line (OFF - press to toggle)
3. Reset message counters
4. Dump DDOP as hex (open in AgIsoDDOPGenerator)
5. Dump VT object pool as hex
q. Exit

# 12:16:44.720
=== ISOBUS STATUS ===
Address claim: CLAIMED  address=0x81
Bus load (ch0): 21.2 %
--- Message counters ---
  PGN 129025 Position NMEA2000: 0
  PGN 129026 Speed NMEA2000:    0
  PGN 129283 XTE NMEA2000:      0
  PGN 65267  Position legacy:   6667
  PGN 65256  Speed legacy:      6667   last SA=0x1C raw=0x2
  PGN 65535  XTE JD legacy:     143609   last SA=0xF0 word=0x0 byte1=0x0
             full payload:     0000000000000000  (19 ms ago)
  PGN 60160  XTE Trimble legacy:95   last SA=0x1C
  PGN 64770  AISO stop:         1346   last 1366488 ms ago
  TOTAL:                        158384
--- Guidance telemetry ---
  XTE:          -0.01 m
  Speed:        0.00 m/s (0.01 kn)
  Quality:      4   RTK quality=4  IsRtkQuality=Y
  GGA fix age:  62 ms
  VTG fix age:  60 ms
  XTE fix age:  46 ms
  Lat/Lon/Alt/Course: 53.425369 / 6.720293 / 4.4 m / 138.9 deg
--- Virtual Terminal ---
  Connected:    Y
  State:        21/22  Connected
  VT version:  4
  VT status msgs: 1347   last 505 ms ago
  Partner: addr=0x26 valid=Y  reconnect attempts=0
--- Task Controller ---
  Connected:    Y
  TC-GEO (with/without pos): Y/Y
  Task active:  Y
  DRP deviation (DDI 513): 0 mm, last 1366488 ms ago
  GNSS quality (DDI 514):  0, last 1366488 ms ago
  Value commands (any DDI): 7  last DDI=515 (1210433 ms ago)
  Value requests (any DDI): 30457151
  Partner: addr=0xF7 valid=Y  reconnect attempts=0
  Tramline setpoint (DDI 506): 1  -> terminal DOES implement Tramline Control (1318439 ms ago)
  Guidance track (DDI 507-511): (none yet)
=== ISOBUS DEBUG MENU ===
1. Full status dump
2. Periodic summary line (OFF - press to toggle)
3. Reset message counters
4. Dump DDOP as hex (open in AgIsoDDOPGenerator)
5. Dump VT object pool as hex
q. Exit

# 12:16:45.763
=== ISOBUS STATUS ===
Address claim: CLAIMED  address=0x81
Bus load (ch0): 21.0 %
--- Message counters ---
  PGN 129025 Position NMEA2000: 0
  PGN 129026 Speed NMEA2000:    0
  PGN 129283 XTE NMEA2000:      0
  PGN 65267  Position legacy:   6672
  PGN 65256  Speed legacy:      6672   last SA=0x1C raw=0x1
  PGN 65535  XTE JD legacy:     143717   last SA=0xF0 word=0x0 byte1=0x0
             full payload:     0000000000000000  (14 ms ago)
  PGN 60160  XTE Trimble legacy:95   last SA=0x1C
  PGN 64770  AISO stop:         1347   last 1367505 ms ago
  TOTAL:                        158503
--- Guidance telemetry ---
  XTE:          -0.01 m
  Speed:        0.00 m/s (0.00 kn)
  Quality:      4   RTK quality=4  IsRtkQuality=Y
  GGA fix age:  79 ms
  VTG fix age:  77 ms
  XTE fix age:  63 ms
  Lat/Lon/Alt/Course: 53.425369 / 6.720293 / 4.4 m / 138.9 deg
--- Virtual Terminal ---
  Connected:    Y
  State:        21/22  Connected
  VT version:  4
  VT status msgs: 1348   last 521 ms ago
  Partner: addr=0x26 valid=Y  reconnect attempts=0
--- Task Controller ---
  Connected:    Y
  TC-GEO (with/without pos): Y/Y
  Task active:  Y
  DRP deviation (DDI 513): 0 mm, last 1367505 ms ago
  GNSS quality (DDI 514):  0, last 1367505 ms ago
  Value commands (any DDI): 7  last DDI=515 (1211450 ms ago)
  Value requests (any DDI): 30480622
  Partner: addr=0xF7 valid=Y  reconnect attempts=0
  Tramline setpoint (DDI 506): 1  -> terminal DOES implement Tramline Control (1319456 ms ago)
  Guidance track (DDI 507-511): (none yet)
=== ISOBUS DEBUG MENU ===
1. Full status dump
2. Periodic summary line (OFF - press to toggle)
3. Reset message counters
4. Dump DDOP as hex (open in AgIsoDDOPGenerator)
5. Dump VT object pool as hex
q. Exit

# 12:16:46.830
=== ISOBUS STATUS ===
Address claim: CLAIMED  address=0x81
Bus load (ch0): 22.0 %
--- Message counters ---
  PGN 129025 Position NMEA2000: 0
  PGN 129026 Speed NMEA2000:    0
  PGN 129283 XTE NMEA2000:      0
  PGN 65267  Position legacy:   6677
  PGN 65256  Speed legacy:      6677   last SA=0x1C raw=0x3
  PGN 65535  XTE JD legacy:     143827   last SA=0xF0 word=0x0 byte1=0x0
             full payload:     0000000000000000  (17 ms ago)
  PGN 60160  XTE Trimble legacy:95   last SA=0x1C
  PGN 64770  AISO stop:         1348   last 1368547 ms ago
  TOTAL:                        158624
--- Guidance telemetry ---
  XTE:          -0.01 m
  Speed:        0.01 m/s (0.01 kn)
  Quality:      4   RTK quality=4  IsRtkQuality=Y
  GGA fix age:  121 ms
  VTG fix age:  119 ms
  XTE fix age:  105 ms
  Lat/Lon/Alt/Course: 53.425369 / 6.720293 / 4.4 m / 138.9 deg
--- Virtual Terminal ---
  Connected:    Y
  State:        21/22  Connected
  VT version:  4
  VT status msgs: 1349   last 563 ms ago
  Partner: addr=0x26 valid=Y  reconnect attempts=0
--- Task Controller ---
  Connected:    Y
  TC-GEO (with/without pos): Y/Y
  Task active:  Y
  DRP deviation (DDI 513): 0 mm, last 1368547 ms ago
  GNSS quality (DDI 514):  0, last 1368547 ms ago
  Value commands (any DDI): 7  last DDI=515 (1212492 ms ago)
  Value requests (any DDI): 30504679
  Partner: addr=0xF7 valid=Y  reconnect attempts=0
  Tramline setpoint (DDI 506): 1  -> terminal DOES implement Tramline Control (1320498 ms ago)
  Guidance track (DDI 507-511): (none yet)
=== ISOBUS DEBUG MENU ===
1. Full status dump
2. Periodic summary line (OFF - press to toggle)
3. Reset message counters
4. Dump DDOP as hex (open in AgIsoDDOPGenerator)
5. Dump VT object pool as hex
q. Exit

# 12:16:47.870
=== ISOBUS STATUS ===
Address claim: CLAIMED  address=0x81
Bus load (ch0): 22.2 %
--- Message counters ---
  PGN 129025 Position NMEA2000: 0
  PGN 129026 Speed NMEA2000:    0
  PGN 129283 XTE NMEA2000:      0
  PGN 65267  Position legacy:   6682
  PGN 65256  Speed legacy:      6682   last SA=0x1C raw=0x1
  PGN 65535  XTE JD legacy:     143938   last SA=0xF0 word=0x0 byte1=0x0
             full payload:     0000000000000000  (4 ms ago)
  PGN 60160  XTE Trimble legacy:95   last SA=0x1C
  PGN 64770  AISO stop:         1349   last 1369616 ms ago
  TOTAL:                        158746
--- Guidance telemetry ---
  XTE:          -0.01 m
  Speed:        0.00 m/s (0.00 kn)
  Quality:      4   RTK quality=4  IsRtkQuality=Y
  GGA fix age:  190 ms
  VTG fix age:  188 ms
  XTE fix age:  174 ms
  Lat/Lon/Alt/Course: 53.425369 / 6.720293 / 4.4 m / 138.9 deg
--- Virtual Terminal ---
  Connected:    Y
  State:        21/22  Connected
  VT version:  4
  VT status msgs: 1350   last 633 ms ago
  Partner: addr=0x26 valid=Y  reconnect attempts=0
--- Task Controller ---
  Connected:    Y
  TC-GEO (with/without pos): Y/Y
  Task active:  Y
  DRP deviation (DDI 513): 0 mm, last 1369616 ms ago
  GNSS quality (DDI 514):  0, last 1369616 ms ago
  Value commands (any DDI): 7  last DDI=515 (1213561 ms ago)
  Value requests (any DDI): 30529350
  Partner: addr=0xF7 valid=Y  reconnect attempts=0
  Tramline setpoint (DDI 506): 1  -> terminal DOES implement Tramline Control (1321567 ms ago)
  Guidance track (DDI 507-511): (none yet)
=== ISOBUS DEBUG MENU ===
1. Full status dump
2. Periodic summary line (OFF - press to toggle)
3. Reset message counters
4. Dump DDOP as hex (open in AgIsoDDOPGenerator)
5. Dump VT object pool as hex
q. Exit

# 12:16:48.897
=== ISOBUS STATUS ===
Address claim: CLAIMED  address=0x81
Bus load (ch0): 22.1 %
--- Message counters ---
  PGN 129025 Position NMEA2000: 0
  PGN 129026 Speed NMEA2000:    0
  PGN 129283 XTE NMEA2000:      0
  PGN 65267  Position legacy:   6688
  PGN 65256  Speed legacy:      6688   last SA=0x1C raw=0x2
  PGN 65535  XTE JD legacy:     144055   last SA=0xF0 word=0x0 byte1=0x0
             full payload:     0000000000000000  (7 ms ago)
  PGN 60160  XTE Trimble legacy:95   last SA=0x1C
  PGN 64770  AISO stop:         1350   last 1370656 ms ago
  TOTAL:                        158876
--- Guidance telemetry ---
  XTE:          -0.01 m
  Speed:        0.00 m/s (0.01 kn)
  Quality:      4   RTK quality=4  IsRtkQuality=Y
  GGA fix age:  29 ms
  VTG fix age:  28 ms
  XTE fix age:  14 ms
  Lat/Lon/Alt/Course: 53.425369 / 6.720293 / 4.4 m / 138.9 deg
--- Virtual Terminal ---
  Connected:    Y
  State:        21/22  Connected
  VT version:  4
  VT status msgs: 1351   last 672 ms ago
  Partner: addr=0x26 valid=Y  reconnect attempts=0
--- Task Controller ---
  Connected:    Y
  TC-GEO (with/without pos): Y/Y
  Task active:  Y
  DRP deviation (DDI 513): 0 mm, last 1370656 ms ago
  GNSS quality (DDI 514):  0, last 1370656 ms ago
  Value commands (any DDI): 7  last DDI=515 (1214601 ms ago)
  Value requests (any DDI): 30553345
  Partner: addr=0xF7 valid=Y  reconnect attempts=0
  Tramline setpoint (DDI 506): 1  -> terminal DOES implement Tramline Control (1322607 ms ago)
  Guidance track (DDI 507-511): (none yet)
=== ISOBUS DEBUG MENU ===
1. Full status dump
2. Periodic summary line (OFF - press to toggle)
3. Reset message counters
4. Dump DDOP as hex (open in AgIsoDDOPGenerator)
5. Dump VT object pool as hex
q. Exit

# 12:16:49.913
=== ISOBUS STATUS ===
Address claim: CLAIMED  address=0x81
Bus load (ch0): 22.7 %
--- Message counters ---
  PGN 129025 Position NMEA2000: 0
  PGN 129026 Speed NMEA2000:    0
  PGN 129283 XTE NMEA2000:      0
  PGN 65267  Position legacy:   6693
  PGN 65256  Speed legacy:      6693   last SA=0x1C raw=0x3
  PGN 65535  XTE JD legacy:     144163   last SA=0xF0 word=0x0 byte1=0x0
             full payload:     0000000000000000  (10 ms ago)
  PGN 60160  XTE Trimble legacy:95   last SA=0x1C
  PGN 64770  AISO stop:         1351   last 1371680 ms ago
  TOTAL:                        158995
--- Guidance telemetry ---
  XTE:          -0.01 m
  Speed:        0.01 m/s (0.01 kn)
  Quality:      4   RTK quality=4  IsRtkQuality=Y
  GGA fix age:  54 ms
  VTG fix age:  52 ms
  XTE fix age:  38 ms
  Lat/Lon/Alt/Course: 53.425369 / 6.720293 / 4.4 m / 138.9 deg
--- Virtual Terminal ---
  Connected:    Y
  State:        21/22  Connected
  VT version:  4
  VT status msgs: 1352   last 697 ms ago
  Partner: addr=0x26 valid=Y  reconnect attempts=0
--- Task Controller ---
  Connected:    Y
  TC-GEO (with/without pos): Y/Y
  Task active:  Y
  DRP deviation (DDI 513): 0 mm, last 1371680 ms ago
  GNSS quality (DDI 514):  0, last 1371680 ms ago
  Value commands (any DDI): 7  last DDI=515 (1215625 ms ago)
  Value requests (any DDI): 30576974
  Partner: addr=0xF7 valid=Y  reconnect attempts=0
  Tramline setpoint (DDI 506): 1  -> terminal DOES implement Tramline Control (1323631 ms ago)
  Guidance track (DDI 507-511): (none yet)
=== ISOBUS DEBUG MENU ===
1. Full status dump
2. Periodic summary line (OFF - press to toggle)
3. Reset message counters
4. Dump DDOP as hex (open in AgIsoDDOPGenerator)
5. Dump VT object pool as hex
q. Exit

# 12:16:50.964
=== ISOBUS STATUS ===
Address claim: CLAIMED  address=0x81
Bus load (ch0): 22.2 %
--- Message counters ---
  PGN 129025 Position NMEA2000: 0
  PGN 129026 Speed NMEA2000:    0
  PGN 129283 XTE NMEA2000:      0
  PGN 65267  Position legacy:   6698
  PGN 65256  Speed legacy:      6698   last SA=0x1C raw=0x0
  PGN 65535  XTE JD legacy:     144272   last SA=0xF0 word=0x0 byte1=0x0
             full payload:     0000000000000000  (14 ms ago)
  PGN 60160  XTE Trimble legacy:95   last SA=0x1C
  PGN 64770  AISO stop:         1352   last 1372705 ms ago
  TOTAL:                        159115
--- Guidance telemetry ---
  XTE:          -0.01 m
  Speed:        0.00 m/s (0.00 kn)
  Quality:      4   RTK quality=4  IsRtkQuality=Y
  GGA fix age:  79 ms
  VTG fix age:  77 ms
  XTE fix age:  63 ms
  Lat/Lon/Alt/Course: 53.425369 / 6.720293 / 4.4 m / 138.9 deg
--- Virtual Terminal ---
  Connected:    Y
  State:        21/22  Connected
  VT version:  4
  VT status msgs: 1353   last 721 ms ago
  Partner: addr=0x26 valid=Y  reconnect attempts=0
--- Task Controller ---
  Connected:    Y
  TC-GEO (with/without pos): Y/Y
  Task active:  Y
  DRP deviation (DDI 513): 0 mm, last 1372705 ms ago
  GNSS quality (DDI 514):  0, last 1372705 ms ago
  Value commands (any DDI): 7  last DDI=515 (1216650 ms ago)
  Value requests (any DDI): 30600634
  Partner: addr=0xF7 valid=Y  reconnect attempts=0
  Tramline setpoint (DDI 506): 1  -> terminal DOES implement Tramline Control (1324656 ms ago)
  Guidance track (DDI 507-511): (none yet)
=== ISOBUS DEBUG MENU ===
1. Full status dump
2. Periodic summary line (OFF - press to toggle)
3. Reset message counters
4. Dump DDOP as hex (open in AgIsoDDOPGenerator)
5. Dump VT object pool as hex
q. Exit

# 12:16:51.980
=== ISOBUS STATUS ===
Address claim: CLAIMED  address=0x81
Bus load (ch0): 22.6 %
--- Message counters ---
  PGN 129025 Position NMEA2000: 0
  PGN 129026 Speed NMEA2000:    0
  PGN 129283 XTE NMEA2000:      0
  PGN 65267  Position legacy:   6703
  PGN 65256  Speed legacy:      6703   last SA=0x1C raw=0x2
  PGN 65535  XTE JD legacy:     144383   last SA=0xF0 word=0x0 byte1=0x0
             full payload:     0000000000000000  (1 ms ago)
  PGN 60160  XTE Trimble legacy:95   last SA=0x1C
  PGN 64770  AISO stop:         1353   last 1373750 ms ago
  TOTAL:                        159237
--- Guidance telemetry ---
  XTE:          -0.01 m
  Speed:        0.00 m/s (0.01 kn)
  Quality:      4   RTK quality=4  IsRtkQuality=Y
  GGA fix age:  124 ms
  VTG fix age:  122 ms
  XTE fix age:  108 ms
  Lat/Lon/Alt/Course: 53.425369 / 6.720293 / 4.4 m / 138.9 deg
--- Virtual Terminal ---
  Connected:    Y
  State:        21/22  Connected
  VT version:  4
  VT status msgs: 1354   last 766 ms ago
  Partner: addr=0x26 valid=Y  reconnect attempts=0
--- Task Controller ---
  Connected:    Y
  TC-GEO (with/without pos): Y/Y
  Task active:  Y
  DRP deviation (DDI 513): 0 mm, last 1373750 ms ago
  GNSS quality (DDI 514):  0, last 1373750 ms ago
  Value commands (any DDI): 7  last DDI=515 (1217695 ms ago)
  Value requests (any DDI): 30624742
  Partner: addr=0xF7 valid=Y  reconnect attempts=0
  Tramline setpoint (DDI 506): 1  -> terminal DOES implement Tramline Control (1325701 ms ago)
  Guidance track (DDI 507-511): (none yet)
=== ISOBUS DEBUG MENU ===
1. Full status dump
2. Periodic summary line (OFF - press to toggle)
3. Reset message counters
4. Dump DDOP as hex (open in AgIsoDDOPGenerator)
5. Dump VT object pool as hex
q. Exit

# 12:16:53.035
=== ISOBUS STATUS ===
Address claim: CLAIMED  address=0x81
Bus load (ch0): 22.6 %
--- Message counters ---
  PGN 129025 Position NMEA2000: 0
  PGN 129026 Speed NMEA2000:    0
  PGN 129283 XTE NMEA2000:      0
  PGN 65267  Position legacy:   6708
  PGN 65256  Speed legacy:      6708   last SA=0x1C raw=0x1
  PGN 65535  XTE JD legacy:     144492   last SA=0xF0 word=0x0 byte1=0x0
             full payload:     0000000000000000  (7 ms ago)
  PGN 60160  XTE Trimble legacy:95   last SA=0x1C
  PGN 64770  AISO stop:         1354   last 1374762 ms ago
  TOTAL:                        159357
--- Guidance telemetry ---
  XTE:          -0.01 m
  Speed:        0.00 m/s (0.00 kn)
  Quality:      4   RTK quality=4  IsRtkQuality=Y
  GGA fix age:  137 ms
  VTG fix age:  135 ms
  XTE fix age:  121 ms
  Lat/Lon/Alt/Course: 53.425369 / 6.720293 / 4.4 m / 138.9 deg
--- Virtual Terminal ---
  Connected:    Y
  State:        21/22  Connected
  VT version:  4
  VT status msgs: 1355   last 780 ms ago
  Partner: addr=0x26 valid=Y  reconnect attempts=0
--- Task Controller ---
  Connected:    Y
  TC-GEO (with/without pos): Y/Y
  Task active:  Y
  DRP deviation (DDI 513): 0 mm, last 1374763 ms ago
  GNSS quality (DDI 514):  0, last 1374763 ms ago
  Value commands (any DDI): 7  last DDI=515 (1218708 ms ago)
  Value requests (any DDI): 30648116
  Partner: addr=0xF7 valid=Y  reconnect attempts=0
  Tramline setpoint (DDI 506): 1  -> terminal DOES implement Tramline Control (1326714 ms ago)
  Guidance track (DDI 507-511): (none yet)
=== ISOBUS DEBUG MENU ===
1. Full status dump
2. Periodic summary line (OFF - press to toggle)
3. Reset message counters
4. Dump DDOP as hex (open in AgIsoDDOPGenerator)
5. Dump VT object pool as hex
q. Exit

# 12:16:54.080
=== ISOBUS STATUS ===
Address claim: CLAIMED  address=0x81
Bus load (ch0): 22.5 %
--- Message counters ---
  PGN 129025 Position NMEA2000: 0
  PGN 129026 Speed NMEA2000:    0
  PGN 129283 XTE NMEA2000:      0
  PGN 65267  Position legacy:   6713
  PGN 65256  Speed legacy:      6713   last SA=0x1C raw=0x4
  PGN 65535  XTE JD legacy:     144603   last SA=0xF0 word=0x0 byte1=0x0
             full payload:     0000000000000000  (10 ms ago)
  PGN 60160  XTE Trimble legacy:95   last SA=0x1C
  PGN 64770  AISO stop:         1355   last 1375823 ms ago
  TOTAL:                        159479
--- Guidance telemetry ---
  XTE:          -0.01 m
  Speed:        0.01 m/s (0.02 kn)
  Quality:      4   RTK quality=4  IsRtkQuality=Y
  GGA fix age:  197 ms
  VTG fix age:  195 ms
  XTE fix age:  181 ms
  Lat/Lon/Alt/Course: 53.425369 / 6.720293 / 4.4 m / 138.9 deg
--- Virtual Terminal ---
  Connected:    Y
  State:        21/22  Connected
  VT version:  4
  VT status msgs: 1356   last 839 ms ago
  Partner: addr=0x26 valid=Y  reconnect attempts=0
--- Task Controller ---
  Connected:    Y
  TC-GEO (with/without pos): Y/Y
  Task active:  Y
  DRP deviation (DDI 513): 0 mm, last 1375823 ms ago
  GNSS quality (DDI 514):  0, last 1375823 ms ago
  Value commands (any DDI): 7  last DDI=515 (1219768 ms ago)
  Value requests (any DDI): 30672597
  Partner: addr=0xF7 valid=Y  reconnect attempts=0
  Tramline setpoint (DDI 506): 1  -> terminal DOES implement Tramline Control (1327774 ms ago)
  Guidance track (DDI 507-511): (none yet)
=== ISOBUS DEBUG MENU ===
1. Full status dump
2. Periodic summary line (OFF - press to toggle)
3. Reset message counters
4. Dump DDOP as hex (open in AgIsoDDOPGenerator)
5. Dump VT object pool as hex
q. Exit

# 12:16:55.108
=== ISOBUS STATUS ===
Address claim: CLAIMED  address=0x81
Bus load (ch0): 22.5 %
--- Message counters ---
  PGN 129025 Position NMEA2000: 0
  PGN 129026 Speed NMEA2000:    0
  PGN 129283 XTE NMEA2000:      0
  PGN 65267  Position legacy:   6719
  PGN 65256  Speed legacy:      6719   last SA=0x1C raw=0x2
  PGN 65535  XTE JD legacy:     144720   last SA=0xF0 word=0x0 byte1=0x0
             full payload:     0000000000000000  (19 ms ago)
  PGN 60160  XTE Trimble legacy:95   last SA=0x1C
  PGN 64770  AISO stop:         1356   last 1376868 ms ago
  TOTAL:                        159609
--- Guidance telemetry ---
  XTE:          -0.01 m
  Speed:        0.00 m/s (0.01 kn)
  Quality:      4   RTK quality=4  IsRtkQuality=Y
  GGA fix age:  42 ms
  VTG fix age:  40 ms
  XTE fix age:  26 ms
  Lat/Lon/Alt/Course: 53.425369 / 6.720293 / 4.4 m / 138.9 deg
--- Virtual Terminal ---
  Connected:    Y
  State:        21/22  Connected
  VT version:  4
  VT status msgs: 1357   last 885 ms ago
  Partner: addr=0x26 valid=Y  reconnect attempts=0
--- Task Controller ---
  Connected:    Y
  TC-GEO (with/without pos): Y/Y
  Task active:  Y
  DRP deviation (DDI 513): 0 mm, last 1376868 ms ago
  GNSS quality (DDI 514):  0, last 1376868 ms ago
  Value commands (any DDI): 7  last DDI=515 (1220813 ms ago)
  Value requests (any DDI): 30696702
  Partner: addr=0xF7 valid=Y  reconnect attempts=0
  Tramline setpoint (DDI 506): 1  -> terminal DOES implement Tramline Control (1328819 ms ago)
  Guidance track (DDI 507-511): (none yet)
=== ISOBUS DEBUG MENU ===
1. Full status dump
2. Periodic summary line (OFF - press to toggle)
3. Reset message counters
4. Dump DDOP as hex (open in AgIsoDDOPGenerator)
5. Dump VT object pool as hex
q. Exit

# 12:16:56.131
=== ISOBUS STATUS ===
Address claim: CLAIMED  address=0x81
Bus load (ch0): 21.8 %
--- Message counters ---
  PGN 129025 Position NMEA2000: 0
  PGN 129026 Speed NMEA2000:    0
  PGN 129283 XTE NMEA2000:      0
  PGN 65267  Position legacy:   6724
  PGN 65256  Speed legacy:      6724   last SA=0x1C raw=0x3
  PGN 65535  XTE JD legacy:     144829   last SA=0xF0 word=0x0 byte1=0x0
             full payload:     0000000000000000  (20 ms ago)
  PGN 60160  XTE Trimble legacy:95   last SA=0x1C
  PGN 64770  AISO stop:         1357   last 1377890 ms ago
  TOTAL:                        159729
--- Guidance telemetry ---
  XTE:          -0.01 m
  Speed:        0.01 m/s (0.01 kn)
  Quality:      4   RTK quality=4  IsRtkQuality=Y
  GGA fix age:  59 ms
  VTG fix age:  57 ms
  XTE fix age:  43 ms
  Lat/Lon/Alt/Course: 53.425369 / 6.720293 / 4.4 m / 138.9 deg
--- Virtual Terminal ---
  Connected:    Y
  State:        21/22  Connected
  VT version:  4
  VT status msgs: 1358   last 906 ms ago
  Partner: addr=0x26 valid=Y  reconnect attempts=0
--- Task Controller ---
  Connected:    Y
  TC-GEO (with/without pos): Y/Y
  Task active:  Y
  DRP deviation (DDI 513): 0 mm, last 1377890 ms ago
  GNSS quality (DDI 514):  0, last 1377890 ms ago
  Value commands (any DDI): 7  last DDI=515 (1221835 ms ago)
  Value requests (any DDI): 30720297
  Partner: addr=0xF7 valid=Y  reconnect attempts=0
  Tramline setpoint (DDI 506): 1  -> terminal DOES implement Tramline Control (1329841 ms ago)
  Guidance track (DDI 507-511): (none yet)
=== ISOBUS DEBUG MENU ===
1. Full status dump
2. Periodic summary line (OFF - press to toggle)
3. Reset message counters
4. Dump DDOP as hex (open in AgIsoDDOPGenerator)
5. Dump VT object pool as hex
q. Exit

# 12:16:57.177
=== ISOBUS STATUS ===
Address claim: CLAIMED  address=0x81
Bus load (ch0): 22.1 %
--- Message counters ---
  PGN 129025 Position NMEA2000: 0
  PGN 129026 Speed NMEA2000:    0
  PGN 129283 XTE NMEA2000:      0
  PGN 65267  Position legacy:   6729
  PGN 65256  Speed legacy:      6729   last SA=0x1C raw=0x2
  PGN 65535  XTE JD legacy:     144938   last SA=0xF0 word=0x0 byte1=0x0
             full payload:     0000000000000000  (3 ms ago)
  PGN 60160  XTE Trimble legacy:95   last SA=0x1C
  PGN 64770  AISO stop:         1358   last 1378914 ms ago
  TOTAL:                        159849
--- Guidance telemetry ---
  XTE:          -0.01 m
  Speed:        0.00 m/s (0.01 kn)
  Quality:      4   RTK quality=4  IsRtkQuality=Y
  GGA fix age:  88 ms
  VTG fix age:  86 ms
  XTE fix age:  72 ms
  Lat/Lon/Alt/Course: 53.425369 / 6.720293 / 4.4 m / 138.9 deg
--- Virtual Terminal ---
  Connected:    Y
  State:        21/22  Connected
  VT version:  4
  VT status msgs: 1359   last 931 ms ago
  Partner: addr=0x26 valid=Y  reconnect attempts=0
--- Task Controller ---
  Connected:    Y
  TC-GEO (with/without pos): Y/Y
  Task active:  Y
  DRP deviation (DDI 513): 0 mm, last 1378914 ms ago
  GNSS quality (DDI 514):  0, last 1378914 ms ago
  Value commands (any DDI): 7  last DDI=515 (1222859 ms ago)
  Value requests (any DDI): 30743927
  Partner: addr=0xF7 valid=Y  reconnect attempts=0
  Tramline setpoint (DDI 506): 1  -> terminal DOES implement Tramline Control (1330865 ms ago)
  Guidance track (DDI 507-511): (none yet)
=== ISOBUS DEBUG MENU ===
1. Full status dump
2. Periodic summary line (OFF - press to toggle)
3. Reset message counters
4. Dump DDOP as hex (open in AgIsoDDOPGenerator)
5. Dump VT object pool as hex
q. Exit

# 12:16:58.240
=== ISOBUS STATUS ===
Address claim: CLAIMED  address=0x81
Bus load (ch0): 21.7 %
--- Message counters ---
  PGN 129025 Position NMEA2000: 0
  PGN 129026 Speed NMEA2000:    0
  PGN 129283 XTE NMEA2000:      0
  PGN 65267  Position legacy:   6734
  PGN 65256  Speed legacy:      6734   last SA=0x1C raw=0x2
  PGN 65535  XTE JD legacy:     145047   last SA=0xF0 word=0x0 byte1=0x0
             full payload:     0000000000000000  (11 ms ago)
  PGN 60160  XTE Trimble legacy:95   last SA=0x1C
  PGN 64770  AISO stop:         1359   last 1379961 ms ago
  TOTAL:                        159969
--- Guidance telemetry ---
  XTE:          -0.01 m
  Speed:        0.00 m/s (0.01 kn)
  Quality:      4   RTK quality=4  IsRtkQuality=Y
  GGA fix age:  135 ms
  VTG fix age:  133 ms
  XTE fix age:  119 ms
  Lat/Lon/Alt/Course: 53.425369 / 6.720293 / 4.4 m / 138.9 deg
--- Virtual Terminal ---
  Connected:    Y
  State:        21/22  Connected
  VT version:  4
  VT status msgs: 1360   last 977 ms ago
  Partner: addr=0x26 valid=Y  reconnect attempts=0
--- Task Controller ---
  Connected:    Y
  TC-GEO (with/without pos): Y/Y
  Task active:  Y
  DRP deviation (DDI 513): 0 mm, last 1379961 ms ago
  GNSS quality (DDI 514):  0, last 1379961 ms ago
  Value commands (any DDI): 7  last DDI=515 (1223906 ms ago)
  Value requests (any DDI): 30768088
  Partner: addr=0xF7 valid=Y  reconnect attempts=0
  Tramline setpoint (DDI 506): 1  -> terminal DOES implement Tramline Control (1331912 ms ago)
  Guidance track (DDI 507-511): (none yet)
=== ISOBUS DEBUG MENU ===
1. Full status dump
2. Periodic summary line (OFF - press to toggle)
3. Reset message counters
4. Dump DDOP as hex (open in AgIsoDDOPGenerator)
5. Dump VT object pool as hex
q. Exit

# 12:16:59.268
=== ISOBUS STATUS ===
Address claim: CLAIMED  address=0x81
Bus load (ch0): 21.4 %
--- Message counters ---
  PGN 129025 Position NMEA2000: 0
  PGN 129026 Speed NMEA2000:    0
  PGN 129283 XTE NMEA2000:      0
  PGN 65267  Position legacy:   6739
  PGN 65256  Speed legacy:      6739   last SA=0x1C raw=0x3
  PGN 65535  XTE JD legacy:     145158   last SA=0xF0 word=0x0 byte1=0x0
             full payload:     0000000000000000  (11 ms ago)
  PGN 60160  XTE Trimble legacy:95   last SA=0x1C
  PGN 64770  AISO stop:         1360   last 1381023 ms ago
  TOTAL:                        160091
--- Guidance telemetry ---
  XTE:          -0.01 m
  Speed:        0.01 m/s (0.01 kn)
  Quality:      4   RTK quality=4  IsRtkQuality=Y
  GGA fix age:  197 ms
  VTG fix age:  195 ms
  XTE fix age:  181 ms
  Lat/Lon/Alt/Course: 53.425369 / 6.720293 / 4.4 m / 138.9 deg
--- Virtual Terminal ---
  Connected:    Y
  State:        21/22  Connected
  VT version:  4
  VT status msgs: 1362   last 40 ms ago
  Partner: addr=0x26 valid=Y  reconnect attempts=0
--- Task Controller ---
  Connected:    Y
  TC-GEO (with/without pos): Y/Y
  Task active:  Y
  DRP deviation (DDI 513): 0 mm, last 1381023 ms ago
  GNSS quality (DDI 514):  0, last 1381023 ms ago
  Value commands (any DDI): 7  last DDI=515 (1224968 ms ago)
  Value requests (any DDI): 30792596
  Partner: addr=0xF7 valid=Y  reconnect attempts=0
  Tramline setpoint (DDI 506): 1  -> terminal DOES implement Tramline Control (1332974 ms ago)
  Guidance track (DDI 507-511): (none yet)
=== ISOBUS DEBUG MENU ===
1. Full status dump
2. Periodic summary line (OFF - press to toggle)
3. Reset message counters
4. Dump DDOP as hex (open in AgIsoDDOPGenerator)
5. Dump VT object pool as hex
q. Exit

# 12:17:00.349
=== ISOBUS STATUS ===
Address claim: CLAIMED  address=0x81
Bus load (ch0): 21.6 %
--- Message counters ---
  PGN 129025 Position NMEA2000: 0
  PGN 129026 Speed NMEA2000:    0
  PGN 129283 XTE NMEA2000:      0
  PGN 65267  Position legacy:   6745
  PGN 65256  Speed legacy:      6745   last SA=0x1C raw=0x1
  PGN 65535  XTE JD legacy:     145277   last SA=0xF0 word=0x0 byte1=0x0
             full payload:     0000000000000000  (20 ms ago)
  PGN 60160  XTE Trimble legacy:95   last SA=0x1C
  PGN 64770  AISO stop:         1361   last 1382090 ms ago
  TOTAL:                        160223
--- Guidance telemetry ---
  XTE:          -0.01 m
  Speed:        0.00 m/s (0.00 kn)
  Quality:      4   RTK quality=4  IsRtkQuality=Y
  GGA fix age:  64 ms
  VTG fix age:  62 ms
  XTE fix age:  48 ms
  Lat/Lon/Alt/Course: 53.425369 / 6.720293 / 4.4 m / 138.9 deg
--- Virtual Terminal ---
  Connected:    Y
  State:        21/22  Connected
  VT version:  4
  VT status msgs: 1363   last 106 ms ago
  Partner: addr=0x26 valid=Y  reconnect attempts=0
--- Task Controller ---
  Connected:    Y
  TC-GEO (with/without pos): Y/Y
  Task active:  Y
  DRP deviation (DDI 513): 0 mm, last 1382090 ms ago
  GNSS quality (DDI 514):  0, last 1382090 ms ago
  Value commands (any DDI): 7  last DDI=515 (1226035 ms ago)
  Value requests (any DDI): 30817203
  Partner: addr=0xF7 valid=Y  reconnect attempts=0
  Tramline setpoint (DDI 506): 1  -> terminal DOES implement Tramline Control (1334041 ms ago)
  Guidance track (DDI 507-511): (none yet)
=== ISOBUS DEBUG MENU ===
1. Full status dump
2. Periodic summary line (OFF - press to toggle)
3. Reset message counters
4. Dump DDOP as hex (open in AgIsoDDOPGenerator)
5. Dump VT object pool as hex
q. Exit

# 12:17:01.385
=== ISOBUS STATUS ===
Address claim: CLAIMED  address=0x81
Bus load (ch0): 21.7 %
--- Message counters ---
  PGN 129025 Position NMEA2000: 0
  PGN 129026 Speed NMEA2000:    0
  PGN 129283 XTE NMEA2000:      0
  PGN 65267  Position legacy:   6750
  PGN 65256  Speed legacy:      6750   last SA=0x1C raw=0x3
  PGN 65535  XTE JD legacy:     145389   last SA=0xF0 word=0x0 byte1=0x0
             full payload:     0000000000000000  (2 ms ago)
  PGN 60160  XTE Trimble legacy:95   last SA=0x1C
  PGN 64770  AISO stop:         1362   last 1383132 ms ago
  TOTAL:                        160346
--- Guidance telemetry ---
  XTE:          -0.01 m
  Speed:        0.01 m/s (0.01 kn)
  Quality:      4   RTK quality=4  IsRtkQuality=Y
  GGA fix age:  106 ms
  VTG fix age:  104 ms
  XTE fix age:  90 ms
  Lat/Lon/Alt/Course: 53.425369 / 6.720293 / 4.4 m / 138.9 deg
--- Virtual Terminal ---
  Connected:    Y
  State:        21/22  Connected
  VT version:  4
  VT status msgs: 1364   last 149 ms ago
  Partner: addr=0x26 valid=Y  reconnect attempts=0
--- Task Controller ---
  Connected:    Y
  TC-GEO (with/without pos): Y/Y
  Task active:  Y
  DRP deviation (DDI 513): 0 mm, last 1383132 ms ago
  GNSS quality (DDI 514):  0, last 1383132 ms ago
  Value commands (any DDI): 7  last DDI=515 (1227077 ms ago)
  Value requests (any DDI): 30841244
  Partner: addr=0xF7 valid=Y  reconnect attempts=0
  Tramline setpoint (DDI 506): 1  -> terminal DOES implement Tramline Control (1335083 ms ago)
  Guidance track (DDI 507-511): (none yet)
=== ISOBUS DEBUG MENU ===
1. Full status dump
2. Periodic summary line (OFF - press to toggle)
3. Reset message counters
4. Dump DDOP as hex (open in AgIsoDDOPGenerator)
5. Dump VT object pool as hex
q. Exit

# 12:17:02.397
=== ISOBUS STATUS ===
Address claim: CLAIMED  address=0x81
Bus load (ch0): 21.9 %
--- Message counters ---
  PGN 129025 Position NMEA2000: 0
  PGN 129026 Speed NMEA2000:    0
  PGN 129283 XTE NMEA2000:      0
  PGN 65267  Position legacy:   6755
  PGN 65256  Speed legacy:      6755   last SA=0x1C raw=0x3
  PGN 65535  XTE JD legacy:     145497   last SA=0xF0 word=0x0 byte1=0x0
             full payload:     0000000000000000  (16 ms ago)
  PGN 60160  XTE Trimble legacy:95   last SA=0x1C
  PGN 64770  AISO stop:         1363   last 1384166 ms ago
  TOTAL:                        160465
--- Guidance telemetry ---
  XTE:          -0.01 m
  Speed:        0.01 m/s (0.01 kn)
  Quality:      4   RTK quality=4  IsRtkQuality=Y
  GGA fix age:  140 ms
  VTG fix age:  138 ms
  XTE fix age:  124 ms
  Lat/Lon/Alt/Course: 53.425369 / 6.720293 / 4.4 m / 138.9 deg
--- Virtual Terminal ---
  Connected:    Y
  State:        21/22  Connected
  VT version:  4
  VT status msgs: 1365   last 182 ms ago
  Partner: addr=0x26 valid=Y  reconnect attempts=0
--- Task Controller ---
  Connected:    Y
  TC-GEO (with/without pos): Y/Y
  Task active:  Y
  DRP deviation (DDI 513): 0 mm, last 1384166 ms ago
  GNSS quality (DDI 514):  0, last 1384166 ms ago
  Value commands (any DDI): 7  last DDI=515 (1228111 ms ago)
  Value requests (any DDI): 30865096
  Partner: addr=0xF7 valid=Y  reconnect attempts=0
  Tramline setpoint (DDI 506): 1  -> terminal DOES implement Tramline Control (1336117 ms ago)
  Guidance track (DDI 507-511): (none yet)
=== ISOBUS DEBUG MENU ===
1. Full status dump
2. Periodic summary line (OFF - press to toggle)
3. Reset message counters
4. Dump DDOP as hex (open in AgIsoDDOPGenerator)
5. Dump VT object pool as hex
q. Exit

# 12:17:03.435
=== ISOBUS STATUS ===
Address claim: CLAIMED  address=0x81
Bus load (ch0): 21.5 %
--- Message counters ---
  PGN 129025 Position NMEA2000: 0
  PGN 129026 Speed NMEA2000:    0
  PGN 129283 XTE NMEA2000:      0
  PGN 65267  Position legacy:   6760
  PGN 65256  Speed legacy:      6760   last SA=0x1C raw=0x2
  PGN 65535  XTE JD legacy:     145605   last SA=0xF0 word=0x0 byte1=0x0
             full payload:     0000000000000000  (15 ms ago)
  PGN 60160  XTE Trimble legacy:95   last SA=0x1C
  PGN 64770  AISO stop:         1364   last 1385185 ms ago
  TOTAL:                        160584
--- Guidance telemetry ---
  XTE:          -0.01 m
  Speed:        0.00 m/s (0.01 kn)
  Quality:      4   RTK quality=4  IsRtkQuality=Y
  GGA fix age:  159 ms
  VTG fix age:  157 ms
  XTE fix age:  143 ms
  Lat/Lon/Alt/Course: 53.425369 / 6.720293 / 4.4 m / 138.9 deg
--- Virtual Terminal ---
  Connected:    Y
  State:        21/22  Connected
  VT version:  4
  VT status msgs: 1366   last 202 ms ago
  Partner: addr=0x26 valid=Y  reconnect attempts=0
--- Task Controller ---
  Connected:    Y
  TC-GEO (with/without pos): Y/Y
  Task active:  Y
  DRP deviation (DDI 513): 0 mm, last 1385185 ms ago
  GNSS quality (DDI 514):  0, last 1385185 ms ago
  Value commands (any DDI): 7  last DDI=515 (1229130 ms ago)
  Value requests (any DDI): 30888611
  Partner: addr=0xF7 valid=Y  reconnect attempts=0
  Tramline setpoint (DDI 506): 1  -> terminal DOES implement Tramline Control (1337136 ms ago)
  Guidance track (DDI 507-511): (none yet)
=== ISOBUS DEBUG MENU ===
1. Full status dump
2. Periodic summary line (OFF - press to toggle)
3. Reset message counters
4. Dump DDOP as hex (open in AgIsoDDOPGenerator)
5. Dump VT object pool as hex
q. Exit

# 12:17:04.458
=== ISOBUS STATUS ===
Address claim: CLAIMED  address=0x81
Bus load (ch0): 21.0 %
--- Message counters ---
  PGN 129025 Position NMEA2000: 0
  PGN 129026 Speed NMEA2000:    0
  PGN 129283 XTE NMEA2000:      0
  PGN 65267  Position legacy:   6765
  PGN 65256  Speed legacy:      6765   last SA=0x1C raw=0x2
  PGN 65535  XTE JD legacy:     145721   last SA=0xF0 word=0x0 byte1=0x0
             full payload:     0000000000000000  (1 ms ago)
  PGN 60160  XTE Trimble legacy:95   last SA=0x1C
  PGN 64770  AISO stop:         1365   last 1386217 ms ago
  TOTAL:                        160711
--- Guidance telemetry ---
  XTE:          -0.01 m
  Speed:        0.00 m/s (0.01 kn)
  Quality:      4   RTK quality=4  IsRtkQuality=Y
  GGA fix age:  191 ms
  VTG fix age:  189 ms
  XTE fix age:  176 ms
  Lat/Lon/Alt/Course: 53.425369 / 6.720293 / 4.4 m / 138.9 deg
--- Virtual Terminal ---
  Connected:    Y
  State:        21/22  Connected
  VT version:  4
  VT status msgs: 1367   last 233 ms ago
  Partner: addr=0x26 valid=Y  reconnect attempts=0
--- Task Controller ---
  Connected:    Y
  TC-GEO (with/without pos): Y/Y
  Task active:  Y
  DRP deviation (DDI 513): 0 mm, last 1386217 ms ago
  GNSS quality (DDI 514):  0, last 1386217 ms ago
  Value commands (any DDI): 7  last DDI=515 (1230162 ms ago)
  Value requests (any DDI): 30912436
  Partner: addr=0xF7 valid=Y  reconnect attempts=0
  Tramline setpoint (DDI 506): 1  -> terminal DOES implement Tramline Control (1338168 ms ago)
  Guidance track (DDI 507-511): (none yet)
=== ISOBUS DEBUG MENU ===
1. Full status dump
2. Periodic summary line (OFF - press to toggle)
3. Reset message counters
4. Dump DDOP as hex (open in AgIsoDDOPGenerator)
5. Dump VT object pool as hex
q. Exit

# 12:17:05.504
=== ISOBUS STATUS ===
Address claim: CLAIMED  address=0x81
Bus load (ch0): 21.5 %
--- Message counters ---
  PGN 129025 Position NMEA2000: 0
  PGN 129026 Speed NMEA2000:    0
  PGN 129283 XTE NMEA2000:      0
  PGN 65267  Position legacy:   6771
  PGN 65256  Speed legacy:      6771   last SA=0x1C raw=0x1
  PGN 65535  XTE JD legacy:     145836   last SA=0xF0 word=0x0 byte1=0x0
             full payload:     0000000000000000  (1 ms ago)
  PGN 60160  XTE Trimble legacy:95   last SA=0x1C
  PGN 64770  AISO stop:         1366   last 1387240 ms ago
  TOTAL:                        160839
--- Guidance telemetry ---
  XTE:          -0.01 m
  Speed:        0.00 m/s (0.00 kn)
  Quality:      4   RTK quality=4  IsRtkQuality=Y
  GGA fix age:  14 ms
  VTG fix age:  12 ms
  XTE fix age:  198 ms
  Lat/Lon/Alt/Course: 53.425369 / 6.720293 / 4.4 m / 138.9 deg
--- Virtual Terminal ---
  Connected:    Y
  State:        21/22  Connected
  VT version:  4
  VT status msgs: 1368   last 257 ms ago
  Partner: addr=0x26 valid=Y  reconnect attempts=0
--- Task Controller ---
  Connected:    Y
  TC-GEO (with/without pos): Y/Y
  Task active:  Y
  DRP deviation (DDI 513): 0 mm, last 1387240 ms ago
  GNSS quality (DDI 514):  0, last 1387240 ms ago
  Value commands (any DDI): 7  last DDI=515 (1231185 ms ago)
  Value requests (any DDI): 30936027
  Partner: addr=0xF7 valid=Y  reconnect attempts=0
  Tramline setpoint (DDI 506): 1  -> terminal DOES implement Tramline Control (1339191 ms ago)
  Guidance track (DDI 507-511): (none yet)
=== ISOBUS DEBUG MENU ===
1. Full status dump
2. Periodic summary line (OFF - press to toggle)
3. Reset message counters
4. Dump DDOP as hex (open in AgIsoDDOPGenerator)
5. Dump VT object pool as hex
q. Exit

# 12:17:06.578
=== ISOBUS STATUS ===
Address claim: CLAIMED  address=0x81
Bus load (ch0): 22.3 %
--- Message counters ---
  PGN 129025 Position NMEA2000: 0
  PGN 129026 Speed NMEA2000:    0
  PGN 129283 XTE NMEA2000:      0
  PGN 65267  Position legacy:   6776
  PGN 65256  Speed legacy:      6776   last SA=0x1C raw=0x0
  PGN 65535  XTE JD legacy:     145947   last SA=0xF0 word=0x0 byte1=0x0
             full payload:     0000000000000000  (21 ms ago)
  PGN 60160  XTE Trimble legacy:95   last SA=0x1C
  PGN 64770  AISO stop:         1367   last 1388291 ms ago
  TOTAL:                        160961
--- Guidance telemetry ---
  XTE:          -0.01 m
  Speed:        0.00 m/s (0.00 kn)
  Quality:      4   RTK quality=4  IsRtkQuality=Y
  GGA fix age:  65 ms
  VTG fix age:  63 ms
  XTE fix age:  49 ms
  Lat/Lon/Alt/Course: 53.425369 / 6.720293 / 4.4 m / 138.9 deg
--- Virtual Terminal ---
  Connected:    Y
  State:        21/22  Connected
  VT version:  4
  VT status msgs: 1369   last 307 ms ago
  Partner: addr=0x26 valid=Y  reconnect attempts=0
--- Task Controller ---
  Connected:    Y
  TC-GEO (with/without pos): Y/Y
  Task active:  Y
  DRP deviation (DDI 513): 0 mm, last 1388291 ms ago
  GNSS quality (DDI 514):  0, last 1388291 ms ago
  Value commands (any DDI): 7  last DDI=515 (1232236 ms ago)
  Value requests (any DDI): 30960298
  Partner: addr=0xF7 valid=Y  reconnect attempts=0
  Tramline setpoint (DDI 506): 1  -> terminal DOES implement Tramline Control (1340242 ms ago)
  Guidance track (DDI 507-511): (none yet)
=== ISOBUS DEBUG MENU ===
1. Full status dump
2. Periodic summary line (OFF - press to toggle)
3. Reset message counters
4. Dump DDOP as hex (open in AgIsoDDOPGenerator)
5. Dump VT object pool as hex
q. Exit

# 12:17:07.612
=== ISOBUS STATUS ===
Address claim: CLAIMED  address=0x81
Bus load (ch0): 21.7 %
--- Message counters ---
  PGN 129025 Position NMEA2000: 0
  PGN 129026 Speed NMEA2000:    0
  PGN 129283 XTE NMEA2000:      0
  PGN 65267  Position legacy:   6781
  PGN 65256  Speed legacy:      6781   last SA=0x1C raw=0x3
  PGN 65535  XTE JD legacy:     146061   last SA=0xF0 word=0x0 byte1=0x0
             full payload:     0000000000000000  (9 ms ago)
  PGN 60160  XTE Trimble legacy:95   last SA=0x1C
  PGN 64770  AISO stop:         1368   last 1389359 ms ago
  TOTAL:                        161086
--- Guidance telemetry ---
  XTE:          -0.01 m
  Speed:        0.01 m/s (0.01 kn)
  Quality:      4   RTK quality=4  IsRtkQuality=Y
  GGA fix age:  133 ms
  VTG fix age:  131 ms
  XTE fix age:  117 ms
  Lat/Lon/Alt/Course: 53.425369 / 6.720293 / 4.4 m / 138.9 deg
--- Virtual Terminal ---
  Connected:    Y
  State:        21/22  Connected
  VT version:  4
  VT status msgs: 1370   last 376 ms ago
  Partner: addr=0x26 valid=Y  reconnect attempts=0
--- Task Controller ---
  Connected:    Y
  TC-GEO (with/without pos): Y/Y
  Task active:  Y
  DRP deviation (DDI 513): 0 mm, last 1389359 ms ago
  GNSS quality (DDI 514):  0, last 1389359 ms ago
  Value commands (any DDI): 7  last DDI=515 (1233304 ms ago)
  Value requests (any DDI): 30984948
  Partner: addr=0xF7 valid=Y  reconnect attempts=0
  Tramline setpoint (DDI 506): 1  -> terminal DOES implement Tramline Control (1341310 ms ago)
  Guidance track (DDI 507-511): (none yet)
=== ISOBUS DEBUG MENU ===
1. Full status dump
2. Periodic summary line (OFF - press to toggle)
3. Reset message counters
4. Dump DDOP as hex (open in AgIsoDDOPGenerator)
5. Dump VT object pool as hex
q. Exit

# 12:17:08.659
=== ISOBUS STATUS ===
Address claim: CLAIMED  address=0x81
Bus load (ch0): 21.4 %
--- Message counters ---
  PGN 129025 Position NMEA2000: 0
  PGN 129026 Speed NMEA2000:    0
  PGN 129283 XTE NMEA2000:      0
  PGN 65267  Position legacy:   6786
  PGN 65256  Speed legacy:      6786   last SA=0x1C raw=0x0
  PGN 65535  XTE JD legacy:     146170   last SA=0xF0 word=0x0 byte1=0x0
             full payload:     0000000000000000  (4 ms ago)
  PGN 60160  XTE Trimble legacy:95   last SA=0x1C
  PGN 64770  AISO stop:         1369   last 1390396 ms ago
  TOTAL:                        161206
--- Guidance telemetry ---
  XTE:          -0.01 m
  Speed:        0.00 m/s (0.00 kn)
  Quality:      4   RTK quality=4  IsRtkQuality=Y
  GGA fix age:  170 ms
  VTG fix age:  168 ms
  XTE fix age:  154 ms
  Lat/Lon/Alt/Course: 53.425369 / 6.720293 / 4.4 m / 138.9 deg
--- Virtual Terminal ---
  Connected:    Y
  State:        21/22  Connected
  VT version:  4
  VT status msgs: 1371   last 412 ms ago
  Partner: addr=0x26 valid=Y  reconnect attempts=0
--- Task Controller ---
  Connected:    Y
  TC-GEO (with/without pos): Y/Y
  Task active:  Y
  DRP deviation (DDI 513): 0 mm, last 1390396 ms ago
  GNSS quality (DDI 514):  0, last 1390396 ms ago
  Value commands (any DDI): 7  last DDI=515 (1234341 ms ago)
  Value requests (any DDI): 31008873
  Partner: addr=0xF7 valid=Y  reconnect attempts=0
  Tramline setpoint (DDI 506): 1  -> terminal DOES implement Tramline Control (1342347 ms ago)
  Guidance track (DDI 507-511): (none yet)
=== ISOBUS DEBUG MENU ===
1. Full status dump
2. Periodic summary line (OFF - press to toggle)
3. Reset message counters
4. Dump DDOP as hex (open in AgIsoDDOPGenerator)
5. Dump VT object pool as hex
q. Exit

# 12:17:09.709
=== ISOBUS STATUS ===
Address claim: CLAIMED  address=0x81
Bus load (ch0): 21.3 %
--- Message counters ---
  PGN 129025 Position NMEA2000: 0
  PGN 129026 Speed NMEA2000:    0
  PGN 129283 XTE NMEA2000:      0
  PGN 65267  Position legacy:   6792
  PGN 65256  Speed legacy:      6792   last SA=0x1C raw=0x2
  PGN 65535  XTE JD legacy:     146287   last SA=0x2A word=0x7CFF byte1=0x15
             full payload:     771510FF7C2E85FF  (3 ms ago)
  PGN 60160  XTE Trimble legacy:95   last SA=0x1C
  PGN 64770  AISO stop:         1371   last 1391445 ms ago
  TOTAL:                        161337
--- Guidance telemetry ---
  XTE:          -0.01 m
  Speed:        0.00 m/s (0.01 kn)
  Quality:      4   RTK quality=4  IsRtkQuality=Y
  GGA fix age:  19 ms
  VTG fix age:  17 ms
  XTE fix age:  3 ms
  Lat/Lon/Alt/Course: 53.425369 / 6.720293 / 4.4 m / 138.9 deg
--- Virtual Terminal ---
  Connected:    Y
  State:        21/22  Connected
  VT version:  4
  VT status msgs: 1372   last 462 ms ago
  Partner: addr=0x26 valid=Y  reconnect attempts=0
--- Task Controller ---
  Connected:    Y
  TC-GEO (with/without pos): Y/Y
  Task active:  Y
  DRP deviation (DDI 513): 0 mm, last 1391445 ms ago
  GNSS quality (DDI 514):  0, last 1391445 ms ago
  Value commands (any DDI): 7  last DDI=515 (1235390 ms ago)
  Value requests (any DDI): 31033066
  Partner: addr=0xF7 valid=Y  reconnect attempts=0
  Tramline setpoint (DDI 506): 1  -> terminal DOES implement Tramline Control (1343396 ms ago)
  Guidance track (DDI 507-511): (none yet)
=== ISOBUS DEBUG MENU ===
1. Full status dump
2. Periodic summary line (OFF - press to toggle)
3. Reset message counters
4. Dump DDOP as hex (open in AgIsoDDOPGenerator)
5. Dump VT object pool as hex
q. Exit

# 12:17:10.739
=== ISOBUS STATUS ===
Address claim: CLAIMED  address=0x81
Bus load (ch0): 21.5 %
--- Message counters ---
  PGN 129025 Position NMEA2000: 0
  PGN 129026 Speed NMEA2000:    0
  PGN 129283 XTE NMEA2000:      0
  PGN 65267  Position legacy:   6797
  PGN 65256  Speed legacy:      6797   last SA=0x1C raw=0x2
  PGN 65535  XTE JD legacy:     146396   last SA=0xF0 word=0x0 byte1=0x0
             full payload:     0000000000000000  (21 ms ago)
  PGN 60160  XTE Trimble legacy:95   last SA=0x1C
  PGN 64770  AISO stop:         1372   last 1392491 ms ago
  TOTAL:                        161457
--- Guidance telemetry ---
  XTE:          -0.01 m
  Speed:        0.00 m/s (0.01 kn)
  Quality:      4   RTK quality=4  IsRtkQuality=Y
  GGA fix age:  65 ms
  VTG fix age:  63 ms
  XTE fix age:  49 ms
  Lat/Lon/Alt/Course: 53.425369 / 6.720293 / 4.4 m / 138.9 deg
--- Virtual Terminal ---
  Connected:    Y
  State:        21/22  Connected
  VT version:  4
  VT status msgs: 1373   last 507 ms ago
  Partner: addr=0x26 valid=Y  reconnect attempts=0
--- Task Controller ---
  Connected:    Y
  TC-GEO (with/without pos): Y/Y
  Task active:  Y
  DRP deviation (DDI 513): 0 mm, last 1392491 ms ago
  GNSS quality (DDI 514):  0, last 1392491 ms ago
  Value commands (any DDI): 7  last DDI=515 (1236436 ms ago)
  Value requests (any DDI): 31057205
  Partner: addr=0xF7 valid=Y  reconnect attempts=0
  Tramline setpoint (DDI 506): 1  -> terminal DOES implement Tramline Control (1344442 ms ago)
  Guidance track (DDI 507-511): (none yet)
=== ISOBUS DEBUG MENU ===
1. Full status dump
2. Periodic summary line (OFF - press to toggle)
3. Reset message counters
4. Dump DDOP as hex (open in AgIsoDDOPGenerator)
5. Dump VT object pool as hex
q. Exit

# 12:17:11.778
=== ISOBUS STATUS ===
Address claim: CLAIMED  address=0x81
Bus load (ch0): 21.7 %
--- Message counters ---
  PGN 129025 Position NMEA2000: 0
  PGN 129026 Speed NMEA2000:    0
  PGN 129283 XTE NMEA2000:      0
  PGN 65267  Position legacy:   6802
  PGN 65256  Speed legacy:      6802   last SA=0x1C raw=0x2
  PGN 65535  XTE JD legacy:     146506   last SA=0xF0 word=0x0 byte1=0x0
             full payload:     0000000000000000  (10 ms ago)
  PGN 60160  XTE Trimble legacy:95   last SA=0x1C
  PGN 64770  AISO stop:         1373   last 1393522 ms ago
  TOTAL:                        161578
--- Guidance telemetry ---
  XTE:          -0.01 m
  Speed:        0.00 m/s (0.01 kn)
  Quality:      4   RTK quality=4  IsRtkQuality=Y
  GGA fix age:  96 ms
  VTG fix age:  94 ms
  XTE fix age:  80 ms
  Lat/Lon/Alt/Course: 53.425369 / 6.720293 / 4.4 m / 138.9 deg
--- Virtual Terminal ---
  Connected:    Y
  State:        21/22  Connected
  VT version:  4
  VT status msgs: 1374   last 539 ms ago
  Partner: addr=0x26 valid=Y  reconnect attempts=0
--- Task Controller ---
  Connected:    Y
  TC-GEO (with/without pos): Y/Y
  Task active:  Y
  DRP deviation (DDI 513): 0 mm, last 1393522 ms ago
  GNSS quality (DDI 514):  0, last 1393522 ms ago
  Value commands (any DDI): 7  last DDI=515 (1237467 ms ago)
  Value requests (any DDI): 31080993
  Partner: addr=0xF7 valid=Y  reconnect attempts=0
  Tramline setpoint (DDI 506): 1  -> terminal DOES implement Tramline Control (1345473 ms ago)
  Guidance track (DDI 507-511): (none yet)
=== ISOBUS DEBUG MENU ===
1. Full status dump
2. Periodic summary line (OFF - press to toggle)
3. Reset message counters
4. Dump DDOP as hex (open in AgIsoDDOPGenerator)
5. Dump VT object pool as hex
q. Exit

# 12:17:12.815
=== ISOBUS STATUS ===
Address claim: CLAIMED  address=0x81
Bus load (ch0): 22.1 %
--- Message counters ---
  PGN 129025 Position NMEA2000: 0
  PGN 129026 Speed NMEA2000:    0
  PGN 129283 XTE NMEA2000:      0
  PGN 65267  Position legacy:   6807
  PGN 65256  Speed legacy:      6807   last SA=0x1C raw=0x0
  PGN 65535  XTE JD legacy:     146615   last SA=0xF0 word=0x0 byte1=0x0
             full payload:     0000000000000000  (12 ms ago)
  PGN 60160  XTE Trimble legacy:95   last SA=0x1C
  PGN 64770  AISO stop:         1374   last 1394562 ms ago
  TOTAL:                        161698
--- Guidance telemetry ---
  XTE:          -0.01 m
  Speed:        0.00 m/s (0.00 kn)
  Quality:      4   RTK quality=4  IsRtkQuality=Y
  GGA fix age:  136 ms
  VTG fix age:  134 ms
  XTE fix age:  120 ms
  Lat/Lon/Alt/Course: 53.425369 / 6.720293 / 4.4 m / 138.9 deg
--- Virtual Terminal ---
  Connected:    Y
  State:        21/22  Connected
  VT version:  4
  VT status msgs: 1375   last 578 ms ago
  Partner: addr=0x26 valid=Y  reconnect attempts=0
--- Task Controller ---
  Connected:    Y
  TC-GEO (with/without pos): Y/Y
  Task active:  Y
  DRP deviation (DDI 513): 0 mm, last 1394562 ms ago
  GNSS quality (DDI 514):  0, last 1394562 ms ago
  Value commands (any DDI): 7  last DDI=515 (1238507 ms ago)
  Value requests (any DDI): 31105019
  Partner: addr=0xF7 valid=Y  reconnect attempts=0
  Tramline setpoint (DDI 506): 1  -> terminal DOES implement Tramline Control (1346513 ms ago)
  Guidance track (DDI 507-511): (none yet)
=== ISOBUS DEBUG MENU ===
1. Full status dump
2. Periodic summary line (OFF - press to toggle)
3. Reset message counters
4. Dump DDOP as hex (open in AgIsoDDOPGenerator)
5. Dump VT object pool as hex
q. Exit

# 12:17:13.870
=== ISOBUS STATUS ===
Address claim: CLAIMED  address=0x81
Bus load (ch0): 21.4 %
--- Message counters ---
  PGN 129025 Position NMEA2000: 0
  PGN 129026 Speed NMEA2000:    0
  PGN 129283 XTE NMEA2000:      0
  PGN 65267  Position legacy:   6812
  PGN 65256  Speed legacy:      6812   last SA=0x1C raw=0x2
  PGN 65535  XTE JD legacy:     146724   last SA=0xF0 word=0x0 byte1=0x0
             full payload:     0000000000000000  (8 ms ago)
  PGN 60160  XTE Trimble legacy:95   last SA=0x1C
  PGN 64770  AISO stop:         1375   last 1395600 ms ago
  TOTAL:                        161818
--- Guidance telemetry ---
  XTE:          -0.01 m
  Speed:        0.00 m/s (0.01 kn)
  Quality:      4   RTK quality=4  IsRtkQuality=Y
  GGA fix age:  174 ms
  VTG fix age:  172 ms
  XTE fix age:  158 ms
  Lat/Lon/Alt/Course: 53.425369 / 6.720293 / 4.4 m / 138.9 deg
--- Virtual Terminal ---
  Connected:    Y
  State:        21/22  Connected
  VT version:  4
  VT status msgs: 1376   last 617 ms ago
  Partner: addr=0x26 valid=Y  reconnect attempts=0
--- Task Controller ---
  Connected:    Y
  TC-GEO (with/without pos): Y/Y
  Task active:  Y
  DRP deviation (DDI 513): 0 mm, last 1395600 ms ago
  GNSS quality (DDI 514):  0, last 1395600 ms ago
  Value commands (any DDI): 7  last DDI=515 (1239545 ms ago)
  Value requests (any DDI): 31129000
  Partner: addr=0xF7 valid=Y  reconnect attempts=0
  Tramline setpoint (DDI 506): 1  -> terminal DOES implement Tramline Control (1347551 ms ago)
  Guidance track (DDI 507-511): (none yet)
=== ISOBUS DEBUG MENU ===
1. Full status dump
2. Periodic summary line (OFF - press to toggle)
3. Reset message counters
4. Dump DDOP as hex (open in AgIsoDDOPGenerator)
5. Dump VT object pool as hex
q. Exit

# 12:17:14.930
=== ISOBUS STATUS ===
Address claim: CLAIMED  address=0x81
Bus load (ch0): 21.4 %
--- Message counters ---
  PGN 129025 Position NMEA2000: 0
  PGN 129026 Speed NMEA2000:    0
  PGN 129283 XTE NMEA2000:      0
  PGN 65267  Position legacy:   6818
  PGN 65256  Speed legacy:      6818   last SA=0x1C raw=0x3
  PGN 65535  XTE JD legacy:     146842   last SA=0xF0 word=0x0 byte1=0x0
             full payload:     0000000000000000  (3 ms ago)
  PGN 60160  XTE Trimble legacy:95   last SA=0x1C
  PGN 64770  AISO stop:         1376   last 1396653 ms ago
  TOTAL:                        161949
--- Guidance telemetry ---
  XTE:          -0.01 m
  Speed:        0.01 m/s (0.01 kn)
  Quality:      4   RTK quality=4  IsRtkQuality=Y
  GGA fix age:  27 ms
  VTG fix age:  25 ms
  XTE fix age:  11 ms
  Lat/Lon/Alt/Course: 53.425369 / 6.720293 / 4.4 m / 138.9 deg
--- Virtual Terminal ---
  Connected:    Y
  State:        21/22  Connected
  VT version:  4
  VT status msgs: 1377   last 669 ms ago
  Partner: addr=0x26 valid=Y  reconnect attempts=0
--- Task Controller ---
  Connected:    Y
  TC-GEO (with/without pos): Y/Y
  Task active:  Y
  DRP deviation (DDI 513): 0 mm, last 1396653 ms ago
  GNSS quality (DDI 514):  0, last 1396653 ms ago
  Value commands (any DDI): 7  last DDI=515 (1240598 ms ago)
  Value requests (any DDI): 31153307
  Partner: addr=0xF7 valid=Y  reconnect attempts=0
  Tramline setpoint (DDI 506): 1  -> terminal DOES implement Tramline Control (1348604 ms ago)
  Guidance track (DDI 507-511): (none yet)
=== ISOBUS DEBUG MENU ===
1. Full status dump
2. Periodic summary line (OFF - press to toggle)
3. Reset message counters
4. Dump DDOP as hex (open in AgIsoDDOPGenerator)
5. Dump VT object pool as hex
q. Exit

# 12:17:15.954
=== ISOBUS STATUS ===
Address claim: CLAIMED  address=0x81
Bus load (ch0): 21.5 %
--- Message counters ---
  PGN 129025 Position NMEA2000: 0
  PGN 129026 Speed NMEA2000:    0
  PGN 129283 XTE NMEA2000:      0
  PGN 65267  Position legacy:   6823
  PGN 65256  Speed legacy:      6823   last SA=0x1C raw=0x0
  PGN 65535  XTE JD legacy:     146953   last SA=0xF0 word=0x0 byte1=0x0
             full payload:     0000000000000000  (2 ms ago)
  PGN 60160  XTE Trimble legacy:95   last SA=0x1C
  PGN 64770  AISO stop:         1377   last 1397714 ms ago
  TOTAL:                        162071
--- Guidance telemetry ---
  XTE:          -0.01 m
  Speed:        0.00 m/s (0.00 kn)
  Quality:      4   RTK quality=4  IsRtkQuality=Y
  GGA fix age:  88 ms
  VTG fix age:  86 ms
  XTE fix age:  72 ms
  Lat/Lon/Alt/Course: 53.425369 / 6.720293 / 4.4 m / 138.9 deg
--- Virtual Terminal ---
  Connected:    Y
  State:        21/22  Connected
  VT version:  4
  VT status msgs: 1379   last 381 ms ago
  Partner: addr=0x26 valid=Y  reconnect attempts=0
--- Task Controller ---
  Connected:    Y
  TC-GEO (with/without pos): Y/Y
  Task active:  Y
  DRP deviation (DDI 513): 0 mm, last 1397714 ms ago
  GNSS quality (DDI 514):  0, last 1397714 ms ago
  Value commands (any DDI): 7  last DDI=515 (1241659 ms ago)
  Value requests (any DDI): 31177812
  Partner: addr=0xF7 valid=Y  reconnect attempts=0
  Tramline setpoint (DDI 506): 1  -> terminal DOES implement Tramline Control (1349665 ms ago)
  Guidance track (DDI 507-511): (none yet)
=== ISOBUS DEBUG MENU ===
1. Full status dump
2. Periodic summary line (OFF - press to toggle)
3. Reset message counters
4. Dump DDOP as hex (open in AgIsoDDOPGenerator)
5. Dump VT object pool as hex
q. Exit

# 12:17:16.986
=== ISOBUS STATUS ===
Address claim: CLAIMED  address=0x81
Bus load (ch0): 22.0 %
--- Message counters ---
  PGN 129025 Position NMEA2000: 0
  PGN 129026 Speed NMEA2000:    0
  PGN 129283 XTE NMEA2000:      0
  PGN 65267  Position legacy:   6828
  PGN 65256  Speed legacy:      6828   last SA=0x1C raw=0x1
  PGN 65535  XTE JD legacy:     147062   last SA=0xF0 word=0x0 byte1=0x0
             full payload:     0000000000000000  (4 ms ago)
  PGN 60160  XTE Trimble legacy:95   last SA=0x1C
  PGN 64770  AISO stop:         1378   last 1398735 ms ago
  TOTAL:                        162191
--- Guidance telemetry ---
  XTE:          -0.01 m
  Speed:        0.00 m/s (0.00 kn)
  Quality:      4   RTK quality=4  IsRtkQuality=Y
  GGA fix age:  109 ms
  VTG fix age:  107 ms
  XTE fix age:  93 ms
  Lat/Lon/Alt/Course: 53.425369 / 6.720293 / 4.4 m / 138.9 deg
--- Virtual Terminal ---
  Connected:    Y
  State:        21/22  Connected
  VT version:  4
  VT status msgs: 1380   last 401 ms ago
  Partner: addr=0x26 valid=Y  reconnect attempts=0
--- Task Controller ---
  Connected:    Y
  TC-GEO (with/without pos): Y/Y
  Task active:  Y
  DRP deviation (DDI 513): 0 mm, last 1398735 ms ago
  GNSS quality (DDI 514):  0, last 1398735 ms ago
  Value commands (any DDI): 7  last DDI=515 (1242680 ms ago)
  Value requests (any DDI): 31201399
  Partner: addr=0xF7 valid=Y  reconnect attempts=0
  Tramline setpoint (DDI 506): 1  -> terminal DOES implement Tramline Control (1350686 ms ago)
  Guidance track (DDI 507-511): (none yet)
=== ISOBUS DEBUG MENU ===
1. Full status dump
2. Periodic summary line (OFF - press to toggle)
3. Reset message counters
4. Dump DDOP as hex (open in AgIsoDDOPGenerator)
5. Dump VT object pool as hex
q. Exit

# 12:17:18.036
=== ISOBUS STATUS ===
Address claim: CLAIMED  address=0x81
Bus load (ch0): 21.4 %
--- Message counters ---
  PGN 129025 Position NMEA2000: 0
  PGN 129026 Speed NMEA2000:    0
  PGN 129283 XTE NMEA2000:      0
  PGN 65267  Position legacy:   6833
  PGN 65256  Speed legacy:      6833   last SA=0x1C raw=0x2
  PGN 65535  XTE JD legacy:     147172   last SA=0xF0 word=0x0 byte1=0x0
             full payload:     0000000000000000  (15 ms ago)
  PGN 60160  XTE Trimble legacy:95   last SA=0x1C
  PGN 64770  AISO stop:         1379   last 1399769 ms ago
  TOTAL:                        162312
--- Guidance telemetry ---
  XTE:          -0.01 m
  Speed:        0.00 m/s (0.01 kn)
  Quality:      4   RTK quality=4  IsRtkQuality=Y
  GGA fix age:  143 ms
  VTG fix age:  141 ms
  XTE fix age:  127 ms
  Lat/Lon/Alt/Course: 53.425369 / 6.720293 / 4.4 m / 138.9 deg
--- Virtual Terminal ---
  Connected:    Y
  State:        21/22  Connected
  VT version:  4
  VT status msgs: 1381   last 436 ms ago
  Partner: addr=0x26 valid=Y  reconnect attempts=0
--- Task Controller ---
  Connected:    Y
  TC-GEO (with/without pos): Y/Y
  Task active:  Y
  DRP deviation (DDI 513): 0 mm, last 1399769 ms ago
  GNSS quality (DDI 514):  0, last 1399769 ms ago
  Value commands (any DDI): 7  last DDI=515 (1243714 ms ago)
  Value requests (any DDI): 31225263
  Partner: addr=0xF7 valid=Y  reconnect attempts=0
  Tramline setpoint (DDI 506): 1  -> terminal DOES implement Tramline Control (1351720 ms ago)
  Guidance track (DDI 507-511): (none yet)
=== ISOBUS DEBUG MENU ===
1. Full status dump
2. Periodic summary line (OFF - press to toggle)
3. Reset message counters
4. Dump DDOP as hex (open in AgIsoDDOPGenerator)
5. Dump VT object pool as hex
q. Exit

# 12:17:19.060
=== ISOBUS STATUS ===
Address claim: CLAIMED  address=0x81
Bus load (ch0): 22.2 %
--- Message counters ---
  PGN 129025 Position NMEA2000: 0
  PGN 129026 Speed NMEA2000:    0
  PGN 129283 XTE NMEA2000:      0
  PGN 65267  Position legacy:   6838
  PGN 65256  Speed legacy:      6838   last SA=0x1C raw=0x3
  PGN 65535  XTE JD legacy:     147283   last SA=0xF0 word=0x0 byte1=0x0
             full payload:     0000000000000000  (4 ms ago)
  PGN 60160  XTE Trimble legacy:97   last SA=0x1C
  PGN 64770  AISO stop:         1380   last 1400817 ms ago
  TOTAL:                        162436
--- Guidance telemetry ---
  XTE:          -0.01 m
  Speed:        0.01 m/s (0.01 kn)
  Quality:      4   RTK quality=4  IsRtkQuality=Y
  GGA fix age:  191 ms
  VTG fix age:  190 ms
  XTE fix age:  180 ms
  Lat/Lon/Alt/Course: 53.425369 / 6.720293 / 4.4 m / 138.9 deg
--- Virtual Terminal ---
  Connected:    Y
  State:        21/22  Connected
  VT version:  4
  VT status msgs: 1382   last 483 ms ago
  Partner: addr=0x26 valid=Y  reconnect attempts=0
--- Task Controller ---
  Connected:    Y
  TC-GEO (with/without pos): Y/Y
  Task active:  Y
  DRP deviation (DDI 513): 0 mm, last 1400817 ms ago
  GNSS quality (DDI 514):  0, last 1400817 ms ago
  Value commands (any DDI): 7  last DDI=515 (1244762 ms ago)
  Value requests (any DDI): 31249402
  Partner: addr=0xF7 valid=Y  reconnect attempts=0
  Tramline setpoint (DDI 506): 1  -> terminal DOES implement Tramline Control (1352768 ms ago)
  Guidance track (DDI 507-511): (none yet)
=== ISOBUS DEBUG MENU ===
1. Full status dump
2. Periodic summary line (OFF - press to toggle)
3. Reset message counters
4. Dump DDOP as hex (open in AgIsoDDOPGenerator)
5. Dump VT object pool as hex
q. Exit

# 12:17:20.098
=== ISOBUS STATUS ===
Address claim: CLAIMED  address=0x81
Bus load (ch0): 22.1 %
--- Message counters ---
  PGN 129025 Position NMEA2000: 0
  PGN 129026 Speed NMEA2000:    0
  PGN 129283 XTE NMEA2000:      0
  PGN 65267  Position legacy:   6844
  PGN 65256  Speed legacy:      6844   last SA=0x1C raw=0x1
  PGN 65535  XTE JD legacy:     147398   last SA=0x1C word=0x0 byte1=0x0
             full payload:     0000000000000000  (7 ms ago)
  PGN 60160  XTE Trimble legacy:98   last SA=0x1C
  PGN 64770  AISO stop:         1381   last 1401841 ms ago
  TOTAL:                        162565
--- Guidance telemetry ---
  XTE:          -0.01 m
  Speed:        0.00 m/s (0.00 kn)
  Quality:      4   RTK quality=4  IsRtkQuality=Y
  GGA fix age:  15 ms
  VTG fix age:  14 ms
  XTE fix age:  204 ms
  Lat/Lon/Alt/Course: 53.425369 / 6.720293 / 4.4 m / 138.9 deg
--- Virtual Terminal ---
  Connected:    Y
  State:        21/22  Connected
  VT version:  4
  VT status msgs: 1383   last 507 ms ago
  Partner: addr=0x26 valid=Y  reconnect attempts=0
--- Task Controller ---
  Connected:    Y
  TC-GEO (with/without pos): Y/Y
  Task active:  Y
  DRP deviation (DDI 513): 0 mm, last 1401841 ms ago
  GNSS quality (DDI 514):  0, last 1401841 ms ago
  Value commands (any DDI): 7  last DDI=515 (1245786 ms ago)
  Value requests (any DDI): 31273004
  Partner: addr=0xF7 valid=Y  reconnect attempts=0
  Tramline setpoint (DDI 506): 1  -> terminal DOES implement Tramline Control (1353792 ms ago)
  Guidance track (DDI 507-511): (none yet)
=== ISOBUS DEBUG MENU ===
1. Full status dump
2. Periodic summary line (OFF - press to toggle)
3. Reset message counters
4. Dump DDOP as hex (open in AgIsoDDOPGenerator)
5. Dump VT object pool as hex
q. Exit
VT: Wider pressed

# 12:17:21.155
=== ISOBUS STATUS ===
Address claim: CLAIMED  address=0x81
Bus load (ch0): 21.8 %
--- Message counters ---
  PGN 129025 Position NMEA2000: 0
  PGN 129026 Speed NMEA2000:    0
  PGN 129283 XTE NMEA2000:      0
  PGN 65267  Position legacy:   6849
  PGN 65256  Speed legacy:      6849   last SA=0x1C raw=0x5
  PGN 65535  XTE JD legacy:     147509   last SA=0xF0 word=0x0 byte1=0x0
             full payload:     0000000000000000  (12 ms ago)
  PGN 60160  XTE Trimble legacy:98   last SA=0x1C
  PGN 64770  AISO stop:         1382   last 1402883 ms ago
  TOTAL:                        162687
--- Guidance telemetry ---
  XTE:          -0.01 m
  Speed:        0.01 m/s (0.02 kn)
  Quality:      4   RTK quality=4  IsRtkQuality=Y
  GGA fix age:  57 ms
  VTG fix age:  55 ms
  XTE fix age:  41 ms
  Lat/Lon/Alt/Course: 53.425369 / 6.720293 / 4.4 m / 138.9 deg
--- Virtual Terminal ---
  Connected:    Y
  State:        21/22  Connected
  VT version:  4
  VT status msgs: 1384   last 549 ms ago
  Partner: addr=0x26 valid=Y  reconnect attempts=0
--- Task Controller ---
  Connected:    Y
  TC-GEO (with/without pos): Y/Y
  Task active:  Y
  DRP deviation (DDI 513): 0 mm, last 1402883 ms ago
  GNSS quality (DDI 514):  0, last 1402883 ms ago
  Value commands (any DDI): 7  last DDI=515 (1246828 ms ago)
  Value requests (any DDI): 31296955
  Partner: addr=0xF7 valid=Y  reconnect attempts=0
  Tramline setpoint (DDI 506): 1  -> terminal DOES implement Tramline Control (1354834 ms ago)
  Guidance track (DDI 507-511): (none yet)
=== ISOBUS DEBUG MENU ===
1. Full status dump
2. Periodic summary line (OFF - press to toggle)
3. Reset message counters
4. Dump DDOP as hex (open in AgIsoDDOPGenerator)
5. Dump VT object pool as hex
q. Exit

# 12:17:22.165
=== ISOBUS STATUS ===
Address claim: CLAIMED  address=0x81
Bus load (ch0): 22.1 %
--- Message counters ---
  PGN 129025 Position NMEA2000: 0
  PGN 129026 Speed NMEA2000:    0
  PGN 129283 XTE NMEA2000:      0
  PGN 65267  Position legacy:   6854
  PGN 65256  Speed legacy:      6854   last SA=0x1C raw=0x3
  PGN 65535  XTE JD legacy:     147619   last SA=0xF0 word=0x0 byte1=0x0
             full payload:     0000000000000000  (5 ms ago)
  PGN 60160  XTE Trimble legacy:98   last SA=0x1C
  PGN 64770  AISO stop:         1383   last 1403936 ms ago
  TOTAL:                        162808
--- Guidance telemetry ---
  XTE:          -0.01 m
  Speed:        0.01 m/s (0.01 kn)
  Quality:      4   RTK quality=4  IsRtkQuality=Y
  GGA fix age:  110 ms
  VTG fix age:  109 ms
  XTE fix age:  94 ms
  Lat/Lon/Alt/Course: 53.425369 / 6.720293 / 4.4 m / 138.9 deg
--- Virtual Terminal ---
  Connected:    Y
  State:        21/22  Connected
  VT version:  4
  VT status msgs: 1385   last 603 ms ago
  Partner: addr=0x26 valid=Y  reconnect attempts=0
--- Task Controller ---
  Connected:    Y
  TC-GEO (with/without pos): Y/Y
  Task active:  Y
  DRP deviation (DDI 513): 0 mm, last 1403937 ms ago
  GNSS quality (DDI 514):  0, last 1403937 ms ago
  Value commands (any DDI): 7  last DDI=515 (1247882 ms ago)
  Value requests (any DDI): 31321275
  Partner: addr=0xF7 valid=Y  reconnect attempts=0
  Tramline setpoint (DDI 506): 1  -> terminal DOES implement Tramline Control (1355888 ms ago)
  Guidance track (DDI 507-511): (none yet)
=== ISOBUS DEBUG MENU ===
1. Full status dump
2. Periodic summary line (OFF - press to toggle)
3. Reset message counters
4. Dump DDOP as hex (open in AgIsoDDOPGenerator)
5. Dump VT object pool as hex
q. Exit

# 12:17:23.202
=== ISOBUS STATUS ===
Address claim: CLAIMED  address=0x81
Bus load (ch0): 22.1 %
--- Message counters ---
  PGN 129025 Position NMEA2000: 0
  PGN 129026 Speed NMEA2000:    0
  PGN 129283 XTE NMEA2000:      0
  PGN 65267  Position legacy:   6859
  PGN 65256  Speed legacy:      6859   last SA=0x1C raw=0x3
  PGN 65535  XTE JD legacy:     147726   last SA=0xF0 word=0x0 byte1=0x0
             full payload:     0000000000000000  (15 ms ago)
  PGN 60160  XTE Trimble legacy:98   last SA=0x1C
  PGN 64770  AISO stop:         1384   last 1404946 ms ago
  TOTAL:                        162926
--- Guidance telemetry ---
  XTE:          -0.01 m
  Speed:        0.01 m/s (0.01 kn)
  Quality:      4   RTK quality=4  IsRtkQuality=Y
  GGA fix age:  120 ms
  VTG fix age:  118 ms
  XTE fix age:  109 ms
  Lat/Lon/Alt/Course: 53.425369 / 6.720293 / 4.4 m / 138.9 deg
--- Virtual Terminal ---
  Connected:    Y
  State:        21/22  Connected
  VT version:  4
  VT status msgs: 1386   last 612 ms ago
  Partner: addr=0x26 valid=Y  reconnect attempts=0
--- Task Controller ---
  Connected:    Y
  TC-GEO (with/without pos): Y/Y
  Task active:  Y
  DRP deviation (DDI 513): 0 mm, last 1404946 ms ago
  GNSS quality (DDI 514):  0, last 1404946 ms ago
  Value commands (any DDI): 7  last DDI=515 (1248891 ms ago)
  Value requests (any DDI): 31344589
  Partner: addr=0xF7 valid=Y  reconnect attempts=0
  Tramline setpoint (DDI 506): 1  -> terminal DOES implement Tramline Control (1356897 ms ago)
  Guidance track (DDI 507-511): (none yet)
=== ISOBUS DEBUG MENU ===
1. Full status dump
2. Periodic summary line (OFF - press to toggle)
3. Reset message counters
4. Dump DDOP as hex (open in AgIsoDDOPGenerator)
5. Dump VT object pool as hex
q. Exit
VT: Wider pressed

# 12:17:24.269
=== ISOBUS STATUS ===
Address claim: CLAIMED  address=0x81
Bus load (ch0): 21.9 %
--- Message counters ---
  PGN 129025 Position NMEA2000: 0
  PGN 129026 Speed NMEA2000:    0
  PGN 129283 XTE NMEA2000:      0
  PGN 65267  Position legacy:   6864
  PGN 65256  Speed legacy:      6864   last SA=0x1C raw=0x1
  PGN 65535  XTE JD legacy:     147836   last SA=0x1C word=0x0 byte1=0x0
             full payload:     0000000000000000  (16 ms ago)
  PGN 60160  XTE Trimble legacy:98   last SA=0x1C
  PGN 64770  AISO stop:         1385   last 1405987 ms ago
  TOTAL:                        163047
--- Guidance telemetry ---
  XTE:          -0.01 m
  Speed:        0.00 m/s (0.00 kn)
  Quality:      4   RTK quality=4  IsRtkQuality=Y
  GGA fix age:  161 ms
  VTG fix age:  160 ms
  XTE fix age:  145 ms
  Lat/Lon/Alt/Course: 53.425369 / 6.720293 / 4.4 m / 138.9 deg
--- Virtual Terminal ---
  Connected:    Y
  State:        21/22  Connected
  VT version:  4
  VT status msgs: 1387   last 653 ms ago
  Partner: addr=0x26 valid=Y  reconnect attempts=0
--- Task Controller ---
  Connected:    Y
  TC-GEO (with/without pos): Y/Y
  Task active:  Y
  DRP deviation (DDI 513): 0 mm, last 1405987 ms ago
  GNSS quality (DDI 514):  0, last 1405987 ms ago
  Value commands (any DDI): 7  last DDI=515 (1249932 ms ago)
  Value requests (any DDI): 31368496
  Partner: addr=0xF7 valid=Y  reconnect attempts=0
  Tramline setpoint (DDI 506): 1  -> terminal DOES implement Tramline Control (1357938 ms ago)
  Guidance track (DDI 507-511): (none yet)
=== ISOBUS DEBUG MENU ===
1. Full status dump
2. Periodic summary line (OFF - press to toggle)
3. Reset message counters
4. Dump DDOP as hex (open in AgIsoDDOPGenerator)
5. Dump VT object pool as hex
q. Exit

# 12:17:25.296
=== ISOBUS STATUS ===
Address claim: CLAIMED  address=0x81
Bus load (ch0): 21.5 %
--- Message counters ---
  PGN 129025 Position NMEA2000: 0
  PGN 129026 Speed NMEA2000:    0
  PGN 129283 XTE NMEA2000:      0
  PGN 65267  Position legacy:   6870
  PGN 65256  Speed legacy:      6870   last SA=0x1C raw=0x1
  PGN 65535  XTE JD legacy:     147956   last SA=0xF0 word=0x0 byte1=0x0
             full payload:     0000000000000000  (4 ms ago)
  PGN 60160  XTE Trimble legacy:98   last SA=0x1C
  PGN 64770  AISO stop:         1386   last 1407054 ms ago
  TOTAL:                        163180
--- Guidance telemetry ---
  XTE:          -0.01 m
  Speed:        0.00 m/s (0.00 kn)
  Quality:      4   RTK quality=4  IsRtkQuality=Y
  GGA fix age:  28 ms
  VTG fix age:  27 ms
  XTE fix age:  12 ms
  Lat/Lon/Alt/Course: 53.425369 / 6.720293 / 4.4 m / 138.9 deg
--- Virtual Terminal ---
  Connected:    Y
  State:        21/22  Connected
  VT version:  4
  VT status msgs: 1388   last 720 ms ago
  Partner: addr=0x26 valid=Y  reconnect attempts=0
--- Task Controller ---
  Connected:    Y
  TC-GEO (with/without pos): Y/Y
  Task active:  Y
  DRP deviation (DDI 513): 0 mm, last 1407054 ms ago
  GNSS quality (DDI 514):  0, last 1407054 ms ago
  Value commands (any DDI): 7  last DDI=515 (1250999 ms ago)
  Value requests (any DDI): 31393129
  Partner: addr=0xF7 valid=Y  reconnect attempts=0
  Tramline setpoint (DDI 506): 1  -> terminal DOES implement Tramline Control (1359005 ms ago)
  Guidance track (DDI 507-511): (none yet)
=== ISOBUS DEBUG MENU ===
1. Full status dump
2. Periodic summary line (OFF - press to toggle)
3. Reset message counters
4. Dump DDOP as hex (open in AgIsoDDOPGenerator)
5. Dump VT object pool as hex
q. Exit

# 12:17:26.342
=== ISOBUS STATUS ===
Address claim: CLAIMED  address=0x81
Bus load (ch0): 21.8 %
--- Message counters ---
  PGN 129025 Position NMEA2000: 0
  PGN 129026 Speed NMEA2000:    0
  PGN 129283 XTE NMEA2000:      0
  PGN 65267  Position legacy:   6875
  PGN 65256  Speed legacy:      6875   last SA=0x1C raw=0x0
  PGN 65535  XTE JD legacy:     148065   last SA=0xF0 word=0x0 byte1=0x0
             full payload:     0000000000000000  (6 ms ago)
  PGN 60160  XTE Trimble legacy:98   last SA=0x1C
  PGN 64770  AISO stop:         1387   last 1408077 ms ago
  TOTAL:                        163300
--- Guidance telemetry ---
  XTE:          -0.01 m
  Speed:        0.00 m/s (0.00 kn)
  Quality:      4   RTK quality=4  IsRtkQuality=Y
  GGA fix age:  51 ms
  VTG fix age:  50 ms
  XTE fix age:  35 ms
  Lat/Lon/Alt/Course: 53.425369 / 6.720293 / 4.4 m / 138.9 deg
--- Virtual Terminal ---
  Connected:    Y
  State:        21/22  Connected
  VT version:  4
  VT status msgs: 1389   last 743 ms ago
  Partner: addr=0x26 valid=Y  reconnect attempts=0
--- Task Controller ---
  Connected:    Y
  TC-GEO (with/without pos): Y/Y
  Task active:  Y
  DRP deviation (DDI 513): 0 mm, last 1408077 ms ago
  GNSS quality (DDI 514):  0, last 1408077 ms ago
  Value commands (any DDI): 7  last DDI=515 (1252022 ms ago)
  Value requests (any DDI): 31416613
  Partner: addr=0xF7 valid=Y  reconnect attempts=0
  Tramline setpoint (DDI 506): 1  -> terminal DOES implement Tramline Control (1360028 ms ago)
  Guidance track (DDI 507-511): (none yet)
=== ISOBUS DEBUG MENU ===
1. Full status dump
2. Periodic summary line (OFF - press to toggle)
3. Reset message counters
4. Dump DDOP as hex (open in AgIsoDDOPGenerator)
5. Dump VT object pool as hex
q. Exit

# 12:17:27.371
=== ISOBUS STATUS ===
Address claim: CLAIMED  address=0x81
Bus load (ch0): 21.5 %
--- Message counters ---
  PGN 129025 Position NMEA2000: 0
  PGN 129026 Speed NMEA2000:    0
  PGN 129283 XTE NMEA2000:      0
  PGN 65267  Position legacy:   6880
  PGN 65256  Speed legacy:      6880   last SA=0x1C raw=0x1
  PGN 65535  XTE JD legacy:     148176   last SA=0xF0 word=0x0 byte1=0x0
             full payload:     0000000000000000  (7 ms ago)
  PGN 60160  XTE Trimble legacy:98   last SA=0x1C
  PGN 64770  AISO stop:         1388   last 1409139 ms ago
  TOTAL:                        163422
--- Guidance telemetry ---
  XTE:          -0.01 m
  Speed:        0.00 m/s (0.00 kn)
  Quality:      4   RTK quality=4  IsRtkQuality=Y
  GGA fix age:  113 ms
  VTG fix age:  112 ms
  XTE fix age:  97 ms
  Lat/Lon/Alt/Course: 53.425369 / 6.720293 / 4.4 m / 138.9 deg
--- Virtual Terminal ---
  Connected:    Y
  State:        21/22  Connected
  VT version:  4
  VT status msgs: 1390   last 805 ms ago
  Partner: addr=0x26 valid=Y  reconnect attempts=0
--- Task Controller ---
  Connected:    Y
  TC-GEO (with/without pos): Y/Y
  Task active:  Y
  DRP deviation (DDI 513): 0 mm, last 1409139 ms ago
  GNSS quality (DDI 514):  0, last 1409139 ms ago
  Value commands (any DDI): 7  last DDI=515 (1253084 ms ago)
  Value requests (any DDI): 31440946
  Partner: addr=0xF7 valid=Y  reconnect attempts=0
  Tramline setpoint (DDI 506): 1  -> terminal DOES implement Tramline Control (1361090 ms ago)
  Guidance track (DDI 507-511): (none yet)
=== ISOBUS DEBUG MENU ===
1. Full status dump
2. Periodic summary line (OFF - press to toggle)
3. Reset message counters
4. Dump DDOP as hex (open in AgIsoDDOPGenerator)
5. Dump VT object pool as hex
q. Exit

# 12:17:28.418
=== ISOBUS STATUS ===
Address claim: CLAIMED  address=0x81
Bus load (ch0): 21.8 %
--- Message counters ---
  PGN 129025 Position NMEA2000: 0
  PGN 129026 Speed NMEA2000:    0
  PGN 129283 XTE NMEA2000:      0
  PGN 65267  Position legacy:   6885
  PGN 65256  Speed legacy:      6885   last SA=0x1C raw=0x3
  PGN 65535  XTE JD legacy:     148284   last SA=0xF0 word=0x0 byte1=0x0
             full payload:     0000000000000000  (3 ms ago)
  PGN 60160  XTE Trimble legacy:98   last SA=0x1C
  PGN 64770  AISO stop:         1389   last 1410153 ms ago
  TOTAL:                        163541
--- Guidance telemetry ---
  XTE:          -0.01 m
  Speed:        0.01 m/s (0.01 kn)
  Quality:      4   RTK quality=4  IsRtkQuality=Y
  GGA fix age:  127 ms
  VTG fix age:  126 ms
  XTE fix age:  111 ms
  Lat/Lon/Alt/Course: 53.425369 / 6.720293 / 4.4 m / 138.9 deg
--- Virtual Terminal ---
  Connected:    Y
  State:        21/22  Connected
  VT version:  4
  VT status msgs: 1391   last 819 ms ago
  Partner: addr=0x26 valid=Y  reconnect attempts=0
--- Task Controller ---
  Connected:    Y
  TC-GEO (with/without pos): Y/Y
  Task active:  Y
  DRP deviation (DDI 513): 0 mm, last 1410153 ms ago
  GNSS quality (DDI 514):  0, last 1410153 ms ago
  Value commands (any DDI): 7  last DDI=515 (1254098 ms ago)
  Value requests (any DDI): 31464296
  Partner: addr=0xF7 valid=Y  reconnect attempts=0
  Tramline setpoint (DDI 506): 1  -> terminal DOES implement Tramline Control (1362104 ms ago)
  Guidance track (DDI 507-511): (none yet)
=== ISOBUS DEBUG MENU ===
1. Full status dump
2. Periodic summary line (OFF - press to toggle)
3. Reset message counters
4. Dump DDOP as hex (open in AgIsoDDOPGenerator)
5. Dump VT object pool as hex
q. Exit

# 12:17:29.431
=== ISOBUS STATUS ===
Address claim: CLAIMED  address=0x81
Bus load (ch0): 21.6 %
--- Message counters ---
  PGN 129025 Position NMEA2000: 0
  PGN 129026 Speed NMEA2000:    0
  PGN 129283 XTE NMEA2000:      0
  PGN 65267  Position legacy:   6890
  PGN 65256  Speed legacy:      6890   last SA=0x1C raw=0x1
  PGN 65535  XTE JD legacy:     148393   last SA=0xF0 word=0x0 byte1=0x0
             full payload:     0000000000000000  (9 ms ago)
  PGN 60160  XTE Trimble legacy:98   last SA=0x1C
  PGN 64770  AISO stop:         1390   last 1411202 ms ago
  TOTAL:                        163661
--- Guidance telemetry ---
  XTE:          -0.01 m
  Speed:        0.00 m/s (0.00 kn)
  Quality:      4   RTK quality=4  IsRtkQuality=Y
  GGA fix age:  176 ms
  VTG fix age:  175 ms
  XTE fix age:  160 ms
  Lat/Lon/Alt/Course: 53.425369 / 6.720293 / 4.4 m / 138.9 deg
--- Virtual Terminal ---
  Connected:    Y
  State:        21/22  Connected
  VT version:  4
  VT status msgs: 1392   last 868 ms ago
  Partner: addr=0x26 valid=Y  reconnect attempts=0
--- Task Controller ---
  Connected:    Y
  TC-GEO (with/without pos): Y/Y
  Task active:  Y
  DRP deviation (DDI 513): 0 mm, last 1411202 ms ago
  GNSS quality (DDI 514):  0, last 1411202 ms ago
  Value commands (any DDI): 7  last DDI=515 (1255147 ms ago)
  Value requests (any DDI): 31488510
  Partner: addr=0xF7 valid=Y  reconnect attempts=0
  Tramline setpoint (DDI 506): 1  -> terminal DOES implement Tramline Control (1363153 ms ago)
  Guidance track (DDI 507-511): (none yet)
=== ISOBUS DEBUG MENU ===
1. Full status dump
2. Periodic summary line (OFF - press to toggle)
3. Reset message counters
4. Dump DDOP as hex (open in AgIsoDDOPGenerator)
5. Dump VT object pool as hex
q. Exit

# 12:17:30.467
=== ISOBUS STATUS ===
Address claim: CLAIMED  address=0x81
Bus load (ch0): 21.3 %
--- Message counters ---
  PGN 129025 Position NMEA2000: 0
  PGN 129026 Speed NMEA2000:    0
  PGN 129283 XTE NMEA2000:      0
  PGN 65267  Position legacy:   6895
  PGN 65256  Speed legacy:      6895   last SA=0x1C raw=0x2
  PGN 65535  XTE JD legacy:     148501   last SA=0xF0 word=0x0 byte1=0x0
             full payload:     0000000000000000  (3 ms ago)
  PGN 60160  XTE Trimble legacy:98   last SA=0x1C
  PGN 64770  AISO stop:         1391   last 1412216 ms ago
  TOTAL:                        163780
--- Guidance telemetry ---
  XTE:          -0.01 m
  Speed:        0.00 m/s (0.01 kn)
  Quality:      4   RTK quality=4  IsRtkQuality=Y
  GGA fix age:  190 ms
  VTG fix age:  189 ms
  XTE fix age:  174 ms
  Lat/Lon/Alt/Course: 53.425369 / 6.720293 / 4.4 m / 138.9 deg
--- Virtual Terminal ---
  Connected:    Y
  State:        21/22  Connected
  VT version:  4
  VT status msgs: 1393   last 882 ms ago
  Partner: addr=0x26 valid=Y  reconnect attempts=0
--- Task Controller ---
  Connected:    Y
  TC-GEO (with/without pos): Y/Y
  Task active:  Y
  DRP deviation (DDI 513): 0 mm, last 1412216 ms ago
  GNSS quality (DDI 514):  0, last 1412216 ms ago
  Value commands (any DDI): 7  last DDI=515 (1256161 ms ago)
  Value requests (any DDI): 31511939
  Partner: addr=0xF7 valid=Y  reconnect attempts=0
  Tramline setpoint (DDI 506): 1  -> terminal DOES implement Tramline Control (1364167 ms ago)
  Guidance track (DDI 507-511): (none yet)
=== ISOBUS DEBUG MENU ===
1. Full status dump
2. Periodic summary line (OFF - press to toggle)
3. Reset message counters
4. Dump DDOP as hex (open in AgIsoDDOPGenerator)
5. Dump VT object pool as hex
q. Exit

# 12:17:31.507
=== ISOBUS STATUS ===
Address claim: CLAIMED  address=0x81
Bus load (ch0): 21.6 %
--- Message counters ---
  PGN 129025 Position NMEA2000: 0
  PGN 129026 Speed NMEA2000:    0
  PGN 129283 XTE NMEA2000:      0
  PGN 65267  Position legacy:   6901
  PGN 65256  Speed legacy:      6901   last SA=0x1C raw=0x3
  PGN 65535  XTE JD legacy:     148618   last SA=0x2A word=0x7CFF byte1=0x15
             full payload:     771510FF7C2E85FF  (8 ms ago)
  PGN 60160  XTE Trimble legacy:98   last SA=0x1C
  PGN 64770  AISO stop:         1392   last 1413250 ms ago
  TOTAL:                        163910
--- Guidance telemetry ---
  XTE:          -0.01 m
  Speed:        0.01 m/s (0.01 kn)
  Quality:      4   RTK quality=4  IsRtkQuality=Y
  GGA fix age:  24 ms
  VTG fix age:  23 ms
  XTE fix age:  8 ms
  Lat/Lon/Alt/Course: 53.425369 / 6.720293 / 4.4 m / 138.9 deg
--- Virtual Terminal ---
  Connected:    Y
  State:        21/22  Connected
  VT version:  4
  VT status msgs: 1394   last 916 ms ago
  Partner: addr=0x26 valid=Y  reconnect attempts=0
--- Task Controller ---
  Connected:    Y
  TC-GEO (with/without pos): Y/Y
  Task active:  Y
  DRP deviation (DDI 513): 0 mm, last 1413250 ms ago
  GNSS quality (DDI 514):  0, last 1413250 ms ago
  Value commands (any DDI): 7  last DDI=515 (1257195 ms ago)
  Value requests (any DDI): 31535794
  Partner: addr=0xF7 valid=Y  reconnect attempts=0
  Tramline setpoint (DDI 506): 1  -> terminal DOES implement Tramline Control (1365201 ms ago)
  Guidance track (DDI 507-511): (none yet)
=== ISOBUS DEBUG MENU ===
1. Full status dump
2. Periodic summary line (OFF - press to toggle)
3. Reset message counters
4. Dump DDOP as hex (open in AgIsoDDOPGenerator)
5. Dump VT object pool as hex
q. Exit

# 12:17:32.555
=== ISOBUS STATUS ===
Address claim: CLAIMED  address=0x81
Bus load (ch0): 21.5 %
--- Message counters ---
  PGN 129025 Position NMEA2000: 0
  PGN 129026 Speed NMEA2000:    0
  PGN 129283 XTE NMEA2000:      0
  PGN 65267  Position legacy:   6906
  PGN 65256  Speed legacy:      6906   last SA=0x1C raw=0x1
  PGN 65535  XTE JD legacy:     148727   last SA=0xF0 word=0x0 byte1=0x0
             full payload:     0000000000000000  (19 ms ago)
  PGN 60160  XTE Trimble legacy:98   last SA=0x1C
  PGN 64770  AISO stop:         1393   last 1414290 ms ago
  TOTAL:                        164030
--- Guidance telemetry ---
  XTE:          -0.01 m
  Speed:        0.00 m/s (0.00 kn)
  Quality:      4   RTK quality=4  IsRtkQuality=Y
  GGA fix age:  64 ms
  VTG fix age:  63 ms
  XTE fix age:  48 ms
  Lat/Lon/Alt/Course: 53.425369 / 6.720293 / 4.4 m / 138.9 deg
--- Virtual Terminal ---
  Connected:    Y
  State:        21/22  Connected
  VT version:  4
  VT status msgs: 1395   last 956 ms ago
  Partner: addr=0x26 valid=Y  reconnect attempts=0
--- Task Controller ---
  Connected:    Y
  TC-GEO (with/without pos): Y/Y
  Task active:  Y
  DRP deviation (DDI 513): 0 mm, last 1414290 ms ago
  GNSS quality (DDI 514):  0, last 1414290 ms ago
  Value commands (any DDI): 7  last DDI=515 (1258235 ms ago)
  Value requests (any DDI): 31559804
  Partner: addr=0xF7 valid=Y  reconnect attempts=0
  Tramline setpoint (DDI 506): 1  -> terminal DOES implement Tramline Control (1366241 ms ago)
  Guidance track (DDI 507-511): (none yet)
=== ISOBUS DEBUG MENU ===
1. Full status dump
2. Periodic summary line (OFF - press to toggle)
3. Reset message counters
4. Dump DDOP as hex (open in AgIsoDDOPGenerator)
5. Dump VT object pool as hex
q. Exit

# 12:17:33.576
=== ISOBUS STATUS ===
Address claim: CLAIMED  address=0x81
Bus load (ch0): 21.4 %
--- Message counters ---
  PGN 129025 Position NMEA2000: 0
  PGN 129026 Speed NMEA2000:    0
  PGN 129283 XTE NMEA2000:      0
  PGN 65267  Position legacy:   6911
  PGN 65256  Speed legacy:      6911   last SA=0x1C raw=0x1
  PGN 65535  XTE JD legacy:     148840   last SA=0xF0 word=0x0 byte1=0x0
             full payload:     0000000000000000  (6 ms ago)
  PGN 60160  XTE Trimble legacy:98   last SA=0x1C
  PGN 64770  AISO stop:         1394   last 1415338 ms ago
  TOTAL:                        164154
--- Guidance telemetry ---
  XTE:          -0.01 m
  Speed:        0.00 m/s (0.00 kn)
  Quality:      4   RTK quality=4  IsRtkQuality=Y
  GGA fix age:  112 ms
  VTG fix age:  111 ms
  XTE fix age:  96 ms
  Lat/Lon/Alt/Course: 53.425369 / 6.720293 / 4.4 m / 138.9 deg
--- Virtual Terminal ---
  Connected:    Y
  State:        21/22  Connected
  VT version:  4
  VT status msgs: 1397   last 4 ms ago
  Partner: addr=0x26 valid=Y  reconnect attempts=0
--- Task Controller ---
  Connected:    Y
  TC-GEO (with/without pos): Y/Y
  Task active:  Y
  DRP deviation (DDI 513): 0 mm, last 1415338 ms ago
  GNSS quality (DDI 514):  0, last 1415338 ms ago
  Value commands (any DDI): 7  last DDI=515 (1259283 ms ago)
  Value requests (any DDI): 31584013
  Partner: addr=0xF7 valid=Y  reconnect attempts=0
  Tramline setpoint (DDI 506): 1  -> terminal DOES implement Tramline Control (1367289 ms ago)
  Guidance track (DDI 507-511): (none yet)
=== ISOBUS DEBUG MENU ===
1. Full status dump
2. Periodic summary line (OFF - press to toggle)
3. Reset message counters
4. Dump DDOP as hex (open in AgIsoDDOPGenerator)
5. Dump VT object pool as hex
q. Exit

# 12:17:34.588
=== ISOBUS STATUS ===
Address claim: CLAIMED  address=0x81
Bus load (ch0): 21.4 %
--- Message counters ---
  PGN 129025 Position NMEA2000: 0
  PGN 129026 Speed NMEA2000:    0
  PGN 129283 XTE NMEA2000:      0
  PGN 65267  Position legacy:   6916
  PGN 65256  Speed legacy:      6916   last SA=0x1C raw=0x3
  PGN 65535  XTE JD legacy:     148948   last SA=0xF0 word=0x0 byte1=0x0
             full payload:     0000000000000000  (9 ms ago)
  PGN 60160  XTE Trimble legacy:98   last SA=0x1C
  PGN 64770  AISO stop:         1395   last 1416359 ms ago
  TOTAL:                        164273
--- Guidance telemetry ---
  XTE:          -0.01 m
  Speed:        0.01 m/s (0.01 kn)
  Quality:      4   RTK quality=4  IsRtkQuality=Y
  GGA fix age:  133 ms
  VTG fix age:  132 ms
  XTE fix age:  117 ms
  Lat/Lon/Alt/Course: 53.425369 / 6.720293 / 4.4 m / 138.9 deg
--- Virtual Terminal ---
  Connected:    Y
  State:        21/22  Connected
  VT version:  4
  VT status msgs: 1398   last 22 ms ago
  Partner: addr=0x26 valid=Y  reconnect attempts=0
--- Task Controller ---
  Connected:    Y
  TC-GEO (with/without pos): Y/Y
  Task active:  Y
  DRP deviation (DDI 513): 0 mm, last 1416359 ms ago
  GNSS quality (DDI 514):  0, last 1416359 ms ago
  Value commands (any DDI): 7  last DDI=515 (1260304 ms ago)
  Value requests (any DDI): 31607600
  Partner: addr=0xF7 valid=Y  reconnect attempts=0
  Tramline setpoint (DDI 506): 1  -> terminal DOES implement Tramline Control (1368310 ms ago)
  Guidance track (DDI 507-511): (none yet)
=== ISOBUS DEBUG MENU ===
1. Full status dump
2. Periodic summary line (OFF - press to toggle)
3. Reset message counters
4. Dump DDOP as hex (open in AgIsoDDOPGenerator)
5. Dump VT object pool as hex
q. Exit
VT: Auto pressed (not wired to control)

# 12:17:35.631
=== ISOBUS STATUS ===
Address claim: CLAIMED  address=0x81
Bus load (ch0): 21.8 %
--- Message counters ---
  PGN 129025 Position NMEA2000: 0
  PGN 129026 Speed NMEA2000:    0
  PGN 129283 XTE NMEA2000:      0
  PGN 65267  Position legacy:   6921
  PGN 65256  Speed legacy:      6921   last SA=0x1C raw=0x2
  PGN 65535  XTE JD legacy:     149056   last SA=0xF0 word=0x0 byte1=0x0
             full payload:     0000000000000000  (1 ms ago)
  PGN 60160  XTE Trimble legacy:98   last SA=0x1C
  PGN 64770  AISO stop:         1396   last 1417372 ms ago
  TOTAL:                        164392
--- Guidance telemetry ---
  XTE:          -0.01 m
  Speed:        0.00 m/s (0.01 kn)
  Quality:      4   RTK quality=4  IsRtkQuality=Y
  GGA fix age:  146 ms
  VTG fix age:  145 ms
  XTE fix age:  130 ms
  Lat/Lon/Alt/Course: 53.425369 / 6.720293 / 4.4 m / 138.9 deg
--- Virtual Terminal ---
  Connected:    Y
  State:        21/22  Connected
  VT version:  4
  VT status msgs: 1399   last 38 ms ago
  Partner: addr=0x26 valid=Y  reconnect attempts=0
--- Task Controller ---
  Connected:    Y
  TC-GEO (with/without pos): Y/Y
  Task active:  Y
  DRP deviation (DDI 513): 0 mm, last 1417372 ms ago
  GNSS quality (DDI 514):  0, last 1417372 ms ago
  Value commands (any DDI): 7  last DDI=515 (1261317 ms ago)
  Value requests (any DDI): 31630968
  Partner: addr=0xF7 valid=Y  reconnect attempts=0
  Tramline setpoint (DDI 506): 1  -> terminal DOES implement Tramline Control (1369323 ms ago)
  Guidance track (DDI 507-511): (none yet)
=== ISOBUS DEBUG MENU ===
1. Full status dump
2. Periodic summary line (OFF - press to toggle)
3. Reset message counters
4. Dump DDOP as hex (open in AgIsoDDOPGenerator)
5. Dump VT object pool as hex
q. Exit

# 12:17:36.698
=== ISOBUS STATUS ===
Address claim: CLAIMED  address=0x81
Bus load (ch0): 21.7 %
--- Message counters ---
  PGN 129025 Position NMEA2000: 0
  PGN 129026 Speed NMEA2000:    0
  PGN 129283 XTE NMEA2000:      0
  PGN 65267  Position legacy:   6926
  PGN 65256  Speed legacy:      6926   last SA=0x1C raw=0x1
  PGN 65535  XTE JD legacy:     149165   last SA=0xF0 word=0x0 byte1=0x0
             full payload:     0000000000000000  (20 ms ago)
  PGN 60160  XTE Trimble legacy:98   last SA=0x1C
  PGN 64770  AISO stop:         1397   last 1418413 ms ago
  TOTAL:                        164512
--- Guidance telemetry ---
  XTE:          -0.01 m
  Speed:        0.00 m/s (0.00 kn)
  Quality:      4   RTK quality=4  IsRtkQuality=Y
  GGA fix age:  187 ms
  VTG fix age:  186 ms
  XTE fix age:  171 ms
  Lat/Lon/Alt/Course: 53.425369 / 6.720293 / 4.4 m / 138.9 deg
--- Virtual Terminal ---
  Connected:    Y
  State:        21/22  Connected
  VT version:  4
  VT status msgs: 1400   last 79 ms ago
  Partner: addr=0x26 valid=Y  reconnect attempts=0
--- Task Controller ---
  Connected:    Y
  TC-GEO (with/without pos): Y/Y
  Task active:  Y
  DRP deviation (DDI 513): 0 mm, last 1418413 ms ago
  GNSS quality (DDI 514):  0, last 1418413 ms ago
  Value commands (any DDI): 7  last DDI=515 (1262358 ms ago)
  Value requests (any DDI): 31655015
  Partner: addr=0xF7 valid=Y  reconnect attempts=0
  Tramline setpoint (DDI 506): 1  -> terminal DOES implement Tramline Control (1370364 ms ago)
  Guidance track (DDI 507-511): (none yet)
=== ISOBUS DEBUG MENU ===
1. Full status dump
2. Periodic summary line (OFF - press to toggle)
3. Reset message counters
4. Dump DDOP as hex (open in AgIsoDDOPGenerator)
5. Dump VT object pool as hex
q. Exit

# 12:17:37.709
=== ISOBUS STATUS ===
Address claim: CLAIMED  address=0x81
Bus load (ch0): 21.7 %
--- Message counters ---
  PGN 129025 Position NMEA2000: 0
  PGN 129026 Speed NMEA2000:    0
  PGN 129283 XTE NMEA2000:      0
  PGN 65267  Position legacy:   6932
  PGN 65256  Speed legacy:      6932   last SA=0x1C raw=0x2
  PGN 65535  XTE JD legacy:     149284   last SA=0xF0 word=0x0 byte1=0x0
             full payload:     0000000000000000  (7 ms ago)
  PGN 60160  XTE Trimble legacy:98   last SA=0x1C
  PGN 64770  AISO stop:         1399   last 1419478 ms ago
  TOTAL:                        164645
--- Guidance telemetry ---
  XTE:          -0.01 m
  Speed:        0.00 m/s (0.01 kn)
  Quality:      4   RTK quality=4  IsRtkQuality=Y
  GGA fix age:  52 ms
  VTG fix age:  51 ms
  XTE fix age:  36 ms
  Lat/Lon/Alt/Course: 53.425369 / 6.720293 / 4.4 m / 138.9 deg
--- Virtual Terminal ---
  Connected:    Y
  State:        21/22  Connected
  VT version:  4
  VT status msgs: 1401   last 144 ms ago
  Partner: addr=0x26 valid=Y  reconnect attempts=0
--- Task Controller ---
  Connected:    Y
  TC-GEO (with/without pos): Y/Y
  Task active:  Y
  DRP deviation (DDI 513): 0 mm, last 1419478 ms ago
  GNSS quality (DDI 514):  0, last 1419478 ms ago
  Value commands (any DDI): 7  last DDI=515 (1263423 ms ago)
  Value requests (any DDI): 31679361
  Partner: addr=0xF7 valid=Y  reconnect attempts=0
  Tramline setpoint (DDI 506): 1  -> terminal DOES implement Tramline Control (1371429 ms ago)
  Guidance track (DDI 507-511): (none yet)
=== ISOBUS DEBUG MENU ===
1. Full status dump
2. Periodic summary line (OFF - press to toggle)
3. Reset message counters
4. Dump DDOP as hex (open in AgIsoDDOPGenerator)
5. Dump VT object pool as hex
q. Exit

# 12:17:38.760
=== ISOBUS STATUS ===
Address claim: CLAIMED  address=0x81
Bus load (ch0): 21.2 %
--- Message counters ---
  PGN 129025 Position NMEA2000: 0
  PGN 129026 Speed NMEA2000:    0
  PGN 129283 XTE NMEA2000:      0
  PGN 65267  Position legacy:   6937
  PGN 65256  Speed legacy:      6937   last SA=0x1C raw=0x1
  PGN 65535  XTE JD legacy:     149391   last SA=0xF0 word=0x0 byte1=0x0
             full payload:     0000000000000000  (22 ms ago)
  PGN 60160  XTE Trimble legacy:98   last SA=0x1C
  PGN 64770  AISO stop:         1400   last 1420493 ms ago
  TOTAL:                        164763
--- Guidance telemetry ---
  XTE:          -0.01 m
  Speed:        0.00 m/s (0.00 kn)
  Quality:      4   RTK quality=4  IsRtkQuality=Y
  GGA fix age:  67 ms
  VTG fix age:  66 ms
  XTE fix age:  51 ms
  Lat/Lon/Alt/Course: 53.425369 / 6.720293 / 4.4 m / 138.9 deg
--- Virtual Terminal ---
  Connected:    Y
  State:        21/22  Connected
  VT version:  4
  VT status msgs: 1402   last 159 ms ago
  Partner: addr=0x26 valid=Y  reconnect attempts=0
--- Task Controller ---
  Connected:    Y
  TC-GEO (with/without pos): Y/Y
  Task active:  Y
  DRP deviation (DDI 513): 0 mm, last 1420493 ms ago
  GNSS quality (DDI 514):  0, last 1420493 ms ago
  Value commands (any DDI): 7  last DDI=515 (1264438 ms ago)
  Value requests (any DDI): 31702690
  Partner: addr=0xF7 valid=Y  reconnect attempts=0
  Tramline setpoint (DDI 506): 1  -> terminal DOES implement Tramline Control (1372444 ms ago)
  Guidance track (DDI 507-511): (none yet)
=== ISOBUS DEBUG MENU ===
1. Full status dump
2. Periodic summary line (OFF - press to toggle)
3. Reset message counters
4. Dump DDOP as hex (open in AgIsoDDOPGenerator)
5. Dump VT object pool as hex
q. Exit

# 12:17:39.815
=== ISOBUS STATUS ===
Address claim: CLAIMED  address=0x81
Bus load (ch0): 21.5 %
--- Message counters ---
  PGN 129025 Position NMEA2000: 0
  PGN 129026 Speed NMEA2000:    0
  PGN 129283 XTE NMEA2000:      0
  PGN 65267  Position legacy:   6942
  PGN 65256  Speed legacy:      6942   last SA=0x1C raw=0x1
  PGN 65535  XTE JD legacy:     149501   last SA=0xF0 word=0x0 byte1=0x0
             full payload:     0000000000000000  (13 ms ago)
  PGN 60160  XTE Trimble legacy:98   last SA=0x1C
  PGN 64770  AISO stop:         1401   last 1421545 ms ago
  TOTAL:                        164884
--- Guidance telemetry ---
  XTE:          -0.01 m
  Speed:        0.00 m/s (0.00 kn)
  Quality:      4   RTK quality=4  IsRtkQuality=Y
  GGA fix age:  119 ms
  VTG fix age:  118 ms
  XTE fix age:  103 ms
  Lat/Lon/Alt/Course: 53.425369 / 6.720293 / 4.4 m / 138.9 deg
--- Virtual Terminal ---
  Connected:    Y
  State:        21/22  Connected
  VT version:  4
  VT status msgs: 1403   last 211 ms ago
  Partner: addr=0x26 valid=Y  reconnect attempts=0
--- Task Controller ---
  Connected:    Y
  TC-GEO (with/without pos): Y/Y
  Task active:  Y
  DRP deviation (DDI 513): 0 mm, last 1421545 ms ago
  GNSS quality (DDI 514):  0, last 1421545 ms ago
  Value commands (any DDI): 7  last DDI=515 (1265490 ms ago)
  Value requests (any DDI): 31726887
  Partner: addr=0xF7 valid=Y  reconnect attempts=0
  Tramline setpoint (DDI 506): 1  -> terminal DOES implement Tramline Control (1373496 ms ago)
  Guidance track (DDI 507-511): (none yet)
=== ISOBUS DEBUG MENU ===
1. Full status dump
2. Periodic summary line (OFF - press to toggle)
3. Reset message counters
4. Dump DDOP as hex (open in AgIsoDDOPGenerator)
5. Dump VT object pool as hex
q. Exit

# 12:17:40.853
=== ISOBUS STATUS ===
Address claim: CLAIMED  address=0x81
Bus load (ch0): 21.8 %
--- Message counters ---
  PGN 129025 Position NMEA2000: 0
  PGN 129026 Speed NMEA2000:    0
  PGN 129283 XTE NMEA2000:      0
  PGN 65267  Position legacy:   6947
  PGN 65256  Speed legacy:      6947   last SA=0x1C raw=0x3
  PGN 65535  XTE JD legacy:     149612   last SA=0xF0 word=0x0 byte1=0x0
             full payload:     0000000000000000  (4 ms ago)
  PGN 60160  XTE Trimble legacy:98   last SA=0x1C
  PGN 64770  AISO stop:         1402   last 1422597 ms ago
  TOTAL:                        165006
--- Guidance telemetry ---
  XTE:          -0.01 m
  Speed:        0.01 m/s (0.01 kn)
  Quality:      4   RTK quality=4  IsRtkQuality=Y
  GGA fix age:  171 ms
  VTG fix age:  170 ms
  XTE fix age:  155 ms
  Lat/Lon/Alt/Course: 53.425369 / 6.720293 / 4.4 m / 138.9 deg
--- Virtual Terminal ---
  Connected:    Y
  State:        21/22  Connected
  VT version:  4
  VT status msgs: 1404   last 263 ms ago
  Partner: addr=0x26 valid=Y  reconnect attempts=0
--- Task Controller ---
  Connected:    Y
  TC-GEO (with/without pos): Y/Y
  Task active:  Y
  DRP deviation (DDI 513): 0 mm, last 1422597 ms ago
  GNSS quality (DDI 514):  0, last 1422597 ms ago
  Value commands (any DDI): 7  last DDI=515 (1266542 ms ago)
  Value requests (any DDI): 31751066
  Partner: addr=0xF7 valid=Y  reconnect attempts=0
  Tramline setpoint (DDI 506): 1  -> terminal DOES implement Tramline Control (1374548 ms ago)
  Guidance track (DDI 507-511): (none yet)
=== ISOBUS DEBUG MENU ===
1. Full status dump
2. Periodic summary line (OFF - press to toggle)
3. Reset message counters
4. Dump DDOP as hex (open in AgIsoDDOPGenerator)
5. Dump VT object pool as hex
q. Exit
VT: Wider pressed

# 12:17:41.883
=== ISOBUS STATUS ===
Address claim: CLAIMED  address=0x81
Bus load (ch0): 22.3 %
--- Message counters ---
  PGN 129025 Position NMEA2000: 0
  PGN 129026 Speed NMEA2000:    0
  PGN 129283 XTE NMEA2000:      0
  PGN 65267  Position legacy:   6953
  PGN 65256  Speed legacy:      6953   last SA=0x1C raw=0x5
  PGN 65535  XTE JD legacy:     149728   last SA=0x1C word=0x0 byte1=0x0
             full payload:     0000000000000000  (2 ms ago)
  PGN 60160  XTE Trimble legacy:98   last SA=0x1C
  PGN 64770  AISO stop:         1403   last 1423635 ms ago
  TOTAL:                        165135
--- Guidance telemetry ---
  XTE:          -0.01 m
  Speed:        0.01 m/s (0.02 kn)
  Quality:      4   RTK quality=4  IsRtkQuality=Y
  GGA fix age:  9 ms
  VTG fix age:  8 ms
  XTE fix age:  193 ms
  Lat/Lon/Alt/Course: 53.425369 / 6.720293 / 4.4 m / 138.9 deg
--- Virtual Terminal ---
  Connected:    Y
  State:        21/22  Connected
  VT version:  4
  VT status msgs: 1405   last 301 ms ago
  Partner: addr=0x26 valid=Y  reconnect attempts=0
--- Task Controller ---
  Connected:    Y
  TC-GEO (with/without pos): Y/Y
  Task active:  Y
  DRP deviation (DDI 513): 0 mm, last 1423635 ms ago
  GNSS quality (DDI 514):  0, last 1423635 ms ago
  Value commands (any DDI): 7  last DDI=515 (1267580 ms ago)
  Value requests (any DDI): 31774949
  Partner: addr=0xF7 valid=Y  reconnect attempts=0
  Tramline setpoint (DDI 506): 1  -> terminal DOES implement Tramline Control (1375586 ms ago)
  Guidance track (DDI 507-511): (none yet)
=== ISOBUS DEBUG MENU ===
1. Full status dump
2. Periodic summary line (OFF - press to toggle)
3. Reset message counters
4. Dump DDOP as hex (open in AgIsoDDOPGenerator)
5. Dump VT object pool as hex
q. Exit
VT: Wider pressed

# 12:17:42.920
=== ISOBUS STATUS ===
Address claim: CLAIMED  address=0x81
Bus load (ch0): 21.9 %
--- Message counters ---
  PGN 129025 Position NMEA2000: 0
  PGN 129026 Speed NMEA2000:    0
  PGN 129283 XTE NMEA2000:      0
  PGN 65267  Position legacy:   6958
  PGN 65256  Speed legacy:      6958   last SA=0x1C raw=0x2
  PGN 65535  XTE JD legacy:     149837   last SA=0xF0 word=0x0 byte1=0x0
             full payload:     0000000000000000  (14 ms ago)
  PGN 60160  XTE Trimble legacy:98   last SA=0x1C
  PGN 64770  AISO stop:         1404   last 1424665 ms ago
  TOTAL:                        165255
--- Guidance telemetry ---
  XTE:          -0.01 m
  Speed:        0.00 m/s (0.01 kn)
  Quality:      4   RTK quality=4  IsRtkQuality=Y
  GGA fix age:  39 ms
  VTG fix age:  38 ms
  XTE fix age:  23 ms
  Lat/Lon/Alt/Course: 53.425369 / 6.720293 / 4.4 m / 138.9 deg
--- Virtual Terminal ---
  Connected:    Y
  State:        21/22  Connected
  VT version:  4
  VT status msgs: 1406   last 330 ms ago
  Partner: addr=0x26 valid=Y  reconnect attempts=0
--- Task Controller ---
  Connected:    Y
  TC-GEO (with/without pos): Y/Y
  Task active:  Y
  DRP deviation (DDI 513): 0 mm, last 1424665 ms ago
  GNSS quality (DDI 514):  0, last 1424665 ms ago
  Value commands (any DDI): 7  last DDI=515 (1268610 ms ago)
  Value requests (any DDI): 31798644
  Partner: addr=0xF7 valid=Y  reconnect attempts=0
  Tramline setpoint (DDI 506): 1  -> terminal DOES implement Tramline Control (1376616 ms ago)
  Guidance track (DDI 507-511): (none yet)
=== ISOBUS DEBUG MENU ===
1. Full status dump
2. Periodic summary line (OFF - press to toggle)
3. Reset message counters
4. Dump DDOP as hex (open in AgIsoDDOPGenerator)
5. Dump VT object pool as hex
q. Exit
VT: Narrower pressed

# 12:17:43.978
=== ISOBUS STATUS ===
Address claim: CLAIMED  address=0x81
Bus load (ch0): 21.6 %
--- Message counters ---
  PGN 129025 Position NMEA2000: 0
  PGN 129026 Speed NMEA2000:    0
  PGN 129283 XTE NMEA2000:      0
  PGN 65267  Position legacy:   6963
  PGN 65256  Speed legacy:      6963   last SA=0x1C raw=0x1
  PGN 65535  XTE JD legacy:     149946   last SA=0xF0 word=0x0 byte1=0x0
             full payload:     0000000000000000  (7 ms ago)
  PGN 60160  XTE Trimble legacy:98   last SA=0x1C
  PGN 64770  AISO stop:         1405   last 1425701 ms ago
  TOTAL:                        165375
--- Guidance telemetry ---
  XTE:          -0.01 m
  Speed:        0.00 m/s (0.00 kn)
  Quality:      4   RTK quality=4  IsRtkQuality=Y
  GGA fix age:  75 ms
  VTG fix age:  74 ms
  XTE fix age:  59 ms
  Lat/Lon/Alt/Course: 53.425369 / 6.720293 / 4.4 m / 138.9 deg
--- Virtual Terminal ---
  Connected:    Y
  State:        21/22  Connected
  VT version:  4
  VT status msgs: 1407   last 367 ms ago
  Partner: addr=0x26 valid=Y  reconnect attempts=0
--- Task Controller ---
  Connected:    Y
  TC-GEO (with/without pos): Y/Y
  Task active:  Y
  DRP deviation (DDI 513): 0 mm, last 1425701 ms ago
  GNSS quality (DDI 514):  0, last 1425701 ms ago
  Value commands (any DDI): 7  last DDI=515 (1269646 ms ago)
  Value requests (any DDI): 31822458
  Partner: addr=0xF7 valid=Y  reconnect attempts=0
  Tramline setpoint (DDI 506): 1  -> terminal DOES implement Tramline Control (1377652 ms ago)
  Guidance track (DDI 507-511): (none yet)
=== ISOBUS DEBUG MENU ===
1. Full status dump
2. Periodic summary line (OFF - press to toggle)
3. Reset message counters
4. Dump DDOP as hex (open in AgIsoDDOPGenerator)
5. Dump VT object pool as hex
q. Exit
VT: Narrower pressed

# 12:17:44.986
=== ISOBUS STATUS ===
Address claim: CLAIMED  address=0x81
Bus load (ch0): 21.5 %
--- Message counters ---
  PGN 129025 Position NMEA2000: 0
  PGN 129026 Speed NMEA2000:    0
  PGN 129283 XTE NMEA2000:      0
  PGN 65267  Position legacy:   6968
  PGN 65256  Speed legacy:      6968   last SA=0x1C raw=0x1
  PGN 65535  XTE JD legacy:     150059   last SA=0xF0 word=0x0 byte1=0x0
             full payload:     0000000000000000  (3 ms ago)
  PGN 60160  XTE Trimble legacy:98   last SA=0x1C
  PGN 64770  AISO stop:         1406   last 1426760 ms ago
  TOTAL:                        165499
--- Guidance telemetry ---
  XTE:          -0.01 m
  Speed:        0.00 m/s (0.00 kn)
  Quality:      4   RTK quality=4  IsRtkQuality=Y
  GGA fix age:  134 ms
  VTG fix age:  133 ms
  XTE fix age:  118 ms
  Lat/Lon/Alt/Course: 53.425369 / 6.720293 / 4.4 m / 138.9 deg
--- Virtual Terminal ---
  Connected:    Y
  State:        21/22  Connected
  VT version:  4
  VT status msgs: 1408   last 425 ms ago
  Partner: addr=0x26 valid=Y  reconnect attempts=0
--- Task Controller ---
  Connected:    Y
  TC-GEO (with/without pos): Y/Y
  Task active:  Y
  DRP deviation (DDI 513): 0 mm, last 1426760 ms ago
  GNSS quality (DDI 514):  0, last 1426760 ms ago
  Value commands (any DDI): 7  last DDI=515 (1270705 ms ago)
  Value requests (any DDI): 31846813
  Partner: addr=0xF7 valid=Y  reconnect attempts=0
  Tramline setpoint (DDI 506): 1  -> terminal DOES implement Tramline Control (1378711 ms ago)
  Guidance track (DDI 507-511): (none yet)
=== ISOBUS DEBUG MENU ===
1. Full status dump
2. Periodic summary line (OFF - press to toggle)
3. Reset message counters
4. Dump DDOP as hex (open in AgIsoDDOPGenerator)
5. Dump VT object pool as hex
q. Exit

# 12:17:46.039
VT: Narrower pressed
=== ISOBUS STATUS ===
Address claim: CLAIMED  address=0x81
Bus load (ch0): 22.4 %
--- Message counters ---
  PGN 129025 Position NMEA2000: 0
  PGN 129026 Speed NMEA2000:    0
  PGN 129283 XTE NMEA2000:      0
  PGN 65267  Position legacy:   6973
  PGN 65256  Speed legacy:      6973   last SA=0x1C raw=0x1
  PGN 65535  XTE JD legacy:     150167   last SA=0xF0 word=0x0 byte1=0x0
             full payload:     0000000000000000  (13 ms ago)
  PGN 60160  XTE Trimble legacy:98   last SA=0x1C
  PGN 64770  AISO stop:         1407   last 1427768 ms ago
  TOTAL:                        165618
--- Guidance telemetry ---
  XTE:          -0.01 m
  Speed:        0.00 m/s (0.00 kn)
  Quality:      4   RTK quality=4  IsRtkQuality=Y
  GGA fix age:  142 ms
  VTG fix age:  141 ms
  XTE fix age:  126 ms
  Lat/Lon/Alt/Course: 53.425369 / 6.720293 / 4.4 m / 138.9 deg
--- Virtual Terminal ---
  Connected:    Y
  State:        21/22  Connected
  VT version:  4
  VT status msgs: 1409   last 434 ms ago
  Partner: addr=0x26 valid=Y  reconnect attempts=0
--- Task Controller ---
  Connected:    Y
  TC-GEO (with/without pos): Y/Y
  Task active:  Y
  DRP deviation (DDI 513): 0 mm, last 1427768 ms ago
  GNSS quality (DDI 514):  0, last 1427768 ms ago
  Value commands (any DDI): 7  last DDI=515 (1271713 ms ago)
  Value requests (any DDI): 31869987
  Partner: addr=0xF7 valid=Y  reconnect attempts=0
  Tramline setpoint (DDI 506): 1  -> terminal DOES implement Tramline Control (1379719 ms ago)
  Guidance track (DDI 507-511): (none yet)
=== ISOBUS DEBUG MENU ===
1. Full status dump
2. Periodic summary line (OFF - press to toggle)
3. Reset message counters
4. Dump DDOP as hex (open in AgIsoDDOPGenerator)
5. Dump VT object pool as hex
q. Exit

# 12:17:47.060
=== ISOBUS STATUS ===
Address claim: CLAIMED  address=0x81
Bus load (ch0): 21.9 %
--- Message counters ---
  PGN 129025 Position NMEA2000: 0
  PGN 129026 Speed NMEA2000:    0
  PGN 129283 XTE NMEA2000:      0
  PGN 65267  Position legacy:   6978
  PGN 65256  Speed legacy:      6978   last SA=0x1C raw=0x2
  PGN 65535  XTE JD legacy:     150278   last SA=0xF0 word=0x0 byte1=0x0
             full payload:     0000000000000000  (6 ms ago)
  PGN 60160  XTE Trimble legacy:98   last SA=0x1C
  PGN 64770  AISO stop:         1408   last 1428820 ms ago
  TOTAL:                        165740
--- Guidance telemetry ---
  XTE:          -0.01 m
  Speed:        0.00 m/s (0.01 kn)
  Quality:      4   RTK quality=4  IsRtkQuality=Y
  GGA fix age:  194 ms
  VTG fix age:  193 ms
  XTE fix age:  178 ms
  Lat/Lon/Alt/Course: 53.425369 / 6.720293 / 4.4 m / 138.9 deg
--- Virtual Terminal ---
  Connected:    Y
  State:        21/22  Connected
  VT version:  4
  VT status msgs: 1410   last 486 ms ago
  Partner: addr=0x26 valid=Y  reconnect attempts=0
--- Task Controller ---
  Connected:    Y
  TC-GEO (with/without pos): Y/Y
  Task active:  Y
  DRP deviation (DDI 513): 0 mm, last 1428820 ms ago
  GNSS quality (DDI 514):  0, last 1428820 ms ago
  Value commands (any DDI): 7  last DDI=515 (1272765 ms ago)
  Value requests (any DDI): 31894173
  Partner: addr=0xF7 valid=Y  reconnect attempts=0
  Tramline setpoint (DDI 506): 1  -> terminal DOES implement Tramline Control (1380771 ms ago)
  Guidance track (DDI 507-511): (none yet)
=== ISOBUS DEBUG MENU ===
1. Full status dump
2. Periodic summary line (OFF - press to toggle)
3. Reset message counters
4. Dump DDOP as hex (open in AgIsoDDOPGenerator)
5. Dump VT object pool as hex
q. Exit

# 12:17:48.096
=== ISOBUS STATUS ===
Address claim: CLAIMED  address=0x81
Bus load (ch0): 21.4 %
--- Message counters ---
  PGN 129025 Position NMEA2000: 0
  PGN 129026 Speed NMEA2000:    0
  PGN 129283 XTE NMEA2000:      0
  PGN 65267  Position legacy:   6984
  PGN 65256  Speed legacy:      6984   last SA=0x1C raw=0x1
  PGN 65535  XTE JD legacy:     150394   last SA=0x2A word=0x7CFF byte1=0x15
             full payload:     771510FF7C2E85FF  (1 ms ago)
  PGN 60160  XTE Trimble legacy:98   last SA=0x1C
  PGN 64770  AISO stop:         1409   last 1429843 ms ago
  TOTAL:                        165869
--- Guidance telemetry ---
  XTE:          -0.01 m
  Speed:        0.00 m/s (0.00 kn)
  Quality:      4   RTK quality=4  IsRtkQuality=Y
  GGA fix age:  17 ms
  VTG fix age:  16 ms
  XTE fix age:  1 ms
  Lat/Lon/Alt/Course: 53.425369 / 6.720293 / 4.4 m / 138.9 deg
--- Virtual Terminal ---
  Connected:    Y
  State:        21/22  Connected
  VT version:  4
  VT status msgs: 1411   last 509 ms ago
  Partner: addr=0x26 valid=Y  reconnect attempts=0
--- Task Controller ---
  Connected:    Y
  TC-GEO (with/without pos): Y/Y
  Task active:  Y
  DRP deviation (DDI 513): 0 mm, last 1429843 ms ago
  GNSS quality (DDI 514):  0, last 1429843 ms ago
  Value commands (any DDI): 7  last DDI=515 (1273788 ms ago)
  Value requests (any DDI): 31917683
  Partner: addr=0xF7 valid=Y  reconnect attempts=0
  Tramline setpoint (DDI 506): 1  -> terminal DOES implement Tramline Control (1381794 ms ago)
  Guidance track (DDI 507-511): (none yet)
=== ISOBUS DEBUG MENU ===
1. Full status dump
2. Periodic summary line (OFF - press to toggle)
3. Reset message counters
4. Dump DDOP as hex (open in AgIsoDDOPGenerator)
5. Dump VT object pool as hex
q. Exit

# 12:17:49.139
=== ISOBUS STATUS ===
Address claim: CLAIMED  address=0x81
Bus load (ch0): 21.5 %
--- Message counters ---
  PGN 129025 Position NMEA2000: 0
  PGN 129026 Speed NMEA2000:    0
  PGN 129283 XTE NMEA2000:      0
  PGN 65267  Position legacy:   6989
  PGN 65256  Speed legacy:      6989   last SA=0x1C raw=0x1
  PGN 65535  XTE JD legacy:     150503   last SA=0xF0 word=0x0 byte1=0x0
             full payload:     0000000000000000  (6 ms ago)
  PGN 60160  XTE Trimble legacy:98   last SA=0x1C
  PGN 64770  AISO stop:         1410   last 1430878 ms ago
  TOTAL:                        165989
--- Guidance telemetry ---
  XTE:          -0.01 m
  Speed:        0.00 m/s (0.00 kn)
  Quality:      4   RTK quality=4  IsRtkQuality=Y
  GGA fix age:  52 ms
  VTG fix age:  51 ms
  XTE fix age:  36 ms
  Lat/Lon/Alt/Course: 53.425369 / 6.720293 / 4.4 m / 138.9 deg
--- Virtual Terminal ---
  Connected:    Y
  State:        21/22  Connected
  VT version:  4
  VT status msgs: 1412   last 544 ms ago
  Partner: addr=0x26 valid=Y  reconnect attempts=0
--- Task Controller ---
  Connected:    Y
  TC-GEO (with/without pos): Y/Y
  Task active:  Y
  DRP deviation (DDI 513): 0 mm, last 1430878 ms ago
  GNSS quality (DDI 514):  0, last 1430878 ms ago
  Value commands (any DDI): 7  last DDI=515 (1274823 ms ago)
  Value requests (any DDI): 31941486
  Partner: addr=0xF7 valid=Y  reconnect attempts=0
  Tramline setpoint (DDI 506): 1  -> terminal DOES implement Tramline Control (1382829 ms ago)
  Guidance track (DDI 507-511): (none yet)
=== ISOBUS DEBUG MENU ===
1. Full status dump
2. Periodic summary line (OFF - press to toggle)
3. Reset message counters
4. Dump DDOP as hex (open in AgIsoDDOPGenerator)
5. Dump VT object pool as hex
q. Exit

# 12:17:50.164
=== ISOBUS STATUS ===
Address claim: CLAIMED  address=0x81
Bus load (ch0): 21.3 %
--- Message counters ---
  PGN 129025 Position NMEA2000: 0
  PGN 129026 Speed NMEA2000:    0
  PGN 129283 XTE NMEA2000:      0
  PGN 65267  Position legacy:   6994
  PGN 65256  Speed legacy:      6994   last SA=0x1C raw=0x2
  PGN 65535  XTE JD legacy:     150612   last SA=0xF0 word=0x0 byte1=0x0
             full payload:     0000000000000000  (7 ms ago)
  PGN 60160  XTE Trimble legacy:98   last SA=0x1C
  PGN 64770  AISO stop:         1411   last 1431920 ms ago
  TOTAL:                        166109
--- Guidance telemetry ---
  XTE:          -0.01 m
  Speed:        0.00 m/s (0.01 kn)
  Quality:      4   RTK quality=4  IsRtkQuality=Y
  GGA fix age:  94 ms
  VTG fix age:  93 ms
  XTE fix age:  78 ms
  Lat/Lon/Alt/Course: 53.425369 / 6.720293 / 4.4 m / 138.9 deg
--- Virtual Terminal ---
  Connected:    Y
  State:        21/22  Connected
  VT version:  4
  VT status msgs: 1413   last 586 ms ago
  Partner: addr=0x26 valid=Y  reconnect attempts=0
--- Task Controller ---
  Connected:    Y
  TC-GEO (with/without pos): Y/Y
  Task active:  Y
  DRP deviation (DDI 513): 0 mm, last 1431920 ms ago
  GNSS quality (DDI 514):  0, last 1431920 ms ago
  Value commands (any DDI): 7  last DDI=515 (1275865 ms ago)
  Value requests (any DDI): 31965443
  Partner: addr=0xF7 valid=Y  reconnect attempts=0
  Tramline setpoint (DDI 506): 1  -> terminal DOES implement Tramline Control (1383871 ms ago)
  Guidance track (DDI 507-511): (none yet)
=== ISOBUS DEBUG MENU ===
1. Full status dump
2. Periodic summary line (OFF - press to toggle)
3. Reset message counters
4. Dump DDOP as hex (open in AgIsoDDOPGenerator)
5. Dump VT object pool as hex
q. Exit

# 12:17:51.234
=== ISOBUS STATUS ===
Address claim: CLAIMED  address=0x81
Bus load (ch0): 21.7 %
--- Message counters ---
  PGN 129025 Position NMEA2000: 0
  PGN 129026 Speed NMEA2000:    0
  PGN 129283 XTE NMEA2000:      0
  PGN 65267  Position legacy:   6999
  PGN 65256  Speed legacy:      6999   last SA=0x1C raw=0x2
  PGN 65535  XTE JD legacy:     150721   last SA=0xF0 word=0x0 byte1=0x0
             full payload:     0000000000000000  (16 ms ago)
  PGN 60160  XTE Trimble legacy:98   last SA=0x1C
  PGN 64770  AISO stop:         1412   last 1432949 ms ago
  TOTAL:                        166229
--- Guidance telemetry ---
  XTE:          -0.01 m
  Speed:        0.00 m/s (0.01 kn)
  Quality:      4   RTK quality=4  IsRtkQuality=Y
  GGA fix age:  123 ms
  VTG fix age:  122 ms
  XTE fix age:  107 ms
  Lat/Lon/Alt/Course: 53.425369 / 6.720293 / 4.4 m / 138.9 deg
--- Virtual Terminal ---
  Connected:    Y
  State:        21/22  Connected
  VT version:  4
  VT status msgs: 1414   last 614 ms ago
  Partner: addr=0x26 valid=Y  reconnect attempts=0
--- Task Controller ---
  Connected:    Y
  TC-GEO (with/without pos): Y/Y
  Task active:  Y
  DRP deviation (DDI 513): 0 mm, last 1432949 ms ago
  GNSS quality (DDI 514):  0, last 1432949 ms ago
  Value commands (any DDI): 7  last DDI=515 (1276894 ms ago)
  Value requests (any DDI): 31989090
  Partner: addr=0xF7 valid=Y  reconnect attempts=0
  Tramline setpoint (DDI 506): 1  -> terminal DOES implement Tramline Control (1384900 ms ago)
  Guidance track (DDI 507-511): (none yet)
=== ISOBUS DEBUG MENU ===
1. Full status dump
2. Periodic summary line (OFF - press to toggle)
3. Reset message counters
4. Dump DDOP as hex (open in AgIsoDDOPGenerator)
5. Dump VT object pool as hex
q. Exit

# 12:17:52.261
=== ISOBUS STATUS ===
Address claim: CLAIMED  address=0x81
Bus load (ch0): 21.5 %
--- Message counters ---
  PGN 129025 Position NMEA2000: 0
  PGN 129026 Speed NMEA2000:    0
  PGN 129283 XTE NMEA2000:      0
  PGN 65267  Position legacy:   7004
  PGN 65256  Speed legacy:      7004   last SA=0x1C raw=0x1
  PGN 65535  XTE JD legacy:     150833   last SA=0xF0 word=0x0 byte1=0x0
             full payload:     0000000000000000  (2 ms ago)
  PGN 60160  XTE Trimble legacy:98   last SA=0x1C
  PGN 64770  AISO stop:         1413   last 1434016 ms ago
  TOTAL:                        166352
--- Guidance telemetry ---
  XTE:          -0.01 m
  Speed:        0.00 m/s (0.00 kn)
  Quality:      4   RTK quality=4  IsRtkQuality=Y
  GGA fix age:  190 ms
  VTG fix age:  189 ms
  XTE fix age:  174 ms
  Lat/Lon/Alt/Course: 53.425369 / 6.720293 / 4.4 m / 138.9 deg
--- Virtual Terminal ---
  Connected:    Y
  State:        21/22  Connected
  VT version:  4
  VT status msgs: 1415   last 682 ms ago
  Partner: addr=0x26 valid=Y  reconnect attempts=0
--- Task Controller ---
  Connected:    Y
  TC-GEO (with/without pos): Y/Y
  Task active:  Y
  DRP deviation (DDI 513): 0 mm, last 1434016 ms ago
  GNSS quality (DDI 514):  0, last 1434016 ms ago
  Value commands (any DDI): 7  last DDI=515 (1277961 ms ago)
  Value requests (any DDI): 32013605
  Partner: addr=0xF7 valid=Y  reconnect attempts=0
  Tramline setpoint (DDI 506): 1  -> terminal DOES implement Tramline Control (1385967 ms ago)
  Guidance track (DDI 507-511): (none yet)
=== ISOBUS DEBUG MENU ===
1. Full status dump
2. Periodic summary line (OFF - press to toggle)
3. Reset message counters
4. Dump DDOP as hex (open in AgIsoDDOPGenerator)
5. Dump VT object pool as hex
q. Exit

# 12:17:53.312
=== ISOBUS STATUS ===
Address claim: CLAIMED  address=0x81
Bus load (ch0): 21.5 %
--- Message counters ---
  PGN 129025 Position NMEA2000: 0
  PGN 129026 Speed NMEA2000:    0
  PGN 129283 XTE NMEA2000:      0
  PGN 65267  Position legacy:   7010
  PGN 65256  Speed legacy:      7010   last SA=0x1C raw=0x2
  PGN 65535  XTE JD legacy:     150950   last SA=0x2A word=0xFC3E byte1=0xFF
             full payload:     92FF803EFCFFFFFF  (0 ms ago)
  PGN 60160  XTE Trimble legacy:98   last SA=0x1C
  PGN 64770  AISO stop:         1414   last 1435043 ms ago
  TOTAL:                        166482
--- Guidance telemetry ---
  XTE:          -0.01 m
  Speed:        0.00 m/s (0.01 kn)
  Quality:      4   RTK quality=4  IsRtkQuality=Y
  GGA fix age:  18 ms
  VTG fix age:  16 ms
  XTE fix age:  1 ms
  Lat/Lon/Alt/Course: 53.425369 / 6.720293 / 4.4 m / 138.9 deg
--- Virtual Terminal ---
  Connected:    Y
  State:        21/22  Connected
  VT version:  4
  VT status msgs: 1416   last 709 ms ago
  Partner: addr=0x26 valid=Y  reconnect attempts=0
--- Task Controller ---
  Connected:    Y
  TC-GEO (with/without pos): Y/Y
  Task active:  Y
  DRP deviation (DDI 513): 0 mm, last 1435043 ms ago
  GNSS quality (DDI 514):  0, last 1435043 ms ago
  Value commands (any DDI): 7  last DDI=515 (1278988 ms ago)
  Value requests (any DDI): 32037219
  Partner: addr=0xF7 valid=Y  reconnect attempts=0
  Tramline setpoint (DDI 506): 1  -> terminal DOES implement Tramline Control (1386994 ms ago)
  Guidance track (DDI 507-511): (none yet)
=== ISOBUS DEBUG MENU ===
1. Full status dump
2. Periodic summary line (OFF - press to toggle)
3. Reset message counters
4. Dump DDOP as hex (open in AgIsoDDOPGenerator)
5. Dump VT object pool as hex
q. Exit

# 12:17:54.361
=== ISOBUS STATUS ===
Address claim: CLAIMED  address=0x81
Bus load (ch0): 21.5 %
--- Message counters ---
  PGN 129025 Position NMEA2000: 0
  PGN 129026 Speed NMEA2000:    0
  PGN 129283 XTE NMEA2000:      0
  PGN 65267  Position legacy:   7015
  PGN 65256  Speed legacy:      7015   last SA=0x1C raw=0x1
  PGN 65535  XTE JD legacy:     151060   last SA=0xD2 word=0x0 byte1=0x0
             full payload:     0000000000000000  (2 ms ago)
  PGN 60160  XTE Trimble legacy:98   last SA=0x1C
  PGN 64770  AISO stop:         1415   last 1436095 ms ago
  TOTAL:                        166603
--- Guidance telemetry ---
  XTE:          -0.01 m
  Speed:        0.00 m/s (0.00 kn)
  Quality:      4   RTK quality=4  IsRtkQuality=Y
  GGA fix age:  69 ms
  VTG fix age:  68 ms
  XTE fix age:  53 ms
  Lat/Lon/Alt/Course: 53.425369 / 6.720293 / 4.4 m / 138.9 deg
--- Virtual Terminal ---
  Connected:    Y
  State:        21/22  Connected
  VT version:  4
  VT status msgs: 1417   last 761 ms ago
  Partner: addr=0x26 valid=Y  reconnect attempts=0
--- Task Controller ---
  Connected:    Y
  TC-GEO (with/without pos): Y/Y
  Task active:  Y
  DRP deviation (DDI 513): 0 mm, last 1436095 ms ago
  GNSS quality (DDI 514):  0, last 1436095 ms ago
  Value commands (any DDI): 7  last DDI=515 (1280040 ms ago)
  Value requests (any DDI): 32061377
  Partner: addr=0xF7 valid=Y  reconnect attempts=0
  Tramline setpoint (DDI 506): 1  -> terminal DOES implement Tramline Control (1388046 ms ago)
  Guidance track (DDI 507-511): (none yet)
=== ISOBUS DEBUG MENU ===
1. Full status dump
2. Periodic summary line (OFF - press to toggle)
3. Reset message counters
4. Dump DDOP as hex (open in AgIsoDDOPGenerator)
5. Dump VT object pool as hex
q. Exit

# 12:17:55.391
=== ISOBUS STATUS ===
Address claim: CLAIMED  address=0x81
Bus load (ch0): 21.9 %
--- Message counters ---
  PGN 129025 Position NMEA2000: 0
  PGN 129026 Speed NMEA2000:    0
  PGN 129283 XTE NMEA2000:      0
  PGN 65267  Position legacy:   7020
  PGN 65256  Speed legacy:      7020   last SA=0x1C raw=0x4
  PGN 65535  XTE JD legacy:     151170   last SA=0xF0 word=0x0 byte1=0x0
             full payload:     0000000000000000  (13 ms ago)
  PGN 60160  XTE Trimble legacy:98   last SA=0x1C
  PGN 64770  AISO stop:         1416   last 1437145 ms ago
  TOTAL:                        166724
--- Guidance telemetry ---
  XTE:          -0.01 m
  Speed:        0.01 m/s (0.02 kn)
  Quality:      4   RTK quality=4  IsRtkQuality=Y
  GGA fix age:  120 ms
  VTG fix age:  118 ms
  XTE fix age:  103 ms
  Lat/Lon/Alt/Course: 53.425369 / 6.720293 / 4.4 m / 138.9 deg
--- Virtual Terminal ---
  Connected:    Y
  State:        21/22  Connected
  VT version:  4
  VT status msgs: 1418   last 811 ms ago
  Partner: addr=0x26 valid=Y  reconnect attempts=0
--- Task Controller ---
  Connected:    Y
  TC-GEO (with/without pos): Y/Y
  Task active:  Y
  DRP deviation (DDI 513): 0 mm, last 1437145 ms ago
  GNSS quality (DDI 514):  0, last 1437145 ms ago
  Value commands (any DDI): 7  last DDI=515 (1281090 ms ago)
  Value requests (any DDI): 32085522
  Partner: addr=0xF7 valid=Y  reconnect attempts=0
  Tramline setpoint (DDI 506): 1  -> terminal DOES implement Tramline Control (1389096 ms ago)
  Guidance track (DDI 507-511): (none yet)
=== ISOBUS DEBUG MENU ===
1. Full status dump
2. Periodic summary line (OFF - press to toggle)
3. Reset message counters
4. Dump DDOP as hex (open in AgIsoDDOPGenerator)
5. Dump VT object pool as hex
q. Exit

# 12:17:56.454
=== ISOBUS STATUS ===
Address claim: CLAIMED  address=0x81
Bus load (ch0): 22.6 %
--- Message counters ---
  PGN 129025 Position NMEA2000: 0
  PGN 129026 Speed NMEA2000:    0
  PGN 129283 XTE NMEA2000:      0
  PGN 65267  Position legacy:   7025
  PGN 65256  Speed legacy:      7025   last SA=0x1C raw=0x3
  PGN 65535  XTE JD legacy:     151279   last SA=0xF0 word=0x0 byte1=0x0
             full payload:     0000000000000000  (19 ms ago)
  PGN 60160  XTE Trimble legacy:98   last SA=0x1C
  PGN 64770  AISO stop:         1417   last 1438170 ms ago
  TOTAL:                        166844
--- Guidance telemetry ---
  XTE:          -0.01 m
  Speed:        0.01 m/s (0.01 kn)
  Quality:      4   RTK quality=4  IsRtkQuality=Y
  GGA fix age:  145 ms
  VTG fix age:  143 ms
  XTE fix age:  128 ms
  Lat/Lon/Alt/Course: 53.425369 / 6.720293 / 4.4 m / 138.9 deg
--- Virtual Terminal ---
  Connected:    Y
  State:        21/22  Connected
  VT version:  4
  VT status msgs: 1419   last 836 ms ago
  Partner: addr=0x26 valid=Y  reconnect attempts=0
--- Task Controller ---
  Connected:    Y
  TC-GEO (with/without pos): Y/Y
  Task active:  Y
  DRP deviation (DDI 513): 0 mm, last 1438170 ms ago
  GNSS quality (DDI 514):  0, last 1438170 ms ago
  Value commands (any DDI): 7  last DDI=515 (1282115 ms ago)
  Value requests (any DDI): 32109069
  Partner: addr=0xF7 valid=Y  reconnect attempts=0
  Tramline setpoint (DDI 506): 1  -> terminal DOES implement Tramline Control (1390121 ms ago)
  Guidance track (DDI 507-511): (none yet)
=== ISOBUS DEBUG MENU ===
1. Full status dump
2. Periodic summary line (OFF - press to toggle)
3. Reset message counters
4. Dump DDOP as hex (open in AgIsoDDOPGenerator)
5. Dump VT object pool as hex
q. Exit

# 12:17:57.482
=== ISOBUS STATUS ===
Address claim: CLAIMED  address=0x81
Bus load (ch0): 22.6 %
--- Message counters ---
  PGN 129025 Position NMEA2000: 0
  PGN 129026 Speed NMEA2000:    0
  PGN 129283 XTE NMEA2000:      0
  PGN 65267  Position legacy:   7031
  PGN 65256  Speed legacy:      7031   last SA=0x1C raw=0x2
  PGN 65535  XTE JD legacy:     151397   last SA=0x1C word=0x0 byte1=0x0
             full payload:     0000000000000000  (2 ms ago)
  PGN 60160  XTE Trimble legacy:98   last SA=0x1C
  PGN 64770  AISO stop:         1418   last 1439236 ms ago
  TOTAL:                        166975
--- Guidance telemetry ---
  XTE:          -0.01 m
  Speed:        0.00 m/s (0.01 kn)
  Quality:      4   RTK quality=4  IsRtkQuality=Y
  GGA fix age:  11 ms
  VTG fix age:  9 ms
  XTE fix age:  194 ms
  Lat/Lon/Alt/Course: 53.425369 / 6.720293 / 4.4 m / 138.9 deg
--- Virtual Terminal ---
  Connected:    Y
  State:        21/22  Connected
  VT version:  4
  VT status msgs: 1420   last 901 ms ago
  Partner: addr=0x26 valid=Y  reconnect attempts=0
--- Task Controller ---
  Connected:    Y
  TC-GEO (with/without pos): Y/Y
  Task active:  Y
  DRP deviation (DDI 513): 0 mm, last 1439236 ms ago
  GNSS quality (DDI 514):  0, last 1439236 ms ago
  Value commands (any DDI): 7  last DDI=515 (1283181 ms ago)
  Value requests (any DDI): 32133582
  Partner: addr=0xF7 valid=Y  reconnect attempts=0
  Tramline setpoint (DDI 506): 1  -> terminal DOES implement Tramline Control (1391187 ms ago)
  Guidance track (DDI 507-511): (none yet)
=== ISOBUS DEBUG MENU ===
1. Full status dump
2. Periodic summary line (OFF - press to toggle)
3. Reset message counters
4. Dump DDOP as hex (open in AgIsoDDOPGenerator)
5. Dump VT object pool as hex
q. Exit

# 12:17:58.503
=== ISOBUS STATUS ===
Address claim: CLAIMED  address=0x81
Bus load (ch0): 21.9 %
--- Message counters ---
  PGN 129025 Position NMEA2000: 0
  PGN 129026 Speed NMEA2000:    0
  PGN 129283 XTE NMEA2000:      0
  PGN 65267  Position legacy:   7036
  PGN 65256  Speed legacy:      7036   last SA=0x1C raw=0x0
  PGN 65535  XTE JD legacy:     151506   last SA=0xF0 word=0x0 byte1=0x0
             full payload:     0000000000000000  (13 ms ago)
  PGN 60160  XTE Trimble legacy:98   last SA=0x1C
  PGN 64770  AISO stop:         1419   last 1440265 ms ago
  TOTAL:                        167095
--- Guidance telemetry ---
  XTE:          -0.01 m
  Speed:        0.00 m/s (0.00 kn)
  Quality:      4   RTK quality=4  IsRtkQuality=Y
  GGA fix age:  40 ms
  VTG fix age:  38 ms
  XTE fix age:  23 ms
  Lat/Lon/Alt/Course: 53.425369 / 6.720293 / 4.4 m / 138.9 deg
--- Virtual Terminal ---
  Connected:    Y
  State:        21/22  Connected
  VT version:  4
  VT status msgs: 1421   last 931 ms ago
  Partner: addr=0x26 valid=Y  reconnect attempts=0
--- Task Controller ---
  Connected:    Y
  TC-GEO (with/without pos): Y/Y
  Task active:  Y
  DRP deviation (DDI 513): 0 mm, last 1440265 ms ago
  GNSS quality (DDI 514):  0, last 1440265 ms ago
  Value commands (any DDI): 7  last DDI=515 (1284210 ms ago)
  Value requests (any DDI): 32157247
  Partner: addr=0xF7 valid=Y  reconnect attempts=0
  Tramline setpoint (DDI 506): 1  -> terminal DOES implement Tramline Control (1392216 ms ago)
  Guidance track (DDI 507-511): (none yet)
=== ISOBUS DEBUG MENU ===
1. Full status dump
2. Periodic summary line (OFF - press to toggle)
3. Reset message counters
4. Dump DDOP as hex (open in AgIsoDDOPGenerator)
5. Dump VT object pool as hex
q. Exit

# 12:17:59.526
=== ISOBUS STATUS ===
Address claim: CLAIMED  address=0x81
Bus load (ch0): 22.5 %
--- Message counters ---
  PGN 129025 Position NMEA2000: 0
  PGN 129026 Speed NMEA2000:    0
  PGN 129283 XTE NMEA2000:      0
  PGN 65267  Position legacy:   7041
  PGN 65256  Speed legacy:      7041   last SA=0x1C raw=0x1
  PGN 65535  XTE JD legacy:     151614   last SA=0xF0 word=0x0 byte1=0x0
             full payload:     0000000000000000  (10 ms ago)
  PGN 60160  XTE Trimble legacy:98   last SA=0x1C
  PGN 64770  AISO stop:         1420   last 1441282 ms ago
  TOTAL:                        167214
--- Guidance telemetry ---
  XTE:          -0.01 m
  Speed:        0.00 m/s (0.00 kn)
  Quality:      4   RTK quality=4  IsRtkQuality=Y
  GGA fix age:  57 ms
  VTG fix age:  55 ms
  XTE fix age:  40 ms
  Lat/Lon/Alt/Course: 53.425369 / 6.720293 / 4.4 m / 138.9 deg
--- Virtual Terminal ---
  Connected:    Y
  State:        21/22  Connected
  VT version:  4
  VT status msgs: 1422   last 948 ms ago
  Partner: addr=0x26 valid=Y  reconnect attempts=0
--- Task Controller ---
  Connected:    Y
  TC-GEO (with/without pos): Y/Y
  Task active:  Y
  DRP deviation (DDI 513): 0 mm, last 1441282 ms ago
  GNSS quality (DDI 514):  0, last 1441282 ms ago
  Value commands (any DDI): 7  last DDI=515 (1285227 ms ago)
  Value requests (any DDI): 32180625
  Partner: addr=0xF7 valid=Y  reconnect attempts=0
  Tramline setpoint (DDI 506): 1  -> terminal DOES implement Tramline Control (1393233 ms ago)
  Guidance track (DDI 507-511): (none yet)
=== ISOBUS DEBUG MENU ===
1. Full status dump
2. Periodic summary line (OFF - press to toggle)
3. Reset message counters
4. Dump DDOP as hex (open in AgIsoDDOPGenerator)
5. Dump VT object pool as hex
q. Exit

# 12:18:00.534
=== ISOBUS STATUS ===
Address claim: CLAIMED  address=0x81
Bus load (ch0): 21.8 %
--- Message counters ---
  PGN 129025 Position NMEA2000: 0
  PGN 129026 Speed NMEA2000:    0
  PGN 129283 XTE NMEA2000:      0
  PGN 65267  Position legacy:   7046
  PGN 65256  Speed legacy:      7046   last SA=0x1C raw=0x2
  PGN 65535  XTE JD legacy:     151723   last SA=0xF0 word=0x0 byte1=0x0
             full payload:     0000000000000000  (7 ms ago)
  PGN 60160  XTE Trimble legacy:98   last SA=0x1C
  PGN 64770  AISO stop:         1421   last 1442307 ms ago
  TOTAL:                        167334
--- Guidance telemetry ---
  XTE:          -0.01 m
  Speed:        0.00 m/s (0.01 kn)
  Quality:      4   RTK quality=4  IsRtkQuality=Y
  GGA fix age:  81 ms
  VTG fix age:  80 ms
  XTE fix age:  64 ms
  Lat/Lon/Alt/Course: 53.425369 / 6.720293 / 4.4 m / 138.9 deg
--- Virtual Terminal ---
  Connected:    Y
  State:        21/22  Connected
  VT version:  4
  VT status msgs: 1423   last 973 ms ago
  Partner: addr=0x26 valid=Y  reconnect attempts=0
--- Task Controller ---
  Connected:    Y
  TC-GEO (with/without pos): Y/Y
  Task active:  Y
  DRP deviation (DDI 513): 0 mm, last 1442307 ms ago
  GNSS quality (DDI 514):  0, last 1442307 ms ago
  Value commands (any DDI): 7  last DDI=515 (1286252 ms ago)
  Value requests (any DDI): 32204179
  Partner: addr=0xF7 valid=Y  reconnect attempts=0
  Tramline setpoint (DDI 506): 1  -> terminal DOES implement Tramline Control (1394258 ms ago)
  Guidance track (DDI 507-511): (none yet)
=== ISOBUS DEBUG MENU ===
1. Full status dump
2. Periodic summary line (OFF - press to toggle)
3. Reset message counters
4. Dump DDOP as hex (open in AgIsoDDOPGenerator)
5. Dump VT object pool as hex
q. Exit

# 12:18:01.554
=== ISOBUS STATUS ===
Address claim: CLAIMED  address=0x81
Bus load (ch0): 22.6 %
--- Message counters ---
  PGN 129025 Position NMEA2000: 0
  PGN 129026 Speed NMEA2000:    0
  PGN 129283 XTE NMEA2000:      0
  PGN 65267  Position legacy:   7051
  PGN 65256  Speed legacy:      7051   last SA=0x1C raw=0x2
  PGN 65535  XTE JD legacy:     151831   last SA=0xF0 word=0x0 byte1=0x0
             full payload:     0000000000000000  (13 ms ago)
  PGN 60160  XTE Trimble legacy:98   last SA=0x1C
  PGN 64770  AISO stop:         1422   last 1443313 ms ago
  TOTAL:                        167453
--- Guidance telemetry ---
  XTE:          -0.01 m
  Speed:        0.00 m/s (0.01 kn)
  Quality:      4   RTK quality=4  IsRtkQuality=Y
  GGA fix age:  88 ms
  VTG fix age:  86 ms
  XTE fix age:  70 ms
  Lat/Lon/Alt/Course: 53.425369 / 6.720293 / 4.4 m / 138.9 deg
--- Virtual Terminal ---
  Connected:    Y
  State:        21/22  Connected
  VT version:  4
  VT status msgs: 1424   last 979 ms ago
  Partner: addr=0x26 valid=Y  reconnect attempts=0
--- Task Controller ---
  Connected:    Y
  TC-GEO (with/without pos): Y/Y
  Task active:  Y
  DRP deviation (DDI 513): 0 mm, last 1443313 ms ago
  GNSS quality (DDI 514):  0, last 1443313 ms ago
  Value commands (any DDI): 7  last DDI=515 (1287258 ms ago)
  Value requests (any DDI): 32227318
  Partner: addr=0xF7 valid=Y  reconnect attempts=0
  Tramline setpoint (DDI 506): 1  -> terminal DOES implement Tramline Control (1395264 ms ago)
  Guidance track (DDI 507-511): (none yet)
=== ISOBUS DEBUG MENU ===
1. Full status dump
2. Periodic summary line (OFF - press to toggle)
3. Reset message counters
4. Dump DDOP as hex (open in AgIsoDDOPGenerator)
5. Dump VT object pool as hex
q. Exit

# 12:18:02.615
=== ISOBUS STATUS ===
Address claim: CLAIMED  address=0x81
Bus load (ch0): 21.5 %
--- Message counters ---
  PGN 129025 Position NMEA2000: 0
  PGN 129026 Speed NMEA2000:    0
  PGN 129283 XTE NMEA2000:      0
  PGN 65267  Position legacy:   7056
  PGN 65256  Speed legacy:      7056   last SA=0x1C raw=0x1
  PGN 65535  XTE JD legacy:     151942   last SA=0xF0 word=0x0 byte1=0x0
             full payload:     0000000000000000  (0 ms ago)
  PGN 60160  XTE Trimble legacy:98   last SA=0x1C
  PGN 64770  AISO stop:         1423   last 1444334 ms ago
  TOTAL:                        167575
--- Guidance telemetry ---
  XTE:          -0.01 m
  Speed:        0.00 m/s (0.00 kn)
  Quality:      4   RTK quality=4  IsRtkQuality=Y
  GGA fix age:  109 ms
  VTG fix age:  107 ms
  XTE fix age:  91 ms
  Lat/Lon/Alt/Course: 53.425369 / 6.720293 / 4.4 m / 138.9 deg
--- Virtual Terminal ---
  Connected:    Y
  State:        21/22  Connected
  VT version:  4
  VT status msgs: 1426   last 0 ms ago
  Partner: addr=0x26 valid=Y  reconnect attempts=0
--- Task Controller ---
  Connected:    Y
  TC-GEO (with/without pos): Y/Y
  Task active:  Y
  DRP deviation (DDI 513): 0 mm, last 1444334 ms ago
  GNSS quality (DDI 514):  0, last 1444334 ms ago
  Value commands (any DDI): 7  last DDI=515 (1288279 ms ago)
  Value requests (any DDI): 32250781
  Partner: addr=0xF7 valid=Y  reconnect attempts=0
  Tramline setpoint (DDI 506): 1  -> terminal DOES implement Tramline Control (1396285 ms ago)
  Guidance track (DDI 507-511): (none yet)
=== ISOBUS DEBUG MENU ===
1. Full status dump
2. Periodic summary line (OFF - press to toggle)
3. Reset message counters
4. Dump DDOP as hex (open in AgIsoDDOPGenerator)
5. Dump VT object pool as hex
q. Exit

# 12:18:03.657
=== ISOBUS STATUS ===
Address claim: CLAIMED  address=0x81
Bus load (ch0): 21.4 %
--- Message counters ---
  PGN 129025 Position NMEA2000: 0
  PGN 129026 Speed NMEA2000:    0
  PGN 129283 XTE NMEA2000:      0
  PGN 65267  Position legacy:   7061
  PGN 65256  Speed legacy:      7061   last SA=0x1C raw=0x0
  PGN 65535  XTE JD legacy:     152059   last SA=0xF0 word=0x0 byte1=0x0
             full payload:     0000000000000000  (11 ms ago)
  PGN 60160  XTE Trimble legacy:98   last SA=0x1C
  PGN 64770  AISO stop:         1424   last 1445406 ms ago
  TOTAL:                        167703
--- Guidance telemetry ---
  XTE:          -0.01 m
  Speed:        0.00 m/s (0.00 kn)
  Quality:      4   RTK quality=4  IsRtkQuality=Y
  GGA fix age:  180 ms
  VTG fix age:  179 ms
  XTE fix age:  163 ms
  Lat/Lon/Alt/Course: 53.425369 / 6.720293 / 4.4 m / 138.9 deg
--- Virtual Terminal ---
  Connected:    Y
  State:        21/22  Connected
  VT version:  4
  VT status msgs: 1427   last 72 ms ago
  Partner: addr=0x26 valid=Y  reconnect attempts=0
--- Task Controller ---
  Connected:    Y
  TC-GEO (with/without pos): Y/Y
  Task active:  Y
  DRP deviation (DDI 513): 0 mm, last 1445406 ms ago
  GNSS quality (DDI 514):  0, last 1445406 ms ago
  Value commands (any DDI): 7  last DDI=515 (1289351 ms ago)
  Value requests (any DDI): 32275421
  Partner: addr=0xF7 valid=Y  reconnect attempts=0
  Tramline setpoint (DDI 506): 1  -> terminal DOES implement Tramline Control (1397357 ms ago)
  Guidance track (DDI 507-511): (none yet)
=== ISOBUS DEBUG MENU ===
1. Full status dump
2. Periodic summary line (OFF - press to toggle)
3. Reset message counters
4. Dump DDOP as hex (open in AgIsoDDOPGenerator)
5. Dump VT object pool as hex
q. Exit

# 12:18:04.728
=== ISOBUS STATUS ===
Address claim: CLAIMED  address=0x81
Bus load (ch0): 21.3 %
--- Message counters ---
  PGN 129025 Position NMEA2000: 0
  PGN 129026 Speed NMEA2000:    0
  PGN 129283 XTE NMEA2000:      0
  PGN 65267  Position legacy:   7067
  PGN 65256  Speed legacy:      7067   last SA=0x1C raw=0x2
  PGN 65535  XTE JD legacy:     152176   last SA=0x2A word=0x7CFF byte1=0x15
             full payload:     771510FF7C2E85FF  (2 ms ago)
  PGN 60160  XTE Trimble legacy:98   last SA=0x1C
  PGN 64770  AISO stop:         1426   last 1446445 ms ago
  TOTAL:                        167834
--- Guidance telemetry ---
  XTE:          -0.01 m
  Speed:        0.00 m/s (0.01 kn)
  Quality:      4   RTK quality=4  IsRtkQuality=Y
  GGA fix age:  20 ms
  VTG fix age:  18 ms
  XTE fix age:  2 ms
  Lat/Lon/Alt/Course: 53.425369 / 6.720293 / 4.4 m / 138.9 deg
--- Virtual Terminal ---
  Connected:    Y
  State:        21/22  Connected
  VT version:  4
  VT status msgs: 1428   last 111 ms ago
  Partner: addr=0x26 valid=Y  reconnect attempts=0
--- Task Controller ---
  Connected:    Y
  TC-GEO (with/without pos): Y/Y
  Task active:  Y
  DRP deviation (DDI 513): 0 mm, last 1446445 ms ago
  GNSS quality (DDI 514):  0, last 1446445 ms ago
  Value commands (any DDI): 7  last DDI=515 (1290390 ms ago)
  Value requests (any DDI): 32299293
  Partner: addr=0xF7 valid=Y  reconnect attempts=0
  Tramline setpoint (DDI 506): 1  -> terminal DOES implement Tramline Control (1398396 ms ago)
  Guidance track (DDI 507-511): (none yet)
=== ISOBUS DEBUG MENU ===
1. Full status dump
2. Periodic summary line (OFF - press to toggle)
3. Reset message counters
4. Dump DDOP as hex (open in AgIsoDDOPGenerator)
5. Dump VT object pool as hex
q. Exit

# 12:18:05.750
=== ISOBUS STATUS ===
Address claim: CLAIMED  address=0x81
Bus load (ch0): 21.4 %
--- Message counters ---
  PGN 129025 Position NMEA2000: 0
  PGN 129026 Speed NMEA2000:    0
  PGN 129283 XTE NMEA2000:      0
  PGN 65267  Position legacy:   7072
  PGN 65256  Speed legacy:      7072   last SA=0x1C raw=0x2
  PGN 65535  XTE JD legacy:     152286   last SA=0xF0 word=0x0 byte1=0x0
             full payload:     0000000000000000  (16 ms ago)
  PGN 60160  XTE Trimble legacy:98   last SA=0x1C
  PGN 64770  AISO stop:         1427   last 1447511 ms ago
  TOTAL:                        167955
--- Guidance telemetry ---
  XTE:          -0.01 m
  Speed:        0.00 m/s (0.01 kn)
  Quality:      4   RTK quality=4  IsRtkQuality=Y
  GGA fix age:  86 ms
  VTG fix age:  84 ms
  XTE fix age:  68 ms
  Lat/Lon/Alt/Course: 53.425369 / 6.720293 / 4.4 m / 138.9 deg
--- Virtual Terminal ---
  Connected:    Y
  State:        21/22  Connected
  VT version:  4
  VT status msgs: 1429   last 177 ms ago
  Partner: addr=0x26 valid=Y  reconnect attempts=0
--- Task Controller ---
  Connected:    Y
  TC-GEO (with/without pos): Y/Y
  Task active:  Y
  DRP deviation (DDI 513): 0 mm, last 1447511 ms ago
  GNSS quality (DDI 514):  0, last 1447511 ms ago
  Value commands (any DDI): 7  last DDI=515 (1291456 ms ago)
  Value requests (any DDI): 32323797
  Partner: addr=0xF7 valid=Y  reconnect attempts=0
  Tramline setpoint (DDI 506): 1  -> terminal DOES implement Tramline Control (1399462 ms ago)
  Guidance track (DDI 507-511): (none yet)
=== ISOBUS DEBUG MENU ===
1. Full status dump
2. Periodic summary line (OFF - press to toggle)
3. Reset message counters
4. Dump DDOP as hex (open in AgIsoDDOPGenerator)
5. Dump VT object pool as hex
q. Exit

# 12:18:06.771
=== ISOBUS STATUS ===
Address claim: CLAIMED  address=0x81
Bus load (ch0): 21.8 %
--- Message counters ---
  PGN 129025 Position NMEA2000: 0
  PGN 129026 Speed NMEA2000:    0
  PGN 129283 XTE NMEA2000:      0
  PGN 65267  Position legacy:   7077
  PGN 65256  Speed legacy:      7077   last SA=0x1C raw=0x1
  PGN 65535  XTE JD legacy:     152395   last SA=0xF0 word=0x0 byte1=0x0
             full payload:     0000000000000000  (14 ms ago)
  PGN 60160  XTE Trimble legacy:98   last SA=0x1C
  PGN 64770  AISO stop:         1428   last 1448529 ms ago
  TOTAL:                        168075
--- Guidance telemetry ---
  XTE:          -0.01 m
  Speed:        0.00 m/s (0.00 kn)
  Quality:      4   RTK quality=4  IsRtkQuality=Y
  GGA fix age:  104 ms
  VTG fix age:  102 ms
  XTE fix age:  86 ms
  Lat/Lon/Alt/Course: 53.425369 / 6.720293 / 4.4 m / 138.9 deg
--- Virtual Terminal ---
  Connected:    Y
  State:        21/22  Connected
  VT version:  4
  VT status msgs: 1430   last 196 ms ago
  Partner: addr=0x26 valid=Y  reconnect attempts=0
--- Task Controller ---
  Connected:    Y
  TC-GEO (with/without pos): Y/Y
  Task active:  Y
  DRP deviation (DDI 513): 0 mm, last 1448530 ms ago
  GNSS quality (DDI 514):  0, last 1448530 ms ago
  Value commands (any DDI): 7  last DDI=515 (1292475 ms ago)
  Value requests (any DDI): 32347212
  Partner: addr=0xF7 valid=Y  reconnect attempts=0
  Tramline setpoint (DDI 506): 1  -> terminal DOES implement Tramline Control (1400481 ms ago)
  Guidance track (DDI 507-511): (none yet)
=== ISOBUS DEBUG MENU ===
1. Full status dump
2. Periodic summary line (OFF - press to toggle)
3. Reset message counters
4. Dump DDOP as hex (open in AgIsoDDOPGenerator)
5. Dump VT object pool as hex
q. Exit

# 12:18:07.806
=== ISOBUS STATUS ===
Address claim: CLAIMED  address=0x81
Bus load (ch0): 21.7 %
--- Message counters ---
  PGN 129025 Position NMEA2000: 0
  PGN 129026 Speed NMEA2000:    0
  PGN 129283 XTE NMEA2000:      0
  PGN 65267  Position legacy:   7082
  PGN 65256  Speed legacy:      7082   last SA=0x1C raw=0x0
  PGN 65535  XTE JD legacy:     152503   last SA=0xF0 word=0x0 byte1=0x0
             full payload:     0000000000000000  (18 ms ago)
  PGN 60160  XTE Trimble legacy:98   last SA=0x1C
  PGN 64770  AISO stop:         1429   last 1449551 ms ago
  TOTAL:                        168194
--- Guidance telemetry ---
  XTE:          -0.01 m
  Speed:        0.00 m/s (0.00 kn)
  Quality:      4   RTK quality=4  IsRtkQuality=Y
  GGA fix age:  126 ms
  VTG fix age:  124 ms
  XTE fix age:  108 ms
  Lat/Lon/Alt/Course: 53.425369 / 6.720293 / 4.4 m / 138.9 deg
--- Virtual Terminal ---
  Connected:    Y
  State:        21/22  Connected
  VT version:  4
  VT status msgs: 1431   last 216 ms ago
  Partner: addr=0x26 valid=Y  reconnect attempts=0
--- Task Controller ---
  Connected:    Y
  TC-GEO (with/without pos): Y/Y
  Task active:  Y
  DRP deviation (DDI 513): 0 mm, last 1449551 ms ago
  GNSS quality (DDI 514):  0, last 1449551 ms ago
  Value commands (any DDI): 7  last DDI=515 (1293496 ms ago)
  Value requests (any DDI): 32370697
  Partner: addr=0xF7 valid=Y  reconnect attempts=0
  Tramline setpoint (DDI 506): 1  -> terminal DOES implement Tramline Control (1401502 ms ago)
  Guidance track (DDI 507-511): (none yet)
=== ISOBUS DEBUG MENU ===
1. Full status dump
2. Periodic summary line (OFF - press to toggle)
3. Reset message counters
4. Dump DDOP as hex (open in AgIsoDDOPGenerator)
5. Dump VT object pool as hex
q. Exit

# 12:18:08.855
=== ISOBUS STATUS ===
Address claim: CLAIMED  address=0x81
Bus load (ch0): 21.4 %
--- Message counters ---
  PGN 129025 Position NMEA2000: 0
  PGN 129026 Speed NMEA2000:    0
  PGN 129283 XTE NMEA2000:      0
  PGN 65267  Position legacy:   7087
  PGN 65256  Speed legacy:      7087   last SA=0x1C raw=0x1
  PGN 65535  XTE JD legacy:     152612   last SA=0xF0 word=0x0 byte1=0x0
             full payload:     0000000000000000  (15 ms ago)
  PGN 60160  XTE Trimble legacy:98   last SA=0x1C
  PGN 64770  AISO stop:         1430   last 1450588 ms ago
  TOTAL:                        168314
--- Guidance telemetry ---
  XTE:          -0.01 m
  Speed:        0.00 m/s (0.00 kn)
  Quality:      4   RTK quality=4  IsRtkQuality=Y
  GGA fix age:  163 ms
  VTG fix age:  161 ms
  XTE fix age:  145 ms
  Lat/Lon/Alt/Course: 53.425369 / 6.720293 / 4.4 m / 138.9 deg
--- Virtual Terminal ---
  Connected:    Y
  State:        21/22  Connected
  VT version:  4
  VT status msgs: 1432   last 254 ms ago
  Partner: addr=0x26 valid=Y  reconnect attempts=0
--- Task Controller ---
  Connected:    Y
  TC-GEO (with/without pos): Y/Y
  Task active:  Y
  DRP deviation (DDI 513): 0 mm, last 1450588 ms ago
  GNSS quality (DDI 514):  0, last 1450588 ms ago
  Value commands (any DDI): 7  last DDI=515 (1294533 ms ago)
  Value requests (any DDI): 32394526
  Partner: addr=0xF7 valid=Y  reconnect attempts=0
  Tramline setpoint (DDI 506): 1  -> terminal DOES implement Tramline Control (1402539 ms ago)
  Guidance track (DDI 507-511): (none yet)
=== ISOBUS DEBUG MENU ===
1. Full status dump
2. Periodic summary line (OFF - press to toggle)
3. Reset message counters
4. Dump DDOP as hex (open in AgIsoDDOPGenerator)
5. Dump VT object pool as hex
q. Exit

# 12:18:09.884
=== ISOBUS STATUS ===
Address claim: CLAIMED  address=0x81
Bus load (ch0): 21.8 %
--- Message counters ---
  PGN 129025 Position NMEA2000: 0
  PGN 129026 Speed NMEA2000:    0
  PGN 129283 XTE NMEA2000:      0
  PGN 65267  Position legacy:   7093
  PGN 65256  Speed legacy:      7093   last SA=0x1C raw=0x1
  PGN 65535  XTE JD legacy:     152730   last SA=0x2A word=0x7CFF byte1=0x15
             full payload:     771510FF7C2E85FF  (1 ms ago)
  PGN 60160  XTE Trimble legacy:98   last SA=0x1C
  PGN 64770  AISO stop:         1431   last 1451638 ms ago
  TOTAL:                        168445
--- Guidance telemetry ---
  XTE:          -0.01 m
  Speed:        0.00 m/s (0.00 kn)
  Quality:      4   RTK quality=4  IsRtkQuality=Y
  GGA fix age:  13 ms
  VTG fix age:  11 ms
  XTE fix age:  1 ms
  Lat/Lon/Alt/Course: 53.425369 / 6.720293 / 4.4 m / 138.9 deg
--- Virtual Terminal ---
  Connected:    Y
  State:        21/22  Connected
  VT version:  4
  VT status msgs: 1433   last 303 ms ago
  Partner: addr=0x26 valid=Y  reconnect attempts=0
--- Task Controller ---
  Connected:    Y
  TC-GEO (with/without pos): Y/Y
  Task active:  Y
  DRP deviation (DDI 513): 0 mm, last 1451638 ms ago
  GNSS quality (DDI 514):  0, last 1451638 ms ago
  Value commands (any DDI): 7  last DDI=515 (1295583 ms ago)
  Value requests (any DDI): 32418659
  Partner: addr=0xF7 valid=Y  reconnect attempts=0
  Tramline setpoint (DDI 506): 1  -> terminal DOES implement Tramline Control (1403589 ms ago)
  Guidance track (DDI 507-511): (none yet)
=== ISOBUS DEBUG MENU ===
1. Full status dump
2. Periodic summary line (OFF - press to toggle)
3. Reset message counters
4. Dump DDOP as hex (open in AgIsoDDOPGenerator)
5. Dump VT object pool as hex
q. Exit

# 12:18:10.911
=== ISOBUS STATUS ===
Address claim: CLAIMED  address=0x81
Bus load (ch0): 21.3 %
--- Message counters ---
  PGN 129025 Position NMEA2000: 0
  PGN 129026 Speed NMEA2000:    0
  PGN 129283 XTE NMEA2000:      0
  PGN 65267  Position legacy:   7098
  PGN 65256  Speed legacy:      7098   last SA=0x1C raw=0x0
  PGN 65535  XTE JD legacy:     152839   last SA=0xF0 word=0x0 byte1=0x0
             full payload:     0000000000000000  (17 ms ago)
  PGN 60160  XTE Trimble legacy:98   last SA=0x1C
  PGN 64770  AISO stop:         1432   last 1452669 ms ago
  TOTAL:                        168565
--- Guidance telemetry ---
  XTE:          -0.01 m
  Speed:        0.00 m/s (0.00 kn)
  Quality:      4   RTK quality=4  IsRtkQuality=Y
  GGA fix age:  44 ms
  VTG fix age:  42 ms
  XTE fix age:  26 ms
  Lat/Lon/Alt/Course: 53.425369 / 6.720293 / 4.4 m / 138.9 deg
--- Virtual Terminal ---
  Connected:    Y
  State:        21/22  Connected
  VT version:  4
  VT status msgs: 1434   last 334 ms ago
  Partner: addr=0x26 valid=Y  reconnect attempts=0
--- Task Controller ---
  Connected:    Y
  TC-GEO (with/without pos): Y/Y
  Task active:  Y
  DRP deviation (DDI 513): 0 mm, last 1452669 ms ago
  GNSS quality (DDI 514):  0, last 1452669 ms ago
  Value commands (any DDI): 7  last DDI=515 (1296614 ms ago)
  Value requests (any DDI): 32442355
  Partner: addr=0xF7 valid=Y  reconnect attempts=0
  Tramline setpoint (DDI 506): 1  -> terminal DOES implement Tramline Control (1404620 ms ago)
  Guidance track (DDI 507-511): (none yet)
=== ISOBUS DEBUG MENU ===
1. Full status dump
2. Periodic summary line (OFF - press to toggle)
3. Reset message counters
4. Dump DDOP as hex (open in AgIsoDDOPGenerator)
5. Dump VT object pool as hex
q. Exit

# 12:18:11.949
=== ISOBUS STATUS ===
Address claim: CLAIMED  address=0x81
Bus load (ch0): 21.7 %
--- Message counters ---
  PGN 129025 Position NMEA2000: 0
  PGN 129026 Speed NMEA2000:    0
  PGN 129283 XTE NMEA2000:      0
  PGN 65267  Position legacy:   7103
  PGN 65256  Speed legacy:      7103   last SA=0x1C raw=0x1
  PGN 65535  XTE JD legacy:     152948   last SA=0xF0 word=0x0 byte1=0x0
             full payload:     0000000000000000  (1 ms ago)
  PGN 60160  XTE Trimble legacy:98   last SA=0x1C
  PGN 64770  AISO stop:         1433   last 1453696 ms ago
  TOTAL:                        168685
--- Guidance telemetry ---
  XTE:          -0.01 m
  Speed:        0.00 m/s (0.00 kn)
  Quality:      4   RTK quality=4  IsRtkQuality=Y
  GGA fix age:  71 ms
  VTG fix age:  69 ms
  XTE fix age:  53 ms
  Lat/Lon/Alt/Course: 53.425369 / 6.720293 / 4.4 m / 138.9 deg
--- Virtual Terminal ---
  Connected:    Y
  State:        21/22  Connected
  VT version:  4
  VT status msgs: 1435   last 361 ms ago
  Partner: addr=0x26 valid=Y  reconnect attempts=0
--- Task Controller ---
  Connected:    Y
  TC-GEO (with/without pos): Y/Y
  Task active:  Y
  DRP deviation (DDI 513): 0 mm, last 1453696 ms ago
  GNSS quality (DDI 514):  0, last 1453696 ms ago
  Value commands (any DDI): 7  last DDI=515 (1297641 ms ago)
  Value requests (any DDI): 32465962
  Partner: addr=0xF7 valid=Y  reconnect attempts=0
  Tramline setpoint (DDI 506): 1  -> terminal DOES implement Tramline Control (1405647 ms ago)
  Guidance track (DDI 507-511): (none yet)
=== ISOBUS DEBUG MENU ===
1. Full status dump
2. Periodic summary line (OFF - press to toggle)
3. Reset message counters
4. Dump DDOP as hex (open in AgIsoDDOPGenerator)
5. Dump VT object pool as hex
q. Exit

# 12:18:12.972
=== ISOBUS STATUS ===
Address claim: CLAIMED  address=0x81
Bus load (ch0): 21.4 %
--- Message counters ---
  PGN 129025 Position NMEA2000: 0
  PGN 129026 Speed NMEA2000:    0
  PGN 129283 XTE NMEA2000:      0
  PGN 65267  Position legacy:   7108
  PGN 65256  Speed legacy:      7108   last SA=0x1C raw=0x2
  PGN 65535  XTE JD legacy:     153057   last SA=0xF0 word=0x0 byte1=0x0
             full payload:     0000000000000000  (6 ms ago)
  PGN 60160  XTE Trimble legacy:98   last SA=0x1C
  PGN 64770  AISO stop:         1434   last 1454730 ms ago
  TOTAL:                        168805
--- Guidance telemetry ---
  XTE:          -0.01 m
  Speed:        0.00 m/s (0.01 kn)
  Quality:      4   RTK quality=4  IsRtkQuality=Y
  GGA fix age:  105 ms
  VTG fix age:  103 ms
  XTE fix age:  87 ms
  Lat/Lon/Alt/Course: 53.425369 / 6.720293 / 4.4 m / 138.9 deg
--- Virtual Terminal ---
  Connected:    Y
  State:        21/22  Connected
  VT version:  4
  VT status msgs: 1436   last 395 ms ago
  Partner: addr=0x26 valid=Y  reconnect attempts=0
--- Task Controller ---
  Connected:    Y
  TC-GEO (with/without pos): Y/Y
  Task active:  Y
  DRP deviation (DDI 513): 0 mm, last 1454730 ms ago
  GNSS quality (DDI 514):  0, last 1454730 ms ago
  Value commands (any DDI): 7  last DDI=515 (1298675 ms ago)
  Value requests (any DDI): 32489734
  Partner: addr=0xF7 valid=Y  reconnect attempts=0
  Tramline setpoint (DDI 506): 1  -> terminal DOES implement Tramline Control (1406681 ms ago)
  Guidance track (DDI 507-511): (none yet)
=== ISOBUS DEBUG MENU ===
1. Full status dump
2. Periodic summary line (OFF - press to toggle)
3. Reset message counters
4. Dump DDOP as hex (open in AgIsoDDOPGenerator)
5. Dump VT object pool as hex
q. Exit

# 12:18:14.006
=== ISOBUS STATUS ===
Address claim: CLAIMED  address=0x81
Bus load (ch0): 21.0 %
--- Message counters ---
  PGN 129025 Position NMEA2000: 0
  PGN 129026 Speed NMEA2000:    0
  PGN 129283 XTE NMEA2000:      0
  PGN 65267  Position legacy:   7113
  PGN 65256  Speed legacy:      7113   last SA=0x1C raw=0x1
  PGN 65535  XTE JD legacy:     153165   last SA=0xF0 word=0x0 byte1=0x0
             full payload:     0000000000000000  (17 ms ago)
  PGN 60160  XTE Trimble legacy:98   last SA=0x1C
  PGN 64770  AISO stop:         1435   last 1455751 ms ago
  TOTAL:                        168924
--- Guidance telemetry ---
  XTE:          -0.01 m
  Speed:        0.00 m/s (0.00 kn)
  Quality:      4   RTK quality=4  IsRtkQuality=Y
  GGA fix age:  126 ms
  VTG fix age:  124 ms
  XTE fix age:  114 ms
  Lat/Lon/Alt/Course: 53.425369 / 6.720293 / 4.4 m / 138.9 deg
--- Virtual Terminal ---
  Connected:    Y
  State:        21/22  Connected
  VT version:  4
  VT status msgs: 1437   last 416 ms ago
  Partner: addr=0x26 valid=Y  reconnect attempts=0
--- Task Controller ---
  Connected:    Y
  TC-GEO (with/without pos): Y/Y
  Task active:  Y
  DRP deviation (DDI 513): 0 mm, last 1455751 ms ago
  GNSS quality (DDI 514):  0, last 1455751 ms ago
  Value commands (any DDI): 7  last DDI=515 (1299696 ms ago)
  Value requests (any DDI): 32513205
  Partner: addr=0xF7 valid=Y  reconnect attempts=0
  Tramline setpoint (DDI 506): 1  -> terminal DOES implement Tramline Control (1407702 ms ago)
  Guidance track (DDI 507-511): (none yet)
=== ISOBUS DEBUG MENU ===
1. Full status dump
2. Periodic summary line (OFF - press to toggle)
3. Reset message counters
4. Dump DDOP as hex (open in AgIsoDDOPGenerator)
5. Dump VT object pool as hex
q. Exit

# 12:18:15.018
=== ISOBUS STATUS ===
Address claim: CLAIMED  address=0x81
Bus load (ch0): 21.2 %
--- Message counters ---
  PGN 129025 Position NMEA2000: 0
  PGN 129026 Speed NMEA2000:    0
  PGN 129283 XTE NMEA2000:      0
  PGN 65267  Position legacy:   7118
  PGN 65256  Speed legacy:      7118   last SA=0x1C raw=0x3
  PGN 65535  XTE JD legacy:     153276   last SA=0xF0 word=0x0 byte1=0x0
             full payload:     0000000000000000  (12 ms ago)
  PGN 60160  XTE Trimble legacy:98   last SA=0x1C
  PGN 64770  AISO stop:         1436   last 1456785 ms ago
  TOTAL:                        169046
--- Guidance telemetry ---
  XTE:          -0.01 m
  Speed:        0.01 m/s (0.01 kn)
  Quality:      4   RTK quality=4  IsRtkQuality=Y
  GGA fix age:  160 ms
  VTG fix age:  158 ms
  XTE fix age:  142 ms
  Lat/Lon/Alt/Course: 53.425369 / 6.720293 / 4.4 m / 138.9 deg
--- Virtual Terminal ---
  Connected:    Y
  State:        21/22  Connected
  VT version:  4
  VT status msgs: 1438   last 450 ms ago
  Partner: addr=0x26 valid=Y  reconnect attempts=0
--- Task Controller ---
  Connected:    Y
  TC-GEO (with/without pos): Y/Y
  Task active:  Y
  DRP deviation (DDI 513): 0 mm, last 1456785 ms ago
  GNSS quality (DDI 514):  0, last 1456785 ms ago
  Value commands (any DDI): 7  last DDI=515 (1300730 ms ago)
  Value requests (any DDI): 32536976
  Partner: addr=0xF7 valid=Y  reconnect attempts=0
  Tramline setpoint (DDI 506): 1  -> terminal DOES implement Tramline Control (1408736 ms ago)
  Guidance track (DDI 507-511): (none yet)
=== ISOBUS DEBUG MENU ===
1. Full status dump
2. Periodic summary line (OFF - press to toggle)
3. Reset message counters
4. Dump DDOP as hex (open in AgIsoDDOPGenerator)
5. Dump VT object pool as hex
q. Exit

# 12:18:16.055
=== ISOBUS STATUS ===
Address claim: CLAIMED  address=0x81
Bus load (ch0): 21.4 %
--- Message counters ---
  PGN 129025 Position NMEA2000: 0
  PGN 129026 Speed NMEA2000:    0
  PGN 129283 XTE NMEA2000:      0
  PGN 65267  Position legacy:   7123
  PGN 65256  Speed legacy:      7123   last SA=0x1C raw=0x0
  PGN 65535  XTE JD legacy:     153385   last SA=0xF0 word=0x0 byte1=0x0
             full payload:     0000000000000000  (9 ms ago)
  PGN 60160  XTE Trimble legacy:98   last SA=0x1C
  PGN 64770  AISO stop:         1437   last 1457804 ms ago
  TOTAL:                        169166
--- Guidance telemetry ---
  XTE:          -0.01 m
  Speed:        0.00 m/s (0.00 kn)
  Quality:      4   RTK quality=4  IsRtkQuality=Y
  GGA fix age:  179 ms
  VTG fix age:  177 ms
  XTE fix age:  167 ms
  Lat/Lon/Alt/Course: 53.425369 / 6.720293 / 4.4 m / 138.9 deg
--- Virtual Terminal ---
  Connected:    Y
  State:        21/22  Connected
  VT version:  4
  VT status msgs: 1439   last 469 ms ago
  Partner: addr=0x26 valid=Y  reconnect attempts=0
--- Task Controller ---
  Connected:    Y
  TC-GEO (with/without pos): Y/Y
  Task active:  Y
  DRP deviation (DDI 513): 0 mm, last 1457804 ms ago
  GNSS quality (DDI 514):  0, last 1457804 ms ago
  Value commands (any DDI): 7  last DDI=515 (1301749 ms ago)
  Value requests (any DDI): 32560386
  Partner: addr=0xF7 valid=Y  reconnect attempts=0
  Tramline setpoint (DDI 506): 1  -> terminal DOES implement Tramline Control (1409755 ms ago)
  Guidance track (DDI 507-511): (none yet)
=== ISOBUS DEBUG MENU ===
1. Full status dump
2. Periodic summary line (OFF - press to toggle)
3. Reset message counters
4. Dump DDOP as hex (open in AgIsoDDOPGenerator)
5. Dump VT object pool as hex
q. Exit

# 12:18:17.113
=== ISOBUS STATUS ===
Address claim: CLAIMED  address=0x81
Bus load (ch0): 21.7 %
--- Message counters ---
  PGN 129025 Position NMEA2000: 0
  PGN 129026 Speed NMEA2000:    0
  PGN 129283 XTE NMEA2000:      0
  PGN 65267  Position legacy:   7129
  PGN 65256  Speed legacy:      7129   last SA=0x1C raw=0x0
  PGN 65535  XTE JD legacy:     153502   last SA=0xF0 word=0x0 byte1=0x0
             full payload:     0000000000000000  (3 ms ago)
  PGN 60160  XTE Trimble legacy:98   last SA=0x1C
  PGN 64770  AISO stop:         1438   last 1458836 ms ago
  TOTAL:                        169296
--- Guidance telemetry ---
  XTE:          -0.01 m
  Speed:        0.00 m/s (0.00 kn)
  Quality:      4   RTK quality=4  IsRtkQuality=Y
  GGA fix age:  11 ms
  VTG fix age:  9 ms
  XTE fix age:  198 ms
  Lat/Lon/Alt/Course: 53.425369 / 6.720293 / 4.4 m / 138.9 deg
--- Virtual Terminal ---
  Connected:    Y
  State:        21/22  Connected
  VT version:  4
  VT status msgs: 1440   last 501 ms ago
  Partner: addr=0x26 valid=Y  reconnect attempts=0
--- Task Controller ---
  Connected:    Y
  TC-GEO (with/without pos): Y/Y
  Task active:  Y
  DRP deviation (DDI 513): 0 mm, last 1458836 ms ago
  GNSS quality (DDI 514):  0, last 1458836 ms ago
  Value commands (any DDI): 7  last DDI=515 (1302781 ms ago)
  Value requests (any DDI): 32584117
  Partner: addr=0xF7 valid=Y  reconnect attempts=0
  Tramline setpoint (DDI 506): 1  -> terminal DOES implement Tramline Control (1410787 ms ago)
  Guidance track (DDI 507-511): (none yet)
=== ISOBUS DEBUG MENU ===
1. Full status dump
2. Periodic summary line (OFF - press to toggle)
3. Reset message counters
4. Dump DDOP as hex (open in AgIsoDDOPGenerator)
5. Dump VT object pool as hex
q. Exit

# 12:18:18.174
=== ISOBUS STATUS ===
Address claim: CLAIMED  address=0x81
Bus load (ch0): 21.4 %
--- Message counters ---
  PGN 129025 Position NMEA2000: 0
  PGN 129026 Speed NMEA2000:    0
  PGN 129283 XTE NMEA2000:      0
  PGN 65267  Position legacy:   7134
  PGN 65256  Speed legacy:      7134   last SA=0x1C raw=0x1
  PGN 65535  XTE JD legacy:     153613   last SA=0xF0 word=0x0 byte1=0x0
             full payload:     0000000000000000  (2 ms ago)
  PGN 60160  XTE Trimble legacy:98   last SA=0x1C
  PGN 64770  AISO stop:         1439   last 1459897 ms ago
  TOTAL:                        169418
--- Guidance telemetry ---
  XTE:          -0.01 m
  Speed:        0.00 m/s (0.00 kn)
  Quality:      4   RTK quality=4  IsRtkQuality=Y
  GGA fix age:  72 ms
  VTG fix age:  70 ms
  XTE fix age:  54 ms
  Lat/Lon/Alt/Course: 53.425369 / 6.720293 / 4.4 m / 138.9 deg
--- Virtual Terminal ---
  Connected:    Y
  State:        21/22  Connected
  VT version:  4
  VT status msgs: 1441   last 562 ms ago
  Partner: addr=0x26 valid=Y  reconnect attempts=0
--- Task Controller ---
  Connected:    Y
  TC-GEO (with/without pos): Y/Y
  Task active:  Y
  DRP deviation (DDI 513): 0 mm, last 1459897 ms ago
  GNSS quality (DDI 514):  0, last 1459897 ms ago
  Value commands (any DDI): 7  last DDI=515 (1303842 ms ago)
  Value requests (any DDI): 32608522
  Partner: addr=0xF7 valid=Y  reconnect attempts=0
  Tramline setpoint (DDI 506): 1  -> terminal DOES implement Tramline Control (1411848 ms ago)
  Guidance track (DDI 507-511): (none yet)
=== ISOBUS DEBUG MENU ===
1. Full status dump
2. Periodic summary line (OFF - press to toggle)
3. Reset message counters
4. Dump DDOP as hex (open in AgIsoDDOPGenerator)
5. Dump VT object pool as hex
q. Exit

# 12:18:19.183
=== ISOBUS STATUS ===
Address claim: CLAIMED  address=0x81
Bus load (ch0): 21.7 %
--- Message counters ---
  PGN 129025 Position NMEA2000: 0
  PGN 129026 Speed NMEA2000:    0
  PGN 129283 XTE NMEA2000:      0
  PGN 65267  Position legacy:   7139
  PGN 65256  Speed legacy:      7139   last SA=0x1C raw=0x1
  PGN 65535  XTE JD legacy:     153723   last SA=0xF0 word=0x0 byte1=0x0
             full payload:     0000000000000000  (2 ms ago)
  PGN 60160  XTE Trimble legacy:101   last SA=0x1C
  PGN 64770  AISO stop:         1440   last 1460954 ms ago
  TOTAL:                        169542
--- Guidance telemetry ---
  XTE:          -0.01 m
  Speed:        0.00 m/s (0.00 kn)
  Quality:      4   RTK quality=4  IsRtkQuality=Y
  GGA fix age:  129 ms
  VTG fix age:  127 ms
  XTE fix age:  111 ms
  Lat/Lon/Alt/Course: 53.425369 / 6.720293 / 4.4 m / 138.9 deg
--- Virtual Terminal ---
  Connected:    Y
  State:        21/22  Connected
  VT version:  4
  VT status msgs: 1442   last 619 ms ago
  Partner: addr=0x26 valid=Y  reconnect attempts=0
--- Task Controller ---
  Connected:    Y
  TC-GEO (with/without pos): Y/Y
  Task active:  Y
  DRP deviation (DDI 513): 0 mm, last 1460954 ms ago
  GNSS quality (DDI 514):  0, last 1460954 ms ago
  Value commands (any DDI): 7  last DDI=515 (1304899 ms ago)
  Value requests (any DDI): 32632743
  Partner: addr=0xF7 valid=Y  reconnect attempts=0
  Tramline setpoint (DDI 506): 1  -> terminal DOES implement Tramline Control (1412905 ms ago)
  Guidance track (DDI 507-511): (none yet)
=== ISOBUS DEBUG MENU ===
1. Full status dump
2. Periodic summary line (OFF - press to toggle)
3. Reset message counters
4. Dump DDOP as hex (open in AgIsoDDOPGenerator)
5. Dump VT object pool as hex
q. Exit

# 12:18:20.242
=== ISOBUS STATUS ===
Address claim: CLAIMED  address=0x81
Bus load (ch0): 21.5 %
--- Message counters ---
  PGN 129025 Position NMEA2000: 0
  PGN 129026 Speed NMEA2000:    0
  PGN 129283 XTE NMEA2000:      0
  PGN 65267  Position legacy:   7144
  PGN 65256  Speed legacy:      7144   last SA=0x1C raw=0x1
  PGN 65535  XTE JD legacy:     153830   last SA=0xF0 word=0x0 byte1=0x0
             full payload:     0000000000000000  (12 ms ago)
  PGN 60160  XTE Trimble legacy:101   last SA=0x1C
  PGN 64770  AISO stop:         1441   last 1461964 ms ago
  TOTAL:                        169660
--- Guidance telemetry ---
  XTE:          -0.01 m
  Speed:        0.00 m/s (0.00 kn)
  Quality:      4   RTK quality=4  IsRtkQuality=Y
  GGA fix age:  139 ms
  VTG fix age:  137 ms
  XTE fix age:  121 ms
  Lat/Lon/Alt/Course: 53.425369 / 6.720293 / 4.4 m / 138.9 deg
--- Virtual Terminal ---
  Connected:    Y
  State:        21/22  Connected
  VT version:  4
  VT status msgs: 1443   last 629 ms ago
  Partner: addr=0x26 valid=Y  reconnect attempts=0
--- Task Controller ---
  Connected:    Y
  TC-GEO (with/without pos): Y/Y
  Task active:  Y
  DRP deviation (DDI 513): 0 mm, last 1461964 ms ago
  GNSS quality (DDI 514):  0, last 1461964 ms ago
  Value commands (any DDI): 7  last DDI=515 (1305909 ms ago)
  Value requests (any DDI): 32655957
  Partner: addr=0xF7 valid=Y  reconnect attempts=0
  Tramline setpoint (DDI 506): 1  -> terminal DOES implement Tramline Control (1413915 ms ago)
  Guidance track (DDI 507-511): (none yet)
=== ISOBUS DEBUG MENU ===
1. Full status dump
2. Periodic summary line (OFF - press to toggle)
3. Reset message counters
4. Dump DDOP as hex (open in AgIsoDDOPGenerator)
5. Dump VT object pool as hex
q. Exit

# 12:18:21.287
=== ISOBUS STATUS ===
Address claim: CLAIMED  address=0x81
Bus load (ch0): 22.1 %
--- Message counters ---
  PGN 129025 Position NMEA2000: 0
  PGN 129026 Speed NMEA2000:    0
  PGN 129283 XTE NMEA2000:      0
  PGN 65267  Position legacy:   7150
  PGN 65256  Speed legacy:      7150   last SA=0x1C raw=0x2
  PGN 65535  XTE JD legacy:     153949   last SA=0x1C word=0x0 byte1=0x0
             full payload:     0000000000000000  (2 ms ago)
  PGN 60160  XTE Trimble legacy:101   last SA=0x1C
  PGN 64770  AISO stop:         1442   last 1463033 ms ago
  TOTAL:                        169792
--- Guidance telemetry ---
  XTE:          -0.01 m
  Speed:        0.00 m/s (0.01 kn)
  Quality:      4   RTK quality=4  IsRtkQuality=Y
  GGA fix age:  8 ms
  VTG fix age:  6 ms
  XTE fix age:  190 ms
  Lat/Lon/Alt/Course: 53.425369 / 6.720293 / 4.4 m / 138.9 deg
--- Virtual Terminal ---
  Connected:    Y
  State:        21/22  Connected
  VT version:  4
  VT status msgs: 1444   last 698 ms ago
  Partner: addr=0x26 valid=Y  reconnect attempts=0
--- Task Controller ---
  Connected:    Y
  TC-GEO (with/without pos): Y/Y
  Task active:  Y
  DRP deviation (DDI 513): 0 mm, last 1463033 ms ago
  GNSS quality (DDI 514):  0, last 1463033 ms ago
  Value commands (any DDI): 7  last DDI=515 (1306978 ms ago)
  Value requests (any DDI): 32680553
  Partner: addr=0xF7 valid=Y  reconnect attempts=0
  Tramline setpoint (DDI 506): 1  -> terminal DOES implement Tramline Control (1414984 ms ago)
  Guidance track (DDI 507-511): (none yet)
=== ISOBUS DEBUG MENU ===
1. Full status dump
2. Periodic summary line (OFF - press to toggle)
3. Reset message counters
4. Dump DDOP as hex (open in AgIsoDDOPGenerator)
5. Dump VT object pool as hex
q. Exit

# 12:18:22.358
=== ISOBUS STATUS ===
Address claim: CLAIMED  address=0x81
Bus load (ch0): 21.7 %
--- Message counters ---
  PGN 129025 Position NMEA2000: 0
  PGN 129026 Speed NMEA2000:    0
  PGN 129283 XTE NMEA2000:      0
  PGN 65267  Position legacy:   7155
  PGN 65256  Speed legacy:      7155   last SA=0x1C raw=0x3
  PGN 65535  XTE JD legacy:     154060   last SA=0xF0 word=0x0 byte1=0x0
             full payload:     0000000000000000  (18 ms ago)
  PGN 60160  XTE Trimble legacy:101   last SA=0x1C
  PGN 64770  AISO stop:         1443   last 1464071 ms ago
  TOTAL:                        169914
--- Guidance telemetry ---
  XTE:          -0.01 m
  Speed:        0.01 m/s (0.01 kn)
  Quality:      4   RTK quality=4  IsRtkQuality=Y
  GGA fix age:  46 ms
  VTG fix age:  44 ms
  XTE fix age:  29 ms
  Lat/Lon/Alt/Course: 53.425369 / 6.720293 / 4.4 m / 138.9 deg
--- Virtual Terminal ---
  Connected:    Y
  State:        21/22  Connected
  VT version:  4
  VT status msgs: 1445   last 736 ms ago
  Partner: addr=0x26 valid=Y  reconnect attempts=0
--- Task Controller ---
  Connected:    Y
  TC-GEO (with/without pos): Y/Y
  Task active:  Y
  DRP deviation (DDI 513): 0 mm, last 1464071 ms ago
  GNSS quality (DDI 514):  0, last 1464071 ms ago
  Value commands (any DDI): 7  last DDI=515 (1308016 ms ago)
  Value requests (any DDI): 32704406
  Partner: addr=0xF7 valid=Y  reconnect attempts=0
  Tramline setpoint (DDI 506): 1  -> terminal DOES implement Tramline Control (1416022 ms ago)
  Guidance track (DDI 507-511): (none yet)
=== ISOBUS DEBUG MENU ===
1. Full status dump
2. Periodic summary line (OFF - press to toggle)
3. Reset message counters
4. Dump DDOP as hex (open in AgIsoDDOPGenerator)
5. Dump VT object pool as hex
q. Exit

# 12:18:23.361
=== ISOBUS STATUS ===
Address claim: CLAIMED  address=0x81
Bus load (ch0): 21.3 %
--- Message counters ---
  PGN 129025 Position NMEA2000: 0
  PGN 129026 Speed NMEA2000:    0
  PGN 129283 XTE NMEA2000:      0
  PGN 65267  Position legacy:   7160
  PGN 65256  Speed legacy:      7160   last SA=0x1C raw=0x2
  PGN 65535  XTE JD legacy:     154172   last SA=0xF0 word=0x0 byte1=0x0
             full payload:     0000000000000000  (5 ms ago)
  PGN 60160  XTE Trimble legacy:101   last SA=0x1C
  PGN 64770  AISO stop:         1444   last 1465139 ms ago
  TOTAL:                        170037
--- Guidance telemetry ---
  XTE:          -0.01 m
  Speed:        0.00 m/s (0.01 kn)
  Quality:      4   RTK quality=4  IsRtkQuality=Y
  GGA fix age:  114 ms
  VTG fix age:  112 ms
  XTE fix age:  101 ms
  Lat/Lon/Alt/Course: 53.425369 / 6.720293 / 4.4 m / 138.9 deg
--- Virtual Terminal ---
  Connected:    Y
  State:        21/22  Connected
  VT version:  4
  VT status msgs: 1446   last 804 ms ago
  Partner: addr=0x26 valid=Y  reconnect attempts=0
--- Task Controller ---
  Connected:    Y
  TC-GEO (with/without pos): Y/Y
  Task active:  Y
  DRP deviation (DDI 513): 0 mm, last 1465139 ms ago
  GNSS quality (DDI 514):  0, last 1465139 ms ago
  Value commands (any DDI): 7  last DDI=515 (1309084 ms ago)
  Value requests (any DDI): 32728975
  Partner: addr=0xF7 valid=Y  reconnect attempts=0
  Tramline setpoint (DDI 506): 1  -> terminal DOES implement Tramline Control (1417090 ms ago)
  Guidance track (DDI 507-511): (none yet)
=== ISOBUS DEBUG MENU ===
1. Full status dump
2. Periodic summary line (OFF - press to toggle)
3. Reset message counters
4. Dump DDOP as hex (open in AgIsoDDOPGenerator)
5. Dump VT object pool as hex
q. Exit

# 12:18:24.401
=== ISOBUS STATUS ===
Address claim: CLAIMED  address=0x81
Bus load (ch0): 21.3 %
--- Message counters ---
  PGN 129025 Position NMEA2000: 0
  PGN 129026 Speed NMEA2000:    0
  PGN 129283 XTE NMEA2000:      0
  PGN 65267  Position legacy:   7165
  PGN 65256  Speed legacy:      7165   last SA=0x1C raw=0x1
  PGN 65535  XTE JD legacy:     154279   last SA=0xF0 word=0x0 byte1=0x0
             full payload:     0000000000000000  (8 ms ago)
  PGN 60160  XTE Trimble legacy:101   last SA=0x1C
  PGN 64770  AISO stop:         1445   last 1466142 ms ago
  TOTAL:                        170155
--- Guidance telemetry ---
  XTE:          -0.01 m
  Speed:        0.00 m/s (0.00 kn)
  Quality:      4   RTK quality=4  IsRtkQuality=Y
  GGA fix age:  117 ms
  VTG fix age:  115 ms
  XTE fix age:  99 ms
  Lat/Lon/Alt/Course: 53.425369 / 6.720293 / 4.4 m / 138.9 deg
--- Virtual Terminal ---
  Connected:    Y
  State:        21/22  Connected
  VT version:  4
  VT status msgs: 1447   last 807 ms ago
  Partner: addr=0x26 valid=Y  reconnect attempts=0
--- Task Controller ---
  Connected:    Y
  TC-GEO (with/without pos): Y/Y
  Task active:  Y
  DRP deviation (DDI 513): 0 mm, last 1466142 ms ago
  GNSS quality (DDI 514):  0, last 1466142 ms ago
  Value commands (any DDI): 7  last DDI=515 (1310087 ms ago)
  Value requests (any DDI): 32752025
  Partner: addr=0xF7 valid=Y  reconnect attempts=0
  Tramline setpoint (DDI 506): 1  -> terminal DOES implement Tramline Control (1418093 ms ago)
  Guidance track (DDI 507-511): (none yet)
=== ISOBUS DEBUG MENU ===
1. Full status dump
2. Periodic summary line (OFF - press to toggle)
3. Reset message counters
4. Dump DDOP as hex (open in AgIsoDDOPGenerator)
5. Dump VT object pool as hex
q. Exit

# 12:18:25.452
=== ISOBUS STATUS ===
Address claim: CLAIMED  address=0x81
Bus load (ch0): 21.3 %
--- Message counters ---
  PGN 129025 Position NMEA2000: 0
  PGN 129026 Speed NMEA2000:    0
  PGN 129283 XTE NMEA2000:      0
  PGN 65267  Position legacy:   7170
  PGN 65256  Speed legacy:      7170   last SA=0x1C raw=0x1
  PGN 65535  XTE JD legacy:     154388   last SA=0xF0 word=0x0 byte1=0x0
             full payload:     0000000000000000  (6 ms ago)
  PGN 60160  XTE Trimble legacy:101   last SA=0x1C
  PGN 64770  AISO stop:         1446   last 1467180 ms ago
  TOTAL:                        170275
--- Guidance telemetry ---
  XTE:          -0.01 m
  Speed:        0.00 m/s (0.00 kn)
  Quality:      4   RTK quality=4  IsRtkQuality=Y
  GGA fix age:  155 ms
  VTG fix age:  154 ms
  XTE fix age:  137 ms
  Lat/Lon/Alt/Course: 53.425369 / 6.720293 / 4.4 m / 138.9 deg
--- Virtual Terminal ---
  Connected:    Y
  State:        21/22  Connected
  VT version:  4
  VT status msgs: 1448   last 845 ms ago
  Partner: addr=0x26 valid=Y  reconnect attempts=0
--- Task Controller ---
  Connected:    Y
  TC-GEO (with/without pos): Y/Y
  Task active:  Y
  DRP deviation (DDI 513): 0 mm, last 1467180 ms ago
  GNSS quality (DDI 514):  0, last 1467180 ms ago
  Value commands (any DDI): 7  last DDI=515 (1311125 ms ago)
  Value requests (any DDI): 32775905
  Partner: addr=0xF7 valid=Y  reconnect attempts=0
  Tramline setpoint (DDI 506): 1  -> terminal DOES implement Tramline Control (1419131 ms ago)
  Guidance track (DDI 507-511): (none yet)
=== ISOBUS DEBUG MENU ===
1. Full status dump
2. Periodic summary line (OFF - press to toggle)
3. Reset message counters
4. Dump DDOP as hex (open in AgIsoDDOPGenerator)
5. Dump VT object pool as hex
q. Exit

# 12:18:26.490
=== ISOBUS STATUS ===
Address claim: CLAIMED  address=0x81
Bus load (ch0): 22.1 %
--- Message counters ---
  PGN 129025 Position NMEA2000: 0
  PGN 129026 Speed NMEA2000:    0
  PGN 129283 XTE NMEA2000:      0
  PGN 65267  Position legacy:   7176
  PGN 65256  Speed legacy:      7176   last SA=0x1C raw=0x2
  PGN 65535  XTE JD legacy:     154506   last SA=0xF0 word=0x0 byte1=0x0
             full payload:     0000000000000000  (1 ms ago)
  PGN 60160  XTE Trimble legacy:101   last SA=0x1C
  PGN 64770  AISO stop:         1447   last 1468234 ms ago
  TOTAL:                        170406
--- Guidance telemetry ---
  XTE:          -0.01 m
  Speed:        0.00 m/s (0.01 kn)
  Quality:      4   RTK quality=4  IsRtkQuality=Y
  GGA fix age:  9 ms
  VTG fix age:  8 ms
  XTE fix age:  192 ms
  Lat/Lon/Alt/Course: 53.425369 / 6.720293 / 4.4 m / 138.9 deg
--- Virtual Terminal ---
  Connected:    Y
  State:        21/22  Connected
  VT version:  4
  VT status msgs: 1449   last 898 ms ago
  Partner: addr=0x26 valid=Y  reconnect attempts=0
--- Task Controller ---
  Connected:    Y
  TC-GEO (with/without pos): Y/Y
  Task active:  Y
  DRP deviation (DDI 513): 0 mm, last 1468234 ms ago
  GNSS quality (DDI 514):  0, last 1468234 ms ago
  Value commands (any DDI): 7  last DDI=515 (1312179 ms ago)
  Value requests (any DDI): 32800145
  Partner: addr=0xF7 valid=Y  reconnect attempts=0
  Tramline setpoint (DDI 506): 1  -> terminal DOES implement Tramline Control (1420185 ms ago)
  Guidance track (DDI 507-511): (none yet)
=== ISOBUS DEBUG MENU ===
1. Full status dump
2. Periodic summary line (OFF - press to toggle)
3. Reset message counters
4. Dump DDOP as hex (open in AgIsoDDOPGenerator)
5. Dump VT object pool as hex
q. Exit

# 12:18:27.562
=== ISOBUS STATUS ===
Address claim: CLAIMED  address=0x81
Bus load (ch0): 21.6 %
--- Message counters ---
  PGN 129025 Position NMEA2000: 0
  PGN 129026 Speed NMEA2000:    0
  PGN 129283 XTE NMEA2000:      0
  PGN 65267  Position legacy:   7181
  PGN 65256  Speed legacy:      7181   last SA=0x1C raw=0x3
  PGN 65535  XTE JD legacy:     154616   last SA=0xF0 word=0x0 byte1=0x0
             full payload:     0000000000000000  (15 ms ago)
  PGN 60160  XTE Trimble legacy:101   last SA=0x1C
  PGN 64770  AISO stop:         1448   last 1469289 ms ago
  TOTAL:                        170527
--- Guidance telemetry ---
  XTE:          -0.01 m
  Speed:        0.01 m/s (0.01 kn)
  Quality:      4   RTK quality=4  IsRtkQuality=Y
  GGA fix age:  64 ms
  VTG fix age:  63 ms
  XTE fix age:  47 ms
  Lat/Lon/Alt/Course: 53.425369 / 6.720293 / 4.4 m / 138.9 deg
--- Virtual Terminal ---
  Connected:    Y
  State:        21/22  Connected
  VT version:  4
  VT status msgs: 1450   last 954 ms ago
  Partner: addr=0x26 valid=Y  reconnect attempts=0
--- Task Controller ---
  Connected:    Y
  TC-GEO (with/without pos): Y/Y
  Task active:  Y
  DRP deviation (DDI 513): 0 mm, last 1469289 ms ago
  GNSS quality (DDI 514):  0, last 1469289 ms ago
  Value commands (any DDI): 7  last DDI=515 (1313234 ms ago)
  Value requests (any DDI): 32824393
  Partner: addr=0xF7 valid=Y  reconnect attempts=0
  Tramline setpoint (DDI 506): 1  -> terminal DOES implement Tramline Control (1421240 ms ago)
  Guidance track (DDI 507-511): (none yet)
=== ISOBUS DEBUG MENU ===
1. Full status dump
2. Periodic summary line (OFF - press to toggle)
3. Reset message counters
4. Dump DDOP as hex (open in AgIsoDDOPGenerator)
5. Dump VT object pool as hex
q. Exit

# 12:18:28.609
=== ISOBUS STATUS ===
Address claim: CLAIMED  address=0x81
Bus load (ch0): 21.5 %
--- Message counters ---
  PGN 129025 Position NMEA2000: 0
  PGN 129026 Speed NMEA2000:    0
  PGN 129283 XTE NMEA2000:      0
  PGN 65267  Position legacy:   7186
  PGN 65256  Speed legacy:      7186   last SA=0x1C raw=0x3
  PGN 65535  XTE JD legacy:     154730   last SA=0xF0 word=0x0 byte1=0x0
             full payload:     0000000000000000  (0 ms ago)
  PGN 60160  XTE Trimble legacy:101   last SA=0x1C
  PGN 64770  AISO stop:         1449   last 1470353 ms ago
  TOTAL:                        170652
--- Guidance telemetry ---
  XTE:          -0.01 m
  Speed:        0.01 m/s (0.01 kn)
  Quality:      4   RTK quality=4  IsRtkQuality=Y
  GGA fix age:  128 ms
  VTG fix age:  127 ms
  XTE fix age:  111 ms
  Lat/Lon/Alt/Course: 53.425369 / 6.720293 / 4.4 m / 138.9 deg
--- Virtual Terminal ---
  Connected:    Y
  State:        21/22  Connected
  VT version:  4
  VT status msgs: 1452   last 18 ms ago
  Partner: addr=0x26 valid=Y  reconnect attempts=0
--- Task Controller ---
  Connected:    Y
  TC-GEO (with/without pos): Y/Y
  Task active:  Y
  DRP deviation (DDI 513): 0 mm, last 1470353 ms ago
  GNSS quality (DDI 514):  0, last 1470353 ms ago
  Value commands (any DDI): 7  last DDI=515 (1314298 ms ago)
  Value requests (any DDI): 32848860
  Partner: addr=0xF7 valid=Y  reconnect attempts=0
  Tramline setpoint (DDI 506): 1  -> terminal DOES implement Tramline Control (1422304 ms ago)
  Guidance track (DDI 507-511): (none yet)
=== ISOBUS DEBUG MENU ===
1. Full status dump
2. Periodic summary line (OFF - press to toggle)
3. Reset message counters
4. Dump DDOP as hex (open in AgIsoDDOPGenerator)
5. Dump VT object pool as hex
q. Exit

# 12:18:29.634
=== ISOBUS STATUS ===
Address claim: CLAIMED  address=0x81
Bus load (ch0): 21.0 %
--- Message counters ---
  PGN 129025 Position NMEA2000: 0
  PGN 129026 Speed NMEA2000:    0
  PGN 129283 XTE NMEA2000:      0
  PGN 65267  Position legacy:   7191
  PGN 65256  Speed legacy:      7191   last SA=0x1C raw=0x0
  PGN 65535  XTE JD legacy:     154838   last SA=0xF0 word=0x0 byte1=0x0
             full payload:     0000000000000000  (13 ms ago)
  PGN 60160  XTE Trimble legacy:101   last SA=0x1C
  PGN 64770  AISO stop:         1450   last 1471387 ms ago
  TOTAL:                        170771
--- Guidance telemetry ---
  XTE:          -0.01 m
  Speed:        0.00 m/s (0.00 kn)
  Quality:      4   RTK quality=4  IsRtkQuality=Y
  GGA fix age:  162 ms
  VTG fix age:  161 ms
  XTE fix age:  145 ms
  Lat/Lon/Alt/Course: 53.425369 / 6.720293 / 4.4 m / 138.9 deg
--- Virtual Terminal ---
  Connected:    Y
  State:        21/22  Connected
  VT version:  4
  VT status msgs: 1453   last 52 ms ago
  Partner: addr=0x26 valid=Y  reconnect attempts=0
--- Task Controller ---
  Connected:    Y
  TC-GEO (with/without pos): Y/Y
  Task active:  Y
  DRP deviation (DDI 513): 0 mm, last 1471387 ms ago
  GNSS quality (DDI 514):  0, last 1471387 ms ago
  Value commands (any DDI): 7  last DDI=515 (1315332 ms ago)
  Value requests (any DDI): 32872644
  Partner: addr=0xF7 valid=Y  reconnect attempts=0
  Tramline setpoint (DDI 506): 1  -> terminal DOES implement Tramline Control (1423338 ms ago)
  Guidance track (DDI 507-511): (none yet)
=== ISOBUS DEBUG MENU ===
1. Full status dump
2. Periodic summary line (OFF - press to toggle)
3. Reset message counters
4. Dump DDOP as hex (open in AgIsoDDOPGenerator)
5. Dump VT object pool as hex
q. Exit

# 12:18:30.647
=== ISOBUS STATUS ===
Address claim: CLAIMED  address=0x81
Bus load (ch0): 21.3 %
--- Message counters ---
  PGN 129025 Position NMEA2000: 0
  PGN 129026 Speed NMEA2000:    0
  PGN 129283 XTE NMEA2000:      0
  PGN 65267  Position legacy:   7196
  PGN 65256  Speed legacy:      7196   last SA=0x1C raw=0x2
  PGN 65535  XTE JD legacy:     154947   last SA=0xF0 word=0x0 byte1=0x0
             full payload:     0000000000000000  (2 ms ago)
  PGN 60160  XTE Trimble legacy:101   last SA=0x1C
  PGN 64770  AISO stop:         1452   last 1472417 ms ago
  TOTAL:                        170892
--- Guidance telemetry ---
  XTE:          -0.01 m
  Speed:        0.00 m/s (0.01 kn)
  Quality:      4   RTK quality=4  IsRtkQuality=Y
  GGA fix age:  192 ms
  VTG fix age:  191 ms
  XTE fix age:  175 ms
  Lat/Lon/Alt/Course: 53.425369 / 6.720293 / 4.4 m / 138.9 deg
--- Virtual Terminal ---
  Connected:    Y
  State:        21/22  Connected
  VT version:  4
  VT status msgs: 1454   last 82 ms ago
  Partner: addr=0x26 valid=Y  reconnect attempts=0
--- Task Controller ---
  Connected:    Y
  TC-GEO (with/without pos): Y/Y
  Task active:  Y
  DRP deviation (DDI 513): 0 mm, last 1472417 ms ago
  GNSS quality (DDI 514):  0, last 1472417 ms ago
  Value commands (any DDI): 7  last DDI=515 (1316362 ms ago)
  Value requests (any DDI): 32896321
  Partner: addr=0xF7 valid=Y  reconnect attempts=0
  Tramline setpoint (DDI 506): 1  -> terminal DOES implement Tramline Control (1424368 ms ago)
  Guidance track (DDI 507-511): (none yet)
=== ISOBUS DEBUG MENU ===
1. Full status dump
2. Periodic summary line (OFF - press to toggle)
3. Reset message counters
4. Dump DDOP as hex (open in AgIsoDDOPGenerator)
5. Dump VT object pool as hex
q. Exit

# 12:18:31.680
=== ISOBUS STATUS ===
Address claim: CLAIMED  address=0x81
Bus load (ch0): 21.5 %
--- Message counters ---
  PGN 129025 Position NMEA2000: 0
  PGN 129026 Speed NMEA2000:    0
  PGN 129283 XTE NMEA2000:      0
  PGN 65267  Position legacy:   7202
  PGN 65256  Speed legacy:      7202   last SA=0x1C raw=0x3
  PGN 65535  XTE JD legacy:     155062   last SA=0x1C word=0x0 byte1=0x0
             full payload:     0000000000000000  (2 ms ago)
  PGN 60160  XTE Trimble legacy:101   last SA=0x1C
  PGN 64770  AISO stop:         1453   last 1473433 ms ago
  TOTAL:                        171020
--- Guidance telemetry ---
  XTE:          -0.01 m
  Speed:        0.01 m/s (0.01 kn)
  Quality:      4   RTK quality=4  IsRtkQuality=Y
  GGA fix age:  8 ms
  VTG fix age:  7 ms
  XTE fix age:  196 ms
  Lat/Lon/Alt/Course: 53.425369 / 6.720293 / 4.4 m / 138.9 deg
--- Virtual Terminal ---
  Connected:    Y
  State:        21/22  Connected
  VT version:  4
  VT status msgs: 1455   last 97 ms ago
  Partner: addr=0x26 valid=Y  reconnect attempts=0
--- Task Controller ---
  Connected:    Y
  TC-GEO (with/without pos): Y/Y
  Task active:  Y
  DRP deviation (DDI 513): 0 mm, last 1473433 ms ago
  GNSS quality (DDI 514):  0, last 1473433 ms ago
  Value commands (any DDI): 7  last DDI=515 (1317378 ms ago)
  Value requests (any DDI): 32919697
  Partner: addr=0xF7 valid=Y  reconnect attempts=0
  Tramline setpoint (DDI 506): 1  -> terminal DOES implement Tramline Control (1425384 ms ago)
  Guidance track (DDI 507-511): (none yet)
=== ISOBUS DEBUG MENU ===
1. Full status dump
2. Periodic summary line (OFF - press to toggle)
3. Reset message counters
4. Dump DDOP as hex (open in AgIsoDDOPGenerator)
5. Dump VT object pool as hex
q. Exit

# 12:18:32.722
=== ISOBUS STATUS ===
Address claim: CLAIMED  address=0x81
Bus load (ch0): 21.5 %
--- Message counters ---
  PGN 129025 Position NMEA2000: 0
  PGN 129026 Speed NMEA2000:    0
  PGN 129283 XTE NMEA2000:      0
  PGN 65267  Position legacy:   7207
  PGN 65256  Speed legacy:      7207   last SA=0x1C raw=0x2
  PGN 65535  XTE JD legacy:     155172   last SA=0xF0 word=0x0 byte1=0x0
             full payload:     0000000000000000  (7 ms ago)
  PGN 60160  XTE Trimble legacy:101   last SA=0x1C
  PGN 64770  AISO stop:         1454   last 1474460 ms ago
  TOTAL:                        171141
--- Guidance telemetry ---
  XTE:          -0.01 m
  Speed:        0.00 m/s (0.01 kn)
  Quality:      4   RTK quality=4  IsRtkQuality=Y
  GGA fix age:  35 ms
  VTG fix age:  34 ms
  XTE fix age:  22 ms
  Lat/Lon/Alt/Course: 53.425369 / 6.720293 / 4.4 m / 138.9 deg
--- Virtual Terminal ---
  Connected:    Y
  State:        21/22  Connected
  VT version:  4
  VT status msgs: 1456   last 125 ms ago
  Partner: addr=0x26 valid=Y  reconnect attempts=0
--- Task Controller ---
  Connected:    Y
  TC-GEO (with/without pos): Y/Y
  Task active:  Y
  DRP deviation (DDI 513): 0 mm, last 1474460 ms ago
  GNSS quality (DDI 514):  0, last 1474460 ms ago
  Value commands (any DDI): 7  last DDI=515 (1318405 ms ago)
  Value requests (any DDI): 32943317
  Partner: addr=0xF7 valid=Y  reconnect attempts=0
  Tramline setpoint (DDI 506): 1  -> terminal DOES implement Tramline Control (1426411 ms ago)
  Guidance track (DDI 507-511): (none yet)
=== ISOBUS DEBUG MENU ===
1. Full status dump
2. Periodic summary line (OFF - press to toggle)
3. Reset message counters
4. Dump DDOP as hex (open in AgIsoDDOPGenerator)
5. Dump VT object pool as hex
q. Exit

# 12:18:33.774
=== ISOBUS STATUS ===
Address claim: CLAIMED  address=0x81
Bus load (ch0): 21.0 %
--- Message counters ---
  PGN 129025 Position NMEA2000: 0
  PGN 129026 Speed NMEA2000:    0
  PGN 129283 XTE NMEA2000:      0
  PGN 65267  Position legacy:   7212
  PGN 65256  Speed legacy:      7212   last SA=0x1C raw=0x2
  PGN 65535  XTE JD legacy:     155281   last SA=0xF0 word=0x0 byte1=0x0
             full payload:     0000000000000000  (12 ms ago)
  PGN 60160  XTE Trimble legacy:101   last SA=0x1C
  PGN 64770  AISO stop:         1455   last 1475508 ms ago
  TOTAL:                        171261
--- Guidance telemetry ---
  XTE:          -0.01 m
  Speed:        0.00 m/s (0.01 kn)
  Quality:      4   RTK quality=4  IsRtkQuality=Y
  GGA fix age:  83 ms
  VTG fix age:  81 ms
  XTE fix age:  66 ms
  Lat/Lon/Alt/Course: 53.425369 / 6.720293 / 4.4 m / 138.9 deg
--- Virtual Terminal ---
  Connected:    Y
  State:        21/22  Connected
  VT version:  4
  VT status msgs: 1457   last 172 ms ago
  Partner: addr=0x26 valid=Y  reconnect attempts=0
--- Task Controller ---
  Connected:    Y
  TC-GEO (with/without pos): Y/Y
  Task active:  Y
  DRP deviation (DDI 513): 0 mm, last 1475508 ms ago
  GNSS quality (DDI 514):  0, last 1475508 ms ago
  Value commands (any DDI): 7  last DDI=515 (1319453 ms ago)
  Value requests (any DDI): 32967411
  Partner: addr=0xF7 valid=Y  reconnect attempts=0
  Tramline setpoint (DDI 506): 1  -> terminal DOES implement Tramline Control (1427459 ms ago)
  Guidance track (DDI 507-511): (none yet)
=== ISOBUS DEBUG MENU ===
1. Full status dump
2. Periodic summary line (OFF - press to toggle)
3. Reset message counters
4. Dump DDOP as hex (open in AgIsoDDOPGenerator)
5. Dump VT object pool as hex
q. Exit

# 12:18:34.788
=== ISOBUS STATUS ===
Address claim: CLAIMED  address=0x81
Bus load (ch0): 21.3 %
--- Message counters ---
  PGN 129025 Position NMEA2000: 0
  PGN 129026 Speed NMEA2000:    0
  PGN 129283 XTE NMEA2000:      0
  PGN 65267  Position legacy:   7217
  PGN 65256  Speed legacy:      7217   last SA=0x1C raw=0x1
  PGN 65535  XTE JD legacy:     155391   last SA=0xF0 word=0x0 byte1=0x0
             full payload:     0000000000000000  (2 ms ago)
  PGN 60160  XTE Trimble legacy:101   last SA=0x1C
  PGN 64770  AISO stop:         1456   last 1476555 ms ago
  TOTAL:                        171382
--- Guidance telemetry ---
  XTE:          -0.01 m
  Speed:        0.00 m/s (0.00 kn)
  Quality:      4   RTK quality=4  IsRtkQuality=Y
  GGA fix age:  130 ms
  VTG fix age:  129 ms
  XTE fix age:  118 ms
  Lat/Lon/Alt/Course: 53.425369 / 6.720293 / 4.4 m / 138.9 deg
--- Virtual Terminal ---
  Connected:    Y
  State:        21/22  Connected
  VT version:  4
  VT status msgs: 1458   last 219 ms ago
  Partner: addr=0x26 valid=Y  reconnect attempts=0
--- Task Controller ---
  Connected:    Y
  TC-GEO (with/without pos): Y/Y
  Task active:  Y
  DRP deviation (DDI 513): 0 mm, last 1476555 ms ago
  GNSS quality (DDI 514):  0, last 1476555 ms ago
  Value commands (any DDI): 7  last DDI=515 (1320500 ms ago)
  Value requests (any DDI): 32991482
  Partner: addr=0xF7 valid=Y  reconnect attempts=0
  Tramline setpoint (DDI 506): 1  -> terminal DOES implement Tramline Control (1428506 ms ago)
  Guidance track (DDI 507-511): (none yet)
=== ISOBUS DEBUG MENU ===
1. Full status dump
2. Periodic summary line (OFF - press to toggle)
3. Reset message counters
4. Dump DDOP as hex (open in AgIsoDDOPGenerator)
5. Dump VT object pool as hex
q. Exit

# 12:18:35.821
=== ISOBUS STATUS ===
Address claim: CLAIMED  address=0x81
Bus load (ch0): 21.0 %
--- Message counters ---
  PGN 129025 Position NMEA2000: 0
  PGN 129026 Speed NMEA2000:    0
  PGN 129283 XTE NMEA2000:      0
  PGN 65267  Position legacy:   7222
  PGN 65256  Speed legacy:      7222   last SA=0x1C raw=0x2
  PGN 65535  XTE JD legacy:     155500   last SA=0xF0 word=0x0 byte1=0x0
             full payload:     0000000000000000  (6 ms ago)
  PGN 60160  XTE Trimble legacy:101   last SA=0x1C
  PGN 64770  AISO stop:         1457   last 1477580 ms ago
  TOTAL:                        171502
--- Guidance telemetry ---
  XTE:          -0.01 m
  Speed:        0.00 m/s (0.01 kn)
  Quality:      4   RTK quality=4  IsRtkQuality=Y
  GGA fix age:  155 ms
  VTG fix age:  154 ms
  XTE fix age:  142 ms
  Lat/Lon/Alt/Course: 53.425369 / 6.720293 / 4.4 m / 138.9 deg
--- Virtual Terminal ---
  Connected:    Y
  State:        21/22  Connected
  VT version:  4
  VT status msgs: 1459   last 244 ms ago
  Partner: addr=0x26 valid=Y  reconnect attempts=0
--- Task Controller ---
  Connected:    Y
  TC-GEO (with/without pos): Y/Y
  Task active:  Y
  DRP deviation (DDI 513): 0 mm, last 1477580 ms ago
  GNSS quality (DDI 514):  0, last 1477580 ms ago
  Value commands (any DDI): 7  last DDI=515 (1321525 ms ago)
  Value requests (any DDI): 33015047
  Partner: addr=0xF7 valid=Y  reconnect attempts=0
  Tramline setpoint (DDI 506): 1  -> terminal DOES implement Tramline Control (1429531 ms ago)
  Guidance track (DDI 507-511): (none yet)
=== ISOBUS DEBUG MENU ===
1. Full status dump
2. Periodic summary line (OFF - press to toggle)
3. Reset message counters
4. Dump DDOP as hex (open in AgIsoDDOPGenerator)
5. Dump VT object pool as hex
q. Exit

# 12:18:36.855
=== ISOBUS STATUS ===
Address claim: CLAIMED  address=0x81
Bus load (ch0): 21.7 %
--- Message counters ---
  PGN 129025 Position NMEA2000: 0
  PGN 129026 Speed NMEA2000:    0
  PGN 129283 XTE NMEA2000:      0
  PGN 65267  Position legacy:   7227
  PGN 65256  Speed legacy:      7227   last SA=0x1C raw=0x2
  PGN 65535  XTE JD legacy:     155608   last SA=0xF0 word=0x0 byte1=0x0
             full payload:     0000000000000000  (11 ms ago)
  PGN 60160  XTE Trimble legacy:101   last SA=0x1C
  PGN 64770  AISO stop:         1458   last 1478607 ms ago
  TOTAL:                        171621
--- Guidance telemetry ---
  XTE:          -0.01 m
  Speed:        0.00 m/s (0.01 kn)
  Quality:      4   RTK quality=4  IsRtkQuality=Y
  GGA fix age:  182 ms
  VTG fix age:  181 ms
  XTE fix age:  170 ms
  Lat/Lon/Alt/Course: 53.425369 / 6.720293 / 4.4 m / 138.9 deg
--- Virtual Terminal ---
  Connected:    Y
  State:        21/22  Connected
  VT version:  4
  VT status msgs: 1460   last 271 ms ago
  Partner: addr=0x26 valid=Y  reconnect attempts=0
--- Task Controller ---
  Connected:    Y
  TC-GEO (with/without pos): Y/Y
  Task active:  Y
  DRP deviation (DDI 513): 0 mm, last 1478607 ms ago
  GNSS quality (DDI 514):  0, last 1478607 ms ago
  Value commands (any DDI): 7  last DDI=515 (1322552 ms ago)
  Value requests (any DDI): 33038674
  Partner: addr=0xF7 valid=Y  reconnect attempts=0
  Tramline setpoint (DDI 506): 1  -> terminal DOES implement Tramline Control (1430558 ms ago)
  Guidance track (DDI 507-511): (none yet)
=== ISOBUS DEBUG MENU ===
1. Full status dump
2. Periodic summary line (OFF - press to toggle)
3. Reset message counters
4. Dump DDOP as hex (open in AgIsoDDOPGenerator)
5. Dump VT object pool as hex
q. Exit

# 12:18:37.919
=== ISOBUS STATUS ===
Address claim: CLAIMED  address=0x81
Bus load (ch0): 21.6 %
--- Message counters ---
  PGN 129025 Position NMEA2000: 0
  PGN 129026 Speed NMEA2000:    0
  PGN 129283 XTE NMEA2000:      0
  PGN 65267  Position legacy:   7233
  PGN 65256  Speed legacy:      7233   last SA=0x1C raw=0x1
  PGN 65535  XTE JD legacy:     155724   last SA=0xF0 word=0x0 byte1=0x0
             full payload:     0000000000000000  (1 ms ago)
  PGN 60160  XTE Trimble legacy:101   last SA=0x1C
  PGN 64770  AISO stop:         1459   last 1479635 ms ago
  TOTAL:                        171750
--- Guidance telemetry ---
  XTE:          -0.01 m
  Speed:        0.00 m/s (0.00 kn)
  Quality:      4   RTK quality=4  IsRtkQuality=Y
  GGA fix age:  10 ms
  VTG fix age:  9 ms
  XTE fix age:  198 ms
  Lat/Lon/Alt/Course: 53.425369 / 6.720293 / 4.4 m / 138.9 deg
--- Virtual Terminal ---
  Connected:    Y
  State:        21/22  Connected
  VT version:  4
  VT status msgs: 1461   last 299 ms ago
  Partner: addr=0x26 valid=Y  reconnect attempts=0
--- Task Controller ---
  Connected:    Y
  TC-GEO (with/without pos): Y/Y
  Task active:  Y
  DRP deviation (DDI 513): 0 mm, last 1479635 ms ago
  GNSS quality (DDI 514):  0, last 1479635 ms ago
  Value commands (any DDI): 7  last DDI=515 (1323580 ms ago)
  Value requests (any DDI): 33062312
  Partner: addr=0xF7 valid=Y  reconnect attempts=0
  Tramline setpoint (DDI 506): 1  -> terminal DOES implement Tramline Control (1431586 ms ago)
  Guidance track (DDI 507-511): (none yet)
=== ISOBUS DEBUG MENU ===
1. Full status dump
2. Periodic summary line (OFF - press to toggle)
3. Reset message counters
4. Dump DDOP as hex (open in AgIsoDDOPGenerator)
5. Dump VT object pool as hex
q. Exit

# 12:18:38.943
=== ISOBUS STATUS ===
Address claim: CLAIMED  address=0x81
Bus load (ch0): 21.2 %
--- Message counters ---
  PGN 129025 Position NMEA2000: 0
  PGN 129026 Speed NMEA2000:    0
  PGN 129283 XTE NMEA2000:      0
  PGN 65267  Position legacy:   7238
  PGN 65256  Speed legacy:      7238   last SA=0x1C raw=0x1
  PGN 65535  XTE JD legacy:     155835   last SA=0xF0 word=0x0 byte1=0x0
             full payload:     0000000000000000  (8 ms ago)
  PGN 60160  XTE Trimble legacy:101   last SA=0x1C
  PGN 64770  AISO stop:         1460   last 1480704 ms ago
  TOTAL:                        171872
--- Guidance telemetry ---
  XTE:          -0.01 m
  Speed:        0.00 m/s (0.00 kn)
  Quality:      4   RTK quality=4  IsRtkQuality=Y
  GGA fix age:  79 ms
  VTG fix age:  78 ms
  XTE fix age:  62 ms
  Lat/Lon/Alt/Course: 53.425369 / 6.720293 / 4.4 m / 138.9 deg
--- Virtual Terminal ---
  Connected:    Y
  State:        21/22  Connected
  VT version:  4
  VT status msgs: 1462   last 368 ms ago
  Partner: addr=0x26 valid=Y  reconnect attempts=0
--- Task Controller ---
  Connected:    Y
  TC-GEO (with/without pos): Y/Y
  Task active:  Y
  DRP deviation (DDI 513): 0 mm, last 1480704 ms ago
  GNSS quality (DDI 514):  0, last 1480704 ms ago
  Value commands (any DDI): 7  last DDI=515 (1324649 ms ago)
  Value requests (any DDI): 33086901
  Partner: addr=0xF7 valid=Y  reconnect attempts=0
  Tramline setpoint (DDI 506): 1  -> terminal DOES implement Tramline Control (1432655 ms ago)
  Guidance track (DDI 507-511): (none yet)
=== ISOBUS DEBUG MENU ===
1. Full status dump
2. Periodic summary line (OFF - press to toggle)
3. Reset message counters
4. Dump DDOP as hex (open in AgIsoDDOPGenerator)
5. Dump VT object pool as hex
q. Exit

# 12:18:39.957
=== ISOBUS STATUS ===
Address claim: CLAIMED  address=0x81
Bus load (ch0): 21.5 %
--- Message counters ---
  PGN 129025 Position NMEA2000: 0
  PGN 129026 Speed NMEA2000:    0
  PGN 129283 XTE NMEA2000:      0
  PGN 65267  Position legacy:   7243
  PGN 65256  Speed legacy:      7243   last SA=0x1C raw=0x1
  PGN 65535  XTE JD legacy:     155944   last SA=0xF0 word=0x0 byte1=0x0
             full payload:     0000000000000000  (1 ms ago)
  PGN 60160  XTE Trimble legacy:101   last SA=0x1C
  PGN 64770  AISO stop:         1461   last 1481726 ms ago
  TOTAL:                        171992
--- Guidance telemetry ---
  XTE:          -0.01 m
  Speed:        0.00 m/s (0.00 kn)
  Quality:      4   RTK quality=4  IsRtkQuality=Y
  GGA fix age:  101 ms
  VTG fix age:  100 ms
  XTE fix age:  89 ms
  Lat/Lon/Alt/Course: 53.425369 / 6.720293 / 4.4 m / 138.9 deg
--- Virtual Terminal ---
  Connected:    Y
  State:        21/22  Connected
  VT version:  4
  VT status msgs: 1463   last 390 ms ago
  Partner: addr=0x26 valid=Y  reconnect attempts=0
--- Task Controller ---
  Connected:    Y
  TC-GEO (with/without pos): Y/Y
  Task active:  Y
  DRP deviation (DDI 513): 0 mm, last 1481726 ms ago
  GNSS quality (DDI 514):  0, last 1481726 ms ago
  Value commands (any DDI): 7  last DDI=515 (1325671 ms ago)
  Value requests (any DDI): 33110391
  Partner: addr=0xF7 valid=Y  reconnect attempts=0
  Tramline setpoint (DDI 506): 1  -> terminal DOES implement Tramline Control (1433677 ms ago)
  Guidance track (DDI 507-511): (none yet)
=== ISOBUS DEBUG MENU ===
1. Full status dump
2. Periodic summary line (OFF - press to toggle)
3. Reset message counters
4. Dump DDOP as hex (open in AgIsoDDOPGenerator)
5. Dump VT object pool as hex
q. Exit

# 12:18:41.023
=== ISOBUS STATUS ===
Address claim: CLAIMED  address=0x81
Bus load (ch0): 21.6 %
--- Message counters ---
  PGN 129025 Position NMEA2000: 0
  PGN 129026 Speed NMEA2000:    0
  PGN 129283 XTE NMEA2000:      0
  PGN 65267  Position legacy:   7248
  PGN 65256  Speed legacy:      7248   last SA=0x1C raw=0x1
  PGN 65535  XTE JD legacy:     156053   last SA=0xF0 word=0x0 byte1=0x0
             full payload:     0000000000000000  (2 ms ago)
  PGN 60160  XTE Trimble legacy:101   last SA=0x1C
  PGN 64770  AISO stop:         1462   last 1482737 ms ago
  TOTAL:                        172112
--- Guidance telemetry ---
  XTE:          -0.01 m
  Speed:        0.00 m/s (0.00 kn)
  Quality:      4   RTK quality=4  IsRtkQuality=Y
  GGA fix age:  112 ms
  VTG fix age:  111 ms
  XTE fix age:  95 ms
  Lat/Lon/Alt/Course: 53.425369 / 6.720293 / 4.4 m / 138.9 deg
--- Virtual Terminal ---
  Connected:    Y
  State:        21/22  Connected
  VT version:  4
  VT status msgs: 1464   last 401 ms ago
  Partner: addr=0x26 valid=Y  reconnect attempts=0
--- Task Controller ---
  Connected:    Y
  TC-GEO (with/without pos): Y/Y
  Task active:  Y
  DRP deviation (DDI 513): 0 mm, last 1482737 ms ago
  GNSS quality (DDI 514):  0, last 1482737 ms ago
  Value commands (any DDI): 7  last DDI=515 (1326682 ms ago)
  Value requests (any DDI): 33133643
  Partner: addr=0xF7 valid=Y  reconnect attempts=0
  Tramline setpoint (DDI 506): 1  -> terminal DOES implement Tramline Control (1434688 ms ago)
  Guidance track (DDI 507-511): (none yet)
=== ISOBUS DEBUG MENU ===
1. Full status dump
2. Periodic summary line (OFF - press to toggle)
3. Reset message counters
4. Dump DDOP as hex (open in AgIsoDDOPGenerator)
5. Dump VT object pool as hex
q. Exit

# 12:18:42.048
=== ISOBUS STATUS ===
Address claim: CLAIMED  address=0x81
Bus load (ch0): 22.2 %
--- Message counters ---
  PGN 129025 Position NMEA2000: 0
  PGN 129026 Speed NMEA2000:    0
  PGN 129283 XTE NMEA2000:      0
  PGN 65267  Position legacy:   7253
  PGN 65256  Speed legacy:      7253   last SA=0x1C raw=0x2
  PGN 65535  XTE JD legacy:     156166   last SA=0xF0 word=0x0 byte1=0x0
             full payload:     0000000000000000  (1 ms ago)
  PGN 60160  XTE Trimble legacy:101   last SA=0x1C
  PGN 64770  AISO stop:         1463   last 1483802 ms ago
  TOTAL:                        172236
--- Guidance telemetry ---
  XTE:          -0.01 m
  Speed:        0.00 m/s (0.01 kn)
  Quality:      4   RTK quality=4  IsRtkQuality=Y
  GGA fix age:  177 ms
  VTG fix age:  176 ms
  XTE fix age:  165 ms
  Lat/Lon/Alt/Course: 53.425369 / 6.720293 / 4.4 m / 138.9 deg
--- Virtual Terminal ---
  Connected:    Y
  State:        21/22  Connected
  VT version:  4
  VT status msgs: 1465   last 466 ms ago
  Partner: addr=0x26 valid=Y  reconnect attempts=0
--- Task Controller ---
  Connected:    Y
  TC-GEO (with/without pos): Y/Y
  Task active:  Y
  DRP deviation (DDI 513): 0 mm, last 1483802 ms ago
  GNSS quality (DDI 514):  0, last 1483802 ms ago
  Value commands (any DDI): 7  last DDI=515 (1327747 ms ago)
  Value requests (any DDI): 33158133
  Partner: addr=0xF7 valid=Y  reconnect attempts=0
  Tramline setpoint (DDI 506): 1  -> terminal DOES implement Tramline Control (1435753 ms ago)
  Guidance track (DDI 507-511): (none yet)
=== ISOBUS DEBUG MENU ===
1. Full status dump
2. Periodic summary line (OFF - press to toggle)
3. Reset message counters
4. Dump DDOP as hex (open in AgIsoDDOPGenerator)
5. Dump VT object pool as hex
q. Exit

# 12:18:43.070
=== ISOBUS STATUS ===
Address claim: CLAIMED  address=0x81
Bus load (ch0): 21.7 %
--- Message counters ---
  PGN 129025 Position NMEA2000: 0
  PGN 129026 Speed NMEA2000:    0
  PGN 129283 XTE NMEA2000:      0
  PGN 65267  Position legacy:   7259
  PGN 65256  Speed legacy:      7259   last SA=0x1C raw=0x0
  PGN 65535  XTE JD legacy:     156278   last SA=0x1C word=0x0 byte1=0x0
             full payload:     0000000000000000  (0 ms ago)
  PGN 60160  XTE Trimble legacy:101   last SA=0x1C
  PGN 64770  AISO stop:         1464   last 1484829 ms ago
  TOTAL:                        172361
--- Guidance telemetry ---
  XTE:          -0.01 m
  Speed:        0.00 m/s (0.00 kn)
  Quality:      4   RTK quality=4  IsRtkQuality=Y
  GGA fix age:  4 ms
  VTG fix age:  3 ms
  XTE fix age:  187 ms
  Lat/Lon/Alt/Course: 53.425369 / 6.720293 / 4.4 m / 138.9 deg
--- Virtual Terminal ---
  Connected:    Y
  State:        21/22  Connected
  VT version:  4
  VT status msgs: 1466   last 493 ms ago
  Partner: addr=0x26 valid=Y  reconnect attempts=0
--- Task Controller ---
  Connected:    Y
  TC-GEO (with/without pos): Y/Y
  Task active:  Y
  DRP deviation (DDI 513): 0 mm, last 1484829 ms ago
  GNSS quality (DDI 514):  0, last 1484829 ms ago
  Value commands (any DDI): 7  last DDI=515 (1328774 ms ago)
  Value requests (any DDI): 33181762
  Partner: addr=0xF7 valid=Y  reconnect attempts=0
  Tramline setpoint (DDI 506): 1  -> terminal DOES implement Tramline Control (1436780 ms ago)
  Guidance track (DDI 507-511): (none yet)
=== ISOBUS DEBUG MENU ===
1. Full status dump
2. Periodic summary line (OFF - press to toggle)
3. Reset message counters
4. Dump DDOP as hex (open in AgIsoDDOPGenerator)
5. Dump VT object pool as hex
q. Exit

# 12:18:44.104
=== ISOBUS STATUS ===
Address claim: CLAIMED  address=0x81
Bus load (ch0): 21.4 %
--- Message counters ---
  PGN 129025 Position NMEA2000: 0
  PGN 129026 Speed NMEA2000:    0
  PGN 129283 XTE NMEA2000:      0
  PGN 65267  Position legacy:   7264
  PGN 65256  Speed legacy:      7264   last SA=0x1C raw=0x4
  PGN 65535  XTE JD legacy:     156391   last SA=0xF0 word=0x0 byte1=0x0
             full payload:     0000000000000000  (1 ms ago)
  PGN 60160  XTE Trimble legacy:101   last SA=0x1C
  PGN 64770  AISO stop:         1465   last 1485855 ms ago
  TOTAL:                        172485
--- Guidance telemetry ---
  XTE:          -0.01 m
  Speed:        0.01 m/s (0.02 kn)
  Quality:      4   RTK quality=4  IsRtkQuality=Y
  GGA fix age:  30 ms
  VTG fix age:  29 ms
  XTE fix age:  17 ms
  Lat/Lon/Alt/Course: 53.425369 / 6.720293 / 4.4 m / 138.9 deg
--- Virtual Terminal ---
  Connected:    Y
  State:        21/22  Connected
  VT version:  4
  VT status msgs: 1467   last 519 ms ago
  Partner: addr=0x26 valid=Y  reconnect attempts=0
--- Task Controller ---
  Connected:    Y
  TC-GEO (with/without pos): Y/Y
  Task active:  Y
  DRP deviation (DDI 513): 0 mm, last 1485855 ms ago
  GNSS quality (DDI 514):  0, last 1485855 ms ago
  Value commands (any DDI): 7  last DDI=515 (1329800 ms ago)
  Value requests (any DDI): 33205365
  Partner: addr=0xF7 valid=Y  reconnect attempts=0
  Tramline setpoint (DDI 506): 1  -> terminal DOES implement Tramline Control (1437806 ms ago)
  Guidance track (DDI 507-511): (none yet)
=== ISOBUS DEBUG MENU ===
1. Full status dump
2. Periodic summary line (OFF - press to toggle)
3. Reset message counters
4. Dump DDOP as hex (open in AgIsoDDOPGenerator)
5. Dump VT object pool as hex
q. Exit

# 12:18:45.118
=== ISOBUS STATUS ===
Address claim: CLAIMED  address=0x81
Bus load (ch0): 21.4 %
--- Message counters ---
  PGN 129025 Position NMEA2000: 0
  PGN 129026 Speed NMEA2000:    0
  PGN 129283 XTE NMEA2000:      0
  PGN 65267  Position legacy:   7269
  PGN 65256  Speed legacy:      7269   last SA=0x1C raw=0x1
  PGN 65535  XTE JD legacy:     156499   last SA=0xF0 word=0x0 byte1=0x0
             full payload:     0000000000000000  (8 ms ago)
  PGN 60160  XTE Trimble legacy:101   last SA=0x1C
  PGN 64770  AISO stop:         1466   last 1486882 ms ago
  TOTAL:                        172604
--- Guidance telemetry ---
  XTE:          -0.01 m
  Speed:        0.00 m/s (0.00 kn)
  Quality:      4   RTK quality=4  IsRtkQuality=Y
  GGA fix age:  57 ms
  VTG fix age:  56 ms
  XTE fix age:  40 ms
  Lat/Lon/Alt/Course: 53.425369 / 6.720293 / 4.4 m / 138.9 deg
--- Virtual Terminal ---
  Connected:    Y
  State:        21/22  Connected
  VT version:  4
  VT status msgs: 1468   last 546 ms ago
  Partner: addr=0x26 valid=Y  reconnect attempts=0
--- Task Controller ---
  Connected:    Y
  TC-GEO (with/without pos): Y/Y
  Task active:  Y
  DRP deviation (DDI 513): 0 mm, last 1486882 ms ago
  GNSS quality (DDI 514):  0, last 1486882 ms ago
  Value commands (any DDI): 7  last DDI=515 (1330827 ms ago)
  Value requests (any DDI): 33228980
  Partner: addr=0xF7 valid=Y  reconnect attempts=0
  Tramline setpoint (DDI 506): 1  -> terminal DOES implement Tramline Control (1438833 ms ago)
  Guidance track (DDI 507-511): (none yet)
=== ISOBUS DEBUG MENU ===
1. Full status dump
2. Periodic summary line (OFF - press to toggle)
3. Reset message counters
4. Dump DDOP as hex (open in AgIsoDDOPGenerator)
5. Dump VT object pool as hex
q. Exit

# 12:18:46.185
=== ISOBUS STATUS ===
Address claim: CLAIMED  address=0x81
Bus load (ch0): 21.7 %
--- Message counters ---
  PGN 129025 Position NMEA2000: 0
  PGN 129026 Speed NMEA2000:    0
  PGN 129283 XTE NMEA2000:      0
  PGN 65267  Position legacy:   7274
  PGN 65256  Speed legacy:      7274   last SA=0x1C raw=0x0
  PGN 65535  XTE JD legacy:     156607   last SA=0xF0 word=0x0 byte1=0x0
             full payload:     0000000000000000  (23 ms ago)
  PGN 60160  XTE Trimble legacy:101   last SA=0x1C
  PGN 64770  AISO stop:         1467   last 1487897 ms ago
  TOTAL:                        172723
--- Guidance telemetry ---
  XTE:          -0.01 m
  Speed:        0.00 m/s (0.00 kn)
  Quality:      4   RTK quality=4  IsRtkQuality=Y
  GGA fix age:  72 ms
  VTG fix age:  71 ms
  XTE fix age:  55 ms
  Lat/Lon/Alt/Course: 53.425369 / 6.720293 / 4.4 m / 138.9 deg
--- Virtual Terminal ---
  Connected:    Y
  State:        21/22  Connected
  VT version:  4
  VT status msgs: 1469   last 560 ms ago
  Partner: addr=0x26 valid=Y  reconnect attempts=0
--- Task Controller ---
  Connected:    Y
  TC-GEO (with/without pos): Y/Y
  Task active:  Y
  DRP deviation (DDI 513): 0 mm, last 1487897 ms ago
  GNSS quality (DDI 514):  0, last 1487897 ms ago
  Value commands (any DDI): 7  last DDI=515 (1331842 ms ago)
  Value requests (any DDI): 33252302
  Partner: addr=0xF7 valid=Y  reconnect attempts=0
  Tramline setpoint (DDI 506): 1  -> terminal DOES implement Tramline Control (1439848 ms ago)
  Guidance track (DDI 507-511): (none yet)
=== ISOBUS DEBUG MENU ===
1. Full status dump
2. Periodic summary line (OFF - press to toggle)
3. Reset message counters
4. Dump DDOP as hex (open in AgIsoDDOPGenerator)
5. Dump VT object pool as hex
q. Exit

# 12:18:47.207
=== ISOBUS STATUS ===
Address claim: CLAIMED  address=0x81
Bus load (ch0): 22.0 %
--- Message counters ---
  PGN 129025 Position NMEA2000: 0
  PGN 129026 Speed NMEA2000:    0
  PGN 129283 XTE NMEA2000:      0
  PGN 65267  Position legacy:   7279
  PGN 65256  Speed legacy:      7279   last SA=0x1C raw=0x0
  PGN 65535  XTE JD legacy:     156718   last SA=0xF0 word=0x0 byte1=0x0
             full payload:     0000000000000000  (9 ms ago)
  PGN 60160  XTE Trimble legacy:101   last SA=0x1C
  PGN 64770  AISO stop:         1468   last 1488963 ms ago
  TOTAL:                        172845
--- Guidance telemetry ---
  XTE:          -0.01 m
  Speed:        0.00 m/s (0.00 kn)
  Quality:      4   RTK quality=4  IsRtkQuality=Y
  GGA fix age:  138 ms
  VTG fix age:  137 ms
  XTE fix age:  120 ms
  Lat/Lon/Alt/Course: 53.425369 / 6.720293 / 4.4 m / 138.9 deg
--- Virtual Terminal ---
  Connected:    Y
  State:        21/22  Connected
  VT version:  4
  VT status msgs: 1470   last 626 ms ago
  Partner: addr=0x26 valid=Y  reconnect attempts=0
--- Task Controller ---
  Connected:    Y
  TC-GEO (with/without pos): Y/Y
  Task active:  Y
  DRP deviation (DDI 513): 0 mm, last 1488963 ms ago
  GNSS quality (DDI 514):  0, last 1488963 ms ago
  Value commands (any DDI): 7  last DDI=515 (1332908 ms ago)
  Value requests (any DDI): 33276831
  Partner: addr=0xF7 valid=Y  reconnect attempts=0
  Tramline setpoint (DDI 506): 1  -> terminal DOES implement Tramline Control (1440914 ms ago)
  Guidance track (DDI 507-511): (none yet)
=== ISOBUS DEBUG MENU ===
1. Full status dump
2. Periodic summary line (OFF - press to toggle)
3. Reset message counters
4. Dump DDOP as hex (open in AgIsoDDOPGenerator)
5. Dump VT object pool as hex
q. Exit

# 12:18:48.243
=== ISOBUS STATUS ===
Address claim: CLAIMED  address=0x81
Bus load (ch0): 21.8 %
--- Message counters ---
  PGN 129025 Position NMEA2000: 0
  PGN 129026 Speed NMEA2000:    0
  PGN 129283 XTE NMEA2000:      0
  PGN 65267  Position legacy:   7284
  PGN 65256  Speed legacy:      7284   last SA=0x1C raw=0x2
  PGN 65535  XTE JD legacy:     156827   last SA=0xF0 word=0x0 byte1=0x0
             full payload:     0000000000000000  (10 ms ago)
  PGN 60160  XTE Trimble legacy:101   last SA=0x1C
  PGN 64770  AISO stop:         1469   last 1489985 ms ago
  TOTAL:                        172965
--- Guidance telemetry ---
  XTE:          -0.01 m
  Speed:        0.00 m/s (0.01 kn)
  Quality:      4   RTK quality=4  IsRtkQuality=Y
  GGA fix age:  160 ms
  VTG fix age:  159 ms
  XTE fix age:  142 ms
  Lat/Lon/Alt/Course: 53.425369 / 6.720293 / 4.4 m / 138.9 deg
--- Virtual Terminal ---
  Connected:    Y
  State:        21/22  Connected
  VT version:  4
  VT status msgs: 1471   last 649 ms ago
  Partner: addr=0x26 valid=Y  reconnect attempts=0
--- Task Controller ---
  Connected:    Y
  TC-GEO (with/without pos): Y/Y
  Task active:  Y
  DRP deviation (DDI 513): 0 mm, last 1489985 ms ago
  GNSS quality (DDI 514):  0, last 1489985 ms ago
  Value commands (any DDI): 7  last DDI=515 (1333930 ms ago)
  Value requests (any DDI): 33300320
  Partner: addr=0xF7 valid=Y  reconnect attempts=0
  Tramline setpoint (DDI 506): 1  -> terminal DOES implement Tramline Control (1441936 ms ago)
  Guidance track (DDI 507-511): (none yet)
=== ISOBUS DEBUG MENU ===
1. Full status dump
2. Periodic summary line (OFF - press to toggle)
3. Reset message counters
4. Dump DDOP as hex (open in AgIsoDDOPGenerator)
5. Dump VT object pool as hex
q. Exit

# 12:18:49.276
=== ISOBUS STATUS ===
Address claim: CLAIMED  address=0x81
Bus load (ch0): 21.8 %
--- Message counters ---
  PGN 129025 Position NMEA2000: 0
  PGN 129026 Speed NMEA2000:    0
  PGN 129283 XTE NMEA2000:      0
  PGN 65267  Position legacy:   7289
  PGN 65256  Speed legacy:      7289   last SA=0x1C raw=0x1
  PGN 65535  XTE JD legacy:     156936   last SA=0xF0 word=0x0 byte1=0x0
             full payload:     0000000000000000  (5 ms ago)
  PGN 60160  XTE Trimble legacy:101   last SA=0x1C
  PGN 64770  AISO stop:         1470   last 1491021 ms ago
  TOTAL:                        173085
--- Guidance telemetry ---
  XTE:          -0.01 m
  Speed:        0.00 m/s (0.00 kn)
  Quality:      4   RTK quality=4  IsRtkQuality=Y
  GGA fix age:  196 ms
  VTG fix age:  195 ms
  XTE fix age:  183 ms
  Lat/Lon/Alt/Course: 53.425369 / 6.720293 / 4.4 m / 138.9 deg
--- Virtual Terminal ---
  Connected:    Y
  State:        21/22  Connected
  VT version:  4
  VT status msgs: 1472   last 685 ms ago
  Partner: addr=0x26 valid=Y  reconnect attempts=0
--- Task Controller ---
  Connected:    Y
  TC-GEO (with/without pos): Y/Y
  Task active:  Y
  DRP deviation (DDI 513): 0 mm, last 1491021 ms ago
  GNSS quality (DDI 514):  0, last 1491021 ms ago
  Value commands (any DDI): 7  last DDI=515 (1334966 ms ago)
  Value requests (any DDI): 33324160
  Partner: addr=0xF7 valid=Y  reconnect attempts=0
  Tramline setpoint (DDI 506): 1  -> terminal DOES implement Tramline Control (1442972 ms ago)
  Guidance track (DDI 507-511): (none yet)
=== ISOBUS DEBUG MENU ===
1. Full status dump
2. Periodic summary line (OFF - press to toggle)
3. Reset message counters
4. Dump DDOP as hex (open in AgIsoDDOPGenerator)
5. Dump VT object pool as hex
q. Exit

# 12:18:50.297
=== ISOBUS STATUS ===
Address claim: CLAIMED  address=0x81
Bus load (ch0): 21.3 %
--- Message counters ---
  PGN 129025 Position NMEA2000: 0
  PGN 129026 Speed NMEA2000:    0
  PGN 129283 XTE NMEA2000:      0
  PGN 65267  Position legacy:   7295
  PGN 65256  Speed legacy:      7295   last SA=0x1C raw=0x0
  PGN 65535  XTE JD legacy:     157054   last SA=0xF0 word=0x0 byte1=0x0
             full payload:     0000000000000000  (0 ms ago)
  PGN 60160  XTE Trimble legacy:101   last SA=0x1C
  PGN 64770  AISO stop:         1471   last 1492054 ms ago
  TOTAL:                        173216
--- Guidance telemetry ---
  XTE:          -0.01 m
  Speed:        0.00 m/s (0.00 kn)
  Quality:      4   RTK quality=4  IsRtkQuality=Y
  GGA fix age:  29 ms
  VTG fix age:  28 ms
  XTE fix age:  16 ms
  Lat/Lon/Alt/Course: 53.425369 / 6.720293 / 4.4 m / 138.9 deg
--- Virtual Terminal ---
  Connected:    Y
  State:        21/22  Connected
  VT version:  4
  VT status msgs: 1473   last 717 ms ago
  Partner: addr=0x26 valid=Y  reconnect attempts=0
--- Task Controller ---
  Connected:    Y
  TC-GEO (with/without pos): Y/Y
  Task active:  Y
  DRP deviation (DDI 513): 0 mm, last 1492054 ms ago
  GNSS quality (DDI 514):  0, last 1492054 ms ago
  Value commands (any DDI): 7  last DDI=515 (1335999 ms ago)
  Value requests (any DDI): 33347892
  Partner: addr=0xF7 valid=Y  reconnect attempts=0
  Tramline setpoint (DDI 506): 1  -> terminal DOES implement Tramline Control (1444005 ms ago)
  Guidance track (DDI 507-511): (none yet)
=== ISOBUS DEBUG MENU ===
1. Full status dump
2. Periodic summary line (OFF - press to toggle)
3. Reset message counters
4. Dump DDOP as hex (open in AgIsoDDOPGenerator)
5. Dump VT object pool as hex
q. Exit

# 12:18:51.318
=== ISOBUS STATUS ===
Address claim: CLAIMED  address=0x81
Bus load (ch0): 21.7 %
--- Message counters ---
  PGN 129025 Position NMEA2000: 0
  PGN 129026 Speed NMEA2000:    0
  PGN 129283 XTE NMEA2000:      0
  PGN 65267  Position legacy:   7300
  PGN 65256  Speed legacy:      7300   last SA=0x1C raw=0x2
  PGN 65535  XTE JD legacy:     157163   last SA=0xF0 word=0x0 byte1=0x0
             full payload:     0000000000000000  (6 ms ago)
  PGN 60160  XTE Trimble legacy:101   last SA=0x1C
  PGN 64770  AISO stop:         1472   last 1493081 ms ago
  TOTAL:                        173336
--- Guidance telemetry ---
  XTE:          -0.01 m
  Speed:        0.00 m/s (0.01 kn)
  Quality:      4   RTK quality=4  IsRtkQuality=Y
  GGA fix age:  56 ms
  VTG fix age:  55 ms
  XTE fix age:  43 ms
  Lat/Lon/Alt/Course: 53.425369 / 6.720293 / 4.4 m / 138.9 deg
--- Virtual Terminal ---
  Connected:    Y
  State:        21/22  Connected
  VT version:  4
  VT status msgs: 1474   last 746 ms ago
  Partner: addr=0x26 valid=Y  reconnect attempts=0
--- Task Controller ---
  Connected:    Y
  TC-GEO (with/without pos): Y/Y
  Task active:  Y
  DRP deviation (DDI 513): 0 mm, last 1493082 ms ago
  GNSS quality (DDI 514):  0, last 1493082 ms ago
  Value commands (any DDI): 7  last DDI=515 (1337027 ms ago)
  Value requests (any DDI): 33371515
  Partner: addr=0xF7 valid=Y  reconnect attempts=0
  Tramline setpoint (DDI 506): 1  -> terminal DOES implement Tramline Control (1445033 ms ago)
  Guidance track (DDI 507-511): (none yet)
=== ISOBUS DEBUG MENU ===
1. Full status dump
2. Periodic summary line (OFF - press to toggle)
3. Reset message counters
4. Dump DDOP as hex (open in AgIsoDDOPGenerator)
5. Dump VT object pool as hex
q. Exit

# 12:18:52.341
=== ISOBUS STATUS ===
Address claim: CLAIMED  address=0x81
Bus load (ch0): 21.7 %
--- Message counters ---
  PGN 129025 Position NMEA2000: 0
  PGN 129026 Speed NMEA2000:    0
  PGN 129283 XTE NMEA2000:      0
  PGN 65267  Position legacy:   7305
  PGN 65256  Speed legacy:      7305   last SA=0x1C raw=0x0
  PGN 65535  XTE JD legacy:     157272   last SA=0xF0 word=0x0 byte1=0x0
             full payload:     0000000000000000  (2 ms ago)
  PGN 60160  XTE Trimble legacy:101   last SA=0x1C
  PGN 64770  AISO stop:         1473   last 1494099 ms ago
  TOTAL:                        173456
--- Guidance telemetry ---
  XTE:          -0.01 m
  Speed:        0.00 m/s (0.00 kn)
  Quality:      4   RTK quality=4  IsRtkQuality=Y
  GGA fix age:  74 ms
  VTG fix age:  73 ms
  XTE fix age:  57 ms
  Lat/Lon/Alt/Course: 53.425369 / 6.720293 / 4.4 m / 138.9 deg
--- Virtual Terminal ---
  Connected:    Y
  State:        21/22  Connected
  VT version:  4
  VT status msgs: 1475   last 762 ms ago
  Partner: addr=0x26 valid=Y  reconnect attempts=0
--- Task Controller ---
  Connected:    Y
  TC-GEO (with/without pos): Y/Y
  Task active:  Y
  DRP deviation (DDI 513): 0 mm, last 1494099 ms ago
  GNSS quality (DDI 514):  0, last 1494099 ms ago
  Value commands (any DDI): 7  last DDI=515 (1338044 ms ago)
  Value requests (any DDI): 33394914
  Partner: addr=0xF7 valid=Y  reconnect attempts=0
  Tramline setpoint (DDI 506): 1  -> terminal DOES implement Tramline Control (1446050 ms ago)
  Guidance track (DDI 507-511): (none yet)
=== ISOBUS DEBUG MENU ===
1. Full status dump
2. Periodic summary line (OFF - press to toggle)
3. Reset message counters
4. Dump DDOP as hex (open in AgIsoDDOPGenerator)
5. Dump VT object pool as hex
q. Exit

# 12:18:53.361
=== ISOBUS STATUS ===
Address claim: CLAIMED  address=0x81
Bus load (ch0): 21.8 %
--- Message counters ---
  PGN 129025 Position NMEA2000: 0
  PGN 129026 Speed NMEA2000:    0
  PGN 129283 XTE NMEA2000:      0
  PGN 65267  Position legacy:   7310
  PGN 65256  Speed legacy:      7310   last SA=0x1C raw=0x0
  PGN 65535  XTE JD legacy:     157380   last SA=0xF0 word=0x0 byte1=0x0
             full payload:     0000000000000000  (3 ms ago)
  PGN 60160  XTE Trimble legacy:101   last SA=0x1C
  PGN 64770  AISO stop:         1474   last 1495118 ms ago
  TOTAL:                        173575
--- Guidance telemetry ---
  XTE:          -0.01 m
  Speed:        0.00 m/s (0.00 kn)
  Quality:      4   RTK quality=4  IsRtkQuality=Y
  GGA fix age:  93 ms
  VTG fix age:  92 ms
  XTE fix age:  80 ms
  Lat/Lon/Alt/Course: 53.425369 / 6.720293 / 4.4 m / 138.9 deg
--- Virtual Terminal ---
  Connected:    Y
  State:        21/22  Connected
  VT version:  4
  VT status msgs: 1476   last 781 ms ago
  Partner: addr=0x26 valid=Y  reconnect attempts=0
--- Task Controller ---
  Connected:    Y
  TC-GEO (with/without pos): Y/Y
  Task active:  Y
  DRP deviation (DDI 513): 0 mm, last 1495118 ms ago
  GNSS quality (DDI 514):  0, last 1495118 ms ago
  Value commands (any DDI): 7  last DDI=515 (1339063 ms ago)
  Value requests (any DDI): 33418340
  Partner: addr=0xF7 valid=Y  reconnect attempts=0
  Tramline setpoint (DDI 506): 1  -> terminal DOES implement Tramline Control (1447069 ms ago)
  Guidance track (DDI 507-511): (none yet)
=== ISOBUS DEBUG MENU ===
1. Full status dump
2. Periodic summary line (OFF - press to toggle)
3. Reset message counters
4. Dump DDOP as hex (open in AgIsoDDOPGenerator)
5. Dump VT object pool as hex
q. Exit

# 12:18:54.381
=== ISOBUS STATUS ===
Address claim: CLAIMED  address=0x81
Bus load (ch0): 21.9 %
--- Message counters ---
  PGN 129025 Position NMEA2000: 0
  PGN 129026 Speed NMEA2000:    0
  PGN 129283 XTE NMEA2000:      0
  PGN 65267  Position legacy:   7315
  PGN 65256  Speed legacy:      7315   last SA=0x1C raw=0x3
  PGN 65535  XTE JD legacy:     157488   last SA=0xF0 word=0x0 byte1=0x0
             full payload:     0000000000000000  (4 ms ago)
  PGN 60160  XTE Trimble legacy:101   last SA=0x1C
  PGN 64770  AISO stop:         1475   last 1496140 ms ago
  TOTAL:                        173694
--- Guidance telemetry ---
  XTE:          -0.01 m
  Speed:        0.01 m/s (0.01 kn)
  Quality:      4   RTK quality=4  IsRtkQuality=Y
  GGA fix age:  115 ms
  VTG fix age:  114 ms
  XTE fix age:  102 ms
  Lat/Lon/Alt/Course: 53.425369 / 6.720293 / 4.4 m / 138.9 deg
--- Virtual Terminal ---
  Connected:    Y
  State:        21/22  Connected
  VT version:  4
  VT status msgs: 1477   last 803 ms ago
  Partner: addr=0x26 valid=Y  reconnect attempts=0
--- Task Controller ---
  Connected:    Y
  TC-GEO (with/without pos): Y/Y
  Task active:  Y
  DRP deviation (DDI 513): 0 mm, last 1496140 ms ago
  GNSS quality (DDI 514):  0, last 1496140 ms ago
  Value commands (any DDI): 7  last DDI=515 (1340085 ms ago)
  Value requests (any DDI): 33441814
  Partner: addr=0xF7 valid=Y  reconnect attempts=0
  Tramline setpoint (DDI 506): 1  -> terminal DOES implement Tramline Control (1448091 ms ago)
  Guidance track (DDI 507-511): (none yet)
=== ISOBUS DEBUG MENU ===
1. Full status dump
2. Periodic summary line (OFF - press to toggle)
3. Reset message counters
4. Dump DDOP as hex (open in AgIsoDDOPGenerator)
5. Dump VT object pool as hex
q. Exit

# 12:18:55.406
=== ISOBUS STATUS ===
Address claim: CLAIMED  address=0x81
Bus load (ch0): 21.4 %
--- Message counters ---
  PGN 129025 Position NMEA2000: 0
  PGN 129026 Speed NMEA2000:    0
  PGN 129283 XTE NMEA2000:      0
  PGN 65267  Position legacy:   7320
  PGN 65256  Speed legacy:      7320   last SA=0x1C raw=0x2
  PGN 65535  XTE JD legacy:     157596   last SA=0xF0 word=0x0 byte1=0x0
             full payload:     0000000000000000  (8 ms ago)
  PGN 60160  XTE Trimble legacy:101   last SA=0x1C
  PGN 64770  AISO stop:         1476   last 1497162 ms ago
  TOTAL:                        173813
--- Guidance telemetry ---
  XTE:          -0.01 m
  Speed:        0.00 m/s (0.01 kn)
  Quality:      4   RTK quality=4  IsRtkQuality=Y
  GGA fix age:  137 ms
  VTG fix age:  136 ms
  XTE fix age:  120 ms
  Lat/Lon/Alt/Course: 53.425369 / 6.720293 / 4.4 m / 138.9 deg
--- Virtual Terminal ---
  Connected:    Y
  State:        21/22  Connected
  VT version:  4
  VT status msgs: 1478   last 825 ms ago
  Partner: addr=0x26 valid=Y  reconnect attempts=0
--- Task Controller ---
  Connected:    Y
  TC-GEO (with/without pos): Y/Y
  Task active:  Y
  DRP deviation (DDI 513): 0 mm, last 1497162 ms ago
  GNSS quality (DDI 514):  0, last 1497162 ms ago
  Value commands (any DDI): 7  last DDI=515 (1341107 ms ago)
  Value requests (any DDI): 33465308
  Partner: addr=0xF7 valid=Y  reconnect attempts=0
  Tramline setpoint (DDI 506): 1  -> terminal DOES implement Tramline Control (1449113 ms ago)
  Guidance track (DDI 507-511): (none yet)
=== ISOBUS DEBUG MENU ===
1. Full status dump
2. Periodic summary line (OFF - press to toggle)
3. Reset message counters
4. Dump DDOP as hex (open in AgIsoDDOPGenerator)
5. Dump VT object pool as hex
q. Exit

# 12:18:56.444
=== ISOBUS STATUS ===
Address claim: CLAIMED  address=0x81
Bus load (ch0): 22.4 %
--- Message counters ---
  PGN 129025 Position NMEA2000: 0
  PGN 129026 Speed NMEA2000:    0
  PGN 129283 XTE NMEA2000:      0
  PGN 65267  Position legacy:   7325
  PGN 65256  Speed legacy:      7325   last SA=0x1C raw=0x1
  PGN 65535  XTE JD legacy:     157705   last SA=0xF0 word=0x0 byte1=0x0
             full payload:     0000000000000000  (12 ms ago)
  PGN 60160  XTE Trimble legacy:101   last SA=0x1C
  PGN 64770  AISO stop:         1477   last 1498187 ms ago
  TOTAL:                        173933
--- Guidance telemetry ---
  XTE:          -0.01 m
  Speed:        0.00 m/s (0.00 kn)
  Quality:      4   RTK quality=4  IsRtkQuality=Y
  GGA fix age:  162 ms
  VTG fix age:  161 ms
  XTE fix age:  144 ms
  Lat/Lon/Alt/Course: 53.425369 / 6.720293 / 4.4 m / 138.9 deg
--- Virtual Terminal ---
  Connected:    Y
  State:        21/22  Connected
  VT version:  4
  VT status msgs: 1479   last 850 ms ago
  Partner: addr=0x26 valid=Y  reconnect attempts=0
--- Task Controller ---
  Connected:    Y
  TC-GEO (with/without pos): Y/Y
  Task active:  Y
  DRP deviation (DDI 513): 0 mm, last 1498187 ms ago
  GNSS quality (DDI 514):  0, last 1498187 ms ago
  Value commands (any DDI): 7  last DDI=515 (1342132 ms ago)
  Value requests (any DDI): 33488871
  Partner: addr=0xF7 valid=Y  reconnect attempts=0
  Tramline setpoint (DDI 506): 1  -> terminal DOES implement Tramline Control (1450138 ms ago)
  Guidance track (DDI 507-511): (none yet)
=== ISOBUS DEBUG MENU ===
1. Full status dump
2. Periodic summary line (OFF - press to toggle)
3. Reset message counters
4. Dump DDOP as hex (open in AgIsoDDOPGenerator)
5. Dump VT object pool as hex
q. Exit

# 12:18:57.458
=== ISOBUS STATUS ===
Address claim: CLAIMED  address=0x81
Bus load (ch0): 21.8 %
--- Message counters ---
  PGN 129025 Position NMEA2000: 0
  PGN 129026 Speed NMEA2000:    0
  PGN 129283 XTE NMEA2000:      0
  PGN 65267  Position legacy:   7330
  PGN 65256  Speed legacy:      7330   last SA=0x1C raw=0x1
  PGN 65535  XTE JD legacy:     157814   last SA=0xF0 word=0x0 byte1=0x0
             full payload:     0000000000000000  (6 ms ago)
  PGN 60160  XTE Trimble legacy:101   last SA=0x1C
  PGN 64770  AISO stop:         1478   last 1499222 ms ago
  TOTAL:                        174053
--- Guidance telemetry ---
  XTE:          -0.01 m
  Speed:        0.00 m/s (0.00 kn)
  Quality:      4   RTK quality=4  IsRtkQuality=Y
  GGA fix age:  197 ms
  VTG fix age:  196 ms
  XTE fix age:  184 ms
  Lat/Lon/Alt/Course: 53.425369 / 6.720293 / 4.4 m / 138.9 deg
--- Virtual Terminal ---
  Connected:    Y
  State:        21/22  Connected
  VT version:  4
  VT status msgs: 1480   last 885 ms ago
  Partner: addr=0x26 valid=Y  reconnect attempts=0
--- Task Controller ---
  Connected:    Y
  TC-GEO (with/without pos): Y/Y
  Task active:  Y
  DRP deviation (DDI 513): 0 mm, last 1499222 ms ago
  GNSS quality (DDI 514):  0, last 1499222 ms ago
  Value commands (any DDI): 7  last DDI=515 (1343167 ms ago)
  Value requests (any DDI): 33512658
  Partner: addr=0xF7 valid=Y  reconnect attempts=0
  Tramline setpoint (DDI 506): 1  -> terminal DOES implement Tramline Control (1451173 ms ago)
  Guidance track (DDI 507-511): (none yet)
=== ISOBUS DEBUG MENU ===
1. Full status dump
2. Periodic summary line (OFF - press to toggle)
3. Reset message counters
4. Dump DDOP as hex (open in AgIsoDDOPGenerator)
5. Dump VT object pool as hex
q. Exit

# 12:18:58.517
=== ISOBUS STATUS ===
Address claim: CLAIMED  address=0x81
Bus load (ch0): 21.9 %
--- Message counters ---
  PGN 129025 Position NMEA2000: 0
  PGN 129026 Speed NMEA2000:    0
  PGN 129283 XTE NMEA2000:      0
  PGN 65267  Position legacy:   7336
  PGN 65256  Speed legacy:      7336   last SA=0x1C raw=0x3
  PGN 65535  XTE JD legacy:     157929   last SA=0xF0 word=0x0 byte1=0x0
             full payload:     0000000000000000  (3 ms ago)
  PGN 60160  XTE Trimble legacy:101   last SA=0x1C
  PGN 64770  AISO stop:         1479   last 1500238 ms ago
  TOTAL:                        174181
--- Guidance telemetry ---
  XTE:          -0.01 m
  Speed:        0.01 m/s (0.01 kn)
  Quality:      4   RTK quality=4  IsRtkQuality=Y
  GGA fix age:  13 ms
  VTG fix age:  12 ms
  XTE fix age:  200 ms
  Lat/Lon/Alt/Course: 53.425369 / 6.720293 / 4.4 m / 138.9 deg
--- Virtual Terminal ---
  Connected:    Y
  State:        21/22  Connected
  VT version:  4
  VT status msgs: 1481   last 901 ms ago
  Partner: addr=0x26 valid=Y  reconnect attempts=0
--- Task Controller ---
  Connected:    Y
  TC-GEO (with/without pos): Y/Y
  Task active:  Y
  DRP deviation (DDI 513): 0 mm, last 1500238 ms ago
  GNSS quality (DDI 514):  0, last 1500238 ms ago
  Value commands (any DDI): 7  last DDI=515 (1344183 ms ago)
  Value requests (any DDI): 33536014
  Partner: addr=0xF7 valid=Y  reconnect attempts=0
  Tramline setpoint (DDI 506): 1  -> terminal DOES implement Tramline Control (1452189 ms ago)
  Guidance track (DDI 507-511): (none yet)
=== ISOBUS DEBUG MENU ===
1. Full status dump
2. Periodic summary line (OFF - press to toggle)
3. Reset message counters
4. Dump DDOP as hex (open in AgIsoDDOPGenerator)
5. Dump VT object pool as hex
q. Exit

# 12:18:59.522
=== ISOBUS STATUS ===
Address claim: CLAIMED  address=0x81
Bus load (ch0): 21.2 %
--- Message counters ---
  PGN 129025 Position NMEA2000: 0
  PGN 129026 Speed NMEA2000:    0
  PGN 129283 XTE NMEA2000:      0
  PGN 65267  Position legacy:   7341
  PGN 65256  Speed legacy:      7341   last SA=0x1C raw=0x1
  PGN 65535  XTE JD legacy:     158039   last SA=0xF0 word=0x0 byte1=0x0
             full payload:     0000000000000000  (19 ms ago)
  PGN 60160  XTE Trimble legacy:101   last SA=0x1C
  PGN 64770  AISO stop:         1480   last 1501294 ms ago
  TOTAL:                        174302
--- Guidance telemetry ---
  XTE:          -0.01 m
  Speed:        0.00 m/s (0.00 kn)
  Quality:      4   RTK quality=4  IsRtkQuality=Y
  GGA fix age:  69 ms
  VTG fix age:  68 ms
  XTE fix age:  56 ms
  Lat/Lon/Alt/Course: 53.425369 / 6.720293 / 4.4 m / 138.9 deg
--- Virtual Terminal ---
  Connected:    Y
  State:        21/22  Connected
  VT version:  4
  VT status msgs: 1482   last 957 ms ago
  Partner: addr=0x26 valid=Y  reconnect attempts=0
--- Task Controller ---
  Connected:    Y
  TC-GEO (with/without pos): Y/Y
  Task active:  Y
  DRP deviation (DDI 513): 0 mm, last 1501294 ms ago
  GNSS quality (DDI 514):  0, last 1501294 ms ago
  Value commands (any DDI): 7  last DDI=515 (1345239 ms ago)
  Value requests (any DDI): 33560290
  Partner: addr=0xF7 valid=Y  reconnect attempts=0
  Tramline setpoint (DDI 506): 1  -> terminal DOES implement Tramline Control (1453245 ms ago)
  Guidance track (DDI 507-511): (none yet)
=== ISOBUS DEBUG MENU ===
1. Full status dump
2. Periodic summary line (OFF - press to toggle)
3. Reset message counters
4. Dump DDOP as hex (open in AgIsoDDOPGenerator)
5. Dump VT object pool as hex
q. Exit

# 12:19:00.553
=== ISOBUS STATUS ===
Address claim: CLAIMED  address=0x81
Bus load (ch0): 21.2 %
--- Message counters ---
  PGN 129025 Position NMEA2000: 0
  PGN 129026 Speed NMEA2000:    0
  PGN 129283 XTE NMEA2000:      0
  PGN 65267  Position legacy:   7346
  PGN 65256  Speed legacy:      7346   last SA=0x1C raw=0x5
  PGN 65535  XTE JD legacy:     158148   last SA=0xF0 word=0x0 byte1=0x0
             full payload:     0000000000000000  (2 ms ago)
  PGN 60160  XTE Trimble legacy:101   last SA=0x1C
  PGN 64770  AISO stop:         1481   last 1502302 ms ago
  TOTAL:                        174422
--- Guidance telemetry ---
  XTE:          -0.01 m
  Speed:        0.01 m/s (0.02 kn)
  Quality:      4   RTK quality=4  IsRtkQuality=Y
  GGA fix age:  77 ms
  VTG fix age:  76 ms
  XTE fix age:  64 ms
  Lat/Lon/Alt/Course: 53.425369 / 6.720293 / 4.4 m / 138.9 deg
--- Virtual Terminal ---
  Connected:    Y
  State:        21/22  Connected
  VT version:  4
  VT status msgs: 1483   last 965 ms ago
  Partner: addr=0x26 valid=Y  reconnect attempts=0
--- Task Controller ---
  Connected:    Y
  TC-GEO (with/without pos): Y/Y
  Task active:  Y
  DRP deviation (DDI 513): 0 mm, last 1502302 ms ago
  GNSS quality (DDI 514):  0, last 1502302 ms ago
  Value commands (any DDI): 7  last DDI=515 (1346247 ms ago)
  Value requests (any DDI): 33583452
  Partner: addr=0xF7 valid=Y  reconnect attempts=0
  Tramline setpoint (DDI 506): 1  -> terminal DOES implement Tramline Control (1454253 ms ago)
  Guidance track (DDI 507-511): (none yet)
=== ISOBUS DEBUG MENU ===
1. Full status dump
2. Periodic summary line (OFF - press to toggle)
3. Reset message counters
4. Dump DDOP as hex (open in AgIsoDDOPGenerator)
5. Dump VT object pool as hex
q. Exit

# 12:19:01.612
=== ISOBUS STATUS ===
Address claim: CLAIMED  address=0x81
Bus load (ch0): 22.5 %
--- Message counters ---
  PGN 129025 Position NMEA2000: 0
  PGN 129026 Speed NMEA2000:    0
  PGN 129283 XTE NMEA2000:      0
  PGN 65267  Position legacy:   7351
  PGN 65256  Speed legacy:      7351   last SA=0x1C raw=0x4
  PGN 65535  XTE JD legacy:     158258   last SA=0xF0 word=0x0 byte1=0x0
             full payload:     0000000000000000  (4 ms ago)
  PGN 60160  XTE Trimble legacy:101   last SA=0x1C
  PGN 64770  AISO stop:         1482   last 1503330 ms ago
  TOTAL:                        174543
--- Guidance telemetry ---
  XTE:          -0.01 m
  Speed:        0.01 m/s (0.02 kn)
  Quality:      4   RTK quality=4  IsRtkQuality=Y
  GGA fix age:  105 ms
  VTG fix age:  103 ms
  XTE fix age:  87 ms
  Lat/Lon/Alt/Course: 53.425369 / 6.720293 / 4.4 m / 138.9 deg
--- Virtual Terminal ---
  Connected:    Y
  State:        21/22  Connected
  VT version:  4
  VT status msgs: 1484   last 993 ms ago
  Partner: addr=0x26 valid=Y  reconnect attempts=0
--- Task Controller ---
  Connected:    Y
  TC-GEO (with/without pos): Y/Y
  Task active:  Y
  DRP deviation (DDI 513): 0 mm, last 1503330 ms ago
  GNSS quality (DDI 514):  0, last 1503330 ms ago
  Value commands (any DDI): 7  last DDI=515 (1347275 ms ago)
  Value requests (any DDI): 33607090
  Partner: addr=0xF7 valid=Y  reconnect attempts=0
  Tramline setpoint (DDI 506): 1  -> terminal DOES implement Tramline Control (1455281 ms ago)
  Guidance track (DDI 507-511): (none yet)
=== ISOBUS DEBUG MENU ===
1. Full status dump
2. Periodic summary line (OFF - press to toggle)
3. Reset message counters
4. Dump DDOP as hex (open in AgIsoDDOPGenerator)
5. Dump VT object pool as hex
q. Exit

# 12:19:02.670
=== ISOBUS STATUS ===
Address claim: CLAIMED  address=0x81
Bus load (ch0): 22.9 %
--- Message counters ---
  PGN 129025 Position NMEA2000: 0
  PGN 129026 Speed NMEA2000:    0
  PGN 129283 XTE NMEA2000:      0
  PGN 65267  Position legacy:   7356
  PGN 65256  Speed legacy:      7356   last SA=0x1C raw=0x1
  PGN 65535  XTE JD legacy:     158369   last SA=0xF0 word=0x0 byte1=0x0
             full payload:     0000000000000000  (15 ms ago)
  PGN 60160  XTE Trimble legacy:101   last SA=0x1C
  PGN 64770  AISO stop:         1483   last 1504390 ms ago
  TOTAL:                        174665
--- Guidance telemetry ---
  XTE:          -0.01 m
  Speed:        0.00 m/s (0.00 kn)
  Quality:      4   RTK quality=4  IsRtkQuality=Y
  GGA fix age:  165 ms
  VTG fix age:  164 ms
  XTE fix age:  147 ms
  Lat/Lon/Alt/Course: 53.425369 / 6.720293 / 4.4 m / 138.9 deg
--- Virtual Terminal ---
  Connected:    Y
  State:        21/22  Connected
  VT version:  4
  VT status msgs: 1486   last 53 ms ago
  Partner: addr=0x26 valid=Y  reconnect attempts=0
--- Task Controller ---
  Connected:    Y
  TC-GEO (with/without pos): Y/Y
  Task active:  Y
  DRP deviation (DDI 513): 0 mm, last 1504390 ms ago
  GNSS quality (DDI 514):  0, last 1504390 ms ago
  Value commands (any DDI): 7  last DDI=515 (1348335 ms ago)
  Value requests (any DDI): 33631448
  Partner: addr=0xF7 valid=Y  reconnect attempts=0
  Tramline setpoint (DDI 506): 1  -> terminal DOES implement Tramline Control (1456341 ms ago)
  Guidance track (DDI 507-511): (none yet)
=== ISOBUS DEBUG MENU ===
1. Full status dump
2. Periodic summary line (OFF - press to toggle)
3. Reset message counters
4. Dump DDOP as hex (open in AgIsoDDOPGenerator)
5. Dump VT object pool as hex
q. Exit

# 12:19:03.691
=== ISOBUS STATUS ===
Address claim: CLAIMED  address=0x81
Bus load (ch0): 22.2 %
--- Message counters ---
  PGN 129025 Position NMEA2000: 0
  PGN 129026 Speed NMEA2000:    0
  PGN 129283 XTE NMEA2000:      0
  PGN 65267  Position legacy:   7362
  PGN 65256  Speed legacy:      7362   last SA=0x1C raw=0x1
  PGN 65535  XTE JD legacy:     158487   last SA=0x2A word=0x7CFF byte1=0x15
             full payload:     771510FF7C2E85FF  (11 ms ago)
  PGN 60160  XTE Trimble legacy:101   last SA=0x1C
  PGN 64770  AISO stop:         1485   last 1505449 ms ago
  TOTAL:                        174797
--- Guidance telemetry ---
  XTE:          -0.01 m
  Speed:        0.00 m/s (0.00 kn)
  Quality:      4   RTK quality=4  IsRtkQuality=Y
  GGA fix age:  24 ms
  VTG fix age:  23 ms
  XTE fix age:  11 ms
  Lat/Lon/Alt/Course: 53.425369 / 6.720293 / 4.4 m / 138.9 deg
--- Virtual Terminal ---
  Connected:    Y
  State:        21/22  Connected
  VT version:  4
  VT status msgs: 1487   last 112 ms ago
  Partner: addr=0x26 valid=Y  reconnect attempts=0
--- Task Controller ---
  Connected:    Y
  TC-GEO (with/without pos): Y/Y
  Task active:  Y
  DRP deviation (DDI 513): 0 mm, last 1505449 ms ago
  GNSS quality (DDI 514):  0, last 1505449 ms ago
  Value commands (any DDI): 7  last DDI=515 (1349394 ms ago)
  Value requests (any DDI): 33655786
  Partner: addr=0xF7 valid=Y  reconnect attempts=0
  Tramline setpoint (DDI 506): 1  -> terminal DOES implement Tramline Control (1457400 ms ago)
  Guidance track (DDI 507-511): (none yet)
=== ISOBUS DEBUG MENU ===
1. Full status dump
2. Periodic summary line (OFF - press to toggle)
3. Reset message counters
4. Dump DDOP as hex (open in AgIsoDDOPGenerator)
5. Dump VT object pool as hex
q. Exit

# 12:19:04.742
=== ISOBUS STATUS ===
Address claim: CLAIMED  address=0x81
Bus load (ch0): 22.3 %
--- Message counters ---
  PGN 129025 Position NMEA2000: 0
  PGN 129026 Speed NMEA2000:    0
  PGN 129283 XTE NMEA2000:      0
  PGN 65267  Position legacy:   7367
  PGN 65256  Speed legacy:      7367   last SA=0x1C raw=0x5
  PGN 65535  XTE JD legacy:     158595   last SA=0xF0 word=0x0 byte1=0x0
             full payload:     0000000000000000  (17 ms ago)
  PGN 60160  XTE Trimble legacy:101   last SA=0x1C
  PGN 64770  AISO stop:         1486   last 1506471 ms ago
  TOTAL:                        174916
--- Guidance telemetry ---
  XTE:          -0.01 m
  Speed:        0.01 m/s (0.02 kn)
  Quality:      4   RTK quality=4  IsRtkQuality=Y
  GGA fix age:  46 ms
  VTG fix age:  45 ms
  XTE fix age:  33 ms
  Lat/Lon/Alt/Course: 53.425369 / 6.720293 / 4.4 m / 138.9 deg
--- Virtual Terminal ---
  Connected:    Y
  State:        21/22  Connected
  VT version:  4
  VT status msgs: 1488   last 134 ms ago
  Partner: addr=0x26 valid=Y  reconnect attempts=0
--- Task Controller ---
  Connected:    Y
  TC-GEO (with/without pos): Y/Y
  Task active:  Y
  DRP deviation (DDI 513): 0 mm, last 1506471 ms ago
  GNSS quality (DDI 514):  0, last 1506471 ms ago
  Value commands (any DDI): 7  last DDI=515 (1350416 ms ago)
  Value requests (any DDI): 33679288
  Partner: addr=0xF7 valid=Y  reconnect attempts=0
  Tramline setpoint (DDI 506): 1  -> terminal DOES implement Tramline Control (1458422 ms ago)
  Guidance track (DDI 507-511): (none yet)
=== ISOBUS DEBUG MENU ===
1. Full status dump
2. Periodic summary line (OFF - press to toggle)
3. Reset message counters
4. Dump DDOP as hex (open in AgIsoDDOPGenerator)
5. Dump VT object pool as hex
q. Exit

# 12:19:05.799
=== ISOBUS STATUS ===
Address claim: CLAIMED  address=0x81
Bus load (ch0): 22.3 %
--- Message counters ---
  PGN 129025 Position NMEA2000: 0
  PGN 129026 Speed NMEA2000:    0
  PGN 129283 XTE NMEA2000:      0
  PGN 65267  Position legacy:   7372
  PGN 65256  Speed legacy:      7372   last SA=0x1C raw=0x6
  PGN 65535  XTE JD legacy:     158705   last SA=0xF0 word=0x0 byte1=0x0
             full payload:     0000000000000000  (4 ms ago)
  PGN 60160  XTE Trimble legacy:101   last SA=0x1C
  PGN 64770  AISO stop:         1487   last 1507520 ms ago
  TOTAL:                        175037
--- Guidance telemetry ---
  XTE:          -0.01 m
  Speed:        0.01 m/s (0.02 kn)
  Quality:      4   RTK quality=4  IsRtkQuality=Y
  GGA fix age:  95 ms
  VTG fix age:  94 ms
  XTE fix age:  82 ms
  Lat/Lon/Alt/Course: 53.425369 / 6.720293 / 4.4 m / 138.9 deg
--- Virtual Terminal ---
  Connected:    Y
  State:        21/22  Connected
  VT version:  4
  VT status msgs: 1489   last 183 ms ago
  Partner: addr=0x26 valid=Y  reconnect attempts=0
--- Task Controller ---
  Connected:    Y
  TC-GEO (with/without pos): Y/Y
  Task active:  Y
  DRP deviation (DDI 513): 0 mm, last 1507520 ms ago
  GNSS quality (DDI 514):  0, last 1507520 ms ago
  Value commands (any DDI): 7  last DDI=515 (1351465 ms ago)
  Value requests (any DDI): 33703402
  Partner: addr=0xF7 valid=Y  reconnect attempts=0
  Tramline setpoint (DDI 506): 1  -> terminal DOES implement Tramline Control (1459471 ms ago)
  Guidance track (DDI 507-511): (none yet)
=== ISOBUS DEBUG MENU ===
1. Full status dump
2. Periodic summary line (OFF - press to toggle)
3. Reset message counters
4. Dump DDOP as hex (open in AgIsoDDOPGenerator)
5. Dump VT object pool as hex
q. Exit

# 12:19:06.819
=== ISOBUS STATUS ===
Address claim: CLAIMED  address=0x81
Bus load (ch0): 22.8 %
--- Message counters ---
  PGN 129025 Position NMEA2000: 0
  PGN 129026 Speed NMEA2000:    0
  PGN 129283 XTE NMEA2000:      0
  PGN 65267  Position legacy:   7377
  PGN 65256  Speed legacy:      7377   last SA=0x1C raw=0x3
  PGN 65535  XTE JD legacy:     158816   last SA=0xF0 word=0x0 byte1=0x0
             full payload:     0000000000000000  (2 ms ago)
  PGN 60160  XTE Trimble legacy:101   last SA=0x1C
  PGN 64770  AISO stop:         1488   last 1508577 ms ago
  TOTAL:                        175159
--- Guidance telemetry ---
  XTE:          -0.01 m
  Speed:        0.01 m/s (0.01 kn)
  Quality:      4   RTK quality=4  IsRtkQuality=Y
  GGA fix age:  152 ms
  VTG fix age:  151 ms
  XTE fix age:  139 ms
  Lat/Lon/Alt/Course: 53.425369 / 6.720293 / 4.4 m / 138.9 deg
--- Virtual Terminal ---
  Connected:    Y
  State:        21/22  Connected
  VT version:  4
  VT status msgs: 1490   last 239 ms ago
  Partner: addr=0x26 valid=Y  reconnect attempts=0
--- Task Controller ---
  Connected:    Y
  TC-GEO (with/without pos): Y/Y
  Task active:  Y
  DRP deviation (DDI 513): 0 mm, last 1508577 ms ago
  GNSS quality (DDI 514):  0, last 1508577 ms ago
  Value commands (any DDI): 7  last DDI=515 (1352522 ms ago)
  Value requests (any DDI): 33727703
  Partner: addr=0xF7 valid=Y  reconnect attempts=0
  Tramline setpoint (DDI 506): 1  -> terminal DOES implement Tramline Control (1460528 ms ago)
  Guidance track (DDI 507-511): (none yet)
=== ISOBUS DEBUG MENU ===
1. Full status dump
2. Periodic summary line (OFF - press to toggle)
3. Reset message counters
4. Dump DDOP as hex (open in AgIsoDDOPGenerator)
5. Dump VT object pool as hex
q. Exit

# 12:19:07.835
=== ISOBUS STATUS ===
Address claim: CLAIMED  address=0x81
Bus load (ch0): 22.6 %
--- Message counters ---
  PGN 129025 Position NMEA2000: 0
  PGN 129026 Speed NMEA2000:    0
  PGN 129283 XTE NMEA2000:      0
  PGN 65267  Position legacy:   7382
  PGN 65256  Speed legacy:      7382   last SA=0x1C raw=0x3
  PGN 65535  XTE JD legacy:     158923   last SA=0xF0 word=0x0 byte1=0x0
             full payload:     0000000000000000  (22 ms ago)
  PGN 60160  XTE Trimble legacy:101   last SA=0x1C
  PGN 64770  AISO stop:         1489   last 1509597 ms ago
  TOTAL:                        175277
--- Guidance telemetry ---
  XTE:          -0.01 m
  Speed:        0.01 m/s (0.01 kn)
  Quality:      4   RTK quality=4  IsRtkQuality=Y
  GGA fix age:  172 ms
  VTG fix age:  171 ms
  XTE fix age:  159 ms
  Lat/Lon/Alt/Course: 53.425369 / 6.720293 / 4.4 m / 138.9 deg
--- Virtual Terminal ---
  Connected:    Y
  State:        21/22  Connected
  VT version:  4
  VT status msgs: 1491   last 260 ms ago
  Partner: addr=0x26 valid=Y  reconnect attempts=0
--- Task Controller ---
  Connected:    Y
  TC-GEO (with/without pos): Y/Y
  Task active:  Y
  DRP deviation (DDI 513): 0 mm, last 1509597 ms ago
  GNSS quality (DDI 514):  0, last 1509597 ms ago
  Value commands (any DDI): 7  last DDI=515 (1353542 ms ago)
  Value requests (any DDI): 33751153
  Partner: addr=0xF7 valid=Y  reconnect attempts=0
  Tramline setpoint (DDI 506): 1  -> terminal DOES implement Tramline Control (1461548 ms ago)
  Guidance track (DDI 507-511): (none yet)
=== ISOBUS DEBUG MENU ===
1. Full status dump
2. Periodic summary line (OFF - press to toggle)
3. Reset message counters
4. Dump DDOP as hex (open in AgIsoDDOPGenerator)
5. Dump VT object pool as hex
q. Exit

# 12:19:08.869
=== ISOBUS STATUS ===
Address claim: CLAIMED  address=0x81
Bus load (ch0): 22.0 %
--- Message counters ---
  PGN 129025 Position NMEA2000: 0
  PGN 129026 Speed NMEA2000:    0
  PGN 129283 XTE NMEA2000:      0
  PGN 65267  Position legacy:   7387
  PGN 65256  Speed legacy:      7387   last SA=0x1C raw=0x2
  PGN 65535  XTE JD legacy:     159031   last SA=0xF0 word=0x0 byte1=0x0
             full payload:     0000000000000000  (18 ms ago)
  PGN 60160  XTE Trimble legacy:101   last SA=0x1C
  PGN 64770  AISO stop:         1490   last 1510616 ms ago
  TOTAL:                        175396
--- Guidance telemetry ---
  XTE:          -0.01 m
  Speed:        0.00 m/s (0.01 kn)
  Quality:      4   RTK quality=4  IsRtkQuality=Y
  GGA fix age:  191 ms
  VTG fix age:  190 ms
  XTE fix age:  178 ms
  Lat/Lon/Alt/Course: 53.425369 / 6.720293 / 4.4 m / 138.9 deg
--- Virtual Terminal ---
  Connected:    Y
  State:        21/22  Connected
  VT version:  4
  VT status msgs: 1492   last 279 ms ago
  Partner: addr=0x26 valid=Y  reconnect attempts=0
--- Task Controller ---
  Connected:    Y
  TC-GEO (with/without pos): Y/Y
  Task active:  Y
  DRP deviation (DDI 513): 0 mm, last 1510616 ms ago
  GNSS quality (DDI 514):  0, last 1510616 ms ago
  Value commands (any DDI): 7  last DDI=515 (1354561 ms ago)
  Value requests (any DDI): 33774575
  Partner: addr=0xF7 valid=Y  reconnect attempts=0
  Tramline setpoint (DDI 506): 1  -> terminal DOES implement Tramline Control (1462567 ms ago)
  Guidance track (DDI 507-511): (none yet)
=== ISOBUS DEBUG MENU ===
1. Full status dump
2. Periodic summary line (OFF - press to toggle)
3. Reset message counters
4. Dump DDOP as hex (open in AgIsoDDOPGenerator)
5. Dump VT object pool as hex
q. Exit

# 12:19:09.893
=== ISOBUS STATUS ===
Address claim: CLAIMED  address=0x81
Bus load (ch0): 21.2 %
--- Message counters ---
  PGN 129025 Position NMEA2000: 0
  PGN 129026 Speed NMEA2000:    0
  PGN 129283 XTE NMEA2000:      0
  PGN 65267  Position legacy:   7393
  PGN 65256  Speed legacy:      7393   last SA=0x1C raw=0x1
  PGN 65535  XTE JD legacy:     159148   last SA=0x2A word=0x7CFF byte1=0x15
             full payload:     771510FF7C2E85FF  (12 ms ago)
  PGN 60160  XTE Trimble legacy:101   last SA=0x1C
  PGN 64770  AISO stop:         1491   last 1511650 ms ago
  TOTAL:                        175526
--- Guidance telemetry ---
  XTE:          -0.01 m
  Speed:        0.00 m/s (0.00 kn)
  Quality:      4   RTK quality=4  IsRtkQuality=Y
  GGA fix age:  25 ms
  VTG fix age:  24 ms
  XTE fix age:  12 ms
  Lat/Lon/Alt/Course: 53.425369 / 6.720293 / 4.4 m / 138.9 deg
--- Virtual Terminal ---
  Connected:    Y
  State:        21/22  Connected
  VT version:  4
  VT status msgs: 1493   last 316 ms ago
  Partner: addr=0x26 valid=Y  reconnect attempts=0
--- Task Controller ---
  Connected:    Y
  TC-GEO (with/without pos): Y/Y
  Task active:  Y
  DRP deviation (DDI 513): 0 mm, last 1511650 ms ago
  GNSS quality (DDI 514):  0, last 1511650 ms ago
  Value commands (any DDI): 7  last DDI=515 (1355595 ms ago)
  Value requests (any DDI): 33798333
  Partner: addr=0xF7 valid=Y  reconnect attempts=0
  Tramline setpoint (DDI 506): 1  -> terminal DOES implement Tramline Control (1463601 ms ago)
  Guidance track (DDI 507-511): (none yet)
=== ISOBUS DEBUG MENU ===
1. Full status dump
2. Periodic summary line (OFF - press to toggle)
3. Reset message counters
4. Dump DDOP as hex (open in AgIsoDDOPGenerator)
5. Dump VT object pool as hex
q. Exit

# 12:19:10.929
=== ISOBUS STATUS ===
Address claim: CLAIMED  address=0x81
Bus load (ch0): 21.9 %
--- Message counters ---
  PGN 129025 Position NMEA2000: 0
  PGN 129026 Speed NMEA2000:    0
  PGN 129283 XTE NMEA2000:      0
  PGN 65267  Position legacy:   7398
  PGN 65256  Speed legacy:      7398   last SA=0x1C raw=0x1
  PGN 65535  XTE JD legacy:     159258   last SA=0xF0 word=0x0 byte1=0x0
             full payload:     0000000000000000  (3 ms ago)
  PGN 60160  XTE Trimble legacy:101   last SA=0x1C
  PGN 64770  AISO stop:         1492   last 1512679 ms ago
  TOTAL:                        175647
--- Guidance telemetry ---
  XTE:          -0.01 m
  Speed:        0.00 m/s (0.00 kn)
  Quality:      4   RTK quality=4  IsRtkQuality=Y
  GGA fix age:  54 ms
  VTG fix age:  53 ms
  XTE fix age:  41 ms
  Lat/Lon/Alt/Course: 53.425369 / 6.720293 / 4.4 m / 138.9 deg
--- Virtual Terminal ---
  Connected:    Y
  State:        21/22  Connected
  VT version:  4
  VT status msgs: 1494   last 342 ms ago
  Partner: addr=0x26 valid=Y  reconnect attempts=0
--- Task Controller ---
  Connected:    Y
  TC-GEO (with/without pos): Y/Y
  Task active:  Y
  DRP deviation (DDI 513): 0 mm, last 1512679 ms ago
  GNSS quality (DDI 514):  0, last 1512679 ms ago
  Value commands (any DDI): 7  last DDI=515 (1356624 ms ago)
  Value requests (any DDI): 33821993
  Partner: addr=0xF7 valid=Y  reconnect attempts=0
  Tramline setpoint (DDI 506): 1  -> terminal DOES implement Tramline Control (1464630 ms ago)
  Guidance track (DDI 507-511): (none yet)
=== ISOBUS DEBUG MENU ===
1. Full status dump
2. Periodic summary line (OFF - press to toggle)
3. Reset message counters
4. Dump DDOP as hex (open in AgIsoDDOPGenerator)
5. Dump VT object pool as hex
q. Exit

# 12:19:11.942
=== ISOBUS STATUS ===
Address claim: CLAIMED  address=0x81
Bus load (ch0): 21.5 %
--- Message counters ---
  PGN 129025 Position NMEA2000: 0
  PGN 129026 Speed NMEA2000:    0
  PGN 129283 XTE NMEA2000:      0
  PGN 65267  Position legacy:   7403
  PGN 65256  Speed legacy:      7403   last SA=0x1C raw=0x2
  PGN 65535  XTE JD legacy:     159369   last SA=0xF0 word=0x0 byte1=0x0
             full payload:     0000000000000000  (0 ms ago)
  PGN 60160  XTE Trimble legacy:101   last SA=0x1C
  PGN 64770  AISO stop:         1493   last 1513709 ms ago
  TOTAL:                        175769
--- Guidance telemetry ---
  XTE:          -0.01 m
  Speed:        0.00 m/s (0.01 kn)
  Quality:      4   RTK quality=4  IsRtkQuality=Y
  GGA fix age:  84 ms
  VTG fix age:  83 ms
  XTE fix age:  67 ms
  Lat/Lon/Alt/Course: 53.425369 / 6.720293 / 4.4 m / 138.9 deg
--- Virtual Terminal ---
  Connected:    Y
  State:        21/22  Connected
  VT version:  4
  VT status msgs: 1495   last 375 ms ago
  Partner: addr=0x26 valid=Y  reconnect attempts=0
--- Task Controller ---
  Connected:    Y
  TC-GEO (with/without pos): Y/Y
  Task active:  Y
  DRP deviation (DDI 513): 0 mm, last 1513709 ms ago
  GNSS quality (DDI 514):  0, last 1513709 ms ago
  Value commands (any DDI): 7  last DDI=515 (1357654 ms ago)
  Value requests (any DDI): 33845667
  Partner: addr=0xF7 valid=Y  reconnect attempts=0
  Tramline setpoint (DDI 506): 1  -> terminal DOES implement Tramline Control (1465660 ms ago)
  Guidance track (DDI 507-511): (none yet)
=== ISOBUS DEBUG MENU ===
1. Full status dump
2. Periodic summary line (OFF - press to toggle)
3. Reset message counters
4. Dump DDOP as hex (open in AgIsoDDOPGenerator)
5. Dump VT object pool as hex
q. Exit

# 12:19:12.953
=== ISOBUS STATUS ===
Address claim: CLAIMED  address=0x81
Bus load (ch0): 21.7 %
--- Message counters ---
  PGN 129025 Position NMEA2000: 0
  PGN 129026 Speed NMEA2000:    0
  PGN 129283 XTE NMEA2000:      0
  PGN 65267  Position legacy:   7408
  PGN 65256  Speed legacy:      7408   last SA=0x1C raw=0x0
  PGN 65535  XTE JD legacy:     159474   last SA=0xF0 word=0x0 byte1=0x0
             full payload:     0000000000000000  (6 ms ago)
  PGN 60160  XTE Trimble legacy:101   last SA=0x1C
  PGN 64770  AISO stop:         1494   last 1514722 ms ago
  TOTAL:                        175885
--- Guidance telemetry ---
  XTE:          -0.01 m
  Speed:        0.00 m/s (0.00 kn)
  Quality:      4   RTK quality=4  IsRtkQuality=Y
  GGA fix age:  97 ms
  VTG fix age:  96 ms
  XTE fix age:  80 ms
  Lat/Lon/Alt/Course: 53.425369 / 6.720293 / 4.4 m / 138.9 deg
--- Virtual Terminal ---
  Connected:    Y
  State:        21/22  Connected
  VT version:  4
  VT status msgs: 1496   last 385 ms ago
  Partner: addr=0x26 valid=Y  reconnect attempts=0
--- Task Controller ---
  Connected:    Y
  TC-GEO (with/without pos): Y/Y
  Task active:  Y
  DRP deviation (DDI 513): 0 mm, last 1514722 ms ago
  GNSS quality (DDI 514):  0, last 1514722 ms ago
  Value commands (any DDI): 7  last DDI=515 (1358667 ms ago)
  Value requests (any DDI): 33868934
  Partner: addr=0xF7 valid=Y  reconnect attempts=0
  Tramline setpoint (DDI 506): 1  -> terminal DOES implement Tramline Control (1466673 ms ago)
  Guidance track (DDI 507-511): (none yet)
=== ISOBUS DEBUG MENU ===
1. Full status dump
2. Periodic summary line (OFF - press to toggle)
3. Reset message counters
4. Dump DDOP as hex (open in AgIsoDDOPGenerator)
5. Dump VT object pool as hex
q. Exit

# 12:19:13.962
=== ISOBUS STATUS ===
Address claim: CLAIMED  address=0x81
Bus load (ch0): 21.8 %
--- Message counters ---
  PGN 129025 Position NMEA2000: 0
  PGN 129026 Speed NMEA2000:    0
  PGN 129283 XTE NMEA2000:      0
  PGN 65267  Position legacy:   7413
  PGN 65256  Speed legacy:      7413   last SA=0x1C raw=0x1
  PGN 65535  XTE JD legacy:     159582   last SA=0xF0 word=0x0 byte1=0x0
             full payload:     0000000000000000  (7 ms ago)
  PGN 60160  XTE Trimble legacy:101   last SA=0x1C
  PGN 64770  AISO stop:         1495   last 1515733 ms ago
  TOTAL:                        176004
--- Guidance telemetry ---
  XTE:          -0.01 m
  Speed:        0.00 m/s (0.00 kn)
  Quality:      4   RTK quality=4  IsRtkQuality=Y
  GGA fix age:  108 ms
  VTG fix age:  107 ms
  XTE fix age:  95 ms
  Lat/Lon/Alt/Course: 53.425369 / 6.720293 / 4.4 m / 138.9 deg
--- Virtual Terminal ---
  Connected:    Y
  State:        21/22  Connected
  VT version:  4
  VT status msgs: 1497   last 399 ms ago
  Partner: addr=0x26 valid=Y  reconnect attempts=0
--- Task Controller ---
  Connected:    Y
  TC-GEO (with/without pos): Y/Y
  Task active:  Y
  DRP deviation (DDI 513): 0 mm, last 1515733 ms ago
  GNSS quality (DDI 514):  0, last 1515733 ms ago
  Value commands (any DDI): 7  last DDI=515 (1359678 ms ago)
  Value requests (any DDI): 33892174
  Partner: addr=0xF7 valid=Y  reconnect attempts=0
  Tramline setpoint (DDI 506): 1  -> terminal DOES implement Tramline Control (1467684 ms ago)
  Guidance track (DDI 507-511): (none yet)
=== ISOBUS DEBUG MENU ===
1. Full status dump
2. Periodic summary line (OFF - press to toggle)
3. Reset message counters
4. Dump DDOP as hex (open in AgIsoDDOPGenerator)
5. Dump VT object pool as hex
q. Exit

# 12:19:14.995
=== ISOBUS STATUS ===
Address claim: CLAIMED  address=0x81
Bus load (ch0): 21.7 %
--- Message counters ---
  PGN 129025 Position NMEA2000: 0
  PGN 129026 Speed NMEA2000:    0
  PGN 129283 XTE NMEA2000:      0
  PGN 65267  Position legacy:   7418
  PGN 65256  Speed legacy:      7418   last SA=0x1C raw=0x8
  PGN 65535  XTE JD legacy:     159690   last SA=0xF0 word=0x0 byte1=0x0
             full payload:     0000000000000000  (6 ms ago)
  PGN 60160  XTE Trimble legacy:101   last SA=0x1C
  PGN 64770  AISO stop:         1496   last 1516742 ms ago
  TOTAL:                        176123
--- Guidance telemetry ---
  XTE:          -0.01 m
  Speed:        0.02 m/s (0.03 kn)
  Quality:      4   RTK quality=4  IsRtkQuality=Y
  GGA fix age:  117 ms
  VTG fix age:  116 ms
  XTE fix age:  100 ms
  Lat/Lon/Alt/Course: 53.425369 / 6.720293 / 4.4 m / 138.9 deg
--- Virtual Terminal ---
  Connected:    Y
  State:        21/22  Connected
  VT version:  4
  VT status msgs: 1498   last 405 ms ago
  Partner: addr=0x26 valid=Y  reconnect attempts=0
--- Task Controller ---
  Connected:    Y
  TC-GEO (with/without pos): Y/Y
  Task active:  Y
  DRP deviation (DDI 513): 0 mm, last 1516742 ms ago
  GNSS quality (DDI 514):  0, last 1516742 ms ago
  Value commands (any DDI): 7  last DDI=515 (1360687 ms ago)
  Value requests (any DDI): 33915364
  Partner: addr=0xF7 valid=Y  reconnect attempts=0
  Tramline setpoint (DDI 506): 1  -> terminal DOES implement Tramline Control (1468693 ms ago)
  Guidance track (DDI 507-511): (none yet)
=== ISOBUS DEBUG MENU ===
1. Full status dump
2. Periodic summary line (OFF - press to toggle)
3. Reset message counters
4. Dump DDOP as hex (open in AgIsoDDOPGenerator)
5. Dump VT object pool as hex
q. Exit

# 12:19:16.028
=== ISOBUS STATUS ===
Address claim: CLAIMED  address=0x81
Bus load (ch0): 21.5 %
--- Message counters ---
  PGN 129025 Position NMEA2000: 0
  PGN 129026 Speed NMEA2000:    0
  PGN 129283 XTE NMEA2000:      0
  PGN 65267  Position legacy:   7423
  PGN 65256  Speed legacy:      7423   last SA=0x1C raw=0x1
  PGN 65535  XTE JD legacy:     159801   last SA=0xF0 word=0x0 byte1=0x0
             full payload:     0000000000000000  (14 ms ago)
  PGN 60160  XTE Trimble legacy:101   last SA=0x1C
  PGN 64770  AISO stop:         1497   last 1517773 ms ago
  TOTAL:                        176245
--- Guidance telemetry ---
  XTE:          -0.01 m
  Speed:        0.00 m/s (0.00 kn)
  Quality:      4   RTK quality=4  IsRtkQuality=Y
  GGA fix age:  148 ms
  VTG fix age:  147 ms
  XTE fix age:  135 ms
  Lat/Lon/Alt/Course: 53.425369 / 6.720293 / 4.4 m / 138.9 deg
--- Virtual Terminal ---
  Connected:    Y
  State:        21/22  Connected
  VT version:  4
  VT status msgs: 1499   last 439 ms ago
  Partner: addr=0x26 valid=Y  reconnect attempts=0
--- Task Controller ---
  Connected:    Y
  TC-GEO (with/without pos): Y/Y
  Task active:  Y
  DRP deviation (DDI 513): 0 mm, last 1517773 ms ago
  GNSS quality (DDI 514):  0, last 1517773 ms ago
  Value commands (any DDI): 7  last DDI=515 (1361718 ms ago)
  Value requests (any DDI): 33939077
  Partner: addr=0xF7 valid=Y  reconnect attempts=0
  Tramline setpoint (DDI 506): 1  -> terminal DOES implement Tramline Control (1469724 ms ago)
  Guidance track (DDI 507-511): (none yet)
=== ISOBUS DEBUG MENU ===
1. Full status dump
2. Periodic summary line (OFF - press to toggle)
3. Reset message counters
4. Dump DDOP as hex (open in AgIsoDDOPGenerator)
5. Dump VT object pool as hex
q. Exit

# 12:19:17.045
=== ISOBUS STATUS ===
Address claim: CLAIMED  address=0x81
Bus load (ch0): 21.4 %
--- Message counters ---
  PGN 129025 Position NMEA2000: 0
  PGN 129026 Speed NMEA2000:    0
  PGN 129283 XTE NMEA2000:      0
  PGN 65267  Position legacy:   7428
  PGN 65256  Speed legacy:      7428   last SA=0x1C raw=0x1
  PGN 65535  XTE JD legacy:     159915   last SA=0xF0 word=0x0 byte1=0x0
             full payload:     0000000000000000  (0 ms ago)
  PGN 60160  XTE Trimble legacy:101   last SA=0x1C
  PGN 64770  AISO stop:         1498   last 1518810 ms ago
  TOTAL:                        176370
--- Guidance telemetry ---
  XTE:          -0.01 m
  Speed:        0.00 m/s (0.00 kn)
  Quality:      4   RTK quality=4  IsRtkQuality=Y
  GGA fix age:  185 ms
  VTG fix age:  184 ms
  XTE fix age:  172 ms
  Lat/Lon/Alt/Course: 53.425369 / 6.720293 / 4.4 m / 138.9 deg
--- Virtual Terminal ---
  Connected:    Y
  State:        21/22  Connected
  VT version:  4
  VT status msgs: 1500   last 472 ms ago
  Partner: addr=0x26 valid=Y  reconnect attempts=0
--- Task Controller ---
  Connected:    Y
  TC-GEO (with/without pos): Y/Y
  Task active:  Y
  DRP deviation (DDI 513): 0 mm, last 1518810 ms ago
  GNSS quality (DDI 514):  0, last 1518810 ms ago
  Value commands (any DDI): 7  last DDI=515 (1362755 ms ago)
  Value requests (any DDI): 33962902
  Partner: addr=0xF7 valid=Y  reconnect attempts=0
  Tramline setpoint (DDI 506): 1  -> terminal DOES implement Tramline Control (1470761 ms ago)
  Guidance track (DDI 507-511): (none yet)
=== ISOBUS DEBUG MENU ===
1. Full status dump
2. Periodic summary line (OFF - press to toggle)
3. Reset message counters
4. Dump DDOP as hex (open in AgIsoDDOPGenerator)
5. Dump VT object pool as hex
q. Exit

# 12:19:18.070
=== ISOBUS STATUS ===
Address claim: CLAIMED  address=0x81
Bus load (ch0): 21.4 %
--- Message counters ---
  PGN 129025 Position NMEA2000: 0
  PGN 129026 Speed NMEA2000:    0
  PGN 129283 XTE NMEA2000:      0
  PGN 65267  Position legacy:   7433
  PGN 65256  Speed legacy:      7433   last SA=0x1C raw=0x1
  PGN 65535  XTE JD legacy:     160019   last SA=0xF0 word=0x0 byte1=0x0
             full payload:     0000000000000000  (7 ms ago)
  PGN 60160  XTE Trimble legacy:101   last SA=0x1C
  PGN 64770  AISO stop:         1499   last 1519824 ms ago
  TOTAL:                        176485
--- Guidance telemetry ---
  XTE:          -0.01 m
  Speed:        0.00 m/s (0.00 kn)
  Quality:      4   RTK quality=4  IsRtkQuality=Y
  GGA fix age:  199 ms
  VTG fix age:  198 ms
  XTE fix age:  186 ms
  Lat/Lon/Alt/Course: 53.425369 / 6.720293 / 4.4 m / 138.9 deg
--- Virtual Terminal ---
  Connected:    Y
  State:        21/22  Connected
  VT version:  4
  VT status msgs: 1501   last 490 ms ago
  Partner: addr=0x26 valid=Y  reconnect attempts=0
--- Task Controller ---
  Connected:    Y
  TC-GEO (with/without pos): Y/Y
  Task active:  Y
  DRP deviation (DDI 513): 0 mm, last 1519824 ms ago
  GNSS quality (DDI 514):  0, last 1519824 ms ago
  Value commands (any DDI): 7  last DDI=515 (1363769 ms ago)
  Value requests (any DDI): 33986202
  Partner: addr=0xF7 valid=Y  reconnect attempts=0
  Tramline setpoint (DDI 506): 1  -> terminal DOES implement Tramline Control (1471775 ms ago)
  Guidance track (DDI 507-511): (none yet)
=== ISOBUS DEBUG MENU ===
1. Full status dump
2. Periodic summary line (OFF - press to toggle)
3. Reset message counters
4. Dump DDOP as hex (open in AgIsoDDOPGenerator)
5. Dump VT object pool as hex
q. Exit

# 12:19:19.131
=== ISOBUS STATUS ===
Address claim: CLAIMED  address=0x81
Bus load (ch0): 21.8 %
--- Message counters ---
  PGN 129025 Position NMEA2000: 0
  PGN 129026 Speed NMEA2000:    0
  PGN 129283 XTE NMEA2000:      0
  PGN 65267  Position legacy:   7439
  PGN 65256  Speed legacy:      7439   last SA=0x1C raw=0x2
  PGN 65535  XTE JD legacy:     160136   last SA=0xF0 word=0x0 byte1=0x0
             full payload:     0000000000000000  (0 ms ago)
  PGN 60160  XTE Trimble legacy:103   last SA=0x1C
  PGN 64770  AISO stop:         1500   last 1520848 ms ago
  TOTAL:                        176617
--- Guidance telemetry ---
  XTE:          -0.01 m
  Speed:        0.00 m/s (0.01 kn)
  Quality:      4   RTK quality=4  IsRtkQuality=Y
  GGA fix age:  23 ms
  VTG fix age:  22 ms
  XTE fix age:  10 ms
  Lat/Lon/Alt/Course: 53.425369 / 6.720293 / 4.4 m / 138.9 deg
--- Virtual Terminal ---
  Connected:    Y
  State:        21/22  Connected
  VT version:  4
  VT status msgs: 1502   last 511 ms ago
  Partner: addr=0x26 valid=Y  reconnect attempts=0
--- Task Controller ---
  Connected:    Y
  TC-GEO (with/without pos): Y/Y
  Task active:  Y
  DRP deviation (DDI 513): 0 mm, last 1520848 ms ago
  GNSS quality (DDI 514):  0, last 1520848 ms ago
  Value commands (any DDI): 7  last DDI=515 (1364793 ms ago)
  Value requests (any DDI): 34009656
  Partner: addr=0xF7 valid=Y  reconnect attempts=0
  Tramline setpoint (DDI 506): 1  -> terminal DOES implement Tramline Control (1472799 ms ago)
  Guidance track (DDI 507-511): (none yet)
=== ISOBUS DEBUG MENU ===
1. Full status dump
2. Periodic summary line (OFF - press to toggle)
3. Reset message counters
4. Dump DDOP as hex (open in AgIsoDDOPGenerator)
5. Dump VT object pool as hex
q. Exit

# 12:19:20.200
=== ISOBUS STATUS ===
Address claim: CLAIMED  address=0x81
Bus load (ch0): 21.5 %
--- Message counters ---
  PGN 129025 Position NMEA2000: 0
  PGN 129026 Speed NMEA2000:    0
  PGN 129283 XTE NMEA2000:      0
  PGN 65267  Position legacy:   7444
  PGN 65256  Speed legacy:      7444   last SA=0x1C raw=0x1
  PGN 65535  XTE JD legacy:     160252   last SA=0xF0 word=0x0 byte1=0x0
             full payload:     0000000000000000  (12 ms ago)
  PGN 60160  XTE Trimble legacy:104   last SA=0x1C
  PGN 64770  AISO stop:         1501   last 1521910 ms ago
  TOTAL:                        176745
--- Guidance telemetry ---
  XTE:          -0.01 m
  Speed:        0.00 m/s (0.00 kn)
  Quality:      4   RTK quality=4  IsRtkQuality=Y
  GGA fix age:  85 ms
  VTG fix age:  84 ms
  XTE fix age:  72 ms
  Lat/Lon/Alt/Course: 53.425369 / 6.720293 / 4.4 m / 138.9 deg
--- Virtual Terminal ---
  Connected:    Y
  State:        21/22  Connected
  VT version:  4
  VT status msgs: 1503   last 575 ms ago
  Partner: addr=0x26 valid=Y  reconnect attempts=0
--- Task Controller ---
  Connected:    Y
  TC-GEO (with/without pos): Y/Y
  Task active:  Y
  DRP deviation (DDI 513): 0 mm, last 1521910 ms ago
  GNSS quality (DDI 514):  0, last 1521910 ms ago
  Value commands (any DDI): 7  last DDI=515 (1365855 ms ago)
  Value requests (any DDI): 34034050
  Partner: addr=0xF7 valid=Y  reconnect attempts=0
  Tramline setpoint (DDI 506): 1  -> terminal DOES implement Tramline Control (1473861 ms ago)
  Guidance track (DDI 507-511): (none yet)
=== ISOBUS DEBUG MENU ===
1. Full status dump
2. Periodic summary line (OFF - press to toggle)
3. Reset message counters
4. Dump DDOP as hex (open in AgIsoDDOPGenerator)
5. Dump VT object pool as hex
q. Exit

# 12:19:21.231
=== ISOBUS STATUS ===
Address claim: CLAIMED  address=0x81
Bus load (ch0): 21.4 %
--- Message counters ---
  PGN 129025 Position NMEA2000: 0
  PGN 129026 Speed NMEA2000:    0
  PGN 129283 XTE NMEA2000:      0
  PGN 65267  Position legacy:   7449
  PGN 65256  Speed legacy:      7449   last SA=0x1C raw=0x1
  PGN 65535  XTE JD legacy:     160365   last SA=0xF0 word=0x0 byte1=0x0
             full payload:     0000000000000000  (2 ms ago)
  PGN 60160  XTE Trimble legacy:104   last SA=0x1C
  PGN 64770  AISO stop:         1502   last 1522978 ms ago
  TOTAL:                        176869
--- Guidance telemetry ---
  XTE:          -0.01 m
  Speed:        0.00 m/s (0.00 kn)
  Quality:      4   RTK quality=4  IsRtkQuality=Y
  GGA fix age:  153 ms
  VTG fix age:  152 ms
  XTE fix age:  140 ms
  Lat/Lon/Alt/Course: 53.425369 / 6.720293 / 4.4 m / 138.9 deg
--- Virtual Terminal ---
  Connected:    Y
  State:        21/22  Connected
  VT version:  4
  VT status msgs: 1504   last 641 ms ago
  Partner: addr=0x26 valid=Y  reconnect attempts=0
--- Task Controller ---
  Connected:    Y
  TC-GEO (with/without pos): Y/Y
  Task active:  Y
  DRP deviation (DDI 513): 0 mm, last 1522978 ms ago
  GNSS quality (DDI 514):  0, last 1522978 ms ago
  Value commands (any DDI): 7  last DDI=515 (1366923 ms ago)
  Value requests (any DDI): 34058593
  Partner: addr=0xF7 valid=Y  reconnect attempts=0
  Tramline setpoint (DDI 506): 1  -> terminal DOES implement Tramline Control (1474929 ms ago)
  Guidance track (DDI 507-511): (none yet)
=== ISOBUS DEBUG MENU ===
1. Full status dump
2. Periodic summary line (OFF - press to toggle)
3. Reset message counters
4. Dump DDOP as hex (open in AgIsoDDOPGenerator)
5. Dump VT object pool as hex
q. Exit

# 12:19:22.299
=== ISOBUS STATUS ===
Address claim: CLAIMED  address=0x81
Bus load (ch0): 21.8 %
--- Message counters ---
  PGN 129025 Position NMEA2000: 0
  PGN 129026 Speed NMEA2000:    0
  PGN 129283 XTE NMEA2000:      0
  PGN 65267  Position legacy:   7454
  PGN 65256  Speed legacy:      7454   last SA=0x1C raw=0x2
  PGN 65535  XTE JD legacy:     160473   last SA=0xF0 word=0x0 byte1=0x0
             full payload:     0000000000000000  (15 ms ago)
  PGN 60160  XTE Trimble legacy:104   last SA=0x1C
  PGN 64770  AISO stop:         1503   last 1524013 ms ago
  TOTAL:                        176988
--- Guidance telemetry ---
  XTE:          -0.01 m
  Speed:        0.00 m/s (0.01 kn)
  Quality:      4   RTK quality=4  IsRtkQuality=Y
  GGA fix age:  188 ms
  VTG fix age:  187 ms
  XTE fix age:  171 ms
  Lat/Lon/Alt/Course: 53.425369 / 6.720293 / 4.4 m / 138.9 deg
--- Virtual Terminal ---
  Connected:    Y
  State:        21/22  Connected
  VT version:  4
  VT status msgs: 1505   last 678 ms ago
  Partner: addr=0x26 valid=Y  reconnect attempts=0
--- Task Controller ---
  Connected:    Y
  TC-GEO (with/without pos): Y/Y
  Task active:  Y
  DRP deviation (DDI 513): 0 mm, last 1524013 ms ago
  GNSS quality (DDI 514):  0, last 1524013 ms ago
  Value commands (any DDI): 7  last DDI=515 (1367958 ms ago)
  Value requests (any DDI): 34082394
  Partner: addr=0xF7 valid=Y  reconnect attempts=0
  Tramline setpoint (DDI 506): 1  -> terminal DOES implement Tramline Control (1475964 ms ago)
  Guidance track (DDI 507-511): (none yet)
=== ISOBUS DEBUG MENU ===
1. Full status dump
2. Periodic summary line (OFF - press to toggle)
3. Reset message counters
4. Dump DDOP as hex (open in AgIsoDDOPGenerator)
5. Dump VT object pool as hex
q. Exit

# 12:19:23.338
=== ISOBUS STATUS ===
Address claim: CLAIMED  address=0x81
Bus load (ch0): 21.4 %
--- Message counters ---
  PGN 129025 Position NMEA2000: 0
  PGN 129026 Speed NMEA2000:    0
  PGN 129283 XTE NMEA2000:      0
  PGN 65267  Position legacy:   7460
  PGN 65256  Speed legacy:      7460   last SA=0x1C raw=0x1
  PGN 65535  XTE JD legacy:     160593   last SA=0xF0 word=0x0 byte1=0x0
             full payload:     0000000000000000  (1 ms ago)
  PGN 60160  XTE Trimble legacy:104   last SA=0x1C
  PGN 64770  AISO stop:         1504   last 1525077 ms ago
  TOTAL:                        177121
--- Guidance telemetry ---
  XTE:          -0.01 m
  Speed:        0.00 m/s (0.00 kn)
  Quality:      4   RTK quality=4  IsRtkQuality=Y
  GGA fix age:  52 ms
  VTG fix age:  51 ms
  XTE fix age:  39 ms
  Lat/Lon/Alt/Course: 53.425369 / 6.720293 / 4.4 m / 138.9 deg
--- Virtual Terminal ---
  Connected:    Y
  State:        21/22  Connected
  VT version:  4
  VT status msgs: 1506   last 739 ms ago
  Partner: addr=0x26 valid=Y  reconnect attempts=0
--- Task Controller ---
  Connected:    Y
  TC-GEO (with/without pos): Y/Y
  Task active:  Y
  DRP deviation (DDI 513): 0 mm, last 1525077 ms ago
  GNSS quality (DDI 514):  0, last 1525077 ms ago
  Value commands (any DDI): 7  last DDI=515 (1369022 ms ago)
  Value requests (any DDI): 34106830
  Partner: addr=0xF7 valid=Y  reconnect attempts=0
  Tramline setpoint (DDI 506): 1  -> terminal DOES implement Tramline Control (1477028 ms ago)
  Guidance track (DDI 507-511): (none yet)
=== ISOBUS DEBUG MENU ===
1. Full status dump
2. Periodic summary line (OFF - press to toggle)
3. Reset message counters
4. Dump DDOP as hex (open in AgIsoDDOPGenerator)
5. Dump VT object pool as hex
q. Exit

# 12:19:24.369
=== ISOBUS STATUS ===
Address claim: CLAIMED  address=0x81
Bus load (ch0): 21.5 %
--- Message counters ---
  PGN 129025 Position NMEA2000: 0
  PGN 129026 Speed NMEA2000:    0
  PGN 129283 XTE NMEA2000:      0
  PGN 65267  Position legacy:   7465
  PGN 65256  Speed legacy:      7465   last SA=0x1C raw=0x0
  PGN 65535  XTE JD legacy:     160703   last SA=0xF0 word=0x0 byte1=0x0
             full payload:     0000000000000000  (0 ms ago)
  PGN 60160  XTE Trimble legacy:104   last SA=0x1C
  PGN 64770  AISO stop:         1505   last 1526117 ms ago
  TOTAL:                        177242
--- Guidance telemetry ---
  XTE:          -0.01 m
  Speed:        0.00 m/s (0.00 kn)
  Quality:      4   RTK quality=4  IsRtkQuality=Y
  GGA fix age:  92 ms
  VTG fix age:  91 ms
  XTE fix age:  79 ms
  Lat/Lon/Alt/Course: 53.425369 / 6.720293 / 4.4 m / 138.9 deg
--- Virtual Terminal ---
  Connected:    Y
  State:        21/22  Connected
  VT version:  4
  VT status msgs: 1507   last 782 ms ago
  Partner: addr=0x26 valid=Y  reconnect attempts=0
--- Task Controller ---
  Connected:    Y
  TC-GEO (with/without pos): Y/Y
  Task active:  Y
  DRP deviation (DDI 513): 0 mm, last 1526117 ms ago
  GNSS quality (DDI 514):  0, last 1526117 ms ago
  Value commands (any DDI): 7  last DDI=515 (1370062 ms ago)
  Value requests (any DDI): 34130768
  Partner: addr=0xF7 valid=Y  reconnect attempts=0
  Tramline setpoint (DDI 506): 1  -> terminal DOES implement Tramline Control (1478068 ms ago)
  Guidance track (DDI 507-511): (none yet)
=== ISOBUS DEBUG MENU ===
1. Full status dump
2. Periodic summary line (OFF - press to toggle)
3. Reset message counters
4. Dump DDOP as hex (open in AgIsoDDOPGenerator)
5. Dump VT object pool as hex
q. Exit

# 12:19:25.394
=== ISOBUS STATUS ===
Address claim: CLAIMED  address=0x81
Bus load (ch0): 21.3 %
--- Message counters ---
  PGN 129025 Position NMEA2000: 0
  PGN 129026 Speed NMEA2000:    0
  PGN 129283 XTE NMEA2000:      0
  PGN 65267  Position legacy:   7470
  PGN 65256  Speed legacy:      7470   last SA=0x1C raw=0x1
  PGN 65535  XTE JD legacy:     160811   last SA=0xF0 word=0x0 byte1=0x0
             full payload:     0000000000000000  (10 ms ago)
  PGN 60160  XTE Trimble legacy:104   last SA=0x1C
  PGN 64770  AISO stop:         1506   last 1527147 ms ago
  TOTAL:                        177361
--- Guidance telemetry ---
  XTE:          -0.01 m
  Speed:        0.00 m/s (0.00 kn)
  Quality:      4   RTK quality=4  IsRtkQuality=Y
  GGA fix age:  122 ms
  VTG fix age:  121 ms
  XTE fix age:  109 ms
  Lat/Lon/Alt/Course: 53.425369 / 6.720293 / 4.4 m / 138.9 deg
--- Virtual Terminal ---
  Connected:    Y
  State:        21/22  Connected
  VT version:  4
  VT status msgs: 1508   last 809 ms ago
  Partner: addr=0x26 valid=Y  reconnect attempts=0
--- Task Controller ---
  Connected:    Y
  TC-GEO (with/without pos): Y/Y
  Task active:  Y
  DRP deviation (DDI 513): 0 mm, last 1527147 ms ago
  GNSS quality (DDI 514):  0, last 1527147 ms ago
  Value commands (any DDI): 7  last DDI=515 (1371092 ms ago)
  Value requests (any DDI): 34154457
  Partner: addr=0xF7 valid=Y  reconnect attempts=0
  Tramline setpoint (DDI 506): 1  -> terminal DOES implement Tramline Control (1479098 ms ago)
  Guidance track (DDI 507-511): (none yet)
=== ISOBUS DEBUG MENU ===
1. Full status dump
2. Periodic summary line (OFF - press to toggle)
3. Reset message counters
4. Dump DDOP as hex (open in AgIsoDDOPGenerator)
5. Dump VT object pool as hex
q. Exit

# 12:19:26.427
=== ISOBUS STATUS ===
Address claim: CLAIMED  address=0x81
Bus load (ch0): 22.0 %
--- Message counters ---
  PGN 129025 Position NMEA2000: 0
  PGN 129026 Speed NMEA2000:    0
  PGN 129283 XTE NMEA2000:      0
  PGN 65267  Position legacy:   7475
  PGN 65256  Speed legacy:      7475   last SA=0x1C raw=0x1
  PGN 65535  XTE JD legacy:     160920   last SA=0xF0 word=0x0 byte1=0x0
             full payload:     0000000000000000  (21 ms ago)
  PGN 60160  XTE Trimble legacy:104   last SA=0x1C
  PGN 64770  AISO stop:         1507   last 1528176 ms ago
  TOTAL:                        177481
--- Guidance telemetry ---
  XTE:          -0.01 m
  Speed:        0.00 m/s (0.00 kn)
  Quality:      4   RTK quality=4  IsRtkQuality=Y
  GGA fix age:  151 ms
  VTG fix age:  150 ms
  XTE fix age:  138 ms
  Lat/Lon/Alt/Course: 53.425369 / 6.720293 / 4.4 m / 138.9 deg
--- Virtual Terminal ---
  Connected:    Y
  State:        21/22  Connected
  VT version:  4
  VT status msgs: 1509   last 842 ms ago
  Partner: addr=0x26 valid=Y  reconnect attempts=0
--- Task Controller ---
  Connected:    Y
  TC-GEO (with/without pos): Y/Y
  Task active:  Y
  DRP deviation (DDI 513): 0 mm, last 1528176 ms ago
  GNSS quality (DDI 514):  0, last 1528176 ms ago
  Value commands (any DDI): 7  last DDI=515 (1372121 ms ago)
  Value requests (any DDI): 34178112
  Partner: addr=0xF7 valid=Y  reconnect attempts=0
  Tramline setpoint (DDI 506): 1  -> terminal DOES implement Tramline Control (1480127 ms ago)
  Guidance track (DDI 507-511): (none yet)
=== ISOBUS DEBUG MENU ===
1. Full status dump
2. Periodic summary line (OFF - press to toggle)
3. Reset message counters
4. Dump DDOP as hex (open in AgIsoDDOPGenerator)
5. Dump VT object pool as hex
q. Exit

# 12:19:27.465
=== ISOBUS STATUS ===
Address claim: CLAIMED  address=0x81
Bus load (ch0): 21.5 %
--- Message counters ---
  PGN 129025 Position NMEA2000: 0
  PGN 129026 Speed NMEA2000:    0
  PGN 129283 XTE NMEA2000:      0
  PGN 65267  Position legacy:   7480
  PGN 65256  Speed legacy:      7480   last SA=0x1C raw=0x2
  PGN 65535  XTE JD legacy:     161029   last SA=0xF0 word=0x0 byte1=0x0
             full payload:     0000000000000000  (13 ms ago)
  PGN 60160  XTE Trimble legacy:104   last SA=0x1C
  PGN 64770  AISO stop:         1508   last 1529211 ms ago
  TOTAL:                        177601
--- Guidance telemetry ---
  XTE:          -0.01 m
  Speed:        0.00 m/s (0.01 kn)
  Quality:      4   RTK quality=4  IsRtkQuality=Y
  GGA fix age:  186 ms
  VTG fix age:  185 ms
  XTE fix age:  173 ms
  Lat/Lon/Alt/Course: 53.425369 / 6.720293 / 4.4 m / 138.9 deg
--- Virtual Terminal ---
  Connected:    Y
  State:        21/22  Connected
  VT version:  4
  VT status msgs: 1510   last 873 ms ago
  Partner: addr=0x26 valid=Y  reconnect attempts=0
--- Task Controller ---
  Connected:    Y
  TC-GEO (with/without pos): Y/Y
  Task active:  Y
  DRP deviation (DDI 513): 0 mm, last 1529211 ms ago
  GNSS quality (DDI 514):  0, last 1529211 ms ago
  Value commands (any DDI): 7  last DDI=515 (1373156 ms ago)
  Value requests (any DDI): 34201909
  Partner: addr=0xF7 valid=Y  reconnect attempts=0
  Tramline setpoint (DDI 506): 1  -> terminal DOES implement Tramline Control (1481162 ms ago)
  Guidance track (DDI 507-511): (none yet)
=== ISOBUS DEBUG MENU ===
1. Full status dump
2. Periodic summary line (OFF - press to toggle)
3. Reset message counters
4. Dump DDOP as hex (open in AgIsoDDOPGenerator)
5. Dump VT object pool as hex
q. Exit

# 12:19:28.523
=== ISOBUS STATUS ===
Address claim: CLAIMED  address=0x81
Bus load (ch0): 22.0 %
--- Message counters ---
  PGN 129025 Position NMEA2000: 0
  PGN 129026 Speed NMEA2000:    0
  PGN 129283 XTE NMEA2000:      0
  PGN 65267  Position legacy:   7486
  PGN 65256  Speed legacy:      7486   last SA=0x1C raw=0x0
  PGN 65535  XTE JD legacy:     161147   last SA=0xF0 word=0x0 byte1=0x0
             full payload:     0000000000000000  (7 ms ago)
  PGN 60160  XTE Trimble legacy:104   last SA=0x1C
  PGN 64770  AISO stop:         1509   last 1530262 ms ago
  TOTAL:                        177732
--- Guidance telemetry ---
  XTE:          -0.01 m
  Speed:        0.00 m/s (0.00 kn)
  Quality:      4   RTK quality=4  IsRtkQuality=Y
  GGA fix age:  37 ms
  VTG fix age:  36 ms
  XTE fix age:  23 ms
  Lat/Lon/Alt/Course: 53.425369 / 6.720293 / 4.4 m / 138.9 deg
--- Virtual Terminal ---
  Connected:    Y
  State:        21/22  Connected
  VT version:  4
  VT status msgs: 1511   last 928 ms ago
  Partner: addr=0x26 valid=Y  reconnect attempts=0
--- Task Controller ---
  Connected:    Y
  TC-GEO (with/without pos): Y/Y
  Task active:  Y
  DRP deviation (DDI 513): 0 mm, last 1530262 ms ago
  GNSS quality (DDI 514):  0, last 1530262 ms ago
  Value commands (any DDI): 7  last DDI=515 (1374207 ms ago)
  Value requests (any DDI): 34226095
  Partner: addr=0xF7 valid=Y  reconnect attempts=0
  Tramline setpoint (DDI 506): 1  -> terminal DOES implement Tramline Control (1482213 ms ago)
  Guidance track (DDI 507-511): (none yet)
=== ISOBUS DEBUG MENU ===
1. Full status dump
2. Periodic summary line (OFF - press to toggle)
3. Reset message counters
4. Dump DDOP as hex (open in AgIsoDDOPGenerator)
5. Dump VT object pool as hex
q. Exit

# 12:19:29.566
=== ISOBUS STATUS ===
Address claim: CLAIMED  address=0x81
Bus load (ch0): 21.3 %
--- Message counters ---
  PGN 129025 Position NMEA2000: 0
  PGN 129026 Speed NMEA2000:    0
  PGN 129283 XTE NMEA2000:      0
  PGN 65267  Position legacy:   7491
  PGN 65256  Speed legacy:      7491   last SA=0x1C raw=0x1
  PGN 65535  XTE JD legacy:     161257   last SA=0xF0 word=0x0 byte1=0x0
             full payload:     0000000000000000  (1 ms ago)
  PGN 60160  XTE Trimble legacy:104   last SA=0x1C
  PGN 64770  AISO stop:         1510   last 1531301 ms ago
  TOTAL:                        177853
--- Guidance telemetry ---
  XTE:          -0.01 m
  Speed:        0.00 m/s (0.00 kn)
  Quality:      4   RTK quality=4  IsRtkQuality=Y
  GGA fix age:  76 ms
  VTG fix age:  75 ms
  XTE fix age:  62 ms
  Lat/Lon/Alt/Course: 53.425369 / 6.720293 / 4.4 m / 138.9 deg
--- Virtual Terminal ---
  Connected:    Y
  State:        21/22  Connected
  VT version:  4
  VT status msgs: 1512   last 966 ms ago
  Partner: addr=0x26 valid=Y  reconnect attempts=0
--- Task Controller ---
  Connected:    Y
  TC-GEO (with/without pos): Y/Y
  Task active:  Y
  DRP deviation (DDI 513): 0 mm, last 1531301 ms ago
  GNSS quality (DDI 514):  0, last 1531301 ms ago
  Value commands (any DDI): 7  last DDI=515 (1375246 ms ago)
  Value requests (any DDI): 34249981
  Partner: addr=0xF7 valid=Y  reconnect attempts=0
  Tramline setpoint (DDI 506): 1  -> terminal DOES implement Tramline Control (1483252 ms ago)
  Guidance track (DDI 507-511): (none yet)
=== ISOBUS DEBUG MENU ===
1. Full status dump
2. Periodic summary line (OFF - press to toggle)
3. Reset message counters
4. Dump DDOP as hex (open in AgIsoDDOPGenerator)
5. Dump VT object pool as hex
q. Exit

# 12:19:30.635
=== ISOBUS STATUS ===
Address claim: CLAIMED  address=0x81
Bus load (ch0): 21.6 %
--- Message counters ---
  PGN 129025 Position NMEA2000: 0
  PGN 129026 Speed NMEA2000:    0
  PGN 129283 XTE NMEA2000:      0
  PGN 65267  Position legacy:   7496
  PGN 65256  Speed legacy:      7496   last SA=0x1C raw=0x1
  PGN 65535  XTE JD legacy:     161368   last SA=0xF0 word=0x0 byte1=0x0
             full payload:     0000000000000000  (8 ms ago)
  PGN 60160  XTE Trimble legacy:104   last SA=0x1C
  PGN 64770  AISO stop:         1511   last 1532346 ms ago
  TOTAL:                        177975
--- Guidance telemetry ---
  XTE:          -0.01 m
  Speed:        0.00 m/s (0.00 kn)
  Quality:      4   RTK quality=4  IsRtkQuality=Y
  GGA fix age:  121 ms
  VTG fix age:  120 ms
  XTE fix age:  107 ms
  Lat/Lon/Alt/Course: 53.425369 / 6.720293 / 4.4 m / 138.9 deg
--- Virtual Terminal ---
  Connected:    Y
  State:        21/22  Connected
  VT version:  4
  VT status msgs: 1514   last 7 ms ago
  Partner: addr=0x26 valid=Y  reconnect attempts=0
--- Task Controller ---
  Connected:    Y
  TC-GEO (with/without pos): Y/Y
  Task active:  Y
  DRP deviation (DDI 513): 0 mm, last 1532346 ms ago
  GNSS quality (DDI 514):  0, last 1532346 ms ago
  Value commands (any DDI): 7  last DDI=515 (1376291 ms ago)
  Value requests (any DDI): 34274009
  Partner: addr=0xF7 valid=Y  reconnect attempts=0
  Tramline setpoint (DDI 506): 1  -> terminal DOES implement Tramline Control (1484297 ms ago)
  Guidance track (DDI 507-511): (none yet)
=== ISOBUS DEBUG MENU ===
1. Full status dump
2. Periodic summary line (OFF - press to toggle)
3. Reset message counters
4. Dump DDOP as hex (open in AgIsoDDOPGenerator)
5. Dump VT object pool as hex
q. Exit

# 12:19:31.699
=== ISOBUS STATUS ===
Address claim: CLAIMED  address=0x81
Bus load (ch0): 21.9 %
--- Message counters ---
  PGN 129025 Position NMEA2000: 0
  PGN 129026 Speed NMEA2000:    0
  PGN 129283 XTE NMEA2000:      0
  PGN 65267  Position legacy:   7501
  PGN 65256  Speed legacy:      7501   last SA=0x1C raw=0x1
  PGN 65535  XTE JD legacy:     161479   last SA=0xF0 word=0x0 byte1=0x0
             full payload:     0000000000000000  (15 ms ago)
  PGN 60160  XTE Trimble legacy:104   last SA=0x1C
  PGN 64770  AISO stop:         1512   last 1533414 ms ago
  TOTAL:                        178097
--- Guidance telemetry ---
  XTE:          -0.01 m
  Speed:        0.00 m/s (0.00 kn)
  Quality:      4   RTK quality=4  IsRtkQuality=Y
  GGA fix age:  189 ms
  VTG fix age:  188 ms
  XTE fix age:  175 ms
  Lat/Lon/Alt/Course: 53.425369 / 6.720293 / 4.4 m / 138.9 deg
--- Virtual Terminal ---
  Connected:    Y
  State:        21/22  Connected
  VT version:  4
  VT status msgs: 1515   last 75 ms ago
  Partner: addr=0x26 valid=Y  reconnect attempts=0
--- Task Controller ---
  Connected:    Y
  TC-GEO (with/without pos): Y/Y
  Task active:  Y
  DRP deviation (DDI 513): 0 mm, last 1533414 ms ago
  GNSS quality (DDI 514):  0, last 1533414 ms ago
  Value commands (any DDI): 7  last DDI=515 (1377359 ms ago)
  Value requests (any DDI): 34298567
  Partner: addr=0xF7 valid=Y  reconnect attempts=0
  Tramline setpoint (DDI 506): 1  -> terminal DOES implement Tramline Control (1485365 ms ago)
  Guidance track (DDI 507-511): (none yet)
=== ISOBUS DEBUG MENU ===
1. Full status dump
2. Periodic summary line (OFF - press to toggle)
3. Reset message counters
4. Dump DDOP as hex (open in AgIsoDDOPGenerator)
5. Dump VT object pool as hex
q. Exit

# 12:19:32.758
=== ISOBUS STATUS ===
Address claim: CLAIMED  address=0x81
Bus load (ch0): 22.0 %
--- Message counters ---
  PGN 129025 Position NMEA2000: 0
  PGN 129026 Speed NMEA2000:    0
  PGN 129283 XTE NMEA2000:      0
  PGN 65267  Position legacy:   7507
  PGN 65256  Speed legacy:      7507   last SA=0x1C raw=0x1
  PGN 65535  XTE JD legacy:     161598   last SA=0xF0 word=0x0 byte1=0x0
             full payload:     0000000000000000  (3 ms ago)
  PGN 60160  XTE Trimble legacy:104   last SA=0x1C
  PGN 64770  AISO stop:         1514   last 1534479 ms ago
  TOTAL:                        178230
--- Guidance telemetry ---
  XTE:          -0.01 m
  Speed:        0.00 m/s (0.00 kn)
  Quality:      4   RTK quality=4  IsRtkQuality=Y
  GGA fix age:  54 ms
  VTG fix age:  54 ms
  XTE fix age:  41 ms
  Lat/Lon/Alt/Course: 53.425369 / 6.720293 / 4.4 m / 138.9 deg
--- Virtual Terminal ---
  Connected:    Y
  State:        21/22  Connected
  VT version:  4
  VT status msgs: 1516   last 141 ms ago
  Partner: addr=0x26 valid=Y  reconnect attempts=0
--- Task Controller ---
  Connected:    Y
  TC-GEO (with/without pos): Y/Y
  Task active:  Y
  DRP deviation (DDI 513): 0 mm, last 1534480 ms ago
  GNSS quality (DDI 514):  0, last 1534480 ms ago
  Value commands (any DDI): 7  last DDI=515 (1378425 ms ago)
  Value requests (any DDI): 34323074
  Partner: addr=0xF7 valid=Y  reconnect attempts=0
  Tramline setpoint (DDI 506): 1  -> terminal DOES implement Tramline Control (1486431 ms ago)
  Guidance track (DDI 507-511): (none yet)
=== ISOBUS DEBUG MENU ===
1. Full status dump
2. Periodic summary line (OFF - press to toggle)
3. Reset message counters
4. Dump DDOP as hex (open in AgIsoDDOPGenerator)
5. Dump VT object pool as hex
q. Exit

# 12:19:33.816
=== ISOBUS STATUS ===
Address claim: CLAIMED  address=0x81
Bus load (ch0): 21.5 %
--- Message counters ---
  PGN 129025 Position NMEA2000: 0
  PGN 129026 Speed NMEA2000:    0
  PGN 129283 XTE NMEA2000:      0
  PGN 65267  Position legacy:   7512
  PGN 65256  Speed legacy:      7512   last SA=0x1C raw=0x1
  PGN 65535  XTE JD legacy:     161708   last SA=0xF0 word=0x0 byte1=0x0
             full payload:     0000000000000000  (16 ms ago)
  PGN 60160  XTE Trimble legacy:104   last SA=0x1C
  PGN 64770  AISO stop:         1515   last 1535554 ms ago
  TOTAL:                        178351
--- Guidance telemetry ---
  XTE:          -0.01 m
  Speed:        0.00 m/s (0.00 kn)
  Quality:      4   RTK quality=4  IsRtkQuality=Y
  GGA fix age:  129 ms
  VTG fix age:  128 ms
  XTE fix age:  115 ms
  Lat/Lon/Alt/Course: 53.425369 / 6.720293 / 4.4 m / 138.9 deg
--- Virtual Terminal ---
  Connected:    Y
  State:        21/22  Connected
  VT version:  4
  VT status msgs: 1517   last 219 ms ago
  Partner: addr=0x26 valid=Y  reconnect attempts=0
--- Task Controller ---
  Connected:    Y
  TC-GEO (with/without pos): Y/Y
  Task active:  Y
  DRP deviation (DDI 513): 0 mm, last 1535554 ms ago
  GNSS quality (DDI 514):  0, last 1535554 ms ago
  Value commands (any DDI): 7  last DDI=515 (1379499 ms ago)
  Value requests (any DDI): 34347779
  Partner: addr=0xF7 valid=Y  reconnect attempts=0
  Tramline setpoint (DDI 506): 1  -> terminal DOES implement Tramline Control (1487505 ms ago)
  Guidance track (DDI 507-511): (none yet)
=== ISOBUS DEBUG MENU ===
1. Full status dump
2. Periodic summary line (OFF - press to toggle)
3. Reset message counters
4. Dump DDOP as hex (open in AgIsoDDOPGenerator)
5. Dump VT object pool as hex
q. Exit

# 12:19:34.885
=== ISOBUS STATUS ===
Address claim: CLAIMED  address=0x81
Bus load (ch0): 21.4 %
--- Message counters ---
  PGN 129025 Position NMEA2000: 0
  PGN 129026 Speed NMEA2000:    0
  PGN 129283 XTE NMEA2000:      0
  PGN 65267  Position legacy:   7517
  PGN 65256  Speed legacy:      7517   last SA=0x1C raw=0x1
  PGN 65535  XTE JD legacy:     161817   last SA=0xF0 word=0x0 byte1=0x0
             full payload:     0000000000000000  (21 ms ago)
  PGN 60160  XTE Trimble legacy:104   last SA=0x1C
  PGN 64770  AISO stop:         1516   last 1536597 ms ago
  TOTAL:                        178471
--- Guidance telemetry ---
  XTE:          -0.01 m
  Speed:        0.00 m/s (0.00 kn)
  Quality:      4   RTK quality=4  IsRtkQuality=Y
  GGA fix age:  172 ms
  VTG fix age:  171 ms
  XTE fix age:  158 ms
  Lat/Lon/Alt/Course: 53.425369 / 6.720293 / 4.4 m / 138.9 deg
--- Virtual Terminal ---
  Connected:    Y
  State:        21/22  Connected
  VT version:  4
  VT status msgs: 1518   last 262 ms ago
  Partner: addr=0x26 valid=Y  reconnect attempts=0
--- Task Controller ---
  Connected:    Y
  TC-GEO (with/without pos): Y/Y
  Task active:  Y
  DRP deviation (DDI 513): 0 mm, last 1536597 ms ago
  GNSS quality (DDI 514):  0, last 1536597 ms ago
  Value commands (any DDI): 7  last DDI=515 (1380542 ms ago)
  Value requests (any DDI): 34371755
  Partner: addr=0xF7 valid=Y  reconnect attempts=0
  Tramline setpoint (DDI 506): 1  -> terminal DOES implement Tramline Control (1488548 ms ago)
  Guidance track (DDI 507-511): (none yet)
=== ISOBUS DEBUG MENU ===
1. Full status dump
2. Periodic summary line (OFF - press to toggle)
3. Reset message counters
4. Dump DDOP as hex (open in AgIsoDDOPGenerator)
5. Dump VT object pool as hex
q. Exit

# 12:19:35.924
=== ISOBUS STATUS ===
Address claim: CLAIMED  address=0x81
Bus load (ch0): 21.7 %
--- Message counters ---
  PGN 129025 Position NMEA2000: 0
  PGN 129026 Speed NMEA2000:    0
  PGN 129283 XTE NMEA2000:      0
  PGN 65267  Position legacy:   7523
  PGN 65256  Speed legacy:      7523   last SA=0x1C raw=0x2
  PGN 65535  XTE JD legacy:     161937   last SA=0xF0 word=0x0 byte1=0x0
             full payload:     0000000000000000  (6 ms ago)
  PGN 60160  XTE Trimble legacy:104   last SA=0x1C
  PGN 64770  AISO stop:         1517   last 1537662 ms ago
  TOTAL:                        178604
--- Guidance telemetry ---
  XTE:          -0.01 m
  Speed:        0.00 m/s (0.01 kn)
  Quality:      4   RTK quality=4  IsRtkQuality=Y
  GGA fix age:  37 ms
  VTG fix age:  36 ms
  XTE fix age:  23 ms
  Lat/Lon/Alt/Course: 53.425369 / 6.720293 / 4.4 m / 138.9 deg
--- Virtual Terminal ---
  Connected:    Y
  State:        21/22  Connected
  VT version:  4
  VT status msgs: 1519   last 327 ms ago
  Partner: addr=0x26 valid=Y  reconnect attempts=0
--- Task Controller ---
  Connected:    Y
  TC-GEO (with/without pos): Y/Y
  Task active:  Y
  DRP deviation (DDI 513): 0 mm, last 1537662 ms ago
  GNSS quality (DDI 514):  0, last 1537662 ms ago
  Value commands (any DDI): 7  last DDI=515 (1381607 ms ago)
  Value requests (any DDI): 34396264
  Partner: addr=0xF7 valid=Y  reconnect attempts=0
  Tramline setpoint (DDI 506): 1  -> terminal DOES implement Tramline Control (1489613 ms ago)
  Guidance track (DDI 507-511): (none yet)
=== ISOBUS DEBUG MENU ===
1. Full status dump
2. Periodic summary line (OFF - press to toggle)
3. Reset message counters
4. Dump DDOP as hex (open in AgIsoDDOPGenerator)
5. Dump VT object pool as hex
q. Exit

# 12:19:36.944
=== ISOBUS STATUS ===
Address claim: CLAIMED  address=0x81
Bus load (ch0): 22.2 %
--- Message counters ---
  PGN 129025 Position NMEA2000: 0
  PGN 129026 Speed NMEA2000:    0
  PGN 129283 XTE NMEA2000:      0
  PGN 65267  Position legacy:   7528
  PGN 65256  Speed legacy:      7528   last SA=0x1C raw=0x0
  PGN 65535  XTE JD legacy:     162046   last SA=0xF0 word=0x0 byte1=0x0
             full payload:     0000000000000000  (3 ms ago)
  PGN 60160  XTE Trimble legacy:104   last SA=0x1C
  PGN 64770  AISO stop:         1518   last 1538702 ms ago
  TOTAL:                        178724
--- Guidance telemetry ---
  XTE:          -0.01 m
  Speed:        0.00 m/s (0.00 kn)
  Quality:      4   RTK quality=4  IsRtkQuality=Y
  GGA fix age:  77 ms
  VTG fix age:  76 ms
  XTE fix age:  63 ms
  Lat/Lon/Alt/Course: 53.425369 / 6.720293 / 4.4 m / 138.9 deg
--- Virtual Terminal ---
  Connected:    Y
  State:        21/22  Connected
  VT version:  4
  VT status msgs: 1520   last 367 ms ago
  Partner: addr=0x26 valid=Y  reconnect attempts=0
--- Task Controller ---
  Connected:    Y
  TC-GEO (with/without pos): Y/Y
  Task active:  Y
  DRP deviation (DDI 513): 0 mm, last 1538702 ms ago
  GNSS quality (DDI 514):  0, last 1538702 ms ago
  Value commands (any DDI): 7  last DDI=515 (1382647 ms ago)
  Value requests (any DDI): 34420180
  Partner: addr=0xF7 valid=Y  reconnect attempts=0
  Tramline setpoint (DDI 506): 1  -> terminal DOES implement Tramline Control (1490653 ms ago)
  Guidance track (DDI 507-511): (none yet)
=== ISOBUS DEBUG MENU ===
1. Full status dump
2. Periodic summary line (OFF - press to toggle)
3. Reset message counters
4. Dump DDOP as hex (open in AgIsoDDOPGenerator)
5. Dump VT object pool as hex
q. Exit

# 12:19:37.980
=== ISOBUS STATUS ===
Address claim: CLAIMED  address=0x81
Bus load (ch0): 21.7 %
--- Message counters ---
  PGN 129025 Position NMEA2000: 0
  PGN 129026 Speed NMEA2000:    0
  PGN 129283 XTE NMEA2000:      0
  PGN 65267  Position legacy:   7533
  PGN 65256  Speed legacy:      7533   last SA=0x1C raw=0x1
  PGN 65535  XTE JD legacy:     162154   last SA=0xF0 word=0x0 byte1=0x0
             full payload:     0000000000000000  (10 ms ago)
  PGN 60160  XTE Trimble legacy:104   last SA=0x1C
  PGN 64770  AISO stop:         1519   last 1539727 ms ago
  TOTAL:                        178843
--- Guidance telemetry ---
  XTE:          -0.01 m
  Speed:        0.00 m/s (0.00 kn)
  Quality:      4   RTK quality=4  IsRtkQuality=Y
  GGA fix age:  102 ms
  VTG fix age:  101 ms
  XTE fix age:  89 ms
  Lat/Lon/Alt/Course: 53.425369 / 6.720293 / 4.4 m / 138.9 deg
--- Virtual Terminal ---
  Connected:    Y
  State:        21/22  Connected
  VT version:  4
  VT status msgs: 1521   last 392 ms ago
  Partner: addr=0x26 valid=Y  reconnect attempts=0
--- Task Controller ---
  Connected:    Y
  TC-GEO (with/without pos): Y/Y
  Task active:  Y
  DRP deviation (DDI 513): 0 mm, last 1539727 ms ago
  GNSS quality (DDI 514):  0, last 1539727 ms ago
  Value commands (any DDI): 7  last DDI=515 (1383672 ms ago)
  Value requests (any DDI): 34443741
  Partner: addr=0xF7 valid=Y  reconnect attempts=0
  Tramline setpoint (DDI 506): 1  -> terminal DOES implement Tramline Control (1491678 ms ago)
  Guidance track (DDI 507-511): (none yet)
=== ISOBUS DEBUG MENU ===
1. Full status dump
2. Periodic summary line (OFF - press to toggle)
3. Reset message counters
4. Dump DDOP as hex (open in AgIsoDDOPGenerator)
5. Dump VT object pool as hex
q. Exit

# 12:19:38.989
=== ISOBUS STATUS ===
Address claim: CLAIMED  address=0x81
Bus load (ch0): 21.7 %
--- Message counters ---
  PGN 129025 Position NMEA2000: 0
  PGN 129026 Speed NMEA2000:    0
  PGN 129283 XTE NMEA2000:      0
  PGN 65267  Position legacy:   7538
  PGN 65256  Speed legacy:      7538   last SA=0x1C raw=0x2
  PGN 65535  XTE JD legacy:     162265   last SA=0xF0 word=0x0 byte1=0x0
             full payload:     0000000000000000  (1 ms ago)
  PGN 60160  XTE Trimble legacy:104   last SA=0x1C
  PGN 64770  AISO stop:         1520   last 1540757 ms ago
  TOTAL:                        178965
--- Guidance telemetry ---
  XTE:          -0.01 m
  Speed:        0.00 m/s (0.01 kn)
  Quality:      4   RTK quality=4  IsRtkQuality=Y
  GGA fix age:  132 ms
  VTG fix age:  131 ms
  XTE fix age:  119 ms
  Lat/Lon/Alt/Course: 53.425369 / 6.720293 / 4.4 m / 138.9 deg
--- Virtual Terminal ---
  Connected:    Y
  State:        21/22  Connected
  VT version:  4
  VT status msgs: 1522   last 423 ms ago
  Partner: addr=0x26 valid=Y  reconnect attempts=0
--- Task Controller ---
  Connected:    Y
  TC-GEO (with/without pos): Y/Y
  Task active:  Y
  DRP deviation (DDI 513): 0 mm, last 1540757 ms ago
  GNSS quality (DDI 514):  0, last 1540757 ms ago
  Value commands (any DDI): 7  last DDI=515 (1384702 ms ago)
  Value requests (any DDI): 34467423
  Partner: addr=0xF7 valid=Y  reconnect attempts=0
  Tramline setpoint (DDI 506): 1  -> terminal DOES implement Tramline Control (1492708 ms ago)
  Guidance track (DDI 507-511): (none yet)
=== ISOBUS DEBUG MENU ===
1. Full status dump
2. Periodic summary line (OFF - press to toggle)
3. Reset message counters
4. Dump DDOP as hex (open in AgIsoDDOPGenerator)
5. Dump VT object pool as hex
q. Exit

# 12:19:40.008
=== ISOBUS STATUS ===
Address claim: CLAIMED  address=0x81
Bus load (ch0): 21.4 %
--- Message counters ---
  PGN 129025 Position NMEA2000: 0
  PGN 129026 Speed NMEA2000:    0
  PGN 129283 XTE NMEA2000:      0
  PGN 65267  Position legacy:   7543
  PGN 65256  Speed legacy:      7543   last SA=0x1C raw=0x2
  PGN 65535  XTE JD legacy:     162373   last SA=0xF0 word=0x0 byte1=0x0
             full payload:     0000000000000000  (8 ms ago)
  PGN 60160  XTE Trimble legacy:104   last SA=0x1C
  PGN 64770  AISO stop:         1521   last 1541768 ms ago
  TOTAL:                        179084
--- Guidance telemetry ---
  XTE:          -0.01 m
  Speed:        0.00 m/s (0.01 kn)
  Quality:      4   RTK quality=4  IsRtkQuality=Y
  GGA fix age:  143 ms
  VTG fix age:  142 ms
  XTE fix age:  130 ms
  Lat/Lon/Alt/Course: 53.425369 / 6.720293 / 4.4 m / 138.9 deg
--- Virtual Terminal ---
  Connected:    Y
  State:        21/22  Connected
  VT version:  4
  VT status msgs: 1523   last 433 ms ago
  Partner: addr=0x26 valid=Y  reconnect attempts=0
--- Task Controller ---
  Connected:    Y
  TC-GEO (with/without pos): Y/Y
  Task active:  Y
  DRP deviation (DDI 513): 0 mm, last 1541768 ms ago
  GNSS quality (DDI 514):  0, last 1541768 ms ago
  Value commands (any DDI): 7  last DDI=515 (1385713 ms ago)
  Value requests (any DDI): 34490669
  Partner: addr=0xF7 valid=Y  reconnect attempts=0
  Tramline setpoint (DDI 506): 1  -> terminal DOES implement Tramline Control (1493719 ms ago)
  Guidance track (DDI 507-511): (none yet)
=== ISOBUS DEBUG MENU ===
1. Full status dump
2. Periodic summary line (OFF - press to toggle)
3. Reset message counters
4. Dump DDOP as hex (open in AgIsoDDOPGenerator)
5. Dump VT object pool as hex
q. Exit

# 12:19:41.036
=== ISOBUS STATUS ===
Address claim: CLAIMED  address=0x81
Bus load (ch0): 21.4 %
--- Message counters ---
  PGN 129025 Position NMEA2000: 0
  PGN 129026 Speed NMEA2000:    0
  PGN 129283 XTE NMEA2000:      0
  PGN 65267  Position legacy:   7548
  PGN 65256  Speed legacy:      7548   last SA=0x1C raw=0x0
  PGN 65535  XTE JD legacy:     162482   last SA=0xF0 word=0x0 byte1=0x0
             full payload:     0000000000000000  (9 ms ago)
  PGN 60160  XTE Trimble legacy:104   last SA=0x1C
  PGN 64770  AISO stop:         1522   last 1542786 ms ago
  TOTAL:                        179204
--- Guidance telemetry ---
  XTE:          -0.01 m
  Speed:        0.00 m/s (0.00 kn)
  Quality:      4   RTK quality=4  IsRtkQuality=Y
  GGA fix age:  161 ms
  VTG fix age:  160 ms
  XTE fix age:  148 ms
  Lat/Lon/Alt/Course: 53.425369 / 6.720293 / 4.4 m / 138.9 deg
--- Virtual Terminal ---
  Connected:    Y
  State:        21/22  Connected
  VT version:  4
  VT status msgs: 1524   last 451 ms ago
  Partner: addr=0x26 valid=Y  reconnect attempts=0
--- Task Controller ---
  Connected:    Y
  TC-GEO (with/without pos): Y/Y
  Task active:  Y
  DRP deviation (DDI 513): 0 mm, last 1542786 ms ago
  GNSS quality (DDI 514):  0, last 1542786 ms ago
  Value commands (any DDI): 7  last DDI=515 (1386731 ms ago)
  Value requests (any DDI): 34514091
  Partner: addr=0xF7 valid=Y  reconnect attempts=0
  Tramline setpoint (DDI 506): 1  -> terminal DOES implement Tramline Control (1494737 ms ago)
  Guidance track (DDI 507-511): (none yet)
=== ISOBUS DEBUG MENU ===
1. Full status dump
2. Periodic summary line (OFF - press to toggle)
3. Reset message counters
4. Dump DDOP as hex (open in AgIsoDDOPGenerator)
5. Dump VT object pool as hex
q. Exit

# 12:19:42.057
=== ISOBUS STATUS ===
Address claim: CLAIMED  address=0x81
Bus load (ch0): 21.9 %
--- Message counters ---
  PGN 129025 Position NMEA2000: 0
  PGN 129026 Speed NMEA2000:    0
  PGN 129283 XTE NMEA2000:      0
  PGN 65267  Position legacy:   7553
  PGN 65256  Speed legacy:      7553   last SA=0x1C raw=0x2
  PGN 65535  XTE JD legacy:     162591   last SA=0xF0 word=0x0 byte1=0x0
             full payload:     0000000000000000  (11 ms ago)
  PGN 60160  XTE Trimble legacy:104   last SA=0x1C
  PGN 64770  AISO stop:         1523   last 1543814 ms ago
  TOTAL:                        179324
--- Guidance telemetry ---
  XTE:          -0.01 m
  Speed:        0.00 m/s (0.01 kn)
  Quality:      4   RTK quality=4  IsRtkQuality=Y
  GGA fix age:  189 ms
  VTG fix age:  188 ms
  XTE fix age:  175 ms
  Lat/Lon/Alt/Course: 53.425369 / 6.720293 / 4.4 m / 138.9 deg
--- Virtual Terminal ---
  Connected:    Y
  State:        21/22  Connected
  VT version:  4
  VT status msgs: 1525   last 479 ms ago
  Partner: addr=0x26 valid=Y  reconnect attempts=0
--- Task Controller ---
  Connected:    Y
  TC-GEO (with/without pos): Y/Y
  Task active:  Y
  DRP deviation (DDI 513): 0 mm, last 1543814 ms ago
  GNSS quality (DDI 514):  0, last 1543814 ms ago
  Value commands (any DDI): 7  last DDI=515 (1387759 ms ago)
  Value requests (any DDI): 34537731
  Partner: addr=0xF7 valid=Y  reconnect attempts=0
  Tramline setpoint (DDI 506): 1  -> terminal DOES implement Tramline Control (1495765 ms ago)
  Guidance track (DDI 507-511): (none yet)
=== ISOBUS DEBUG MENU ===
1. Full status dump
2. Periodic summary line (OFF - press to toggle)
3. Reset message counters
4. Dump DDOP as hex (open in AgIsoDDOPGenerator)
5. Dump VT object pool as hex
q. Exit

# 12:19:43.087
=== ISOBUS STATUS ===
Address claim: CLAIMED  address=0x81
Bus load (ch0): 21.7 %
--- Message counters ---
  PGN 129025 Position NMEA2000: 0
  PGN 129026 Speed NMEA2000:    0
  PGN 129283 XTE NMEA2000:      0
  PGN 65267  Position legacy:   7559
  PGN 65256  Speed legacy:      7559   last SA=0x1C raw=0x2
  PGN 65535  XTE JD legacy:     162706   last SA=0x1C word=0x0 byte1=0x0
             full payload:     0000000000000000  (5 ms ago)
  PGN 60160  XTE Trimble legacy:104   last SA=0x1C
  PGN 64770  AISO stop:         1524   last 1544836 ms ago
  TOTAL:                        179452
--- Guidance telemetry ---
  XTE:          -0.01 m
  Speed:        0.00 m/s (0.01 kn)
  Quality:      4   RTK quality=4  IsRtkQuality=Y
  GGA fix age:  11 ms
  VTG fix age:  10 ms
  XTE fix age:  197 ms
  Lat/Lon/Alt/Course: 53.425369 / 6.720293 / 4.4 m / 138.9 deg
--- Virtual Terminal ---
  Connected:    Y
  State:        21/22  Connected
  VT version:  4
  VT status msgs: 1526   last 501 ms ago
  Partner: addr=0x26 valid=Y  reconnect attempts=0
--- Task Controller ---
  Connected:    Y
  TC-GEO (with/without pos): Y/Y
  Task active:  Y
  DRP deviation (DDI 513): 0 mm, last 1544836 ms ago
  GNSS quality (DDI 514):  0, last 1544836 ms ago
  Value commands (any DDI): 7  last DDI=515 (1388781 ms ago)
  Value requests (any DDI): 34561216
  Partner: addr=0xF7 valid=Y  reconnect attempts=0
  Tramline setpoint (DDI 506): 1  -> terminal DOES implement Tramline Control (1496787 ms ago)
  Guidance track (DDI 507-511): (none yet)
=== ISOBUS DEBUG MENU ===
1. Full status dump
2. Periodic summary line (OFF - press to toggle)
3. Reset message counters
4. Dump DDOP as hex (open in AgIsoDDOPGenerator)
5. Dump VT object pool as hex
q. Exit

# 12:19:44.096
=== ISOBUS STATUS ===
Address claim: CLAIMED  address=0x81
Bus load (ch0): 21.4 %
--- Message counters ---
  PGN 129025 Position NMEA2000: 0
  PGN 129026 Speed NMEA2000:    0
  PGN 129283 XTE NMEA2000:      0
  PGN 65267  Position legacy:   7564
  PGN 65256  Speed legacy:      7564   last SA=0x1C raw=0x1
  PGN 65535  XTE JD legacy:     162816   last SA=0xF0 word=0x0 byte1=0x0
             full payload:     0000000000000000  (9 ms ago)
  PGN 60160  XTE Trimble legacy:104   last SA=0x1C
  PGN 64770  AISO stop:         1525   last 1545865 ms ago
  TOTAL:                        179573
--- Guidance telemetry ---
  XTE:          -0.01 m
  Speed:        0.00 m/s (0.00 kn)
  Quality:      4   RTK quality=4  IsRtkQuality=Y
  GGA fix age:  40 ms
  VTG fix age:  39 ms
  XTE fix age:  26 ms
  Lat/Lon/Alt/Course: 53.425369 / 6.720293 / 4.4 m / 138.9 deg
--- Virtual Terminal ---
  Connected:    Y
  State:        21/22  Connected
  VT version:  4
  VT status msgs: 1527   last 530 ms ago
  Partner: addr=0x26 valid=Y  reconnect attempts=0
--- Task Controller ---
  Connected:    Y
  TC-GEO (with/without pos): Y/Y
  Task active:  Y
  DRP deviation (DDI 513): 0 mm, last 1545865 ms ago
  GNSS quality (DDI 514):  0, last 1545865 ms ago
  Value commands (any DDI): 7  last DDI=515 (1389810 ms ago)
  Value requests (any DDI): 34584879
  Partner: addr=0xF7 valid=Y  reconnect attempts=0
  Tramline setpoint (DDI 506): 1  -> terminal DOES implement Tramline Control (1497816 ms ago)
  Guidance track (DDI 507-511): (none yet)
=== ISOBUS DEBUG MENU ===
1. Full status dump
2. Periodic summary line (OFF - press to toggle)
3. Reset message counters
4. Dump DDOP as hex (open in AgIsoDDOPGenerator)
5. Dump VT object pool as hex
q. Exit

# 12:19:45.131
=== ISOBUS STATUS ===
Address claim: CLAIMED  address=0x81
Bus load (ch0): 21.5 %
--- Message counters ---
  PGN 129025 Position NMEA2000: 0
  PGN 129026 Speed NMEA2000:    0
  PGN 129283 XTE NMEA2000:      0
  PGN 65267  Position legacy:   7569
  PGN 65256  Speed legacy:      7569   last SA=0x1C raw=0x0
  PGN 65535  XTE JD legacy:     162923   last SA=0xF0 word=0x0 byte1=0x0
             full payload:     0000000000000000  (18 ms ago)
  PGN 60160  XTE Trimble legacy:104   last SA=0x1C
  PGN 64770  AISO stop:         1526   last 1546874 ms ago
  TOTAL:                        179691
--- Guidance telemetry ---
  XTE:          -0.01 m
  Speed:        0.00 m/s (0.00 kn)
  Quality:      4   RTK quality=4  IsRtkQuality=Y
  GGA fix age:  49 ms
  VTG fix age:  48 ms
  XTE fix age:  35 ms
  Lat/Lon/Alt/Course: 53.425369 / 6.720293 / 4.4 m / 138.9 deg
--- Virtual Terminal ---
  Connected:    Y
  State:        21/22  Connected
  VT version:  4
  VT status msgs: 1528   last 539 ms ago
  Partner: addr=0x26 valid=Y  reconnect attempts=0
--- Task Controller ---
  Connected:    Y
  TC-GEO (with/without pos): Y/Y
  Task active:  Y
  DRP deviation (DDI 513): 0 mm, last 1546874 ms ago
  GNSS quality (DDI 514):  0, last 1546874 ms ago
  Value commands (any DDI): 7  last DDI=515 (1390819 ms ago)
  Value requests (any DDI): 34608079
  Partner: addr=0xF7 valid=Y  reconnect attempts=0
  Tramline setpoint (DDI 506): 1  -> terminal DOES implement Tramline Control (1498825 ms ago)
  Guidance track (DDI 507-511): (none yet)
=== ISOBUS DEBUG MENU ===
1. Full status dump
2. Periodic summary line (OFF - press to toggle)
3. Reset message counters
4. Dump DDOP as hex (open in AgIsoDDOPGenerator)
5. Dump VT object pool as hex
q. Exit

# 12:19:46.141
=== ISOBUS STATUS ===
Address claim: CLAIMED  address=0x81
Bus load (ch0): 22.3 %
--- Message counters ---
  PGN 129025 Position NMEA2000: 0
  PGN 129026 Speed NMEA2000:    0
  PGN 129283 XTE NMEA2000:      0
  PGN 65267  Position legacy:   7574
  PGN 65256  Speed legacy:      7574   last SA=0x1C raw=0x1
  PGN 65535  XTE JD legacy:     163033   last SA=0xF0 word=0x0 byte1=0x0
             full payload:     0000000000000000  (11 ms ago)
  PGN 60160  XTE Trimble legacy:104   last SA=0x1C
  PGN 64770  AISO stop:         1527   last 1547910 ms ago
  TOTAL:                        179812
--- Guidance telemetry ---
  XTE:          -0.01 m
  Speed:        0.00 m/s (0.00 kn)
  Quality:      4   RTK quality=4  IsRtkQuality=Y
  GGA fix age:  85 ms
  VTG fix age:  84 ms
  XTE fix age:  71 ms
  Lat/Lon/Alt/Course: 53.425369 / 6.720293 / 4.4 m / 138.9 deg
--- Virtual Terminal ---
  Connected:    Y
  State:        21/22  Connected
  VT version:  4
  VT status msgs: 1529   last 575 ms ago
  Partner: addr=0x26 valid=Y  reconnect attempts=0
--- Task Controller ---
  Connected:    Y
  TC-GEO (with/without pos): Y/Y
  Task active:  Y
  DRP deviation (DDI 513): 0 mm, last 1547910 ms ago
  GNSS quality (DDI 514):  0, last 1547910 ms ago
  Value commands (any DDI): 7  last DDI=515 (1391855 ms ago)
  Value requests (any DDI): 34631920
  Partner: addr=0xF7 valid=Y  reconnect attempts=0
  Tramline setpoint (DDI 506): 1  -> terminal DOES implement Tramline Control (1499861 ms ago)
  Guidance track (DDI 507-511): (none yet)
=== ISOBUS DEBUG MENU ===
1. Full status dump
2. Periodic summary line (OFF - press to toggle)
3. Reset message counters
4. Dump DDOP as hex (open in AgIsoDDOPGenerator)
5. Dump VT object pool as hex
q. Exit

# 12:19:47.167
=== ISOBUS STATUS ===
Address claim: CLAIMED  address=0x81
Bus load (ch0): 22.0 %
--- Message counters ---
  PGN 129025 Position NMEA2000: 0
  PGN 129026 Speed NMEA2000:    0
  PGN 129283 XTE NMEA2000:      0
  PGN 65267  Position legacy:   7579
  PGN 65256  Speed legacy:      7579   last SA=0x1C raw=0x1
  PGN 65535  XTE JD legacy:     163141   last SA=0xF0 word=0x0 byte1=0x0
             full payload:     0000000000000000  (1 ms ago)
  PGN 60160  XTE Trimble legacy:104   last SA=0x1C
  PGN 64770  AISO stop:         1528   last 1548918 ms ago
  TOTAL:                        179931
--- Guidance telemetry ---
  XTE:          -0.01 m
  Speed:        0.00 m/s (0.00 kn)
  Quality:      4   RTK quality=4  IsRtkQuality=Y
  GGA fix age:  93 ms
  VTG fix age:  92 ms
  XTE fix age:  79 ms
  Lat/Lon/Alt/Course: 53.425369 / 6.720293 / 4.4 m / 138.9 deg
--- Virtual Terminal ---
  Connected:    Y
  State:        21/22  Connected
  VT version:  4
  VT status msgs: 1530   last 583 ms ago
  Partner: addr=0x26 valid=Y  reconnect attempts=0
--- Task Controller ---
  Connected:    Y
  TC-GEO (with/without pos): Y/Y
  Task active:  Y
  DRP deviation (DDI 513): 0 mm, last 1548918 ms ago
  GNSS quality (DDI 514):  0, last 1548918 ms ago
  Value commands (any DDI): 7  last DDI=515 (1392863 ms ago)
  Value requests (any DDI): 34655089
  Partner: addr=0xF7 valid=Y  reconnect attempts=0
  Tramline setpoint (DDI 506): 1  -> terminal DOES implement Tramline Control (1500869 ms ago)
  Guidance track (DDI 507-511): (none yet)
=== ISOBUS DEBUG MENU ===
1. Full status dump
2. Periodic summary line (OFF - press to toggle)
3. Reset message counters
4. Dump DDOP as hex (open in AgIsoDDOPGenerator)
5. Dump VT object pool as hex
q. Exit

# 12:19:48.209
=== ISOBUS STATUS ===
Address claim: CLAIMED  address=0x81
Bus load (ch0): 21.6 %
--- Message counters ---
  PGN 129025 Position NMEA2000: 0
  PGN 129026 Speed NMEA2000:    0
  PGN 129283 XTE NMEA2000:      0
  PGN 65267  Position legacy:   7584
  PGN 65256  Speed legacy:      7584   last SA=0x1C raw=0x1
  PGN 65535  XTE JD legacy:     163249   last SA=0xF0 word=0x0 byte1=0x0
             full payload:     0000000000000000  (7 ms ago)
  PGN 60160  XTE Trimble legacy:104   last SA=0x1C
  PGN 64770  AISO stop:         1529   last 1549945 ms ago
  TOTAL:                        180050
--- Guidance telemetry ---
  XTE:          -0.01 m
  Speed:        0.00 m/s (0.00 kn)
  Quality:      4   RTK quality=4  IsRtkQuality=Y
  GGA fix age:  120 ms
  VTG fix age:  119 ms
  XTE fix age:  106 ms
  Lat/Lon/Alt/Course: 53.425369 / 6.720293 / 4.4 m / 138.9 deg
--- Virtual Terminal ---
  Connected:    Y
  State:        21/22  Connected
  VT version:  4
  VT status msgs: 1531   last 610 ms ago
  Partner: addr=0x26 valid=Y  reconnect attempts=0
--- Task Controller ---
  Connected:    Y
  TC-GEO (with/without pos): Y/Y
  Task active:  Y
  DRP deviation (DDI 513): 0 mm, last 1549945 ms ago
  GNSS quality (DDI 514):  0, last 1549945 ms ago
  Value commands (any DDI): 7  last DDI=515 (1393890 ms ago)
  Value requests (any DDI): 34678714
  Partner: addr=0xF7 valid=Y  reconnect attempts=0
  Tramline setpoint (DDI 506): 1  -> terminal DOES implement Tramline Control (1501896 ms ago)
  Guidance track (DDI 507-511): (none yet)
=== ISOBUS DEBUG MENU ===
1. Full status dump
2. Periodic summary line (OFF - press to toggle)
3. Reset message counters
4. Dump DDOP as hex (open in AgIsoDDOPGenerator)
5. Dump VT object pool as hex
q. Exit

# 12:19:49.229
=== ISOBUS STATUS ===
Address claim: CLAIMED  address=0x81
Bus load (ch0): 21.7 %
--- Message counters ---
  PGN 129025 Position NMEA2000: 0
  PGN 129026 Speed NMEA2000:    0
  PGN 129283 XTE NMEA2000:      0
  PGN 65267  Position legacy:   7589
  PGN 65256  Speed legacy:      7589   last SA=0x1C raw=0x4
  PGN 65535  XTE JD legacy:     163359   last SA=0xF0 word=0x0 byte1=0x0
             full payload:     0000000000000000  (10 ms ago)
  PGN 60160  XTE Trimble legacy:104   last SA=0x1C
  PGN 64770  AISO stop:         1530   last 1550987 ms ago
  TOTAL:                        180171
--- Guidance telemetry ---
  XTE:          -0.01 m
  Speed:        0.01 m/s (0.02 kn)
  Quality:      4   RTK quality=4  IsRtkQuality=Y
  GGA fix age:  162 ms
  VTG fix age:  161 ms
  XTE fix age:  148 ms
  Lat/Lon/Alt/Course: 53.425369 / 6.720293 / 4.4 m / 138.9 deg
--- Virtual Terminal ---
  Connected:    Y
  State:        21/22  Connected
  VT version:  4
  VT status msgs: 1532   last 652 ms ago
  Partner: addr=0x26 valid=Y  reconnect attempts=0
--- Task Controller ---
  Connected:    Y
  TC-GEO (with/without pos): Y/Y
  Task active:  Y
  DRP deviation (DDI 513): 0 mm, last 1550987 ms ago
  GNSS quality (DDI 514):  0, last 1550987 ms ago
  Value commands (any DDI): 7  last DDI=515 (1394932 ms ago)
  Value requests (any DDI): 34702674
  Partner: addr=0xF7 valid=Y  reconnect attempts=0
  Tramline setpoint (DDI 506): 1  -> terminal DOES implement Tramline Control (1502938 ms ago)
  Guidance track (DDI 507-511): (none yet)
=== ISOBUS DEBUG MENU ===
1. Full status dump
2. Periodic summary line (OFF - press to toggle)
3. Reset message counters
4. Dump DDOP as hex (open in AgIsoDDOPGenerator)
5. Dump VT object pool as hex
q. Exit

# 12:19:50.287
=== ISOBUS STATUS ===
Address claim: CLAIMED  address=0x81
Bus load (ch0): 21.5 %
--- Message counters ---
  PGN 129025 Position NMEA2000: 0
  PGN 129026 Speed NMEA2000:    0
  PGN 129283 XTE NMEA2000:      0
  PGN 65267  Position legacy:   7594
  PGN 65256  Speed legacy:      7594   last SA=0x1C raw=0x2
  PGN 65535  XTE JD legacy:     163467   last SA=0xF0 word=0x0 byte1=0x0
             full payload:     0000000000000000  (6 ms ago)
  PGN 60160  XTE Trimble legacy:104   last SA=0x1C
  PGN 64770  AISO stop:         1531   last 1552006 ms ago
  TOTAL:                        180290
--- Guidance telemetry ---
  XTE:          -0.01 m
  Speed:        0.00 m/s (0.01 kn)
  Quality:      4   RTK quality=4  IsRtkQuality=Y
  GGA fix age:  181 ms
  VTG fix age:  180 ms
  XTE fix age:  167 ms
  Lat/Lon/Alt/Course: 53.425369 / 6.720293 / 4.4 m / 138.9 deg
--- Virtual Terminal ---
  Connected:    Y
  State:        21/22  Connected
  VT version:  4
  VT status msgs: 1533   last 671 ms ago
  Partner: addr=0x26 valid=Y  reconnect attempts=0
--- Task Controller ---
  Connected:    Y
  TC-GEO (with/without pos): Y/Y
  Task active:  Y
  DRP deviation (DDI 513): 0 mm, last 1552006 ms ago
  GNSS quality (DDI 514):  0, last 1552006 ms ago
  Value commands (any DDI): 7  last DDI=515 (1395951 ms ago)
  Value requests (any DDI): 34726102
  Partner: addr=0xF7 valid=Y  reconnect attempts=0
  Tramline setpoint (DDI 506): 1  -> terminal DOES implement Tramline Control (1503957 ms ago)
  Guidance track (DDI 507-511): (none yet)
=== ISOBUS DEBUG MENU ===
1. Full status dump
2. Periodic summary line (OFF - press to toggle)
3. Reset message counters
4. Dump DDOP as hex (open in AgIsoDDOPGenerator)
5. Dump VT object pool as hex
q. Exit

# 12:19:51.308
=== ISOBUS STATUS ===
Address claim: CLAIMED  address=0x81
Bus load (ch0): 21.8 %
--- Message counters ---
  PGN 129025 Position NMEA2000: 0
  PGN 129026 Speed NMEA2000:    0
  PGN 129283 XTE NMEA2000:      0
  PGN 65267  Position legacy:   7600
  PGN 65256  Speed legacy:      7600   last SA=0x1C raw=0x3
  PGN 65535  XTE JD legacy:     163587   last SA=0xF0 word=0x0 byte1=0x0
             full payload:     0000000000000000  (8 ms ago)
  PGN 60160  XTE Trimble legacy:104   last SA=0x1C
  PGN 64770  AISO stop:         1532   last 1553065 ms ago
  TOTAL:                        180423
--- Guidance telemetry ---
  XTE:          -0.01 m
  Speed:        0.01 m/s (0.01 kn)
  Quality:      4   RTK quality=4  IsRtkQuality=Y
  GGA fix age:  40 ms
  VTG fix age:  39 ms
  XTE fix age:  26 ms
  Lat/Lon/Alt/Course: 53.425369 / 6.720293 / 4.4 m / 138.9 deg
--- Virtual Terminal ---
  Connected:    Y
  State:        21/22  Connected
  VT version:  4
  VT status msgs: 1534   last 730 ms ago
  Partner: addr=0x26 valid=Y  reconnect attempts=0
--- Task Controller ---
  Connected:    Y
  TC-GEO (with/without pos): Y/Y
  Task active:  Y
  DRP deviation (DDI 513): 0 mm, last 1553065 ms ago
  GNSS quality (DDI 514):  0, last 1553065 ms ago
  Value commands (any DDI): 7  last DDI=515 (1397010 ms ago)
  Value requests (any DDI): 34750429
  Partner: addr=0xF7 valid=Y  reconnect attempts=0
  Tramline setpoint (DDI 506): 1  -> terminal DOES implement Tramline Control (1505016 ms ago)
  Guidance track (DDI 507-511): (none yet)
=== ISOBUS DEBUG MENU ===
1. Full status dump
2. Periodic summary line (OFF - press to toggle)
3. Reset message counters
4. Dump DDOP as hex (open in AgIsoDDOPGenerator)
5. Dump VT object pool as hex
q. Exit

# 12:19:52.348
=== ISOBUS STATUS ===
Address claim: CLAIMED  address=0x81
Bus load (ch0): 21.8 %
--- Message counters ---
  PGN 129025 Position NMEA2000: 0
  PGN 129026 Speed NMEA2000:    0
  PGN 129283 XTE NMEA2000:      0
  PGN 65267  Position legacy:   7605
  PGN 65256  Speed legacy:      7605   last SA=0x1C raw=0x2
  PGN 65535  XTE JD legacy:     163695   last SA=0xF0 word=0x0 byte1=0x0
             full payload:     0000000000000000  (10 ms ago)
  PGN 60160  XTE Trimble legacy:104   last SA=0x1C
  PGN 64770  AISO stop:         1533   last 1554087 ms ago
  TOTAL:                        180542
--- Guidance telemetry ---
  XTE:          -0.01 m
  Speed:        0.00 m/s (0.01 kn)
  Quality:      4   RTK quality=4  IsRtkQuality=Y
  GGA fix age:  62 ms
  VTG fix age:  61 ms
  XTE fix age:  48 ms
  Lat/Lon/Alt/Course: 53.425369 / 6.720293 / 4.4 m / 138.9 deg
--- Virtual Terminal ---
  Connected:    Y
  State:        21/22  Connected
  VT version:  4
  VT status msgs: 1535   last 752 ms ago
  Partner: addr=0x26 valid=Y  reconnect attempts=0
--- Task Controller ---
  Connected:    Y
  TC-GEO (with/without pos): Y/Y
  Task active:  Y
  DRP deviation (DDI 513): 0 mm, last 1554087 ms ago
  GNSS quality (DDI 514):  0, last 1554087 ms ago
  Value commands (any DDI): 7  last DDI=515 (1398032 ms ago)
  Value requests (any DDI): 34773941
  Partner: addr=0xF7 valid=Y  reconnect attempts=0
  Tramline setpoint (DDI 506): 1  -> terminal DOES implement Tramline Control (1506038 ms ago)
  Guidance track (DDI 507-511): (none yet)
=== ISOBUS DEBUG MENU ===
1. Full status dump
2. Periodic summary line (OFF - press to toggle)
3. Reset message counters
4. Dump DDOP as hex (open in AgIsoDDOPGenerator)
5. Dump VT object pool as hex
q. Exit

# 12:19:53.388
=== ISOBUS STATUS ===
Address claim: CLAIMED  address=0x81
Bus load (ch0): 21.6 %
--- Message counters ---
  PGN 129025 Position NMEA2000: 0
  PGN 129026 Speed NMEA2000:    0
  PGN 129283 XTE NMEA2000:      0
  PGN 65267  Position legacy:   7610
  PGN 65256  Speed legacy:      7610   last SA=0x1C raw=0x0
  PGN 65535  XTE JD legacy:     163805   last SA=0xF0 word=0x0 byte1=0x0
             full payload:     0000000000000000  (17 ms ago)
  PGN 60160  XTE Trimble legacy:104   last SA=0x1C
  PGN 64770  AISO stop:         1534   last 1555134 ms ago
  TOTAL:                        180663
--- Guidance telemetry ---
  XTE:          -0.01 m
  Speed:        0.00 m/s (0.00 kn)
  Quality:      4   RTK quality=4  IsRtkQuality=Y
  GGA fix age:  109 ms
  VTG fix age:  108 ms
  XTE fix age:  91 ms
  Lat/Lon/Alt/Course: 53.425369 / 6.720293 / 4.4 m / 138.9 deg
--- Virtual Terminal ---
  Connected:    Y
  State:        21/22  Connected
  VT version:  4
  VT status msgs: 1536   last 799 ms ago
  Partner: addr=0x26 valid=Y  reconnect attempts=0
--- Task Controller ---
  Connected:    Y
  TC-GEO (with/without pos): Y/Y
  Task active:  Y
  DRP deviation (DDI 513): 0 mm, last 1555134 ms ago
  GNSS quality (DDI 514):  0, last 1555134 ms ago
  Value commands (any DDI): 7  last DDI=515 (1399079 ms ago)
  Value requests (any DDI): 34798005
  Partner: addr=0xF7 valid=Y  reconnect attempts=0
  Tramline setpoint (DDI 506): 1  -> terminal DOES implement Tramline Control (1507085 ms ago)
  Guidance track (DDI 507-511): (none yet)
=== ISOBUS DEBUG MENU ===
1. Full status dump
2. Periodic summary line (OFF - press to toggle)
3. Reset message counters
4. Dump DDOP as hex (open in AgIsoDDOPGenerator)
5. Dump VT object pool as hex
q. Exit

# 12:19:54.456
=== ISOBUS STATUS ===
Address claim: CLAIMED  address=0x81
Bus load (ch0): 21.6 %
--- Message counters ---
  PGN 129025 Position NMEA2000: 0
  PGN 129026 Speed NMEA2000:    0
  PGN 129283 XTE NMEA2000:      0
  PGN 65267  Position legacy:   7615
  PGN 65256  Speed legacy:      7615   last SA=0x1C raw=0x1
  PGN 65535  XTE JD legacy:     163914   last SA=0xF0 word=0x0 byte1=0x0
             full payload:     0000000000000000  (10 ms ago)
  PGN 60160  XTE Trimble legacy:104   last SA=0x1C
  PGN 64770  AISO stop:         1535   last 1556167 ms ago
  TOTAL:                        180783
--- Guidance telemetry ---
  XTE:          -0.01 m
  Speed:        0.00 m/s (0.00 kn)
  Quality:      4   RTK quality=4  IsRtkQuality=Y
  GGA fix age:  142 ms
  VTG fix age:  141 ms
  XTE fix age:  128 ms
  Lat/Lon/Alt/Course: 53.425369 / 6.720293 / 4.4 m / 138.9 deg
--- Virtual Terminal ---
  Connected:    Y
  State:        21/22  Connected
  VT version:  4
  VT status msgs: 1537   last 832 ms ago
  Partner: addr=0x26 valid=Y  reconnect attempts=0
--- Task Controller ---
  Connected:    Y
  TC-GEO (with/without pos): Y/Y
  Task active:  Y
  DRP deviation (DDI 513): 0 mm, last 1556167 ms ago
  GNSS quality (DDI 514):  0, last 1556167 ms ago
  Value commands (any DDI): 7  last DDI=515 (1400112 ms ago)
  Value requests (any DDI): 34821757
  Partner: addr=0xF7 valid=Y  reconnect attempts=0
  Tramline setpoint (DDI 506): 1  -> terminal DOES implement Tramline Control (1508118 ms ago)
  Guidance track (DDI 507-511): (none yet)
=== ISOBUS DEBUG MENU ===
1. Full status dump
2. Periodic summary line (OFF - press to toggle)
3. Reset message counters
4. Dump DDOP as hex (open in AgIsoDDOPGenerator)
5. Dump VT object pool as hex
q. Exit

# 12:19:55.474
=== ISOBUS STATUS ===
Address claim: CLAIMED  address=0x81
Bus load (ch0): 21.4 %
--- Message counters ---
  PGN 129025 Position NMEA2000: 0
  PGN 129026 Speed NMEA2000:    0
  PGN 129283 XTE NMEA2000:      0
  PGN 65267  Position legacy:   7621
  PGN 65256  Speed legacy:      7621   last SA=0x1C raw=0x1
  PGN 65535  XTE JD legacy:     164031   last SA=0x1C word=0x0 byte1=0x0
             full payload:     0000000000000000  (3 ms ago)
  PGN 60160  XTE Trimble legacy:104   last SA=0x1C
  PGN 64770  AISO stop:         1536   last 1557234 ms ago
  TOTAL:                        180913
--- Guidance telemetry ---
  XTE:          -0.01 m
  Speed:        0.00 m/s (0.00 kn)
  Quality:      4   RTK quality=4  IsRtkQuality=Y
  GGA fix age:  9 ms
  VTG fix age:  8 ms
  XTE fix age:  195 ms
  Lat/Lon/Alt/Course: 53.425369 / 6.720293 / 4.4 m / 138.9 deg
--- Virtual Terminal ---
  Connected:    Y
  State:        21/22  Connected
  VT version:  4
  VT status msgs: 1538   last 899 ms ago
  Partner: addr=0x26 valid=Y  reconnect attempts=0
--- Task Controller ---
  Connected:    Y
  TC-GEO (with/without pos): Y/Y
  Task active:  Y
  DRP deviation (DDI 513): 0 mm, last 1557234 ms ago
  GNSS quality (DDI 514):  0, last 1557234 ms ago
  Value commands (any DDI): 7  last DDI=515 (1401179 ms ago)
  Value requests (any DDI): 34846309
  Partner: addr=0xF7 valid=Y  reconnect attempts=0
  Tramline setpoint (DDI 506): 1  -> terminal DOES implement Tramline Control (1509185 ms ago)
  Guidance track (DDI 507-511): (none yet)
=== ISOBUS DEBUG MENU ===
1. Full status dump
2. Periodic summary line (OFF - press to toggle)
3. Reset message counters
4. Dump DDOP as hex (open in AgIsoDDOPGenerator)
5. Dump VT object pool as hex
q. Exit

# 12:19:56.514
=== ISOBUS STATUS ===
Address claim: CLAIMED  address=0x81
Bus load (ch0): 22.6 %
--- Message counters ---
  PGN 129025 Position NMEA2000: 0
  PGN 129026 Speed NMEA2000:    0
  PGN 129283 XTE NMEA2000:      0
  PGN 65267  Position legacy:   7626
  PGN 65256  Speed legacy:      7626   last SA=0x1C raw=0x0
  PGN 65535  XTE JD legacy:     164141   last SA=0x2A word=0x7CFF byte1=0x15
             full payload:     771510FF7C2E85FF  (13 ms ago)
  PGN 60160  XTE Trimble legacy:104   last SA=0x1C
  PGN 64770  AISO stop:         1537   last 1558252 ms ago
  TOTAL:                        181034
--- Guidance telemetry ---
  XTE:          -0.01 m
  Speed:        0.00 m/s (0.00 kn)
  Quality:      4   RTK quality=4  IsRtkQuality=Y
  GGA fix age:  27 ms
  VTG fix age:  26 ms
  XTE fix age:  13 ms
  Lat/Lon/Alt/Course: 53.425369 / 6.720293 / 4.4 m / 138.9 deg
--- Virtual Terminal ---
  Connected:    Y
  State:        21/22  Connected
  VT version:  4
  VT status msgs: 1539   last 917 ms ago
  Partner: addr=0x26 valid=Y  reconnect attempts=0
--- Task Controller ---
  Connected:    Y
  TC-GEO (with/without pos): Y/Y
  Task active:  Y
  DRP deviation (DDI 513): 0 mm, last 1558252 ms ago
  GNSS quality (DDI 514):  0, last 1558252 ms ago
  Value commands (any DDI): 7  last DDI=515 (1402197 ms ago)
  Value requests (any DDI): 34869723
  Partner: addr=0xF7 valid=Y  reconnect attempts=0
  Tramline setpoint (DDI 506): 1  -> terminal DOES implement Tramline Control (1510203 ms ago)
  Guidance track (DDI 507-511): (none yet)
=== ISOBUS DEBUG MENU ===
1. Full status dump
2. Periodic summary line (OFF - press to toggle)
3. Reset message counters
4. Dump DDOP as hex (open in AgIsoDDOPGenerator)
5. Dump VT object pool as hex
q. Exit

# 12:19:57.548
=== ISOBUS STATUS ===
Address claim: CLAIMED  address=0x81
Bus load (ch0): 22.9 %
--- Message counters ---
  PGN 129025 Position NMEA2000: 0
  PGN 129026 Speed NMEA2000:    0
  PGN 129283 XTE NMEA2000:      0
  PGN 65267  Position legacy:   7631
  PGN 65256  Speed legacy:      7631   last SA=0x1C raw=0x161
  PGN 65535  XTE JD legacy:     164247   last SA=0xF0 word=0x0 byte1=0x0
             full payload:     0000000000000000  (17 ms ago)
  PGN 60160  XTE Trimble legacy:104   last SA=0x1C
  PGN 64770  AISO stop:         1538   last 1559294 ms ago
  TOTAL:                        181151
--- Guidance telemetry ---
  XTE:          0.34 m
  Speed:        0.71 m/s (1.38 kn)
  Quality:      4   RTK quality=4  IsRtkQuality=Y
  GGA fix age:  69 ms
  VTG fix age:  68 ms
  XTE fix age:  55 ms
  Lat/Lon/Alt/Course: 53.425365 / 6.720297 / 4.4 m / 138.7 deg
--- Virtual Terminal ---
  Connected:    Y
  State:        21/22  Connected
  VT version:  4
  VT status msgs: 1540   last 959 ms ago
  Partner: addr=0x26 valid=Y  reconnect attempts=0
--- Task Controller ---
  Connected:    Y
  TC-GEO (with/without pos): Y/Y
  Task active:  Y
  DRP deviation (DDI 513): 0 mm, last 1559294 ms ago
  GNSS quality (DDI 514):  0, last 1559294 ms ago
  Value commands (any DDI): 7  last DDI=515 (1403239 ms ago)
  Value requests (any DDI): 34893025
  Partner: addr=0xF7 valid=Y  reconnect attempts=0
  Tramline setpoint (DDI 506): 1  -> terminal DOES implement Tramline Control (1511245 ms ago)
  Guidance track (DDI 507-511): (none yet)
=== ISOBUS DEBUG MENU ===
1. Full status dump
2. Periodic summary line (OFF - press to toggle)
3. Reset message counters
4. Dump DDOP as hex (open in AgIsoDDOPGenerator)
5. Dump VT object pool as hex
q. Exit

# 12:19:58.562
=== ISOBUS STATUS ===
Address claim: CLAIMED  address=0x81
Bus load (ch0): 23.3 %
--- Message counters ---
  PGN 129025 Position NMEA2000: 0
  PGN 129026 Speed NMEA2000:    0
  PGN 129283 XTE NMEA2000:      0
  PGN 65267  Position legacy:   7636
  PGN 65256  Speed legacy:      7636   last SA=0x1C raw=0x209
  PGN 65535  XTE JD legacy:     164359   last SA=0xF0 word=0x0 byte1=0x0
             full payload:     0000000000000000  (0 ms ago)
  PGN 60160  XTE Trimble legacy:104   last SA=0x1C
  PGN 64770  AISO stop:         1539   last 1560327 ms ago
  TOTAL:                        181274
--- Guidance telemetry ---
  XTE:          0.88 m
  Speed:        1.05 m/s (2.04 kn)
  Quality:      4   RTK quality=4  IsRtkQuality=Y
  GGA fix age:  102 ms
  VTG fix age:  101 ms
  XTE fix age:  88 ms
  Lat/Lon/Alt/Course: 53.425362 / 6.720303 / 4.4 m / 139.0 deg
--- Virtual Terminal ---
  Connected:    Y
  State:        21/22  Connected
  VT version:  4
  VT status msgs: 1541   last 992 ms ago
  Partner: addr=0x26 valid=Y  reconnect attempts=0
--- Task Controller ---
  Connected:    Y
  TC-GEO (with/without pos): Y/Y
  Task active:  Y
  DRP deviation (DDI 513): 0 mm, last 1560327 ms ago
  GNSS quality (DDI 514):  0, last 1560327 ms ago
  Value commands (any DDI): 7  last DDI=515 (1404272 ms ago)
  Value requests (any DDI): 34916226
  Partner: addr=0xF7 valid=Y  reconnect attempts=0
  Tramline setpoint (DDI 506): 1  -> terminal DOES implement Tramline Control (1512278 ms ago)
  Guidance track (DDI 507-511): (none yet)
=== ISOBUS DEBUG MENU ===
1. Full status dump
2. Periodic summary line (OFF - press to toggle)
3. Reset message counters
4. Dump DDOP as hex (open in AgIsoDDOPGenerator)
5. Dump VT object pool as hex
q. Exit

# 12:19:59.622
=== ISOBUS STATUS ===
Address claim: CLAIMED  address=0x81
Bus load (ch0): 23.2 %
--- Message counters ---
  PGN 129025 Position NMEA2000: 0
  PGN 129026 Speed NMEA2000:    0
  PGN 129283 XTE NMEA2000:      0
  PGN 65267  Position legacy:   7641
  PGN 65256  Speed legacy:      7641   last SA=0x1C raw=0x20B
  PGN 65535  XTE JD legacy:     164466   last SA=0xF0 word=0x0 byte1=0x0
             full payload:     0000000000000000  (11 ms ago)
  PGN 60160  XTE Trimble legacy:104   last SA=0x1C
  PGN 64770  AISO stop:         1540   last 1561338 ms ago
  TOTAL:                        181392
--- Guidance telemetry ---
  XTE:          1.40 m
  Speed:        1.05 m/s (2.04 kn)
  Quality:      4   RTK quality=4  IsRtkQuality=Y
  GGA fix age:  113 ms
  VTG fix age:  112 ms
  XTE fix age:  99 ms
  Lat/Lon/Alt/Course: 53.425362 / 6.720308 / 4.4 m / 139.2 deg
--- Virtual Terminal ---
  Connected:    Y
  State:        21/22  Connected
  VT version:  4
  VT status msgs: 1543   last 3 ms ago
  Partner: addr=0x26 valid=Y  reconnect attempts=0
--- Task Controller ---
  Connected:    Y
  TC-GEO (with/without pos): Y/Y
  Task active:  Y
  DRP deviation (DDI 513): 0 mm, last 1561338 ms ago
  GNSS quality (DDI 514):  0, last 1561338 ms ago
  Value commands (any DDI): 7  last DDI=515 (1405283 ms ago)
  Value requests (any DDI): 34939012
  Partner: addr=0xF7 valid=Y  reconnect attempts=0
  Tramline setpoint (DDI 506): 1  -> terminal DOES implement Tramline Control (1513289 ms ago)
  Guidance track (DDI 507-511): (none yet)
=== ISOBUS DEBUG MENU ===
1. Full status dump
2. Periodic summary line (OFF - press to toggle)
3. Reset message counters
4. Dump DDOP as hex (open in AgIsoDDOPGenerator)
5. Dump VT object pool as hex
q. Exit

# 12:20:00.637
=== ISOBUS STATUS ===
Address claim: CLAIMED  address=0x81
Bus load (ch0): 23.6 %
--- Message counters ---
  PGN 129025 Position NMEA2000: 0
  PGN 129026 Speed NMEA2000:    0
  PGN 129283 XTE NMEA2000:      0
  PGN 65267  Position legacy:   7646
  PGN 65256  Speed legacy:      7646   last SA=0x1C raw=0x200
  PGN 65535  XTE JD legacy:     164577   last SA=0xF0 word=0x0 byte1=0x0
             full payload:     0000000000000000  (4 ms ago)
  PGN 60160  XTE Trimble legacy:104   last SA=0x1C
  PGN 64770  AISO stop:         1541   last 1562401 ms ago
  TOTAL:                        181514
--- Guidance telemetry ---
  XTE:          -1.09 m
  Speed:        1.03 m/s (2.00 kn)
  Quality:      4   RTK quality=4  IsRtkQuality=Y
  GGA fix age:  176 ms
  VTG fix age:  175 ms
  XTE fix age:  162 ms
  Lat/Lon/Alt/Course: 53.425358 / 6.720314 / 4.4 m / 139.5 deg
--- Virtual Terminal ---
  Connected:    Y
  State:        21/22  Connected
  VT version:  4
  VT status msgs: 1544   last 66 ms ago
  Partner: addr=0x26 valid=Y  reconnect attempts=0
--- Task Controller ---
  Connected:    Y
  TC-GEO (with/without pos): Y/Y
  Task active:  Y
  DRP deviation (DDI 513): 0 mm, last 1562401 ms ago
  GNSS quality (DDI 514):  0, last 1562401 ms ago
  Value commands (any DDI): 7  last DDI=515 (1406346 ms ago)
  Value requests (any DDI): 34963089
  Partner: addr=0xF7 valid=Y  reconnect attempts=0
  Tramline setpoint (DDI 506): 1  -> terminal DOES implement Tramline Control (1514352 ms ago)
  Guidance track (DDI 507-511): (none yet)
=== ISOBUS DEBUG MENU ===
1. Full status dump
2. Periodic summary line (OFF - press to toggle)
3. Reset message counters
4. Dump DDOP as hex (open in AgIsoDDOPGenerator)
5. Dump VT object pool as hex
q. Exit

# 12:20:01.676
=== ISOBUS STATUS ===
Address claim: CLAIMED  address=0x81
Bus load (ch0): 24.1 %
--- Message counters ---
  PGN 129025 Position NMEA2000: 0
  PGN 129026 Speed NMEA2000:    0
  PGN 129283 XTE NMEA2000:      0
  PGN 65267  Position legacy:   7651
  PGN 65256  Speed legacy:      7651   last SA=0x1C raw=0x203
  PGN 65535  XTE JD legacy:     164686   last SA=0xF0 word=0x0 byte1=0x0
             full payload:     0000000000000000  (1 ms ago)
  PGN 60160  XTE Trimble legacy:104   last SA=0x1C
  PGN 64770  AISO stop:         1543   last 1563419 ms ago
  TOTAL:                        181635
--- Guidance telemetry ---
  XTE:          -0.57 m
  Speed:        1.03 m/s (2.01 kn)
  Quality:      4   RTK quality=4  IsRtkQuality=Y
  GGA fix age:  194 ms
  VTG fix age:  193 ms
  XTE fix age:  180 ms
  Lat/Lon/Alt/Course: 53.425354 / 6.720319 / 4.4 m / 139.6 deg
--- Virtual Terminal ---
  Connected:    Y
  State:        21/22  Connected
  VT version:  4
  VT status msgs: 1545   last 84 ms ago
  Partner: addr=0x26 valid=Y  reconnect attempts=0
--- Task Controller ---
  Connected:    Y
  TC-GEO (with/without pos): Y/Y
  Task active:  Y
  DRP deviation (DDI 513): 0 mm, last 1563419 ms ago
  GNSS quality (DDI 514):  0, last 1563419 ms ago
  Value commands (any DDI): 7  last DDI=515 (1407364 ms ago)
  Value requests (any DDI): 34985863
  Partner: addr=0xF7 valid=Y  reconnect attempts=0
  Tramline setpoint (DDI 506): 1  -> terminal DOES implement Tramline Control (1515370 ms ago)
  Guidance track (DDI 507-511): (none yet)
=== ISOBUS DEBUG MENU ===
1. Full status dump
2. Periodic summary line (OFF - press to toggle)
3. Reset message counters
4. Dump DDOP as hex (open in AgIsoDDOPGenerator)
5. Dump VT object pool as hex
q. Exit
VT: Wider pressed

# 12:20:02.724
=== ISOBUS STATUS ===
Address claim: CLAIMED  address=0x81
Bus load (ch0): 24.1 %
--- Message counters ---
  PGN 129025 Position NMEA2000: 0
  PGN 129026 Speed NMEA2000:    0
  PGN 129283 XTE NMEA2000:      0
  PGN 65267  Position legacy:   7657
  PGN 65256  Speed legacy:      7657   last SA=0x1C raw=0x213
  PGN 65535  XTE JD legacy:     164802   last SA=0x2A word=0x7D0A byte1=0x15
             full payload:     7715100A7D0585FF  (16 ms ago)
  PGN 60160  XTE Trimble legacy:104   last SA=0x1C
  PGN 64770  AISO stop:         1544   last 1564456 ms ago
  TOTAL:                        181764
--- Guidance telemetry ---
  XTE:          0.05 m
  Speed:        1.07 m/s (2.07 kn)
  Quality:      4   RTK quality=4  IsRtkQuality=Y
  GGA fix age:  31 ms
  VTG fix age:  30 ms
  XTE fix age:  16 ms
  Lat/Lon/Alt/Course: 53.425346 / 6.720325 / 4.4 m / 139.2 deg
--- Virtual Terminal ---
  Connected:    Y
  State:        21/22  Connected
  VT version:  4
  VT status msgs: 1546   last 121 ms ago
  Partner: addr=0x26 valid=Y  reconnect attempts=0
--- Task Controller ---
  Connected:    Y
  TC-GEO (with/without pos): Y/Y
  Task active:  Y
  DRP deviation (DDI 513): 0 mm, last 1564456 ms ago
  GNSS quality (DDI 514):  0, last 1564456 ms ago
  Value commands (any DDI): 7  last DDI=515 (1408401 ms ago)
  Value requests (any DDI): 35009179
  Partner: addr=0xF7 valid=Y  reconnect attempts=0
  Tramline setpoint (DDI 506): 1  -> terminal DOES implement Tramline Control (1516407 ms ago)
  Guidance track (DDI 507-511): (none yet)
=== ISOBUS DEBUG MENU ===
1. Full status dump
2. Periodic summary line (OFF - press to toggle)
3. Reset message counters
4. Dump DDOP as hex (open in AgIsoDDOPGenerator)
5. Dump VT object pool as hex
q. Exit
VT: Wider pressed

# 12:20:03.748
=== ISOBUS STATUS ===
Address claim: CLAIMED  address=0x81
Bus load (ch0): 23.8 %
--- Message counters ---
  PGN 129025 Position NMEA2000: 0
  PGN 129026 Speed NMEA2000:    0
  PGN 129283 XTE NMEA2000:      0
  PGN 65267  Position legacy:   7662
  PGN 65256  Speed legacy:      7662   last SA=0x1C raw=0x207
  PGN 65535  XTE JD legacy:     164912   last SA=0xF0 word=0x0 byte1=0x0
             full payload:     0000000000000000  (4 ms ago)
  PGN 60160  XTE Trimble legacy:104   last SA=0x1C
  PGN 64770  AISO stop:         1545   last 1565504 ms ago
  TOTAL:                        181885
--- Guidance telemetry ---
  XTE:          0.56 m
  Speed:        1.04 m/s (2.03 kn)
  Quality:      4   RTK quality=4  IsRtkQuality=Y
  GGA fix age:  79 ms
  VTG fix age:  78 ms
  XTE fix age:  65 ms
  Lat/Lon/Alt/Course: 53.425343 / 6.720331 / 4.4 m / 139.5 deg
--- Virtual Terminal ---
  Connected:    Y
  State:        21/22  Connected
  VT version:  4
  VT status msgs: 1547   last 169 ms ago
  Partner: addr=0x26 valid=Y  reconnect attempts=0
--- Task Controller ---
  Connected:    Y
  TC-GEO (with/without pos): Y/Y
  Task active:  Y
  DRP deviation (DDI 513): 0 mm, last 1565504 ms ago
  GNSS quality (DDI 514):  0, last 1565504 ms ago
  Value commands (any DDI): 7  last DDI=515 (1409449 ms ago)
  Value requests (any DDI): 35032896
  Partner: addr=0xF7 valid=Y  reconnect attempts=0
  Tramline setpoint (DDI 506): 1  -> terminal DOES implement Tramline Control (1517455 ms ago)
  Guidance track (DDI 507-511): (none yet)
=== ISOBUS DEBUG MENU ===
1. Full status dump
2. Periodic summary line (OFF - press to toggle)
3. Reset message counters
4. Dump DDOP as hex (open in AgIsoDDOPGenerator)
5. Dump VT object pool as hex
q. Exit
VT: Wider pressed

# 12:20:04.788
=== ISOBUS STATUS ===
Address claim: CLAIMED  address=0x81
Bus load (ch0): 23.4 %
--- Message counters ---
  PGN 129025 Position NMEA2000: 0
  PGN 129026 Speed NMEA2000:    0
  PGN 129283 XTE NMEA2000:      0
  PGN 65267  Position legacy:   7667
  PGN 65256  Speed legacy:      7667   last SA=0x1C raw=0x206
  PGN 65535  XTE JD legacy:     165020   last SA=0xF0 word=0x0 byte1=0x0
             full payload:     0000000000000000  (10 ms ago)
  PGN 60160  XTE Trimble legacy:104   last SA=0x1C
  PGN 64770  AISO stop:         1546   last 1566527 ms ago
  TOTAL:                        182004
--- Guidance telemetry ---
  XTE:          1.08 m
  Speed:        1.04 m/s (2.02 kn)
  Quality:      4   RTK quality=4  IsRtkQuality=Y
  GGA fix age:  102 ms
  VTG fix age:  101 ms
  XTE fix age:  87 ms
  Lat/Lon/Alt/Course: 53.425343 / 6.720337 / 4.4 m / 139.8 deg
--- Virtual Terminal ---
  Connected:    Y
  State:        21/22  Connected
  VT version:  4
  VT status msgs: 1548   last 192 ms ago
  Partner: addr=0x26 valid=Y  reconnect attempts=0
--- Task Controller ---
  Connected:    Y
  TC-GEO (with/without pos): Y/Y
  Task active:  Y
  DRP deviation (DDI 513): 0 mm, last 1566527 ms ago
  GNSS quality (DDI 514):  0, last 1566527 ms ago
  Value commands (any DDI): 7  last DDI=515 (1410472 ms ago)
  Value requests (any DDI): 35055950
  Partner: addr=0xF7 valid=Y  reconnect attempts=0
  Tramline setpoint (DDI 506): 1  -> terminal DOES implement Tramline Control (1518478 ms ago)
  Guidance track (DDI 507-511): (none yet)
=== ISOBUS DEBUG MENU ===
1. Full status dump
2. Periodic summary line (OFF - press to toggle)
3. Reset message counters
4. Dump DDOP as hex (open in AgIsoDDOPGenerator)
5. Dump VT object pool as hex
q. Exit
VT: Wider pressed

# 12:20:05.812
=== ISOBUS STATUS ===
Address claim: CLAIMED  address=0x81
Bus load (ch0): 23.1 %
--- Message counters ---
  PGN 129025 Position NMEA2000: 0
  PGN 129026 Speed NMEA2000:    0
  PGN 129283 XTE NMEA2000:      0
  PGN 65267  Position legacy:   7672
  PGN 65256  Speed legacy:      7672   last SA=0x1C raw=0x20B
  PGN 65535  XTE JD legacy:     165131   last SA=0xF0 word=0x0 byte1=0x0
             full payload:     0000000000000000  (5 ms ago)
  PGN 60160  XTE Trimble legacy:104   last SA=0x1C
  PGN 64770  AISO stop:         1547   last 1567582 ms ago
  TOTAL:                        182126
--- Guidance telemetry ---
  XTE:          -1.40 m
  Speed:        1.05 m/s (2.04 kn)
  Quality:      4   RTK quality=4  IsRtkQuality=Y
  GGA fix age:  152 ms
  VTG fix age:  151 ms
  XTE fix age:  139 ms
  Lat/Lon/Alt/Course: 53.425339 / 6.720343 / 4.4 m / 139.6 deg
--- Virtual Terminal ---
  Connected:    Y
  State:        21/22  Connected
  VT version:  4
  VT status msgs: 1549   last 247 ms ago
  Partner: addr=0x26 valid=Y  reconnect attempts=0
--- Task Controller ---
  Connected:    Y
  TC-GEO (with/without pos): Y/Y
  Task active:  Y
  DRP deviation (DDI 513): 0 mm, last 1567582 ms ago
  GNSS quality (DDI 514):  0, last 1567582 ms ago
  Value commands (any DDI): 7  last DDI=515 (1411527 ms ago)
  Value requests (any DDI): 35079811
  Partner: addr=0xF7 valid=Y  reconnect attempts=0
  Tramline setpoint (DDI 506): 1  -> terminal DOES implement Tramline Control (1519533 ms ago)
  Guidance track (DDI 507-511): (none yet)
=== ISOBUS DEBUG MENU ===
1. Full status dump
2. Periodic summary line (OFF - press to toggle)
3. Reset message counters
4. Dump DDOP as hex (open in AgIsoDDOPGenerator)
5. Dump VT object pool as hex
q. Exit
VT: Wider pressed

# 12:20:06.840
=== ISOBUS STATUS ===
Address claim: CLAIMED  address=0x81
Bus load (ch0): 23.9 %
--- Message counters ---
  PGN 129025 Position NMEA2000: 0
  PGN 129026 Speed NMEA2000:    0
  PGN 129283 XTE NMEA2000:      0
  PGN 65267  Position legacy:   7677
  PGN 65256  Speed legacy:      7677   last SA=0x1C raw=0x203
  PGN 65535  XTE JD legacy:     165238   last SA=0xF0 word=0x0 byte1=0x0
             full payload:     0000000000000000  (14 ms ago)
  PGN 60160  XTE Trimble legacy:104   last SA=0x1C
  PGN 64770  AISO stop:         1548   last 1568591 ms ago
  TOTAL:                        182244
--- Guidance telemetry ---
  XTE:          -0.90 m
  Speed:        1.03 m/s (2.01 kn)
  Quality:      4   RTK quality=4  IsRtkQuality=Y
  GGA fix age:  167 ms
  VTG fix age:  165 ms
  XTE fix age:  151 ms
  Lat/Lon/Alt/Course: 53.425331 / 6.720348 / 4.4 m / 139.8 deg
--- Virtual Terminal ---
  Connected:    Y
  State:        21/22  Connected
  VT version:  4
  VT status msgs: 1550   last 256 ms ago
  Partner: addr=0x26 valid=Y  reconnect attempts=0
--- Task Controller ---
  Connected:    Y
  TC-GEO (with/without pos): Y/Y
  Task active:  Y
  DRP deviation (DDI 513): 0 mm, last 1568591 ms ago
  GNSS quality (DDI 514):  0, last 1568591 ms ago
  Value commands (any DDI): 7  last DDI=515 (1412536 ms ago)
  Value requests (any DDI): 35102599
  Partner: addr=0xF7 valid=Y  reconnect attempts=0
  Tramline setpoint (DDI 506): 1  -> terminal DOES implement Tramline Control (1520542 ms ago)
  Guidance track (DDI 507-511): (none yet)
=== ISOBUS DEBUG MENU ===
1. Full status dump
2. Periodic summary line (OFF - press to toggle)
3. Reset message counters
4. Dump DDOP as hex (open in AgIsoDDOPGenerator)
5. Dump VT object pool as hex
q. Exit

# 12:20:07.899
=== ISOBUS STATUS ===
Address claim: CLAIMED  address=0x81
Bus load (ch0): 22.9 %
--- Message counters ---
  PGN 129025 Position NMEA2000: 0
  PGN 129026 Speed NMEA2000:    0
  PGN 129283 XTE NMEA2000:      0
  PGN 65267  Position legacy:   7682
  PGN 65256  Speed legacy:      7682   last SA=0x1C raw=0x20D
  PGN 65535  XTE JD legacy:     165347   last SA=0xF0 word=0x0 byte1=0x0
             full payload:     0000000000000000  (4 ms ago)
  PGN 60160  XTE Trimble legacy:104   last SA=0x1C
  PGN 64770  AISO stop:         1549   last 1569622 ms ago
  TOTAL:                        182364
--- Guidance telemetry ---
  XTE:          -0.38 m
  Speed:        1.06 m/s (2.05 kn)
  Quality:      4   RTK quality=4  IsRtkQuality=Y
  GGA fix age:  198 ms
  VTG fix age:  196 ms
  XTE fix age:  182 ms
  Lat/Lon/Alt/Course: 53.425327 / 6.720354 / 4.4 m / 139.8 deg
--- Virtual Terminal ---
  Connected:    Y
  State:        21/22  Connected
  VT version:  4
  VT status msgs: 1551   last 287 ms ago
  Partner: addr=0x26 valid=Y  reconnect attempts=0
--- Task Controller ---
  Connected:    Y
  TC-GEO (with/without pos): Y/Y
  Task active:  Y
  DRP deviation (DDI 513): 0 mm, last 1569622 ms ago
  GNSS quality (DDI 514):  0, last 1569622 ms ago
  Value commands (any DDI): 7  last DDI=515 (1413567 ms ago)
  Value requests (any DDI): 35125894
  Partner: addr=0xF7 valid=Y  reconnect attempts=0
  Tramline setpoint (DDI 506): 1  -> terminal DOES implement Tramline Control (1521573 ms ago)
  Guidance track (DDI 507-511): (none yet)
=== ISOBUS DEBUG MENU ===
1. Full status dump
2. Periodic summary line (OFF - press to toggle)
3. Reset message counters
4. Dump DDOP as hex (open in AgIsoDDOPGenerator)
5. Dump VT object pool as hex
q. Exit

# 12:20:08.909
=== ISOBUS STATUS ===
Address claim: CLAIMED  address=0x81
Bus load (ch0): 24.0 %
--- Message counters ---
  PGN 129025 Position NMEA2000: 0
  PGN 129026 Speed NMEA2000:    0
  PGN 129283 XTE NMEA2000:      0
  PGN 65267  Position legacy:   7688
  PGN 65256  Speed legacy:      7688   last SA=0x1C raw=0x1DB
  PGN 65535  XTE JD legacy:     165465   last SA=0xF0 word=0x0 byte1=0x0
             full payload:     0000000000000000  (0 ms ago)
  PGN 60160  XTE Trimble legacy:104   last SA=0x1C
  PGN 64770  AISO stop:         1550   last 1570678 ms ago
  TOTAL:                        182495
--- Guidance telemetry ---
  XTE:          0.20 m
  Speed:        0.95 m/s (1.86 kn)
  Quality:      4   RTK quality=4  IsRtkQuality=Y
  GGA fix age:  53 ms
  VTG fix age:  52 ms
  XTE fix age:  38 ms
  Lat/Lon/Alt/Course: 53.425323 / 6.720359 / 4.4 m / 140.1 deg
--- Virtual Terminal ---
  Connected:    Y
  State:        21/22  Connected
  VT version:  4
  VT status msgs: 1552   last 342 ms ago
  Partner: addr=0x26 valid=Y  reconnect attempts=0
--- Task Controller ---
  Connected:    Y
  TC-GEO (with/without pos): Y/Y
  Task active:  Y
  DRP deviation (DDI 513): 0 mm, last 1570678 ms ago
  GNSS quality (DDI 514):  0, last 1570678 ms ago
  Value commands (any DDI): 7  last DDI=515 (1414623 ms ago)
  Value requests (any DDI): 35149541
  Partner: addr=0xF7 valid=Y  reconnect attempts=0
  Tramline setpoint (DDI 506): 1  -> terminal DOES implement Tramline Control (1522629 ms ago)
  Guidance track (DDI 507-511): (none yet)
=== ISOBUS DEBUG MENU ===
1. Full status dump
2. Periodic summary line (OFF - press to toggle)
3. Reset message counters
4. Dump DDOP as hex (open in AgIsoDDOPGenerator)
5. Dump VT object pool as hex
q. Exit

# 12:20:09.929
=== ISOBUS STATUS ===
Address claim: CLAIMED  address=0x81
Bus load (ch0): 23.7 %
--- Message counters ---
  PGN 129025 Position NMEA2000: 0
  PGN 129026 Speed NMEA2000:    0
  PGN 129283 XTE NMEA2000:      0
  PGN 65267  Position legacy:   7693
  PGN 65256  Speed legacy:      7693   last SA=0x1C raw=0xAE
  PGN 65535  XTE JD legacy:     165569   last SA=0xF0 word=0x0 byte1=0x0
             full payload:     0000000000000000  (10 ms ago)
  PGN 60160  XTE Trimble legacy:104   last SA=0x1C
  PGN 64770  AISO stop:         1551   last 1571688 ms ago
  TOTAL:                        182610
--- Guidance telemetry ---
  XTE:          0.09 m
  Speed:        0.35 m/s (0.68 kn)
  Quality:      4   RTK quality=4  IsRtkQuality=Y
  GGA fix age:  64 ms
  VTG fix age:  62 ms
  XTE fix age:  48 ms
  Lat/Lon/Alt/Course: 53.425323 / 6.720358 / 4.2 m / 140.1 deg
--- Virtual Terminal ---
  Connected:    Y
  State:        21/22  Connected
  VT version:  4
  VT status msgs: 1553   last 353 ms ago
  Partner: addr=0x26 valid=Y  reconnect attempts=0
--- Task Controller ---
  Connected:    Y
  TC-GEO (with/without pos): Y/Y
  Task active:  Y
  DRP deviation (DDI 513): 0 mm, last 1571688 ms ago
  GNSS quality (DDI 514):  0, last 1571688 ms ago
  Value commands (any DDI): 7  last DDI=515 (1415633 ms ago)
  Value requests (any DDI): 35172149
  Partner: addr=0xF7 valid=Y  reconnect attempts=0
  Tramline setpoint (DDI 506): 1  -> terminal DOES implement Tramline Control (1523639 ms ago)
  Guidance track (DDI 507-511): (none yet)
=== ISOBUS DEBUG MENU ===
1. Full status dump
2. Periodic summary line (OFF - press to toggle)
3. Reset message counters
4. Dump DDOP as hex (open in AgIsoDDOPGenerator)
5. Dump VT object pool as hex
q. Exit

# 12:20:10.958
=== ISOBUS STATUS ===
Address claim: CLAIMED  address=0x81
Bus load (ch0): 23.5 %
--- Message counters ---
  PGN 129025 Position NMEA2000: 0
  PGN 129026 Speed NMEA2000:    0
  PGN 129283 XTE NMEA2000:      0
  PGN 65267  Position legacy:   7698
  PGN 65256  Speed legacy:      7698   last SA=0x1C raw=0x163
  PGN 65535  XTE JD legacy:     165677   last SA=0xF0 word=0x0 byte1=0x0
             full payload:     0000000000000000  (1 ms ago)
  PGN 60160  XTE Trimble legacy:104   last SA=0x1C
  PGN 64770  AISO stop:         1552   last 1572719 ms ago
  TOTAL:                        182729
--- Guidance telemetry ---
  XTE:          0.27 m
  Speed:        0.71 m/s (1.39 kn)
  Quality:      4   RTK quality=4  IsRtkQuality=Y
  GGA fix age:  95 ms
  VTG fix age:  93 ms
  XTE fix age:  79 ms
  Lat/Lon/Alt/Course: 53.425327 / 6.720355 / 4.4 m / 320.0 deg
--- Virtual Terminal ---
  Connected:    Y
  State:        21/22  Connected
  VT version:  4
  VT status msgs: 1554   last 383 ms ago
  Partner: addr=0x26 valid=Y  reconnect attempts=0
--- Task Controller ---
  Connected:    Y
  TC-GEO (with/without pos): Y/Y
  Task active:  Y
  DRP deviation (DDI 513): 0 mm, last 1572719 ms ago
  GNSS quality (DDI 514):  0, last 1572719 ms ago
  Value commands (any DDI): 7  last DDI=515 (1416664 ms ago)
  Value requests (any DDI): 35195149
  Partner: addr=0xF7 valid=Y  reconnect attempts=0
  Tramline setpoint (DDI 506): 1  -> terminal DOES implement Tramline Control (1524670 ms ago)
  Guidance track (DDI 507-511): (none yet)
=== ISOBUS DEBUG MENU ===
1. Full status dump
2. Periodic summary line (OFF - press to toggle)
3. Reset message counters
4. Dump DDOP as hex (open in AgIsoDDOPGenerator)
5. Dump VT object pool as hex
q. Exit
VT: Narrower pressed

# 12:20:11.980
=== ISOBUS STATUS ===
Address claim: CLAIMED  address=0x81
Bus load (ch0): 24.3 %
--- Message counters ---
  PGN 129025 Position NMEA2000: 0
  PGN 129026 Speed NMEA2000:    0
  PGN 129283 XTE NMEA2000:      0
  PGN 65267  Position legacy:   7703
  PGN 65256  Speed legacy:      7703   last SA=0x1C raw=0x16F
  PGN 65535  XTE JD legacy:     165785   last SA=0xF0 word=0x0 byte1=0x0
             full payload:     0000000000000000  (9 ms ago)
  PGN 60160  XTE Trimble legacy:104   last SA=0x1C
  PGN 64770  AISO stop:         1553   last 1573738 ms ago
  TOTAL:                        182848
--- Guidance telemetry ---
  XTE:          0.64 m
  Speed:        0.74 m/s (1.43 kn)
  Quality:      4   RTK quality=4  IsRtkQuality=Y
  GGA fix age:  114 ms
  VTG fix age:  112 ms
  XTE fix age:  98 ms
  Lat/Lon/Alt/Course: 53.425331 / 6.720350 / 4.4 m / 319.7 deg
--- Virtual Terminal ---
  Connected:    Y
  State:        21/22  Connected
  VT version:  4
  VT status msgs: 1555   last 403 ms ago
  Partner: addr=0x26 valid=Y  reconnect attempts=0
--- Task Controller ---
  Connected:    Y
  TC-GEO (with/without pos): Y/Y
  Task active:  Y
  DRP deviation (DDI 513): 0 mm, last 1573738 ms ago
  GNSS quality (DDI 514):  0, last 1573738 ms ago
  Value commands (any DDI): 7  last DDI=515 (1417683 ms ago)
  Value requests (any DDI): 35218043
  Partner: addr=0xF7 valid=Y  reconnect attempts=0
  Tramline setpoint (DDI 506): 1  -> terminal DOES implement Tramline Control (1525689 ms ago)
  Guidance track (DDI 507-511): (none yet)
=== ISOBUS DEBUG MENU ===
1. Full status dump
2. Periodic summary line (OFF - press to toggle)
3. Reset message counters
4. Dump DDOP as hex (open in AgIsoDDOPGenerator)
5. Dump VT object pool as hex
q. Exit
VT: Narrower pressed

# 12:20:12.999
=== ISOBUS STATUS ===
Address claim: CLAIMED  address=0x81
Bus load (ch0): 23.5 %
--- Message counters ---
  PGN 129025 Position NMEA2000: 0
  PGN 129026 Speed NMEA2000:    0
  PGN 129283 XTE NMEA2000:      0
  PGN 65267  Position legacy:   7708
  PGN 65256  Speed legacy:      7708   last SA=0x1C raw=0x177
  PGN 65535  XTE JD legacy:     165896   last SA=0xF0 word=0x0 byte1=0x0
             full payload:     0000000000000000  (1 ms ago)
  PGN 60160  XTE Trimble legacy:104   last SA=0x1C
  PGN 64770  AISO stop:         1554   last 1574765 ms ago
  TOTAL:                        182970
--- Guidance telemetry ---
  XTE:          1.02 m
  Speed:        0.75 m/s (1.46 kn)
  Quality:      4   RTK quality=4  IsRtkQuality=Y
  GGA fix age:  141 ms
  VTG fix age:  139 ms
  XTE fix age:  125 ms
  Lat/Lon/Alt/Course: 53.425335 / 6.720346 / 4.4 m / 319.8 deg
--- Virtual Terminal ---
  Connected:    Y
  State:        21/22  Connected
  VT version:  4
  VT status msgs: 1556   last 429 ms ago
  Partner: addr=0x26 valid=Y  reconnect attempts=0
--- Task Controller ---
  Connected:    Y
  TC-GEO (with/without pos): Y/Y
  Task active:  Y
  DRP deviation (DDI 513): 0 mm, last 1574765 ms ago
  GNSS quality (DDI 514):  0, last 1574765 ms ago
  Value commands (any DDI): 7  last DDI=515 (1418710 ms ago)
  Value requests (any DDI): 35241055
  Partner: addr=0xF7 valid=Y  reconnect attempts=0
  Tramline setpoint (DDI 506): 1  -> terminal DOES implement Tramline Control (1526716 ms ago)
  Guidance track (DDI 507-511): (none yet)
=== ISOBUS DEBUG MENU ===
1. Full status dump
2. Periodic summary line (OFF - press to toggle)
3. Reset message counters
4. Dump DDOP as hex (open in AgIsoDDOPGenerator)
5. Dump VT object pool as hex
q. Exit
VT: Narrower pressed

# 12:20:14.013
=== ISOBUS STATUS ===
Address claim: CLAIMED  address=0x81
Bus load (ch0): 23.3 %
--- Message counters ---
  PGN 129025 Position NMEA2000: 0
  PGN 129026 Speed NMEA2000:    0
  PGN 129283 XTE NMEA2000:      0
  PGN 65267  Position legacy:   7713
  PGN 65256  Speed legacy:      7713   last SA=0x1C raw=0x171
  PGN 65535  XTE JD legacy:     166003   last SA=0xF0 word=0x0 byte1=0x0
             full payload:     0000000000000000  (14 ms ago)
  PGN 60160  XTE Trimble legacy:104   last SA=0x1C
  PGN 64770  AISO stop:         1555   last 1575776 ms ago
  TOTAL:                        183088
--- Guidance telemetry ---
  XTE:          1.38 m
  Speed:        0.74 m/s (1.44 kn)
  Quality:      4   RTK quality=4  IsRtkQuality=Y
  GGA fix age:  147 ms
  VTG fix age:  145 ms
  XTE fix age:  133 ms
  Lat/Lon/Alt/Course: 53.425335 / 6.720343 / 4.4 m / 319.5 deg
--- Virtual Terminal ---
  Connected:    Y
  State:        21/22  Connected
  VT version:  4
  VT status msgs: 1557   last 441 ms ago
  Partner: addr=0x26 valid=Y  reconnect attempts=0
--- Task Controller ---
  Connected:    Y
  TC-GEO (with/without pos): Y/Y
  Task active:  Y
  DRP deviation (DDI 513): 0 mm, last 1575776 ms ago
  GNSS quality (DDI 514):  0, last 1575776 ms ago
  Value commands (any DDI): 7  last DDI=515 (1419721 ms ago)
  Value requests (any DDI): 35263843
  Partner: addr=0xF7 valid=Y  reconnect attempts=0
  Tramline setpoint (DDI 506): 1  -> terminal DOES implement Tramline Control (1527727 ms ago)
  Guidance track (DDI 507-511): (none yet)
=== ISOBUS DEBUG MENU ===
1. Full status dump
2. Periodic summary line (OFF - press to toggle)
3. Reset message counters
4. Dump DDOP as hex (open in AgIsoDDOPGenerator)
5. Dump VT object pool as hex
q. Exit
VT: Narrower pressed

# 12:20:15.033
=== ISOBUS STATUS ===
Address claim: CLAIMED  address=0x81
Bus load (ch0): 23.8 %
--- Message counters ---
  PGN 129025 Position NMEA2000: 0
  PGN 129026 Speed NMEA2000:    0
  PGN 129283 XTE NMEA2000:      0
  PGN 65267  Position legacy:   7718
  PGN 65256  Speed legacy:      7718   last SA=0x1C raw=0x171
  PGN 65535  XTE JD legacy:     166111   last SA=0xF0 word=0x0 byte1=0x0
             full payload:     0000000000000000  (14 ms ago)
  PGN 60160  XTE Trimble legacy:104   last SA=0x1C
  PGN 64770  AISO stop:         1556   last 1576792 ms ago
  TOTAL:                        183207
--- Guidance telemetry ---
  XTE:          -1.26 m
  Speed:        0.74 m/s (1.44 kn)
  Quality:      4   RTK quality=4  IsRtkQuality=Y
  GGA fix age:  168 ms
  VTG fix age:  166 ms
  XTE fix age:  152 ms
  Lat/Lon/Alt/Course: 53.425339 / 6.720339 / 4.4 m / 319.4 deg
--- Virtual Terminal ---
  Connected:    Y
  State:        21/22  Connected
  VT version:  4
  VT status msgs: 1558   last 456 ms ago
  Partner: addr=0x26 valid=Y  reconnect attempts=0
--- Task Controller ---
  Connected:    Y
  TC-GEO (with/without pos): Y/Y
  Task active:  Y
  DRP deviation (DDI 513): 0 mm, last 1576792 ms ago
  GNSS quality (DDI 514):  0, last 1576792 ms ago
  Value commands (any DDI): 7  last DDI=515 (1420737 ms ago)
  Value requests (any DDI): 35286689
  Partner: addr=0xF7 valid=Y  reconnect attempts=0
  Tramline setpoint (DDI 506): 1  -> terminal DOES implement Tramline Control (1528743 ms ago)
  Guidance track (DDI 507-511): (none yet)
=== ISOBUS DEBUG MENU ===
1. Full status dump
2. Periodic summary line (OFF - press to toggle)
3. Reset message counters
4. Dump DDOP as hex (open in AgIsoDDOPGenerator)
5. Dump VT object pool as hex
q. Exit

# 12:20:16.096
=== ISOBUS STATUS ===
Address claim: CLAIMED  address=0x81
Bus load (ch0): 24.0 %
--- Message counters ---
  PGN 129025 Position NMEA2000: 0
  PGN 129026 Speed NMEA2000:    0
  PGN 129283 XTE NMEA2000:      0
  PGN 65267  Position legacy:   7723
  PGN 65256  Speed legacy:      7723   last SA=0x1C raw=0x173
  PGN 65535  XTE JD legacy:     166221   last SA=0xF0 word=0x0 byte1=0x0
             full payload:     0000000000000000  (6 ms ago)
  PGN 60160  XTE Trimble legacy:104   last SA=0x1C
  PGN 64770  AISO stop:         1557   last 1577810 ms ago
  TOTAL:                        183328
--- Guidance telemetry ---
  XTE:          -0.89 m
  Speed:        0.75 m/s (1.45 kn)
  Quality:      4   RTK quality=4  IsRtkQuality=Y
  GGA fix age:  186 ms
  VTG fix age:  184 ms
  XTE fix age:  170 ms
  Lat/Lon/Alt/Course: 53.425343 / 6.720335 / 4.4 m / 319.3 deg
--- Virtual Terminal ---
  Connected:    Y
  State:        21/22  Connected
  VT version:  4
  VT status msgs: 1559   last 475 ms ago
  Partner: addr=0x26 valid=Y  reconnect attempts=0
--- Task Controller ---
  Connected:    Y
  TC-GEO (with/without pos): Y/Y
  Task active:  Y
  DRP deviation (DDI 513): 0 mm, last 1577810 ms ago
  GNSS quality (DDI 514):  0, last 1577810 ms ago
  Value commands (any DDI): 7  last DDI=515 (1421755 ms ago)
  Value requests (any DDI): 35309463
  Partner: addr=0xF7 valid=Y  reconnect attempts=0
  Tramline setpoint (DDI 506): 1  -> terminal DOES implement Tramline Control (1529761 ms ago)
  Guidance track (DDI 507-511): (none yet)
=== ISOBUS DEBUG MENU ===
1. Full status dump
2. Periodic summary line (OFF - press to toggle)
3. Reset message counters
4. Dump DDOP as hex (open in AgIsoDDOPGenerator)
5. Dump VT object pool as hex
q. Exit
VT: Narrower pressed

# 12:20:17.150
=== ISOBUS STATUS ===
Address claim: CLAIMED  address=0x81
Bus load (ch0): 23.3 %
--- Message counters ---
  PGN 129025 Position NMEA2000: 0
  PGN 129026 Speed NMEA2000:    0
  PGN 129283 XTE NMEA2000:      0
  PGN 65267  Position legacy:   7729
  PGN 65256  Speed legacy:      7729   last SA=0x1C raw=0x16D
  PGN 65535  XTE JD legacy:     166339   last SA=0xF0 word=0x0 byte1=0x0
             full payload:     0000000000000000  (14 ms ago)
  PGN 60160  XTE Trimble legacy:104   last SA=0x1C
  PGN 64770  AISO stop:         1558   last 1578872 ms ago
  TOTAL:                        183459
--- Guidance telemetry ---
  XTE:          -0.45 m
  Speed:        0.73 m/s (1.43 kn)
  Quality:      4   RTK quality=4  IsRtkQuality=Y
  GGA fix age:  47 ms
  VTG fix age:  46 ms
  XTE fix age:  32 ms
  Lat/Lon/Alt/Course: 53.425343 / 6.720330 / 4.4 m / 319.4 deg
--- Virtual Terminal ---
  Connected:    Y
  State:        21/22  Connected
  VT version:  4
  VT status msgs: 1560   last 537 ms ago
  Partner: addr=0x26 valid=Y  reconnect attempts=0
--- Task Controller ---
  Connected:    Y
  TC-GEO (with/without pos): Y/Y
  Task active:  Y
  DRP deviation (DDI 513): 0 mm, last 1578872 ms ago
  GNSS quality (DDI 514):  0, last 1578872 ms ago
  Value commands (any DDI): 7  last DDI=515 (1422817 ms ago)
  Value requests (any DDI): 35333296
  Partner: addr=0xF7 valid=Y  reconnect attempts=0
  Tramline setpoint (DDI 506): 1  -> terminal DOES implement Tramline Control (1530823 ms ago)
  Guidance track (DDI 507-511): (none yet)
=== ISOBUS DEBUG MENU ===
1. Full status dump
2. Periodic summary line (OFF - press to toggle)
3. Reset message counters
4. Dump DDOP as hex (open in AgIsoDDOPGenerator)
5. Dump VT object pool as hex
q. Exit
VT: Narrower pressed

# 12:20:18.172
=== ISOBUS STATUS ===
Address claim: CLAIMED  address=0x81
Bus load (ch0): 22.9 %
--- Message counters ---
  PGN 129025 Position NMEA2000: 0
  PGN 129026 Speed NMEA2000:    0
  PGN 129283 XTE NMEA2000:      0
  PGN 65267  Position legacy:   7734
  PGN 65256  Speed legacy:      7734   last SA=0x1C raw=0x16F
  PGN 65535  XTE JD legacy:     166449   last SA=0xF0 word=0x0 byte1=0x0
             full payload:     0000000000000000  (9 ms ago)
  PGN 60160  XTE Trimble legacy:104   last SA=0x1C
  PGN 64770  AISO stop:         1559   last 1579927 ms ago
  TOTAL:                        183580
--- Guidance telemetry ---
  XTE:          -0.08 m
  Speed:        0.74 m/s (1.43 kn)
  Quality:      4   RTK quality=4  IsRtkQuality=Y
  GGA fix age:  103 ms
  VTG fix age:  101 ms
  XTE fix age:  87 ms
  Lat/Lon/Alt/Course: 53.425346 / 6.720326 / 4.4 m / 319.6 deg
--- Virtual Terminal ---
  Connected:    Y
  State:        21/22  Connected
  VT version:  4
  VT status msgs: 1561   last 592 ms ago
  Partner: addr=0x26 valid=Y  reconnect attempts=0
--- Task Controller ---
  Connected:    Y
  TC-GEO (with/without pos): Y/Y
  Task active:  Y
  DRP deviation (DDI 513): 0 mm, last 1579927 ms ago
  GNSS quality (DDI 514):  0, last 1579927 ms ago
  Value commands (any DDI): 7  last DDI=515 (1423872 ms ago)
  Value requests (any DDI): 35356955
  Partner: addr=0xF7 valid=Y  reconnect attempts=0
  Tramline setpoint (DDI 506): 1  -> terminal DOES implement Tramline Control (1531878 ms ago)
  Guidance track (DDI 507-511): (none yet)
=== ISOBUS DEBUG MENU ===
1. Full status dump
2. Periodic summary line (OFF - press to toggle)
3. Reset message counters
4. Dump DDOP as hex (open in AgIsoDDOPGenerator)
5. Dump VT object pool as hex
q. Exit

# 12:20:19.199
=== ISOBUS STATUS ===
Address claim: CLAIMED  address=0x81
Bus load (ch0): 23.5 %
--- Message counters ---
  PGN 129025 Position NMEA2000: 0
  PGN 129026 Speed NMEA2000:    0
  PGN 129283 XTE NMEA2000:      0
  PGN 65267  Position legacy:   7739
  PGN 65256  Speed legacy:      7739   last SA=0x1C raw=0x175
  PGN 65535  XTE JD legacy:     166557   last SA=0xF0 word=0x0 byte1=0x0
             full payload:     0000000000000000  (10 ms ago)
  PGN 60160  XTE Trimble legacy:107   last SA=0x1C
  PGN 64770  AISO stop:         1560   last 1580950 ms ago
  TOTAL:                        183702
--- Guidance telemetry ---
  XTE:          0.29 m
  Speed:        0.75 m/s (1.46 kn)
  Quality:      4   RTK quality=4  IsRtkQuality=Y
  GGA fix age:  126 ms
  VTG fix age:  124 ms
  XTE fix age:  110 ms
  Lat/Lon/Alt/Course: 53.425350 / 6.720323 / 4.4 m / 319.5 deg
--- Virtual Terminal ---
  Connected:    Y
  State:        21/22  Connected
  VT version:  4
  VT status msgs: 1562   last 615 ms ago
  Partner: addr=0x26 valid=Y  reconnect attempts=0
--- Task Controller ---
  Connected:    Y
  TC-GEO (with/without pos): Y/Y
  Task active:  Y
  DRP deviation (DDI 513): 0 mm, last 1580950 ms ago
  GNSS quality (DDI 514):  0, last 1580950 ms ago
  Value commands (any DDI): 7  last DDI=515 (1424895 ms ago)
  Value requests (any DDI): 35379884
  Partner: addr=0xF7 valid=Y  reconnect attempts=0
  Tramline setpoint (DDI 506): 1  -> terminal DOES implement Tramline Control (1532901 ms ago)
  Guidance track (DDI 507-511): (none yet)
=== ISOBUS DEBUG MENU ===
1. Full status dump
2. Periodic summary line (OFF - press to toggle)
3. Reset message counters
4. Dump DDOP as hex (open in AgIsoDDOPGenerator)
5. Dump VT object pool as hex
q. Exit
VT: Narrower pressed

# 12:20:20.215
=== ISOBUS STATUS ===
Address claim: CLAIMED  address=0x81
Bus load (ch0): 22.1 %
--- Message counters ---
  PGN 129025 Position NMEA2000: 0
  PGN 129026 Speed NMEA2000:    0
  PGN 129283 XTE NMEA2000:      0
  PGN 65267  Position legacy:   7744
  PGN 65256  Speed legacy:      7744   last SA=0x1C raw=0x178
  PGN 65535  XTE JD legacy:     166667   last SA=0x1C word=0x0 byte1=0x0
             full payload:     0000000000000000  (7 ms ago)
  PGN 60160  XTE Trimble legacy:107   last SA=0x1C
  PGN 64770  AISO stop:         1561   last 1581976 ms ago
  TOTAL:                        183823
--- Guidance telemetry ---
  XTE:          0.67 m
  Speed:        0.76 m/s (1.47 kn)
  Quality:      4   RTK quality=4  IsRtkQuality=Y
  GGA fix age:  152 ms
  VTG fix age:  150 ms
  XTE fix age:  136 ms
  Lat/Lon/Alt/Course: 53.425354 / 6.720318 / 4.4 m / 319.0 deg
--- Virtual Terminal ---
  Connected:    Y
  State:        21/22  Connected
  VT version:  4
  VT status msgs: 1563   last 641 ms ago
  Partner: addr=0x26 valid=Y  reconnect attempts=0
--- Task Controller ---
  Connected:    Y
  TC-GEO (with/without pos): Y/Y
  Task active:  Y
  DRP deviation (DDI 513): 0 mm, last 1581976 ms ago
  GNSS quality (DDI 514):  0, last 1581976 ms ago
  Value commands (any DDI): 7  last DDI=515 (1425921 ms ago)
  Value requests (any DDI): 35402939
  Partner: addr=0xF7 valid=Y  reconnect attempts=0
  Tramline setpoint (DDI 506): 1  -> terminal DOES implement Tramline Control (1533927 ms ago)
  Guidance track (DDI 507-511): (none yet)
=== ISOBUS DEBUG MENU ===
1. Full status dump
2. Periodic summary line (OFF - press to toggle)
3. Reset message counters
4. Dump DDOP as hex (open in AgIsoDDOPGenerator)
5. Dump VT object pool as hex
q. Exit

# 12:20:21.256
=== ISOBUS STATUS ===
Address claim: CLAIMED  address=0x81
Bus load (ch0): 22.0 %
--- Message counters ---
  PGN 129025 Position NMEA2000: 0
  PGN 129026 Speed NMEA2000:    0
  PGN 129283 XTE NMEA2000:      0
  PGN 65267  Position legacy:   7749
  PGN 65256  Speed legacy:      7749   last SA=0x1C raw=0x16D
  PGN 65535  XTE JD legacy:     166776   last SA=0xF0 word=0x0 byte1=0x0
             full payload:     0000000000000000  (16 ms ago)
  PGN 60160  XTE Trimble legacy:107   last SA=0x1C
  PGN 64770  AISO stop:         1562   last 1582994 ms ago
  TOTAL:                        183943
--- Guidance telemetry ---
  XTE:          1.03 m
  Speed:        0.73 m/s (1.43 kn)
  Quality:      4   RTK quality=4  IsRtkQuality=Y
  GGA fix age:  170 ms
  VTG fix age:  168 ms
  XTE fix age:  154 ms
  Lat/Lon/Alt/Course: 53.425358 / 6.720315 / 4.4 m / 318.9 deg
--- Virtual Terminal ---
  Connected:    Y
  State:        21/22  Connected
  VT version:  4
  VT status msgs: 1564   last 658 ms ago
  Partner: addr=0x26 valid=Y  reconnect attempts=0
--- Task Controller ---
  Connected:    Y
  TC-GEO (with/without pos): Y/Y
  Task active:  Y
  DRP deviation (DDI 513): 0 mm, last 1582994 ms ago
  GNSS quality (DDI 514):  0, last 1582994 ms ago
  Value commands (any DDI): 7  last DDI=515 (1426939 ms ago)
  Value requests (any DDI): 35425771
  Partner: addr=0xF7 valid=Y  reconnect attempts=0
  Tramline setpoint (DDI 506): 1  -> terminal DOES implement Tramline Control (1534945 ms ago)
  Guidance track (DDI 507-511): (none yet)
=== ISOBUS DEBUG MENU ===
1. Full status dump
2. Periodic summary line (OFF - press to toggle)
3. Reset message counters
4. Dump DDOP as hex (open in AgIsoDDOPGenerator)
5. Dump VT object pool as hex
q. Exit

# 12:20:22.277
=== ISOBUS STATUS ===
Address claim: CLAIMED  address=0x81
Bus load (ch0): 22.5 %
--- Message counters ---
  PGN 129025 Position NMEA2000: 0
  PGN 129026 Speed NMEA2000:    0
  PGN 129283 XTE NMEA2000:      0
  PGN 65267  Position legacy:   7755
  PGN 65256  Speed legacy:      7755   last SA=0x1C raw=0x2A
  PGN 65535  XTE JD legacy:     166890   last SA=0x1C word=0x0 byte1=0x0
             full payload:     0000000000000000  (3 ms ago)
  PGN 60160  XTE Trimble legacy:107   last SA=0x1C
  PGN 64770  AISO stop:         1563   last 1584034 ms ago
  TOTAL:                        184070
--- Guidance telemetry ---
  XTE:          1.25 m
  Speed:        0.08 m/s (0.16 kn)
  Quality:      4   RTK quality=4  IsRtkQuality=Y
  GGA fix age:  10 ms
  VTG fix age:  8 ms
  XTE fix age:  194 ms
  Lat/Lon/Alt/Course: 53.425358 / 6.720312 / 4.4 m / 319.5 deg
--- Virtual Terminal ---
  Connected:    Y
  State:        21/22  Connected
  VT version:  4
  VT status msgs: 1565   last 699 ms ago
  Partner: addr=0x26 valid=Y  reconnect attempts=0
--- Task Controller ---
  Connected:    Y
  TC-GEO (with/without pos): Y/Y
  Task active:  Y
  DRP deviation (DDI 513): 0 mm, last 1584034 ms ago
  GNSS quality (DDI 514):  0, last 1584034 ms ago
  Value commands (any DDI): 7  last DDI=515 (1427979 ms ago)
  Value requests (any DDI): 35449087
  Partner: addr=0xF7 valid=Y  reconnect attempts=0
  Tramline setpoint (DDI 506): 1  -> terminal DOES implement Tramline Control (1535985 ms ago)
  Guidance track (DDI 507-511): (none yet)
=== ISOBUS DEBUG MENU ===
1. Full status dump
2. Periodic summary line (OFF - press to toggle)
3. Reset message counters
4. Dump DDOP as hex (open in AgIsoDDOPGenerator)
5. Dump VT object pool as hex
q. Exit

# 12:20:23.317
=== ISOBUS STATUS ===
Address claim: CLAIMED  address=0x81
Bus load (ch0): 21.9 %
--- Message counters ---
  PGN 129025 Position NMEA2000: 0
  PGN 129026 Speed NMEA2000:    0
  PGN 129283 XTE NMEA2000:      0
  PGN 65267  Position legacy:   7760
  PGN 65256  Speed legacy:      7760   last SA=0x1C raw=0x12
  PGN 65535  XTE JD legacy:     167000   last SA=0x2A word=0xFC3E byte1=0xFF
             full payload:     92FF803EFCFFFFFF  (13 ms ago)
  PGN 60160  XTE Trimble legacy:107   last SA=0x1C
  PGN 64770  AISO stop:         1564   last 1585054 ms ago
  TOTAL:                        184191
--- Guidance telemetry ---
  XTE:          1.22 m
  Speed:        0.04 m/s (0.07 kn)
  Quality:      4   RTK quality=4  IsRtkQuality=Y
  GGA fix age:  30 ms
  VTG fix age:  28 ms
  XTE fix age:  14 ms
  Lat/Lon/Alt/Course: 53.425358 / 6.720312 / 4.4 m / 319.1 deg
--- Virtual Terminal ---
  Connected:    Y
  State:        21/22  Connected
  VT version:  4
  VT status msgs: 1566   last 719 ms ago
  Partner: addr=0x26 valid=Y  reconnect attempts=0
--- Task Controller ---
  Connected:    Y
  TC-GEO (with/without pos): Y/Y
  Task active:  Y
  DRP deviation (DDI 513): 0 mm, last 1585054 ms ago
  GNSS quality (DDI 514):  0, last 1585054 ms ago
  Value commands (any DDI): 7  last DDI=515 (1428999 ms ago)
  Value requests (any DDI): 35472412
  Partner: addr=0xF7 valid=Y  reconnect attempts=0
  Tramline setpoint (DDI 506): 1  -> terminal DOES implement Tramline Control (1537005 ms ago)
  Guidance track (DDI 507-511): (none yet)
=== ISOBUS DEBUG MENU ===
1. Full status dump
2. Periodic summary line (OFF - press to toggle)
3. Reset message counters
4. Dump DDOP as hex (open in AgIsoDDOPGenerator)
5. Dump VT object pool as hex
q. Exit

# 12:20:24.339
=== ISOBUS STATUS ===
Address claim: CLAIMED  address=0x81
Bus load (ch0): 21.7 %
--- Message counters ---
  PGN 129025 Position NMEA2000: 0
  PGN 129026 Speed NMEA2000:    0
  PGN 129283 XTE NMEA2000:      0
  PGN 65267  Position legacy:   7765
  PGN 65256  Speed legacy:      7765   last SA=0x1C raw=0x13
  PGN 65535  XTE JD legacy:     167110   last SA=0xD2 word=0x0 byte1=0x0
             full payload:     0000000000000000  (4 ms ago)
  PGN 60160  XTE Trimble legacy:107   last SA=0x1C
  PGN 64770  AISO stop:         1565   last 1586095 ms ago
  TOTAL:                        184312
--- Guidance telemetry ---
  XTE:          1.23 m
  Speed:        0.04 m/s (0.07 kn)
  Quality:      4   RTK quality=4  IsRtkQuality=Y
  GGA fix age:  71 ms
  VTG fix age:  69 ms
  XTE fix age:  55 ms
  Lat/Lon/Alt/Course: 53.425358 / 6.720312 / 4.4 m / 319.1 deg
--- Virtual Terminal ---
  Connected:    Y
  State:        21/22  Connected
  VT version:  4
  VT status msgs: 1567   last 760 ms ago
  Partner: addr=0x26 valid=Y  reconnect attempts=0
--- Task Controller ---
  Connected:    Y
  TC-GEO (with/without pos): Y/Y
  Task active:  Y
  DRP deviation (DDI 513): 0 mm, last 1586096 ms ago
  GNSS quality (DDI 514):  0, last 1586096 ms ago
  Value commands (any DDI): 7  last DDI=515 (1430041 ms ago)
  Value requests (any DDI): 35496281
  Partner: addr=0xF7 valid=Y  reconnect attempts=0
  Tramline setpoint (DDI 506): 1  -> terminal DOES implement Tramline Control (1538047 ms ago)
  Guidance track (DDI 507-511): (none yet)
=== ISOBUS DEBUG MENU ===
1. Full status dump
2. Periodic summary line (OFF - press to toggle)
3. Reset message counters
4. Dump DDOP as hex (open in AgIsoDDOPGenerator)
5. Dump VT object pool as hex
q. Exit

# 12:20:25.364
=== ISOBUS STATUS ===
Address claim: CLAIMED  address=0x81
Bus load (ch0): 21.7 %
--- Message counters ---
  PGN 129025 Position NMEA2000: 0
  PGN 129026 Speed NMEA2000:    0
  PGN 129283 XTE NMEA2000:      0
  PGN 65267  Position legacy:   7770
  PGN 65256  Speed legacy:      7770   last SA=0x1C raw=0x3
  PGN 65535  XTE JD legacy:     167218   last SA=0xF0 word=0x0 byte1=0x0
             full payload:     0000000000000000  (16 ms ago)
  PGN 60160  XTE Trimble legacy:107   last SA=0x1C
  PGN 64770  AISO stop:         1566   last 1587115 ms ago
  TOTAL:                        184431
--- Guidance telemetry ---
  XTE:          1.23 m
  Speed:        0.01 m/s (0.01 kn)
  Quality:      4   RTK quality=4  IsRtkQuality=Y
  GGA fix age:  91 ms
  VTG fix age:  89 ms
  XTE fix age:  75 ms
  Lat/Lon/Alt/Course: 53.425358 / 6.720312 / 4.4 m / 319.1 deg
--- Virtual Terminal ---
  Connected:    Y
  State:        21/22  Connected
  VT version:  4
  VT status msgs: 1568   last 780 ms ago
  Partner: addr=0x26 valid=Y  reconnect attempts=0
--- Task Controller ---
  Connected:    Y
  TC-GEO (with/without pos): Y/Y
  Task active:  Y
  DRP deviation (DDI 513): 0 mm, last 1587115 ms ago
  GNSS quality (DDI 514):  0, last 1587115 ms ago
  Value commands (any DDI): 7  last DDI=515 (1431060 ms ago)
  Value requests (any DDI): 35519723
  Partner: addr=0xF7 valid=Y  reconnect attempts=0
  Tramline setpoint (DDI 506): 1  -> terminal DOES implement Tramline Control (1539066 ms ago)
  Guidance track (DDI 507-511): (none yet)
=== ISOBUS DEBUG MENU ===
1. Full status dump
2. Periodic summary line (OFF - press to toggle)
3. Reset message counters
4. Dump DDOP as hex (open in AgIsoDDOPGenerator)
5. Dump VT object pool as hex
q. Exit

# 12:20:26.373
=== ISOBUS STATUS ===
Address claim: CLAIMED  address=0x81
Bus load (ch0): 22.0 %
--- Message counters ---
  PGN 129025 Position NMEA2000: 0
  PGN 129026 Speed NMEA2000:    0
  PGN 129283 XTE NMEA2000:      0
  PGN 65267  Position legacy:   7775
  PGN 65256  Speed legacy:      7775   last SA=0x1C raw=0x1
  PGN 65535  XTE JD legacy:     167328   last SA=0xF0 word=0x0 byte1=0x0
             full payload:     0000000000000000  (1 ms ago)
  PGN 60160  XTE Trimble legacy:107   last SA=0x1C
  PGN 64770  AISO stop:         1567   last 1588141 ms ago
  TOTAL:                        184552
--- Guidance telemetry ---
  XTE:          1.23 m
  Speed:        0.00 m/s (0.00 kn)
  Quality:      4   RTK quality=4  IsRtkQuality=Y
  GGA fix age:  117 ms
  VTG fix age:  115 ms
  XTE fix age:  100 ms
  Lat/Lon/Alt/Course: 53.425358 / 6.720312 / 4.4 m / 319.0 deg
--- Virtual Terminal ---
  Connected:    Y
  State:        21/22  Connected
  VT version:  4
  VT status msgs: 1569   last 806 ms ago
  Partner: addr=0x26 valid=Y  reconnect attempts=0
--- Task Controller ---
  Connected:    Y
  TC-GEO (with/without pos): Y/Y
  Task active:  Y
  DRP deviation (DDI 513): 0 mm, last 1588141 ms ago
  GNSS quality (DDI 514):  0, last 1588141 ms ago
  Value commands (any DDI): 7  last DDI=515 (1432086 ms ago)
  Value requests (any DDI): 35543290
  Partner: addr=0xF7 valid=Y  reconnect attempts=0
  Tramline setpoint (DDI 506): 1  -> terminal DOES implement Tramline Control (1540092 ms ago)
  Guidance track (DDI 507-511): (none yet)
=== ISOBUS DEBUG MENU ===
1. Full status dump
2. Periodic summary line (OFF - press to toggle)
3. Reset message counters
4. Dump DDOP as hex (open in AgIsoDDOPGenerator)
5. Dump VT object pool as hex
q. Exit

# 12:20:27.413
=== ISOBUS STATUS ===
Address claim: CLAIMED  address=0x81
Bus load (ch0): 21.9 %
--- Message counters ---
  PGN 129025 Position NMEA2000: 0
  PGN 129026 Speed NMEA2000:    0
  PGN 129283 XTE NMEA2000:      0
  PGN 65267  Position legacy:   7780
  PGN 65256  Speed legacy:      7780   last SA=0x1C raw=0x1
  PGN 65535  XTE JD legacy:     167435   last SA=0xF0 word=0x0 byte1=0x0
             full payload:     0000000000000000  (10 ms ago)
  PGN 60160  XTE Trimble legacy:107   last SA=0x1C
  PGN 64770  AISO stop:         1568   last 1589150 ms ago
  TOTAL:                        184670
--- Guidance telemetry ---
  XTE:          1.23 m
  Speed:        0.00 m/s (0.00 kn)
  Quality:      4   RTK quality=4  IsRtkQuality=Y
  GGA fix age:  126 ms
  VTG fix age:  124 ms
  XTE fix age:  109 ms
  Lat/Lon/Alt/Course: 53.425358 / 6.720312 / 4.4 m / 319.0 deg
--- Virtual Terminal ---
  Connected:    Y
  State:        21/22  Connected
  VT version:  4
  VT status msgs: 1570   last 815 ms ago
  Partner: addr=0x26 valid=Y  reconnect attempts=0
--- Task Controller ---
  Connected:    Y
  TC-GEO (with/without pos): Y/Y
  Task active:  Y
  DRP deviation (DDI 513): 0 mm, last 1589150 ms ago
  GNSS quality (DDI 514):  0, last 1589150 ms ago
  Value commands (any DDI): 7  last DDI=515 (1433095 ms ago)
  Value requests (any DDI): 35566500
  Partner: addr=0xF7 valid=Y  reconnect attempts=0
  Tramline setpoint (DDI 506): 1  -> terminal DOES implement Tramline Control (1541101 ms ago)
  Guidance track (DDI 507-511): (none yet)
=== ISOBUS DEBUG MENU ===
1. Full status dump
2. Periodic summary line (OFF - press to toggle)
3. Reset message counters
4. Dump DDOP as hex (open in AgIsoDDOPGenerator)
5. Dump VT object pool as hex
q. Exit

# 12:20:28.440
=== ISOBUS STATUS ===
Address claim: CLAIMED  address=0x81
Bus load (ch0): 21.9 %
--- Message counters ---
  PGN 129025 Position NMEA2000: 0
  PGN 129026 Speed NMEA2000:    0
  PGN 129283 XTE NMEA2000:      0
  PGN 65267  Position legacy:   7785
  PGN 65256  Speed legacy:      7785   last SA=0x1C raw=0x4
  PGN 65535  XTE JD legacy:     167544   last SA=0xF0 word=0x0 byte1=0x0
             full payload:     0000000000000000  (13 ms ago)
  PGN 60160  XTE Trimble legacy:107   last SA=0x1C
  PGN 64770  AISO stop:         1569   last 1590191 ms ago
  TOTAL:                        184790
--- Guidance telemetry ---
  XTE:          1.23 m
  Speed:        0.01 m/s (0.02 kn)
  Quality:      4   RTK quality=4  IsRtkQuality=Y
  GGA fix age:  167 ms
  VTG fix age:  165 ms
  XTE fix age:  150 ms
  Lat/Lon/Alt/Course: 53.425358 / 6.720312 / 4.4 m / 319.0 deg
--- Virtual Terminal ---
  Connected:    Y
  State:        21/22  Connected
  VT version:  4
  VT status msgs: 1571   last 856 ms ago
  Partner: addr=0x26 valid=Y  reconnect attempts=0
--- Task Controller ---
  Connected:    Y
  TC-GEO (with/without pos): Y/Y
  Task active:  Y
  DRP deviation (DDI 513): 0 mm, last 1590191 ms ago
  GNSS quality (DDI 514):  0, last 1590191 ms ago
  Value commands (any DDI): 7  last DDI=515 (1434136 ms ago)
  Value requests (any DDI): 35590421
  Partner: addr=0xF7 valid=Y  reconnect attempts=0
  Tramline setpoint (DDI 506): 1  -> terminal DOES implement Tramline Control (1542142 ms ago)
  Guidance track (DDI 507-511): (none yet)
=== ISOBUS DEBUG MENU ===
1. Full status dump
2. Periodic summary line (OFF - press to toggle)
3. Reset message counters
4. Dump DDOP as hex (open in AgIsoDDOPGenerator)
5. Dump VT object pool as hex
q. Exit

# 12:20:29.480
=== ISOBUS STATUS ===
Address claim: CLAIMED  address=0x81
Bus load (ch0): 20.9 %
--- Message counters ---
  PGN 129025 Position NMEA2000: 0
  PGN 129026 Speed NMEA2000:    0
  PGN 129283 XTE NMEA2000:      0
  PGN 65267  Position legacy:   7790
  PGN 65256  Speed legacy:      7790   last SA=0x1C raw=0x1
  PGN 65535  XTE JD legacy:     167652   last SA=0xF0 word=0x0 byte1=0x0
             full payload:     0000000000000000  (18 ms ago)
  PGN 60160  XTE Trimble legacy:107   last SA=0x1C
  PGN 64770  AISO stop:         1570   last 1591216 ms ago
  TOTAL:                        184909
--- Guidance telemetry ---
  XTE:          1.23 m
  Speed:        0.00 m/s (0.00 kn)
  Quality:      4   RTK quality=4  IsRtkQuality=Y
  GGA fix age:  192 ms
  VTG fix age:  191 ms
  XTE fix age:  175 ms
  Lat/Lon/Alt/Course: 53.425358 / 6.720312 / 4.4 m / 319.0 deg
--- Virtual Terminal ---
  Connected:    Y
  State:        21/22  Connected
  VT version:  4
  VT status msgs: 1572   last 881 ms ago
  Partner: addr=0x26 valid=Y  reconnect attempts=0
--- Task Controller ---
  Connected:    Y
  TC-GEO (with/without pos): Y/Y
  Task active:  Y
  DRP deviation (DDI 513): 0 mm, last 1591216 ms ago
  GNSS quality (DDI 514):  0, last 1591216 ms ago
  Value commands (any DDI): 7  last DDI=515 (1435161 ms ago)
  Value requests (any DDI): 35614000
  Partner: addr=0xF7 valid=Y  reconnect attempts=0
  Tramline setpoint (DDI 506): 1  -> terminal DOES implement Tramline Control (1543167 ms ago)
  Guidance track (DDI 507-511): (none yet)
=== ISOBUS DEBUG MENU ===
1. Full status dump
2. Periodic summary line (OFF - press to toggle)
3. Reset message counters
4. Dump DDOP as hex (open in AgIsoDDOPGenerator)
5. Dump VT object pool as hex
q. Exit

# 12:20:30.506
=== ISOBUS STATUS ===
Address claim: CLAIMED  address=0x81
Bus load (ch0): 21.3 %
--- Message counters ---
  PGN 129025 Position NMEA2000: 0
  PGN 129026 Speed NMEA2000:    0
  PGN 129283 XTE NMEA2000:      0
  PGN 65267  Position legacy:   7796
  PGN 65256  Speed legacy:      7796   last SA=0x1C raw=0x1
  PGN 65535  XTE JD legacy:     167776   last SA=0xF0 word=0x0 byte1=0x0
             full payload:     0000000000000000  (2 ms ago)
  PGN 60160  XTE Trimble legacy:107   last SA=0x1C
  PGN 64770  AISO stop:         1571   last 1592258 ms ago
  TOTAL:                        185046
--- Guidance telemetry ---
  XTE:          1.23 m
  Speed:        0.00 m/s (0.00 kn)
  Quality:      4   RTK quality=4  IsRtkQuality=Y
  GGA fix age:  34 ms
  VTG fix age:  32 ms
  XTE fix age:  17 ms
  Lat/Lon/Alt/Course: 53.425358 / 6.720312 / 4.4 m / 319.0 deg
--- Virtual Terminal ---
  Connected:    Y
  State:        21/22  Connected
  VT version:  4
  VT status msgs: 1573   last 923 ms ago
  Partner: addr=0x26 valid=Y  reconnect attempts=0
--- Task Controller ---
  Connected:    Y
  TC-GEO (with/without pos): Y/Y
  Task active:  Y
  DRP deviation (DDI 513): 0 mm, last 1592258 ms ago
  GNSS quality (DDI 514):  0, last 1592258 ms ago
  Value commands (any DDI): 7  last DDI=515 (1436203 ms ago)
  Value requests (any DDI): 35637968
  Partner: addr=0xF7 valid=Y  reconnect attempts=0
  Tramline setpoint (DDI 506): 1  -> terminal DOES implement Tramline Control (1544209 ms ago)
  Guidance track (DDI 507-511): (none yet)
=== ISOBUS DEBUG MENU ===
1. Full status dump
2. Periodic summary line (OFF - press to toggle)
3. Reset message counters
4. Dump DDOP as hex (open in AgIsoDDOPGenerator)
5. Dump VT object pool as hex
q. Exit

# 12:20:31.573
=== ISOBUS STATUS ===
Address claim: CLAIMED  address=0x81
Bus load (ch0): 21.9 %
--- Message counters ---
  PGN 129025 Position NMEA2000: 0
  PGN 129026 Speed NMEA2000:    0
  PGN 129283 XTE NMEA2000:      0
  PGN 65267  Position legacy:   7801
  PGN 65256  Speed legacy:      7801   last SA=0x1C raw=0x0
  PGN 65535  XTE JD legacy:     167887   last SA=0xF0 word=0x0 byte1=0x0
             full payload:     0000000000000000  (5 ms ago)
  PGN 60160  XTE Trimble legacy:107   last SA=0x1C
  PGN 64770  AISO stop:         1572   last 1593283 ms ago
  TOTAL:                        185168
--- Guidance telemetry ---
  XTE:          1.23 m
  Speed:        0.00 m/s (0.00 kn)
  Quality:      4   RTK quality=4  IsRtkQuality=Y
  GGA fix age:  59 ms
  VTG fix age:  57 ms
  XTE fix age:  42 ms
  Lat/Lon/Alt/Course: 53.425358 / 6.720312 / 4.4 m / 319.0 deg
--- Virtual Terminal ---
  Connected:    Y
  State:        21/22  Connected
  VT version:  4
  VT status msgs: 1574   last 948 ms ago
  Partner: addr=0x26 valid=Y  reconnect attempts=0
--- Task Controller ---
  Connected:    Y
  TC-GEO (with/without pos): Y/Y
  Task active:  Y
  DRP deviation (DDI 513): 0 mm, last 1593283 ms ago
  GNSS quality (DDI 514):  0, last 1593283 ms ago
  Value commands (any DDI): 7  last DDI=515 (1437228 ms ago)
  Value requests (any DDI): 35661551
  Partner: addr=0xF7 valid=Y  reconnect attempts=0
  Tramline setpoint (DDI 506): 1  -> terminal DOES implement Tramline Control (1545234 ms ago)
  Guidance track (DDI 507-511): (none yet)
=== ISOBUS DEBUG MENU ===
1. Full status dump
2. Periodic summary line (OFF - press to toggle)
3. Reset message counters
4. Dump DDOP as hex (open in AgIsoDDOPGenerator)
5. Dump VT object pool as hex
q. Exit

# 12:20:32.615
=== ISOBUS STATUS ===
Address claim: CLAIMED  address=0x81
Bus load (ch0): 21.8 %
--- Message counters ---
  PGN 129025 Position NMEA2000: 0
  PGN 129026 Speed NMEA2000:    0
  PGN 129283 XTE NMEA2000:      0
  PGN 65267  Position legacy:   7806
  PGN 65256  Speed legacy:      7806   last SA=0x1C raw=0x4
  PGN 65535  XTE JD legacy:     168000   last SA=0xF0 word=0x0 byte1=0x0
             full payload:     0000000000000000  (11 ms ago)
  PGN 60160  XTE Trimble legacy:107   last SA=0x1C
  PGN 64770  AISO stop:         1573   last 1594351 ms ago
  TOTAL:                        185292
--- Guidance telemetry ---
  XTE:          1.23 m
  Speed:        0.01 m/s (0.02 kn)
  Quality:      4   RTK quality=4  IsRtkQuality=Y
  GGA fix age:  127 ms
  VTG fix age:  126 ms
  XTE fix age:  110 ms
  Lat/Lon/Alt/Course: 53.425358 / 6.720312 / 4.4 m / 319.0 deg
--- Virtual Terminal ---
  Connected:    Y
  State:        21/22  Connected
  VT version:  4
  VT status msgs: 1576   last 16 ms ago
  Partner: addr=0x26 valid=Y  reconnect attempts=0
--- Task Controller ---
  Connected:    Y
  TC-GEO (with/without pos): Y/Y
  Task active:  Y
  DRP deviation (DDI 513): 0 mm, last 1594351 ms ago
  GNSS quality (DDI 514):  0, last 1594351 ms ago
  Value commands (any DDI): 7  last DDI=515 (1438296 ms ago)
  Value requests (any DDI): 35686100
  Partner: addr=0xF7 valid=Y  reconnect attempts=0
  Tramline setpoint (DDI 506): 1  -> terminal DOES implement Tramline Control (1546302 ms ago)
  Guidance track (DDI 507-511): (none yet)
=== ISOBUS DEBUG MENU ===
1. Full status dump
2. Periodic summary line (OFF - press to toggle)
3. Reset message counters
4. Dump DDOP as hex (open in AgIsoDDOPGenerator)
5. Dump VT object pool as hex
q. Exit

# 12:20:33.672
=== ISOBUS STATUS ===
Address claim: CLAIMED  address=0x81
Bus load (ch0): 21.1 %
--- Message counters ---
  PGN 129025 Position NMEA2000: 0
  PGN 129026 Speed NMEA2000:    0
  PGN 129283 XTE NMEA2000:      0
  PGN 65267  Position legacy:   7811
  PGN 65256  Speed legacy:      7811   last SA=0x1C raw=0x1
  PGN 65535  XTE JD legacy:     168109   last SA=0xF0 word=0x0 byte1=0x0
             full payload:     0000000000000000  (16 ms ago)
  PGN 60160  XTE Trimble legacy:107   last SA=0x1C
  PGN 64770  AISO stop:         1574   last 1595395 ms ago
  TOTAL:                        185412
--- Guidance telemetry ---
  XTE:          1.23 m
  Speed:        0.00 m/s (0.00 kn)
  Quality:      4   RTK quality=4  IsRtkQuality=Y
  GGA fix age:  171 ms
  VTG fix age:  169 ms
  XTE fix age:  154 ms
  Lat/Lon/Alt/Course: 53.425358 / 6.720312 / 4.4 m / 319.0 deg
--- Virtual Terminal ---
  Connected:    Y
  State:        21/22  Connected
  VT version:  4
  VT status msgs: 1577   last 60 ms ago
  Partner: addr=0x26 valid=Y  reconnect attempts=0
--- Task Controller ---
  Connected:    Y
  TC-GEO (with/without pos): Y/Y
  Task active:  Y
  DRP deviation (DDI 513): 0 mm, last 1595395 ms ago
  GNSS quality (DDI 514):  0, last 1595395 ms ago
  Value commands (any DDI): 7  last DDI=515 (1439340 ms ago)
  Value requests (any DDI): 35710109
  Partner: addr=0xF7 valid=Y  reconnect attempts=0
  Tramline setpoint (DDI 506): 1  -> terminal DOES implement Tramline Control (1547346 ms ago)
  Guidance track (DDI 507-511): (none yet)
=== ISOBUS DEBUG MENU ===
1. Full status dump
2. Periodic summary line (OFF - press to toggle)
3. Reset message counters
4. Dump DDOP as hex (open in AgIsoDDOPGenerator)
5. Dump VT object pool as hex
q. Exit

# 12:20:34.681
=== ISOBUS STATUS ===
Address claim: CLAIMED  address=0x81
Bus load (ch0): 21.5 %
--- Message counters ---
  PGN 129025 Position NMEA2000: 0
  PGN 129026 Speed NMEA2000:    0
  PGN 129283 XTE NMEA2000:      0
  PGN 65267  Position legacy:   7817
  PGN 65256  Speed legacy:      7817   last SA=0x1C raw=0x1
  PGN 65535  XTE JD legacy:     168227   last SA=0x2A word=0x7DF6 byte1=0x15
             full payload:     771500F67D0B85FF  (8 ms ago)
  PGN 60160  XTE Trimble legacy:107   last SA=0x1C
  PGN 64770  AISO stop:         1576   last 1596449 ms ago
  TOTAL:                        185544
--- Guidance telemetry ---
  XTE:          1.23 m
  Speed:        0.00 m/s (0.00 kn)
  Quality:      4   RTK quality=4  IsRtkQuality=Y
  GGA fix age:  25 ms
  VTG fix age:  23 ms
  XTE fix age:  8 ms
  Lat/Lon/Alt/Course: 53.425358 / 6.720312 / 4.4 m / 319.0 deg
--- Virtual Terminal ---
  Connected:    Y
  State:        21/22  Connected
  VT version:  4
  VT status msgs: 1578   last 113 ms ago
  Partner: addr=0x26 valid=Y  reconnect attempts=0
--- Task Controller ---
  Connected:    Y
  TC-GEO (with/without pos): Y/Y
  Task active:  Y
  DRP deviation (DDI 513): 0 mm, last 1596449 ms ago
  GNSS quality (DDI 514):  0, last 1596449 ms ago
  Value commands (any DDI): 7  last DDI=515 (1440394 ms ago)
  Value requests (any DDI): 35734360
  Partner: addr=0xF7 valid=Y  reconnect attempts=0
  Tramline setpoint (DDI 506): 1  -> terminal DOES implement Tramline Control (1548400 ms ago)
  Guidance track (DDI 507-511): (none yet)
=== ISOBUS DEBUG MENU ===
1. Full status dump
2. Periodic summary line (OFF - press to toggle)
3. Reset message counters
4. Dump DDOP as hex (open in AgIsoDDOPGenerator)
5. Dump VT object pool as hex
q. Exit

# 12:20:35.687
=== ISOBUS STATUS ===
Address claim: CLAIMED  address=0x81
Bus load (ch0): 21.4 %
--- Message counters ---
  PGN 129025 Position NMEA2000: 0
  PGN 129026 Speed NMEA2000:    0
  PGN 129283 XTE NMEA2000:      0
  PGN 65267  Position legacy:   7822
  PGN 65256  Speed legacy:      7822   last SA=0x1C raw=0x1
  PGN 65535  XTE JD legacy:     168334   last SA=0x2A word=0x7DF6 byte1=0x15
             full payload:     771500F67D0B85FF  (15 ms ago)
  PGN 60160  XTE Trimble legacy:107   last SA=0x1C
  PGN 64770  AISO stop:         1577   last 1597456 ms ago
  TOTAL:                        185662
--- Guidance telemetry ---
  XTE:          1.23 m
  Speed:        0.00 m/s (0.00 kn)
  Quality:      4   RTK quality=4  IsRtkQuality=Y
  GGA fix age:  32 ms
  VTG fix age:  31 ms
  XTE fix age:  15 ms
  Lat/Lon/Alt/Course: 53.425358 / 6.720312 / 4.4 m / 319.0 deg
--- Virtual Terminal ---
  Connected:    Y
  State:        21/22  Connected
  VT version:  4
  VT status msgs: 1579   last 121 ms ago
  Partner: addr=0x26 valid=Y  reconnect attempts=0
--- Task Controller ---
  Connected:    Y
  TC-GEO (with/without pos): Y/Y
  Task active:  Y
  DRP deviation (DDI 513): 0 mm, last 1597456 ms ago
  GNSS quality (DDI 514):  0, last 1597456 ms ago
  Value commands (any DDI): 7  last DDI=515 (1441401 ms ago)
  Value requests (any DDI): 35757512
  Partner: addr=0xF7 valid=Y  reconnect attempts=0
  Tramline setpoint (DDI 506): 1  -> terminal DOES implement Tramline Control (1549407 ms ago)
  Guidance track (DDI 507-511): (none yet)
=== ISOBUS DEBUG MENU ===
1. Full status dump
2. Periodic summary line (OFF - press to toggle)
3. Reset message counters
4. Dump DDOP as hex (open in AgIsoDDOPGenerator)
5. Dump VT object pool as hex
q. Exit

# 12:20:36.729
=== ISOBUS STATUS ===
Address claim: CLAIMED  address=0x81
Bus load (ch0): 22.2 %
--- Message counters ---
  PGN 129025 Position NMEA2000: 0
  PGN 129026 Speed NMEA2000:    0
  PGN 129283 XTE NMEA2000:      0
  PGN 65267  Position legacy:   7827
  PGN 65256  Speed legacy:      7827   last SA=0x1C raw=0x0
  PGN 65535  XTE JD legacy:     168443   last SA=0xF0 word=0x0 byte1=0x0
             full payload:     0000000000000000  (3 ms ago)
  PGN 60160  XTE Trimble legacy:107   last SA=0x1C
  PGN 64770  AISO stop:         1578   last 1598461 ms ago
  TOTAL:                        185782
--- Guidance telemetry ---
  XTE:          1.23 m
  Speed:        0.00 m/s (0.00 kn)
  Quality:      4   RTK quality=4  IsRtkQuality=Y
  GGA fix age:  37 ms
  VTG fix age:  35 ms
  XTE fix age:  20 ms
  Lat/Lon/Alt/Course: 53.425358 / 6.720312 / 4.4 m / 319.0 deg
--- Virtual Terminal ---
  Connected:    Y
  State:        21/22  Connected
  VT version:  4
  VT status msgs: 1580   last 125 ms ago
  Partner: addr=0x26 valid=Y  reconnect attempts=0
--- Task Controller ---
  Connected:    Y
  TC-GEO (with/without pos): Y/Y
  Task active:  Y
  DRP deviation (DDI 513): 0 mm, last 1598461 ms ago
  GNSS quality (DDI 514):  0, last 1598461 ms ago
  Value commands (any DDI): 7  last DDI=515 (1442406 ms ago)
  Value requests (any DDI): 35780638
  Partner: addr=0xF7 valid=Y  reconnect attempts=0
  Tramline setpoint (DDI 506): 1  -> terminal DOES implement Tramline Control (1550412 ms ago)
  Guidance track (DDI 507-511): (none yet)
=== ISOBUS DEBUG MENU ===
1. Full status dump
2. Periodic summary line (OFF - press to toggle)
3. Reset message counters
4. Dump DDOP as hex (open in AgIsoDDOPGenerator)
5. Dump VT object pool as hex
q. Exit

# 12:20:37.798
=== ISOBUS STATUS ===
Address claim: CLAIMED  address=0x81
Bus load (ch0): 21.8 %
--- Message counters ---
  PGN 129025 Position NMEA2000: 0
  PGN 129026 Speed NMEA2000:    0
  PGN 129283 XTE NMEA2000:      0
  PGN 65267  Position legacy:   7832
  PGN 65256  Speed legacy:      7832   last SA=0x1C raw=0x1
  PGN 65535  XTE JD legacy:     168552   last SA=0xF0 word=0x0 byte1=0x0
             full payload:     0000000000000000  (4 ms ago)
  PGN 60160  XTE Trimble legacy:107   last SA=0x1C
  PGN 64770  AISO stop:         1579   last 1599504 ms ago
  TOTAL:                        185902
--- Guidance telemetry ---
  XTE:          1.23 m
  Speed:        0.00 m/s (0.00 kn)
  Quality:      4   RTK quality=4  IsRtkQuality=Y
  GGA fix age:  80 ms
  VTG fix age:  79 ms
  XTE fix age:  66 ms
  Lat/Lon/Alt/Course: 53.425358 / 6.720312 / 4.4 m / 319.0 deg
--- Virtual Terminal ---
  Connected:    Y
  State:        21/22  Connected
  VT version:  4
  VT status msgs: 1581   last 169 ms ago
  Partner: addr=0x26 valid=Y  reconnect attempts=0
--- Task Controller ---
  Connected:    Y
  TC-GEO (with/without pos): Y/Y
  Task active:  Y
  DRP deviation (DDI 513): 0 mm, last 1599504 ms ago
  GNSS quality (DDI 514):  0, last 1599504 ms ago
  Value commands (any DDI): 7  last DDI=515 (1443449 ms ago)
  Value requests (any DDI): 35804609
  Partner: addr=0xF7 valid=Y  reconnect attempts=0
  Tramline setpoint (DDI 506): 1  -> terminal DOES implement Tramline Control (1551455 ms ago)
  Guidance track (DDI 507-511): (none yet)
=== ISOBUS DEBUG MENU ===
1. Full status dump
2. Periodic summary line (OFF - press to toggle)
3. Reset message counters
4. Dump DDOP as hex (open in AgIsoDDOPGenerator)
5. Dump VT object pool as hex
q. Exit

# 12:20:38.871
=== ISOBUS STATUS ===
Address claim: CLAIMED  address=0x81
Bus load (ch0): 21.7 %
--- Message counters ---
  PGN 129025 Position NMEA2000: 0
  PGN 129026 Speed NMEA2000:    0
  PGN 129283 XTE NMEA2000:      0
  PGN 65267  Position legacy:   7837
  PGN 65256  Speed legacy:      7837   last SA=0x1C raw=0x0
  PGN 65535  XTE JD legacy:     168662   last SA=0xF0 word=0x0 byte1=0x0
             full payload:     0000000000000000  (18 ms ago)
  PGN 60160  XTE Trimble legacy:107   last SA=0x1C
  PGN 64770  AISO stop:         1580   last 1600576 ms ago
  TOTAL:                        186023
--- Guidance telemetry ---
  XTE:          1.23 m
  Speed:        0.00 m/s (0.00 kn)
  Quality:      4   RTK quality=4  IsRtkQuality=Y
  GGA fix age:  152 ms
  VTG fix age:  151 ms
  XTE fix age:  138 ms
  Lat/Lon/Alt/Course: 53.425358 / 6.720312 / 4.4 m / 319.0 deg
--- Virtual Terminal ---
  Connected:    Y
  State:        21/22  Connected
  VT version:  4
  VT status msgs: 1582   last 241 ms ago
  Partner: addr=0x26 valid=Y  reconnect attempts=0
--- Task Controller ---
  Connected:    Y
  TC-GEO (with/without pos): Y/Y
  Task active:  Y
  DRP deviation (DDI 513): 0 mm, last 1600576 ms ago
  GNSS quality (DDI 514):  0, last 1600576 ms ago
  Value commands (any DDI): 7  last DDI=515 (1444521 ms ago)
  Value requests (any DDI): 35829270
  Partner: addr=0xF7 valid=Y  reconnect attempts=0
  Tramline setpoint (DDI 506): 1  -> terminal DOES implement Tramline Control (1552527 ms ago)
  Guidance track (DDI 507-511): (none yet)
=== ISOBUS DEBUG MENU ===
1. Full status dump
2. Periodic summary line (OFF - press to toggle)
3. Reset message counters
4. Dump DDOP as hex (open in AgIsoDDOPGenerator)
5. Dump VT object pool as hex
q. Exit

# 12:20:39.900
=== ISOBUS STATUS ===
Address claim: CLAIMED  address=0x81
Bus load (ch0): 21.5 %
--- Message counters ---
  PGN 129025 Position NMEA2000: 0
  PGN 129026 Speed NMEA2000:    0
  PGN 129283 XTE NMEA2000:      0
  PGN 65267  Position legacy:   7843
  PGN 65256  Speed legacy:      7843   last SA=0x1C raw=0x2
  PGN 65535  XTE JD legacy:     168781   last SA=0xF0 word=0x0 byte1=0x0
             full payload:     0000000000000000  (14 ms ago)
  PGN 60160  XTE Trimble legacy:107   last SA=0x1C
  PGN 64770  AISO stop:         1581   last 1601654 ms ago
  TOTAL:                        186155
--- Guidance telemetry ---
  XTE:          1.23 m
  Speed:        0.00 m/s (0.01 kn)
  Quality:      4   RTK quality=4  IsRtkQuality=Y
  GGA fix age:  30 ms
  VTG fix age:  29 ms
  XTE fix age:  21 ms
  Lat/Lon/Alt/Course: 53.425358 / 6.720312 / 4.4 m / 319.0 deg
--- Virtual Terminal ---
  Connected:    Y
  State:        21/22  Connected
  VT version:  4
  VT status msgs: 1583   last 319 ms ago
  Partner: addr=0x26 valid=Y  reconnect attempts=0
--- Task Controller ---
  Connected:    Y
  TC-GEO (with/without pos): Y/Y
  Task active:  Y
  DRP deviation (DDI 513): 0 mm, last 1601654 ms ago
  GNSS quality (DDI 514):  0, last 1601654 ms ago
  Value commands (any DDI): 7  last DDI=515 (1445599 ms ago)
  Value requests (any DDI): 35854049
  Partner: addr=0xF7 valid=Y  reconnect attempts=0
  Tramline setpoint (DDI 506): 1  -> terminal DOES implement Tramline Control (1553605 ms ago)
  Guidance track (DDI 507-511): (none yet)
=== ISOBUS DEBUG MENU ===
1. Full status dump
2. Periodic summary line (OFF - press to toggle)
3. Reset message counters
4. Dump DDOP as hex (open in AgIsoDDOPGenerator)
5. Dump VT object pool as hex
q. Exit

# 12:20:40.967
=== ISOBUS STATUS ===
Address claim: CLAIMED  address=0x81
Bus load (ch0): 21.7 %
--- Message counters ---
  PGN 129025 Position NMEA2000: 0
  PGN 129026 Speed NMEA2000:    0
  PGN 129283 XTE NMEA2000:      0
  PGN 65267  Position legacy:   7848
  PGN 65256  Speed legacy:      7848   last SA=0x1C raw=0x1
  PGN 65535  XTE JD legacy:     168890   last SA=0xF0 word=0x0 byte1=0x0
             full payload:     0000000000000000  (17 ms ago)
  PGN 60160  XTE Trimble legacy:107   last SA=0x1C
  PGN 64770  AISO stop:         1582   last 1602676 ms ago
  TOTAL:                        186275
--- Guidance telemetry ---
  XTE:          1.23 m
  Speed:        0.00 m/s (0.00 kn)
  Quality:      4   RTK quality=4  IsRtkQuality=Y
  GGA fix age:  52 ms
  VTG fix age:  51 ms
  XTE fix age:  38 ms
  Lat/Lon/Alt/Course: 53.425358 / 6.720312 / 4.4 m / 319.0 deg
--- Virtual Terminal ---
  Connected:    Y
  State:        21/22  Connected
  VT version:  4
  VT status msgs: 1584   last 340 ms ago
  Partner: addr=0x26 valid=Y  reconnect attempts=0
--- Task Controller ---
  Connected:    Y
  TC-GEO (with/without pos): Y/Y
  Task active:  Y
  DRP deviation (DDI 513): 0 mm, last 1602676 ms ago
  GNSS quality (DDI 514):  0, last 1602676 ms ago
  Value commands (any DDI): 7  last DDI=515 (1446621 ms ago)
  Value requests (any DDI): 35877548
  Partner: addr=0xF7 valid=Y  reconnect attempts=0
  Tramline setpoint (DDI 506): 1  -> terminal DOES implement Tramline Control (1554627 ms ago)
  Guidance track (DDI 507-511): (none yet)
=== ISOBUS DEBUG MENU ===
1. Full status dump
2. Periodic summary line (OFF - press to toggle)
3. Reset message counters
4. Dump DDOP as hex (open in AgIsoDDOPGenerator)
5. Dump VT object pool as hex
q. Exit

# 12:20:42.046
=== ISOBUS STATUS ===
Address claim: CLAIMED  address=0x81
Bus load (ch0): 22.0 %
--- Message counters ---
  PGN 129025 Position NMEA2000: 0
  PGN 129026 Speed NMEA2000:    0
  PGN 129283 XTE NMEA2000:      0
  PGN 65267  Position legacy:   7853
  PGN 65256  Speed legacy:      7853   last SA=0x1C raw=0x1
  PGN 65535  XTE JD legacy:     169002   last SA=0xF0 word=0x0 byte1=0x0
             full payload:     0000000000000000  (4 ms ago)
  PGN 60160  XTE Trimble legacy:107   last SA=0x1C
  PGN 64770  AISO stop:         1583   last 1603745 ms ago
  TOTAL:                        186398
--- Guidance telemetry ---
  XTE:          1.23 m
  Speed:        0.00 m/s (0.00 kn)
  Quality:      4   RTK quality=4  IsRtkQuality=Y
  GGA fix age:  121 ms
  VTG fix age:  120 ms
  XTE fix age:  107 ms
  Lat/Lon/Alt/Course: 53.425358 / 6.720312 / 4.4 m / 319.0 deg
--- Virtual Terminal ---
  Connected:    Y
  State:        21/22  Connected
  VT version:  4
  VT status msgs: 1585   last 409 ms ago
  Partner: addr=0x26 valid=Y  reconnect attempts=0
--- Task Controller ---
  Connected:    Y
  TC-GEO (with/without pos): Y/Y
  Task active:  Y
  DRP deviation (DDI 513): 0 mm, last 1603745 ms ago
  GNSS quality (DDI 514):  0, last 1603745 ms ago
  Value commands (any DDI): 7  last DDI=515 (1447690 ms ago)
  Value requests (any DDI): 35902133
  Partner: addr=0xF7 valid=Y  reconnect attempts=0
  Tramline setpoint (DDI 506): 1  -> terminal DOES implement Tramline Control (1555696 ms ago)
  Guidance track (DDI 507-511): (none yet)
=== ISOBUS DEBUG MENU ===
1. Full status dump
2. Periodic summary line (OFF - press to toggle)
3. Reset message counters
4. Dump DDOP as hex (open in AgIsoDDOPGenerator)
5. Dump VT object pool as hex
q. Exit

# 12:20:43.054
=== ISOBUS STATUS ===
Address claim: CLAIMED  address=0x81
Bus load (ch0): 21.8 %
--- Message counters ---
  PGN 129025 Position NMEA2000: 0
  PGN 129026 Speed NMEA2000:    0
  PGN 129283 XTE NMEA2000:      0
  PGN 65267  Position legacy:   7858
  PGN 65256  Speed legacy:      7858   last SA=0x1C raw=0x2
  PGN 65535  XTE JD legacy:     169116   last SA=0xF0 word=0x0 byte1=0x0
             full payload:     0000000000000000  (2 ms ago)
  PGN 60160  XTE Trimble legacy:107   last SA=0x1C
  PGN 64770  AISO stop:         1584   last 1604822 ms ago
  TOTAL:                        186523
--- Guidance telemetry ---
  XTE:          1.23 m
  Speed:        0.00 m/s (0.01 kn)
  Quality:      4   RTK quality=4  IsRtkQuality=Y
  GGA fix age:  198 ms
  VTG fix age:  197 ms
  XTE fix age:  184 ms
  Lat/Lon/Alt/Course: 53.425358 / 6.720312 / 4.4 m / 319.0 deg
--- Virtual Terminal ---
  Connected:    Y
  State:        21/22  Connected
  VT version:  4
  VT status msgs: 1586   last 487 ms ago
  Partner: addr=0x26 valid=Y  reconnect attempts=0
--- Task Controller ---
  Connected:    Y
  TC-GEO (with/without pos): Y/Y
  Task active:  Y
  DRP deviation (DDI 513): 0 mm, last 1604822 ms ago
  GNSS quality (DDI 514):  0, last 1604822 ms ago
  Value commands (any DDI): 7  last DDI=515 (1448767 ms ago)
  Value requests (any DDI): 35926904
  Partner: addr=0xF7 valid=Y  reconnect attempts=0
  Tramline setpoint (DDI 506): 1  -> terminal DOES implement Tramline Control (1556773 ms ago)
  Guidance track (DDI 507-511): (none yet)
=== ISOBUS DEBUG MENU ===
1. Full status dump
2. Periodic summary line (OFF - press to toggle)
3. Reset message counters
4. Dump DDOP as hex (open in AgIsoDDOPGenerator)
5. Dump VT object pool as hex
q. Exit

# 12:20:44.115
=== ISOBUS STATUS ===
Address claim: CLAIMED  address=0x81
Bus load (ch0): 21.7 %
--- Message counters ---
  PGN 129025 Position NMEA2000: 0
  PGN 129026 Speed NMEA2000:    0
  PGN 129283 XTE NMEA2000:      0
  PGN 65267  Position legacy:   7864
  PGN 65256  Speed legacy:      7864   last SA=0x1C raw=0x1
  PGN 65535  XTE JD legacy:     169228   last SA=0x1C word=0x0 byte1=0x0
             full payload:     0000000000000000  (2 ms ago)
  PGN 60160  XTE Trimble legacy:107   last SA=0x1C
  PGN 64770  AISO stop:         1585   last 1605830 ms ago
  TOTAL:                        186648
--- Guidance telemetry ---
  XTE:          1.23 m
  Speed:        0.00 m/s (0.00 kn)
  Quality:      4   RTK quality=4  IsRtkQuality=Y
  GGA fix age:  6 ms
  VTG fix age:  5 ms
  XTE fix age:  197 ms
  Lat/Lon/Alt/Course: 53.425358 / 6.720312 / 4.4 m / 319.0 deg
--- Virtual Terminal ---
  Connected:    Y
  State:        21/22  Connected
  VT version:  4
  VT status msgs: 1587   last 494 ms ago
  Partner: addr=0x26 valid=Y  reconnect attempts=0
--- Task Controller ---
  Connected:    Y
  TC-GEO (with/without pos): Y/Y
  Task active:  Y
  DRP deviation (DDI 513): 0 mm, last 1605830 ms ago
  GNSS quality (DDI 514):  0, last 1605830 ms ago
  Value commands (any DDI): 7  last DDI=515 (1449775 ms ago)
  Value requests (any DDI): 35950077
  Partner: addr=0xF7 valid=Y  reconnect attempts=0
  Tramline setpoint (DDI 506): 1  -> terminal DOES implement Tramline Control (1557781 ms ago)
  Guidance track (DDI 507-511): (none yet)
=== ISOBUS DEBUG MENU ===
1. Full status dump
2. Periodic summary line (OFF - press to toggle)
3. Reset message counters
4. Dump DDOP as hex (open in AgIsoDDOPGenerator)
5. Dump VT object pool as hex
q. Exit

# 12:20:45.186
=== ISOBUS STATUS ===
Address claim: CLAIMED  address=0x81
Bus load (ch0): 21.7 %
--- Message counters ---
  PGN 129025 Position NMEA2000: 0
  PGN 129026 Speed NMEA2000:    0
  PGN 129283 XTE NMEA2000:      0
  PGN 65267  Position legacy:   7869
  PGN 65256  Speed legacy:      7869   last SA=0x1C raw=0x4
  PGN 65535  XTE JD legacy:     169341   last SA=0xF0 word=0x0 byte1=0x0
             full payload:     0000000000000000  (11 ms ago)
  PGN 60160  XTE Trimble legacy:107   last SA=0x1C
  PGN 64770  AISO stop:         1586   last 1606890 ms ago
  TOTAL:                        186772
--- Guidance telemetry ---
  XTE:          1.23 m
  Speed:        0.01 m/s (0.02 kn)
  Quality:      4   RTK quality=4  IsRtkQuality=Y
  GGA fix age:  66 ms
  VTG fix age:  65 ms
  XTE fix age:  52 ms
  Lat/Lon/Alt/Course: 53.425358 / 6.720312 / 4.4 m / 319.0 deg
--- Virtual Terminal ---
  Connected:    Y
  State:        21/22  Connected
  VT version:  4
  VT status msgs: 1588   last 555 ms ago
  Partner: addr=0x26 valid=Y  reconnect attempts=0
--- Task Controller ---
  Connected:    Y
  TC-GEO (with/without pos): Y/Y
  Task active:  Y
  DRP deviation (DDI 513): 0 mm, last 1606890 ms ago
  GNSS quality (DDI 514):  0, last 1606890 ms ago
  Value commands (any DDI): 7  last DDI=515 (1450835 ms ago)
  Value requests (any DDI): 35974452
  Partner: addr=0xF7 valid=Y  reconnect attempts=0
  Tramline setpoint (DDI 506): 1  -> terminal DOES implement Tramline Control (1558841 ms ago)
  Guidance track (DDI 507-511): (none yet)
=== ISOBUS DEBUG MENU ===
1. Full status dump
2. Periodic summary line (OFF - press to toggle)
3. Reset message counters
4. Dump DDOP as hex (open in AgIsoDDOPGenerator)
5. Dump VT object pool as hex
q. Exit

# 12:20:46.201
=== ISOBUS STATUS ===
Address claim: CLAIMED  address=0x81
Bus load (ch0): 22.0 %
--- Message counters ---
  PGN 129025 Position NMEA2000: 0
  PGN 129026 Speed NMEA2000:    0
  PGN 129283 XTE NMEA2000:      0
  PGN 65267  Position legacy:   7874
  PGN 65256  Speed legacy:      7874   last SA=0x1C raw=0x1
  PGN 65535  XTE JD legacy:     169453   last SA=0xF0 word=0x0 byte1=0x0
             full payload:     0000000000000000  (2 ms ago)
  PGN 60160  XTE Trimble legacy:107   last SA=0x1C
  PGN 64770  AISO stop:         1587   last 1607961 ms ago
  TOTAL:                        186895
--- Guidance telemetry ---
  XTE:          1.23 m
  Speed:        0.00 m/s (0.00 kn)
  Quality:      4   RTK quality=4  IsRtkQuality=Y
  GGA fix age:  137 ms
  VTG fix age:  136 ms
  XTE fix age:  123 ms
  Lat/Lon/Alt/Course: 53.425358 / 6.720312 / 4.4 m / 319.0 deg
--- Virtual Terminal ---
  Connected:    Y
  State:        21/22  Connected
  VT version:  4
  VT status msgs: 1589   last 626 ms ago
  Partner: addr=0x26 valid=Y  reconnect attempts=0
--- Task Controller ---
  Connected:    Y
  TC-GEO (with/without pos): Y/Y
  Task active:  Y
  DRP deviation (DDI 513): 0 mm, last 1607961 ms ago
  GNSS quality (DDI 514):  0, last 1607961 ms ago
  Value commands (any DDI): 7  last DDI=515 (1451906 ms ago)
  Value requests (any DDI): 35999083
  Partner: addr=0xF7 valid=Y  reconnect attempts=0
  Tramline setpoint (DDI 506): 1  -> terminal DOES implement Tramline Control (1559912 ms ago)
  Guidance track (DDI 507-511): (none yet)
=== ISOBUS DEBUG MENU ===
1. Full status dump
2. Periodic summary line (OFF - press to toggle)
3. Reset message counters
4. Dump DDOP as hex (open in AgIsoDDOPGenerator)
5. Dump VT object pool as hex
q. Exit

# 12:20:47.230
=== ISOBUS STATUS ===
Address claim: CLAIMED  address=0x81
Bus load (ch0): 22.1 %
--- Message counters ---
  PGN 129025 Position NMEA2000: 0
  PGN 129026 Speed NMEA2000:    0
  PGN 129283 XTE NMEA2000:      0
  PGN 65267  Position legacy:   7879
  PGN 65256  Speed legacy:      7879   last SA=0x1C raw=0x2
  PGN 65535  XTE JD legacy:     169561   last SA=0x1C word=0x0 byte1=0x0
             full payload:     0000000000000000  (7 ms ago)
  PGN 60160  XTE Trimble legacy:107   last SA=0x1C
  PGN 64770  AISO stop:         1588   last 1608977 ms ago
  TOTAL:                        187014
--- Guidance telemetry ---
  XTE:          1.23 m
  Speed:        0.00 m/s (0.01 kn)
  Quality:      4   RTK quality=4  IsRtkQuality=Y
  GGA fix age:  153 ms
  VTG fix age:  152 ms
  XTE fix age:  139 ms
  Lat/Lon/Alt/Course: 53.425358 / 6.720312 / 4.4 m / 319.0 deg
--- Virtual Terminal ---
  Connected:    Y
  State:        21/22  Connected
  VT version:  4
  VT status msgs: 1590   last 641 ms ago
  Partner: addr=0x26 valid=Y  reconnect attempts=0
--- Task Controller ---
  Connected:    Y
  TC-GEO (with/without pos): Y/Y
  Task active:  Y
  DRP deviation (DDI 513): 0 mm, last 1608977 ms ago
  GNSS quality (DDI 514):  0, last 1608977 ms ago
  Value commands (any DDI): 7  last DDI=515 (1452922 ms ago)
  Value requests (any DDI): 36022455
  Partner: addr=0xF7 valid=Y  reconnect attempts=0
  Tramline setpoint (DDI 506): 1  -> terminal DOES implement Tramline Control (1560928 ms ago)
  Guidance track (DDI 507-511): (none yet)
=== ISOBUS DEBUG MENU ===
1. Full status dump
2. Periodic summary line (OFF - press to toggle)
3. Reset message counters
4. Dump DDOP as hex (open in AgIsoDDOPGenerator)
5. Dump VT object pool as hex
q. Exit

# 12:20:48.267
=== ISOBUS STATUS ===
Address claim: CLAIMED  address=0x81
Bus load (ch0): 21.9 %
--- Message counters ---
  PGN 129025 Position NMEA2000: 0
  PGN 129026 Speed NMEA2000:    0
  PGN 129283 XTE NMEA2000:      0
  PGN 65267  Position legacy:   7884
  PGN 65256  Speed legacy:      7884   last SA=0x1C raw=0x2
  PGN 65535  XTE JD legacy:     169670   last SA=0xF0 word=0x0 byte1=0x0
             full payload:     0000000000000000  (7 ms ago)
  PGN 60160  XTE Trimble legacy:107   last SA=0x1C
  PGN 64770  AISO stop:         1589   last 1610006 ms ago
  TOTAL:                        187134
--- Guidance telemetry ---
  XTE:          1.23 m
  Speed:        0.00 m/s (0.01 kn)
  Quality:      4   RTK quality=4  IsRtkQuality=Y
  GGA fix age:  182 ms
  VTG fix age:  181 ms
  XTE fix age:  168 ms
  Lat/Lon/Alt/Course: 53.425358 / 6.720312 / 4.4 m / 319.0 deg
--- Virtual Terminal ---
  Connected:    Y
  State:        21/22  Connected
  VT version:  4
  VT status msgs: 1591   last 671 ms ago
  Partner: addr=0x26 valid=Y  reconnect attempts=0
--- Task Controller ---
  Connected:    Y
  TC-GEO (with/without pos): Y/Y
  Task active:  Y
  DRP deviation (DDI 513): 0 mm, last 1610006 ms ago
  GNSS quality (DDI 514):  0, last 1610006 ms ago
  Value commands (any DDI): 7  last DDI=515 (1453951 ms ago)
  Value requests (any DDI): 36046122
  Partner: addr=0xF7 valid=Y  reconnect attempts=0
  Tramline setpoint (DDI 506): 1  -> terminal DOES implement Tramline Control (1561957 ms ago)
  Guidance track (DDI 507-511): (none yet)
=== ISOBUS DEBUG MENU ===
1. Full status dump
2. Periodic summary line (OFF - press to toggle)
3. Reset message counters
4. Dump DDOP as hex (open in AgIsoDDOPGenerator)
5. Dump VT object pool as hex
q. Exit

# 12:20:49.300
=== ISOBUS STATUS ===
Address claim: CLAIMED  address=0x81
Bus load (ch0): 21.4 %
--- Message counters ---
  PGN 129025 Position NMEA2000: 0
  PGN 129026 Speed NMEA2000:    0
  PGN 129283 XTE NMEA2000:      0
  PGN 65267  Position legacy:   7890
  PGN 65256  Speed legacy:      7890   last SA=0x1C raw=0x0
  PGN 65535  XTE JD legacy:     169788   last SA=0x2A word=0xFC3E byte1=0xFF
             full payload:     92FF803EFCFFFFFF  (5 ms ago)
  PGN 60160  XTE Trimble legacy:107   last SA=0x1C
  PGN 64770  AISO stop:         1590   last 1611047 ms ago
  TOTAL:                        187265
--- Guidance telemetry ---
  XTE:          1.23 m
  Speed:        0.00 m/s (0.00 kn)
  Quality:      4   RTK quality=4  IsRtkQuality=Y
  GGA fix age:  23 ms
  VTG fix age:  22 ms
  XTE fix age:  9 ms
  Lat/Lon/Alt/Course: 53.425358 / 6.720312 / 4.4 m / 319.0 deg
--- Virtual Terminal ---
  Connected:    Y
  State:        21/22  Connected
  VT version:  4
  VT status msgs: 1592   last 711 ms ago
  Partner: addr=0x26 valid=Y  reconnect attempts=0
--- Task Controller ---
  Connected:    Y
  TC-GEO (with/without pos): Y/Y
  Task active:  Y
  DRP deviation (DDI 513): 0 mm, last 1611047 ms ago
  GNSS quality (DDI 514):  0, last 1611047 ms ago
  Value commands (any DDI): 7  last DDI=515 (1454992 ms ago)
  Value requests (any DDI): 36070048
  Partner: addr=0xF7 valid=Y  reconnect attempts=0
  Tramline setpoint (DDI 506): 1  -> terminal DOES implement Tramline Control (1562998 ms ago)
  Guidance track (DDI 507-511): (none yet)
=== ISOBUS DEBUG MENU ===
1. Full status dump
2. Periodic summary line (OFF - press to toggle)
3. Reset message counters
4. Dump DDOP as hex (open in AgIsoDDOPGenerator)
5. Dump VT object pool as hex
q. Exit

# 12:20:50.353
=== ISOBUS STATUS ===
Address claim: CLAIMED  address=0x81
Bus load (ch0): 22.1 %
--- Message counters ---
  PGN 129025 Position NMEA2000: 0
  PGN 129026 Speed NMEA2000:    0
  PGN 129283 XTE NMEA2000:      0
  PGN 65267  Position legacy:   7895
  PGN 65256  Speed legacy:      7895   last SA=0x1C raw=0x2
  PGN 65535  XTE JD legacy:     169897   last SA=0xF0 word=0x0 byte1=0x0
             full payload:     0000000000000000  (7 ms ago)
  PGN 60160  XTE Trimble legacy:107   last SA=0x1C
  PGN 64770  AISO stop:         1591   last 1612086 ms ago
  TOTAL:                        187385
--- Guidance telemetry ---
  XTE:          1.23 m
  Speed:        0.00 m/s (0.01 kn)
  Quality:      4   RTK quality=4  IsRtkQuality=Y
  GGA fix age:  62 ms
  VTG fix age:  61 ms
  XTE fix age:  48 ms
  Lat/Lon/Alt/Course: 53.425358 / 6.720312 / 4.4 m / 319.0 deg
--- Virtual Terminal ---
  Connected:    Y
  State:        21/22  Connected
  VT version:  4
  VT status msgs: 1593   last 750 ms ago
  Partner: addr=0x26 valid=Y  reconnect attempts=0
--- Task Controller ---
  Connected:    Y
  TC-GEO (with/without pos): Y/Y
  Task active:  Y
  DRP deviation (DDI 513): 0 mm, last 1612086 ms ago
  GNSS quality (DDI 514):  0, last 1612086 ms ago
  Value commands (any DDI): 7  last DDI=515 (1456031 ms ago)
  Value requests (any DDI): 36093921
  Partner: addr=0xF7 valid=Y  reconnect attempts=0
  Tramline setpoint (DDI 506): 1  -> terminal DOES implement Tramline Control (1564037 ms ago)
  Guidance track (DDI 507-511): (none yet)
=== ISOBUS DEBUG MENU ===
1. Full status dump
2. Periodic summary line (OFF - press to toggle)
3. Reset message counters
4. Dump DDOP as hex (open in AgIsoDDOPGenerator)
5. Dump VT object pool as hex
q. Exit

# 12:20:51.393
=== ISOBUS STATUS ===
Address claim: CLAIMED  address=0x81
Bus load (ch0): 21.8 %
--- Message counters ---
  PGN 129025 Position NMEA2000: 0
  PGN 129026 Speed NMEA2000:    0
  PGN 129283 XTE NMEA2000:      0
  PGN 65267  Position legacy:   7900
  PGN 65256  Speed legacy:      7900   last SA=0x1C raw=0x2
  PGN 65535  XTE JD legacy:     170008   last SA=0xF0 word=0x0 byte1=0x0
             full payload:     0000000000000000  (10 ms ago)
  PGN 60160  XTE Trimble legacy:107   last SA=0x1C
  PGN 64770  AISO stop:         1592   last 1613129 ms ago
  TOTAL:                        187507
--- Guidance telemetry ---
  XTE:          1.23 m
  Speed:        0.00 m/s (0.01 kn)
  Quality:      4   RTK quality=4  IsRtkQuality=Y
  GGA fix age:  105 ms
  VTG fix age:  104 ms
  XTE fix age:  91 ms
  Lat/Lon/Alt/Course: 53.425358 / 6.720312 / 4.4 m / 319.0 deg
--- Virtual Terminal ---
  Connected:    Y
  State:        21/22  Connected
  VT version:  4
  VT status msgs: 1594   last 793 ms ago
  Partner: addr=0x26 valid=Y  reconnect attempts=0
--- Task Controller ---
  Connected:    Y
  TC-GEO (with/without pos): Y/Y
  Task active:  Y
  DRP deviation (DDI 513): 0 mm, last 1613129 ms ago
  GNSS quality (DDI 514):  0, last 1613129 ms ago
  Value commands (any DDI): 7  last DDI=515 (1457074 ms ago)
  Value requests (any DDI): 36117909
  Partner: addr=0xF7 valid=Y  reconnect attempts=0
  Tramline setpoint (DDI 506): 1  -> terminal DOES implement Tramline Control (1565080 ms ago)
  Guidance track (DDI 507-511): (none yet)
=== ISOBUS DEBUG MENU ===
1. Full status dump
2. Periodic summary line (OFF - press to toggle)
3. Reset message counters
4. Dump DDOP as hex (open in AgIsoDDOPGenerator)
5. Dump VT object pool as hex
q. Exit

# 12:20:52.460
=== ISOBUS STATUS ===
Address claim: CLAIMED  address=0x81
Bus load (ch0): 21.9 %
--- Message counters ---
  PGN 129025 Position NMEA2000: 0
  PGN 129026 Speed NMEA2000:    0
  PGN 129283 XTE NMEA2000:      0
  PGN 65267  Position legacy:   7905
  PGN 65256  Speed legacy:      7905   last SA=0x1C raw=0x0
  PGN 65535  XTE JD legacy:     170117   last SA=0xF0 word=0x0 byte1=0x0
             full payload:     0000000000000000  (11 ms ago)
  PGN 60160  XTE Trimble legacy:107   last SA=0x1C
  PGN 64770  AISO stop:         1593   last 1614170 ms ago
  TOTAL:                        187627
--- Guidance telemetry ---
  XTE:          1.23 m
  Speed:        0.00 m/s (0.00 kn)
  Quality:      4   RTK quality=4  IsRtkQuality=Y
  GGA fix age:  146 ms
  VTG fix age:  145 ms
  XTE fix age:  132 ms
  Lat/Lon/Alt/Course: 53.425358 / 6.720312 / 4.4 m / 319.0 deg
--- Virtual Terminal ---
  Connected:    Y
  State:        21/22  Connected
  VT version:  4
  VT status msgs: 1595   last 834 ms ago
  Partner: addr=0x26 valid=Y  reconnect attempts=0
--- Task Controller ---
  Connected:    Y
  TC-GEO (with/without pos): Y/Y
  Task active:  Y
  DRP deviation (DDI 513): 0 mm, last 1614170 ms ago
  GNSS quality (DDI 514):  0, last 1614170 ms ago
  Value commands (any DDI): 7  last DDI=515 (1458115 ms ago)
  Value requests (any DDI): 36141851
  Partner: addr=0xF7 valid=Y  reconnect attempts=0
  Tramline setpoint (DDI 506): 1  -> terminal DOES implement Tramline Control (1566121 ms ago)
  Guidance track (DDI 507-511): (none yet)
=== ISOBUS DEBUG MENU ===
1. Full status dump
2. Periodic summary line (OFF - press to toggle)
3. Reset message counters
4. Dump DDOP as hex (open in AgIsoDDOPGenerator)
5. Dump VT object pool as hex
q. Exit

# 12:20:53.462
=== ISOBUS STATUS ===
Address claim: CLAIMED  address=0x81
Bus load (ch0): 21.8 %
--- Message counters ---
  PGN 129025 Position NMEA2000: 0
  PGN 129026 Speed NMEA2000:    0
  PGN 129283 XTE NMEA2000:      0
  PGN 65267  Position legacy:   7911
  PGN 65256  Speed legacy:      7911   last SA=0x1C raw=0x0
  PGN 65535  XTE JD legacy:     170234   last SA=0x1C word=0x0 byte1=0x0
             full payload:     0000000000000000  (6 ms ago)
  PGN 60160  XTE Trimble legacy:107   last SA=0x1C
  PGN 64770  AISO stop:         1594   last 1615236 ms ago
  TOTAL:                        187757
--- Guidance telemetry ---
  XTE:          1.23 m
  Speed:        0.00 m/s (0.00 kn)
  Quality:      4   RTK quality=4  IsRtkQuality=Y
  GGA fix age:  12 ms
  VTG fix age:  11 ms
  XTE fix age:  197 ms
  Lat/Lon/Alt/Course: 53.425358 / 6.720312 / 4.4 m / 319.0 deg
--- Virtual Terminal ---
  Connected:    Y
  State:        21/22  Connected
  VT version:  4
  VT status msgs: 1596   last 900 ms ago
  Partner: addr=0x26 valid=Y  reconnect attempts=0
--- Task Controller ---
  Connected:    Y
  TC-GEO (with/without pos): Y/Y
  Task active:  Y
  DRP deviation (DDI 513): 0 mm, last 1615236 ms ago
  GNSS quality (DDI 514):  0, last 1615236 ms ago
  Value commands (any DDI): 7  last DDI=515 (1459181 ms ago)
  Value requests (any DDI): 36166383
  Partner: addr=0xF7 valid=Y  reconnect attempts=0
  Tramline setpoint (DDI 506): 1  -> terminal DOES implement Tramline Control (1567187 ms ago)
  Guidance track (DDI 507-511): (none yet)
=== ISOBUS DEBUG MENU ===
1. Full status dump
2. Periodic summary line (OFF - press to toggle)
3. Reset message counters
4. Dump DDOP as hex (open in AgIsoDDOPGenerator)
5. Dump VT object pool as hex
q. Exit

# 12:20:54.469
=== ISOBUS STATUS ===
Address claim: CLAIMED  address=0x81
Bus load (ch0): 21.7 %
--- Message counters ---
  PGN 129025 Position NMEA2000: 0
  PGN 129026 Speed NMEA2000:    0
  PGN 129283 XTE NMEA2000:      0
  PGN 65267  Position legacy:   7916
  PGN 65256  Speed legacy:      7916   last SA=0x1C raw=0x1
  PGN 65535  XTE JD legacy:     170341   last SA=0x1C word=0x0 byte1=0x0
             full payload:     0000000000000000  (7 ms ago)
  PGN 60160  XTE Trimble legacy:107   last SA=0x1C
  PGN 64770  AISO stop:         1595   last 1616237 ms ago
  TOTAL:                        187875
--- Guidance telemetry ---
  XTE:          1.23 m
  Speed:        0.00 m/s (0.00 kn)
  Quality:      4   RTK quality=4  IsRtkQuality=Y
  GGA fix age:  13 ms
  VTG fix age:  12 ms
  XTE fix age:  199 ms
  Lat/Lon/Alt/Course: 53.425358 / 6.720312 / 4.4 m / 319.0 deg
--- Virtual Terminal ---
  Connected:    Y
  State:        21/22  Connected
  VT version:  4
  VT status msgs: 1597   last 902 ms ago
  Partner: addr=0x26 valid=Y  reconnect attempts=0
--- Task Controller ---
  Connected:    Y
  TC-GEO (with/without pos): Y/Y
  Task active:  Y
  DRP deviation (DDI 513): 0 mm, last 1616237 ms ago
  GNSS quality (DDI 514):  0, last 1616237 ms ago
  Value commands (any DDI): 7  last DDI=515 (1460182 ms ago)
  Value requests (any DDI): 36189399
  Partner: addr=0xF7 valid=Y  reconnect attempts=0
  Tramline setpoint (DDI 506): 1  -> terminal DOES implement Tramline Control (1568188 ms ago)
  Guidance track (DDI 507-511): (none yet)
=== ISOBUS DEBUG MENU ===
1. Full status dump
2. Periodic summary line (OFF - press to toggle)
3. Reset message counters
4. Dump DDOP as hex (open in AgIsoDDOPGenerator)
5. Dump VT object pool as hex
q. Exit

# 12:20:55.504
=== ISOBUS STATUS ===
Address claim: CLAIMED  address=0x81
Bus load (ch0): 21.4 %
--- Message counters ---
  PGN 129025 Position NMEA2000: 0
  PGN 129026 Speed NMEA2000:    0
  PGN 129283 XTE NMEA2000:      0
  PGN 65267  Position legacy:   7921
  PGN 65256  Speed legacy:      7921   last SA=0x1C raw=0x1
  PGN 65535  XTE JD legacy:     170450   last SA=0xF0 word=0x0 byte1=0x0
             full payload:     0000000000000000  (3 ms ago)
  PGN 60160  XTE Trimble legacy:107   last SA=0x1C
  PGN 64770  AISO stop:         1596   last 1617244 ms ago
  TOTAL:                        187995
--- Guidance telemetry ---
  XTE:          1.23 m
  Speed:        0.00 m/s (0.00 kn)
  Quality:      4   RTK quality=4  IsRtkQuality=Y
  GGA fix age:  20 ms
  VTG fix age:  19 ms
  XTE fix age:  6 ms
  Lat/Lon/Alt/Course: 53.425358 / 6.720312 / 4.4 m / 319.0 deg
--- Virtual Terminal ---
  Connected:    Y
  State:        21/22  Connected
  VT version:  4
  VT status msgs: 1598   last 908 ms ago
  Partner: addr=0x26 valid=Y  reconnect attempts=0
--- Task Controller ---
  Connected:    Y
  TC-GEO (with/without pos): Y/Y
  Task active:  Y
  DRP deviation (DDI 513): 0 mm, last 1617244 ms ago
  GNSS quality (DDI 514):  0, last 1617244 ms ago
  Value commands (any DDI): 7  last DDI=515 (1461189 ms ago)
  Value requests (any DDI): 36212553
  Partner: addr=0xF7 valid=Y  reconnect attempts=0
  Tramline setpoint (DDI 506): 1  -> terminal DOES implement Tramline Control (1569195 ms ago)
  Guidance track (DDI 507-511): (none yet)
=== ISOBUS DEBUG MENU ===
1. Full status dump
2. Periodic summary line (OFF - press to toggle)
3. Reset message counters
4. Dump DDOP as hex (open in AgIsoDDOPGenerator)
5. Dump VT object pool as hex
q. Exit

# 12:20:56.511
=== ISOBUS STATUS ===
Address claim: CLAIMED  address=0x81
Bus load (ch0): 22.0 %
--- Message counters ---
  PGN 129025 Position NMEA2000: 0
  PGN 129026 Speed NMEA2000:    0
  PGN 129283 XTE NMEA2000:      0
  PGN 65267  Position legacy:   7926
  PGN 65256  Speed legacy:      7926   last SA=0x1C raw=0x1
  PGN 65535  XTE JD legacy:     170559   last SA=0xF0 word=0x0 byte1=0x0
             full payload:     0000000000000000  (19 ms ago)
  PGN 60160  XTE Trimble legacy:107   last SA=0x1C
  PGN 64770  AISO stop:         1597   last 1618278 ms ago
  TOTAL:                        188115
--- Guidance telemetry ---
  XTE:          1.23 m
  Speed:        0.00 m/s (0.00 kn)
  Quality:      4   RTK quality=4  IsRtkQuality=Y
  GGA fix age:  54 ms
  VTG fix age:  53 ms
  XTE fix age:  40 ms
  Lat/Lon/Alt/Course: 53.425358 / 6.720312 / 4.4 m / 319.0 deg
--- Virtual Terminal ---
  Connected:    Y
  State:        21/22  Connected
  VT version:  4
  VT status msgs: 1599   last 942 ms ago
  Partner: addr=0x26 valid=Y  reconnect attempts=0
--- Task Controller ---
  Connected:    Y
  TC-GEO (with/without pos): Y/Y
  Task active:  Y
  DRP deviation (DDI 513): 0 mm, last 1618278 ms ago
  GNSS quality (DDI 514):  0, last 1618278 ms ago
  Value commands (any DDI): 7  last DDI=515 (1462223 ms ago)
  Value requests (any DDI): 36236329
  Partner: addr=0xF7 valid=Y  reconnect attempts=0
  Tramline setpoint (DDI 506): 1  -> terminal DOES implement Tramline Control (1570229 ms ago)
  Guidance track (DDI 507-511): (none yet)
=== ISOBUS DEBUG MENU ===
1. Full status dump
2. Periodic summary line (OFF - press to toggle)
3. Reset message counters
4. Dump DDOP as hex (open in AgIsoDDOPGenerator)
5. Dump VT object pool as hex
q. Exit

# 12:20:57.564
=== ISOBUS STATUS ===
Address claim: CLAIMED  address=0x81
Bus load (ch0): 21.7 %
--- Message counters ---
  PGN 129025 Position NMEA2000: 0
  PGN 129026 Speed NMEA2000:    0
  PGN 129283 XTE NMEA2000:      0
  PGN 65267  Position legacy:   7931
  PGN 65256  Speed legacy:      7931   last SA=0x1C raw=0x2
  PGN 65535  XTE JD legacy:     170667   last SA=0xF0 word=0x0 byte1=0x0
             full payload:     0000000000000000  (8 ms ago)
  PGN 60160  XTE Trimble legacy:107   last SA=0x1C
  PGN 64770  AISO stop:         1598   last 1619288 ms ago
  TOTAL:                        188234
--- Guidance telemetry ---
  XTE:          1.23 m
  Speed:        0.00 m/s (0.01 kn)
  Quality:      4   RTK quality=4  IsRtkQuality=Y
  GGA fix age:  65 ms
  VTG fix age:  64 ms
  XTE fix age:  51 ms
  Lat/Lon/Alt/Course: 53.425358 / 6.720312 / 4.4 m / 319.0 deg
--- Virtual Terminal ---
  Connected:    Y
  State:        21/22  Connected
  VT version:  4
  VT status msgs: 1600   last 953 ms ago
  Partner: addr=0x26 valid=Y  reconnect attempts=0
--- Task Controller ---
  Connected:    Y
  TC-GEO (with/without pos): Y/Y
  Task active:  Y
  DRP deviation (DDI 513): 0 mm, last 1619289 ms ago
  GNSS quality (DDI 514):  0, last 1619289 ms ago
  Value commands (any DDI): 7  last DDI=515 (1463234 ms ago)
  Value requests (any DDI): 36259562
  Partner: addr=0xF7 valid=Y  reconnect attempts=0
  Tramline setpoint (DDI 506): 1  -> terminal DOES implement Tramline Control (1571240 ms ago)
  Guidance track (DDI 507-511): (none yet)
=== ISOBUS DEBUG MENU ===
1. Full status dump
2. Periodic summary line (OFF - press to toggle)
3. Reset message counters
4. Dump DDOP as hex (open in AgIsoDDOPGenerator)
5. Dump VT object pool as hex
q. Exit

# 12:20:58.591
=== ISOBUS STATUS ===
Address claim: CLAIMED  address=0x81
Bus load (ch0): 22.1 %
--- Message counters ---
  PGN 129025 Position NMEA2000: 0
  PGN 129026 Speed NMEA2000:    0
  PGN 129283 XTE NMEA2000:      0
  PGN 65267  Position legacy:   7936
  PGN 65256  Speed legacy:      7936   last SA=0x1C raw=0x2
  PGN 65535  XTE JD legacy:     170779   last SA=0xF0 word=0x0 byte1=0x0
             full payload:     0000000000000000  (12 ms ago)
  PGN 60160  XTE Trimble legacy:107   last SA=0x1C
  PGN 64770  AISO stop:         1599   last 1620341 ms ago
  TOTAL:                        188357
--- Guidance telemetry ---
  XTE:          1.23 m
  Speed:        0.00 m/s (0.01 kn)
  Quality:      4   RTK quality=4  IsRtkQuality=Y
  GGA fix age:  117 ms
  VTG fix age:  116 ms
  XTE fix age:  103 ms
  Lat/Lon/Alt/Course: 53.425358 / 6.720312 / 4.4 m / 319.0 deg
--- Virtual Terminal ---
  Connected:    Y
  State:        21/22  Connected
  VT version:  4
  VT status msgs: 1602   last 6 ms ago
  Partner: addr=0x26 valid=Y  reconnect attempts=0
--- Task Controller ---
  Connected:    Y
  TC-GEO (with/without pos): Y/Y
  Task active:  Y
  DRP deviation (DDI 513): 0 mm, last 1620341 ms ago
  GNSS quality (DDI 514):  0, last 1620341 ms ago
  Value commands (any DDI): 7  last DDI=515 (1464286 ms ago)
  Value requests (any DDI): 36283773
  Partner: addr=0xF7 valid=Y  reconnect attempts=0
  Tramline setpoint (DDI 506): 1  -> terminal DOES implement Tramline Control (1572292 ms ago)
  Guidance track (DDI 507-511): (none yet)
=== ISOBUS DEBUG MENU ===
1. Full status dump
2. Periodic summary line (OFF - press to toggle)
3. Reset message counters
4. Dump DDOP as hex (open in AgIsoDDOPGenerator)
5. Dump VT object pool as hex
q. Exit

# 12:20:59.621
=== ISOBUS STATUS ===
Address claim: CLAIMED  address=0x81
Bus load (ch0): 21.3 %
--- Message counters ---
  PGN 129025 Position NMEA2000: 0
  PGN 129026 Speed NMEA2000:    0
  PGN 129283 XTE NMEA2000:      0
  PGN 65267  Position legacy:   7941
  PGN 65256  Speed legacy:      7941   last SA=0x1C raw=0x0
  PGN 65535  XTE JD legacy:     170888   last SA=0xF0 word=0x0 byte1=0x0
             full payload:     0000000000000000  (9 ms ago)
  PGN 60160  XTE Trimble legacy:107   last SA=0x1C
  PGN 64770  AISO stop:         1600   last 1621368 ms ago
  TOTAL:                        188477
--- Guidance telemetry ---
  XTE:          1.23 m
  Speed:        0.00 m/s (0.00 kn)
  Quality:      4   RTK quality=4  IsRtkQuality=Y
  GGA fix age:  144 ms
  VTG fix age:  143 ms
  XTE fix age:  130 ms
  Lat/Lon/Alt/Course: 53.425358 / 6.720312 / 4.4 m / 319.0 deg
--- Virtual Terminal ---
  Connected:    Y
  State:        21/22  Connected
  VT version:  4
  VT status msgs: 1603   last 32 ms ago
  Partner: addr=0x26 valid=Y  reconnect attempts=0
--- Task Controller ---
  Connected:    Y
  TC-GEO (with/without pos): Y/Y
  Task active:  Y
  DRP deviation (DDI 513): 0 mm, last 1621368 ms ago
  GNSS quality (DDI 514):  0, last 1621368 ms ago
  Value commands (any DDI): 7  last DDI=515 (1465313 ms ago)
  Value requests (any DDI): 36307389
  Partner: addr=0xF7 valid=Y  reconnect attempts=0
  Tramline setpoint (DDI 506): 1  -> terminal DOES implement Tramline Control (1573319 ms ago)
  Guidance track (DDI 507-511): (none yet)
=== ISOBUS DEBUG MENU ===
1. Full status dump
2. Periodic summary line (OFF - press to toggle)
3. Reset message counters
4. Dump DDOP as hex (open in AgIsoDDOPGenerator)
5. Dump VT object pool as hex
q. Exit

# 12:21:00.645
=== ISOBUS STATUS ===
Address claim: CLAIMED  address=0x81
Bus load (ch0): 21.8 %
--- Message counters ---
  PGN 129025 Position NMEA2000: 0
  PGN 129026 Speed NMEA2000:    0
  PGN 129283 XTE NMEA2000:      0
  PGN 65267  Position legacy:   7946
  PGN 65256  Speed legacy:      7946   last SA=0x1C raw=0x2
  PGN 65535  XTE JD legacy:     170996   last SA=0xF0 word=0x0 byte1=0x0
             full payload:     0000000000000000  (19 ms ago)
  PGN 60160  XTE Trimble legacy:107   last SA=0x1C
  PGN 64770  AISO stop:         1601   last 1622399 ms ago
  TOTAL:                        188596
--- Guidance telemetry ---
  XTE:          1.23 m
  Speed:        0.00 m/s (0.01 kn)
  Quality:      4   RTK quality=4  IsRtkQuality=Y
  GGA fix age:  175 ms
  VTG fix age:  174 ms
  XTE fix age:  161 ms
  Lat/Lon/Alt/Course: 53.425358 / 6.720312 / 4.4 m / 319.0 deg
--- Virtual Terminal ---
  Connected:    Y
  State:        21/22  Connected
  VT version:  4
  VT status msgs: 1604   last 63 ms ago
  Partner: addr=0x26 valid=Y  reconnect attempts=0
--- Task Controller ---
  Connected:    Y
  TC-GEO (with/without pos): Y/Y
  Task active:  Y
  DRP deviation (DDI 513): 0 mm, last 1622400 ms ago
  GNSS quality (DDI 514):  0, last 1622400 ms ago
  Value commands (any DDI): 7  last DDI=515 (1466345 ms ago)
  Value requests (any DDI): 36331102
  Partner: addr=0xF7 valid=Y  reconnect attempts=0
  Tramline setpoint (DDI 506): 1  -> terminal DOES implement Tramline Control (1574351 ms ago)
  Guidance track (DDI 507-511): (none yet)
=== ISOBUS DEBUG MENU ===
1. Full status dump
2. Periodic summary line (OFF - press to toggle)
3. Reset message counters
4. Dump DDOP as hex (open in AgIsoDDOPGenerator)
5. Dump VT object pool as hex
q. Exit

# 12:21:01.720
=== ISOBUS STATUS ===
Address claim: CLAIMED  address=0x81
Bus load (ch0): 21.8 %
--- Message counters ---
  PGN 129025 Position NMEA2000: 0
  PGN 129026 Speed NMEA2000:    0
  PGN 129283 XTE NMEA2000:      0
  PGN 65267  Position legacy:   7952
  PGN 65256  Speed legacy:      7952   last SA=0x1C raw=0x3
  PGN 65535  XTE JD legacy:     171115   last SA=0xF0 word=0x0 byte1=0x0
             full payload:     0000000000000000  (6 ms ago)
  PGN 60160  XTE Trimble legacy:107   last SA=0x1C
  PGN 64770  AISO stop:         1603   last 1623447 ms ago
  TOTAL:                        188729
--- Guidance telemetry ---
  XTE:          1.23 m
  Speed:        0.01 m/s (0.01 kn)
  Quality:      4   RTK quality=4  IsRtkQuality=Y
  GGA fix age:  23 ms
  VTG fix age:  22 ms
  XTE fix age:  9 ms
  Lat/Lon/Alt/Course: 53.425358 / 6.720312 / 4.4 m / 319.0 deg
--- Virtual Terminal ---
  Connected:    Y
  State:        21/22  Connected
  VT version:  4
  VT status msgs: 1605   last 111 ms ago
  Partner: addr=0x26 valid=Y  reconnect attempts=0
--- Task Controller ---
  Connected:    Y
  TC-GEO (with/without pos): Y/Y
  Task active:  Y
  DRP deviation (DDI 513): 0 mm, last 1623447 ms ago
  GNSS quality (DDI 514):  0, last 1623447 ms ago
  Value commands (any DDI): 7  last DDI=515 (1467392 ms ago)
  Value requests (any DDI): 36355200
  Partner: addr=0xF7 valid=Y  reconnect attempts=0
  Tramline setpoint (DDI 506): 1  -> terminal DOES implement Tramline Control (1575398 ms ago)
  Guidance track (DDI 507-511): (none yet)
=== ISOBUS DEBUG MENU ===
1. Full status dump
2. Periodic summary line (OFF - press to toggle)
3. Reset message counters
4. Dump DDOP as hex (open in AgIsoDDOPGenerator)
5. Dump VT object pool as hex
q. Exit

# 12:21:02.780
=== ISOBUS STATUS ===
Address claim: CLAIMED  address=0x81
Bus load (ch0): 21.5 %
--- Message counters ---
  PGN 129025 Position NMEA2000: 0
  PGN 129026 Speed NMEA2000:    0
  PGN 129283 XTE NMEA2000:      0
  PGN 65267  Position legacy:   7957
  PGN 65256  Speed legacy:      7957   last SA=0x1C raw=0x2
  PGN 65535  XTE JD legacy:     171224   last SA=0xF0 word=0x0 byte1=0x0
             full payload:     0000000000000000  (13 ms ago)
  PGN 60160  XTE Trimble legacy:107   last SA=0x1C
  PGN 64770  AISO stop:         1604   last 1624493 ms ago
  TOTAL:                        188849
--- Guidance telemetry ---
  XTE:          1.23 m
  Speed:        0.00 m/s (0.01 kn)
  Quality:      4   RTK quality=4  IsRtkQuality=Y
  GGA fix age:  69 ms
  VTG fix age:  68 ms
  XTE fix age:  55 ms
  Lat/Lon/Alt/Course: 53.425358 / 6.720312 / 4.4 m / 319.0 deg
--- Virtual Terminal ---
  Connected:    Y
  State:        21/22  Connected
  VT version:  4
  VT status msgs: 1606   last 158 ms ago
  Partner: addr=0x26 valid=Y  reconnect attempts=0
--- Task Controller ---
  Connected:    Y
  TC-GEO (with/without pos): Y/Y
  Task active:  Y
  DRP deviation (DDI 513): 0 mm, last 1624493 ms ago
  GNSS quality (DDI 514):  0, last 1624493 ms ago
  Value commands (any DDI): 7  last DDI=515 (1468438 ms ago)
  Value requests (any DDI): 36379250
  Partner: addr=0xF7 valid=Y  reconnect attempts=0
  Tramline setpoint (DDI 506): 1  -> terminal DOES implement Tramline Control (1576444 ms ago)
  Guidance track (DDI 507-511): (none yet)
=== ISOBUS DEBUG MENU ===
1. Full status dump
2. Periodic summary line (OFF - press to toggle)
3. Reset message counters
4. Dump DDOP as hex (open in AgIsoDDOPGenerator)
5. Dump VT object pool as hex
q. Exit

# 12:21:03.787
=== ISOBUS STATUS ===
Address claim: CLAIMED  address=0x81
Bus load (ch0): 21.2 %
--- Message counters ---
  PGN 129025 Position NMEA2000: 0
  PGN 129026 Speed NMEA2000:    0
  PGN 129283 XTE NMEA2000:      0
  PGN 65267  Position legacy:   7962
  PGN 65256  Speed legacy:      7962   last SA=0x1C raw=0x2
  PGN 65535  XTE JD legacy:     171334   last SA=0xF0 word=0x0 byte1=0x0
             full payload:     0000000000000000  (11 ms ago)
  PGN 60160  XTE Trimble legacy:107   last SA=0x1C
  PGN 64770  AISO stop:         1605   last 1625553 ms ago
  TOTAL:                        188970
--- Guidance telemetry ---
  XTE:          1.23 m
  Speed:        0.00 m/s (0.01 kn)
  Quality:      4   RTK quality=4  IsRtkQuality=Y
  GGA fix age:  129 ms
  VTG fix age:  128 ms
  XTE fix age:  115 ms
  Lat/Lon/Alt/Course: 53.425358 / 6.720312 / 4.4 m / 319.0 deg
--- Virtual Terminal ---
  Connected:    Y
  State:        21/22  Connected
  VT version:  4
  VT status msgs: 1607   last 217 ms ago
  Partner: addr=0x26 valid=Y  reconnect attempts=0
--- Task Controller ---
  Connected:    Y
  TC-GEO (with/without pos): Y/Y
  Task active:  Y
  DRP deviation (DDI 513): 0 mm, last 1625553 ms ago
  GNSS quality (DDI 514):  0, last 1625553 ms ago
  Value commands (any DDI): 7  last DDI=515 (1469498 ms ago)
  Value requests (any DDI): 36403618
  Partner: addr=0xF7 valid=Y  reconnect attempts=0
  Tramline setpoint (DDI 506): 1  -> terminal DOES implement Tramline Control (1577504 ms ago)
  Guidance track (DDI 507-511): (none yet)
=== ISOBUS DEBUG MENU ===
1. Full status dump
2. Periodic summary line (OFF - press to toggle)
3. Reset message counters
4. Dump DDOP as hex (open in AgIsoDDOPGenerator)
5. Dump VT object pool as hex
q. Exit

# 12:21:04.854
=== ISOBUS STATUS ===
Address claim: CLAIMED  address=0x81
Bus load (ch0): 21.4 %
--- Message counters ---
  PGN 129025 Position NMEA2000: 0
  PGN 129026 Speed NMEA2000:    0
  PGN 129283 XTE NMEA2000:      0
  PGN 65267  Position legacy:   7967
  PGN 65256  Speed legacy:      7967   last SA=0x1C raw=0x1
  PGN 65535  XTE JD legacy:     171442   last SA=0xF0 word=0x0 byte1=0x0
             full payload:     0000000000000000  (2 ms ago)
  PGN 60160  XTE Trimble legacy:107   last SA=0x1C
  PGN 64770  AISO stop:         1606   last 1626562 ms ago
  TOTAL:                        189089
--- Guidance telemetry ---
  XTE:          1.23 m
  Speed:        0.00 m/s (0.00 kn)
  Quality:      4   RTK quality=4  IsRtkQuality=Y
  GGA fix age:  138 ms
  VTG fix age:  137 ms
  XTE fix age:  128 ms
  Lat/Lon/Alt/Course: 53.425358 / 6.720312 / 4.4 m / 319.0 deg
--- Virtual Terminal ---
  Connected:    Y
  State:        21/22  Connected
  VT version:  4
  VT status msgs: 1608   last 227 ms ago
  Partner: addr=0x26 valid=Y  reconnect attempts=0
--- Task Controller ---
  Connected:    Y
  TC-GEO (with/without pos): Y/Y
  Task active:  Y
  DRP deviation (DDI 513): 0 mm, last 1626562 ms ago
  GNSS quality (DDI 514):  0, last 1626562 ms ago
  Value commands (any DDI): 7  last DDI=515 (1470507 ms ago)
  Value requests (any DDI): 36426805
  Partner: addr=0xF7 valid=Y  reconnect attempts=0
  Tramline setpoint (DDI 506): 1  -> terminal DOES implement Tramline Control (1578513 ms ago)
  Guidance track (DDI 507-511): (none yet)
=== ISOBUS DEBUG MENU ===
1. Full status dump
2. Periodic summary line (OFF - press to toggle)
3. Reset message counters
4. Dump DDOP as hex (open in AgIsoDDOPGenerator)
5. Dump VT object pool as hex
q. Exit

# 12:21:05.862
=== ISOBUS STATUS ===
Address claim: CLAIMED  address=0x81
Bus load (ch0): 21.9 %
--- Message counters ---
  PGN 129025 Position NMEA2000: 0
  PGN 129026 Speed NMEA2000:    0
  PGN 129283 XTE NMEA2000:      0
  PGN 65267  Position legacy:   7973
  PGN 65256  Speed legacy:      7973   last SA=0x1C raw=0x1
  PGN 65535  XTE JD legacy:     171558   last SA=0x1C word=0x0 byte1=0x0
             full payload:     0000000000000000  (1 ms ago)
  PGN 60160  XTE Trimble legacy:107   last SA=0x1C
  PGN 64770  AISO stop:         1607   last 1627629 ms ago
  TOTAL:                        189218
--- Guidance telemetry ---
  XTE:          1.23 m
  Speed:        0.00 m/s (0.00 kn)
  Quality:      4   RTK quality=4  IsRtkQuality=Y
  GGA fix age:  5 ms
  VTG fix age:  4 ms
  XTE fix age:  191 ms
  Lat/Lon/Alt/Course: 53.425358 / 6.720312 / 4.4 m / 319.0 deg
--- Virtual Terminal ---
  Connected:    Y
  State:        21/22  Connected
  VT version:  4
  VT status msgs: 1609   last 293 ms ago
  Partner: addr=0x26 valid=Y  reconnect attempts=0
--- Task Controller ---
  Connected:    Y
  TC-GEO (with/without pos): Y/Y
  Task active:  Y
  DRP deviation (DDI 513): 0 mm, last 1627629 ms ago
  GNSS quality (DDI 514):  0, last 1627629 ms ago
  Value commands (any DDI): 7  last DDI=515 (1471574 ms ago)
  Value requests (any DDI): 36451316
  Partner: addr=0xF7 valid=Y  reconnect attempts=0
  Tramline setpoint (DDI 506): 1  -> terminal DOES implement Tramline Control (1579580 ms ago)
  Guidance track (DDI 507-511): (none yet)
=== ISOBUS DEBUG MENU ===
1. Full status dump
2. Periodic summary line (OFF - press to toggle)
3. Reset message counters
4. Dump DDOP as hex (open in AgIsoDDOPGenerator)
5. Dump VT object pool as hex
q. Exit

# 12:21:06.886
=== ISOBUS STATUS ===
Address claim: CLAIMED  address=0x81
Bus load (ch0): 22.1 %
--- Message counters ---
  PGN 129025 Position NMEA2000: 0
  PGN 129026 Speed NMEA2000:    0
  PGN 129283 XTE NMEA2000:      0
  PGN 65267  Position legacy:   7978
  PGN 65256  Speed legacy:      7978   last SA=0x1C raw=0x2
  PGN 65535  XTE JD legacy:     171668   last SA=0x2A word=0x7DF6 byte1=0x15
             full payload:     771500F67D0B85FF  (3 ms ago)
  PGN 60160  XTE Trimble legacy:107   last SA=0x1C
  PGN 64770  AISO stop:         1608   last 1628641 ms ago
  TOTAL:                        189339
--- Guidance telemetry ---
  XTE:          1.23 m
  Speed:        0.00 m/s (0.01 kn)
  Quality:      4   RTK quality=4  IsRtkQuality=Y
  GGA fix age:  17 ms
  VTG fix age:  16 ms
  XTE fix age:  3 ms
  Lat/Lon/Alt/Course: 53.425358 / 6.720312 / 4.4 m / 319.0 deg
--- Virtual Terminal ---
  Connected:    Y
  State:        21/22  Connected
  VT version:  4
  VT status msgs: 1610   last 305 ms ago
  Partner: addr=0x26 valid=Y  reconnect attempts=0
--- Task Controller ---
  Connected:    Y
  TC-GEO (with/without pos): Y/Y
  Task active:  Y
  DRP deviation (DDI 513): 0 mm, last 1628641 ms ago
  GNSS quality (DDI 514):  0, last 1628641 ms ago
  Value commands (any DDI): 7  last DDI=515 (1472586 ms ago)
  Value requests (any DDI): 36474579
  Partner: addr=0xF7 valid=Y  reconnect attempts=0
  Tramline setpoint (DDI 506): 1  -> terminal DOES implement Tramline Control (1580592 ms ago)
  Guidance track (DDI 507-511): (none yet)
=== ISOBUS DEBUG MENU ===
1. Full status dump
2. Periodic summary line (OFF - press to toggle)
3. Reset message counters
4. Dump DDOP as hex (open in AgIsoDDOPGenerator)
5. Dump VT object pool as hex
q. Exit

# 12:21:07.922
=== ISOBUS STATUS ===
Address claim: CLAIMED  address=0x81
Bus load (ch0): 21.5 %
--- Message counters ---
  PGN 129025 Position NMEA2000: 0
  PGN 129026 Speed NMEA2000:    0
  PGN 129283 XTE NMEA2000:      0
  PGN 65267  Position legacy:   7983
  PGN 65256  Speed legacy:      7983   last SA=0x1C raw=0x1
  PGN 65535  XTE JD legacy:     171777   last SA=0xF0 word=0x0 byte1=0x0
             full payload:     0000000000000000  (0 ms ago)
  PGN 60160  XTE Trimble legacy:107   last SA=0x1C
  PGN 64770  AISO stop:         1609   last 1629660 ms ago
  TOTAL:                        189459
--- Guidance telemetry ---
  XTE:          1.23 m
  Speed:        0.00 m/s (0.00 kn)
  Quality:      4   RTK quality=4  IsRtkQuality=Y
  GGA fix age:  36 ms
  VTG fix age:  35 ms
  XTE fix age:  27 ms
  Lat/Lon/Alt/Course: 53.425358 / 6.720312 / 4.4 m / 319.0 deg
--- Virtual Terminal ---
  Connected:    Y
  State:        21/22  Connected
  VT version:  4
  VT status msgs: 1611   last 324 ms ago
  Partner: addr=0x26 valid=Y  reconnect attempts=0
--- Task Controller ---
  Connected:    Y
  TC-GEO (with/without pos): Y/Y
  Task active:  Y
  DRP deviation (DDI 513): 0 mm, last 1629660 ms ago
  GNSS quality (DDI 514):  0, last 1629660 ms ago
  Value commands (any DDI): 7  last DDI=515 (1473605 ms ago)
  Value requests (any DDI): 36498014
  Partner: addr=0xF7 valid=Y  reconnect attempts=0
  Tramline setpoint (DDI 506): 1  -> terminal DOES implement Tramline Control (1581611 ms ago)
  Guidance track (DDI 507-511): (none yet)
=== ISOBUS DEBUG MENU ===
1. Full status dump
2. Periodic summary line (OFF - press to toggle)
3. Reset message counters
4. Dump DDOP as hex (open in AgIsoDDOPGenerator)
5. Dump VT object pool as hex
q. Exit

# 12:21:08.938
=== ISOBUS STATUS ===
Address claim: CLAIMED  address=0x81
Bus load (ch0): 21.3 %
--- Message counters ---
  PGN 129025 Position NMEA2000: 0
  PGN 129026 Speed NMEA2000:    0
  PGN 129283 XTE NMEA2000:      0
  PGN 65267  Position legacy:   7988
  PGN 65256  Speed legacy:      7988   last SA=0x1C raw=0x2
  PGN 65535  XTE JD legacy:     171885   last SA=0xF0 word=0x0 byte1=0x0
             full payload:     0000000000000000  (15 ms ago)
  PGN 60160  XTE Trimble legacy:107   last SA=0x1C
  PGN 64770  AISO stop:         1610   last 1630695 ms ago
  TOTAL:                        189578
--- Guidance telemetry ---
  XTE:          1.23 m
  Speed:        0.00 m/s (0.01 kn)
  Quality:      4   RTK quality=4  IsRtkQuality=Y
  GGA fix age:  71 ms
  VTG fix age:  70 ms
  XTE fix age:  57 ms
  Lat/Lon/Alt/Course: 53.425358 / 6.720312 / 4.4 m / 319.0 deg
--- Virtual Terminal ---
  Connected:    Y
  State:        21/22  Connected
  VT version:  4
  VT status msgs: 1612   last 359 ms ago
  Partner: addr=0x26 valid=Y  reconnect attempts=0
--- Task Controller ---
  Connected:    Y
  TC-GEO (with/without pos): Y/Y
  Task active:  Y
  DRP deviation (DDI 513): 0 mm, last 1630695 ms ago
  GNSS quality (DDI 514):  0, last 1630695 ms ago
  Value commands (any DDI): 7  last DDI=515 (1474640 ms ago)
  Value requests (any DDI): 36521804
  Partner: addr=0xF7 valid=Y  reconnect attempts=0
  Tramline setpoint (DDI 506): 1  -> terminal DOES implement Tramline Control (1582646 ms ago)
  Guidance track (DDI 507-511): (none yet)
=== ISOBUS DEBUG MENU ===
1. Full status dump
2. Periodic summary line (OFF - press to toggle)
3. Reset message counters
4. Dump DDOP as hex (open in AgIsoDDOPGenerator)
5. Dump VT object pool as hex
q. Exit

# 12:21:09.970
=== ISOBUS STATUS ===
Address claim: CLAIMED  address=0x81
Bus load (ch0): 21.0 %
--- Message counters ---
  PGN 129025 Position NMEA2000: 0
  PGN 129026 Speed NMEA2000:    0
  PGN 129283 XTE NMEA2000:      0
  PGN 65267  Position legacy:   7993
  PGN 65256  Speed legacy:      7993   last SA=0x1C raw=0x1
  PGN 65535  XTE JD legacy:     171993   last SA=0xF0 word=0x0 byte1=0x0
             full payload:     0000000000000000  (16 ms ago)
  PGN 60160  XTE Trimble legacy:107   last SA=0x1C
  PGN 64770  AISO stop:         1611   last 1631717 ms ago
  TOTAL:                        189697
--- Guidance telemetry ---
  XTE:          1.23 m
  Speed:        0.00 m/s (0.00 kn)
  Quality:      4   RTK quality=4  IsRtkQuality=Y
  GGA fix age:  93 ms
  VTG fix age:  92 ms
  XTE fix age:  84 ms
  Lat/Lon/Alt/Course: 53.425358 / 6.720312 / 4.4 m / 319.0 deg
--- Virtual Terminal ---
  Connected:    Y
  State:        21/22  Connected
  VT version:  4
  VT status msgs: 1613   last 382 ms ago
  Partner: addr=0x26 valid=Y  reconnect attempts=0
--- Task Controller ---
  Connected:    Y
  TC-GEO (with/without pos): Y/Y
  Task active:  Y
  DRP deviation (DDI 513): 0 mm, last 1631717 ms ago
  GNSS quality (DDI 514):  0, last 1631717 ms ago
  Value commands (any DDI): 7  last DDI=515 (1475662 ms ago)
  Value requests (any DDI): 36545277
  Partner: addr=0xF7 valid=Y  reconnect attempts=0
  Tramline setpoint (DDI 506): 1  -> terminal DOES implement Tramline Control (1583668 ms ago)
  Guidance track (DDI 507-511): (none yet)
=== ISOBUS DEBUG MENU ===
1. Full status dump
2. Periodic summary line (OFF - press to toggle)
3. Reset message counters
4. Dump DDOP as hex (open in AgIsoDDOPGenerator)
5. Dump VT object pool as hex
q. Exit

# 12:21:11.039
=== ISOBUS STATUS ===
Address claim: CLAIMED  address=0x81
Bus load (ch0): 21.8 %
--- Message counters ---
  PGN 129025 Position NMEA2000: 0
  PGN 129026 Speed NMEA2000:    0
  PGN 129283 XTE NMEA2000:      0
  PGN 65267  Position legacy:   7998
  PGN 65256  Speed legacy:      7998   last SA=0x1C raw=0x2
  PGN 65535  XTE JD legacy:     172104   last SA=0xF0 word=0x0 byte1=0x0
             full payload:     0000000000000000  (2 ms ago)
  PGN 60160  XTE Trimble legacy:107   last SA=0x1C
  PGN 64770  AISO stop:         1612   last 1632744 ms ago
  TOTAL:                        189819
--- Guidance telemetry ---
  XTE:          1.23 m
  Speed:        0.00 m/s (0.01 kn)
  Quality:      4   RTK quality=4  IsRtkQuality=Y
  GGA fix age:  120 ms
  VTG fix age:  119 ms
  XTE fix age:  106 ms
  Lat/Lon/Alt/Course: 53.425358 / 6.720312 / 4.4 m / 319.0 deg
--- Virtual Terminal ---
  Connected:    Y
  State:        21/22  Connected
  VT version:  4
  VT status msgs: 1614   last 408 ms ago
  Partner: addr=0x26 valid=Y  reconnect attempts=0
--- Task Controller ---
  Connected:    Y
  TC-GEO (with/without pos): Y/Y
  Task active:  Y
  DRP deviation (DDI 513): 0 mm, last 1632744 ms ago
  GNSS quality (DDI 514):  0, last 1632744 ms ago
  Value commands (any DDI): 7  last DDI=515 (1476689 ms ago)
  Value requests (any DDI): 36568879
  Partner: addr=0xF7 valid=Y  reconnect attempts=0
  Tramline setpoint (DDI 506): 1  -> terminal DOES implement Tramline Control (1584695 ms ago)
  Guidance track (DDI 507-511): (none yet)
=== ISOBUS DEBUG MENU ===
1. Full status dump
2. Periodic summary line (OFF - press to toggle)
3. Reset message counters
4. Dump DDOP as hex (open in AgIsoDDOPGenerator)
5. Dump VT object pool as hex
q. Exit

# 12:21:12.059
=== ISOBUS STATUS ===
Address claim: CLAIMED  address=0x81
Bus load (ch0): 22.0 %
--- Message counters ---
  PGN 129025 Position NMEA2000: 0
  PGN 129026 Speed NMEA2000:    0
  PGN 129283 XTE NMEA2000:      0
  PGN 65267  Position legacy:   8003
  PGN 65256  Speed legacy:      8003   last SA=0x1C raw=0x2
  PGN 65535  XTE JD legacy:     172217   last SA=0xF0 word=0x0 byte1=0x0
             full payload:     0000000000000000  (9 ms ago)
  PGN 60160  XTE Trimble legacy:107   last SA=0x1C
  PGN 64770  AISO stop:         1613   last 1633816 ms ago
  TOTAL:                        189943
--- Guidance telemetry ---
  XTE:          1.23 m
  Speed:        0.00 m/s (0.01 kn)
  Quality:      4   RTK quality=4  IsRtkQuality=Y
  GGA fix age:  192 ms
  VTG fix age:  191 ms
  XTE fix age:  183 ms
  Lat/Lon/Alt/Course: 53.425358 / 6.720312 / 4.4 m / 319.0 deg
--- Virtual Terminal ---
  Connected:    Y
  State:        21/22  Connected
  VT version:  4
  VT status msgs: 1615   last 480 ms ago
  Partner: addr=0x26 valid=Y  reconnect attempts=0
--- Task Controller ---
  Connected:    Y
  TC-GEO (with/without pos): Y/Y
  Task active:  Y
  DRP deviation (DDI 513): 0 mm, last 1633816 ms ago
  GNSS quality (DDI 514):  0, last 1633816 ms ago
  Value commands (any DDI): 7  last DDI=515 (1477761 ms ago)
  Value requests (any DDI): 36593518
  Partner: addr=0xF7 valid=Y  reconnect attempts=0
  Tramline setpoint (DDI 506): 1  -> terminal DOES implement Tramline Control (1585767 ms ago)
  Guidance track (DDI 507-511): (none yet)
=== ISOBUS DEBUG MENU ===
1. Full status dump
2. Periodic summary line (OFF - press to toggle)
3. Reset message counters
4. Dump DDOP as hex (open in AgIsoDDOPGenerator)
5. Dump VT object pool as hex
q. Exit

# 12:21:13.135
=== ISOBUS STATUS ===
Address claim: CLAIMED  address=0x81
Bus load (ch0): 21.7 %
--- Message counters ---
  PGN 129025 Position NMEA2000: 0
  PGN 129026 Speed NMEA2000:    0
  PGN 129283 XTE NMEA2000:      0
  PGN 65267  Position legacy:   8009
  PGN 65256  Speed legacy:      8009   last SA=0x1C raw=0x0
  PGN 65535  XTE JD legacy:     172334   last SA=0xF0 word=0x0 byte1=0x0
             full payload:     0000000000000000  (5 ms ago)
  PGN 60160  XTE Trimble legacy:107   last SA=0x1C
  PGN 64770  AISO stop:         1614   last 1634846 ms ago
  TOTAL:                        190073
--- Guidance telemetry ---
  XTE:          1.23 m
  Speed:        0.00 m/s (0.00 kn)
  Quality:      4   RTK quality=4  IsRtkQuality=Y
  GGA fix age:  22 ms
  VTG fix age:  21 ms
  XTE fix age:  12 ms
  Lat/Lon/Alt/Course: 53.425358 / 6.720312 / 4.4 m / 319.0 deg
--- Virtual Terminal ---
  Connected:    Y
  State:        21/22  Connected
  VT version:  4
  VT status msgs: 1616   last 510 ms ago
  Partner: addr=0x26 valid=Y  reconnect attempts=0
--- Task Controller ---
  Connected:    Y
  TC-GEO (with/without pos): Y/Y
  Task active:  Y
  DRP deviation (DDI 513): 0 mm, last 1634846 ms ago
  GNSS quality (DDI 514):  0, last 1634846 ms ago
  Value commands (any DDI): 7  last DDI=515 (1478791 ms ago)
  Value requests (any DDI): 36617201
  Partner: addr=0xF7 valid=Y  reconnect attempts=0
  Tramline setpoint (DDI 506): 1  -> terminal DOES implement Tramline Control (1586797 ms ago)
  Guidance track (DDI 507-511): (none yet)
=== ISOBUS DEBUG MENU ===
1. Full status dump
2. Periodic summary line (OFF - press to toggle)
3. Reset message counters
4. Dump DDOP as hex (open in AgIsoDDOPGenerator)
5. Dump VT object pool as hex
q. Exit

# 12:21:14.162
=== ISOBUS STATUS ===
Address claim: CLAIMED  address=0x81
Bus load (ch0): 21.0 %
--- Message counters ---
  PGN 129025 Position NMEA2000: 0
  PGN 129026 Speed NMEA2000:    0
  PGN 129283 XTE NMEA2000:      0
  PGN 65267  Position legacy:   8014
  PGN 65256  Speed legacy:      8014   last SA=0x1C raw=0x1
  PGN 65535  XTE JD legacy:     172444   last SA=0xF0 word=0x0 byte1=0x0
             full payload:     0000000000000000  (13 ms ago)
  PGN 60160  XTE Trimble legacy:107   last SA=0x1C
  PGN 64770  AISO stop:         1615   last 1635914 ms ago
  TOTAL:                        190194
--- Guidance telemetry ---
  XTE:          1.23 m
  Speed:        0.00 m/s (0.00 kn)
  Quality:      4   RTK quality=4  IsRtkQuality=Y
  GGA fix age:  90 ms
  VTG fix age:  89 ms
  XTE fix age:  76 ms
  Lat/Lon/Alt/Course: 53.425358 / 6.720312 / 4.4 m / 319.0 deg
--- Virtual Terminal ---
  Connected:    Y
  State:        21/22  Connected
  VT version:  4
  VT status msgs: 1617   last 579 ms ago
  Partner: addr=0x26 valid=Y  reconnect attempts=0
--- Task Controller ---
  Connected:    Y
  TC-GEO (with/without pos): Y/Y
  Task active:  Y
  DRP deviation (DDI 513): 0 mm, last 1635914 ms ago
  GNSS quality (DDI 514):  0, last 1635914 ms ago
  Value commands (any DDI): 7  last DDI=515 (1479859 ms ago)
  Value requests (any DDI): 36641736
  Partner: addr=0xF7 valid=Y  reconnect attempts=0
  Tramline setpoint (DDI 506): 1  -> terminal DOES implement Tramline Control (1587865 ms ago)
  Guidance track (DDI 507-511): (none yet)
=== ISOBUS DEBUG MENU ===
1. Full status dump
2. Periodic summary line (OFF - press to toggle)
3. Reset message counters
4. Dump DDOP as hex (open in AgIsoDDOPGenerator)
5. Dump VT object pool as hex
q. Exit

# 12:21:15.190
=== ISOBUS STATUS ===
Address claim: CLAIMED  address=0x81
Bus load (ch0): 21.4 %
--- Message counters ---
  PGN 129025 Position NMEA2000: 0
  PGN 129026 Speed NMEA2000:    0
  PGN 129283 XTE NMEA2000:      0
  PGN 65267  Position legacy:   8019
  PGN 65256  Speed legacy:      8019   last SA=0x1C raw=0x0
  PGN 65535  XTE JD legacy:     172552   last SA=0xF0 word=0x0 byte1=0x0
             full payload:     0000000000000000  (19 ms ago)
  PGN 60160  XTE Trimble legacy:107   last SA=0x1C
  PGN 64770  AISO stop:         1616   last 1636939 ms ago
  TOTAL:                        190313
--- Guidance telemetry ---
  XTE:          1.23 m
  Speed:        0.00 m/s (0.00 kn)
  Quality:      4   RTK quality=4  IsRtkQuality=Y
  GGA fix age:  115 ms
  VTG fix age:  114 ms
  XTE fix age:  101 ms
  Lat/Lon/Alt/Course: 53.425358 / 6.720312 / 4.4 m / 319.0 deg
--- Virtual Terminal ---
  Connected:    Y
  State:        21/22  Connected
  VT version:  4
  VT status msgs: 1618   last 603 ms ago
  Partner: addr=0x26 valid=Y  reconnect attempts=0
--- Task Controller ---
  Connected:    Y
  TC-GEO (with/without pos): Y/Y
  Task active:  Y
  DRP deviation (DDI 513): 0 mm, last 1636939 ms ago
  GNSS quality (DDI 514):  0, last 1636939 ms ago
  Value commands (any DDI): 7  last DDI=515 (1480884 ms ago)
  Value requests (any DDI): 36665298
  Partner: addr=0xF7 valid=Y  reconnect attempts=0
  Tramline setpoint (DDI 506): 1  -> terminal DOES implement Tramline Control (1588890 ms ago)
  Guidance track (DDI 507-511): (none yet)
=== ISOBUS DEBUG MENU ===
1. Full status dump
2. Periodic summary line (OFF - press to toggle)
3. Reset message counters
4. Dump DDOP as hex (open in AgIsoDDOPGenerator)
5. Dump VT object pool as hex
q. Exit

# 12:21:16.221
=== ISOBUS STATUS ===
Address claim: CLAIMED  address=0x81
Bus load (ch0): 22.5 %
--- Message counters ---
  PGN 129025 Position NMEA2000: 0
  PGN 129026 Speed NMEA2000:    0
  PGN 129283 XTE NMEA2000:      0
  PGN 65267  Position legacy:   8024
  PGN 65256  Speed legacy:      8024   last SA=0x1C raw=0x2
  PGN 65535  XTE JD legacy:     172662   last SA=0xF0 word=0x0 byte1=0x0
             full payload:     0000000000000000  (6 ms ago)
  PGN 60160  XTE Trimble legacy:107   last SA=0x1C
  PGN 64770  AISO stop:         1617   last 1637966 ms ago
  TOTAL:                        190434
--- Guidance telemetry ---
  XTE:          1.23 m
  Speed:        0.00 m/s (0.01 kn)
  Quality:      4   RTK quality=4  IsRtkQuality=Y
  GGA fix age:  142 ms
  VTG fix age:  141 ms
  XTE fix age:  128 ms
  Lat/Lon/Alt/Course: 53.425358 / 6.720312 / 4.4 m / 319.0 deg
--- Virtual Terminal ---
  Connected:    Y
  State:        21/22  Connected
  VT version:  4
  VT status msgs: 1619   last 630 ms ago
  Partner: addr=0x26 valid=Y  reconnect attempts=0
--- Task Controller ---
  Connected:    Y
  TC-GEO (with/without pos): Y/Y
  Task active:  Y
  DRP deviation (DDI 513): 0 mm, last 1637966 ms ago
  GNSS quality (DDI 514):  0, last 1637966 ms ago
  Value commands (any DDI): 7  last DDI=515 (1481911 ms ago)
  Value requests (any DDI): 36688895
  Partner: addr=0xF7 valid=Y  reconnect attempts=0
  Tramline setpoint (DDI 506): 1  -> terminal DOES implement Tramline Control (1589917 ms ago)
  Guidance track (DDI 507-511): (none yet)
=== ISOBUS DEBUG MENU ===
1. Full status dump
2. Periodic summary line (OFF - press to toggle)
3. Reset message counters
4. Dump DDOP as hex (open in AgIsoDDOPGenerator)
5. Dump VT object pool as hex
q. Exit

# 12:21:17.239
=== ISOBUS STATUS ===
Address claim: CLAIMED  address=0x81
Bus load (ch0): 22.9 %
--- Message counters ---
  PGN 129025 Position NMEA2000: 0
  PGN 129026 Speed NMEA2000:    0
  PGN 129283 XTE NMEA2000:      0
  PGN 65267  Position legacy:   8029
  PGN 65256  Speed legacy:      8029   last SA=0x1C raw=0x1
  PGN 65535  XTE JD legacy:     172771   last SA=0xF0 word=0x0 byte1=0x0
             full payload:     0000000000000000  (15 ms ago)
  PGN 60160  XTE Trimble legacy:107   last SA=0x1C
  PGN 64770  AISO stop:         1618   last 1638996 ms ago
  TOTAL:                        190554
--- Guidance telemetry ---
  XTE:          1.23 m
  Speed:        0.00 m/s (0.00 kn)
  Quality:      4   RTK quality=4  IsRtkQuality=Y
  GGA fix age:  172 ms
  VTG fix age:  171 ms
  XTE fix age:  158 ms
  Lat/Lon/Alt/Course: 53.425358 / 6.720312 / 4.4 m / 319.0 deg
--- Virtual Terminal ---
  Connected:    Y
  State:        21/22  Connected
  VT version:  4
  VT status msgs: 1620   last 661 ms ago
  Partner: addr=0x26 valid=Y  reconnect attempts=0
--- Task Controller ---
  Connected:    Y
  TC-GEO (with/without pos): Y/Y
  Task active:  Y
  DRP deviation (DDI 513): 0 mm, last 1638996 ms ago
  GNSS quality (DDI 514):  0, last 1638996 ms ago
  Value commands (any DDI): 7  last DDI=515 (1482941 ms ago)
  Value requests (any DDI): 36712573
  Partner: addr=0xF7 valid=Y  reconnect attempts=0
  Tramline setpoint (DDI 506): 1  -> terminal DOES implement Tramline Control (1590947 ms ago)
  Guidance track (DDI 507-511): (none yet)
=== ISOBUS DEBUG MENU ===
1. Full status dump
2. Periodic summary line (OFF - press to toggle)
3. Reset message counters
4. Dump DDOP as hex (open in AgIsoDDOPGenerator)
5. Dump VT object pool as hex
q. Exit

# 12:21:18.275
=== ISOBUS STATUS ===
Address claim: CLAIMED  address=0x81
Bus load (ch0): 22.4 %
--- Message counters ---
  PGN 129025 Position NMEA2000: 0
  PGN 129026 Speed NMEA2000:    0
  PGN 129283 XTE NMEA2000:      0
  PGN 65267  Position legacy:   8034
  PGN 65256  Speed legacy:      8034   last SA=0x1C raw=0x0
  PGN 65535  XTE JD legacy:     172879   last SA=0xF0 word=0x0 byte1=0x0
             full payload:     0000000000000000  (12 ms ago)
  PGN 60160  XTE Trimble legacy:107   last SA=0x1C
  PGN 64770  AISO stop:         1619   last 1640013 ms ago
  TOTAL:                        190673
--- Guidance telemetry ---
  XTE:          1.23 m
  Speed:        0.00 m/s (0.00 kn)
  Quality:      4   RTK quality=4  IsRtkQuality=Y
  GGA fix age:  189 ms
  VTG fix age:  188 ms
  XTE fix age:  175 ms
  Lat/Lon/Alt/Course: 53.425358 / 6.720312 / 4.4 m / 319.0 deg
--- Virtual Terminal ---
  Connected:    Y
  State:        21/22  Connected
  VT version:  4
  VT status msgs: 1621   last 677 ms ago
  Partner: addr=0x26 valid=Y  reconnect attempts=0
--- Task Controller ---
  Connected:    Y
  TC-GEO (with/without pos): Y/Y
  Task active:  Y
  DRP deviation (DDI 513): 0 mm, last 1640013 ms ago
  GNSS quality (DDI 514):  0, last 1640013 ms ago
  Value commands (any DDI): 7  last DDI=515 (1483958 ms ago)
  Value requests (any DDI): 36735948
  Partner: addr=0xF7 valid=Y  reconnect attempts=0
  Tramline setpoint (DDI 506): 1  -> terminal DOES implement Tramline Control (1591964 ms ago)
  Guidance track (DDI 507-511): (none yet)
=== ISOBUS DEBUG MENU ===
1. Full status dump
2. Periodic summary line (OFF - press to toggle)
3. Reset message counters
4. Dump DDOP as hex (open in AgIsoDDOPGenerator)
5. Dump VT object pool as hex
q. Exit

# 12:21:19.287
=== ISOBUS STATUS ===
Address claim: CLAIMED  address=0x81
Bus load (ch0): 22.6 %
--- Message counters ---
  PGN 129025 Position NMEA2000: 0
  PGN 129026 Speed NMEA2000:    0
  PGN 129283 XTE NMEA2000:      0
  PGN 65267  Position legacy:   8040
  PGN 65256  Speed legacy:      8040   last SA=0x1C raw=0x0
  PGN 65535  XTE JD legacy:     172997   last SA=0xF0 word=0x0 byte1=0x0
             full payload:     0000000000000000  (10 ms ago)
  PGN 60160  XTE Trimble legacy:110   last SA=0x1C
  PGN 64770  AISO stop:         1620   last 1641052 ms ago
  TOTAL:                        190807
--- Guidance telemetry ---
  XTE:          1.23 m
  Speed:        0.00 m/s (0.00 kn)
  Quality:      4   RTK quality=4  IsRtkQuality=Y
  GGA fix age:  28 ms
  VTG fix age:  27 ms
  XTE fix age:  14 ms
  Lat/Lon/Alt/Course: 53.425358 / 6.720312 / 4.4 m / 319.0 deg
--- Virtual Terminal ---
  Connected:    Y
  State:        21/22  Connected
  VT version:  4
  VT status msgs: 1622   last 716 ms ago
  Partner: addr=0x26 valid=Y  reconnect attempts=0
--- Task Controller ---
  Connected:    Y
  TC-GEO (with/without pos): Y/Y
  Task active:  Y
  DRP deviation (DDI 513): 0 mm, last 1641052 ms ago
  GNSS quality (DDI 514):  0, last 1641052 ms ago
  Value commands (any DDI): 7  last DDI=515 (1484997 ms ago)
  Value requests (any DDI): 36759728
  Partner: addr=0xF7 valid=Y  reconnect attempts=0
  Tramline setpoint (DDI 506): 1  -> terminal DOES implement Tramline Control (1593003 ms ago)
  Guidance track (DDI 507-511): (none yet)
=== ISOBUS DEBUG MENU ===
1. Full status dump
2. Periodic summary line (OFF - press to toggle)
3. Reset message counters
4. Dump DDOP as hex (open in AgIsoDDOPGenerator)
5. Dump VT object pool as hex
q. Exit

# 12:21:20.309
=== ISOBUS STATUS ===
Address claim: CLAIMED  address=0x81
Bus load (ch0): 22.3 %
--- Message counters ---
  PGN 129025 Position NMEA2000: 0
  PGN 129026 Speed NMEA2000:    0
  PGN 129283 XTE NMEA2000:      0
  PGN 65267  Position legacy:   8045
  PGN 65256  Speed legacy:      8045   last SA=0x1C raw=0x1
  PGN 65535  XTE JD legacy:     173105   last SA=0xF0 word=0x0 byte1=0x0
             full payload:     0000000000000000  (2 ms ago)
  PGN 60160  XTE Trimble legacy:110   last SA=0x1C
  PGN 64770  AISO stop:         1621   last 1642063 ms ago
  TOTAL:                        190926
--- Guidance telemetry ---
  XTE:          1.23 m
  Speed:        0.00 m/s (0.00 kn)
  Quality:      4   RTK quality=4  IsRtkQuality=Y
  GGA fix age:  39 ms
  VTG fix age:  38 ms
  XTE fix age:  25 ms
  Lat/Lon/Alt/Course: 53.425358 / 6.720312 / 4.4 m / 319.0 deg
--- Virtual Terminal ---
  Connected:    Y
  State:        21/22  Connected
  VT version:  4
  VT status msgs: 1623   last 728 ms ago
  Partner: addr=0x26 valid=Y  reconnect attempts=0
--- Task Controller ---
  Connected:    Y
  TC-GEO (with/without pos): Y/Y
  Task active:  Y
  DRP deviation (DDI 513): 0 mm, last 1642063 ms ago
  GNSS quality (DDI 514):  0, last 1642063 ms ago
  Value commands (any DDI): 7  last DDI=515 (1486008 ms ago)
  Value requests (any DDI): 36782962
  Partner: addr=0xF7 valid=Y  reconnect attempts=0
  Tramline setpoint (DDI 506): 1  -> terminal DOES implement Tramline Control (1594014 ms ago)
  Guidance track (DDI 507-511): (none yet)
=== ISOBUS DEBUG MENU ===
1. Full status dump
2. Periodic summary line (OFF - press to toggle)
3. Reset message counters
4. Dump DDOP as hex (open in AgIsoDDOPGenerator)
5. Dump VT object pool as hex
q. Exit

# 12:21:21.337
=== ISOBUS STATUS ===
Address claim: CLAIMED  address=0x81
Bus load (ch0): 22.5 %
--- Message counters ---
  PGN 129025 Position NMEA2000: 0
  PGN 129026 Speed NMEA2000:    0
  PGN 129283 XTE NMEA2000:      0
  PGN 65267  Position legacy:   8050
  PGN 65256  Speed legacy:      8050   last SA=0x1C raw=0x2
  PGN 65535  XTE JD legacy:     173214   last SA=0xF0 word=0x0 byte1=0x0
             full payload:     0000000000000000  (2 ms ago)
  PGN 60160  XTE Trimble legacy:110   last SA=0x1C
  PGN 64770  AISO stop:         1622   last 1643083 ms ago
  TOTAL:                        191046
--- Guidance telemetry ---
  XTE:          1.23 m
  Speed:        0.00 m/s (0.01 kn)
  Quality:      4   RTK quality=4  IsRtkQuality=Y
  GGA fix age:  59 ms
  VTG fix age:  58 ms
  XTE fix age:  45 ms
  Lat/Lon/Alt/Course: 53.425358 / 6.720312 / 4.4 m / 319.0 deg
--- Virtual Terminal ---
  Connected:    Y
  State:        21/22  Connected
  VT version:  4
  VT status msgs: 1624   last 747 ms ago
  Partner: addr=0x26 valid=Y  reconnect attempts=0
--- Task Controller ---
  Connected:    Y
  TC-GEO (with/without pos): Y/Y
  Task active:  Y
  DRP deviation (DDI 513): 0 mm, last 1643083 ms ago
  GNSS quality (DDI 514):  0, last 1643083 ms ago
  Value commands (any DDI): 7  last DDI=515 (1487028 ms ago)
  Value requests (any DDI): 36806407
  Partner: addr=0xF7 valid=Y  reconnect attempts=0
  Tramline setpoint (DDI 506): 1  -> terminal DOES implement Tramline Control (1595034 ms ago)
  Guidance track (DDI 507-511): (none yet)
=== ISOBUS DEBUG MENU ===
1. Full status dump
2. Periodic summary line (OFF - press to toggle)
3. Reset message counters
4. Dump DDOP as hex (open in AgIsoDDOPGenerator)
5. Dump VT object pool as hex
q. Exit

# 12:21:22.346
=== ISOBUS STATUS ===
Address claim: CLAIMED  address=0x81
Bus load (ch0): 23.1 %
--- Message counters ---
  PGN 129025 Position NMEA2000: 0
  PGN 129026 Speed NMEA2000:    0
  PGN 129283 XTE NMEA2000:      0
  PGN 65267  Position legacy:   8055
  PGN 65256  Speed legacy:      8055   last SA=0x1C raw=0x1
  PGN 65535  XTE JD legacy:     173323   last SA=0xF0 word=0x0 byte1=0x0
             full payload:     0000000000000000  (10 ms ago)
  PGN 60160  XTE Trimble legacy:110   last SA=0x1C
  PGN 64770  AISO stop:         1623   last 1644112 ms ago
  TOTAL:                        191166
--- Guidance telemetry ---
  XTE:          1.23 m
  Speed:        0.00 m/s (0.00 kn)
  Quality:      4   RTK quality=4  IsRtkQuality=Y
  GGA fix age:  88 ms
  VTG fix age:  87 ms
  XTE fix age:  74 ms
  Lat/Lon/Alt/Course: 53.425358 / 6.720312 / 4.4 m / 319.0 deg
--- Virtual Terminal ---
  Connected:    Y
  State:        21/22  Connected
  VT version:  4
  VT status msgs: 1625   last 777 ms ago
  Partner: addr=0x26 valid=Y  reconnect attempts=0
--- Task Controller ---
  Connected:    Y
  TC-GEO (with/without pos): Y/Y
  Task active:  Y
  DRP deviation (DDI 513): 0 mm, last 1644112 ms ago
  GNSS quality (DDI 514):  0, last 1644112 ms ago
  Value commands (any DDI): 7  last DDI=515 (1488057 ms ago)
  Value requests (any DDI): 36830052
  Partner: addr=0xF7 valid=Y  reconnect attempts=0
  Tramline setpoint (DDI 506): 1  -> terminal DOES implement Tramline Control (1596063 ms ago)
  Guidance track (DDI 507-511): (none yet)
=== ISOBUS DEBUG MENU ===
1. Full status dump
2. Periodic summary line (OFF - press to toggle)
3. Reset message counters
4. Dump DDOP as hex (open in AgIsoDDOPGenerator)
5. Dump VT object pool as hex
q. Exit

# 12:21:23.415
=== ISOBUS STATUS ===
Address claim: CLAIMED  address=0x81
Bus load (ch0): 22.3 %
--- Message counters ---
  PGN 129025 Position NMEA2000: 0
  PGN 129026 Speed NMEA2000:    0
  PGN 129283 XTE NMEA2000:      0
  PGN 65267  Position legacy:   8060
  PGN 65256  Speed legacy:      8060   last SA=0x1C raw=0x1
  PGN 65535  XTE JD legacy:     173430   last SA=0xF0 word=0x0 byte1=0x0
             full payload:     0000000000000000  (18 ms ago)
  PGN 60160  XTE Trimble legacy:110   last SA=0x1C
  PGN 64770  AISO stop:         1624   last 1645120 ms ago
  TOTAL:                        191284
--- Guidance telemetry ---
  XTE:          1.23 m
  Speed:        0.00 m/s (0.00 kn)
  Quality:      4   RTK quality=4  IsRtkQuality=Y
  GGA fix age:  96 ms
  VTG fix age:  95 ms
  XTE fix age:  82 ms
  Lat/Lon/Alt/Course: 53.425358 / 6.720312 / 4.4 m / 319.0 deg
--- Virtual Terminal ---
  Connected:    Y
  State:        21/22  Connected
  VT version:  4
  VT status msgs: 1626   last 784 ms ago
  Partner: addr=0x26 valid=Y  reconnect attempts=0
--- Task Controller ---
  Connected:    Y
  TC-GEO (with/without pos): Y/Y
  Task active:  Y
  DRP deviation (DDI 513): 0 mm, last 1645120 ms ago
  GNSS quality (DDI 514):  0, last 1645120 ms ago
  Value commands (any DDI): 7  last DDI=515 (1489065 ms ago)
  Value requests (any DDI): 36853216
  Partner: addr=0xF7 valid=Y  reconnect attempts=0
  Tramline setpoint (DDI 506): 1  -> terminal DOES implement Tramline Control (1597071 ms ago)
  Guidance track (DDI 507-511): (none yet)
=== ISOBUS DEBUG MENU ===
1. Full status dump
2. Periodic summary line (OFF - press to toggle)
3. Reset message counters
4. Dump DDOP as hex (open in AgIsoDDOPGenerator)
5. Dump VT object pool as hex
q. Exit

# 12:21:24.453
=== ISOBUS STATUS ===
Address claim: CLAIMED  address=0x81
Bus load (ch0): 21.5 %
--- Message counters ---
  PGN 129025 Position NMEA2000: 0
  PGN 129026 Speed NMEA2000:    0
  PGN 129283 XTE NMEA2000:      0
  PGN 65267  Position legacy:   8065
  PGN 65256  Speed legacy:      8065   last SA=0x1C raw=0x2
  PGN 65535  XTE JD legacy:     173541   last SA=0xF0 word=0x0 byte1=0x0
             full payload:     0000000000000000  (11 ms ago)
  PGN 60160  XTE Trimble legacy:110   last SA=0x1C
  PGN 64770  AISO stop:         1625   last 1646192 ms ago
  TOTAL:                        191406
--- Guidance telemetry ---
  XTE:          1.23 m
  Speed:        0.00 m/s (0.01 kn)
  Quality:      4   RTK quality=4  IsRtkQuality=Y
  GGA fix age:  168 ms
  VTG fix age:  167 ms
  XTE fix age:  154 ms
  Lat/Lon/Alt/Course: 53.425358 / 6.720312 / 4.4 m / 319.0 deg
--- Virtual Terminal ---
  Connected:    Y
  State:        21/22  Connected
  VT version:  4
  VT status msgs: 1627   last 857 ms ago
  Partner: addr=0x26 valid=Y  reconnect attempts=0
--- Task Controller ---
  Connected:    Y
  TC-GEO (with/without pos): Y/Y
  Task active:  Y
  DRP deviation (DDI 513): 0 mm, last 1646192 ms ago
  GNSS quality (DDI 514):  0, last 1646192 ms ago
  Value commands (any DDI): 7  last DDI=515 (1490137 ms ago)
  Value requests (any DDI): 36877867
  Partner: addr=0xF7 valid=Y  reconnect attempts=0
  Tramline setpoint (DDI 506): 1  -> terminal DOES implement Tramline Control (1598143 ms ago)
  Guidance track (DDI 507-511): (none yet)
=== ISOBUS DEBUG MENU ===
1. Full status dump
2. Periodic summary line (OFF - press to toggle)
3. Reset message counters
4. Dump DDOP as hex (open in AgIsoDDOPGenerator)
5. Dump VT object pool as hex
q. Exit

# 12:21:25.478
=== ISOBUS STATUS ===
Address claim: CLAIMED  address=0x81
Bus load (ch0): 21.8 %
--- Message counters ---
  PGN 129025 Position NMEA2000: 0
  PGN 129026 Speed NMEA2000:    0
  PGN 129283 XTE NMEA2000:      0
  PGN 65267  Position legacy:   8071
  PGN 65256  Speed legacy:      8071   last SA=0x1C raw=0x4
  PGN 65535  XTE JD legacy:     173657   last SA=0x1C word=0x0 byte1=0x0
             full payload:     0000000000000000  (2 ms ago)
  PGN 60160  XTE Trimble legacy:110   last SA=0x1C
  PGN 64770  AISO stop:         1626   last 1647231 ms ago
  TOTAL:                        191535
--- Guidance telemetry ---
  XTE:          1.23 m
  Speed:        0.01 m/s (0.02 kn)
  Quality:      4   RTK quality=4  IsRtkQuality=Y
  GGA fix age:  7 ms
  VTG fix age:  6 ms
  XTE fix age:  193 ms
  Lat/Lon/Alt/Course: 53.425358 / 6.720312 / 4.4 m / 319.0 deg
--- Virtual Terminal ---
  Connected:    Y
  State:        21/22  Connected
  VT version:  4
  VT status msgs: 1628   last 895 ms ago
  Partner: addr=0x26 valid=Y  reconnect attempts=0
--- Task Controller ---
  Connected:    Y
  TC-GEO (with/without pos): Y/Y
  Task active:  Y
  DRP deviation (DDI 513): 0 mm, last 1647231 ms ago
  GNSS quality (DDI 514):  0, last 1647231 ms ago
  Value commands (any DDI): 7  last DDI=515 (1491176 ms ago)
  Value requests (any DDI): 36901741
  Partner: addr=0xF7 valid=Y  reconnect attempts=0
  Tramline setpoint (DDI 506): 1  -> terminal DOES implement Tramline Control (1599182 ms ago)
  Guidance track (DDI 507-511): (none yet)
=== ISOBUS DEBUG MENU ===
1. Full status dump
2. Periodic summary line (OFF - press to toggle)
3. Reset message counters
4. Dump DDOP as hex (open in AgIsoDDOPGenerator)
5. Dump VT object pool as hex
q. Exit

# 12:21:26.506
=== ISOBUS STATUS ===
Address claim: CLAIMED  address=0x81
Bus load (ch0): 21.8 %
--- Message counters ---
  PGN 129025 Position NMEA2000: 0
  PGN 129026 Speed NMEA2000:    0
  PGN 129283 XTE NMEA2000:      0
  PGN 65267  Position legacy:   8076
  PGN 65256  Speed legacy:      8076   last SA=0x1C raw=0x2
  PGN 65535  XTE JD legacy:     173767   last SA=0xF0 word=0x0 byte1=0x0
             full payload:     0000000000000000  (16 ms ago)
  PGN 60160  XTE Trimble legacy:110   last SA=0x1C
  PGN 64770  AISO stop:         1627   last 1648257 ms ago
  TOTAL:                        191656
--- Guidance telemetry ---
  XTE:          1.23 m
  Speed:        0.00 m/s (0.01 kn)
  Quality:      4   RTK quality=4  IsRtkQuality=Y
  GGA fix age:  33 ms
  VTG fix age:  32 ms
  XTE fix age:  19 ms
  Lat/Lon/Alt/Course: 53.425358 / 6.720312 / 4.4 m / 319.0 deg
--- Virtual Terminal ---
  Connected:    Y
  State:        21/22  Connected
  VT version:  4
  VT status msgs: 1629   last 921 ms ago
  Partner: addr=0x26 valid=Y  reconnect attempts=0
--- Task Controller ---
  Connected:    Y
  TC-GEO (with/without pos): Y/Y
  Task active:  Y
  DRP deviation (DDI 513): 0 mm, last 1648257 ms ago
  GNSS quality (DDI 514):  0, last 1648257 ms ago
  Value commands (any DDI): 7  last DDI=515 (1492202 ms ago)
  Value requests (any DDI): 36925335
  Partner: addr=0xF7 valid=Y  reconnect attempts=0
  Tramline setpoint (DDI 506): 1  -> terminal DOES implement Tramline Control (1600208 ms ago)
  Guidance track (DDI 507-511): (none yet)
=== ISOBUS DEBUG MENU ===
1. Full status dump
2. Periodic summary line (OFF - press to toggle)
3. Reset message counters
4. Dump DDOP as hex (open in AgIsoDDOPGenerator)
5. Dump VT object pool as hex
q. Exit

# 12:21:27.517
=== ISOBUS STATUS ===
Address claim: CLAIMED  address=0x81
Bus load (ch0): 21.7 %
--- Message counters ---
  PGN 129025 Position NMEA2000: 0
  PGN 129026 Speed NMEA2000:    0
  PGN 129283 XTE NMEA2000:      0
  PGN 65267  Position legacy:   8081
  PGN 65256  Speed legacy:      8081   last SA=0x1C raw=0x2
  PGN 65535  XTE JD legacy:     173876   last SA=0xF0 word=0x0 byte1=0x0
             full payload:     0000000000000000  (4 ms ago)
  PGN 60160  XTE Trimble legacy:110   last SA=0x1C
  PGN 64770  AISO stop:         1628   last 1649285 ms ago
  TOTAL:                        191776
--- Guidance telemetry ---
  XTE:          1.23 m
  Speed:        0.00 m/s (0.01 kn)
  Quality:      4   RTK quality=4  IsRtkQuality=Y
  GGA fix age:  61 ms
  VTG fix age:  60 ms
  XTE fix age:  47 ms
  Lat/Lon/Alt/Course: 53.425358 / 6.720312 / 4.4 m / 319.0 deg
--- Virtual Terminal ---
  Connected:    Y
  State:        21/22  Connected
  VT version:  4
  VT status msgs: 1630   last 950 ms ago
  Partner: addr=0x26 valid=Y  reconnect attempts=0
--- Task Controller ---
  Connected:    Y
  TC-GEO (with/without pos): Y/Y
  Task active:  Y
  DRP deviation (DDI 513): 0 mm, last 1649285 ms ago
  GNSS quality (DDI 514):  0, last 1649285 ms ago
  Value commands (any DDI): 7  last DDI=515 (1493230 ms ago)
  Value requests (any DDI): 36948958
  Partner: addr=0xF7 valid=Y  reconnect attempts=0
  Tramline setpoint (DDI 506): 1  -> terminal DOES implement Tramline Control (1601236 ms ago)
  Guidance track (DDI 507-511): (none yet)
=== ISOBUS DEBUG MENU ===
1. Full status dump
2. Periodic summary line (OFF - press to toggle)
3. Reset message counters
4. Dump DDOP as hex (open in AgIsoDDOPGenerator)
5. Dump VT object pool as hex
q. Exit

# 12:21:28.552
=== ISOBUS STATUS ===
Address claim: CLAIMED  address=0x81
Bus load (ch0): 21.7 %
--- Message counters ---
  PGN 129025 Position NMEA2000: 0
  PGN 129026 Speed NMEA2000:    0
  PGN 129283 XTE NMEA2000:      0
  PGN 65267  Position legacy:   8086
  PGN 65256  Speed legacy:      8086   last SA=0x1C raw=0x0
  PGN 65535  XTE JD legacy:     173983   last SA=0xF0 word=0x0 byte1=0x0
             full payload:     0000000000000000  (15 ms ago)
  PGN 60160  XTE Trimble legacy:110   last SA=0x1C
  PGN 64770  AISO stop:         1629   last 1650296 ms ago
  TOTAL:                        191894
--- Guidance telemetry ---
  XTE:          1.23 m
  Speed:        0.00 m/s (0.00 kn)
  Quality:      4   RTK quality=4  IsRtkQuality=Y
  GGA fix age:  72 ms
  VTG fix age:  71 ms
  XTE fix age:  58 ms
  Lat/Lon/Alt/Course: 53.425358 / 6.720312 / 4.4 m / 319.0 deg
--- Virtual Terminal ---
  Connected:    Y
  State:        21/22  Connected
  VT version:  4
  VT status msgs: 1631   last 960 ms ago
  Partner: addr=0x26 valid=Y  reconnect attempts=0
--- Task Controller ---
  Connected:    Y
  TC-GEO (with/without pos): Y/Y
  Task active:  Y
  DRP deviation (DDI 513): 0 mm, last 1650296 ms ago
  GNSS quality (DDI 514):  0, last 1650296 ms ago
  Value commands (any DDI): 7  last DDI=515 (1494241 ms ago)
  Value requests (any DDI): 36972184
  Partner: addr=0xF7 valid=Y  reconnect attempts=0
  Tramline setpoint (DDI 506): 1  -> terminal DOES implement Tramline Control (1602247 ms ago)
  Guidance track (DDI 507-511): (none yet)
=== ISOBUS DEBUG MENU ===
1. Full status dump
2. Periodic summary line (OFF - press to toggle)
3. Reset message counters
4. Dump DDOP as hex (open in AgIsoDDOPGenerator)
5. Dump VT object pool as hex
q. Exit

# 12:21:29.566
=== ISOBUS STATUS ===
Address claim: CLAIMED  address=0x81
Bus load (ch0): 21.3 %
--- Message counters ---
  PGN 129025 Position NMEA2000: 0
  PGN 129026 Speed NMEA2000:    0
  PGN 129283 XTE NMEA2000:      0
  PGN 65267  Position legacy:   8091
  PGN 65256  Speed legacy:      8091   last SA=0x1C raw=0x1
  PGN 65535  XTE JD legacy:     174094   last SA=0xF0 word=0x0 byte1=0x0
             full payload:     0000000000000000  (1 ms ago)
  PGN 60160  XTE Trimble legacy:110   last SA=0x1C
  PGN 64770  AISO stop:         1630   last 1651328 ms ago
  TOTAL:                        192016
--- Guidance telemetry ---
  XTE:          1.23 m
  Speed:        0.00 m/s (0.00 kn)
  Quality:      4   RTK quality=4  IsRtkQuality=Y
  GGA fix age:  104 ms
  VTG fix age:  103 ms
  XTE fix age:  90 ms
  Lat/Lon/Alt/Course: 53.425358 / 6.720312 / 4.4 m / 319.0 deg
--- Virtual Terminal ---
  Connected:    Y
  State:        21/22  Connected
  VT version:  4
  VT status msgs: 1632   last 993 ms ago
  Partner: addr=0x26 valid=Y  reconnect attempts=0
--- Task Controller ---
  Connected:    Y
  TC-GEO (with/without pos): Y/Y
  Task active:  Y
  DRP deviation (DDI 513): 0 mm, last 1651328 ms ago
  GNSS quality (DDI 514):  0, last 1651328 ms ago
  Value commands (any DDI): 7  last DDI=515 (1495273 ms ago)
  Value requests (any DDI): 36995906
  Partner: addr=0xF7 valid=Y  reconnect attempts=0
  Tramline setpoint (DDI 506): 1  -> terminal DOES implement Tramline Control (1603279 ms ago)
  Guidance track (DDI 507-511): (none yet)
=== ISOBUS DEBUG MENU ===
1. Full status dump
2. Periodic summary line (OFF - press to toggle)
3. Reset message counters
4. Dump DDOP as hex (open in AgIsoDDOPGenerator)
5. Dump VT object pool as hex
q. Exit

# 12:21:30.586
=== ISOBUS STATUS ===
Address claim: CLAIMED  address=0x81
Bus load (ch0): 21.6 %
--- Message counters ---
  PGN 129025 Position NMEA2000: 0
  PGN 129026 Speed NMEA2000:    0
  PGN 129283 XTE NMEA2000:      0
  PGN 65267  Position legacy:   8096
  PGN 65256  Speed legacy:      8096   last SA=0x1C raw=0x0
  PGN 65535  XTE JD legacy:     174203   last SA=0xF0 word=0x0 byte1=0x0
             full payload:     0000000000000000  (1 ms ago)
  PGN 60160  XTE Trimble legacy:110   last SA=0x1C
  PGN 64770  AISO stop:         1631   last 1652343 ms ago
  TOTAL:                        192136
--- Guidance telemetry ---
  XTE:          1.23 m
  Speed:        0.00 m/s (0.00 kn)
  Quality:      4   RTK quality=4  IsRtkQuality=Y
  GGA fix age:  119 ms
  VTG fix age:  118 ms
  XTE fix age:  105 ms
  Lat/Lon/Alt/Course: 53.425358 / 6.720312 / 4.4 m / 319.0 deg
--- Virtual Terminal ---
  Connected:    Y
  State:        21/22  Connected
  VT version:  4
  VT status msgs: 1634   last 8 ms ago
  Partner: addr=0x26 valid=Y  reconnect attempts=0
--- Task Controller ---
  Connected:    Y
  TC-GEO (with/without pos): Y/Y
  Task active:  Y
  DRP deviation (DDI 513): 0 mm, last 1652343 ms ago
  GNSS quality (DDI 514):  0, last 1652343 ms ago
  Value commands (any DDI): 7  last DDI=515 (1496288 ms ago)
  Value requests (any DDI): 37019244
  Partner: addr=0xF7 valid=Y  reconnect attempts=0
  Tramline setpoint (DDI 506): 1  -> terminal DOES implement Tramline Control (1604294 ms ago)
  Guidance track (DDI 507-511): (none yet)
=== ISOBUS DEBUG MENU ===
1. Full status dump
2. Periodic summary line (OFF - press to toggle)
3. Reset message counters
4. Dump DDOP as hex (open in AgIsoDDOPGenerator)
5. Dump VT object pool as hex
q. Exit

# 12:21:31.587
=== ISOBUS STATUS ===
Address claim: CLAIMED  address=0x81
Bus load (ch0): 21.8 %
--- Message counters ---
  PGN 129025 Position NMEA2000: 0
  PGN 129026 Speed NMEA2000:    0
  PGN 129283 XTE NMEA2000:      0
  PGN 65267  Position legacy:   8101
  PGN 65256  Speed legacy:      8101   last SA=0x1C raw=0x3
  PGN 65535  XTE JD legacy:     174311   last SA=0xF0 word=0x0 byte1=0x0
             full payload:     0000000000000000  (17 ms ago)
  PGN 60160  XTE Trimble legacy:110   last SA=0x1C
  PGN 64770  AISO stop:         1632   last 1653359 ms ago
  TOTAL:                        192255
--- Guidance telemetry ---
  XTE:          1.23 m
  Speed:        0.01 m/s (0.01 kn)
  Quality:      4   RTK quality=4  IsRtkQuality=Y
  GGA fix age:  135 ms
  VTG fix age:  134 ms
  XTE fix age:  120 ms
  Lat/Lon/Alt/Course: 53.425358 / 6.720312 / 4.4 m / 319.0 deg
--- Virtual Terminal ---
  Connected:    Y
  State:        21/22  Connected
  VT version:  4
  VT status msgs: 1635   last 23 ms ago
  Partner: addr=0x26 valid=Y  reconnect attempts=0
--- Task Controller ---
  Connected:    Y
  TC-GEO (with/without pos): Y/Y
  Task active:  Y
  DRP deviation (DDI 513): 0 mm, last 1653359 ms ago
  GNSS quality (DDI 514):  0, last 1653359 ms ago
  Value commands (any DDI): 7  last DDI=515 (1497304 ms ago)
  Value requests (any DDI): 37042598
  Partner: addr=0xF7 valid=Y  reconnect attempts=0
  Tramline setpoint (DDI 506): 1  -> terminal DOES implement Tramline Control (1605310 ms ago)
  Guidance track (DDI 507-511): (none yet)
=== ISOBUS DEBUG MENU ===
1. Full status dump
2. Periodic summary line (OFF - press to toggle)
3. Reset message counters
4. Dump DDOP as hex (open in AgIsoDDOPGenerator)
5. Dump VT object pool as hex
q. Exit

# 12:21:32.645
=== ISOBUS STATUS ===
Address claim: CLAIMED  address=0x81
Bus load (ch0): 21.4 %
--- Message counters ---
  PGN 129025 Position NMEA2000: 0
  PGN 129026 Speed NMEA2000:    0
  PGN 129283 XTE NMEA2000:      0
  PGN 65267  Position legacy:   8106
  PGN 65256  Speed legacy:      8106   last SA=0x1C raw=0x1
  PGN 65535  XTE JD legacy:     174418   last SA=0xF0 word=0x0 byte1=0x0
             full payload:     0000000000000000  (18 ms ago)
  PGN 60160  XTE Trimble legacy:110   last SA=0x1C
  PGN 64770  AISO stop:         1633   last 1654360 ms ago
  TOTAL:                        192373
--- Guidance telemetry ---
  XTE:          1.23 m
  Speed:        0.00 m/s (0.00 kn)
  Quality:      4   RTK quality=4  IsRtkQuality=Y
  GGA fix age:  136 ms
  VTG fix age:  135 ms
  XTE fix age:  121 ms
  Lat/Lon/Alt/Course: 53.425358 / 6.720312 / 4.4 m / 319.0 deg
--- Virtual Terminal ---
  Connected:    Y
  State:        21/22  Connected
  VT version:  4
  VT status msgs: 1636   last 24 ms ago
  Partner: addr=0x26 valid=Y  reconnect attempts=0
--- Task Controller ---
  Connected:    Y
  TC-GEO (with/without pos): Y/Y
  Task active:  Y
  DRP deviation (DDI 513): 0 mm, last 1654360 ms ago
  GNSS quality (DDI 514):  0, last 1654360 ms ago
  Value commands (any DDI): 7  last DDI=515 (1498305 ms ago)
  Value requests (any DDI): 37065607
  Partner: addr=0xF7 valid=Y  reconnect attempts=0
  Tramline setpoint (DDI 506): 1  -> terminal DOES implement Tramline Control (1606311 ms ago)
  Guidance track (DDI 507-511): (none yet)
=== ISOBUS DEBUG MENU ===
1. Full status dump
2. Periodic summary line (OFF - press to toggle)
3. Reset message counters
4. Dump DDOP as hex (open in AgIsoDDOPGenerator)
5. Dump VT object pool as hex
q. Exit

# 12:21:33.706
=== ISOBUS STATUS ===
Address claim: CLAIMED  address=0x81
Bus load (ch0): 21.3 %
--- Message counters ---
  PGN 129025 Position NMEA2000: 0
  PGN 129026 Speed NMEA2000:    0
  PGN 129283 XTE NMEA2000:      0
  PGN 65267  Position legacy:   8111
  PGN 65256  Speed legacy:      8111   last SA=0x1C raw=0x0
  PGN 65535  XTE JD legacy:     174528   last SA=0xF0 word=0x0 byte1=0x0
             full payload:     0000000000000000  (18 ms ago)
  PGN 60160  XTE Trimble legacy:110   last SA=0x1C
  PGN 64770  AISO stop:         1634   last 1655419 ms ago
  TOTAL:                        192494
--- Guidance telemetry ---
  XTE:          1.23 m
  Speed:        0.00 m/s (0.00 kn)
  Quality:      4   RTK quality=4  IsRtkQuality=Y
  GGA fix age:  195 ms
  VTG fix age:  194 ms
  XTE fix age:  181 ms
  Lat/Lon/Alt/Course: 53.425358 / 6.720312 / 4.4 m / 319.0 deg
--- Virtual Terminal ---
  Connected:    Y
  State:        21/22  Connected
  VT version:  4
  VT status msgs: 1637   last 83 ms ago
  Partner: addr=0x26 valid=Y  reconnect attempts=0
--- Task Controller ---
  Connected:    Y
  TC-GEO (with/without pos): Y/Y
  Task active:  Y
  DRP deviation (DDI 513): 0 mm, last 1655419 ms ago
  GNSS quality (DDI 514):  0, last 1655419 ms ago
  Value commands (any DDI): 7  last DDI=515 (1499364 ms ago)
  Value requests (any DDI): 37089953
  Partner: addr=0xF7 valid=Y  reconnect attempts=0
  Tramline setpoint (DDI 506): 1  -> terminal DOES implement Tramline Control (1607370 ms ago)
  Guidance track (DDI 507-511): (none yet)
=== ISOBUS DEBUG MENU ===
1. Full status dump
2. Periodic summary line (OFF - press to toggle)
3. Reset message counters
4. Dump DDOP as hex (open in AgIsoDDOPGenerator)
5. Dump VT object pool as hex
q. Exit

