16:48:15.475 ### logger started on COM4
16:50:35.778 ### port COM4 open
16:50:37.902 --------------------------------
16:50:37.906 -----------MeijWorks------------
16:50:37.907 --------------------------------
16:50:37.908 Ploughcontrol ISOBUS version 0.1
16:50:37.908 (c) 2011 - 2026 by J.A. Woltjer 
16:50:37.910 --------------------------------
16:50:39.595 -------------------------------
16:50:39.596 Tractor using following data:
16:50:39.596 -------------------------------
16:50:39.597 Speed calibration
16:50:39.597 250
16:50:39.597 -------------------------------
16:50:39.597 Simspeed
16:50:39.598 1.00
16:50:39.598 -------------------------------
16:50:39.599 Sim time
16:50:39.599 2
16:50:39.599 -------------------------------
16:50:39.599 Sim mode
16:50:39.601 1
16:50:39.601 -------------------------------
16:50:39.601 Invert hitch signal
16:50:39.602 1
16:50:39.602 -------------------------------
16:50:39.602 Times started
16:50:39.603 255
16:50:39.603 --------------------------
16:50:39.604 Using following data:
16:50:39.604 --------------------------
16:50:39.606 Offset calibration data
16:50:39.608 600, 34
16:50:39.608 461, 42
16:50:39.609 308, 50
16:50:39.609 --------------------------
16:50:39.610 Number of shares
16:50:39.610 4
16:50:39.611 --------------------------
16:50:39.611 error margin
16:50:39.612 2
16:50:39.612 --------------------------
16:50:39.613 error ploughside
16:50:39.613 0
16:50:39.614 --------------------------
16:50:39.614 Maximum correction per share (mm)
16:50:39.614 50
16:50:39.615 Maximum correction (mm)
16:50:39.615 200
16:50:39.616 --------------------------
16:50:39.616 =====================================
16:50:39.617 Guidance source using following data:
16:50:39.617 =====================================
16:50:39.618 RTK Quality
16:50:39.618 4
16:50:39.619 -------------------------------
16:50:39.619 Times started
16:50:39.620 255
16:50:39.620 --------------------------
16:50:39.620 Using following data:
16:50:39.621 --------------------------
16:50:39.621 Offset calibration data
16:50:39.621 600, 34
16:50:39.622 461, 42
16:50:39.622 308, 50
16:50:39.623 --------------------------
16:50:39.623 Number of shares
16:50:39.623 4
16:50:39.623 --------------------------
16:50:39.625 error margin
16:50:39.625 2
16:50:39.625 --------------------------
16:50:39.626 error ploughside
16:50:39.626 0
16:50:39.626 --------------------------
16:50:39.626 Maximum correction per share (mm)
16:50:39.627 50
16:50:39.627 Maximum correction (mm)
16:50:39.627 200
16:50:39.629 --------------------------
16:50:39.629 CAN controller at start: error-active, TX err 0, RX err 0
16:50:39.828 IsobusGuidanceChannel: identity 1324910 (serial 1324910), claiming... address claimed: 0x81
16:50:39.828 CAN controller after the claim: error-PASSIVE, TX err 128, RX err 0
16:50:39.829 IsobusDebugMenu: send any character to open the status menu.
16:51:16.591 I] [NM]: Partnered control function with name 000000000000000lx has claimed address 197275905 on channel 2684361992.
16:51:17.277 I] [VT]: No version label from the VT matched. Client will upload the pool and store it instead.
16:51:17.776 I] [VT]: Stored object pool with no error.
16:51:45.414 ### sending keys: x1
16:51:49.448 ### sending keys: 2q
16:51:50.634 === ISOBUS DEBUG MENU ===
16:51:50.635 1. Full status dump
16:51:50.635 2. Periodic summary line (OFF - press to toggle)
16:51:50.636 3. Reset message counters
16:51:50.636 4. Dump DDOP as hex (open in AgIsoDDOPGenerator)
16:51:50.636 5. Dump VT object pool as hex
16:51:50.636 q. Exit
16:51:50.637 === ISOBUS STATUS ===
16:51:50.637 Address claim: CLAIMED  address=0x81  identity=1324910
16:51:50.637 CAN controller: error-active  TX err 0 (peak 168)  RX err 0 (peak 8)
16:51:50.638   error-passive entries: 1  bus-off entries: 0  longest episode: 37692 ms
16:51:50.638 Bus load (ch0): 11.5 %
16:51:50.638 --- Message counters ---
16:51:50.640   PGN 129025 Position NMEA2000: 0
16:51:50.640   PGN 129026 Speed NMEA2000:    0
16:51:50.641   PGN 129283 XTE NMEA2000:      4
16:51:50.642   PGN 65267  Position legacy:   0
16:51:50.644   PGN 65256  Speed legacy:      0   last SA=0xFF raw=0x0
16:51:50.644   PGN 65535  all senders:       0   last SA=0xFF
16:51:50.645   PGN 65535  XTE carrier 0x2A:  0   (none decoded)
16:51:50.645              raw: nothing from 0x2A or 0x80 yet
16:51:50.645   PGN 60160  XTE Trimble legacy:14   last SA=0x26
16:51:50.646   PGN 64770  AISO stop:         29   last 71045 ms ago
16:51:50.646   TOTAL:                        337
16:51:50.646 --- Guidance telemetry ---
16:51:50.647   XTE:          0.00 m
16:51:50.647   Speed:        0.00 m/s (0.00 kn)
16:51:50.647   Quality:      0   RTK quality=4  PGN 129029 GNSS position: (none received)
16:51:50.648   PGN 129027 position deltas: 0
16:51:50.648   Guidance machine info (PGN 44032): 290 msgs, last 50 ms ago
16:51:50.648     lockout=YES/READY  steeringReady=n/a  remoteEngage=n/a  curvature=-22.00 1/km
16:51:50.649   IsRtkQuality=N
16:51:50.649   GGA fix age:  71045 ms
16:51:50.649   VTG fix age:  71045 ms
16:51:50.650   XTE fix age:  71045 ms
16:51:50.651   Lat/Lon/Alt/Course: 0.000000 / 0.000000 / 0.0 m / 0.0 deg
16:51:50.651 --- Virtual Terminal ---
16:51:50.652   Connected:    Y
16:51:50.652   State:        21/22  Connected
16:51:50.652   VT version:  4
16:51:50.652   VT status msgs: 29   last 541 ms ago
16:51:50.652   Partner: addr=0x26 valid=Y  reconnect attempts=0
16:51:50.654 --- Task Controller ---
16:51:50.654   Connected:    N
16:51:50.654   TC-GEO (with/without pos): (not connected)
16:51:50.655   Task active:  N
16:51:50.655   DRP deviation (DDI 513): 0 mm, last 71045 ms ago
16:51:50.655   GNSS quality (DDI 514):  0, last 71045 ms ago
16:51:50.656   [via stack] Value cmds to handler: 0  last DDI=(none)
16:51:50.656   [via stack] Value req callbacks:  0   (mostly AgIsoStack's own re-polling -- NOT bus traffic)
16:51:50.657   [on bus] Requests for our values: 0
16:51:50.657   [on bus] Set-value commands:      0
16:51:50.657   [on bus] Measurement commands:    0  (none)
16:51:50.657   [on bus] Other, addressed to us:  0
16:51:50.657   Working width (DDI 67): 150 cm, changes 0, reported 0
16:51:50.659   Partner: addr=0xFE valid=N  reconnect attempts=0
16:51:50.659   Tramline setpoint (DDI 506): (not connected)
16:51:50.659   Guidance track (DDI 507-511): (not connected)
16:51:50.660 === ISOBUS DEBUG MENU ===
16:51:50.660 1. Full status dump
16:51:50.660 2. Periodic summary line (OFF - press to toggle)
16:51:50.661 3. Reset message counters
16:51:50.661 4. Dump DDOP as hex (open in AgIsoDDOPGenerator)
16:51:50.661 5. Dump VT object pool as hex
16:51:50.663 q. Exit
16:51:50.663 Periodic summary line: ON
16:51:50.663 === ISOBUS DEBUG MENU ===
16:51:50.665 1. Full status dump
16:51:50.665 2. Periodic summary line (ON - press to toggle)
16:51:50.665 3. Reset message counters
16:51:50.665 4. Dump DDOP as hex (open in AgIsoDDOPGenerator)
16:51:50.665 5. Dump VT object pool as hex
16:51:50.667 q. Exit
16:51:50.667 Exiting.
16:51:50.669 [ISOBUS] addr=0x81 claimed=Y load=11.5% msgs=381 aiso=33(75066ms) xte=0.00m spd=0.00m/s q=0 ggaAge=75066 vtgAge=75066 xteAge=75066 vt=Y(21/22) vtstat=33/561ms tc=N drp=0mm tcq=0
16:51:50.669 [ISOBUS] addr=0x81 claimed=Y load=11.9% msgs=396 aiso=34(76066ms) xte=0.00m spd=0.00m/s q=0 ggaAge=76066 vtgAge=76066 xteAge=76066 vt=Y(21/22) vtstat=34/560ms tc=N drp=0mm tcq=0
16:51:51.630 [ISOBUS] addr=0x81 claimed=Y load=11.5% msgs=407 aiso=35(77066ms) xte=0.00m spd=0.00m/s q=0 ggaAge=77066 vtgAge=77066 xteAge=77066 vt=Y(21/22) vtstat=35/560ms tc=N drp=0mm tcq=0
16:51:52.628 [ISOBUS] addr=0x81 claimed=Y load=11.5% msgs=418 aiso=36(78066ms) xte=0.00m spd=0.00m/s q=0 ggaAge=78066 vtgAge=78066 xteAge=78066 vt=Y(21/22) vtstat=36/559ms tc=N drp=0mm tcq=0
16:51:53.621 [ISOBUS] addr=0x81 claimed=Y load=11.5% msgs=429 aiso=37(79066ms) xte=0.00m spd=0.00m/s q=0 ggaAge=79066 vtgAge=79066 xteAge=79066 vt=Y(21/22) vtstat=37/559ms tc=N drp=0mm tcq=0
16:51:54.614 [ISOBUS] addr=0x81 claimed=Y load=11.5% msgs=440 aiso=38(80066ms) xte=0.00m spd=0.00m/s q=0 ggaAge=80066 vtgAge=80066 xteAge=80066 vt=Y(21/22) vtstat=38/559ms tc=N drp=0mm tcq=0
16:51:55.613 [ISOBUS] addr=0x81 claimed=Y load=11.5% msgs=451 aiso=39(81066ms) xte=0.00m spd=0.00m/s q=0 ggaAge=81066 vtgAge=81066 xteAge=81066 vt=Y(21/22) vtstat=39/558ms tc=N drp=0mm tcq=0
16:51:56.627 [ISOBUS] addr=0x81 claimed=Y load=11.5% msgs=462 aiso=40(82066ms) xte=0.00m spd=0.00m/s q=0 ggaAge=82066 vtgAge=82066 xteAge=82066 vt=Y(21/22) vtstat=40/558ms tc=N drp=0mm tcq=0
16:51:57.629 [ISOBUS] addr=0x81 claimed=Y load=11.5% msgs=473 aiso=41(83066ms) xte=0.00m spd=0.00m/s q=0 ggaAge=83066 vtgAge=83066 xteAge=83066 vt=Y(21/22) vtstat=41/558ms tc=N drp=0mm tcq=0
16:51:58.626 [ISOBUS] addr=0x81 claimed=Y load=11.5% msgs=484 aiso=42(84066ms) xte=0.00m spd=0.00m/s q=0 ggaAge=84066 vtgAge=84066 xteAge=84066 vt=Y(21/22) vtstat=42/557ms tc=N drp=0mm tcq=0
16:51:59.623 [ISOBUS] addr=0x81 claimed=Y load=11.5% msgs=495 aiso=43(85066ms) xte=0.00m spd=0.00m/s q=0 ggaAge=85066 vtgAge=85066 xteAge=85066 vt=Y(21/22) vtstat=43/557ms tc=N drp=0mm tcq=0
16:52:00.619 [ISOBUS] addr=0x81 claimed=Y load=11.9% msgs=510 aiso=44(86066ms) xte=0.00m spd=0.00m/s q=0 ggaAge=86066 vtgAge=86066 xteAge=86066 vt=Y(21/22) vtstat=44/557ms tc=N drp=0mm tcq=0
16:52:01.615 [ISOBUS] addr=0x81 claimed=Y load=11.5% msgs=521 aiso=45(87066ms) xte=0.00m spd=0.00m/s q=0 ggaAge=87066 vtgAge=87066 xteAge=87066 vt=Y(21/22) vtstat=45/556ms tc=N drp=0mm tcq=0
16:52:02.612 [ISOBUS] addr=0x81 claimed=Y load=11.5% msgs=532 aiso=46(88066ms) xte=0.00m spd=0.00m/s q=0 ggaAge=88066 vtgAge=88066 xteAge=88066 vt=Y(21/22) vtstat=46/556ms tc=N drp=0mm tcq=0
16:52:03.617 [ISOBUS] addr=0x81 claimed=Y load=11.5% msgs=543 aiso=47(89066ms) xte=0.00m spd=0.00m/s q=0 ggaAge=89066 vtgAge=89066 xteAge=89066 vt=Y(21/22) vtstat=47/556ms tc=N drp=0mm tcq=0
16:52:04.613 [ISOBUS] addr=0x81 claimed=Y load=11.5% msgs=554 aiso=48(90066ms) xte=0.00m spd=0.00m/s q=0 ggaAge=90066 vtgAge=90066 xteAge=90066 vt=Y(21/22) vtstat=48/555ms tc=N drp=0mm tcq=0
16:52:05.607 [ISOBUS] addr=0x81 claimed=Y load=11.5% msgs=565 aiso=49(91066ms) xte=0.00m spd=0.00m/s q=0 ggaAge=91066 vtgAge=91066 xteAge=91066 vt=Y(21/22) vtstat=49/555ms tc=N drp=0mm tcq=0
16:52:06.609 [ISOBUS] addr=0x81 claimed=Y load=11.5% msgs=576 aiso=50(92066ms) xte=0.00m spd=0.00m/s q=0 ggaAge=92066 vtgAge=92066 xteAge=92066 vt=Y(21/22) vtstat=50/555ms tc=N drp=0mm tcq=0
16:52:07.634 [ISOBUS] addr=0x81 claimed=Y load=11.5% msgs=587 aiso=51(93066ms) xte=0.00m spd=0.00m/s q=0 ggaAge=93066 vtgAge=93066 xteAge=93066 vt=Y(21/22) vtstat=51/554ms tc=N drp=0mm tcq=0
16:52:08.631 [ISOBUS] addr=0x81 claimed=Y load=11.5% msgs=598 aiso=52(94066ms) xte=0.00m spd=0.00m/s q=0 ggaAge=94066 vtgAge=94066 xteAge=94066 vt=Y(21/22) vtstat=52/554ms tc=N drp=0mm tcq=0
16:52:09.629 [ISOBUS] addr=0x81 claimed=Y load=11.5% msgs=609 aiso=53(95066ms) xte=0.00m spd=0.00m/s q=0 ggaAge=95066 vtgAge=95066 xteAge=95066 vt=Y(21/22) vtstat=53/554ms tc=N drp=0mm tcq=0
16:52:10.609 [ISOBUS] addr=0x81 claimed=Y load=11.9% msgs=624 aiso=54(96066ms) xte=0.00m spd=0.00m/s q=0 ggaAge=96066 vtgAge=96066 xteAge=96066 vt=Y(21/22) vtstat=54/553ms tc=N drp=0mm tcq=0
16:52:11.605 [ISOBUS] addr=0x81 claimed=Y load=11.5% msgs=635 aiso=55(97066ms) xte=0.00m spd=0.00m/s q=0 ggaAge=97066 vtgAge=97066 xteAge=97066 vt=Y(21/22) vtstat=55/553ms tc=N drp=0mm tcq=0
16:52:12.616 [ISOBUS] addr=0x81 claimed=Y load=11.5% msgs=646 aiso=56(98066ms) xte=0.00m spd=0.00m/s q=0 ggaAge=98066 vtgAge=98066 xteAge=98066 vt=Y(21/22) vtstat=56/553ms tc=N drp=0mm tcq=0
16:52:13.631 [ISOBUS] addr=0x81 claimed=Y load=11.5% msgs=657 aiso=57(99066ms) xte=0.00m spd=0.00m/s q=0 ggaAge=99066 vtgAge=99066 xteAge=99066 vt=Y(21/22) vtstat=57/552ms tc=N drp=0mm tcq=0
16:52:14.629 [ISOBUS] addr=0x81 claimed=Y load=11.5% msgs=668 aiso=58(100066ms) xte=0.00m spd=0.00m/s q=0 ggaAge=100066 vtgAge=100066 xteAge=100066 vt=Y(21/22) vtstat=58/552ms tc=N drp=0mm tcq=0
16:52:15.613 [ISOBUS] addr=0x81 claimed=Y load=11.5% msgs=679 aiso=59(101066ms) xte=0.00m spd=0.00m/s q=0 ggaAge=101066 vtgAge=101066 xteAge=101066 vt=Y(21/22) vtstat=59/552ms tc=N drp=0mm tcq=0
16:52:16.628 [ISOBUS] addr=0x81 claimed=Y load=11.5% msgs=690 aiso=60(102066ms) xte=0.00m spd=0.00m/s q=0 ggaAge=102066 vtgAge=102066 xteAge=102066 vt=Y(21/22) vtstat=60/551ms tc=N drp=0mm tcq=0
16:52:17.631 [ISOBUS] addr=0x81 claimed=Y load=11.5% msgs=701 aiso=61(103066ms) xte=0.00m spd=0.00m/s q=0 ggaAge=103066 vtgAge=103066 xteAge=103066 vt=Y(21/22) vtstat=61/551ms tc=N drp=0mm tcq=0
16:52:18.629 [ISOBUS] addr=0x81 claimed=Y load=11.5% msgs=712 aiso=62(104066ms) xte=0.00m spd=0.00m/s q=0 ggaAge=104066 vtgAge=104066 xteAge=104066 vt=Y(21/22) vtstat=62/550ms tc=N drp=0mm tcq=0
16:52:19.613 [ISOBUS] addr=0x81 claimed=Y load=11.5% msgs=723 aiso=63(105066ms) xte=0.00m spd=0.00m/s q=0 ggaAge=105066 vtgAge=105066 xteAge=105066 vt=Y(21/22) vtstat=63/550ms tc=N drp=0mm tcq=0
16:52:20.612 [ISOBUS] addr=0x81 claimed=Y load=11.9% msgs=738 aiso=64(106066ms) xte=0.00m spd=0.00m/s q=0 ggaAge=106066 vtgAge=106066 xteAge=106066 vt=Y(21/22) vtstat=64/549ms tc=N drp=0mm tcq=0
16:52:21.615 [ISOBUS] addr=0x81 claimed=Y load=11.5% msgs=749 aiso=65(107066ms) xte=0.00m spd=0.00m/s q=0 ggaAge=107066 vtgAge=107066 xteAge=107066 vt=Y(21/22) vtstat=65/549ms tc=N drp=0mm tcq=0
16:52:22.627 [ISOBUS] addr=0x81 claimed=Y load=11.5% msgs=760 aiso=66(108066ms) xte=0.00m spd=0.00m/s q=0 ggaAge=108066 vtgAge=108066 xteAge=108066 vt=Y(21/22) vtstat=66/549ms tc=N drp=0mm tcq=0
16:52:23.617 [ISOBUS] addr=0x81 claimed=Y load=11.5% msgs=771 aiso=67(109066ms) xte=0.00m spd=0.00m/s q=0 ggaAge=109066 vtgAge=109066 xteAge=109066 vt=Y(21/22) vtstat=67/549ms tc=N drp=0mm tcq=0
16:52:24.627 [ISOBUS] addr=0x81 claimed=Y load=11.5% msgs=782 aiso=68(110066ms) xte=0.00m spd=0.00m/s q=0 ggaAge=110066 vtgAge=110066 xteAge=110066 vt=Y(21/22) vtstat=68/549ms tc=N drp=0mm tcq=0
16:52:25.622 [ISOBUS] addr=0x81 claimed=Y load=11.5% msgs=793 aiso=69(111066ms) xte=0.00m spd=0.00m/s q=0 ggaAge=111066 vtgAge=111066 xteAge=111066 vt=Y(21/22) vtstat=69/548ms tc=N drp=0mm tcq=0
16:52:26.618 [ISOBUS] addr=0x81 claimed=Y load=11.5% msgs=804 aiso=70(112066ms) xte=0.00m spd=0.00m/s q=0 ggaAge=112066 vtgAge=112066 xteAge=112066 vt=Y(21/22) vtstat=70/548ms tc=N drp=0mm tcq=0
16:52:27.626 [ISOBUS] addr=0x81 claimed=Y load=11.5% msgs=815 aiso=71(113066ms) xte=0.00m spd=0.00m/s q=0 ggaAge=113066 vtgAge=113066 xteAge=113066 vt=Y(21/22) vtstat=71/547ms tc=N drp=0mm tcq=0
16:52:28.623 [ISOBUS] addr=0x81 claimed=Y load=11.5% msgs=826 aiso=72(114066ms) xte=0.00m spd=0.00m/s q=0 ggaAge=114066 vtgAge=114066 xteAge=114066 vt=Y(21/22) vtstat=72/547ms tc=N drp=0mm tcq=0
16:52:29.623 [ISOBUS] addr=0x81 claimed=Y load=11.5% msgs=837 aiso=73(115066ms) xte=0.00m spd=0.00m/s q=0 ggaAge=115066 vtgAge=115066 xteAge=115066 vt=Y(21/22) vtstat=73/547ms tc=N drp=0mm tcq=0
16:52:30.622 [ISOBUS] addr=0x81 claimed=Y load=11.9% msgs=852 aiso=74(116066ms) xte=0.00m spd=0.00m/s q=0 ggaAge=116066 vtgAge=116066 xteAge=116066 vt=Y(21/22) vtstat=74/546ms tc=N drp=0mm tcq=0
16:52:31.614 [ISOBUS] addr=0x81 claimed=Y load=11.5% msgs=863 aiso=75(117066ms) xte=0.00m spd=0.00m/s q=0 ggaAge=117066 vtgAge=117066 xteAge=117066 vt=Y(21/22) vtstat=75/546ms tc=N drp=0mm tcq=0
16:52:32.616 [ISOBUS] addr=0x81 claimed=Y load=11.5% msgs=874 aiso=76(118066ms) xte=0.00m spd=0.00m/s q=0 ggaAge=118066 vtgAge=118066 xteAge=118066 vt=Y(21/22) vtstat=76/546ms tc=N drp=0mm tcq=0
16:52:33.626 [ISOBUS] addr=0x81 claimed=Y load=11.5% msgs=885 aiso=77(119066ms) xte=0.00m spd=0.00m/s q=0 ggaAge=119066 vtgAge=119066 xteAge=119066 vt=Y(21/22) vtstat=77/545ms tc=N drp=0mm tcq=0
16:52:34.613 [ISOBUS] addr=0x81 claimed=Y load=11.5% msgs=896 aiso=78(120066ms) xte=0.00m spd=0.00m/s q=0 ggaAge=120066 vtgAge=120066 xteAge=120066 vt=Y(21/22) vtstat=78/545ms tc=N drp=0mm tcq=0
16:52:35.609 [ISOBUS] addr=0x81 claimed=Y load=11.5% msgs=907 aiso=79(121066ms) xte=0.00m spd=0.00m/s q=0 ggaAge=121066 vtgAge=121066 xteAge=121066 vt=Y(21/22) vtstat=79/545ms tc=N drp=0mm tcq=0
16:52:36.607 [ISOBUS] addr=0x81 claimed=Y load=11.5% msgs=918 aiso=80(122066ms) xte=0.00m spd=0.00m/s q=0 ggaAge=122066 vtgAge=122066 xteAge=122066 vt=Y(21/22) vtstat=80/544ms tc=N drp=0mm tcq=0
16:52:37.604 [ISOBUS] addr=0x81 claimed=Y load=11.5% msgs=929 aiso=81(123066ms) xte=0.00m spd=0.00m/s q=0 ggaAge=123066 vtgAge=123066 xteAge=123066 vt=Y(21/22) vtstat=81/544ms tc=N drp=0mm tcq=0
16:52:38.620 [ISOBUS] addr=0x81 claimed=Y load=11.5% msgs=940 aiso=82(124066ms) xte=0.00m spd=0.00m/s q=0 ggaAge=124066 vtgAge=124066 xteAge=124066 vt=Y(21/22) vtstat=82/544ms tc=N drp=0mm tcq=0
16:52:39.618 [ISOBUS] addr=0x81 claimed=Y load=11.5% msgs=951 aiso=83(125066ms) xte=0.00m spd=0.00m/s q=0 ggaAge=125066 vtgAge=125066 xteAge=125066 vt=Y(21/22) vtstat=83/543ms tc=N drp=0mm tcq=0
16:52:40.616 [ISOBUS] addr=0x81 claimed=Y load=11.9% msgs=966 aiso=84(126066ms) xte=0.00m spd=0.00m/s q=0 ggaAge=126066 vtgAge=126066 xteAge=126066 vt=Y(21/22) vtstat=84/543ms tc=N drp=0mm tcq=0
16:52:41.613 [ISOBUS] addr=0x81 claimed=Y load=11.5% msgs=977 aiso=85(127066ms) xte=0.00m spd=0.00m/s q=0 ggaAge=127066 vtgAge=127066 xteAge=127066 vt=Y(21/22) vtstat=85/543ms tc=N drp=0mm tcq=0
16:52:42.610 [ISOBUS] addr=0x81 claimed=Y load=11.5% msgs=988 aiso=86(128066ms) xte=0.00m spd=0.00m/s q=0 ggaAge=128066 vtgAge=128066 xteAge=128066 vt=Y(21/22) vtstat=86/542ms tc=N drp=0mm tcq=0
16:52:43.610 [ISOBUS] addr=0x81 claimed=Y load=11.5% msgs=999 aiso=87(129066ms) xte=0.00m spd=0.00m/s q=0 ggaAge=129066 vtgAge=129066 xteAge=129066 vt=Y(21/22) vtstat=87/542ms tc=N drp=0mm tcq=0
16:52:44.632 [ISOBUS] addr=0x81 claimed=Y load=11.5% msgs=1010 aiso=88(130066ms) xte=0.00m spd=0.00m/s q=0 ggaAge=130066 vtgAge=130066 xteAge=130066 vt=Y(21/22) vtstat=88/542ms tc=N drp=0mm tcq=0
16:52:45.632 [ISOBUS] addr=0x81 claimed=Y load=11.5% msgs=1021 aiso=89(131066ms) xte=0.00m spd=0.00m/s q=0 ggaAge=131066 vtgAge=131066 xteAge=131066 vt=Y(21/22) vtstat=89/541ms tc=N drp=0mm tcq=0
16:52:46.614 [ISOBUS] addr=0x81 claimed=Y load=11.5% msgs=1032 aiso=90(132066ms) xte=0.00m spd=0.00m/s q=0 ggaAge=132066 vtgAge=132066 xteAge=132066 vt=Y(21/22) vtstat=90/541ms tc=N drp=0mm tcq=0
16:52:47.629 [ISOBUS] addr=0x81 claimed=Y load=11.5% msgs=1043 aiso=91(133066ms) xte=0.00m spd=0.00m/s q=0 ggaAge=133066 vtgAge=133066 xteAge=133066 vt=Y(21/22) vtstat=91/541ms tc=N drp=0mm tcq=0
16:52:48.622 [ISOBUS] addr=0x81 claimed=Y load=11.5% msgs=1054 aiso=92(134066ms) xte=0.00m spd=0.00m/s q=0 ggaAge=134066 vtgAge=134066 xteAge=134066 vt=Y(21/22) vtstat=92/540ms tc=N drp=0mm tcq=0
16:52:49.626 [ISOBUS] addr=0x81 claimed=Y load=11.5% msgs=1065 aiso=93(135066ms) xte=0.00m spd=0.00m/s q=0 ggaAge=135066 vtgAge=135066 xteAge=135066 vt=Y(21/22) vtstat=93/540ms tc=N drp=0mm tcq=0
16:52:50.625 [ISOBUS] addr=0x81 claimed=Y load=11.9% msgs=1080 aiso=94(136066ms) xte=0.00m spd=0.00m/s q=0 ggaAge=136066 vtgAge=136066 xteAge=136066 vt=Y(21/22) vtstat=94/540ms tc=N drp=0mm tcq=0
16:52:51.622 [ISOBUS] addr=0x81 claimed=Y load=11.5% msgs=1091 aiso=95(137066ms) xte=0.00m spd=0.00m/s q=0 ggaAge=137066 vtgAge=137066 xteAge=137066 vt=Y(21/22) vtstat=95/539ms tc=N drp=0mm tcq=0
16:52:52.625 [ISOBUS] addr=0x81 claimed=Y load=11.5% msgs=1102 aiso=96(138066ms) xte=0.00m spd=0.00m/s q=0 ggaAge=138066 vtgAge=138066 xteAge=138066 vt=Y(21/22) vtstat=96/539ms tc=N drp=0mm tcq=0
16:52:53.616 [ISOBUS] addr=0x81 claimed=Y load=11.5% msgs=1113 aiso=97(139066ms) xte=0.00m spd=0.00m/s q=0 ggaAge=139066 vtgAge=139066 xteAge=139066 vt=Y(21/22) vtstat=97/539ms tc=N drp=0mm tcq=0
16:52:54.614 [ISOBUS] addr=0x81 claimed=Y load=11.5% msgs=1124 aiso=98(140066ms) xte=0.00m spd=0.00m/s q=0 ggaAge=140066 vtgAge=140066 xteAge=140066 vt=Y(21/22) vtstat=98/538ms tc=N drp=0mm tcq=0
16:52:55.618 [ISOBUS] addr=0x81 claimed=Y load=11.5% msgs=1135 aiso=99(141066ms) xte=0.00m spd=0.00m/s q=0 ggaAge=141066 vtgAge=141066 xteAge=141066 vt=Y(21/22) vtstat=99/538ms tc=N drp=0mm tcq=0
16:52:56.624 [ISOBUS] addr=0x81 claimed=Y load=11.5% msgs=1146 aiso=100(142066ms) xte=0.00m spd=0.00m/s q=0 ggaAge=142066 vtgAge=142066 xteAge=142066 vt=Y(21/22) vtstat=100/538ms tc=N drp=0mm tcq=0
16:52:57.631 [ISOBUS] addr=0x81 claimed=Y load=11.5% msgs=1157 aiso=101(143066ms) xte=0.00m spd=0.00m/s q=0 ggaAge=143066 vtgAge=143066 xteAge=143066 vt=Y(21/22) vtstat=101/537ms tc=N drp=0mm tcq=0
16:52:58.626 [ISOBUS] addr=0x81 claimed=Y load=11.5% msgs=1168 aiso=102(144066ms) xte=0.00m spd=0.00m/s q=0 ggaAge=144066 vtgAge=144066 xteAge=144066 vt=Y(21/22) vtstat=102/537ms tc=N drp=0mm tcq=0
16:52:59.630 [ISOBUS] addr=0x81 claimed=Y load=11.5% msgs=1179 aiso=103(145066ms) xte=0.00m spd=0.00m/s q=0 ggaAge=145066 vtgAge=145066 xteAge=145066 vt=Y(21/22) vtstat=103/536ms tc=N drp=0mm tcq=0
16:53:00.615 [ISOBUS] addr=0x81 claimed=Y load=11.9% msgs=1194 aiso=104(146066ms) xte=0.00m spd=0.00m/s q=0 ggaAge=146066 vtgAge=146066 xteAge=146066 vt=Y(21/22) vtstat=104/536ms tc=N drp=0mm tcq=0
16:53:01.634 [ISOBUS] addr=0x81 claimed=Y load=11.5% msgs=1205 aiso=105(147066ms) xte=0.00m spd=0.00m/s q=0 ggaAge=147066 vtgAge=147066 xteAge=147066 vt=Y(21/22) vtstat=105/536ms tc=N drp=0mm tcq=0
16:53:02.609 [ISOBUS] addr=0x81 claimed=Y load=11.5% msgs=1216 aiso=106(148066ms) xte=0.00m spd=0.00m/s q=0 ggaAge=148066 vtgAge=148066 xteAge=148066 vt=Y(21/22) vtstat=106/535ms tc=N drp=0mm tcq=0
16:53:03.608 [ISOBUS] addr=0x81 claimed=Y load=11.5% msgs=1227 aiso=107(149066ms) xte=0.00m spd=0.00m/s q=0 ggaAge=149066 vtgAge=149066 xteAge=149066 vt=Y(21/22) vtstat=107/535ms tc=N drp=0mm tcq=0
16:53:04.607 [ISOBUS] addr=0x81 claimed=Y load=11.5% msgs=1238 aiso=108(150066ms) xte=0.00m spd=0.00m/s q=0 ggaAge=150066 vtgAge=150066 xteAge=150066 vt=Y(21/22) vtstat=108/535ms tc=N drp=0mm tcq=0
16:53:05.638 [ISOBUS] addr=0x81 claimed=Y load=11.5% msgs=1249 aiso=109(151066ms) xte=0.00m spd=0.00m/s q=0 ggaAge=151066 vtgAge=151066 xteAge=151066 vt=Y(21/22) vtstat=109/534ms tc=N drp=0mm tcq=0
16:53:06.611 [ISOBUS] addr=0x81 claimed=Y load=11.5% msgs=1260 aiso=110(152066ms) xte=0.00m spd=0.00m/s q=0 ggaAge=152066 vtgAge=152066 xteAge=152066 vt=Y(21/22) vtstat=110/534ms tc=N drp=0mm tcq=0
16:53:07.611 [ISOBUS] addr=0x81 claimed=Y load=11.5% msgs=1271 aiso=111(153066ms) xte=0.00m spd=0.00m/s q=0 ggaAge=153066 vtgAge=153066 xteAge=153066 vt=Y(21/22) vtstat=111/534ms tc=N drp=0mm tcq=0
16:53:08.622 [ISOBUS] addr=0x81 claimed=Y load=11.5% msgs=1282 aiso=112(154066ms) xte=0.00m spd=0.00m/s q=0 ggaAge=154066 vtgAge=154066 xteAge=154066 vt=Y(21/22) vtstat=112/533ms tc=N drp=0mm tcq=0
16:53:09.621 [ISOBUS] addr=0x81 claimed=Y load=11.5% msgs=1293 aiso=113(155066ms) xte=0.00m spd=0.00m/s q=0 ggaAge=155066 vtgAge=155066 xteAge=155066 vt=Y(21/22) vtstat=113/533ms tc=N drp=0mm tcq=0
16:53:10.617 [ISOBUS] addr=0x81 claimed=Y load=11.9% msgs=1308 aiso=114(156066ms) xte=0.00m spd=0.00m/s q=0 ggaAge=156066 vtgAge=156066 xteAge=156066 vt=Y(21/22) vtstat=114/533ms tc=N drp=0mm tcq=0
16:53:11.630 [ISOBUS] addr=0x81 claimed=Y load=11.5% msgs=1319 aiso=115(157066ms) xte=0.00m spd=0.00m/s q=0 ggaAge=157066 vtgAge=157066 xteAge=157066 vt=Y(21/22) vtstat=115/532ms tc=N drp=0mm tcq=0
16:53:12.626 [ISOBUS] addr=0x81 claimed=Y load=11.5% msgs=1330 aiso=116(158066ms) xte=0.00m spd=0.00m/s q=0 ggaAge=158066 vtgAge=158066 xteAge=158066 vt=Y(21/22) vtstat=116/532ms tc=N drp=0mm tcq=0
16:53:13.623 [ISOBUS] addr=0x81 claimed=Y load=11.5% msgs=1341 aiso=117(159066ms) xte=0.00m spd=0.00m/s q=0 ggaAge=159066 vtgAge=159066 xteAge=159066 vt=Y(21/22) vtstat=117/532ms tc=N drp=0mm tcq=0
16:53:14.617 [ISOBUS] addr=0x81 claimed=Y load=11.5% msgs=1352 aiso=118(160066ms) xte=0.00m spd=0.00m/s q=0 ggaAge=160066 vtgAge=160066 xteAge=160066 vt=Y(21/22) vtstat=118/531ms tc=N drp=0mm tcq=0
16:53:15.611 [ISOBUS] addr=0x81 claimed=Y load=11.5% msgs=1363 aiso=119(161066ms) xte=0.00m spd=0.00m/s q=0 ggaAge=161066 vtgAge=161066 xteAge=161066 vt=Y(21/22) vtstat=119/531ms tc=N drp=0mm tcq=0
16:53:16.607 [ISOBUS] addr=0x81 claimed=Y load=11.5% msgs=1374 aiso=120(162066ms) xte=0.00m spd=0.00m/s q=0 ggaAge=162066 vtgAge=162066 xteAge=162066 vt=Y(21/22) vtstat=120/531ms tc=N drp=0mm tcq=0
16:53:17.636 [ISOBUS] addr=0x81 claimed=Y load=11.5% msgs=1385 aiso=121(163066ms) xte=0.00m spd=0.00m/s q=0 ggaAge=163066 vtgAge=163066 xteAge=163066 vt=Y(21/22) vtstat=121/530ms tc=N drp=0mm tcq=0
16:53:18.634 [ISOBUS] addr=0x81 claimed=Y load=11.5% msgs=1396 aiso=122(164066ms) xte=0.00m spd=0.00m/s q=0 ggaAge=164066 vtgAge=164066 xteAge=164066 vt=Y(21/22) vtstat=122/530ms tc=N drp=0mm tcq=0
16:53:19.614 [ISOBUS] addr=0x81 claimed=Y load=11.5% msgs=1407 aiso=123(165066ms) xte=0.00m spd=0.00m/s q=0 ggaAge=165066 vtgAge=165066 xteAge=165066 vt=Y(21/22) vtstat=123/530ms tc=N drp=0mm tcq=0
16:53:20.621 [ISOBUS] addr=0x81 claimed=Y load=11.9% msgs=1422 aiso=124(166066ms) xte=0.00m spd=0.00m/s q=0 ggaAge=166066 vtgAge=166066 xteAge=166066 vt=Y(21/22) vtstat=124/529ms tc=N drp=0mm tcq=0
16:53:21.616 [ISOBUS] addr=0x81 claimed=Y load=11.5% msgs=1433 aiso=125(167066ms) xte=0.00m spd=0.00m/s q=0 ggaAge=167066 vtgAge=167066 xteAge=167066 vt=Y(21/22) vtstat=125/529ms tc=N drp=0mm tcq=0
16:53:22.620 [ISOBUS] addr=0x81 claimed=Y load=11.5% msgs=1444 aiso=126(168066ms) xte=0.00m spd=0.00m/s q=0 ggaAge=168066 vtgAge=168066 xteAge=168066 vt=Y(21/22) vtstat=126/529ms tc=N drp=0mm tcq=0
16:53:23.619 [ISOBUS] addr=0x81 claimed=Y load=11.5% msgs=1455 aiso=127(169066ms) xte=0.00m spd=0.00m/s q=0 ggaAge=169066 vtgAge=169066 xteAge=169066 vt=Y(21/22) vtstat=127/528ms tc=N drp=0mm tcq=0
16:53:24.616 [ISOBUS] addr=0x81 claimed=Y load=11.5% msgs=1466 aiso=128(170066ms) xte=0.00m spd=0.00m/s q=0 ggaAge=170066 vtgAge=170066 xteAge=170066 vt=Y(21/22) vtstat=128/527ms tc=N drp=0mm tcq=0
16:53:25.613 [ISOBUS] addr=0x81 claimed=Y load=11.5% msgs=1477 aiso=129(171066ms) xte=0.00m spd=0.00m/s q=0 ggaAge=171066 vtgAge=171066 xteAge=171066 vt=Y(21/22) vtstat=129/527ms tc=N drp=0mm tcq=0
16:53:26.627 [ISOBUS] addr=0x81 claimed=Y load=11.5% msgs=1488 aiso=130(172066ms) xte=0.00m spd=0.00m/s q=0 ggaAge=172066 vtgAge=172066 xteAge=172066 vt=Y(21/22) vtstat=130/527ms tc=N drp=0mm tcq=0
16:53:27.621 [ISOBUS] addr=0x81 claimed=Y load=11.5% msgs=1499 aiso=131(173066ms) xte=0.00m spd=0.00m/s q=0 ggaAge=173066 vtgAge=173066 xteAge=173066 vt=Y(21/22) vtstat=131/527ms tc=N drp=0mm tcq=0
16:53:28.622 [ISOBUS] addr=0x81 claimed=Y load=11.5% msgs=1510 aiso=132(174066ms) xte=0.00m spd=0.00m/s q=0 ggaAge=174066 vtgAge=174066 xteAge=174066 vt=Y(21/22) vtstat=132/526ms tc=N drp=0mm tcq=0
16:53:29.618 [ISOBUS] addr=0x81 claimed=Y load=11.5% msgs=1521 aiso=133(175066ms) xte=0.00m spd=0.00m/s q=0 ggaAge=175066 vtgAge=175066 xteAge=175066 vt=Y(21/22) vtstat=133/526ms tc=N drp=0mm tcq=0
16:53:30.617 [ISOBUS] addr=0x81 claimed=Y load=11.9% msgs=1536 aiso=134(176066ms) xte=0.00m spd=0.00m/s q=0 ggaAge=176066 vtgAge=176066 xteAge=176066 vt=Y(21/22) vtstat=134/526ms tc=N drp=0mm tcq=0
16:53:31.621 [ISOBUS] addr=0x81 claimed=Y load=11.5% msgs=1547 aiso=135(177066ms) xte=0.00m spd=0.00m/s q=0 ggaAge=177066 vtgAge=177066 xteAge=177066 vt=Y(21/22) vtstat=135/525ms tc=N drp=0mm tcq=0
16:53:32.619 [ISOBUS] addr=0x81 claimed=Y load=11.5% msgs=1558 aiso=136(178066ms) xte=0.00m spd=0.00m/s q=0 ggaAge=178066 vtgAge=178066 xteAge=178066 vt=Y(21/22) vtstat=136/525ms tc=N drp=0mm tcq=0
16:53:33.615 [ISOBUS] addr=0x81 claimed=Y load=11.5% msgs=1569 aiso=137(179066ms) xte=0.00m spd=0.00m/s q=0 ggaAge=179066 vtgAge=179066 xteAge=179066 vt=Y(21/22) vtstat=137/524ms tc=N drp=0mm tcq=0
16:53:34.627 [ISOBUS] addr=0x81 claimed=Y load=11.5% msgs=1580 aiso=138(180066ms) xte=0.00m spd=0.00m/s q=0 ggaAge=180066 vtgAge=180066 xteAge=180066 vt=Y(21/22) vtstat=138/524ms tc=N drp=0mm tcq=0
16:53:35.632 [ISOBUS] addr=0x81 claimed=Y load=11.5% msgs=1591 aiso=139(181066ms) xte=0.00m spd=0.00m/s q=0 ggaAge=181066 vtgAge=181066 xteAge=181066 vt=Y(21/22) vtstat=139/524ms tc=N drp=0mm tcq=0
16:53:36.609 [ISOBUS] addr=0x81 claimed=Y load=11.5% msgs=1602 aiso=140(182066ms) xte=0.00m spd=0.00m/s q=0 ggaAge=182066 vtgAge=182066 xteAge=182066 vt=Y(21/22) vtstat=140/523ms tc=N drp=0mm tcq=0
16:53:37.634 [ISOBUS] addr=0x81 claimed=Y load=11.5% msgs=1613 aiso=141(183066ms) xte=0.00m spd=0.00m/s q=0 ggaAge=183066 vtgAge=183066 xteAge=183066 vt=Y(21/22) vtstat=141/523ms tc=N drp=0mm tcq=0
16:53:38.644 [ISOBUS] addr=0x81 claimed=Y load=11.5% msgs=1624 aiso=142(184066ms) xte=0.00m spd=0.00m/s q=0 ggaAge=184066 vtgAge=184066 xteAge=184066 vt=Y(21/22) vtstat=142/523ms tc=N drp=0mm tcq=0
16:53:39.608 [ISOBUS] addr=0x81 claimed=Y load=11.4% msgs=1635 aiso=143(185066ms) xte=0.00m spd=0.00m/s q=0 ggaAge=185066 vtgAge=185066 xteAge=185066 vt=Y(21/22) vtstat=143/522ms tc=N drp=0mm tcq=0
16:53:40.637 [ISOBUS] addr=0x81 claimed=Y load=11.9% msgs=1650 aiso=144(186066ms) xte=0.00m spd=0.00m/s q=0 ggaAge=186066 vtgAge=186066 xteAge=186066 vt=Y(21/22) vtstat=144/522ms tc=N drp=0mm tcq=0
16:53:41.633 [ISOBUS] addr=0x81 claimed=Y load=11.5% msgs=1661 aiso=145(187066ms) xte=0.00m spd=0.00m/s q=0 ggaAge=187066 vtgAge=187066 xteAge=187066 vt=Y(21/22) vtstat=145/522ms tc=N drp=0mm tcq=0
16:53:42.625 [ISOBUS] addr=0x81 claimed=Y load=11.5% msgs=1672 aiso=146(188066ms) xte=0.00m spd=0.00m/s q=0 ggaAge=188066 vtgAge=188066 xteAge=188066 vt=Y(21/22) vtstat=146/521ms tc=N drp=0mm tcq=0
16:53:43.620 [ISOBUS] addr=0x81 claimed=Y load=11.5% msgs=1683 aiso=147(189066ms) xte=0.00m spd=0.00m/s q=0 ggaAge=189066 vtgAge=189066 xteAge=189066 vt=Y(21/22) vtstat=147/521ms tc=N drp=0mm tcq=0
16:53:44.627 [ISOBUS] addr=0x81 claimed=Y load=11.5% msgs=1694 aiso=148(190066ms) xte=0.00m spd=0.00m/s q=0 ggaAge=190066 vtgAge=190066 xteAge=190066 vt=Y(21/22) vtstat=148/520ms tc=N drp=0mm tcq=0
16:53:45.609 [ISOBUS] addr=0x81 claimed=Y load=11.5% msgs=1705 aiso=149(191066ms) xte=0.00m spd=0.00m/s q=0 ggaAge=191066 vtgAge=191066 xteAge=191066 vt=Y(21/22) vtstat=149/520ms tc=N drp=0mm tcq=0
16:53:46.611 [ISOBUS] addr=0x81 claimed=Y load=11.5% msgs=1716 aiso=150(192066ms) xte=0.00m spd=0.00m/s q=0 ggaAge=192066 vtgAge=192066 xteAge=192066 vt=Y(21/22) vtstat=150/520ms tc=N drp=0mm tcq=0
16:53:47.636 [ISOBUS] addr=0x81 claimed=Y load=11.5% msgs=1727 aiso=151(193066ms) xte=0.00m spd=0.00m/s q=0 ggaAge=193066 vtgAge=193066 xteAge=193066 vt=Y(21/22) vtstat=151/519ms tc=N drp=0mm tcq=0
16:53:48.638 [ISOBUS] addr=0x81 claimed=Y load=11.5% msgs=1738 aiso=152(194066ms) xte=0.00m spd=0.00m/s q=0 ggaAge=194066 vtgAge=194066 xteAge=194066 vt=Y(21/22) vtstat=152/519ms tc=N drp=0mm tcq=0
16:53:49.611 [ISOBUS] addr=0x81 claimed=Y load=11.5% msgs=1749 aiso=153(195066ms) xte=0.00m spd=0.00m/s q=0 ggaAge=195066 vtgAge=195066 xteAge=195066 vt=Y(21/22) vtstat=153/518ms tc=N drp=0mm tcq=0
16:53:50.624 [ISOBUS] addr=0x81 claimed=Y load=11.9% msgs=1764 aiso=154(196066ms) xte=0.00m spd=0.00m/s q=0 ggaAge=196066 vtgAge=196066 xteAge=196066 vt=Y(21/22) vtstat=154/518ms tc=N drp=0mm tcq=0
16:53:51.624 [ISOBUS] addr=0x81 claimed=Y load=11.5% msgs=1775 aiso=155(197066ms) xte=0.00m spd=0.00m/s q=0 ggaAge=197066 vtgAge=197066 xteAge=197066 vt=Y(21/22) vtstat=155/518ms tc=N drp=0mm tcq=0
16:53:52.622 [ISOBUS] addr=0x81 claimed=Y load=11.5% msgs=1786 aiso=156(198066ms) xte=0.00m spd=0.00m/s q=0 ggaAge=198066 vtgAge=198066 xteAge=198066 vt=Y(21/22) vtstat=156/517ms tc=N drp=0mm tcq=0
16:53:53.616 [ISOBUS] addr=0x81 claimed=Y load=11.5% msgs=1797 aiso=157(199066ms) xte=0.00m spd=0.00m/s q=0 ggaAge=199066 vtgAge=199066 xteAge=199066 vt=Y(21/22) vtstat=157/516ms tc=N drp=0mm tcq=0
16:53:54.629 [ISOBUS] addr=0x81 claimed=Y load=11.5% msgs=1808 aiso=158(200066ms) xte=0.00m spd=0.00m/s q=0 ggaAge=200066 vtgAge=200066 xteAge=200066 vt=Y(21/22) vtstat=158/515ms tc=N drp=0mm tcq=0
16:53:55.611 [ISOBUS] addr=0x81 claimed=Y load=11.5% msgs=1819 aiso=159(201066ms) xte=0.00m spd=0.00m/s q=0 ggaAge=201066 vtgAge=201066 xteAge=201066 vt=Y(21/22) vtstat=159/515ms tc=N drp=0mm tcq=0
16:53:56.634 [ISOBUS] addr=0x81 claimed=Y load=11.5% msgs=1830 aiso=160(202066ms) xte=0.00m spd=0.00m/s q=0 ggaAge=202066 vtgAge=202066 xteAge=202066 vt=Y(21/22) vtstat=160/516ms tc=N drp=0mm tcq=0
16:53:57.635 [ISOBUS] addr=0x81 claimed=Y load=11.5% msgs=1841 aiso=161(203066ms) xte=0.00m spd=0.00m/s q=0 ggaAge=203066 vtgAge=203066 xteAge=203066 vt=Y(21/22) vtstat=161/515ms tc=N drp=0mm tcq=0
16:53:58.632 [ISOBUS] addr=0x81 claimed=Y load=11.5% msgs=1852 aiso=162(204066ms) xte=0.00m spd=0.00m/s q=0 ggaAge=204066 vtgAge=204066 xteAge=204066 vt=Y(21/22) vtstat=162/515ms tc=N drp=0mm tcq=0
16:53:59.632 [ISOBUS] addr=0x81 claimed=Y load=11.5% msgs=1863 aiso=163(205066ms) xte=0.00m spd=0.00m/s q=0 ggaAge=205066 vtgAge=205066 xteAge=205066 vt=Y(21/22) vtstat=163/515ms tc=N drp=0mm tcq=0
16:54:00.613 [ISOBUS] addr=0x81 claimed=Y load=11.9% msgs=1878 aiso=164(206066ms) xte=0.00m spd=0.00m/s q=0 ggaAge=206066 vtgAge=206066 xteAge=206066 vt=Y(21/22) vtstat=164/514ms tc=N drp=0mm tcq=0
16:54:01.625 [ISOBUS] addr=0x81 claimed=Y load=11.5% msgs=1889 aiso=165(207066ms) xte=0.00m spd=0.00m/s q=0 ggaAge=207066 vtgAge=207066 xteAge=207066 vt=Y(21/22) vtstat=165/514ms tc=N drp=0mm tcq=0
16:54:02.617 [ISOBUS] addr=0x81 claimed=Y load=11.5% msgs=1900 aiso=166(208066ms) xte=0.00m spd=0.00m/s q=0 ggaAge=208066 vtgAge=208066 xteAge=208066 vt=Y(21/22) vtstat=166/514ms tc=N drp=0mm tcq=0
16:54:03.629 [ISOBUS] addr=0x81 claimed=Y load=11.5% msgs=1911 aiso=167(209066ms) xte=0.00m spd=0.00m/s q=0 ggaAge=209066 vtgAge=209066 xteAge=209066 vt=Y(21/22) vtstat=167/513ms tc=N drp=0mm tcq=0
16:54:04.627 [ISOBUS] addr=0x81 claimed=Y load=11.5% msgs=1922 aiso=168(210066ms) xte=0.00m spd=0.00m/s q=0 ggaAge=210066 vtgAge=210066 xteAge=210066 vt=Y(21/22) vtstat=168/513ms tc=N drp=0mm tcq=0
16:54:05.623 [ISOBUS] addr=0x81 claimed=Y load=11.5% msgs=1933 aiso=169(211066ms) xte=0.00m spd=0.00m/s q=0 ggaAge=211066 vtgAge=211066 xteAge=211066 vt=Y(21/22) vtstat=169/513ms tc=N drp=0mm tcq=0
16:54:06.620 [ISOBUS] addr=0x81 claimed=Y load=11.5% msgs=1944 aiso=170(212066ms) xte=0.00m spd=0.00m/s q=0 ggaAge=212066 vtgAge=212066 xteAge=212066 vt=Y(21/22) vtstat=170/512ms tc=N drp=0mm tcq=0
16:54:07.621 [ISOBUS] addr=0x81 claimed=Y load=11.5% msgs=1955 aiso=171(213066ms) xte=0.00m spd=0.00m/s q=0 ggaAge=213066 vtgAge=213066 xteAge=213066 vt=Y(21/22) vtstat=171/512ms tc=N drp=0mm tcq=0
16:54:08.618 [ISOBUS] addr=0x81 claimed=Y load=11.5% msgs=1966 aiso=172(214066ms) xte=0.00m spd=0.00m/s q=0 ggaAge=214066 vtgAge=214066 xteAge=214066 vt=Y(21/22) vtstat=172/512ms tc=N drp=0mm tcq=0
16:54:09.609 [ISOBUS] addr=0x81 claimed=Y load=11.5% msgs=1977 aiso=173(215066ms) xte=0.00m spd=0.00m/s q=0 ggaAge=215066 vtgAge=215066 xteAge=215066 vt=Y(21/22) vtstat=173/511ms tc=N drp=0mm tcq=0
16:54:10.608 [ISOBUS] addr=0x81 claimed=Y load=11.9% msgs=1992 aiso=174(216066ms) xte=0.00m spd=0.00m/s q=0 ggaAge=216066 vtgAge=216066 xteAge=216066 vt=Y(21/22) vtstat=174/511ms tc=N drp=0mm tcq=0
16:54:11.634 [ISOBUS] addr=0x81 claimed=Y load=11.5% msgs=2003 aiso=175(217066ms) xte=0.00m spd=0.00m/s q=0 ggaAge=217066 vtgAge=217066 xteAge=217066 vt=Y(21/22) vtstat=175/511ms tc=N drp=0mm tcq=0
16:54:12.644 [ISOBUS] addr=0x81 claimed=Y load=11.5% msgs=2014 aiso=176(218066ms) xte=0.00m spd=0.00m/s q=0 ggaAge=218066 vtgAge=218066 xteAge=218066 vt=Y(21/22) vtstat=176/510ms tc=N drp=0mm tcq=0
16:54:13.608 [ISOBUS] addr=0x81 claimed=Y load=11.5% msgs=2025 aiso=177(219066ms) xte=0.00m spd=0.00m/s q=0 ggaAge=219066 vtgAge=219066 xteAge=219066 vt=Y(21/22) vtstat=177/510ms tc=N drp=0mm tcq=0
16:54:14.634 [ISOBUS] addr=0x81 claimed=Y load=11.5% msgs=2036 aiso=178(220066ms) xte=0.00m spd=0.00m/s q=0 ggaAge=220066 vtgAge=220066 xteAge=220066 vt=Y(21/22) vtstat=178/510ms tc=N drp=0mm tcq=0
16:54:15.638 [ISOBUS] addr=0x81 claimed=Y load=11.5% msgs=2047 aiso=179(221066ms) xte=0.00m spd=0.00m/s q=0 ggaAge=221066 vtgAge=221066 xteAge=221066 vt=Y(21/22) vtstat=179/509ms tc=N drp=0mm tcq=0
16:54:16.635 [ISOBUS] addr=0x81 claimed=Y load=11.5% msgs=2058 aiso=180(222066ms) xte=0.00m spd=0.00m/s q=0 ggaAge=222066 vtgAge=222066 xteAge=222066 vt=Y(21/22) vtstat=180/509ms tc=N drp=0mm tcq=0
16:54:17.633 [ISOBUS] addr=0x81 claimed=Y load=11.5% msgs=2069 aiso=181(223066ms) xte=0.00m spd=0.00m/s q=0 ggaAge=223066 vtgAge=223066 xteAge=223066 vt=Y(21/22) vtstat=181/509ms tc=N drp=0mm tcq=0
16:54:18.633 [ISOBUS] addr=0x81 claimed=Y load=11.5% msgs=2080 aiso=182(224066ms) xte=0.00m spd=0.00m/s q=0 ggaAge=224066 vtgAge=224066 xteAge=224066 vt=Y(21/22) vtstat=182/508ms tc=N drp=0mm tcq=0
16:54:19.615 [ISOBUS] addr=0x81 claimed=Y load=11.5% msgs=2091 aiso=183(225066ms) xte=0.00m spd=0.00m/s q=0 ggaAge=225066 vtgAge=225066 xteAge=225066 vt=Y(21/22) vtstat=183/508ms tc=N drp=0mm tcq=0
16:54:20.644 [ISOBUS] addr=0x81 claimed=Y load=11.9% msgs=2106 aiso=184(226066ms) xte=0.00m spd=0.00m/s q=0 ggaAge=226066 vtgAge=226066 xteAge=226066 vt=Y(21/22) vtstat=184/507ms tc=N drp=0mm tcq=0
16:54:21.612 [ISOBUS] addr=0x81 claimed=Y load=11.5% msgs=2117 aiso=185(227066ms) xte=0.00m spd=0.00m/s q=0 ggaAge=227066 vtgAge=227066 xteAge=227066 vt=Y(21/22) vtstat=185/507ms tc=N drp=0mm tcq=0
16:54:22.610 [ISOBUS] addr=0x81 claimed=Y load=11.5% msgs=2128 aiso=186(228066ms) xte=0.00m spd=0.00m/s q=0 ggaAge=228066 vtgAge=228066 xteAge=228066 vt=Y(21/22) vtstat=186/504ms tc=N drp=0mm tcq=0
16:54:23.626 [ISOBUS] addr=0x81 claimed=Y load=11.5% msgs=2139 aiso=187(229066ms) xte=0.00m spd=0.00m/s q=0 ggaAge=229066 vtgAge=229066 xteAge=229066 vt=Y(21/22) vtstat=187/504ms tc=N drp=0mm tcq=0
16:54:24.612 [ISOBUS] addr=0x81 claimed=Y load=11.5% msgs=2150 aiso=188(230066ms) xte=0.00m spd=0.00m/s q=0 ggaAge=230066 vtgAge=230066 xteAge=230066 vt=Y(21/22) vtstat=188/504ms tc=N drp=0mm tcq=0
16:54:25.613 [ISOBUS] addr=0x81 claimed=Y load=11.5% msgs=2161 aiso=189(231066ms) xte=0.00m spd=0.00m/s q=0 ggaAge=231066 vtgAge=231066 xteAge=231066 vt=Y(21/22) vtstat=189/504ms tc=N drp=0mm tcq=0
16:54:26.623 [ISOBUS] addr=0x81 claimed=Y load=11.5% msgs=2172 aiso=190(232066ms) xte=0.00m spd=0.00m/s q=0 ggaAge=232066 vtgAge=232066 xteAge=232066 vt=Y(21/22) vtstat=190/503ms tc=N drp=0mm tcq=0
16:54:27.626 [ISOBUS] addr=0x81 claimed=Y load=11.5% msgs=2183 aiso=191(233066ms) xte=0.00m spd=0.00m/s q=0 ggaAge=233066 vtgAge=233066 xteAge=233066 vt=Y(21/22) vtstat=191/503ms tc=N drp=0mm tcq=0
16:54:28.374 W] [PR]: NACK-ing PGN request for PGN 60928 because no callback could handle it.
16:54:28.625 [ISOBUS] addr=0x81 claimed=Y load=13.0% msgs=2194 aiso=192(234066ms) xte=0.00m spd=0.00m/s q=0 ggaAge=234066 vtgAge=234066 xteAge=234066 vt=Y(21/22) vtstat=192/502ms tc=N drp=0mm tcq=0
16:54:28.780 I] [NM]: Partnered control function with name 000000000000000lx has claimed address 203452081 on channel 2684387840.
16:54:29.374 W] [TP]: Received a Request to Send (RTS) message with a global destination, ignoring
16:54:29.621 [ISOBUS] addr=0x81 claimed=Y load=15.0% msgs=2226 aiso=193(235066ms) xte=0.00m spd=0.00m/s q=0 ggaAge=55 vtgAge=54 xteAge=235066 xteraw=80:510100FF000000FF vt=Y(21/22) vtstat=193/502ms tc=N drp=0mm tcq=0
16:54:30.624 [ISOBUS] addr=0x81 claimed=Y load=16.3% msgs=2271 aiso=194(236066ms) xte=0.00m spd=0.00m/s q=0 ggaAge=54 vtgAge=54 xteAge=236066 xteraw=80:510100FF000000FF vt=Y(21/22) vtstat=194/501ms tc=N drp=0mm tcq=0
16:54:30.656 W] [TP]: Received a Request to Send (RTS) message with a global destination, ignoring
16:54:31.614 [ISOBUS] addr=0x81 claimed=Y load=15.8% msgs=2312 aiso=195(237066ms) xte=0.00m spd=0.00m/s q=0 ggaAge=54 vtgAge=53 xteAge=237066 xteraw=80:510100FF000000FF vt=Y(21/22) vtstat=196/54ms tc=N drp=0mm tcq=0
16:54:31.615 I] [NM]: Control function with address 43 and NAME 000000000000000lx is now offline on channel 203452081.
16:54:31.615 I] [NM]: Control function with address 128 and NAME 000000000000000lx is now offline on channel 203452081.
16:54:31.616 I] [NM]: Control function with address 205 and NAME 000000000000000lx is now offline on channel 198344577.
16:54:31.616 I] [NM]: Control function with address 233 and NAME 000000000000000lx is now offline on channel 203452081.
16:54:31.616 I] [NM]: Control function with address 240 and NAME 000000000000000lx is now offline on channel 197783967.
16:54:31.617 I] [NM]: Control function with address 245 and NAME 000000000000000lx is now offline on channel 203452081.
16:54:31.865 I] [NM]: External control function with name 000000000000000lx has claimed address 198344577 on channel 2684363008.
16:54:31.940 W] [TP]: Received a Request to Send (RTS) message with a global destination, ignoring
16:54:32.627 [ISOBUS] addr=0x81 claimed=Y load=14.7% msgs=2353 aiso=196(238066ms) xte=0.00m spd=0.00m/s q=0 ggaAge=54 vtgAge=54 xteAge=238066 xteraw=80:510301FF000000FF vt=Y(21/22) vtstat=197/500ms tc=N drp=0mm tcq=0
16:54:32.629 I] [NM]: Control function with address 172 and NAME 000000000000000lx is now offline on channel 197275905.
16:54:32.858 I] [NM]: External control function with name 000000000000000lx has claimed address 197275905 on channel 536876800.
16:54:33.199 W] [TP]: Received an Abort message with a global destination, ignoring
16:54:33.231 W] [TP]: Received a Request to Send (RTS) message with a global destination, ignoring
16:54:33.638 [ISOBUS] addr=0x81 claimed=Y load=14.7% msgs=2394 aiso=197(239066ms) xte=0.00m spd=0.00m/s q=0 ggaAge=54 vtgAge=54 xteAge=239066 xteraw=80:510301FF160014FF vt=Y(21/22) vtstat=198/499ms tc=N drp=0mm tcq=0
16:54:33.639 I] [NM]: Control function with address 205 and NAME 000000000000000lx is now offline on channel 198344577.
16:54:34.634 [ISOBUS] addr=0x81 claimed=Y load=14.5% msgs=2435 aiso=198(240066ms) xte=0.00m spd=0.00m/s q=0 ggaAge=54 vtgAge=54 xteAge=240066 xteraw=80:510301FF150012FF vt=Y(21/22) vtstat=199/498ms tc=N drp=0mm tcq=0
16:54:35.625 [ISOBUS] addr=0x81 claimed=Y load=14.5% msgs=2476 aiso=199(241066ms) xte=0.00m spd=0.00m/s q=0 ggaAge=55 vtgAge=54 xteAge=241066 xteraw=80:510301FF150012FF vt=Y(21/22) vtstat=200/498ms tc=N drp=0mm tcq=0
16:54:36.186 I] [TC]: DDOP will be generated using the server's version instead of the specified version. New version: 3
16:54:36.249 I] [TC]: DDOP Activated without error.
16:54:36.623 [ISOBUS] addr=0x81 claimed=Y load=21.4% msgs=2517 aiso=200(242066ms) xte=0.00m spd=0.00m/s q=0 ggaAge=54 vtgAge=54 xteAge=242066 xteraw=80:510301FF150012FF vt=Y(21/22) vtstat=201/497ms tc=Y drp=0mm tcq=0
16:54:36.874 I] [NM]: External control function with name 000000000000000lx has claimed address 198344577 on channel 2684363008.
16:54:37.062 W] [TP]: Received an Abort message with a global destination, ignoring
16:54:37.063 W] [TP]: Received a Request to Send (RTS) message with a global destination, ignoring
16:54:37.623 [ISOBUS] addr=0x81 claimed=Y load=14.8% msgs=2558 aiso=201(243066ms) xte=0.00m spd=0.00m/s q=0 ggaAge=55 vtgAge=54 xteAge=243066 xteraw=80:510301FF150012FF vt=Y(21/22) vtstat=202/497ms tc=Y drp=0mm tcq=0
16:54:38.346 W] [TP]: Received a Request to Send (RTS) message with a global destination, ignoring
16:54:38.613 [ISOBUS] addr=0x81 claimed=Y load=14.7% msgs=2599 aiso=202(244066ms) xte=0.00m spd=0.00m/s q=0 ggaAge=55 vtgAge=54 xteAge=244066 xteraw=80:510301FF150012FF vt=Y(21/22) vtstat=203/496ms tc=Y drp=0mm tcq=0
16:54:39.618 W] [TP]: Received a Request to Send (RTS) message with a global destination, ignoring
16:54:39.619 [ISOBUS] addr=0x81 claimed=Y load=14.4% msgs=2640 aiso=203(245066ms) xte=0.00m spd=0.00m/s q=0 ggaAge=55 vtgAge=54 xteAge=245066 xteraw=80:510301FF140012FF vt=Y(21/22) vtstat=204/495ms tc=Y drp=0mm tcq=0
16:54:39.623 I] [NM]: Control function with address 205 and NAME 000000000000000lx is now offline on channel 198344577.
16:54:40.615 [ISOBUS] addr=0x81 claimed=Y load=15.2% msgs=2685 aiso=204(246066ms) xte=0.00m spd=0.00m/s q=0 ggaAge=54 vtgAge=54 xteAge=246066 xteraw=80:510301FF140012FF vt=Y(21/22) vtstat=205/495ms tc=Y drp=0mm tcq=0
16:54:40.868 I] [NM]: External control function with name 000000000000000lx has claimed address 198344577 on channel 2684363008.
16:54:40.898 W] [TP]: Received an Abort message with a global destination, ignoring
16:54:40.899 W] [TP]: Received a Request to Send (RTS) message with a global destination, ignoring
16:54:41.623 [ISOBUS] addr=0x81 claimed=Y load=15.5% msgs=2728 aiso=205(247066ms) xte=0.00m spd=0.00m/s q=0 ggaAge=55 vtgAge=54 xteAge=247066 xteraw=80:510301FF140012FF vt=Y(21/22) vtstat=206/495ms tc=Y drp=0mm tcq=0
16:54:42.189 W] [TP]: Received a Request to Send (RTS) message with a global destination, ignoring
16:54:42.623 [ISOBUS] addr=0x81 claimed=Y load=14.5% msgs=2769 aiso=206(248066ms) xte=0.00m spd=0.00m/s q=0 ggaAge=55 vtgAge=54 xteAge=248066 xteraw=80:510301FF0F000DFF vt=Y(21/22) vtstat=207/494ms tc=Y drp=0mm tcq=0
16:54:43.459 W] [TP]: Received a Request to Send (RTS) message with a global destination, ignoring
16:54:43.616 [ISOBUS] addr=0x81 claimed=Y load=14.5% msgs=2810 aiso=207(249066ms) xte=0.00m spd=0.00m/s q=0 ggaAge=55 vtgAge=54 xteAge=249066 xteraw=80:510301FF0F000DFF vt=Y(21/22) vtstat=208/493ms tc=Y drp=0mm tcq=0
16:54:43.617 I] [NM]: Control function with address 205 and NAME 000000000000000lx is now offline on channel 198344577.
16:54:44.623 [ISOBUS] addr=0x81 claimed=Y load=14.3% msgs=2851 aiso=208(250066ms) xte=0.00m spd=0.00m/s q=0 ggaAge=54 vtgAge=53 xteAge=250066 xteraw=80:510301FF10080DFF vt=Y(21/22) vtstat=209/492ms tc=Y drp=0mm tcq=0
16:54:45.619 [ISOBUS] addr=0x81 claimed=Y load=14.6% msgs=2892 aiso=209(251066ms) xte=0.00m spd=0.00m/s q=0 ggaAge=55 vtgAge=54 xteAge=251066 xteraw=80:510301FF10080DFF vt=Y(21/22) vtstat=210/492ms tc=Y drp=0mm tcq=0
16:54:45.857 I] [NM]: External control function with name 000000000000000lx has claimed address 198344577 on channel 2684363008.
16:54:46.009 W] [TP]: Received a Request to Send (RTS) message with a global destination, ignoring
16:54:46.622 I] [NM]: Control function with address 172 and NAME 000000000000000lx is now offline on channel 197275905.
16:54:46.622 [ISOBUS] addr=0x81 claimed=Y load=14.6% msgs=2933 aiso=210(252066ms) xte=0.00m spd=0.00m/s q=0 ggaAge=55 vtgAge=54 xteAge=252066 xteraw=80:510301FF10080DFF vt=Y(21/22) vtstat=211/491ms tc=Y drp=0mm tcq=0
16:54:46.876 I] [NM]: External control function with name 000000000000000lx has claimed address 197275905 on channel 536876800.
16:54:47.310 W] [TP]: Received a Request to Send (RTS) message with a global destination, ignoring
16:54:47.609 I] [NM]: Control function with address 205 and NAME 000000000000000lx is now offline on channel 198344577.
16:54:47.609 [ISOBUS] addr=0x81 claimed=Y load=14.5% msgs=2974 aiso=211(253066ms) xte=0.00m spd=0.00m/s q=0 ggaAge=54 vtgAge=54 xteAge=253066 xteraw=80:510301FF0F060DFF vt=Y(21/22) vtstat=212/491ms tc=Y drp=0mm tcq=0
16:54:48.621 [ISOBUS] addr=0x81 claimed=Y load=14.4% msgs=3015 aiso=212(254066ms) xte=0.00m spd=0.00m/s q=0 ggaAge=53 vtgAge=52 xteAge=254066 xteraw=80:510301FF0F060DFF vt=Y(21/22) vtstat=213/490ms tc=Y drp=0mm tcq=0
16:54:49.627 [ISOBUS] addr=0x81 claimed=Y load=14.5% msgs=3056 aiso=213(255066ms) xte=0.00m spd=0.00m/s q=0 ggaAge=54 vtgAge=54 xteAge=255066 xteraw=80:510301FF0F060DFF vt=Y(21/22) vtstat=214/489ms tc=Y drp=0mm tcq=0
16:54:50.636 [ISOBUS] addr=0x81 claimed=Y load=15.0% msgs=3101 aiso=214(256066ms) xte=0.00m spd=0.00m/s q=0 ggaAge=54 vtgAge=53 xteAge=256066 xteraw=80:510301FF0B050AFF vt=Y(21/22) vtstat=215/488ms tc=Y drp=0mm tcq=0
16:54:50.891 I] [NM]: External control function with name 000000000000000lx has claimed address 198344577 on channel 2684363008.
16:54:51.134 W] [TP]: Received a Request to Send (RTS) message with a global destination, ignoring
16:54:51.612 [ISOBUS] addr=0x81 claimed=Y load=14.7% msgs=3142 aiso=215(257066ms) xte=0.00m spd=0.00m/s q=0 ggaAge=55 vtgAge=54 xteAge=257066 xteraw=80:510301FF0B0509FF vt=Y(21/22) vtstat=216/488ms tc=Y drp=0mm tcq=0
16:54:52.416 W] [TP]: Received an Abort message with a global destination, ignoring
16:54:52.416 W] [TP]: Received a Request to Send (RTS) message with a global destination, ignoring
16:54:52.614 [ISOBUS] addr=0x81 claimed=Y load=14.5% msgs=3183 aiso=216(258066ms) xte=0.00m spd=0.00m/s q=0 ggaAge=55 vtgAge=54 xteAge=258066 xteraw=80:510301FF0A0509FF vt=Y(21/22) vtstat=217/487ms tc=Y drp=0mm tcq=0
16:54:53.638 I] [NM]: Control function with address 205 and NAME 000000000000000lx is now offline on channel 198344577.
16:54:53.638 [ISOBUS] addr=0x81 claimed=Y load=14.3% msgs=3224 aiso=217(259066ms) xte=0.00m spd=0.00m/s q=0 ggaAge=54 vtgAge=53 xteAge=259066 xteraw=80:510301FF0A0509FF vt=Y(21/22) vtstat=218/487ms tc=Y drp=0mm tcq=0
16:54:54.622 [ISOBUS] addr=0x81 claimed=Y load=14.5% msgs=3265 aiso=218(260066ms) xte=0.00m spd=0.00m/s q=0 ggaAge=55 vtgAge=54 xteAge=260066 xteraw=80:510301FF0A0509FF vt=Y(21/22) vtstat=219/486ms tc=Y drp=0mm tcq=0
16:54:54.908 I] [NM]: External control function with name 000000000000000lx has claimed address 198344577 on channel 2684363008.
16:54:54.955 W] [TP]: Received a Request to Send (RTS) message with a global destination, ignoring
16:54:55.622 [ISOBUS] addr=0x81 claimed=Y load=14.7% msgs=3306 aiso=219(261066ms) xte=0.00m spd=0.00m/s q=0 ggaAge=54 vtgAge=54 xteAge=261066 xteraw=80:510301FF0A0509FF vt=Y(21/22) vtstat=220/486ms tc=Y drp=0mm tcq=0
16:54:56.236 W] [TP]: Received an Abort message with a global destination, ignoring
16:54:56.268 W] [TP]: Received a Request to Send (RTS) message with a global destination, ignoring
16:54:56.635 [ISOBUS] addr=0x81 claimed=Y load=14.4% msgs=3347 aiso=220(262066ms) xte=0.00m spd=0.00m/s q=0 ggaAge=55 vtgAge=54 xteAge=262066 xteraw=80:510301FF0A0509FF vt=Y(21/22) vtstat=221/484ms tc=Y drp=0mm tcq=0
16:54:57.523 W] [TP]: Received a Request to Send (RTS) message with a global destination, ignoring
16:54:57.621 [ISOBUS] addr=0x81 claimed=Y load=14.3% msgs=3388 aiso=221(263066ms) xte=0.00m spd=0.00m/s q=0 ggaAge=54 vtgAge=54 xteAge=263066 xteraw=80:510301FF0B0509FF vt=Y(21/22) vtstat=222/484ms tc=Y drp=0mm tcq=0
16:54:57.621 I] [NM]: Control function with address 205 and NAME 000000000000000lx is now offline on channel 198344577.
16:54:58.638 [ISOBUS] addr=0x81 claimed=Y load=14.1% msgs=3429 aiso=222(264066ms) xte=0.00m spd=0.00m/s q=0 ggaAge=54 vtgAge=53 xteAge=264066 xteraw=80:510301FF0B0509FF vt=Y(21/22) vtstat=223/483ms tc=Y drp=0mm tcq=0
16:54:59.620 [ISOBUS] addr=0x81 claimed=Y load=14.3% msgs=3470 aiso=223(265066ms) xte=0.00m spd=0.00m/s q=0 ggaAge=54 vtgAge=54 xteAge=265066 xteraw=80:510301FF0A0509FF vt=Y(21/22) vtstat=224/483ms tc=Y drp=0mm tcq=0
16:55:00.631 [ISOBUS] addr=0x81 claimed=Y load=14.8% msgs=3515 aiso=224(266066ms) xte=0.00m spd=0.00m/s q=0 ggaAge=54 vtgAge=54 xteAge=266066 xteraw=80:510301FF0B0509FF vt=Y(21/22) vtstat=225/482ms tc=Y drp=0mm tcq=0
16:55:01.614 [ISOBUS] addr=0x81 claimed=Y load=14.3% msgs=3556 aiso=225(267066ms) xte=0.00m spd=0.00m/s q=0 ggaAge=54 vtgAge=54 xteAge=267066 xteraw=80:510301FF0B0509FF vt=Y(21/22) vtstat=226/482ms tc=Y drp=0mm tcq=0
16:55:02.640 [ISOBUS] addr=0x81 claimed=Y load=14.1% msgs=3597 aiso=226(268066ms) xte=0.00m spd=0.00m/s q=0 ggaAge=54 vtgAge=53 xteAge=268066 xteraw=80:510301FF0B0509FF vt=Y(21/22) vtstat=227/481ms tc=Y drp=0mm tcq=0
16:55:03.622 [ISOBUS] addr=0x81 claimed=Y load=14.3% msgs=3638 aiso=227(269066ms) xte=0.00m spd=0.00m/s q=0 ggaAge=54 vtgAge=53 xteAge=269066 xteraw=80:510301FF0B0509FF vt=Y(21/22) vtstat=228/481ms tc=Y drp=0mm tcq=0
16:55:03.868 I] [NM]: External control function with name 000000000000000lx has claimed address 198344577 on channel 2684363008.
16:55:03.932 W] [TP]: Received an Abort message with a global destination, ignoring
16:55:04.622 [ISOBUS] addr=0x81 claimed=Y load=14.3% msgs=3679 aiso=228(270066ms) xte=0.00m spd=0.00m/s q=0 ggaAge=54 vtgAge=53 xteAge=270066 xteraw=80:510301FF0B0509FF vt=Y(21/22) vtstat=229/480ms tc=Y drp=0mm tcq=0
16:55:04.625 I] [NM]: Control function with address 172 and NAME 000000000000000lx is now offline on channel 197275905.
16:55:04.870 I] [NM]: External control function with name 000000000000000lx has claimed address 197275905 on channel 536876800.
16:55:05.643 [ISOBUS] addr=0x81 claimed=Y load=14.1% msgs=3720 aiso=229(271066ms) xte=0.00m spd=0.00m/s q=0 ggaAge=54 vtgAge=54 xteAge=271066 xteraw=80:510301FF0B0509FF vt=Y(21/22) vtstat=230/480ms tc=Y drp=0mm tcq=0
16:55:05.643 I] [NM]: Control function with address 205 and NAME 000000000000000lx is now offline on channel 198344577.
16:55:05.877 I] [NM]: External control function with name 000000000000000lx has claimed address 198344577 on channel 2684363008.
16:55:06.624 [ISOBUS] addr=0x81 claimed=Y load=14.0% msgs=3761 aiso=230(272066ms) xte=0.00m spd=0.00m/s q=0 ggaAge=53 vtgAge=49 xteAge=272066 xteraw=80:510301FF0B0509FF vt=Y(21/22) vtstat=231/479ms tc=Y drp=0mm tcq=0
16:55:06.624 I] [NM]: Control function with address 172 and NAME 000000000000000lx is now offline on channel 197275905.
16:55:06.870 I] [NM]: External control function with name 000000000000000lx has claimed address 197275905 on channel 536876800.
16:55:07.625 [ISOBUS] addr=0x81 claimed=Y load=14.2% msgs=3802 aiso=231(273066ms) xte=0.00m spd=0.00m/s q=0 ggaAge=54 vtgAge=53 xteAge=273066 xteraw=80:510301FF0A0509FF vt=Y(21/22) vtstat=232/478ms tc=Y drp=0mm tcq=0
16:55:07.627 I] [NM]: Control function with address 205 and NAME 000000000000000lx is now offline on channel 198344577.
16:55:07.871 I] [NM]: External control function with name 000000000000000lx has claimed address 198344577 on channel 2684363008.
16:55:08.619 [ISOBUS] addr=0x81 claimed=Y load=14.2% msgs=3843 aiso=232(274066ms) xte=0.00m spd=0.00m/s q=0 ggaAge=53 vtgAge=53 xteAge=274066 xteraw=80:510301FF0A0509FF vt=Y(21/22) vtstat=233/478ms tc=Y drp=0mm tcq=0
16:55:08.619 I] [NM]: Control function with address 172 and NAME 000000000000000lx is now offline on channel 197275905.
16:55:08.860 I] [NM]: External control function with name 000000000000000lx has claimed address 197275905 on channel 536876800.
16:55:09.622 [ISOBUS] addr=0x81 claimed=Y load=14.1% msgs=3884 aiso=233(275066ms) xte=0.00m spd=0.00m/s q=0 ggaAge=54 vtgAge=52 xteAge=275066 xteraw=80:510301FF0A0509FF vt=Y(21/22) vtstat=234/477ms tc=Y drp=0mm tcq=0
16:55:09.624 I] [NM]: Control function with address 205 and NAME 000000000000000lx is now offline on channel 198344577.
16:55:10.634 [ISOBUS] addr=0x81 claimed=Y load=14.5% msgs=3929 aiso=234(276066ms) xte=0.00m spd=0.00m/s q=0 ggaAge=53 vtgAge=53 xteAge=276066 xteraw=80:510301FF0A0509FF vt=Y(21/22) vtstat=235/476ms tc=Y drp=0mm tcq=0
16:55:10.875 I] [NM]: External control function with name 000000000000000lx has claimed address 198344577 on channel 2684363008.
16:55:11.624 [ISOBUS] addr=0x81 claimed=Y load=14.2% msgs=3970 aiso=235(277066ms) xte=0.00m spd=0.00m/s q=0 ggaAge=54 vtgAge=54 xteAge=277066 xteraw=80:510301FF0A0509FF vt=Y(21/22) vtstat=236/476ms tc=Y drp=0mm tcq=0
16:55:12.627 [ISOBUS] addr=0x81 claimed=Y load=14.0% msgs=4011 aiso=236(278066ms) xte=0.00m spd=0.00m/s q=0 ggaAge=53 vtgAge=52 xteAge=278066 xteraw=80:510301FF0A0509FF vt=Y(21/22) vtstat=237/475ms tc=Y drp=0mm tcq=0
16:55:13.624 [ISOBUS] addr=0x81 claimed=Y load=14.2% msgs=4052 aiso=237(279066ms) xte=0.00m spd=0.00m/s q=0 ggaAge=54 vtgAge=53 xteAge=279066 xteraw=80:510301FF0A0509FF vt=Y(21/22) vtstat=238/475ms tc=Y drp=0mm tcq=0
16:55:14.616 [ISOBUS] addr=0x81 claimed=Y load=14.0% msgs=4093 aiso=238(280066ms) xte=0.00m spd=0.00m/s q=0 ggaAge=53 vtgAge=53 xteAge=280066 xteraw=80:510301FF0A0509FF vt=Y(21/22) vtstat=239/474ms tc=Y drp=0mm tcq=0
16:55:15.636 [ISOBUS] addr=0x81 claimed=Y load=14.2% msgs=4134 aiso=239(281066ms) xte=0.00m spd=0.00m/s q=0 ggaAge=54 vtgAge=53 xteAge=281066 xteraw=80:510301FF0A0509FF vt=Y(21/22) vtstat=240/474ms tc=Y drp=0mm tcq=0
16:55:16.639 [ISOBUS] addr=0x81 claimed=Y load=14.1% msgs=4175 aiso=240(282066ms) xte=0.00m spd=0.00m/s q=0 ggaAge=53 vtgAge=53 xteAge=282066 xteraw=80:510301FF0A0509FF vt=Y(21/22) vtstat=241/473ms tc=Y drp=0mm tcq=0
16:55:17.644 [ISOBUS] addr=0x81 claimed=Y load=14.2% msgs=4216 aiso=241(283066ms) xte=0.00m spd=0.00m/s q=0 ggaAge=54 vtgAge=53 xteAge=283066 xteraw=80:510301FF0A0509FF vt=Y(21/22) vtstat=242/472ms tc=Y drp=0mm tcq=0
16:55:18.640 [ISOBUS] addr=0x81 claimed=Y load=14.0% msgs=4257 aiso=242(284066ms) xte=0.00m spd=0.00m/s q=0 ggaAge=54 vtgAge=54 xteAge=284066 xteraw=80:510301FF090508FF vt=Y(21/22) vtstat=243/471ms tc=Y drp=0mm tcq=0
16:55:19.641 [ISOBUS] addr=0x81 claimed=Y load=14.2% msgs=4298 aiso=243(285066ms) xte=0.00m spd=0.00m/s q=0 ggaAge=53 vtgAge=53 xteAge=285066 xteraw=80:510301FF0A0508FF vt=Y(21/22) vtstat=244/471ms tc=Y drp=0mm tcq=0
16:55:20.638 [ISOBUS] addr=0x81 claimed=Y load=14.5% msgs=4343 aiso=244(286066ms) xte=0.00m spd=0.00m/s q=0 ggaAge=53 vtgAge=53 xteAge=286066 xteraw=80:510301FF0A0508FF vt=Y(21/22) vtstat=245/470ms tc=Y drp=0mm tcq=0
16:55:21.623 [ISOBUS] addr=0x81 claimed=Y load=14.2% msgs=4384 aiso=245(287066ms) xte=0.00m spd=0.00m/s q=0 ggaAge=54 vtgAge=53 xteAge=287066 xteraw=80:510301FF090508FF vt=Y(21/22) vtstat=246/470ms tc=Y drp=0mm tcq=0
16:55:22.623 [ISOBUS] addr=0x81 claimed=Y load=14.0% msgs=4425 aiso=246(288066ms) xte=0.00m spd=0.00m/s q=0 ggaAge=53 vtgAge=53 xteAge=288066 xteraw=80:510301FF0A0508FF vt=Y(21/22) vtstat=247/469ms tc=Y drp=0mm tcq=0
16:55:23.626 [ISOBUS] addr=0x81 claimed=Y load=14.1% msgs=4466 aiso=247(289066ms) xte=0.00m spd=0.00m/s q=0 ggaAge=54 vtgAge=45 xteAge=289066 xteraw=80:510301FF0A0408FF vt=Y(21/22) vtstat=248/469ms tc=Y drp=0mm tcq=0
16:55:24.615 [ISOBUS] addr=0x81 claimed=Y load=14.2% msgs=4507 aiso=248(290066ms) xte=0.00m spd=0.00m/s q=0 ggaAge=54 vtgAge=54 xteAge=290066 xteraw=80:510301FF090408FF vt=Y(21/22) vtstat=249/468ms tc=Y drp=0mm tcq=0
16:55:25.633 [ISOBUS] addr=0x81 claimed=Y load=14.2% msgs=4548 aiso=249(291066ms) xte=0.00m spd=0.00m/s q=0 ggaAge=54 vtgAge=53 xteAge=291066 xteraw=80:510301FF0A0508FF vt=Y(21/22) vtstat=250/468ms tc=Y drp=0mm tcq=0
16:55:26.623 [ISOBUS] addr=0x81 claimed=Y load=14.0% msgs=4589 aiso=250(292066ms) xte=0.00m spd=0.00m/s q=0 ggaAge=54 vtgAge=53 xteAge=292066 xteraw=80:510301FF0A0408FF vt=Y(21/22) vtstat=251/467ms tc=Y drp=0mm tcq=0
16:55:27.644 [ISOBUS] addr=0x81 claimed=Y load=14.2% msgs=4630 aiso=251(293066ms) xte=0.00m spd=0.00m/s q=0 ggaAge=54 vtgAge=53 xteAge=293066 xteraw=80:510301FF090508FF vt=Y(21/22) vtstat=252/466ms tc=Y drp=0mm tcq=0
16:55:28.641 [ISOBUS] addr=0x81 claimed=Y load=14.0% msgs=4671 aiso=252(294066ms) xte=0.00m spd=0.00m/s q=0 ggaAge=54 vtgAge=54 xteAge=294066 xteraw=80:510301FF0A0508FF vt=Y(21/22) vtstat=253/466ms tc=Y drp=0mm tcq=0
16:55:29.621 [ISOBUS] addr=0x81 claimed=Y load=14.2% msgs=4712 aiso=253(295066ms) xte=0.00m spd=0.00m/s q=0 ggaAge=54 vtgAge=53 xteAge=295066 xteraw=80:510301FF0A0508FF vt=Y(21/22) vtstat=254/465ms tc=Y drp=0mm tcq=0
16:55:30.640 [ISOBUS] addr=0x81 claimed=Y load=14.5% msgs=4757 aiso=254(296066ms) xte=0.00m spd=0.00m/s q=0 ggaAge=54 vtgAge=53 xteAge=296066 xteraw=80:510301FF090408FF vt=Y(21/22) vtstat=255/464ms tc=Y drp=0mm tcq=0
16:55:31.639 [ISOBUS] addr=0x81 claimed=Y load=14.2% msgs=4798 aiso=255(297066ms) xte=0.00m spd=0.00m/s q=0 ggaAge=54 vtgAge=53 xteAge=297066 xteraw=80:510301FF0A0508FF vt=Y(21/22) vtstat=256/464ms tc=Y drp=0mm tcq=0
16:55:32.644 [ISOBUS] addr=0x81 claimed=Y load=14.0% msgs=4839 aiso=256(298066ms) xte=0.00m spd=0.00m/s q=0 ggaAge=53 vtgAge=52 xteAge=298066 xteraw=80:510301FF0A0408FF vt=Y(21/22) vtstat=257/463ms tc=Y drp=0mm tcq=0
16:55:33.630 [ISOBUS] addr=0x81 claimed=Y load=14.0% msgs=4880 aiso=257(299066ms) xte=0.00m spd=0.00m/s q=0 ggaAge=44 vtgAge=43 xteAge=299066 xteraw=80:510301FF090508FF vt=Y(21/22) vtstat=258/463ms tc=Y drp=0mm tcq=0
16:55:34.619 [ISOBUS] addr=0x81 claimed=Y load=14.3% msgs=4921 aiso=258(300066ms) xte=0.00m spd=0.00m/s q=0 ggaAge=53 vtgAge=53 xteAge=300066 xteraw=80:510301FF0A0508FF vt=Y(21/22) vtstat=259/462ms tc=Y drp=0mm tcq=0
16:55:35.616 [ISOBUS] addr=0x81 claimed=Y load=14.2% msgs=4962 aiso=259(301066ms) xte=0.00m spd=0.00m/s q=0 ggaAge=54 vtgAge=53 xteAge=301066 xteraw=80:510301FF0A0408FF vt=Y(21/22) vtstat=260/461ms tc=Y drp=0mm tcq=0
16:55:36.635 [ISOBUS] addr=0x81 claimed=Y load=14.0% msgs=5003 aiso=260(302066ms) xte=0.00m spd=0.00m/s q=0 ggaAge=54 vtgAge=53 xteAge=302066 xteraw=80:510301FF090508FF vt=Y(21/22) vtstat=261/460ms tc=Y drp=0mm tcq=0
16:55:37.640 [ISOBUS] addr=0x81 claimed=Y load=14.2% msgs=5044 aiso=261(303066ms) xte=0.00m spd=0.00m/s q=0 ggaAge=53 vtgAge=52 xteAge=303066 xteraw=80:510301FF0A0508FF vt=Y(21/22) vtstat=262/460ms tc=Y drp=0mm tcq=0
16:55:38.610 [ISOBUS] addr=0x81 claimed=Y load=14.0% msgs=5085 aiso=262(304066ms) xte=0.00m spd=0.00m/s q=0 ggaAge=54 vtgAge=53 xteAge=304066 xteraw=80:510301FF0A0408FF vt=Y(21/22) vtstat=263/459ms tc=Y drp=0mm tcq=0
16:55:39.621 [ISOBUS] addr=0x81 claimed=Y load=14.2% msgs=5126 aiso=263(305066ms) xte=0.00m spd=0.00m/s q=0 ggaAge=55 vtgAge=54 xteAge=305066 xteraw=80:510301FF090408FF vt=Y(21/22) vtstat=264/459ms tc=Y drp=0mm tcq=0
16:55:40.639 [ISOBUS] addr=0x81 claimed=Y load=14.5% msgs=5171 aiso=264(306066ms) xte=0.00m spd=0.00m/s q=0 ggaAge=54 vtgAge=53 xteAge=306066 xteraw=80:510301FF0A0508FF vt=Y(21/22) vtstat=265/458ms tc=Y drp=0mm tcq=0
16:55:41.639 [ISOBUS] addr=0x81 claimed=Y load=14.2% msgs=5212 aiso=265(307066ms) xte=0.00m spd=0.00m/s q=0 ggaAge=54 vtgAge=53 xteAge=307066 xteraw=80:510301FF0A0408FF vt=Y(21/22) vtstat=266/457ms tc=Y drp=0mm tcq=0
16:55:42.636 [ISOBUS] addr=0x81 claimed=Y load=14.0% msgs=5253 aiso=266(308066ms) xte=0.00m spd=0.00m/s q=0 ggaAge=54 vtgAge=53 xteAge=308066 xteraw=80:510301FF090408FF vt=Y(21/22) vtstat=267/457ms tc=Y drp=0mm tcq=0
16:55:43.624 [ISOBUS] addr=0x81 claimed=Y load=14.2% msgs=5294 aiso=267(309066ms) xte=0.00m spd=0.00m/s q=0 ggaAge=53 vtgAge=52 xteAge=309066 xteraw=80:510301FF0A0508FF vt=Y(21/22) vtstat=268/456ms tc=Y drp=0mm tcq=0
16:55:44.618 [ISOBUS] addr=0x81 claimed=Y load=14.0% msgs=5335 aiso=268(310066ms) xte=0.00m spd=0.00m/s q=0 ggaAge=54 vtgAge=53 xteAge=310066 xteraw=80:510301FF0A0508FF vt=Y(21/22) vtstat=269/455ms tc=Y drp=0mm tcq=0
16:55:45.642 [ISOBUS] addr=0x81 claimed=Y load=14.2% msgs=5376 aiso=269(311066ms) xte=0.00m spd=0.00m/s q=0 ggaAge=53 vtgAge=53 xteAge=311066 xteraw=80:510301FF090508FF vt=Y(21/22) vtstat=270/455ms tc=Y drp=0mm tcq=0
16:55:46.621 [ISOBUS] addr=0x81 claimed=Y load=14.0% msgs=5417 aiso=270(312066ms) xte=0.00m spd=0.00m/s q=0 ggaAge=54 vtgAge=53 xteAge=312066 xteraw=80:510302FF0A0608FF vt=Y(21/22) vtstat=271/453ms tc=Y drp=0mm tcq=0
16:55:47.619 [ISOBUS] addr=0x81 claimed=Y load=14.2% msgs=5458 aiso=271(313066ms) xte=0.00m spd=0.00m/s q=0 ggaAge=53 vtgAge=53 xteAge=313066 xteraw=80:510302FF0D060BFF vt=Y(21/22) vtstat=272/453ms tc=Y drp=0mm tcq=0
16:55:48.639 [ISOBUS] addr=0x81 claimed=Y load=14.0% msgs=5499 aiso=272(314066ms) xte=0.00m spd=0.00m/s q=0 ggaAge=53 vtgAge=52 xteAge=314066 xteraw=80:510302FF0D060BFF vt=Y(21/22) vtstat=273/453ms tc=Y drp=0mm tcq=0
16:55:49.622 [ISOBUS] addr=0x81 claimed=Y load=14.2% msgs=5540 aiso=273(315066ms) xte=0.00m spd=0.00m/s q=0 ggaAge=53 vtgAge=52 xteAge=315066 xteraw=80:510302FF0D060BFF vt=Y(21/22) vtstat=274/452ms tc=Y drp=0mm tcq=0
16:55:50.638 [ISOBUS] addr=0x81 claimed=Y load=14.5% msgs=5585 aiso=274(316066ms) xte=0.00m spd=0.00m/s q=0 ggaAge=54 vtgAge=53 xteAge=316066 xteraw=80:510302FF0D060BFF vt=Y(21/22) vtstat=275/451ms tc=Y drp=0mm tcq=0
16:55:51.624 [ISOBUS] addr=0x81 claimed=Y load=14.2% msgs=5626 aiso=275(317066ms) xte=0.00m spd=0.00m/s q=0 ggaAge=53 vtgAge=53 xteAge=317066 xteraw=80:510302FF0D060BFF vt=Y(21/22) vtstat=276/451ms tc=Y drp=0mm tcq=0
16:55:52.637 [ISOBUS] addr=0x81 claimed=Y load=14.0% msgs=5667 aiso=276(318066ms) xte=0.00m spd=0.00m/s q=0 ggaAge=53 vtgAge=52 xteAge=318066 xteraw=80:510302FF0D060BFF vt=Y(21/22) vtstat=277/450ms tc=Y drp=0mm tcq=0
16:55:53.623 [ISOBUS] addr=0x81 claimed=Y load=14.2% msgs=5708 aiso=277(319066ms) xte=0.00m spd=0.00m/s q=0 ggaAge=53 vtgAge=53 xteAge=319066 xteraw=80:510302FF0D060BFF vt=Y(21/22) vtstat=278/450ms tc=Y drp=0mm tcq=0
16:55:54.622 [ISOBUS] addr=0x81 claimed=Y load=14.0% msgs=5749 aiso=278(320066ms) xte=0.00m spd=0.00m/s q=0 ggaAge=54 vtgAge=53 xteAge=320066 xteraw=80:510302FF0D060BFF vt=Y(21/22) vtstat=279/449ms tc=Y drp=0mm tcq=0
16:55:55.623 [ISOBUS] addr=0x81 claimed=Y load=14.2% msgs=5790 aiso=279(321066ms) xte=0.00m spd=0.00m/s q=0 ggaAge=53 vtgAge=53 xteAge=321066 xteraw=80:510302FF0D060BFF vt=Y(21/22) vtstat=280/449ms tc=Y drp=0mm tcq=0
16:55:56.619 [ISOBUS] addr=0x81 claimed=Y load=13.7% msgs=5831 aiso=280(322066ms) xte=0.00m spd=0.00m/s q=0 ggaAge=45 vtgAge=45 xteAge=322066 xteraw=80:510302FF0D060BFF vt=Y(21/22) vtstat=281/448ms tc=Y drp=0mm tcq=0
16:55:57.640 [ISOBUS] addr=0x81 claimed=Y load=14.5% msgs=5872 aiso=281(323066ms) xte=0.00m spd=0.00m/s q=0 ggaAge=53 vtgAge=53 xteAge=323066 xteraw=80:510302FF0D060BFF vt=Y(21/22) vtstat=282/448ms tc=Y drp=0mm tcq=0
16:55:58.626 [ISOBUS] addr=0x81 claimed=Y load=14.0% msgs=5913 aiso=282(324066ms) xte=0.00m spd=0.00m/s q=0 ggaAge=53 vtgAge=53 xteAge=324066 xteraw=80:510302FF0D060BFF vt=Y(21/22) vtstat=283/447ms tc=Y drp=0mm tcq=0
16:55:59.639 [ISOBUS] addr=0x81 claimed=Y load=14.2% msgs=5954 aiso=283(325066ms) xte=0.00m spd=0.00m/s q=0 ggaAge=53 vtgAge=52 xteAge=325066 xteraw=80:510302FF0D060BFF vt=Y(21/22) vtstat=284/446ms tc=Y drp=0mm tcq=0
16:56:00.639 [ISOBUS] addr=0x81 claimed=Y load=14.5% msgs=5999 aiso=284(326066ms) xte=0.00m spd=0.00m/s q=0 ggaAge=53 vtgAge=52 xteAge=326066 xteraw=80:510302FF0D060BFF vt=Y(21/22) vtstat=285/445ms tc=Y drp=0mm tcq=0
16:56:01.644 [ISOBUS] addr=0x81 claimed=Y load=14.2% msgs=6040 aiso=285(327066ms) xte=0.00m spd=0.00m/s q=0 ggaAge=53 vtgAge=53 xteAge=327066 xteraw=80:510302FF0D060BFF vt=Y(21/22) vtstat=286/445ms tc=Y drp=0mm tcq=0
16:56:02.625 [ISOBUS] addr=0x81 claimed=Y load=14.0% msgs=6081 aiso=286(328066ms) xte=0.00m spd=0.00m/s q=0 ggaAge=53 vtgAge=53 xteAge=328066 xteraw=80:510302FF0D060BFF vt=Y(21/22) vtstat=287/444ms tc=Y drp=0mm tcq=0
16:56:03.641 [ISOBUS] addr=0x81 claimed=Y load=14.2% msgs=6122 aiso=287(329066ms) xte=0.00m spd=0.00m/s q=0 ggaAge=53 vtgAge=52 xteAge=329066 xteraw=80:510302FF0D060BFF vt=Y(21/22) vtstat=288/444ms tc=Y drp=0mm tcq=0
16:56:04.640 [ISOBUS] addr=0x81 claimed=Y load=14.0% msgs=6163 aiso=288(330066ms) xte=0.00m spd=0.00m/s q=0 ggaAge=53 vtgAge=52 xteAge=330066 xteraw=80:510302FF0D060BFF vt=Y(21/22) vtstat=289/443ms tc=Y drp=0mm tcq=0
16:56:05.639 [ISOBUS] addr=0x81 claimed=Y load=14.2% msgs=6204 aiso=289(331066ms) xte=0.00m spd=0.00m/s q=0 ggaAge=53 vtgAge=53 xteAge=331066 xteraw=80:510302FF0D060BFF vt=Y(21/22) vtstat=290/442ms tc=Y drp=0mm tcq=0
16:56:06.616 [ISOBUS] addr=0x81 claimed=Y load=14.0% msgs=6245 aiso=290(332066ms) xte=0.00m spd=0.00m/s q=0 ggaAge=53 vtgAge=52 xteAge=332066 xteraw=80:510302FF0D060BFF vt=Y(21/22) vtstat=291/442ms tc=Y drp=0mm tcq=0
16:56:07.611 [ISOBUS] addr=0x81 claimed=Y load=14.2% msgs=6286 aiso=291(333066ms) xte=0.00m spd=0.00m/s q=0 ggaAge=53 vtgAge=53 xteAge=333066 xteraw=80:510302FF0D060BFF vt=Y(21/22) vtstat=292/441ms tc=Y drp=0mm tcq=0
16:56:08.617 [ISOBUS] addr=0x81 claimed=Y load=14.0% msgs=6327 aiso=292(334066ms) xte=0.00m spd=0.00m/s q=0 ggaAge=52 vtgAge=51 xteAge=334066 xteraw=80:510302FF0D060BFF vt=Y(21/22) vtstat=293/440ms tc=Y drp=0mm tcq=0
16:56:09.628 [ISOBUS] addr=0x81 claimed=Y load=14.3% msgs=6368 aiso=293(335066ms) xte=0.00m spd=0.00m/s q=0 ggaAge=53 vtgAge=52 xteAge=335066 xteraw=80:510302FF0D060BFF vt=Y(21/22) vtstat=294/440ms tc=Y drp=0mm tcq=0
16:56:10.626 [ISOBUS] addr=0x81 claimed=Y load=14.5% msgs=6413 aiso=294(336066ms) xte=0.00m spd=0.00m/s q=0 ggaAge=53 vtgAge=53 xteAge=336066 xteraw=80:510302FF0D060BFF vt=Y(21/22) vtstat=295/439ms tc=Y drp=0mm tcq=0
16:56:11.627 [ISOBUS] addr=0x81 claimed=Y load=14.2% msgs=6454 aiso=295(337066ms) xte=0.00m spd=0.00m/s q=0 ggaAge=52 vtgAge=52 xteAge=337066 xteraw=80:510302FF0D060BFF vt=Y(21/22) vtstat=296/439ms tc=Y drp=0mm tcq=0
16:56:12.641 [ISOBUS] addr=0x81 claimed=Y load=14.0% msgs=6495 aiso=296(338066ms) xte=0.00m spd=0.00m/s q=0 ggaAge=53 vtgAge=52 xteAge=338066 xteraw=80:510302FF0D060BFF vt=Y(21/22) vtstat=297/438ms tc=Y drp=0mm tcq=0
16:56:13.645 [ISOBUS] addr=0x81 claimed=Y load=14.2% msgs=6536 aiso=297(339066ms) xte=0.00m spd=0.00m/s q=0 ggaAge=52 vtgAge=52 xteAge=339066 xteraw=80:510302FF0D060BFF vt=Y(21/22) vtstat=298/438ms tc=Y drp=0mm tcq=0
16:56:14.638 [ISOBUS] addr=0x81 claimed=Y load=14.0% msgs=6577 aiso=298(340066ms) xte=0.00m spd=0.00m/s q=0 ggaAge=52 vtgAge=52 xteAge=340066 xteraw=80:510302FF0D060BFF vt=Y(21/22) vtstat=299/437ms tc=Y drp=0mm tcq=0
16:56:15.639 [ISOBUS] addr=0x81 claimed=Y load=14.2% msgs=6618 aiso=299(341066ms) xte=0.00m spd=0.00m/s q=0 ggaAge=54 vtgAge=53 xteAge=341066 xteraw=80:510302FF0D060BFF vt=Y(21/22) vtstat=300/437ms tc=Y drp=0mm tcq=0
16:56:16.612 [ISOBUS] addr=0x81 claimed=Y load=14.0% msgs=6659 aiso=300(342066ms) xte=0.00m spd=0.00m/s q=0 ggaAge=54 vtgAge=54 xteAge=342066 xteraw=80:510302FF0D060BFF vt=Y(21/22) vtstat=301/436ms tc=Y drp=0mm tcq=0
16:56:17.631 [ISOBUS] addr=0x81 claimed=Y load=14.2% msgs=6700 aiso=301(343066ms) xte=0.00m spd=0.00m/s q=0 ggaAge=53 vtgAge=52 xteAge=343066 xteraw=80:510302FF0D060BFF vt=Y(21/22) vtstat=302/435ms tc=Y drp=0mm tcq=0
16:56:18.618 [ISOBUS] addr=0x81 claimed=Y load=14.0% msgs=6741 aiso=302(344066ms) xte=0.00m spd=0.00m/s q=0 ggaAge=53 vtgAge=52 xteAge=344066 xteraw=80:510302FF0D060BFF vt=Y(21/22) vtstat=303/434ms tc=Y drp=0mm tcq=0
16:56:19.620 [ISOBUS] addr=0x81 claimed=Y load=14.3% msgs=6782 aiso=303(345066ms) xte=0.00m spd=0.00m/s q=0 ggaAge=54 vtgAge=54 xteAge=345066 xteraw=80:510302FF0D060BFF vt=Y(21/22) vtstat=304/434ms tc=Y drp=0mm tcq=0
16:56:20.617 [ISOBUS] addr=0x81 claimed=Y load=14.4% msgs=6827 aiso=304(346066ms) xte=0.00m spd=0.00m/s q=0 ggaAge=53 vtgAge=52 xteAge=346066 xteraw=80:510302FF0D060BFF vt=Y(21/22) vtstat=305/433ms tc=Y drp=0mm tcq=0
16:56:21.640 [ISOBUS] addr=0x81 claimed=Y load=14.3% msgs=6868 aiso=305(347066ms) xte=0.00m spd=0.00m/s q=0 ggaAge=54 vtgAge=54 xteAge=347066 xteraw=80:510302FF0D060BFF vt=Y(21/22) vtstat=306/433ms tc=Y drp=0mm tcq=0
16:56:22.634 [ISOBUS] addr=0x81 claimed=Y load=14.0% msgs=6909 aiso=306(348066ms) xte=0.00m spd=0.00m/s q=0 ggaAge=52 vtgAge=52 xteAge=348066 xteraw=80:510302FF0D060BFF vt=Y(21/22) vtstat=307/432ms tc=Y drp=0mm tcq=0
16:56:23.634 [ISOBUS] addr=0x81 claimed=Y load=14.3% msgs=6950 aiso=307(349066ms) xte=0.00m spd=0.00m/s q=0 ggaAge=53 vtgAge=52 xteAge=349066 xteraw=80:510302FF0D060BFF vt=Y(21/22) vtstat=308/431ms tc=Y drp=0mm tcq=0
16:56:24.642 [ISOBUS] addr=0x81 claimed=Y load=14.0% msgs=6991 aiso=308(350066ms) xte=0.00m spd=0.00m/s q=0 ggaAge=53 vtgAge=52 xteAge=350066 xteraw=80:510302FF0D060BFF vt=Y(21/22) vtstat=309/430ms tc=Y drp=0mm tcq=0
16:56:25.642 [ISOBUS] addr=0x81 claimed=Y load=14.2% msgs=7032 aiso=309(351066ms) xte=0.00m spd=0.00m/s q=0 ggaAge=52 vtgAge=51 xteAge=351066 xteraw=80:510302FF0D060BFF vt=Y(21/22) vtstat=310/430ms tc=Y drp=0mm tcq=0
16:56:26.627 [ISOBUS] addr=0x81 claimed=Y load=14.0% msgs=7073 aiso=310(352066ms) xte=0.00m spd=0.00m/s q=0 ggaAge=52 vtgAge=52 xteAge=352066 xteraw=80:510302FF0D060BFF vt=Y(21/22) vtstat=311/429ms tc=Y drp=0mm tcq=0
16:56:27.633 [ISOBUS] addr=0x81 claimed=Y load=14.3% msgs=7114 aiso=311(353066ms) xte=0.00m spd=0.00m/s q=0 ggaAge=52 vtgAge=52 xteAge=353066 xteraw=80:510302FF0D060BFF vt=Y(21/22) vtstat=312/429ms tc=Y drp=0mm tcq=0
16:56:28.634 [ISOBUS] addr=0x81 claimed=Y load=14.0% msgs=7155 aiso=312(354066ms) xte=0.00m spd=0.00m/s q=0 ggaAge=53 vtgAge=52 xteAge=354066 xteraw=80:510302FF0D060BFF vt=Y(21/22) vtstat=313/428ms tc=Y drp=0mm tcq=0
16:56:29.612 [ISOBUS] addr=0x81 claimed=Y load=14.3% msgs=7196 aiso=313(355066ms) xte=0.00m spd=0.00m/s q=0 ggaAge=54 vtgAge=53 xteAge=355066 xteraw=80:510302FF0D060BFF vt=Y(21/22) vtstat=314/428ms tc=Y drp=0mm tcq=0
16:56:30.626 [ISOBUS] addr=0x81 claimed=Y load=14.5% msgs=7241 aiso=314(356066ms) xte=0.00m spd=0.00m/s q=0 ggaAge=54 vtgAge=54 xteAge=356066 xteraw=80:510302FF0D060BFF vt=Y(21/22) vtstat=315/427ms tc=Y drp=0mm tcq=0
16:56:31.641 [ISOBUS] addr=0x81 claimed=Y load=14.2% msgs=7282 aiso=315(357066ms) xte=0.00m spd=0.00m/s q=0 ggaAge=54 vtgAge=53 xteAge=357066 xteraw=80:510302FF0D060BFF vt=Y(21/22) vtstat=316/427ms tc=Y drp=0mm tcq=0
16:56:32.641 [ISOBUS] addr=0x81 claimed=Y load=14.0% msgs=7323 aiso=316(358066ms) xte=0.00m spd=0.00m/s q=0 ggaAge=53 vtgAge=52 xteAge=358066 xteraw=80:510302FF0D060BFF vt=Y(21/22) vtstat=317/426ms tc=Y drp=0mm tcq=0
16:56:33.629 [ISOBUS] addr=0x81 claimed=Y load=14.2% msgs=7364 aiso=317(359066ms) xte=0.00m spd=0.00m/s q=0 ggaAge=53 vtgAge=52 xteAge=359066 xteraw=80:510302FF0D060BFF vt=Y(21/22) vtstat=318/425ms tc=Y drp=0mm tcq=0
16:56:34.620 [ISOBUS] addr=0x81 claimed=Y load=14.1% msgs=7405 aiso=318(360066ms) xte=0.00m spd=0.00m/s q=0 ggaAge=54 vtgAge=53 xteAge=360066 xteraw=80:510302FF0D060BFF vt=Y(21/22) vtstat=319/425ms tc=Y drp=0mm tcq=0
16:56:35.624 [ISOBUS] addr=0x81 claimed=Y load=14.2% msgs=7446 aiso=319(361066ms) xte=0.00m spd=0.00m/s q=0 ggaAge=54 vtgAge=52 xteAge=361066 xteraw=80:510302FF0D060BFF vt=Y(21/22) vtstat=320/424ms tc=Y drp=0mm tcq=0
16:56:36.641 [ISOBUS] addr=0x81 claimed=Y load=14.0% msgs=7487 aiso=320(362066ms) xte=0.00m spd=0.00m/s q=0 ggaAge=54 vtgAge=53 xteAge=362066 xteraw=80:510302FF0D060BFF vt=Y(21/22) vtstat=321/423ms tc=Y drp=0mm tcq=0
16:56:37.639 [ISOBUS] addr=0x81 claimed=Y load=14.2% msgs=7528 aiso=321(363066ms) xte=0.00m spd=0.00m/s q=0 ggaAge=53 vtgAge=52 xteAge=363066 xteraw=80:510302FF0D060BFF vt=Y(21/22) vtstat=322/423ms tc=Y drp=0mm tcq=0
16:56:38.648 [ISOBUS] addr=0x81 claimed=Y load=14.0% msgs=7569 aiso=322(364066ms) xte=0.00m spd=0.00m/s q=0 ggaAge=54 vtgAge=52 xteAge=364066 xteraw=80:510302FF0D060BFF vt=Y(21/22) vtstat=323/422ms tc=Y drp=0mm tcq=0
16:56:39.611 [ISOBUS] addr=0x81 claimed=Y load=14.2% msgs=7610 aiso=323(365066ms) xte=0.00m spd=0.00m/s q=0 ggaAge=54 vtgAge=53 xteAge=365066 xteraw=80:510302FF0D060BFF vt=Y(21/22) vtstat=324/422ms tc=Y drp=0mm tcq=0
16:56:40.620 [ISOBUS] addr=0x81 claimed=Y load=14.4% msgs=7655 aiso=324(366066ms) xte=0.00m spd=0.00m/s q=0 ggaAge=53 vtgAge=52 xteAge=366066 xteraw=80:510302FF0D060BFF vt=Y(21/22) vtstat=325/421ms tc=Y drp=0mm tcq=0
16:56:41.637 [ISOBUS] addr=0x81 claimed=Y load=14.3% msgs=7696 aiso=325(367066ms) xte=0.00m spd=0.00m/s q=0 ggaAge=53 vtgAge=52 xteAge=367066 xteraw=80:510302FF0D060BFF vt=Y(21/22) vtstat=326/421ms tc=Y drp=0mm tcq=0
16:56:42.625 [ISOBUS] addr=0x81 claimed=Y load=14.0% msgs=7737 aiso=326(368066ms) xte=0.00m spd=0.00m/s q=0 ggaAge=54 vtgAge=53 xteAge=368066 xteraw=80:510302FF0D060BFF vt=Y(21/22) vtstat=327/420ms tc=Y drp=0mm tcq=0
16:56:43.626 [ISOBUS] addr=0x81 claimed=Y load=14.2% msgs=7778 aiso=327(369066ms) xte=0.00m spd=0.00m/s q=0 ggaAge=53 vtgAge=52 xteAge=369066 xteraw=80:510302FF0D060BFF vt=Y(21/22) vtstat=328/419ms tc=Y drp=0mm tcq=0
16:56:44.638 [ISOBUS] addr=0x81 claimed=Y load=14.0% msgs=7819 aiso=328(370066ms) xte=0.00m spd=0.00m/s q=0 ggaAge=54 vtgAge=53 xteAge=370066 xteraw=80:510302FF0D060BFF vt=Y(21/22) vtstat=329/418ms tc=Y drp=0mm tcq=0
16:56:45.626 [ISOBUS] addr=0x81 claimed=Y load=14.2% msgs=7860 aiso=329(371066ms) xte=0.00m spd=0.00m/s q=0 ggaAge=53 vtgAge=52 xteAge=371066 xteraw=80:510302FF0D060BFF vt=Y(21/22) vtstat=330/418ms tc=Y drp=0mm tcq=0
16:56:45.626 I] [NM]: Control function with address 205 and NAME 000000000000000lx is now offline on channel 198344577.
16:56:46.622 [ISOBUS] addr=0x81 claimed=Y load=14.0% msgs=7901 aiso=330(372066ms) xte=0.00m spd=0.00m/s q=0 ggaAge=52 vtgAge=52 xteAge=372066 xteraw=80:510302FF0D060BFF vt=Y(21/22) vtstat=331/417ms tc=Y drp=0mm tcq=0
16:56:46.878 I] [NM]: External control function with name 000000000000000lx has claimed address 198344577 on channel 2684363008.
16:56:47.621 [ISOBUS] addr=0x81 claimed=Y load=14.1% msgs=7942 aiso=331(373066ms) xte=0.00m spd=0.00m/s q=0 ggaAge=44 vtgAge=43 xteAge=373066 xteraw=80:510302FF0D060BFF vt=Y(21/22) vtstat=332/417ms tc=Y drp=0mm tcq=0
16:56:48.642 [ISOBUS] addr=0x81 claimed=Y load=14.2% msgs=7983 aiso=332(374066ms) xte=0.00m spd=0.00m/s q=0 ggaAge=52 vtgAge=52 xteAge=374066 xteraw=80:510302FF0D060BFF vt=Y(21/22) vtstat=333/416ms tc=Y drp=0mm tcq=0
16:56:49.622 [ISOBUS] addr=0x81 claimed=Y load=14.2% msgs=8024 aiso=333(375066ms) xte=0.00m spd=0.00m/s q=0 ggaAge=53 vtgAge=52 xteAge=375066 xteraw=80:510302FF0D060BFF vt=Y(21/22) vtstat=334/416ms tc=Y drp=0mm tcq=0
16:56:50.639 [ISOBUS] addr=0x81 claimed=Y load=14.5% msgs=8069 aiso=334(376066ms) xte=0.00m spd=0.00m/s q=0 ggaAge=53 vtgAge=52 xteAge=376066 xteraw=80:510302FF0D060BFF vt=Y(21/22) vtstat=335/415ms tc=Y drp=0mm tcq=0
16:56:51.631 [ISOBUS] addr=0x81 claimed=Y load=14.2% msgs=8110 aiso=335(377066ms) xte=0.00m spd=0.00m/s q=0 ggaAge=54 vtgAge=53 xteAge=377066 xteraw=80:510302FF0D060BFF vt=Y(21/22) vtstat=336/414ms tc=Y drp=0mm tcq=0
16:56:52.612 [ISOBUS] addr=0x81 claimed=Y load=14.0% msgs=8151 aiso=336(378066ms) xte=0.00m spd=0.00m/s q=0 ggaAge=54 vtgAge=53 xteAge=378066 xteraw=80:510302FF0D060BFF vt=Y(21/22) vtstat=337/413ms tc=Y drp=0mm tcq=0
16:56:53.637 [ISOBUS] addr=0x81 claimed=Y load=14.2% msgs=8192 aiso=337(379066ms) xte=0.00m spd=0.00m/s q=0 ggaAge=52 vtgAge=51 xteAge=379066 xteraw=80:510302FF0D060BFF vt=Y(21/22) vtstat=338/413ms tc=Y drp=0mm tcq=0
16:56:54.641 [ISOBUS] addr=0x81 claimed=Y load=14.1% msgs=8233 aiso=338(380066ms) xte=0.00m spd=0.00m/s q=0 ggaAge=53 vtgAge=52 xteAge=380066 xteraw=80:510302FF0D060BFF vt=Y(21/22) vtstat=339/411ms tc=Y drp=0mm tcq=0
16:56:55.644 [ISOBUS] addr=0x81 claimed=Y load=14.2% msgs=8274 aiso=339(381066ms) xte=0.00m spd=0.00m/s q=0 ggaAge=54 vtgAge=53 xteAge=381066 xteraw=80:510302FF0D060BFF vt=Y(21/22) vtstat=340/411ms tc=Y drp=0mm tcq=0
16:56:56.626 [ISOBUS] addr=0x81 claimed=Y load=14.0% msgs=8315 aiso=340(382066ms) xte=0.00m spd=0.00m/s q=0 ggaAge=53 vtgAge=52 xteAge=382066 xteraw=80:510302FF0D060BFF vt=Y(21/22) vtstat=341/411ms tc=Y drp=0mm tcq=0
16:56:57.635 [ISOBUS] addr=0x81 claimed=Y load=14.2% msgs=8356 aiso=341(383066ms) xte=0.00m spd=0.00m/s q=0 ggaAge=53 vtgAge=52 xteAge=383066 xteraw=80:510302FF0D060BFF vt=Y(21/22) vtstat=342/411ms tc=Y drp=0mm tcq=0
16:56:58.640 [ISOBUS] addr=0x81 claimed=Y load=14.0% msgs=8397 aiso=342(384066ms) xte=0.00m spd=0.00m/s q=0 ggaAge=52 vtgAge=51 xteAge=384066 xteraw=80:510302FF0D060BFF vt=Y(21/22) vtstat=343/410ms tc=Y drp=0mm tcq=0
16:56:59.621 [ISOBUS] addr=0x81 claimed=Y load=14.1% msgs=8438 aiso=343(385066ms) xte=0.00m spd=0.00m/s q=0 ggaAge=36 vtgAge=36 xteAge=385066 xteraw=80:510302FF0D060BFF vt=Y(21/22) vtstat=344/409ms tc=Y drp=0mm tcq=0
16:57:00.619 [ISOBUS] addr=0x81 claimed=Y load=14.7% msgs=8483 aiso=344(386066ms) xte=0.00m spd=0.00m/s q=0 ggaAge=54 vtgAge=53 xteAge=386066 xteraw=80:510302FF0D060BFF vt=Y(21/22) vtstat=345/408ms tc=Y drp=0mm tcq=0
16:57:01.641 [ISOBUS] addr=0x81 claimed=Y load=14.2% msgs=8524 aiso=345(387066ms) xte=0.00m spd=0.00m/s q=0 ggaAge=53 vtgAge=52 xteAge=387066 xteraw=80:510302FF0D060BFF vt=Y(21/22) vtstat=346/408ms tc=Y drp=0mm tcq=0
16:57:02.630 [ISOBUS] addr=0x81 claimed=Y load=14.1% msgs=8565 aiso=346(388066ms) xte=0.00m spd=0.00m/s q=0 ggaAge=54 vtgAge=53 xteAge=388066 xteraw=80:510302FF0D060BFF vt=Y(21/22) vtstat=347/407ms tc=Y drp=0mm tcq=0
16:57:03.627 [ISOBUS] addr=0x81 claimed=Y load=14.2% msgs=8606 aiso=347(389066ms) xte=0.00m spd=0.00m/s q=0 ggaAge=54 vtgAge=53 xteAge=389066 xteraw=80:510302FF0D060BFF vt=Y(21/22) vtstat=348/407ms tc=Y drp=0mm tcq=0
16:57:04.633 [ISOBUS] addr=0x81 claimed=Y load=14.0% msgs=8647 aiso=348(390066ms) xte=0.00m spd=0.00m/s q=0 ggaAge=53 vtgAge=51 xteAge=390066 xteraw=80:510302FF0D060BFF vt=Y(21/22) vtstat=349/406ms tc=Y drp=0mm tcq=0
16:57:05.618 [ISOBUS] addr=0x81 claimed=Y load=14.2% msgs=8688 aiso=349(391066ms) xte=0.00m spd=0.00m/s q=0 ggaAge=53 vtgAge=52 xteAge=391066 xteraw=80:510302FF0D060BFF vt=Y(21/22) vtstat=350/406ms tc=Y drp=0mm tcq=0
16:57:06.626 [ISOBUS] addr=0x81 claimed=Y load=14.0% msgs=8729 aiso=350(392066ms) xte=0.00m spd=0.00m/s q=0 ggaAge=53 vtgAge=53 xteAge=392066 xteraw=80:510302FF0D060BFF vt=Y(21/22) vtstat=351/405ms tc=Y drp=0mm tcq=0
16:57:07.642 [ISOBUS] addr=0x81 claimed=Y load=14.2% msgs=8770 aiso=351(393066ms) xte=0.00m spd=0.00m/s q=0 ggaAge=53 vtgAge=52 xteAge=393066 xteraw=80:510302FF0D060BFF vt=Y(21/22) vtstat=352/405ms tc=Y drp=0mm tcq=0
16:57:08.623 [ISOBUS] addr=0x81 claimed=Y load=14.0% msgs=8811 aiso=352(394066ms) xte=0.00m spd=0.00m/s q=0 ggaAge=53 vtgAge=52 xteAge=394066 xteraw=80:510302FF0D060BFF vt=Y(21/22) vtstat=353/404ms tc=Y drp=0mm tcq=0
16:57:09.641 [ISOBUS] addr=0x81 claimed=Y load=14.2% msgs=8852 aiso=353(395066ms) xte=0.00m spd=0.00m/s q=0 ggaAge=53 vtgAge=51 xteAge=395066 xteraw=80:510302FF0D060BFF vt=Y(21/22) vtstat=354/403ms tc=Y drp=0mm tcq=0
16:57:10.625 [ISOBUS] addr=0x81 claimed=Y load=14.5% msgs=8897 aiso=354(396066ms) xte=0.00m spd=0.00m/s q=0 ggaAge=52 vtgAge=51 xteAge=396066 xteraw=80:510302FF0D060BFF vt=Y(21/22) vtstat=355/403ms tc=Y drp=0mm tcq=0
16:57:11.626 [ISOBUS] addr=0x81 claimed=Y load=14.3% msgs=8938 aiso=355(397066ms) xte=0.00m spd=0.00m/s q=0 ggaAge=53 vtgAge=52 xteAge=397066 xteraw=80:510302FF0D060BFF vt=Y(21/22) vtstat=356/402ms tc=Y drp=0mm tcq=0
16:57:12.633 [ISOBUS] addr=0x81 claimed=Y load=14.0% msgs=8979 aiso=356(398066ms) xte=0.00m spd=0.00m/s q=0 ggaAge=53 vtgAge=53 xteAge=398066 xteraw=80:510302FF0D060BFF vt=Y(21/22) vtstat=357/400ms tc=Y drp=0mm tcq=0
16:57:13.634 [ISOBUS] addr=0x81 claimed=Y load=14.2% msgs=9020 aiso=357(399066ms) xte=0.00m spd=0.00m/s q=0 ggaAge=52 vtgAge=51 xteAge=399066 xteraw=80:510302FF0D060BFF vt=Y(21/22) vtstat=358/399ms tc=Y drp=0mm tcq=0
16:57:14.631 [ISOBUS] addr=0x81 claimed=Y load=14.0% msgs=9061 aiso=358(400066ms) xte=0.00m spd=0.00m/s q=0 ggaAge=53 vtgAge=51 xteAge=400066 xteraw=80:510302FF0D060BFF vt=Y(21/22) vtstat=359/400ms tc=Y drp=0mm tcq=0
16:57:15.627 [ISOBUS] addr=0x81 claimed=Y load=14.3% msgs=9102 aiso=359(401066ms) xte=0.00m spd=0.00m/s q=0 ggaAge=53 vtgAge=52 xteAge=401066 xteraw=80:510302FF0D060BFF vt=Y(21/22) vtstat=360/400ms tc=Y drp=0mm tcq=0
16:57:16.616 [ISOBUS] addr=0x81 claimed=Y load=14.0% msgs=9143 aiso=360(402066ms) xte=0.00m spd=0.00m/s q=0 ggaAge=53 vtgAge=44 xteAge=402066 xteraw=80:510302FF0D060BFF vt=Y(21/22) vtstat=361/399ms tc=Y drp=0mm tcq=0
16:57:17.640 [ISOBUS] addr=0x81 claimed=Y load=14.3% msgs=9184 aiso=361(403066ms) xte=0.00m spd=0.00m/s q=0 ggaAge=53 vtgAge=52 xteAge=403066 xteraw=80:510302FF0D060BFF vt=Y(21/22) vtstat=362/398ms tc=Y drp=0mm tcq=0
16:57:18.622 [ISOBUS] addr=0x81 claimed=Y load=14.0% msgs=9225 aiso=362(404066ms) xte=0.00m spd=0.00m/s q=0 ggaAge=53 vtgAge=53 xteAge=404066 xteraw=80:510302FF0D060BFF vt=Y(21/22) vtstat=363/398ms tc=Y drp=0mm tcq=0
16:57:19.626 [ISOBUS] addr=0x81 claimed=Y load=14.2% msgs=9266 aiso=363(405066ms) xte=0.00m spd=0.00m/s q=0 ggaAge=52 vtgAge=51 xteAge=405066 xteraw=80:510302FF0D060BFF vt=Y(21/22) vtstat=364/397ms tc=Y drp=0mm tcq=0
16:57:20.616 [ISOBUS] addr=0x81 claimed=Y load=14.6% msgs=9311 aiso=364(406066ms) xte=0.00m spd=0.00m/s q=0 ggaAge=53 vtgAge=52 xteAge=406066 xteraw=80:510302FF0D060BFF vt=Y(21/22) vtstat=365/396ms tc=Y drp=0mm tcq=0
16:57:21.626 [ISOBUS] addr=0x81 claimed=Y load=14.2% msgs=9352 aiso=365(407066ms) xte=0.00m spd=0.00m/s q=0 ggaAge=54 vtgAge=53 xteAge=407066 xteraw=80:510302FF0D060BFF vt=Y(21/22) vtstat=366/396ms tc=Y drp=0mm tcq=0
16:57:22.636 [ISOBUS] addr=0x81 claimed=Y load=13.9% msgs=9393 aiso=366(408066ms) xte=0.00m spd=0.00m/s q=0 ggaAge=51 vtgAge=51 xteAge=408066 xteraw=80:510302FF0D060BFF vt=Y(21/22) vtstat=367/395ms tc=Y drp=0mm tcq=0
16:57:23.621 [ISOBUS] addr=0x81 claimed=Y load=14.3% msgs=9434 aiso=367(409066ms) xte=0.00m spd=0.00m/s q=0 ggaAge=53 vtgAge=53 xteAge=409066 xteraw=80:510302FF0D060BFF vt=Y(21/22) vtstat=368/395ms tc=Y drp=0mm tcq=0
16:57:24.639 [ISOBUS] addr=0x81 claimed=Y load=14.1% msgs=9475 aiso=368(410066ms) xte=0.00m spd=0.00m/s q=0 ggaAge=54 vtgAge=53 xteAge=410066 xteraw=80:510302FF0D060BFF vt=Y(21/22) vtstat=369/394ms tc=Y drp=0mm tcq=0
16:57:25.627 [ISOBUS] addr=0x81 claimed=Y load=14.2% msgs=9516 aiso=369(411066ms) xte=0.00m spd=0.00m/s q=0 ggaAge=54 vtgAge=53 xteAge=411066 xteraw=80:510302FF0D060BFF vt=Y(21/22) vtstat=370/394ms tc=Y drp=0mm tcq=0
16:57:26.644 [ISOBUS] addr=0x81 claimed=Y load=14.0% msgs=9557 aiso=370(412066ms) xte=0.00m spd=0.00m/s q=0 ggaAge=53 vtgAge=53 xteAge=412066 xteraw=80:510302FF0D060BFF vt=Y(21/22) vtstat=371/393ms tc=Y drp=0mm tcq=0
16:57:27.639 [ISOBUS] addr=0x81 claimed=Y load=14.2% msgs=9598 aiso=371(413066ms) xte=0.00m spd=0.00m/s q=0 ggaAge=53 vtgAge=52 xteAge=413066 xteraw=80:510302FF0D060BFF vt=Y(21/22) vtstat=372/392ms tc=Y drp=0mm tcq=0
16:57:28.639 [ISOBUS] addr=0x81 claimed=Y load=14.0% msgs=9639 aiso=372(414066ms) xte=0.00m spd=0.00m/s q=0 ggaAge=53 vtgAge=52 xteAge=414066 xteraw=80:510302FF0D060BFF vt=Y(21/22) vtstat=373/391ms tc=Y drp=0mm tcq=0
16:57:29.638 [ISOBUS] addr=0x81 claimed=Y load=14.2% msgs=9680 aiso=373(415066ms) xte=0.00m spd=0.00m/s q=0 ggaAge=53 vtgAge=53 xteAge=415066 xteraw=80:510302FF0D060BFF vt=Y(21/22) vtstat=374/390ms tc=Y drp=0mm tcq=0
16:57:30.625 [ISOBUS] addr=0x81 claimed=Y load=14.5% msgs=9725 aiso=374(416066ms) xte=0.00m spd=0.00m/s q=0 ggaAge=53 vtgAge=53 xteAge=416066 xteraw=80:510302FF0D060BFF vt=Y(21/22) vtstat=375/390ms tc=Y drp=0mm tcq=0
16:57:31.633 [ISOBUS] addr=0x81 claimed=Y load=14.2% msgs=9766 aiso=375(417066ms) xte=0.00m spd=0.00m/s q=0 ggaAge=53 vtgAge=52 xteAge=417066 xteraw=80:510302FF0D060BFF vt=Y(21/22) vtstat=376/390ms tc=Y drp=0mm tcq=0
16:57:32.645 [ISOBUS] addr=0x81 claimed=Y load=14.0% msgs=9807 aiso=376(418066ms) xte=0.00m spd=0.00m/s q=0 ggaAge=53 vtgAge=39 xteAge=418066 xteraw=80:510302FF0D060BFF vt=Y(21/22) vtstat=377/389ms tc=Y drp=0mm tcq=0
16:57:33.638 [ISOBUS] addr=0x81 claimed=Y load=14.3% msgs=9848 aiso=377(419066ms) xte=0.00m spd=0.00m/s q=0 ggaAge=54 vtgAge=53 xteAge=419066 xteraw=80:510302FF0D060BFF vt=Y(21/22) vtstat=378/389ms tc=Y drp=0mm tcq=0
16:57:34.630 [ISOBUS] addr=0x81 claimed=Y load=14.0% msgs=9889 aiso=378(420066ms) xte=0.00m spd=0.00m/s q=0 ggaAge=53 vtgAge=52 xteAge=420066 xteraw=80:510302FF0D060BFF vt=Y(21/22) vtstat=379/388ms tc=Y drp=0mm tcq=0
16:57:35.635 [ISOBUS] addr=0x81 claimed=Y load=14.2% msgs=9930 aiso=379(421066ms) xte=0.00m spd=0.00m/s q=0 ggaAge=53 vtgAge=52 xteAge=421066 xteraw=80:510302FF0D060BFF vt=Y(21/22) vtstat=380/387ms tc=Y drp=0mm tcq=0
16:57:35.635 I] [NM]: Control function with address 205 and NAME 000000000000000lx is now offline on channel 198344577.
16:57:36.636 [ISOBUS] addr=0x81 claimed=Y load=14.1% msgs=9971 aiso=380(422066ms) xte=0.00m spd=0.00m/s q=0 ggaAge=53 vtgAge=53 xteAge=422066 xteraw=80:510302FF0D060BFF vt=Y(21/22) vtstat=381/386ms tc=Y drp=0mm tcq=0
16:57:36.894 I] [NM]: External control function with name 000000000000000lx has claimed address 198344577 on channel 2684363008.
16:57:37.646 [ISOBUS] addr=0x81 claimed=Y load=14.1% msgs=10012 aiso=381(423066ms) xte=0.00m spd=0.00m/s q=0 ggaAge=53 vtgAge=52 xteAge=423066 xteraw=80:510302FF0D060BFF vt=Y(21/22) vtstat=382/386ms tc=Y drp=0mm tcq=0
16:57:38.633 [ISOBUS] addr=0x81 claimed=Y load=14.1% msgs=10053 aiso=382(424066ms) xte=0.00m spd=0.00m/s q=0 ggaAge=53 vtgAge=53 xteAge=424066 xteraw=80:510302FF0D060BFF vt=Y(21/22) vtstat=383/385ms tc=Y drp=0mm tcq=0
16:57:39.629 [ISOBUS] addr=0x81 claimed=Y load=14.2% msgs=10094 aiso=383(425066ms) xte=0.00m spd=0.00m/s q=0 ggaAge=53 vtgAge=52 xteAge=425066 xteraw=80:510302FF0D060BFF vt=Y(21/22) vtstat=384/385ms tc=Y drp=0mm tcq=0
16:57:40.614 [ISOBUS] addr=0x81 claimed=Y load=14.4% msgs=10139 aiso=384(426066ms) xte=0.00m spd=0.00m/s q=0 ggaAge=53 vtgAge=52 xteAge=426066 xteraw=80:510302FF0D060BFF vt=Y(21/22) vtstat=385/384ms tc=Y drp=0mm tcq=0
16:57:41.619 [ISOBUS] addr=0x81 claimed=Y load=14.3% msgs=10180 aiso=385(427066ms) xte=0.00m spd=0.00m/s q=0 ggaAge=53 vtgAge=53 xteAge=427066 xteraw=80:510302FF0D060BFF vt=Y(21/22) vtstat=386/383ms tc=Y drp=0mm tcq=0
16:57:42.636 [ISOBUS] addr=0x81 claimed=Y load=14.0% msgs=10221 aiso=386(428066ms) xte=0.00m spd=0.00m/s q=0 ggaAge=54 vtgAge=53 xteAge=428066 xteraw=80:510302FF0D060BFF vt=Y(21/22) vtstat=387/383ms tc=Y drp=0mm tcq=0
16:57:43.613 [ISOBUS] addr=0x81 claimed=Y load=14.2% msgs=10262 aiso=387(429066ms) xte=0.00m spd=0.00m/s q=0 ggaAge=53 vtgAge=53 xteAge=429066 xteraw=80:510302FF0D060BFF vt=Y(21/22) vtstat=388/382ms tc=Y drp=0mm tcq=0
16:57:44.625 [ISOBUS] addr=0x81 claimed=Y load=13.9% msgs=10303 aiso=388(430066ms) xte=0.00m spd=0.00m/s q=0 ggaAge=51 vtgAge=50 xteAge=430066 xteraw=80:510302FF0D060BFF vt=Y(21/22) vtstat=389/381ms tc=Y drp=0mm tcq=0
16:57:45.617 [ISOBUS] addr=0x81 claimed=Y load=14.3% msgs=10344 aiso=389(431066ms) xte=0.00m spd=0.00m/s q=0 ggaAge=44 vtgAge=44 xteAge=431066 xteraw=80:510302FF0D060BFF vt=Y(21/22) vtstat=390/379ms tc=Y drp=0mm tcq=0
16:57:46.614 [ISOBUS] addr=0x81 claimed=Y load=14.1% msgs=10385 aiso=390(432066ms) xte=0.00m spd=0.00m/s q=0 ggaAge=53 vtgAge=52 xteAge=432066 xteraw=80:510302FF0D060BFF vt=Y(21/22) vtstat=391/379ms tc=Y drp=0mm tcq=0
16:57:47.637 [ISOBUS] addr=0x81 claimed=Y load=14.2% msgs=10426 aiso=391(433066ms) xte=0.00m spd=0.00m/s q=0 ggaAge=52 vtgAge=51 xteAge=433066 xteraw=80:510302FF0D060BFF vt=Y(21/22) vtstat=392/380ms tc=Y drp=0mm tcq=0
16:57:48.619 [ISOBUS] addr=0x81 claimed=Y load=14.0% msgs=10467 aiso=392(434066ms) xte=0.00m spd=0.00m/s q=0 ggaAge=53 vtgAge=52 xteAge=434066 xteraw=80:510302FF0D060BFF vt=Y(21/22) vtstat=393/379ms tc=Y drp=0mm tcq=0
16:57:49.614 [ISOBUS] addr=0x81 claimed=Y load=14.2% msgs=10508 aiso=393(435066ms) xte=0.00m spd=0.00m/s q=0 ggaAge=52 vtgAge=51 xteAge=435066 xteraw=80:510302FF0D060BFF vt=Y(21/22) vtstat=394/378ms tc=Y drp=0mm tcq=0
16:57:50.622 [ISOBUS] addr=0x81 claimed=Y load=14.6% msgs=10553 aiso=394(436066ms) xte=0.00m spd=0.00m/s q=0 ggaAge=53 vtgAge=52 xteAge=436066 xteraw=80:510302FF0D060BFF vt=Y(21/22) vtstat=395/377ms tc=Y drp=0mm tcq=0
16:57:51.613 [ISOBUS] addr=0x81 claimed=Y load=14.2% msgs=10594 aiso=395(437066ms) xte=0.00m spd=0.00m/s q=0 ggaAge=53 vtgAge=53 xteAge=437066 xteraw=80:510302FF0D060BFF vt=Y(21/22) vtstat=396/377ms tc=Y drp=0mm tcq=0
16:57:52.636 [ISOBUS] addr=0x81 claimed=Y load=14.1% msgs=10635 aiso=396(438066ms) xte=0.00m spd=0.00m/s q=0 ggaAge=53 vtgAge=53 xteAge=438066 xteraw=80:510302FF0D060BFF vt=Y(21/22) vtstat=397/376ms tc=Y drp=0mm tcq=0
16:57:53.640 [ISOBUS] addr=0x81 claimed=Y load=14.2% msgs=10676 aiso=397(439066ms) xte=0.00m spd=0.00m/s q=0 ggaAge=53 vtgAge=52 xteAge=439066 xteraw=80:510302FF0D060BFF vt=Y(21/22) vtstat=398/376ms tc=Y drp=0mm tcq=0
16:57:54.646 [ISOBUS] addr=0x81 claimed=Y load=14.0% msgs=10717 aiso=398(440066ms) xte=0.00m spd=0.00m/s q=0 ggaAge=53 vtgAge=52 xteAge=440066 xteraw=80:510302FF0D060BFF vt=Y(21/22) vtstat=399/375ms tc=Y drp=0mm tcq=0
16:57:55.642 [ISOBUS] addr=0x81 claimed=Y load=14.3% msgs=10758 aiso=399(441066ms) xte=0.00m spd=0.00m/s q=0 ggaAge=53 vtgAge=52 xteAge=441066 xteraw=80:510302FF0D060BFF vt=Y(21/22) vtstat=400/374ms tc=Y drp=0mm tcq=0
16:57:56.620 [ISOBUS] addr=0x81 claimed=Y load=14.0% msgs=10799 aiso=400(442066ms) xte=0.00m spd=0.00m/s q=0 ggaAge=53 vtgAge=44 xteAge=442066 xteraw=80:510302FF0D060BFF vt=Y(21/22) vtstat=401/374ms tc=Y drp=0mm tcq=0
16:57:57.626 [ISOBUS] addr=0x81 claimed=Y load=14.2% msgs=10840 aiso=401(443066ms) xte=0.00m spd=0.00m/s q=0 ggaAge=52 vtgAge=51 xteAge=443066 xteraw=80:510302FF0D060BFF vt=Y(21/22) vtstat=402/373ms tc=Y drp=0mm tcq=0
16:57:58.621 [ISOBUS] addr=0x81 claimed=Y load=14.1% msgs=10881 aiso=402(444066ms) xte=0.00m spd=0.00m/s q=0 ggaAge=53 vtgAge=53 xteAge=444066 xteraw=80:510302FF0D060BFF vt=Y(21/22) vtstat=403/372ms tc=Y drp=0mm tcq=0
16:57:59.622 [ISOBUS] addr=0x81 claimed=Y load=14.2% msgs=10922 aiso=403(445066ms) xte=0.00m spd=0.00m/s q=0 ggaAge=53 vtgAge=53 xteAge=445066 xteraw=80:510302FF0D060BFF vt=Y(21/22) vtstat=404/372ms tc=Y drp=0mm tcq=0
16:58:00.629 [ISOBUS] addr=0x81 claimed=Y load=14.5% msgs=10967 aiso=404(446066ms) xte=0.00m spd=0.00m/s q=0 ggaAge=53 vtgAge=52 xteAge=446066 xteraw=80:510302FF0D060BFF vt=Y(21/22) vtstat=405/371ms tc=Y drp=0mm tcq=0
16:58:01.617 [ISOBUS] addr=0x81 claimed=Y load=14.2% msgs=11008 aiso=405(447066ms) xte=0.00m spd=0.00m/s q=0 ggaAge=53 vtgAge=53 xteAge=447066 xteraw=80:510302FF0D060BFF vt=Y(21/22) vtstat=406/371ms tc=Y drp=0mm tcq=0
16:58:02.625 [ISOBUS] addr=0x81 claimed=Y load=14.0% msgs=11049 aiso=406(448066ms) xte=0.00m spd=0.00m/s q=0 ggaAge=53 vtgAge=53 xteAge=448066 xteraw=80:510302FF0D060BFF vt=Y(21/22) vtstat=407/370ms tc=Y drp=0mm tcq=0
16:58:03.615 [ISOBUS] addr=0x81 claimed=Y load=14.2% msgs=11090 aiso=407(449066ms) xte=0.00m spd=0.00m/s q=0 ggaAge=53 vtgAge=52 xteAge=449066 xteraw=80:510302FF0D060BFF vt=Y(21/22) vtstat=408/369ms tc=Y drp=0mm tcq=0
16:58:04.617 [ISOBUS] addr=0x81 claimed=Y load=14.0% msgs=11131 aiso=408(450066ms) xte=0.00m spd=0.00m/s q=0 ggaAge=53 vtgAge=52 xteAge=450066 xteraw=80:510302FF0D060BFF vt=Y(21/22) vtstat=409/369ms tc=Y drp=0mm tcq=0
16:58:05.617 [ISOBUS] addr=0x81 claimed=Y load=14.2% msgs=11172 aiso=409(451066ms) xte=0.00m spd=0.00m/s q=0 ggaAge=53 vtgAge=52 xteAge=451066 xteraw=80:510302FF0D060BFF vt=Y(21/22) vtstat=410/368ms tc=Y drp=0mm tcq=0
16:58:06.629 [ISOBUS] addr=0x81 claimed=Y load=14.0% msgs=11213 aiso=410(452066ms) xte=0.00m spd=0.00m/s q=0 ggaAge=53 vtgAge=52 xteAge=452066 xteraw=80:510302FF0D060BFF vt=Y(21/22) vtstat=411/368ms tc=Y drp=0mm tcq=0
16:58:07.624 [ISOBUS] addr=0x81 claimed=Y load=14.2% msgs=11254 aiso=411(453066ms) xte=0.00m spd=0.00m/s q=0 ggaAge=39 vtgAge=38 xteAge=453066 xteraw=80:510302FF0D060BFF vt=Y(21/22) vtstat=412/367ms tc=Y drp=0mm tcq=0
16:58:08.626 [ISOBUS] addr=0x81 claimed=Y load=14.0% msgs=11295 aiso=412(454066ms) xte=0.00m spd=0.00m/s q=0 ggaAge=52 vtgAge=51 xteAge=454066 xteraw=80:510302FF0D060BFF vt=Y(21/22) vtstat=413/366ms tc=Y drp=0mm tcq=0
16:58:09.642 [ISOBUS] addr=0x81 claimed=Y load=14.2% msgs=11336 aiso=413(455066ms) xte=0.00m spd=0.00m/s q=0 ggaAge=53 vtgAge=52 xteAge=455066 xteraw=80:510302FF0D060BFF vt=Y(21/22) vtstat=414/366ms tc=Y drp=0mm tcq=0
16:58:10.641 [ISOBUS] addr=0x81 claimed=Y load=14.6% msgs=11381 aiso=414(456066ms) xte=0.00m spd=0.00m/s q=0 ggaAge=53 vtgAge=44 xteAge=456066 xteraw=80:510302FF0D060BFF vt=Y(21/22) vtstat=415/365ms tc=Y drp=0mm tcq=0
16:58:11.627 [ISOBUS] addr=0x81 claimed=Y load=14.2% msgs=11422 aiso=415(457066ms) xte=0.00m spd=0.00m/s q=0 ggaAge=53 vtgAge=52 xteAge=457066 xteraw=80:510302FF0D060BFF vt=Y(21/22) vtstat=416/365ms tc=Y drp=0mm tcq=0
16:58:12.646 [ISOBUS] addr=0x81 claimed=Y load=14.0% msgs=11463 aiso=416(458066ms) xte=0.00m spd=0.00m/s q=0 ggaAge=52 vtgAge=51 xteAge=458066 xteraw=80:510302FF0D060BFF vt=Y(21/22) vtstat=417/364ms tc=Y drp=0mm tcq=0
16:58:13.624 [ISOBUS] addr=0x81 claimed=Y load=14.3% msgs=11504 aiso=417(459066ms) xte=0.00m spd=0.00m/s q=0 ggaAge=53 vtgAge=52 xteAge=459066 xteraw=80:510302FF0D060BFF vt=Y(21/22) vtstat=418/364ms tc=Y drp=0mm tcq=0
16:58:14.645 [ISOBUS] addr=0x81 claimed=Y load=14.0% msgs=11545 aiso=418(460066ms) xte=0.00m spd=0.00m/s q=0 ggaAge=52 vtgAge=52 xteAge=460066 xteraw=80:510302FF0D060BFF vt=Y(21/22) vtstat=419/363ms tc=Y drp=0mm tcq=0
16:58:15.633 [ISOBUS] addr=0x81 claimed=Y load=14.2% msgs=11586 aiso=419(461066ms) xte=0.00m spd=0.00m/s q=0 ggaAge=52 vtgAge=51 xteAge=461066 xteraw=80:510302FF0D060BFF vt=Y(21/22) vtstat=420/362ms tc=Y drp=0mm tcq=0
16:58:16.640 [ISOBUS] addr=0x81 claimed=Y load=14.0% msgs=11627 aiso=420(462066ms) xte=0.00m spd=0.00m/s q=0 ggaAge=53 vtgAge=52 xteAge=462066 xteraw=80:510302FF0D060BFF vt=Y(21/22) vtstat=421/362ms tc=Y drp=0mm tcq=0
16:58:17.643 [ISOBUS] addr=0x81 claimed=Y load=14.2% msgs=11668 aiso=421(463066ms) xte=0.00m spd=0.00m/s q=0 ggaAge=52 vtgAge=52 xteAge=463066 xteraw=80:510302FF0D060BFF vt=Y(21/22) vtstat=422/361ms tc=Y drp=0mm tcq=0
16:58:18.621 [ISOBUS] addr=0x81 claimed=Y load=14.0% msgs=11709 aiso=422(464066ms) xte=0.00m spd=0.00m/s q=0 ggaAge=52 vtgAge=52 xteAge=464066 xteraw=80:510302FF0D060BFF vt=Y(21/22) vtstat=423/359ms tc=Y drp=0mm tcq=0
16:58:19.643 [ISOBUS] addr=0x81 claimed=Y load=14.2% msgs=11750 aiso=423(465066ms) xte=0.00m spd=0.00m/s q=0 ggaAge=53 vtgAge=52 xteAge=465066 xteraw=80:510302FF0D060BFF vt=Y(21/22) vtstat=424/359ms tc=Y drp=0mm tcq=0
16:58:20.622 [ISOBUS] addr=0x81 claimed=Y load=14.5% msgs=11795 aiso=424(466066ms) xte=0.00m spd=0.00m/s q=0 ggaAge=52 vtgAge=52 xteAge=466066 xteraw=80:510302FF0D060BFF vt=Y(21/22) vtstat=425/359ms tc=Y drp=0mm tcq=0
16:58:21.646 [ISOBUS] addr=0x81 claimed=Y load=14.2% msgs=11836 aiso=425(467066ms) xte=0.00m spd=0.00m/s q=0 ggaAge=52 vtgAge=52 xteAge=467066 xteraw=80:510302FF0D060BFF vt=Y(21/22) vtstat=426/359ms tc=Y drp=0mm tcq=0
16:58:22.637 [ISOBUS] addr=0x81 claimed=Y load=14.0% msgs=11877 aiso=426(468066ms) xte=0.00m spd=0.00m/s q=0 ggaAge=53 vtgAge=52 xteAge=468066 xteraw=80:510302FF0D060BFF vt=Y(21/22) vtstat=427/358ms tc=Y drp=0mm tcq=0
16:58:23.646 [ISOBUS] addr=0x81 claimed=Y load=14.2% msgs=11918 aiso=427(469066ms) xte=0.00m spd=0.00m/s q=0 ggaAge=53 vtgAge=52 xteAge=469066 xteraw=80:510302FF0D060BFF vt=Y(21/22) vtstat=428/358ms tc=Y drp=0mm tcq=0
16:58:24.628 [ISOBUS] addr=0x81 claimed=Y load=14.0% msgs=11959 aiso=428(470066ms) xte=0.00m spd=0.00m/s q=0 ggaAge=53 vtgAge=52 xteAge=470066 xteraw=80:510302FF0D060BFF vt=Y(21/22) vtstat=429/357ms tc=Y drp=0mm tcq=0
16:58:25.627 [ISOBUS] addr=0x81 claimed=Y load=14.3% msgs=12000 aiso=429(471066ms) xte=0.00m spd=0.00m/s q=0 ggaAge=52 vtgAge=52 xteAge=471066 xteraw=80:510302FF0D060BFF vt=Y(21/22) vtstat=430/356ms tc=Y drp=0mm tcq=0
16:58:26.621 [ISOBUS] addr=0x81 claimed=Y load=14.0% msgs=12041 aiso=430(472066ms) xte=0.00m spd=0.00m/s q=0 ggaAge=52 vtgAge=51 xteAge=472066 xteraw=80:510302FF0D060BFF vt=Y(21/22) vtstat=431/355ms tc=Y drp=0mm tcq=0
16:58:27.627 [ISOBUS] addr=0x81 claimed=Y load=14.2% msgs=12082 aiso=431(473066ms) xte=0.00m spd=0.00m/s q=0 ggaAge=52 vtgAge=52 xteAge=473066 xteraw=80:510302FF0D060BFF vt=Y(21/22) vtstat=432/355ms tc=Y drp=0mm tcq=0
16:58:28.629 [ISOBUS] addr=0x81 claimed=Y load=14.0% msgs=12123 aiso=432(474066ms) xte=0.00m spd=0.00m/s q=0 ggaAge=52 vtgAge=52 xteAge=474066 xteraw=80:510302FF0D060BFF vt=Y(21/22) vtstat=433/354ms tc=Y drp=0mm tcq=0
16:58:29.640 [ISOBUS] addr=0x81 claimed=Y load=14.2% msgs=12164 aiso=433(475066ms) xte=0.00m spd=0.00m/s q=0 ggaAge=52 vtgAge=51 xteAge=475066 xteraw=80:510302FF0D060BFF vt=Y(21/22) vtstat=434/354ms tc=Y drp=0mm tcq=0
16:58:30.625 [ISOBUS] addr=0x81 claimed=Y load=14.5% msgs=12209 aiso=434(476066ms) xte=0.00m spd=0.00m/s q=0 ggaAge=51 vtgAge=51 xteAge=476066 xteraw=80:510302FF0D060BFF vt=Y(21/22) vtstat=435/353ms tc=Y drp=0mm tcq=0
16:58:31.627 [ISOBUS] addr=0x81 claimed=Y load=14.2% msgs=12250 aiso=435(477066ms) xte=0.00m spd=0.00m/s q=0 ggaAge=52 vtgAge=51 xteAge=477066 xteraw=80:510302FF0D060BFF vt=Y(21/22) vtstat=436/352ms tc=Y drp=0mm tcq=0
16:58:32.626 [ISOBUS] addr=0x81 claimed=Y load=14.0% msgs=12291 aiso=436(478066ms) xte=0.00m spd=0.00m/s q=0 ggaAge=52 vtgAge=52 xteAge=478066 xteraw=80:510302FF0D060BFF vt=Y(21/22) vtstat=437/351ms tc=Y drp=0mm tcq=0
16:58:33.640 [ISOBUS] addr=0x81 claimed=Y load=14.2% msgs=12332 aiso=437(479066ms) xte=0.00m spd=0.00m/s q=0 ggaAge=52 vtgAge=51 xteAge=479066 xteraw=80:510302FF0D060BFF vt=Y(21/22) vtstat=438/351ms tc=Y drp=0mm tcq=0
16:58:34.615 [ISOBUS] addr=0x81 claimed=Y load=14.0% msgs=12373 aiso=438(480066ms) xte=0.00m spd=0.00m/s q=0 ggaAge=52 vtgAge=51 xteAge=480066 xteraw=80:510302FF0D060BFF vt=Y(21/22) vtstat=439/350ms tc=Y drp=0mm tcq=0
16:58:35.647 [ISOBUS] addr=0x81 claimed=Y load=14.2% msgs=12414 aiso=439(481066ms) xte=0.00m spd=0.00m/s q=0 ggaAge=52 vtgAge=52 xteAge=481066 xteraw=80:510302FF0D060BFF vt=Y(21/22) vtstat=440/350ms tc=Y drp=0mm tcq=0
16:58:36.634 [ISOBUS] addr=0x81 claimed=Y load=14.0% msgs=12455 aiso=440(482066ms) xte=0.00m spd=0.00m/s q=0 ggaAge=52 vtgAge=51 xteAge=482066 xteraw=80:510302FF0D060BFF vt=Y(21/22) vtstat=441/349ms tc=Y drp=0mm tcq=0
16:58:37.627 [ISOBUS] addr=0x81 claimed=Y load=14.2% msgs=12496 aiso=441(483066ms) xte=0.00m spd=0.00m/s q=0 ggaAge=52 vtgAge=52 xteAge=483066 xteraw=80:510302FF0D060BFF vt=Y(21/22) vtstat=442/349ms tc=Y drp=0mm tcq=0
16:58:38.626 [ISOBUS] addr=0x81 claimed=Y load=14.0% msgs=12537 aiso=442(484066ms) xte=0.00m spd=0.00m/s q=0 ggaAge=52 vtgAge=51 xteAge=484066 xteraw=80:510302FF0D060BFF vt=Y(21/22) vtstat=443/348ms tc=Y drp=0mm tcq=0
16:58:39.641 [ISOBUS] addr=0x81 claimed=Y load=14.2% msgs=12578 aiso=443(485066ms) xte=0.00m spd=0.00m/s q=0 ggaAge=52 vtgAge=51 xteAge=485066 xteraw=80:510302FF0D060BFF vt=Y(21/22) vtstat=444/348ms tc=Y drp=0mm tcq=0
16:58:40.638 [ISOBUS] addr=0x81 claimed=Y load=14.5% msgs=12623 aiso=444(486066ms) xte=0.00m spd=0.00m/s q=0 ggaAge=53 vtgAge=52 xteAge=486066 xteraw=80:510302FF0D060BFF vt=Y(21/22) vtstat=445/347ms tc=Y drp=0mm tcq=0
16:58:41.641 [ISOBUS] addr=0x81 claimed=Y load=14.2% msgs=12664 aiso=445(487066ms) xte=0.00m spd=0.00m/s q=0 ggaAge=52 vtgAge=51 xteAge=487066 xteraw=80:510302FF0D060BFF vt=Y(21/22) vtstat=446/347ms tc=Y drp=0mm tcq=0
16:58:42.643 [ISOBUS] addr=0x81 claimed=Y load=14.0% msgs=12705 aiso=446(488066ms) xte=0.00m spd=0.00m/s q=0 ggaAge=51 vtgAge=51 xteAge=488066 xteraw=80:510302FF0D060BFF vt=Y(21/22) vtstat=447/346ms tc=Y drp=0mm tcq=0
16:58:43.638 [ISOBUS] addr=0x81 claimed=Y load=14.2% msgs=12746 aiso=447(489066ms) xte=0.00m spd=0.00m/s q=0 ggaAge=52 vtgAge=51 xteAge=489066 xteraw=80:510302FF0D060BFF vt=Y(21/22) vtstat=448/345ms tc=Y drp=0mm tcq=0
16:58:44.660 [ISOBUS] addr=0x81 claimed=Y load=14.0% msgs=12787 aiso=448(490066ms) xte=0.00m spd=0.00m/s q=0 ggaAge=52 vtgAge=52 xteAge=490066 xteraw=80:510302FF0D060BFF vt=Y(21/22) vtstat=449/345ms tc=Y drp=0mm tcq=0
16:58:45.619 [ISOBUS] addr=0x81 claimed=Y load=14.2% msgs=12828 aiso=449(491066ms) xte=0.00m spd=0.00m/s q=0 ggaAge=53 vtgAge=52 xteAge=491066 xteraw=80:510302FF0D060BFF vt=Y(21/22) vtstat=450/344ms tc=Y drp=0mm tcq=0
16:58:46.635 [ISOBUS] addr=0x81 claimed=Y load=14.0% msgs=12869 aiso=450(492066ms) xte=0.00m spd=0.00m/s q=0 ggaAge=52 vtgAge=52 xteAge=492066 xteraw=80:510302FF0D060BFF vt=Y(21/22) vtstat=451/343ms tc=Y drp=0mm tcq=0
16:58:47.618 [ISOBUS] addr=0x81 claimed=Y load=14.2% msgs=12910 aiso=451(493066ms) xte=0.00m spd=0.00m/s q=0 ggaAge=53 vtgAge=52 xteAge=493066 xteraw=80:510302FF0D060BFF vt=Y(21/22) vtstat=452/343ms tc=Y drp=0mm tcq=0
16:58:48.628 [ISOBUS] addr=0x81 claimed=Y load=14.0% msgs=12951 aiso=452(494066ms) xte=0.00m spd=0.00m/s q=0 ggaAge=52 vtgAge=52 xteAge=494066 xteraw=80:510302FF0D060BFF vt=Y(21/22) vtstat=453/342ms tc=Y drp=0mm tcq=0
16:58:49.639 [ISOBUS] addr=0x81 claimed=Y load=14.2% msgs=12992 aiso=453(495066ms) xte=0.00m spd=0.00m/s q=0 ggaAge=52 vtgAge=52 xteAge=495066 xteraw=80:510302FF0D060BFF vt=Y(21/22) vtstat=454/342ms tc=Y drp=0mm tcq=0
16:58:50.645 [ISOBUS] addr=0x81 claimed=Y load=14.5% msgs=13037 aiso=454(496066ms) xte=0.00m spd=0.00m/s q=0 ggaAge=52 vtgAge=51 xteAge=496066 xteraw=80:510302FF0D060BFF vt=Y(21/22) vtstat=455/341ms tc=Y drp=0mm tcq=0
16:58:51.644 [ISOBUS] addr=0x81 claimed=Y load=14.2% msgs=13078 aiso=455(497066ms) xte=0.00m spd=0.00m/s q=0 ggaAge=53 vtgAge=52 xteAge=497066 xteraw=80:510302FF0D060BFF vt=Y(21/22) vtstat=456/341ms tc=Y drp=0mm tcq=0
16:58:52.640 [ISOBUS] addr=0x81 claimed=Y load=14.0% msgs=13119 aiso=456(498066ms) xte=0.00m spd=0.00m/s q=0 ggaAge=52 vtgAge=52 xteAge=498066 xteraw=80:510302FF0D060BFF vt=Y(21/22) vtstat=457/340ms tc=Y drp=0mm tcq=0
16:58:53.640 [ISOBUS] addr=0x81 claimed=Y load=14.2% msgs=13160 aiso=457(499066ms) xte=0.00m spd=0.00m/s q=0 ggaAge=51 vtgAge=51 xteAge=499066 xteraw=80:510302FF0D060BFF vt=Y(21/22) vtstat=458/339ms tc=Y drp=0mm tcq=0
16:58:54.624 [ISOBUS] addr=0x81 claimed=Y load=14.0% msgs=13201 aiso=458(500066ms) xte=0.00m spd=0.00m/s q=0 ggaAge=53 vtgAge=52 xteAge=500066 xteraw=80:510302FF0D060BFF vt=Y(21/22) vtstat=459/338ms tc=Y drp=0mm tcq=0
16:58:55.626 [ISOBUS] addr=0x81 claimed=Y load=14.2% msgs=13242 aiso=459(501066ms) xte=0.00m spd=0.00m/s q=0 ggaAge=51 vtgAge=50 xteAge=501066 xteraw=80:510302FF0D060BFF vt=Y(21/22) vtstat=460/338ms tc=Y drp=0mm tcq=0
16:58:56.623 [ISOBUS] addr=0x81 claimed=Y load=14.0% msgs=13283 aiso=460(502066ms) xte=0.00m spd=0.00m/s q=0 ggaAge=52 vtgAge=51 xteAge=502066 xteraw=80:510302FF0D060BFF vt=Y(21/22) vtstat=461/337ms tc=Y drp=0mm tcq=0
16:58:57.637 [ISOBUS] addr=0x81 claimed=Y load=14.2% msgs=13324 aiso=461(503066ms) xte=0.00m spd=0.00m/s q=0 ggaAge=52 vtgAge=52 xteAge=503066 xteraw=80:510302FF0D060BFF vt=Y(21/22) vtstat=462/337ms tc=Y drp=0mm tcq=0
16:58:58.660 [ISOBUS] addr=0x81 claimed=Y load=14.0% msgs=13365 aiso=462(504066ms) xte=0.00m spd=0.00m/s q=0 ggaAge=45 vtgAge=44 xteAge=504066 xteraw=80:510302FF0D060BFF vt=Y(21/22) vtstat=463/336ms tc=Y drp=0mm tcq=0
16:58:59.640 [ISOBUS] addr=0x81 claimed=Y load=14.2% msgs=13406 aiso=463(505066ms) xte=0.00m spd=0.00m/s q=0 ggaAge=52 vtgAge=51 xteAge=505066 xteraw=80:510302FF0D060BFF vt=Y(21/22) vtstat=464/336ms tc=Y drp=0mm tcq=0
16:59:00.623 [ISOBUS] addr=0x81 claimed=Y load=14.5% msgs=13451 aiso=464(506066ms) xte=0.00m spd=0.00m/s q=0 ggaAge=52 vtgAge=52 xteAge=506066 xteraw=80:510302FF0D060BFF vt=Y(21/22) vtstat=465/335ms tc=Y drp=0mm tcq=0
16:59:01.625 [ISOBUS] addr=0x81 claimed=Y load=14.2% msgs=13492 aiso=465(507066ms) xte=0.00m spd=0.00m/s q=0 ggaAge=52 vtgAge=52 xteAge=507066 xteraw=80:510302FF0D060BFF vt=Y(21/22) vtstat=466/334ms tc=Y drp=0mm tcq=0
16:59:02.630 [ISOBUS] addr=0x81 claimed=Y load=14.0% msgs=13533 aiso=466(508066ms) xte=0.00m spd=0.00m/s q=0 ggaAge=52 vtgAge=52 xteAge=508066 xteraw=80:510302FF0D060BFF vt=Y(21/22) vtstat=467/334ms tc=Y drp=0mm tcq=0
16:59:03.630 [ISOBUS] addr=0x81 claimed=Y load=14.2% msgs=13574 aiso=467(509066ms) xte=0.00m spd=0.00m/s q=0 ggaAge=52 vtgAge=51 xteAge=509066 xteraw=80:510302FF0D060BFF vt=Y(21/22) vtstat=468/333ms tc=Y drp=0mm tcq=0
16:59:04.631 [ISOBUS] addr=0x81 claimed=Y load=14.0% msgs=13615 aiso=468(510066ms) xte=0.00m spd=0.00m/s q=0 ggaAge=52 vtgAge=52 xteAge=510066 xteraw=80:510302FF0D060BFF vt=Y(21/22) vtstat=469/332ms tc=Y drp=0mm tcq=0
16:59:05.627 [ISOBUS] addr=0x81 claimed=Y load=14.2% msgs=13656 aiso=469(511066ms) xte=0.00m spd=0.00m/s q=0 ggaAge=52 vtgAge=52 xteAge=511066 xteraw=80:510302FF0D060BFF vt=Y(21/22) vtstat=470/332ms tc=Y drp=0mm tcq=0
16:59:06.625 [ISOBUS] addr=0x81 claimed=Y load=14.0% msgs=13697 aiso=470(512066ms) xte=0.00m spd=0.00m/s q=0 ggaAge=52 vtgAge=51 xteAge=512066 xteraw=80:510302FF0D060BFF vt=Y(21/22) vtstat=471/331ms tc=Y drp=0mm tcq=0
16:59:07.621 [ISOBUS] addr=0x81 claimed=Y load=14.2% msgs=13738 aiso=471(513066ms) xte=0.00m spd=0.00m/s q=0 ggaAge=52 vtgAge=52 xteAge=513066 xteraw=80:510302FF0D060BFF vt=Y(21/22) vtstat=472/331ms tc=Y drp=0mm tcq=0
16:59:08.632 [ISOBUS] addr=0x81 claimed=Y load=14.0% msgs=13779 aiso=472(514066ms) xte=0.00m spd=0.00m/s q=0 ggaAge=51 vtgAge=51 xteAge=514066 xteraw=80:510302FF0D060BFF vt=Y(21/22) vtstat=473/330ms tc=Y drp=0mm tcq=0
16:59:09.624 [ISOBUS] addr=0x81 claimed=Y load=14.2% msgs=13820 aiso=473(515066ms) xte=0.00m spd=0.00m/s q=0 ggaAge=52 vtgAge=52 xteAge=515066 xteraw=80:510302FF0D060BFF vt=Y(21/22) vtstat=474/330ms tc=Y drp=0mm tcq=0
16:59:10.621 [ISOBUS] addr=0x81 claimed=Y load=14.5% msgs=13865 aiso=474(516066ms) xte=0.00m spd=0.00m/s q=0 ggaAge=51 vtgAge=51 xteAge=516066 xteraw=80:510302FF0D060BFF vt=Y(21/22) vtstat=475/329ms tc=Y drp=0mm tcq=0
16:59:11.640 [ISOBUS] addr=0x81 claimed=Y load=14.2% msgs=13906 aiso=475(517066ms) xte=0.00m spd=0.00m/s q=0 ggaAge=52 vtgAge=52 xteAge=517066 xteraw=80:510302FF0D060BFF vt=Y(21/22) vtstat=476/329ms tc=Y drp=0mm tcq=0
16:59:12.625 [ISOBUS] addr=0x81 claimed=Y load=14.0% msgs=13947 aiso=476(518066ms) xte=0.00m spd=0.00m/s q=0 ggaAge=52 vtgAge=51 xteAge=518066 xteraw=80:510302FF0D060BFF vt=Y(21/22) vtstat=477/327ms tc=Y drp=0mm tcq=0
16:59:13.645 [ISOBUS] addr=0x81 claimed=Y load=14.2% msgs=13988 aiso=477(519066ms) xte=0.00m spd=0.00m/s q=0 ggaAge=52 vtgAge=51 xteAge=519066 xteraw=80:510302FF0D060BFF vt=Y(21/22) vtstat=478/327ms tc=Y drp=0mm tcq=0
16:59:14.640 [ISOBUS] addr=0x81 claimed=Y load=14.0% msgs=14029 aiso=478(520066ms) xte=0.00m spd=0.00m/s q=0 ggaAge=52 vtgAge=51 xteAge=520066 xteraw=80:510302FF0D060BFF vt=Y(21/22) vtstat=479/326ms tc=Y drp=0mm tcq=0
16:59:15.644 [ISOBUS] addr=0x81 claimed=Y load=14.2% msgs=14070 aiso=479(521066ms) xte=0.00m spd=0.00m/s q=0 ggaAge=53 vtgAge=52 xteAge=521066 xteraw=80:510302FF0D060BFF vt=Y(21/22) vtstat=480/326ms tc=Y drp=0mm tcq=0
16:59:16.628 [ISOBUS] addr=0x81 claimed=Y load=14.0% msgs=14111 aiso=480(522066ms) xte=0.00m spd=0.00m/s q=0 ggaAge=53 vtgAge=52 xteAge=522066 xteraw=80:510302FF0D060BFF vt=Y(21/22) vtstat=481/325ms tc=Y drp=0mm tcq=0
16:59:17.630 [ISOBUS] addr=0x81 claimed=Y load=14.2% msgs=14152 aiso=481(523066ms) xte=0.00m spd=0.00m/s q=0 ggaAge=52 vtgAge=52 xteAge=523066 xteraw=80:510302FF0D060BFF vt=Y(21/22) vtstat=482/325ms tc=Y drp=0mm tcq=0
16:59:18.646 [ISOBUS] addr=0x81 claimed=Y load=14.0% msgs=14193 aiso=482(524066ms) xte=0.00m spd=0.00m/s q=0 ggaAge=51 vtgAge=50 xteAge=524066 xteraw=80:510302FF0D060BFF vt=Y(21/22) vtstat=483/324ms tc=Y drp=0mm tcq=0
16:59:19.648 [ISOBUS] addr=0x81 claimed=Y load=14.2% msgs=14234 aiso=483(525066ms) xte=0.00m spd=0.00m/s q=0 ggaAge=52 vtgAge=52 xteAge=525066 xteraw=80:510302FF0D060BFF vt=Y(21/22) vtstat=484/324ms tc=Y drp=0mm tcq=0
16:59:20.648 [ISOBUS] addr=0x81 claimed=Y load=14.5% msgs=14279 aiso=484(526066ms) xte=0.00m spd=0.00m/s q=0 ggaAge=51 vtgAge=51 xteAge=526066 xteraw=80:510302FF0D060BFF vt=Y(21/22) vtstat=485/323ms tc=Y drp=0mm tcq=0
16:59:21.618 [ISOBUS] addr=0x81 claimed=Y load=14.2% msgs=14320 aiso=485(527066ms) xte=0.00m spd=0.00m/s q=0 ggaAge=52 vtgAge=52 xteAge=527066 xteraw=80:510302FF0D060BFF vt=Y(21/22) vtstat=486/322ms tc=Y drp=0mm tcq=0
16:59:21.650 I] [NM]: Control function with address 205 and NAME 000000000000000lx is now offline on channel 198344577.
16:59:22.641 [ISOBUS] addr=0x81 claimed=Y load=14.0% msgs=14361 aiso=486(528066ms) xte=0.00m spd=0.00m/s q=0 ggaAge=52 vtgAge=52 xteAge=528066 xteraw=80:510302FF0D060BFF vt=Y(21/22) vtstat=487/322ms tc=Y drp=0mm tcq=0
16:59:22.895 I] [NM]: External control function with name 000000000000000lx has claimed address 198344577 on channel 2684363008.
16:59:23.645 [ISOBUS] addr=0x81 claimed=Y load=14.2% msgs=14402 aiso=487(529066ms) xte=0.00m spd=0.00m/s q=0 ggaAge=52 vtgAge=52 xteAge=529066 xteraw=80:510302FF0D060BFF vt=Y(21/22) vtstat=488/321ms tc=Y drp=0mm tcq=0
16:59:24.644 [ISOBUS] addr=0x81 claimed=Y load=14.0% msgs=14443 aiso=488(530066ms) xte=0.00m spd=0.00m/s q=0 ggaAge=52 vtgAge=51 xteAge=530066 xteraw=80:510302FF0D060BFF vt=Y(21/22) vtstat=489/320ms tc=Y drp=0mm tcq=0
16:59:25.627 [ISOBUS] addr=0x81 claimed=Y load=14.2% msgs=14484 aiso=489(531066ms) xte=0.00m spd=0.00m/s q=0 ggaAge=52 vtgAge=51 xteAge=531066 xteraw=80:510302FF0D060BFF vt=Y(21/22) vtstat=490/320ms tc=Y drp=0mm tcq=0
16:59:26.641 [ISOBUS] addr=0x81 claimed=Y load=14.0% msgs=14525 aiso=490(532066ms) xte=0.00m spd=0.00m/s q=0 ggaAge=52 vtgAge=51 xteAge=532066 xteraw=80:510302FF0D060BFF vt=Y(21/22) vtstat=491/319ms tc=Y drp=0mm tcq=0
16:59:27.621 [ISOBUS] addr=0x81 claimed=Y load=14.2% msgs=14566 aiso=491(533066ms) xte=0.00m spd=0.00m/s q=0 ggaAge=52 vtgAge=52 xteAge=533066 xteraw=80:510302FF0D060BFF vt=Y(21/22) vtstat=492/319ms tc=Y drp=0mm tcq=0
16:59:28.627 [ISOBUS] addr=0x81 claimed=Y load=14.0% msgs=14607 aiso=492(534066ms) xte=0.00m spd=0.00m/s q=0 ggaAge=52 vtgAge=52 xteAge=534066 xteraw=80:510302FF0D060BFF vt=Y(21/22) vtstat=493/318ms tc=Y drp=0mm tcq=0
16:59:29.620 [ISOBUS] addr=0x81 claimed=Y load=14.2% msgs=14648 aiso=493(535066ms) xte=0.00m spd=0.00m/s q=0 ggaAge=52 vtgAge=52 xteAge=535066 xteraw=80:510302FF0D060BFF vt=Y(21/22) vtstat=494/318ms tc=Y drp=0mm tcq=0
16:59:30.644 [ISOBUS] addr=0x81 claimed=Y load=14.5% msgs=14693 aiso=494(536066ms) xte=0.00m spd=0.00m/s q=0 ggaAge=52 vtgAge=52 xteAge=536066 xteraw=80:510302FF0D060BFF vt=Y(21/22) vtstat=495/317ms tc=Y drp=0mm tcq=0
16:59:31.639 [ISOBUS] addr=0x81 claimed=Y load=14.2% msgs=14734 aiso=495(537066ms) xte=0.00m spd=0.00m/s q=0 ggaAge=51 vtgAge=51 xteAge=537066 xteraw=80:510302FF0D060BFF vt=Y(21/22) vtstat=496/316ms tc=Y drp=0mm tcq=0
16:59:32.631 [ISOBUS] addr=0x81 claimed=Y load=14.0% msgs=14775 aiso=496(538066ms) xte=0.00m spd=0.00m/s q=0 ggaAge=52 vtgAge=51 xteAge=538066 xteraw=80:510302FF0D060BFF vt=Y(21/22) vtstat=497/315ms tc=Y drp=0mm tcq=0
16:59:33.640 [ISOBUS] addr=0x81 claimed=Y load=14.2% msgs=14816 aiso=497(539066ms) xte=0.00m spd=0.00m/s q=0 ggaAge=52 vtgAge=51 xteAge=539066 xteraw=80:510302FF0D060BFF vt=Y(21/22) vtstat=498/315ms tc=Y drp=0mm tcq=0
16:59:34.645 [ISOBUS] addr=0x81 claimed=Y load=14.0% msgs=14857 aiso=498(540066ms) xte=0.00m spd=0.00m/s q=0 ggaAge=52 vtgAge=51 xteAge=540066 xteraw=80:510302FF0D060BFF vt=Y(21/22) vtstat=499/314ms tc=Y drp=0mm tcq=0
16:59:35.626 [ISOBUS] addr=0x81 claimed=Y load=14.2% msgs=14898 aiso=499(541066ms) xte=0.00m spd=0.00m/s q=0 ggaAge=51 vtgAge=51 xteAge=541066 xteraw=80:510302FF0D060BFF vt=Y(21/22) vtstat=500/314ms tc=Y drp=0mm tcq=0
16:59:36.639 [ISOBUS] addr=0x81 claimed=Y load=14.0% msgs=14939 aiso=500(542066ms) xte=0.00m spd=0.00m/s q=0 ggaAge=52 vtgAge=51 xteAge=542066 xteraw=80:510302FF0D060BFF vt=Y(21/22) vtstat=501/313ms tc=Y drp=0mm tcq=0
16:59:37.631 [ISOBUS] addr=0x81 claimed=Y load=14.2% msgs=14980 aiso=501(543066ms) xte=0.00m spd=0.00m/s q=0 ggaAge=52 vtgAge=52 xteAge=543066 xteraw=80:510302FF0D060BFF vt=Y(21/22) vtstat=502/312ms tc=Y drp=0mm tcq=0
16:59:38.631 [ISOBUS] addr=0x81 claimed=Y load=14.0% msgs=15021 aiso=502(544066ms) xte=0.00m spd=0.00m/s q=0 ggaAge=51 vtgAge=51 xteAge=544066 xteraw=80:510302FF0D060BFF vt=Y(21/22) vtstat=503/312ms tc=Y drp=0mm tcq=0
16:59:39.632 [ISOBUS] addr=0x81 claimed=Y load=14.2% msgs=15062 aiso=503(545066ms) xte=0.00m spd=0.00m/s q=0 ggaAge=51 vtgAge=50 xteAge=545066 xteraw=80:510302FF0D060BFF vt=Y(21/22) vtstat=504/311ms tc=Y drp=0mm tcq=0
16:59:40.642 [ISOBUS] addr=0x81 claimed=Y load=14.5% msgs=15107 aiso=504(546066ms) xte=0.00m spd=0.00m/s q=0 ggaAge=51 vtgAge=51 xteAge=546066 xteraw=80:510302FF0D060BFF vt=Y(21/22) vtstat=505/310ms tc=Y drp=0mm tcq=0
16:59:41.644 [ISOBUS] addr=0x81 claimed=Y load=14.2% msgs=15148 aiso=505(547066ms) xte=0.00m spd=0.00m/s q=0 ggaAge=52 vtgAge=51 xteAge=547066 xteraw=80:510302FF0D060BFF vt=Y(21/22) vtstat=506/310ms tc=Y drp=0mm tcq=0
16:59:42.645 [ISOBUS] addr=0x81 claimed=Y load=14.0% msgs=15189 aiso=506(548066ms) xte=0.00m spd=0.00m/s q=0 ggaAge=51 vtgAge=50 xteAge=548066 xteraw=80:510302FF0D060BFF vt=Y(21/22) vtstat=507/309ms tc=Y drp=0mm tcq=0
16:59:43.629 [ISOBUS] addr=0x81 claimed=Y load=14.2% msgs=15230 aiso=507(549066ms) xte=0.00m spd=0.00m/s q=0 ggaAge=51 vtgAge=50 xteAge=549066 xteraw=80:510302FF0D060BFF vt=Y(21/22) vtstat=508/309ms tc=Y drp=0mm tcq=0
16:59:44.623 [ISOBUS] addr=0x81 claimed=Y load=14.0% msgs=15271 aiso=508(550066ms) xte=0.00m spd=0.00m/s q=0 ggaAge=51 vtgAge=50 xteAge=550066 xteraw=80:510302FF0D060BFF vt=Y(21/22) vtstat=509/307ms tc=Y drp=0mm tcq=0
16:59:45.624 [ISOBUS] addr=0x81 claimed=Y load=14.2% msgs=15312 aiso=509(551066ms) xte=0.00m spd=0.00m/s q=0 ggaAge=51 vtgAge=51 xteAge=551066 xteraw=80:510302FF0D060BFF vt=Y(21/22) vtstat=510/307ms tc=Y drp=0mm tcq=0
16:59:46.644 [ISOBUS] addr=0x81 claimed=Y load=14.0% msgs=15353 aiso=510(552066ms) xte=0.00m spd=0.00m/s q=0 ggaAge=51 vtgAge=51 xteAge=552066 xteraw=80:510302FF0D060BFF vt=Y(21/22) vtstat=511/307ms tc=Y drp=0mm tcq=0
16:59:47.646 [ISOBUS] addr=0x81 claimed=Y load=14.2% msgs=15394 aiso=511(553066ms) xte=0.00m spd=0.00m/s q=0 ggaAge=51 vtgAge=51 xteAge=553066 xteraw=80:510302FF0D060BFF vt=Y(21/22) vtstat=512/306ms tc=Y drp=0mm tcq=0
16:59:48.626 [ISOBUS] addr=0x81 claimed=Y load=14.0% msgs=15435 aiso=512(554066ms) xte=0.00m spd=0.00m/s q=0 ggaAge=51 vtgAge=51 xteAge=554066 xteraw=80:510302FF0D060BFF vt=Y(21/22) vtstat=513/305ms tc=Y drp=0mm tcq=0
16:59:49.644 [ISOBUS] addr=0x81 claimed=Y load=14.2% msgs=15476 aiso=513(555066ms) xte=0.00m spd=0.00m/s q=0 ggaAge=52 vtgAge=51 xteAge=555066 xteraw=80:510302FF0D060BFF vt=Y(21/22) vtstat=514/305ms tc=Y drp=0mm tcq=0
16:59:50.644 [ISOBUS] addr=0x81 claimed=Y load=14.5% msgs=15521 aiso=514(556066ms) xte=0.00m spd=0.00m/s q=0 ggaAge=51 vtgAge=50 xteAge=556066 xteraw=80:510302FF0D060BFF vt=Y(21/22) vtstat=515/304ms tc=Y drp=0mm tcq=0
16:59:51.644 [ISOBUS] addr=0x81 claimed=Y load=14.2% msgs=15562 aiso=515(557066ms) xte=0.00m spd=0.00m/s q=0 ggaAge=52 vtgAge=51 xteAge=557066 xteraw=80:510302FF0D060BFF vt=Y(21/22) vtstat=516/304ms tc=Y drp=0mm tcq=0
16:59:52.633 [ISOBUS] addr=0x81 claimed=Y load=14.0% msgs=15603 aiso=516(558066ms) xte=0.00m spd=0.00m/s q=0 ggaAge=51 vtgAge=51 xteAge=558066 xteraw=80:510302FF0D060BFF vt=Y(21/22) vtstat=517/303ms tc=Y drp=0mm tcq=0
16:59:53.626 [ISOBUS] addr=0x81 claimed=Y load=14.2% msgs=15644 aiso=517(559066ms) xte=0.00m spd=0.00m/s q=0 ggaAge=52 vtgAge=51 xteAge=559066 xteraw=80:510302FF0D060BFF vt=Y(21/22) vtstat=518/303ms tc=Y drp=0mm tcq=0
16:59:54.626 [ISOBUS] addr=0x81 claimed=Y load=14.0% msgs=15685 aiso=518(560066ms) xte=0.00m spd=0.00m/s q=0 ggaAge=51 vtgAge=50 xteAge=560066 xteraw=80:510302FF0D060BFF vt=Y(21/22) vtstat=519/302ms tc=Y drp=0mm tcq=0
16:59:55.644 [ISOBUS] addr=0x81 claimed=Y load=14.2% msgs=15726 aiso=519(561066ms) xte=0.00m spd=0.00m/s q=0 ggaAge=52 vtgAge=51 xteAge=561066 xteraw=80:510302FF0D060BFF vt=Y(21/22) vtstat=520/302ms tc=Y drp=0mm tcq=0
16:59:56.627 [ISOBUS] addr=0x81 claimed=Y load=14.0% msgs=15767 aiso=520(562066ms) xte=0.00m spd=0.00m/s q=0 ggaAge=51 vtgAge=51 xteAge=562066 xteraw=80:510302FF0D060BFF vt=Y(21/22) vtstat=521/301ms tc=Y drp=0mm tcq=0
16:59:57.627 [ISOBUS] addr=0x81 claimed=Y load=14.2% msgs=15808 aiso=521(563066ms) xte=0.00m spd=0.00m/s q=0 ggaAge=51 vtgAge=51 xteAge=563066 xteraw=80:510302FF0D060BFF vt=Y(21/22) vtstat=522/300ms tc=Y drp=0mm tcq=0
16:59:58.643 [ISOBUS] addr=0x81 claimed=Y load=14.0% msgs=15849 aiso=522(564066ms) xte=0.00m spd=0.00m/s q=0 ggaAge=51 vtgAge=51 xteAge=564066 xteraw=80:510302FF0D060BFF vt=Y(21/22) vtstat=523/299ms tc=Y drp=0mm tcq=0
16:59:59.640 [ISOBUS] addr=0x81 claimed=Y load=14.2% msgs=15890 aiso=523(565066ms) xte=0.00m spd=0.00m/s q=0 ggaAge=51 vtgAge=51 xteAge=565066 xteraw=80:510302FF0D060BFF vt=Y(21/22) vtstat=524/299ms tc=Y drp=0mm tcq=0
17:00:00.626 [ISOBUS] addr=0x81 claimed=Y load=14.5% msgs=15935 aiso=524(566066ms) xte=0.00m spd=0.00m/s q=0 ggaAge=51 vtgAge=50 xteAge=566066 xteraw=80:510302FF0D060BFF vt=Y(21/22) vtstat=525/298ms tc=Y drp=0mm tcq=0
17:00:01.626 [ISOBUS] addr=0x81 claimed=Y load=14.2% msgs=15976 aiso=525(567066ms) xte=0.00m spd=0.00m/s q=0 ggaAge=52 vtgAge=51 xteAge=567066 xteraw=80:510302FF0D060BFF vt=Y(21/22) vtstat=526/296ms tc=Y drp=0mm tcq=0
17:00:02.627 [ISOBUS] addr=0x81 claimed=Y load=14.0% msgs=16017 aiso=526(568066ms) xte=0.00m spd=0.00m/s q=0 ggaAge=51 vtgAge=50 xteAge=568066 xteraw=80:510302FF0D060BFF vt=Y(21/22) vtstat=527/296ms tc=Y drp=0mm tcq=0
17:00:03.636 [ISOBUS] addr=0x81 claimed=Y load=14.2% msgs=16058 aiso=527(569066ms) xte=0.00m spd=0.00m/s q=0 ggaAge=51 vtgAge=51 xteAge=569066 xteraw=80:510302FF0D060BFF vt=Y(21/22) vtstat=528/296ms tc=Y drp=0mm tcq=0
17:00:04.641 [ISOBUS] addr=0x81 claimed=Y load=14.0% msgs=16099 aiso=528(570066ms) xte=0.00m spd=0.00m/s q=0 ggaAge=52 vtgAge=51 xteAge=570066 xteraw=80:510302FF0D060BFF vt=Y(21/22) vtstat=529/296ms tc=Y drp=0mm tcq=0
17:00:05.634 [ISOBUS] addr=0x81 claimed=Y load=14.2% msgs=16140 aiso=529(571066ms) xte=0.00m spd=0.00m/s q=0 ggaAge=52 vtgAge=51 xteAge=571066 xteraw=80:510302FF0D060BFF vt=Y(21/22) vtstat=530/295ms tc=Y drp=0mm tcq=0
17:00:06.638 [ISOBUS] addr=0x81 claimed=Y load=14.0% msgs=16181 aiso=530(572066ms) xte=0.00m spd=0.00m/s q=0 ggaAge=51 vtgAge=51 xteAge=572066 xteraw=80:510302FF0D060BFF vt=Y(21/22) vtstat=531/294ms tc=Y drp=0mm tcq=0
17:00:07.632 [ISOBUS] addr=0x81 claimed=Y load=14.2% msgs=16222 aiso=531(573066ms) xte=0.00m spd=0.00m/s q=0 ggaAge=52 vtgAge=51 xteAge=573066 xteraw=80:510302FF0D060BFF vt=Y(21/22) vtstat=532/294ms tc=Y drp=0mm tcq=0
17:00:08.644 [ISOBUS] addr=0x81 claimed=Y load=14.0% msgs=16263 aiso=532(574066ms) xte=0.00m spd=0.00m/s q=0 ggaAge=51 vtgAge=50 xteAge=574066 xteraw=80:510302FF0D060BFF vt=Y(21/22) vtstat=533/293ms tc=Y drp=0mm tcq=0
17:00:09.628 [ISOBUS] addr=0x81 claimed=Y load=14.2% msgs=16304 aiso=533(575066ms) xte=0.00m spd=0.00m/s q=0 ggaAge=51 vtgAge=50 xteAge=575066 xteraw=80:510302FF0D060BFF vt=Y(21/22) vtstat=534/293ms tc=Y drp=0mm tcq=0
17:00:10.646 [ISOBUS] addr=0x81 claimed=Y load=14.5% msgs=16349 aiso=534(576066ms) xte=0.00m spd=0.00m/s q=0 ggaAge=51 vtgAge=51 xteAge=576066 xteraw=80:510302FF0D060BFF vt=Y(21/22) vtstat=535/292ms tc=Y drp=0mm tcq=0
17:00:11.627 [ISOBUS] addr=0x81 claimed=Y load=14.2% msgs=16390 aiso=535(577066ms) xte=0.00m spd=0.00m/s q=0 ggaAge=50 vtgAge=50 xteAge=577066 xteraw=80:510302FF0D060BFF vt=Y(21/22) vtstat=536/292ms tc=Y drp=0mm tcq=0
17:00:12.644 [ISOBUS] addr=0x81 claimed=Y load=14.0% msgs=16431 aiso=536(578066ms) xte=0.00m spd=0.00m/s q=0 ggaAge=51 vtgAge=50 xteAge=578066 xteraw=80:510302FF0D060BFF vt=Y(21/22) vtstat=537/291ms tc=Y drp=0mm tcq=0
17:00:13.627 [ISOBUS] addr=0x81 claimed=Y load=14.2% msgs=16472 aiso=537(579066ms) xte=0.00m spd=0.00m/s q=0 ggaAge=51 vtgAge=50 xteAge=579066 xteraw=80:510302FF0D060BFF vt=Y(21/22) vtstat=538/291ms tc=Y drp=0mm tcq=0
17:00:14.631 [ISOBUS] addr=0x81 claimed=Y load=14.0% msgs=16513 aiso=538(580066ms) xte=0.00m spd=0.00m/s q=0 ggaAge=51 vtgAge=51 xteAge=580066 xteraw=80:510302FF0D060BFF vt=Y(21/22) vtstat=539/290ms tc=Y drp=0mm tcq=0
17:00:15.640 [ISOBUS] addr=0x81 claimed=Y load=14.2% msgs=16554 aiso=539(581066ms) xte=0.00m spd=0.00m/s q=0 ggaAge=51 vtgAge=51 xteAge=581066 xteraw=80:510302FF0D060BFF vt=Y(21/22) vtstat=540/290ms tc=Y drp=0mm tcq=0
17:00:16.636 [ISOBUS] addr=0x81 claimed=Y load=14.0% msgs=16595 aiso=540(582066ms) xte=0.00m spd=0.00m/s q=0 ggaAge=50 vtgAge=49 xteAge=582066 xteraw=80:510302FF0D060BFF vt=Y(21/22) vtstat=541/288ms tc=Y drp=0mm tcq=0
17:00:17.635 [ISOBUS] addr=0x81 claimed=Y load=14.2% msgs=16636 aiso=541(583066ms) xte=0.00m spd=0.00m/s q=0 ggaAge=52 vtgAge=51 xteAge=583066 xteraw=80:510302FF0D060BFF vt=Y(21/22) vtstat=542/288ms tc=Y drp=0mm tcq=0
17:00:18.660 [ISOBUS] addr=0x81 claimed=Y load=14.0% msgs=16677 aiso=542(584066ms) xte=0.00m spd=0.00m/s q=0 ggaAge=51 vtgAge=50 xteAge=584066 xteraw=80:510302FF0D060BFF vt=Y(21/22) vtstat=543/286ms tc=Y drp=0mm tcq=0
17:00:19.644 [ISOBUS] addr=0x81 claimed=Y load=14.2% msgs=16718 aiso=543(585066ms) xte=0.00m spd=0.00m/s q=0 ggaAge=51 vtgAge=36 xteAge=585066 xteraw=80:510302FF0D060BFF vt=Y(21/22) vtstat=544/286ms tc=Y drp=0mm tcq=0
17:00:20.659 [ISOBUS] addr=0x81 claimed=Y load=14.5% msgs=16763 aiso=544(586066ms) xte=0.00m spd=0.00m/s q=0 ggaAge=50 vtgAge=49 xteAge=586066 xteraw=80:510302FF0D060BFF vt=Y(21/22) vtstat=545/286ms tc=Y drp=0mm tcq=0
17:00:21.645 [ISOBUS] addr=0x81 claimed=Y load=14.2% msgs=16804 aiso=545(587066ms) xte=0.00m spd=0.00m/s q=0 ggaAge=51 vtgAge=50 xteAge=587066 xteraw=80:510302FF0D060BFF vt=Y(21/22) vtstat=546/286ms tc=Y drp=0mm tcq=0
17:00:22.649 [ISOBUS] addr=0x81 claimed=Y load=14.0% msgs=16845 aiso=546(588066ms) xte=0.00m spd=0.00m/s q=0 ggaAge=51 vtgAge=50 xteAge=588066 xteraw=80:510302FF0D060BFF vt=Y(21/22) vtstat=547/285ms tc=Y drp=0mm tcq=0
17:00:23.624 [ISOBUS] addr=0x81 claimed=Y load=14.2% msgs=16886 aiso=547(589066ms) xte=0.00m spd=0.00m/s q=0 ggaAge=51 vtgAge=51 xteAge=589066 xteraw=80:510302FF0D060BFF vt=Y(21/22) vtstat=548/285ms tc=Y drp=0mm tcq=0
17:00:24.635 [ISOBUS] addr=0x81 claimed=Y load=14.0% msgs=16927 aiso=548(590066ms) xte=0.00m spd=0.00m/s q=0 ggaAge=51 vtgAge=50 xteAge=590066 xteraw=80:510302FF0D060BFF vt=Y(21/22) vtstat=549/284ms tc=Y drp=0mm tcq=0
17:00:25.632 [ISOBUS] addr=0x81 claimed=Y load=14.2% msgs=16968 aiso=549(591066ms) xte=0.00m spd=0.00m/s q=0 ggaAge=51 vtgAge=50 xteAge=591066 xteraw=80:510302FF0D060BFF vt=Y(21/22) vtstat=550/283ms tc=Y drp=0mm tcq=0
17:00:26.634 [ISOBUS] addr=0x81 claimed=Y load=14.0% msgs=17009 aiso=550(592066ms) xte=0.00m spd=0.00m/s q=0 ggaAge=50 vtgAge=50 xteAge=592066 xteraw=80:510302FF0D060BFF vt=Y(21/22) vtstat=551/282ms tc=Y drp=0mm tcq=0
17:00:27.626 [ISOBUS] addr=0x81 claimed=Y load=14.2% msgs=17050 aiso=551(593066ms) xte=0.00m spd=0.00m/s q=0 ggaAge=51 vtgAge=51 xteAge=593066 xteraw=80:510302FF0D060BFF vt=Y(21/22) vtstat=552/282ms tc=Y drp=0mm tcq=0
17:00:28.648 [ISOBUS] addr=0x81 claimed=Y load=14.0% msgs=17091 aiso=552(594066ms) xte=0.00m spd=0.00m/s q=0 ggaAge=51 vtgAge=50 xteAge=594066 xteraw=80:510302FF0D060BFF vt=Y(21/22) vtstat=553/281ms tc=Y drp=0mm tcq=0
17:00:29.627 [ISOBUS] addr=0x81 claimed=Y load=14.2% msgs=17132 aiso=553(595066ms) xte=0.00m spd=0.00m/s q=0 ggaAge=51 vtgAge=50 xteAge=595066 xteraw=80:510302FF0D060BFF vt=Y(21/22) vtstat=554/281ms tc=Y drp=0mm tcq=0
17:00:30.642 [ISOBUS] addr=0x81 claimed=Y load=14.5% msgs=17177 aiso=554(596066ms) xte=0.00m spd=0.00m/s q=0 ggaAge=51 vtgAge=50 xteAge=596066 xteraw=80:510302FF0D060BFF vt=Y(21/22) vtstat=555/280ms tc=Y drp=0mm tcq=0
17:00:31.629 [ISOBUS] addr=0x81 claimed=Y load=14.2% msgs=17218 aiso=555(597066ms) xte=0.00m spd=0.00m/s q=0 ggaAge=51 vtgAge=50 xteAge=597066 xteraw=80:510302FF0D060BFF vt=Y(21/22) vtstat=556/279ms tc=Y drp=0mm tcq=0
17:00:32.629 [ISOBUS] addr=0x81 claimed=Y load=14.0% msgs=17259 aiso=556(598066ms) xte=0.00m spd=0.00m/s q=0 ggaAge=51 vtgAge=50 xteAge=598066 xteraw=80:510302FF0D060BFF vt=Y(21/22) vtstat=557/278ms tc=Y drp=0mm tcq=0
17:00:33.630 [ISOBUS] addr=0x81 claimed=Y load=14.2% msgs=17300 aiso=557(599066ms) xte=0.00m spd=0.00m/s q=0 ggaAge=52 vtgAge=51 xteAge=599066 xteraw=80:510302FF0D060BFF vt=Y(21/22) vtstat=558/278ms tc=Y drp=0mm tcq=0
17:00:34.632 [ISOBUS] addr=0x81 claimed=Y load=14.0% msgs=17341 aiso=558(600066ms) xte=0.00m spd=0.00m/s q=0 ggaAge=51 vtgAge=50 xteAge=600066 xteraw=80:510302FF0D060BFF vt=Y(21/22) vtstat=559/277ms tc=Y drp=0mm tcq=0
17:00:35.633 [ISOBUS] addr=0x81 claimed=Y load=14.2% msgs=17382 aiso=559(601066ms) xte=0.00m spd=0.00m/s q=0 ggaAge=51 vtgAge=51 xteAge=601066 xteraw=80:510302FF0D060BFF vt=Y(21/22) vtstat=560/277ms tc=Y drp=0mm tcq=0
17:00:36.648 [ISOBUS] addr=0x81 claimed=Y load=14.0% msgs=17423 aiso=560(602066ms) xte=0.00m spd=0.00m/s q=0 ggaAge=50 vtgAge=49 xteAge=602066 xteraw=80:510302FF0D060BFF vt=Y(21/22) vtstat=561/275ms tc=Y drp=0mm tcq=0
17:00:37.633 [ISOBUS] addr=0x81 claimed=Y load=14.2% msgs=17464 aiso=561(603066ms) xte=0.00m spd=0.00m/s q=0 ggaAge=50 vtgAge=50 xteAge=603066 xteraw=80:510302FF0D060BFF vt=Y(21/22) vtstat=562/275ms tc=Y drp=0mm tcq=0
17:00:38.630 [ISOBUS] addr=0x81 claimed=Y load=14.0% msgs=17505 aiso=562(604066ms) xte=0.00m spd=0.00m/s q=0 ggaAge=52 vtgAge=51 xteAge=604066 xteraw=80:510302FF0D060BFF vt=Y(21/22) vtstat=563/275ms tc=Y drp=0mm tcq=0
17:00:39.646 [ISOBUS] addr=0x81 claimed=Y load=14.2% msgs=17546 aiso=563(605066ms) xte=0.00m spd=0.00m/s q=0 ggaAge=51 vtgAge=50 xteAge=605066 xteraw=80:510302FF0D060BFF vt=Y(21/22) vtstat=564/275ms tc=Y drp=0mm tcq=0
17:00:40.645 [ISOBUS] addr=0x81 claimed=Y load=14.5% msgs=17591 aiso=564(606066ms) xte=0.00m spd=0.00m/s q=0 ggaAge=51 vtgAge=50 xteAge=606066 xteraw=80:510302FF0D060BFF vt=Y(21/22) vtstat=565/273ms tc=Y drp=0mm tcq=0
17:00:41.642 [ISOBUS] addr=0x81 claimed=Y load=14.2% msgs=17632 aiso=565(607066ms) xte=0.00m spd=0.00m/s q=0 ggaAge=51 vtgAge=51 xteAge=607066 xteraw=80:510302FF0D060BFF vt=Y(21/22) vtstat=566/273ms tc=Y drp=0mm tcq=0
17:00:42.647 [ISOBUS] addr=0x81 claimed=Y load=14.0% msgs=17673 aiso=566(608066ms) xte=0.00m spd=0.00m/s q=0 ggaAge=52 vtgAge=51 xteAge=608066 xteraw=80:510302FF0D060BFF vt=Y(21/22) vtstat=567/272ms tc=Y drp=0mm tcq=0
17:00:43.647 [ISOBUS] addr=0x81 claimed=Y load=14.2% msgs=17714 aiso=567(609066ms) xte=0.00m spd=0.00m/s q=0 ggaAge=50 vtgAge=50 xteAge=609066 xteraw=80:510302FF0D060BFF vt=Y(21/22) vtstat=568/272ms tc=Y drp=0mm tcq=0
17:00:44.628 [ISOBUS] addr=0x81 claimed=Y load=14.0% msgs=17755 aiso=568(610066ms) xte=0.00m spd=0.00m/s q=0 ggaAge=52 vtgAge=51 xteAge=610066 xteraw=80:510302FF0D060BFF vt=Y(21/22) vtstat=569/271ms tc=Y drp=0mm tcq=0
17:00:45.649 [ISOBUS] addr=0x81 claimed=Y load=14.3% msgs=17796 aiso=569(611066ms) xte=0.00m spd=0.00m/s q=0 ggaAge=51 vtgAge=50 xteAge=611066 xteraw=80:510302FF0D060BFF vt=Y(21/22) vtstat=570/271ms tc=Y drp=0mm tcq=0
17:00:46.632 [ISOBUS] addr=0x81 claimed=Y load=14.0% msgs=17837 aiso=570(612066ms) xte=0.00m spd=0.00m/s q=0 ggaAge=51 vtgAge=51 xteAge=612066 xteraw=80:510302FF0D060BFF vt=Y(21/22) vtstat=571/270ms tc=Y drp=0mm tcq=0
17:00:47.646 [ISOBUS] addr=0x81 claimed=Y load=14.2% msgs=17878 aiso=571(613066ms) xte=0.00m spd=0.00m/s q=0 ggaAge=51 vtgAge=50 xteAge=613066 xteraw=80:510302FF0D060BFF vt=Y(21/22) vtstat=572/269ms tc=Y drp=0mm tcq=0
17:00:48.623 [ISOBUS] addr=0x81 claimed=Y load=14.0% msgs=17919 aiso=572(614066ms) xte=0.00m spd=0.00m/s q=0 ggaAge=50 vtgAge=50 xteAge=614066 xteraw=80:510302FF0D060BFF vt=Y(21/22) vtstat=573/269ms tc=Y drp=0mm tcq=0
17:00:49.628 [ISOBUS] addr=0x81 claimed=Y load=14.2% msgs=17960 aiso=573(615066ms) xte=0.00m spd=0.00m/s q=0 ggaAge=51 vtgAge=50 xteAge=615066 xteraw=80:510302FF0D060BFF vt=Y(21/22) vtstat=574/268ms tc=Y drp=0mm tcq=0
17:00:50.648 [ISOBUS] addr=0x81 claimed=Y load=14.5% msgs=18005 aiso=574(616066ms) xte=0.00m spd=0.00m/s q=0 ggaAge=51 vtgAge=51 xteAge=616066 xteraw=80:510302FF0D060BFF vt=Y(21/22) vtstat=575/267ms tc=Y drp=0mm tcq=0
17:00:51.645 [ISOBUS] addr=0x81 claimed=Y load=14.2% msgs=18046 aiso=575(617066ms) xte=0.00m spd=0.00m/s q=0 ggaAge=49 vtgAge=49 xteAge=617066 xteraw=80:510302FF0D060BFF vt=Y(21/22) vtstat=576/267ms tc=Y drp=0mm tcq=0
17:00:52.633 [ISOBUS] addr=0x81 claimed=Y load=14.0% msgs=18087 aiso=576(618066ms) xte=0.00m spd=0.00m/s q=0 ggaAge=51 vtgAge=51 xteAge=618066 xteraw=80:510302FF0D060BFF vt=Y(21/22) vtstat=577/266ms tc=Y drp=0mm tcq=0
17:00:53.631 [ISOBUS] addr=0x81 claimed=Y load=14.2% msgs=18128 aiso=577(619066ms) xte=0.00m spd=0.00m/s q=0 ggaAge=50 vtgAge=49 xteAge=619066 xteraw=80:510302FF0D060BFF vt=Y(21/22) vtstat=578/266ms tc=Y drp=0mm tcq=0
17:00:54.644 [ISOBUS] addr=0x81 claimed=Y load=14.1% msgs=18169 aiso=578(620066ms) xte=0.00m spd=0.00m/s q=0 ggaAge=51 vtgAge=51 xteAge=620066 xteraw=80:510302FF0D060BFF vt=Y(21/22) vtstat=579/265ms tc=Y drp=0mm tcq=0
17:00:55.642 [ISOBUS] addr=0x81 claimed=Y load=14.2% msgs=18210 aiso=579(621066ms) xte=0.00m spd=0.00m/s q=0 ggaAge=50 vtgAge=50 xteAge=621066 xteraw=80:510302FF0D060BFF vt=Y(21/22) vtstat=580/265ms tc=Y drp=0mm tcq=0
17:00:56.649 [ISOBUS] addr=0x81 claimed=Y load=14.0% msgs=18251 aiso=580(622066ms) xte=0.00m spd=0.00m/s q=0 ggaAge=51 vtgAge=51 xteAge=622066 xteraw=80:510302FF0D060BFF vt=Y(21/22) vtstat=581/264ms tc=Y drp=0mm tcq=0
17:00:57.641 [ISOBUS] addr=0x81 claimed=Y load=14.2% msgs=18292 aiso=581(623066ms) xte=0.00m spd=0.00m/s q=0 ggaAge=50 vtgAge=50 xteAge=623066 xteraw=80:510302FF0D060BFF vt=Y(21/22) vtstat=582/263ms tc=Y drp=0mm tcq=0
17:00:58.646 [ISOBUS] addr=0x81 claimed=Y load=14.0% msgs=18333 aiso=582(624066ms) xte=0.00m spd=0.00m/s q=0 ggaAge=50 vtgAge=50 xteAge=624066 xteraw=80:510302FF0D060BFF vt=Y(21/22) vtstat=583/263ms tc=Y drp=0mm tcq=0
17:00:59.636 [ISOBUS] addr=0x81 claimed=Y load=14.2% msgs=18374 aiso=583(625066ms) xte=0.00m spd=0.00m/s q=0 ggaAge=51 vtgAge=50 xteAge=625066 xteraw=80:510302FF0D060BFF vt=Y(21/22) vtstat=584/262ms tc=Y drp=0mm tcq=0
17:01:00.642 [ISOBUS] addr=0x81 claimed=Y load=14.5% msgs=18419 aiso=584(626066ms) xte=0.00m spd=0.00m/s q=0 ggaAge=51 vtgAge=50 xteAge=626066 xteraw=80:510302FF0D060BFF vt=Y(21/22) vtstat=585/261ms tc=Y drp=0mm tcq=0
17:01:01.649 [ISOBUS] addr=0x81 claimed=Y load=14.2% msgs=18460 aiso=585(627066ms) xte=0.00m spd=0.00m/s q=0 ggaAge=50 vtgAge=50 xteAge=627066 xteraw=80:510302FF0D060BFF vt=Y(21/22) vtstat=586/261ms tc=Y drp=0mm tcq=0
17:01:02.624 [ISOBUS] addr=0x81 claimed=Y load=14.0% msgs=18501 aiso=586(628066ms) xte=0.00m spd=0.00m/s q=0 ggaAge=51 vtgAge=50 xteAge=628066 xteraw=80:510302FF0D060BFF vt=Y(21/22) vtstat=587/260ms tc=Y drp=0mm tcq=0
17:01:03.633 [ISOBUS] addr=0x81 claimed=Y load=14.2% msgs=18542 aiso=587(629066ms) xte=0.00m spd=0.00m/s q=0 ggaAge=51 vtgAge=51 xteAge=629066 xteraw=80:510302FF0D060BFF vt=Y(21/22) vtstat=588/260ms tc=Y drp=0mm tcq=0
17:01:04.646 [ISOBUS] addr=0x81 claimed=Y load=14.0% msgs=18583 aiso=588(630066ms) xte=0.00m spd=0.00m/s q=0 ggaAge=50 vtgAge=49 xteAge=630066 xteraw=80:510302FF0D060BFF vt=Y(21/22) vtstat=589/259ms tc=Y drp=0mm tcq=0
17:01:05.644 [ISOBUS] addr=0x81 claimed=Y load=14.2% msgs=18624 aiso=589(631066ms) xte=0.00m spd=0.00m/s q=0 ggaAge=51 vtgAge=51 xteAge=631066 xteraw=80:510302FF0D060BFF vt=Y(21/22) vtstat=590/259ms tc=Y drp=0mm tcq=0
17:01:06.646 [ISOBUS] addr=0x81 claimed=Y load=14.0% msgs=18665 aiso=590(632066ms) xte=0.00m spd=0.00m/s q=0 ggaAge=51 vtgAge=51 xteAge=632066 xteraw=80:510302FF0D060BFF vt=Y(21/22) vtstat=591/258ms tc=Y drp=0mm tcq=0
17:01:07.641 [ISOBUS] addr=0x81 claimed=Y load=14.2% msgs=18706 aiso=591(633066ms) xte=0.00m spd=0.00m/s q=0 ggaAge=41 vtgAge=41 xteAge=633066 xteraw=80:510302FF0D060BFF vt=Y(21/22) vtstat=592/258ms tc=Y drp=0mm tcq=0
17:01:08.633 [ISOBUS] addr=0x81 claimed=Y load=14.0% msgs=18747 aiso=592(634066ms) xte=0.00m spd=0.00m/s q=0 ggaAge=51 vtgAge=50 xteAge=634066 xteraw=80:510302FF0D060BFF vt=Y(21/22) vtstat=593/257ms tc=Y drp=0mm tcq=0
17:01:09.629 [ISOBUS] addr=0x81 claimed=Y load=14.2% msgs=18788 aiso=593(635066ms) xte=0.00m spd=0.00m/s q=0 ggaAge=51 vtgAge=50 xteAge=635066 xteraw=80:510302FF0D060BFF vt=Y(21/22) vtstat=594/256ms tc=Y drp=0mm tcq=0
17:01:10.633 [ISOBUS] addr=0x81 claimed=Y load=14.5% msgs=18833 aiso=594(636066ms) xte=0.00m spd=0.00m/s q=0 ggaAge=50 vtgAge=50 xteAge=636066 xteraw=80:510302FF0D060BFF vt=Y(21/22) vtstat=595/255ms tc=Y drp=0mm tcq=0
17:01:11.650 [ISOBUS] addr=0x81 claimed=Y load=14.2% msgs=18874 aiso=595(637066ms) xte=0.00m spd=0.00m/s q=0 ggaAge=50 vtgAge=50 xteAge=637066 xteraw=80:510302FF0D060BFF vt=Y(21/22) vtstat=596/255ms tc=Y drp=0mm tcq=0
17:01:12.646 [ISOBUS] addr=0x81 claimed=Y load=14.0% msgs=18915 aiso=596(638066ms) xte=0.00m spd=0.00m/s q=0 ggaAge=50 vtgAge=49 xteAge=638066 xteraw=80:510302FF0D060BFF vt=Y(21/22) vtstat=597/254ms tc=Y drp=0mm tcq=0
17:01:13.644 [ISOBUS] addr=0x81 claimed=Y load=14.2% msgs=18956 aiso=597(639066ms) xte=0.00m spd=0.00m/s q=0 ggaAge=51 vtgAge=50 xteAge=639066 xteraw=80:510302FF0D060BFF vt=Y(21/22) vtstat=598/254ms tc=Y drp=0mm tcq=0
17:01:14.633 [ISOBUS] addr=0x81 claimed=Y load=14.0% msgs=18997 aiso=598(640066ms) xte=0.00m spd=0.00m/s q=0 ggaAge=41 vtgAge=41 xteAge=640066 xteraw=80:510302FF0D060BFF vt=Y(21/22) vtstat=599/253ms tc=Y drp=0mm tcq=0
17:01:15.643 [ISOBUS] addr=0x81 claimed=Y load=14.2% msgs=19038 aiso=599(641066ms) xte=0.00m spd=0.00m/s q=0 ggaAge=51 vtgAge=51 xteAge=641066 xteraw=80:510302FF0D060BFF vt=Y(21/22) vtstat=600/253ms tc=Y drp=0mm tcq=0
17:01:16.625 [ISOBUS] addr=0x81 claimed=Y load=14.0% msgs=19079 aiso=600(642066ms) xte=0.00m spd=0.00m/s q=0 ggaAge=41 vtgAge=40 xteAge=642066 xteraw=80:510302FF0D060BFF vt=Y(21/22) vtstat=601/252ms tc=Y drp=0mm tcq=0
17:01:17.629 [ISOBUS] addr=0x81 claimed=Y load=14.2% msgs=19120 aiso=601(643066ms) xte=0.00m spd=0.00m/s q=0 ggaAge=50 vtgAge=50 xteAge=643066 xteraw=80:510302FF0D060BFF vt=Y(21/22) vtstat=602/251ms tc=Y drp=0mm tcq=0
17:01:18.646 [ISOBUS] addr=0x81 claimed=Y load=14.0% msgs=19161 aiso=602(644066ms) xte=0.00m spd=0.00m/s q=0 ggaAge=51 vtgAge=50 xteAge=644066 xteraw=80:510302FF0D060BFF vt=Y(21/22) vtstat=603/251ms tc=Y drp=0mm tcq=0
17:01:19.624 [ISOBUS] addr=0x81 claimed=Y load=14.2% msgs=19202 aiso=603(645066ms) xte=0.00m spd=0.00m/s q=0 ggaAge=49 vtgAge=48 xteAge=645066 xteraw=80:510302FF0D060BFF vt=Y(21/22) vtstat=604/250ms tc=Y drp=0mm tcq=0
17:01:20.651 [ISOBUS] addr=0x81 claimed=Y load=14.5% msgs=19247 aiso=604(646066ms) xte=0.00m spd=0.00m/s q=0 ggaAge=51 vtgAge=50 xteAge=646066 xteraw=80:510302FF0D060BFF vt=Y(21/22) vtstat=605/249ms tc=Y drp=0mm tcq=0
17:01:21.649 [ISOBUS] addr=0x81 claimed=Y load=14.2% msgs=19288 aiso=605(647066ms) xte=0.00m spd=0.00m/s q=0 ggaAge=50 vtgAge=50 xteAge=647066 xteraw=80:510302FF0D060BFF vt=Y(21/22) vtstat=606/249ms tc=Y drp=0mm tcq=0
17:01:22.646 [ISOBUS] addr=0x81 claimed=Y load=14.0% msgs=19329 aiso=606(648066ms) xte=0.00m spd=0.00m/s q=0 ggaAge=51 vtgAge=50 xteAge=648066 xteraw=80:510302FF0D060BFF vt=Y(21/22) vtstat=607/248ms tc=Y drp=0mm tcq=0
17:01:23.634 [ISOBUS] addr=0x81 claimed=Y load=14.2% msgs=19370 aiso=607(649066ms) xte=0.00m spd=0.00m/s q=0 ggaAge=51 vtgAge=50 xteAge=649066 xteraw=80:510302FF0D060BFF vt=Y(21/22) vtstat=608/248ms tc=Y drp=0mm tcq=0
17:01:24.627 [ISOBUS] addr=0x81 claimed=Y load=14.0% msgs=19411 aiso=608(650066ms) xte=0.00m spd=0.00m/s q=0 ggaAge=51 vtgAge=50 xteAge=650066 xteraw=80:510302FF0D060BFF vt=Y(21/22) vtstat=609/247ms tc=Y drp=0mm tcq=0
17:01:25.628 [ISOBUS] addr=0x81 claimed=Y load=14.2% msgs=19452 aiso=609(651066ms) xte=0.00m spd=0.00m/s q=0 ggaAge=50 vtgAge=49 xteAge=651066 xteraw=80:510302FF0D060BFF vt=Y(21/22) vtstat=610/246ms tc=Y drp=0mm tcq=0
17:01:26.643 [ISOBUS] addr=0x81 claimed=Y load=14.0% msgs=19493 aiso=610(652066ms) xte=0.00m spd=0.00m/s q=0 ggaAge=51 vtgAge=50 xteAge=652066 xteraw=80:510302FF0D060BFF vt=Y(21/22) vtstat=611/246ms tc=Y drp=0mm tcq=0
17:01:27.648 [ISOBUS] addr=0x81 claimed=Y load=14.2% msgs=19534 aiso=611(653066ms) xte=0.00m spd=0.00m/s q=0 ggaAge=51 vtgAge=50 xteAge=653066 xteraw=80:510302FF0D060BFF vt=Y(21/22) vtstat=612/245ms tc=Y drp=0mm tcq=0
17:01:28.629 [ISOBUS] addr=0x81 claimed=Y load=14.0% msgs=19575 aiso=612(654066ms) xte=0.00m spd=0.00m/s q=0 ggaAge=50 vtgAge=50 xteAge=654066 xteraw=80:510302FF0D060BFF vt=Y(21/22) vtstat=613/244ms tc=Y drp=0mm tcq=0
17:01:29.623 [ISOBUS] addr=0x81 claimed=Y load=14.2% msgs=19616 aiso=613(655066ms) xte=0.00m spd=0.00m/s q=0 ggaAge=50 vtgAge=50 xteAge=655066 xteraw=80:510302FF0D060BFF vt=Y(21/22) vtstat=614/244ms tc=Y drp=0mm tcq=0
17:01:30.633 [ISOBUS] addr=0x81 claimed=Y load=14.5% msgs=19661 aiso=614(656066ms) xte=0.00m spd=0.00m/s q=0 ggaAge=50 vtgAge=50 xteAge=656066 xteraw=80:510302FF0D060BFF vt=Y(21/22) vtstat=615/243ms tc=Y drp=0mm tcq=0
17:01:31.622 [ISOBUS] addr=0x81 claimed=Y load=14.2% msgs=19702 aiso=615(657066ms) xte=0.00m spd=0.00m/s q=0 ggaAge=50 vtgAge=50 xteAge=657066 xteraw=80:510302FF0D060BFF vt=Y(21/22) vtstat=616/243ms tc=Y drp=0mm tcq=0
17:01:32.628 [ISOBUS] addr=0x81 claimed=Y load=14.0% msgs=19743 aiso=616(658066ms) xte=0.00m spd=0.00m/s q=0 ggaAge=42 vtgAge=41 xteAge=658066 xteraw=80:510302FF0D060BFF vt=Y(21/22) vtstat=617/242ms tc=Y drp=0mm tcq=0
17:01:33.621 [ISOBUS] addr=0x81 claimed=Y load=14.2% msgs=19784 aiso=617(659066ms) xte=0.00m spd=0.00m/s q=0 ggaAge=51 vtgAge=50 xteAge=659066 xteraw=80:510302FF0D060BFF vt=Y(21/22) vtstat=618/241ms tc=Y drp=0mm tcq=0
17:01:34.630 [ISOBUS] addr=0x81 claimed=Y load=14.0% msgs=19825 aiso=618(660066ms) xte=0.00m spd=0.00m/s q=0 ggaAge=50 vtgAge=49 xteAge=660066 xteraw=80:510302FF0D060BFF vt=Y(21/22) vtstat=619/241ms tc=Y drp=0mm tcq=0
17:01:35.626 [ISOBUS] addr=0x81 claimed=Y load=14.2% msgs=19866 aiso=619(661066ms) xte=0.00m spd=0.00m/s q=0 ggaAge=50 vtgAge=49 xteAge=661066 xteraw=80:510302FF0D060BFF vt=Y(21/22) vtstat=620/240ms tc=Y drp=0mm tcq=0
17:01:36.643 [ISOBUS] addr=0x81 claimed=Y load=14.0% msgs=19907 aiso=620(662066ms) xte=0.00m spd=0.00m/s q=0 ggaAge=50 vtgAge=49 xteAge=662066 xteraw=80:510302FF0D060BFF vt=Y(21/22) vtstat=621/240ms tc=Y drp=0mm tcq=0
17:01:37.629 [ISOBUS] addr=0x81 claimed=Y load=14.2% msgs=19948 aiso=621(663066ms) xte=0.00m spd=0.00m/s q=0 ggaAge=50 vtgAge=49 xteAge=663066 xteraw=80:510302FF0D060BFF vt=Y(21/22) vtstat=622/239ms tc=Y drp=0mm tcq=0
17:01:38.645 [ISOBUS] addr=0x81 claimed=Y load=14.0% msgs=19989 aiso=622(664066ms) xte=0.00m spd=0.00m/s q=0 ggaAge=50 vtgAge=50 xteAge=664066 xteraw=80:510302FF0D060BFF vt=Y(21/22) vtstat=623/238ms tc=Y drp=0mm tcq=0
17:01:39.626 [ISOBUS] addr=0x81 claimed=Y load=14.2% msgs=20030 aiso=623(665066ms) xte=0.00m spd=0.00m/s q=0 ggaAge=50 vtgAge=49 xteAge=665066 xteraw=80:510302FF0D060BFF vt=Y(21/22) vtstat=624/238ms tc=Y drp=0mm tcq=0
17:01:40.633 [ISOBUS] addr=0x81 claimed=Y load=14.5% msgs=20075 aiso=624(666066ms) xte=0.00m spd=0.00m/s q=0 ggaAge=50 vtgAge=50 xteAge=666066 xteraw=80:510302FF0D060BFF vt=Y(21/22) vtstat=625/237ms tc=Y drp=0mm tcq=0
17:01:41.645 [ISOBUS] addr=0x81 claimed=Y load=14.2% msgs=20116 aiso=625(667066ms) xte=0.00m spd=0.00m/s q=0 ggaAge=50 vtgAge=49 xteAge=667066 xteraw=80:510302FF0D060BFF vt=Y(21/22) vtstat=626/237ms tc=Y drp=0mm tcq=0
17:01:42.643 [ISOBUS] addr=0x81 claimed=Y load=14.0% msgs=20157 aiso=626(668066ms) xte=0.00m spd=0.00m/s q=0 ggaAge=50 vtgAge=50 xteAge=668066 xteraw=80:510302FF0D060BFF vt=Y(21/22) vtstat=627/236ms tc=Y drp=0mm tcq=0
17:01:43.986 [ISOBUS] addr=0x81 claimed=Y load=14.2% msgs=20198 aiso=627(669066ms) xte=0.00m spd=0.00m/s q=0 ggaAge=51 vtgAge=50 xteAge=669066 xteraw=80:510302FF0D060BFF vt=Y(21/22) vtstat=628/235ms tc=Y drp=0mm tcq=0
17:01:44.633 [ISOBUS] addr=0x81 claimed=Y load=14.0% msgs=20239 aiso=628(670066ms) xte=0.00m spd=0.00m/s q=0 ggaAge=50 vtgAge=50 xteAge=670066 xteraw=80:510302FF0D060BFF vt=Y(21/22) vtstat=629/235ms tc=Y drp=0mm tcq=0
17:01:45.647 [ISOBUS] addr=0x81 claimed=Y load=14.2% msgs=20280 aiso=629(671066ms) xte=0.00m spd=0.00m/s q=0 ggaAge=50 vtgAge=50 xteAge=671066 xteraw=80:510302FF0D060BFF vt=Y(21/22) vtstat=630/234ms tc=Y drp=0mm tcq=0
17:01:46.648 [ISOBUS] addr=0x81 claimed=Y load=14.0% msgs=20321 aiso=630(672066ms) xte=0.00m spd=0.00m/s q=0 ggaAge=50 vtgAge=49 xteAge=672066 xteraw=80:510302FF0D060BFF vt=Y(21/22) vtstat=631/233ms tc=Y drp=0mm tcq=0
17:01:47.641 [ISOBUS] addr=0x81 claimed=Y load=14.2% msgs=20362 aiso=631(673066ms) xte=0.00m spd=0.00m/s q=0 ggaAge=38 vtgAge=38 xteAge=673066 xteraw=80:510302FF0D060BFF vt=Y(21/22) vtstat=632/233ms tc=Y drp=0mm tcq=0
17:01:48.625 [ISOBUS] addr=0x81 claimed=Y load=14.0% msgs=20403 aiso=632(674066ms) xte=0.00m spd=0.00m/s q=0 ggaAge=50 vtgAge=50 xteAge=674066 xteraw=80:510302FF0D060BFF vt=Y(21/22) vtstat=633/232ms tc=Y drp=0mm tcq=0
17:01:49.621 [ISOBUS] addr=0x81 claimed=Y load=14.2% msgs=20444 aiso=633(675066ms) xte=0.00m spd=0.00m/s q=0 ggaAge=51 vtgAge=50 xteAge=675066 xteraw=80:510302FF0D060BFF vt=Y(21/22) vtstat=634/232ms tc=Y drp=0mm tcq=0
17:01:50.650 [ISOBUS] addr=0x81 claimed=Y load=14.5% msgs=20489 aiso=634(676066ms) xte=0.00m spd=0.00m/s q=0 ggaAge=50 vtgAge=49 xteAge=676066 xteraw=80:510302FF0D060BFF vt=Y(21/22) vtstat=635/231ms tc=Y drp=0mm tcq=0
17:01:51.627 [ISOBUS] addr=0x81 claimed=Y load=14.2% msgs=20530 aiso=635(677066ms) xte=0.00m spd=0.00m/s q=0 ggaAge=50 vtgAge=50 xteAge=677066 xteraw=80:510302FF0D060BFF vt=Y(21/22) vtstat=636/231ms tc=Y drp=0mm tcq=0
17:01:52.643 [ISOBUS] addr=0x81 claimed=Y load=14.0% msgs=20571 aiso=636(678066ms) xte=0.00m spd=0.00m/s q=0 ggaAge=51 vtgAge=50 xteAge=678066 xteraw=80:510302FF0D060BFF vt=Y(21/22) vtstat=637/230ms tc=Y drp=0mm tcq=0
17:01:53.640 [ISOBUS] addr=0x81 claimed=Y load=14.2% msgs=20612 aiso=637(679066ms) xte=0.00m spd=0.00m/s q=0 ggaAge=50 vtgAge=49 xteAge=679066 xteraw=80:510302FF0D060BFF vt=Y(21/22) vtstat=638/229ms tc=Y drp=0mm tcq=0
17:01:54.635 [ISOBUS] addr=0x81 claimed=Y load=14.0% msgs=20653 aiso=638(680066ms) xte=0.00m spd=0.00m/s q=0 ggaAge=50 vtgAge=49 xteAge=680066 xteraw=80:510302FF0D060BFF vt=Y(21/22) vtstat=639/228ms tc=Y drp=0mm tcq=0
17:01:55.638 [ISOBUS] addr=0x81 claimed=Y load=14.2% msgs=20694 aiso=639(681066ms) xte=0.00m spd=0.00m/s q=0 ggaAge=50 vtgAge=50 xteAge=681066 xteraw=80:510302FF0D060BFF vt=Y(21/22) vtstat=640/228ms tc=Y drp=0mm tcq=0
17:01:56.641 [ISOBUS] addr=0x81 claimed=Y load=14.0% msgs=20735 aiso=640(682066ms) xte=0.00m spd=0.00m/s q=0 ggaAge=49 vtgAge=49 xteAge=682066 xteraw=80:510302FF0D060BFF vt=Y(21/22) vtstat=641/227ms tc=Y drp=0mm tcq=0
17:01:57.621 [ISOBUS] addr=0x81 claimed=Y load=14.2% msgs=20776 aiso=641(683066ms) xte=0.00m spd=0.00m/s q=0 ggaAge=50 vtgAge=49 xteAge=683066 xteraw=80:510302FF0D060BFF vt=Y(21/22) vtstat=642/227ms tc=Y drp=0mm tcq=0
17:01:58.633 [ISOBUS] addr=0x81 claimed=Y load=14.0% msgs=20817 aiso=642(684066ms) xte=0.00m spd=0.00m/s q=0 ggaAge=50 vtgAge=50 xteAge=684066 xteraw=80:510302FF0D060BFF vt=Y(21/22) vtstat=643/226ms tc=Y drp=0mm tcq=0
17:01:59.634 [ISOBUS] addr=0x81 claimed=Y load=14.2% msgs=20858 aiso=643(685066ms) xte=0.00m spd=0.00m/s q=0 ggaAge=51 vtgAge=50 xteAge=685066 xteraw=80:510302FF0D060BFF vt=Y(21/22) vtstat=644/226ms tc=Y drp=0mm tcq=0
17:02:00.635 [ISOBUS] addr=0x81 claimed=Y load=14.5% msgs=20903 aiso=644(686066ms) xte=0.00m spd=0.00m/s q=0 ggaAge=51 vtgAge=50 xteAge=686066 xteraw=80:510302FF0D060BFF vt=Y(21/22) vtstat=645/225ms tc=Y drp=0mm tcq=0
17:02:01.648 [ISOBUS] addr=0x81 claimed=Y load=14.2% msgs=20944 aiso=645(687066ms) xte=0.00m spd=0.00m/s q=0 ggaAge=50 vtgAge=50 xteAge=687066 xteraw=80:510302FF0D060BFF vt=Y(21/22) vtstat=646/225ms tc=Y drp=0mm tcq=0
17:02:02.653 [ISOBUS] addr=0x81 claimed=Y load=14.0% msgs=20985 aiso=646(688066ms) xte=0.00m spd=0.00m/s q=0 ggaAge=49 vtgAge=49 xteAge=688066 xteraw=80:510302FF0D060BFF vt=Y(21/22) vtstat=647/224ms tc=Y drp=0mm tcq=0
17:02:03.649 [ISOBUS] addr=0x81 claimed=Y load=14.2% msgs=21026 aiso=647(689066ms) xte=0.00m spd=0.00m/s q=0 ggaAge=50 vtgAge=50 xteAge=689066 xteraw=80:510302FF0D060BFF vt=Y(21/22) vtstat=648/224ms tc=Y drp=0mm tcq=0
17:02:04.635 [ISOBUS] addr=0x81 claimed=Y load=14.0% msgs=21067 aiso=648(690066ms) xte=0.00m spd=0.00m/s q=0 ggaAge=51 vtgAge=50 xteAge=690066 xteraw=80:510302FF0D060BFF vt=Y(21/22) vtstat=649/223ms tc=Y drp=0mm tcq=0
17:02:05.644 [ISOBUS] addr=0x81 claimed=Y load=14.2% msgs=21108 aiso=649(691066ms) xte=0.00m spd=0.00m/s q=0 ggaAge=50 vtgAge=50 xteAge=691066 xteraw=80:510302FF0D060BFF vt=Y(21/22) vtstat=650/222ms tc=Y drp=0mm tcq=0
17:02:06.620 [ISOBUS] addr=0x81 claimed=Y load=14.0% msgs=21149 aiso=650(692066ms) xte=0.00m spd=0.00m/s q=0 ggaAge=50 vtgAge=50 xteAge=692066 xteraw=80:510302FF0D060BFF vt=Y(21/22) vtstat=651/221ms tc=Y drp=0mm tcq=0
17:02:07.653 [ISOBUS] addr=0x81 claimed=Y load=14.2% msgs=21190 aiso=651(693066ms) xte=0.00m spd=0.00m/s q=0 ggaAge=50 vtgAge=50 xteAge=693066 xteraw=80:510302FF0D060BFF vt=Y(21/22) vtstat=652/221ms tc=Y drp=0mm tcq=0
17:02:08.637 [ISOBUS] addr=0x81 claimed=Y load=14.0% msgs=21231 aiso=652(694066ms) xte=0.00m spd=0.00m/s q=0 ggaAge=50 vtgAge=49 xteAge=694066 xteraw=80:510302FF0D060BFF vt=Y(21/22) vtstat=653/220ms tc=Y drp=0mm tcq=0
17:02:09.620 [ISOBUS] addr=0x81 claimed=Y load=14.2% msgs=21272 aiso=653(695066ms) xte=0.00m spd=0.00m/s q=0 ggaAge=50 vtgAge=49 xteAge=695066 xteraw=80:510302FF0D060BFF vt=Y(21/22) vtstat=654/220ms tc=Y drp=0mm tcq=0
17:02:10.639 [ISOBUS] addr=0x81 claimed=Y load=14.5% msgs=21317 aiso=654(696066ms) xte=0.00m spd=0.00m/s q=0 ggaAge=50 vtgAge=49 xteAge=696066 xteraw=80:510302FF0D060BFF vt=Y(21/22) vtstat=655/219ms tc=Y drp=0mm tcq=0
17:02:11.641 [ISOBUS] addr=0x81 claimed=Y load=14.2% msgs=21358 aiso=655(697066ms) xte=0.00m spd=0.00m/s q=0 ggaAge=50 vtgAge=49 xteAge=697066 xteraw=80:510302FF0D060BFF vt=Y(21/22) vtstat=656/219ms tc=Y drp=0mm tcq=0
17:02:12.627 [ISOBUS] addr=0x81 claimed=Y load=14.0% msgs=21399 aiso=656(698066ms) xte=0.00m spd=0.00m/s q=0 ggaAge=50 vtgAge=50 xteAge=698066 xteraw=80:510302FF0D060BFF vt=Y(21/22) vtstat=657/218ms tc=Y drp=0mm tcq=0
17:02:13.642 [ISOBUS] addr=0x81 claimed=Y load=14.2% msgs=21440 aiso=657(699066ms) xte=0.00m spd=0.00m/s q=0 ggaAge=50 vtgAge=50 xteAge=699066 xteraw=80:510302FF0D060BFF vt=Y(21/22) vtstat=658/217ms tc=Y drp=0mm tcq=0
17:02:14.626 [ISOBUS] addr=0x81 claimed=Y load=14.0% msgs=21481 aiso=658(700066ms) xte=0.00m spd=0.00m/s q=0 ggaAge=50 vtgAge=49 xteAge=700066 xteraw=80:510302FF0D060BFF vt=Y(21/22) vtstat=659/217ms tc=Y drp=0mm tcq=0
17:02:15.640 [ISOBUS] addr=0x81 claimed=Y load=14.2% msgs=21522 aiso=659(701066ms) xte=0.00m spd=0.00m/s q=0 ggaAge=50 vtgAge=50 xteAge=701066 xteraw=80:510302FF0D060BFF vt=Y(21/22) vtstat=660/216ms tc=Y drp=0mm tcq=0
17:02:16.648 [ISOBUS] addr=0x81 claimed=Y load=14.0% msgs=21563 aiso=660(702066ms) xte=0.00m spd=0.00m/s q=0 ggaAge=50 vtgAge=50 xteAge=702066 xteraw=80:510302FF0D060BFF vt=Y(21/22) vtstat=661/215ms tc=Y drp=0mm tcq=0
17:02:17.642 [ISOBUS] addr=0x81 claimed=Y load=14.2% msgs=21604 aiso=661(703066ms) xte=0.00m spd=0.00m/s q=0 ggaAge=49 vtgAge=48 xteAge=703066 xteraw=80:510302FF0D060BFF vt=Y(21/22) vtstat=662/215ms tc=Y drp=0mm tcq=0
17:02:18.633 [ISOBUS] addr=0x81 claimed=Y load=14.0% msgs=21645 aiso=662(704066ms) xte=0.00m spd=0.00m/s q=0 ggaAge=50 vtgAge=49 xteAge=704066 xteraw=80:510302FF0D060BFF vt=Y(21/22) vtstat=663/213ms tc=Y drp=0mm tcq=0
17:02:19.623 [ISOBUS] addr=0x81 claimed=Y load=14.2% msgs=21686 aiso=663(705066ms) xte=0.00m spd=0.00m/s q=0 ggaAge=51 vtgAge=50 xteAge=705066 xteraw=80:510302FF0D060BFF vt=Y(21/22) vtstat=664/213ms tc=Y drp=0mm tcq=0
17:02:20.651 [ISOBUS] addr=0x81 claimed=Y load=14.5% msgs=21731 aiso=664(706066ms) xte=0.00m spd=0.00m/s q=0 ggaAge=50 vtgAge=50 xteAge=706066 xteraw=80:510302FF0D060BFF vt=Y(21/22) vtstat=665/213ms tc=Y drp=0mm tcq=0
17:02:21.651 [ISOBUS] addr=0x81 claimed=Y load=14.2% msgs=21772 aiso=665(707066ms) xte=0.00m spd=0.00m/s q=0 ggaAge=50 vtgAge=49 xteAge=707066 xteraw=80:510302FF0D060BFF vt=Y(21/22) vtstat=666/212ms tc=Y drp=0mm tcq=0
17:02:22.642 [ISOBUS] addr=0x81 claimed=Y load=14.0% msgs=21813 aiso=666(708066ms) xte=0.00m spd=0.00m/s q=0 ggaAge=50 vtgAge=49 xteAge=708066 xteraw=80:510302FF0D060BFF vt=Y(21/22) vtstat=667/211ms tc=Y drp=0mm tcq=0
17:02:23.621 [ISOBUS] addr=0x81 claimed=Y load=14.2% msgs=21854 aiso=667(709066ms) xte=0.00m spd=0.00m/s q=0 ggaAge=50 vtgAge=50 xteAge=709066 xteraw=80:510302FF0D060BFF vt=Y(21/22) vtstat=668/211ms tc=Y drp=0mm tcq=0
17:02:24.636 [ISOBUS] addr=0x81 claimed=Y load=14.0% msgs=21895 aiso=668(710066ms) xte=0.00m spd=0.00m/s q=0 ggaAge=50 vtgAge=50 xteAge=710066 xteraw=80:510302FF0D060BFF vt=Y(21/22) vtstat=669/210ms tc=Y drp=0mm tcq=0
17:02:25.649 [ISOBUS] addr=0x81 claimed=Y load=14.2% msgs=21936 aiso=669(711066ms) xte=0.00m spd=0.00m/s q=0 ggaAge=50 vtgAge=50 xteAge=711066 xteraw=80:510302FF0D060BFF vt=Y(21/22) vtstat=670/210ms tc=Y drp=0mm tcq=0
17:02:26.650 [ISOBUS] addr=0x81 claimed=Y load=14.0% msgs=21977 aiso=670(712066ms) xte=0.00m spd=0.00m/s q=0 ggaAge=49 vtgAge=49 xteAge=712066 xteraw=80:510302FF0D060BFF vt=Y(21/22) vtstat=671/209ms tc=Y drp=0mm tcq=0
17:02:27.649 [ISOBUS] addr=0x81 claimed=Y load=14.2% msgs=22018 aiso=671(713066ms) xte=0.00m spd=0.00m/s q=0 ggaAge=49 vtgAge=49 xteAge=713066 xteraw=80:510302FF0D060BFF vt=Y(21/22) vtstat=672/209ms tc=Y drp=0mm tcq=0
17:02:28.641 [ISOBUS] addr=0x81 claimed=Y load=14.0% msgs=22059 aiso=672(714066ms) xte=0.00m spd=0.00m/s q=0 ggaAge=50 vtgAge=49 xteAge=714066 xteraw=80:510302FF0D060BFF vt=Y(21/22) vtstat=673/208ms tc=Y drp=0mm tcq=0
17:02:29.639 [ISOBUS] addr=0x81 claimed=Y load=14.2% msgs=22100 aiso=673(715066ms) xte=0.00m spd=0.00m/s q=0 ggaAge=50 vtgAge=49 xteAge=715066 xteraw=80:510302FF0D060BFF vt=Y(21/22) vtstat=674/207ms tc=Y drp=0mm tcq=0
17:02:30.626 [ISOBUS] addr=0x81 claimed=Y load=14.5% msgs=22145 aiso=674(716066ms) xte=0.00m spd=0.00m/s q=0 ggaAge=50 vtgAge=49 xteAge=716066 xteraw=80:510302FF0D060BFF vt=Y(21/22) vtstat=675/206ms tc=Y drp=0mm tcq=0
17:02:31.646 [ISOBUS] addr=0x81 claimed=Y load=14.2% msgs=22186 aiso=675(717066ms) xte=0.00m spd=0.00m/s q=0 ggaAge=50 vtgAge=50 xteAge=717066 xteraw=80:510302FF0D060BFF vt=Y(21/22) vtstat=676/206ms tc=Y drp=0mm tcq=0
17:02:32.646 [ISOBUS] addr=0x81 claimed=Y load=14.0% msgs=22227 aiso=676(718066ms) xte=0.00m spd=0.00m/s q=0 ggaAge=50 vtgAge=49 xteAge=718066 xteraw=80:510302FF0D060BFF vt=Y(21/22) vtstat=677/205ms tc=Y drp=0mm tcq=0
17:02:33.622 [ISOBUS] addr=0x81 claimed=Y load=14.2% msgs=22268 aiso=677(719066ms) xte=0.00m spd=0.00m/s q=0 ggaAge=50 vtgAge=49 xteAge=719066 xteraw=80:510302FF0D060BFF vt=Y(21/22) vtstat=678/205ms tc=Y drp=0mm tcq=0
17:02:34.623 [ISOBUS] addr=0x81 claimed=Y load=14.0% msgs=22309 aiso=678(720066ms) xte=0.00m spd=0.00m/s q=0 ggaAge=50 vtgAge=50 xteAge=720066 xteraw=80:510302FF0D060BFF vt=Y(21/22) vtstat=679/202ms tc=Y drp=0mm tcq=0
17:02:35.643 [ISOBUS] addr=0x81 claimed=Y load=14.2% msgs=22350 aiso=679(721066ms) xte=0.00m spd=0.00m/s q=0 ggaAge=50 vtgAge=49 xteAge=721066 xteraw=80:510302FF0D060BFF vt=Y(21/22) vtstat=680/204ms tc=Y drp=0mm tcq=0
17:02:36.623 [ISOBUS] addr=0x81 claimed=Y load=14.0% msgs=22391 aiso=680(722066ms) xte=0.00m spd=0.00m/s q=0 ggaAge=49 vtgAge=48 xteAge=722066 xteraw=80:510302FF0D060BFF vt=Y(21/22) vtstat=681/202ms tc=Y drp=0mm tcq=0
17:02:37.649 [ISOBUS] addr=0x81 claimed=Y load=14.2% msgs=22432 aiso=681(723066ms) xte=0.00m spd=0.00m/s q=0 ggaAge=49 vtgAge=48 xteAge=723066 xteraw=80:510302FF0D060BFF vt=Y(21/22) vtstat=682/202ms tc=Y drp=0mm tcq=0
17:02:38.635 [ISOBUS] addr=0x81 claimed=Y load=14.0% msgs=22473 aiso=682(724066ms) xte=0.00m spd=0.00m/s q=0 ggaAge=50 vtgAge=49 xteAge=724066 xteraw=80:510302FF0D060BFF vt=Y(21/22) vtstat=683/201ms tc=Y drp=0mm tcq=0
17:02:39.640 [ISOBUS] addr=0x81 claimed=Y load=14.2% msgs=22514 aiso=683(725066ms) xte=0.00m spd=0.00m/s q=0 ggaAge=50 vtgAge=49 xteAge=725066 xteraw=80:510302FF0D060BFF vt=Y(21/22) vtstat=684/201ms tc=Y drp=0mm tcq=0
17:02:40.623 [ISOBUS] addr=0x81 claimed=Y load=14.5% msgs=22559 aiso=684(726066ms) xte=0.00m spd=0.00m/s q=0 ggaAge=49 vtgAge=48 xteAge=726066 xteraw=80:510302FF0D060BFF vt=Y(21/22) vtstat=685/200ms tc=Y drp=0mm tcq=0
17:02:41.648 [ISOBUS] addr=0x81 claimed=Y load=14.2% msgs=22600 aiso=685(727066ms) xte=0.00m spd=0.00m/s q=0 ggaAge=50 vtgAge=49 xteAge=727066 xteraw=80:510302FF0D060BFF vt=Y(21/22) vtstat=686/200ms tc=Y drp=0mm tcq=0
17:02:42.631 [ISOBUS] addr=0x81 claimed=Y load=14.0% msgs=22641 aiso=686(728066ms) xte=0.00m spd=0.00m/s q=0 ggaAge=49 vtgAge=48 xteAge=728066 xteraw=80:510302FF0D060BFF vt=Y(21/22) vtstat=687/199ms tc=Y drp=0mm tcq=0
17:02:43.654 [ISOBUS] addr=0x81 claimed=Y load=14.2% msgs=22682 aiso=687(729066ms) xte=0.00m spd=0.00m/s q=0 ggaAge=41 vtgAge=40 xteAge=729066 xteraw=80:510302FF0D060BFF vt=Y(21/22) vtstat=688/199ms tc=Y drp=0mm tcq=0
17:02:44.649 [ISOBUS] addr=0x81 claimed=Y load=14.0% msgs=22723 aiso=688(730066ms) xte=0.00m spd=0.00m/s q=0 ggaAge=48 vtgAge=48 xteAge=730066 xteraw=80:510302FF0D060BFF vt=Y(21/22) vtstat=689/198ms tc=Y drp=0mm tcq=0
17:02:45.636 [ISOBUS] addr=0x81 claimed=Y load=14.2% msgs=22764 aiso=689(731066ms) xte=0.00m spd=0.00m/s q=0 ggaAge=49 vtgAge=48 xteAge=731066 xteraw=80:510302FF0D060BFF vt=Y(21/22) vtstat=690/197ms tc=Y drp=0mm tcq=0
17:02:46.631 [ISOBUS] addr=0x81 claimed=Y load=14.0% msgs=22805 aiso=690(732066ms) xte=0.00m spd=0.00m/s q=0 ggaAge=50 vtgAge=49 xteAge=732066 xteraw=80:510302FF0D060BFF vt=Y(21/22) vtstat=691/196ms tc=Y drp=0mm tcq=0
17:02:47.629 [ISOBUS] addr=0x81 claimed=Y load=14.2% msgs=22846 aiso=691(733066ms) xte=0.00m spd=0.00m/s q=0 ggaAge=50 vtgAge=49 xteAge=733066 xteraw=80:510302FF0D060BFF vt=Y(21/22) vtstat=692/196ms tc=Y drp=0mm tcq=0
17:02:48.652 [ISOBUS] addr=0x81 claimed=Y load=14.0% msgs=22887 aiso=692(734066ms) xte=0.00m spd=0.00m/s q=0 ggaAge=49 vtgAge=49 xteAge=734066 xteraw=80:510302FF0D060BFF vt=Y(21/22) vtstat=693/195ms tc=Y drp=0mm tcq=0
17:02:49.630 [ISOBUS] addr=0x81 claimed=Y load=14.2% msgs=22928 aiso=693(735066ms) xte=0.00m spd=0.00m/s q=0 ggaAge=50 vtgAge=49 xteAge=735066 xteraw=80:510302FF0D060BFF vt=Y(21/22) vtstat=694/195ms tc=Y drp=0mm tcq=0
17:02:50.624 [ISOBUS] addr=0x81 claimed=Y load=14.5% msgs=22973 aiso=694(736066ms) xte=0.00m spd=0.00m/s q=0 ggaAge=49 vtgAge=49 xteAge=736066 xteraw=80:510302FF0D060BFF vt=Y(21/22) vtstat=695/194ms tc=Y drp=0mm tcq=0
17:02:51.637 [ISOBUS] addr=0x81 claimed=Y load=14.2% msgs=23014 aiso=695(737066ms) xte=0.00m spd=0.00m/s q=0 ggaAge=49 vtgAge=49 xteAge=737066 xteraw=80:510302FF0D060BFF vt=Y(21/22) vtstat=696/194ms tc=Y drp=0mm tcq=0
17:02:52.623 [ISOBUS] addr=0x81 claimed=Y load=14.0% msgs=23055 aiso=696(738066ms) xte=0.00m spd=0.00m/s q=0 ggaAge=50 vtgAge=49 xteAge=738066 xteraw=80:510302FF0D060BFF vt=Y(21/22) vtstat=697/191ms tc=Y drp=0mm tcq=0
17:02:53.646 [ISOBUS] addr=0x81 claimed=Y load=14.2% msgs=23096 aiso=697(739066ms) xte=0.00m spd=0.00m/s q=0 ggaAge=50 vtgAge=49 xteAge=739066 xteraw=80:510302FF0D060BFF vt=Y(21/22) vtstat=698/191ms tc=Y drp=0mm tcq=0
17:02:54.656 [ISOBUS] addr=0x81 claimed=Y load=14.0% msgs=23137 aiso=698(740066ms) xte=0.00m spd=0.00m/s q=0 ggaAge=50 vtgAge=50 xteAge=740066 xteraw=80:510302FF0D060BFF vt=Y(21/22) vtstat=699/191ms tc=Y drp=0mm tcq=0
17:02:55.635 [ISOBUS] addr=0x81 claimed=Y load=14.2% msgs=23178 aiso=699(741066ms) xte=0.00m spd=0.00m/s q=0 ggaAge=50 vtgAge=49 xteAge=741066 xteraw=80:510302FF0D060BFF vt=Y(21/22) vtstat=700/191ms tc=Y drp=0mm tcq=0
17:02:56.639 [ISOBUS] addr=0x81 claimed=Y load=14.0% msgs=23219 aiso=700(742066ms) xte=0.00m spd=0.00m/s q=0 ggaAge=49 vtgAge=48 xteAge=742066 xteraw=80:510302FF0D060BFF vt=Y(21/22) vtstat=701/190ms tc=Y drp=0mm tcq=0
17:02:57.645 [ISOBUS] addr=0x81 claimed=Y load=14.2% msgs=23260 aiso=701(743066ms) xte=0.00m spd=0.00m/s q=0 ggaAge=49 vtgAge=49 xteAge=743066 xteraw=80:510302FF0D060BFF vt=Y(21/22) vtstat=702/190ms tc=Y drp=0mm tcq=0
17:02:58.624 [ISOBUS] addr=0x81 claimed=Y load=14.0% msgs=23301 aiso=702(744066ms) xte=0.00m spd=0.00m/s q=0 ggaAge=49 vtgAge=48 xteAge=744066 xteraw=80:510302FF0D060BFF vt=Y(21/22) vtstat=703/189ms tc=Y drp=0mm tcq=0
17:02:59.625 [ISOBUS] addr=0x81 claimed=Y load=14.2% msgs=23342 aiso=703(745066ms) xte=0.00m spd=0.00m/s q=0 ggaAge=49 vtgAge=49 xteAge=745066 xteraw=80:510302FF0D060BFF vt=Y(21/22) vtstat=704/189ms tc=Y drp=0mm tcq=0
17:03:00.639 [ISOBUS] addr=0x81 claimed=Y load=14.5% msgs=23387 aiso=704(746066ms) xte=0.00m spd=0.00m/s q=0 ggaAge=49 vtgAge=48 xteAge=746066 xteraw=80:510302FF0D060BFF vt=Y(21/22) vtstat=705/188ms tc=Y drp=0mm tcq=0
17:03:01.647 [ISOBUS] addr=0x81 claimed=Y load=14.2% msgs=23428 aiso=705(747066ms) xte=0.00m spd=0.00m/s q=0 ggaAge=49 vtgAge=49 xteAge=747066 xteraw=80:510302FF0D060BFF vt=Y(21/22) vtstat=706/188ms tc=Y drp=0mm tcq=0
17:03:02.651 [ISOBUS] addr=0x81 claimed=Y load=14.0% msgs=23469 aiso=706(748066ms) xte=0.00m spd=0.00m/s q=0 ggaAge=49 vtgAge=49 xteAge=748066 xteraw=80:510302FF0D060BFF vt=Y(21/22) vtstat=707/187ms tc=Y drp=0mm tcq=0
17:03:03.625 [ISOBUS] addr=0x81 claimed=Y load=14.2% msgs=23510 aiso=707(749066ms) xte=0.00m spd=0.00m/s q=0 ggaAge=50 vtgAge=49 xteAge=749066 xteraw=80:510302FF0D060BFF vt=Y(21/22) vtstat=708/186ms tc=Y drp=0mm tcq=0
17:03:04.637 [ISOBUS] addr=0x81 claimed=Y load=14.0% msgs=23551 aiso=708(750066ms) xte=0.00m spd=0.00m/s q=0 ggaAge=49 vtgAge=49 xteAge=750066 xteraw=80:510302FF0D060BFF vt=Y(21/22) vtstat=709/185ms tc=Y drp=0mm tcq=0
17:03:05.645 [ISOBUS] addr=0x81 claimed=Y load=14.2% msgs=23592 aiso=709(751066ms) xte=0.00m spd=0.00m/s q=0 ggaAge=50 vtgAge=49 xteAge=751066 xteraw=80:510302FF0D060BFF vt=Y(21/22) vtstat=710/185ms tc=Y drp=0mm tcq=0
17:03:06.637 [ISOBUS] addr=0x81 claimed=Y load=14.0% msgs=23633 aiso=710(752066ms) xte=0.00m spd=0.00m/s q=0 ggaAge=49 vtgAge=49 xteAge=752066 xteraw=80:510302FF0D060BFF vt=Y(21/22) vtstat=711/184ms tc=Y drp=0mm tcq=0
17:03:07.654 [ISOBUS] addr=0x81 claimed=Y load=14.2% msgs=23674 aiso=711(753066ms) xte=0.00m spd=0.00m/s q=0 ggaAge=49 vtgAge=49 xteAge=753066 xteraw=80:510302FF0D060BFF vt=Y(21/22) vtstat=712/184ms tc=Y drp=0mm tcq=0
17:03:08.652 [ISOBUS] addr=0x81 claimed=Y load=14.0% msgs=23715 aiso=712(754066ms) xte=0.00m spd=0.00m/s q=0 ggaAge=49 vtgAge=49 xteAge=754066 xteraw=80:510302FF0D060BFF vt=Y(21/22) vtstat=713/183ms tc=Y drp=0mm tcq=0
17:03:09.650 [ISOBUS] addr=0x81 claimed=Y load=14.2% msgs=23756 aiso=713(755066ms) xte=0.00m spd=0.00m/s q=0 ggaAge=49 vtgAge=48 xteAge=755066 xteraw=80:510302FF0D060BFF vt=Y(21/22) vtstat=714/182ms tc=Y drp=0mm tcq=0
17:03:10.632 [ISOBUS] addr=0x81 claimed=Y load=14.5% msgs=23801 aiso=714(756066ms) xte=0.00m spd=0.00m/s q=0 ggaAge=50 vtgAge=49 xteAge=756066 xteraw=80:510302FF0D060BFF vt=Y(21/22) vtstat=715/182ms tc=Y drp=0mm tcq=0
17:03:11.650 [ISOBUS] addr=0x81 claimed=Y load=14.2% msgs=23842 aiso=715(757066ms) xte=0.00m spd=0.00m/s q=0 ggaAge=50 vtgAge=49 xteAge=757066 xteraw=80:510302FF0D060BFF vt=Y(21/22) vtstat=716/182ms tc=Y drp=0mm tcq=0
17:03:11.650 I] [NM]: Control function with address 205 and NAME 000000000000000lx is now offline on channel 198344577.
17:03:12.632 [ISOBUS] addr=0x81 claimed=Y load=14.0% msgs=23883 aiso=716(758066ms) xte=0.00m spd=0.00m/s q=0 ggaAge=49 vtgAge=49 xteAge=758066 xteraw=80:510302FF0D060BFF vt=Y(21/22) vtstat=717/181ms tc=Y drp=0mm tcq=0
17:03:12.893 I] [NM]: External control function with name 000000000000000lx has claimed address 198344577 on channel 2684363008.
17:03:13.652 [ISOBUS] addr=0x81 claimed=Y load=14.2% msgs=23924 aiso=717(759066ms) xte=0.00m spd=0.00m/s q=0 ggaAge=49 vtgAge=48 xteAge=759066 xteraw=80:510302FF0D060BFF vt=Y(21/22) vtstat=718/180ms tc=Y drp=0mm tcq=0
17:03:14.653 [ISOBUS] addr=0x81 claimed=Y load=14.0% msgs=23965 aiso=718(760066ms) xte=0.00m spd=0.00m/s q=0 ggaAge=49 vtgAge=48 xteAge=760066 xteraw=80:510302FF0D060BFF vt=Y(21/22) vtstat=719/179ms tc=Y drp=0mm tcq=0
17:03:15.635 [ISOBUS] addr=0x81 claimed=Y load=14.2% msgs=24006 aiso=719(761066ms) xte=0.00m spd=0.00m/s q=0 ggaAge=50 vtgAge=49 xteAge=761066 xteraw=80:510302FF0D060BFF vt=Y(21/22) vtstat=720/179ms tc=Y drp=0mm tcq=0
17:03:16.630 [ISOBUS] addr=0x81 claimed=Y load=14.0% msgs=24047 aiso=720(762066ms) xte=0.00m spd=0.00m/s q=0 ggaAge=50 vtgAge=49 xteAge=762066 xteraw=80:510302FF0D060BFF vt=Y(21/22) vtstat=721/178ms tc=Y drp=0mm tcq=0
17:03:17.654 [ISOBUS] addr=0x81 claimed=Y load=14.2% msgs=24088 aiso=721(763066ms) xte=0.00m spd=0.00m/s q=0 ggaAge=49 vtgAge=48 xteAge=763066 xteraw=80:510302FF0D060BFF vt=Y(21/22) vtstat=722/178ms tc=Y drp=0mm tcq=0
17:03:18.652 [ISOBUS] addr=0x81 claimed=Y load=14.0% msgs=24129 aiso=722(764066ms) xte=0.00m spd=0.00m/s q=0 ggaAge=50 vtgAge=49 xteAge=764066 xteraw=80:510302FF0D060BFF vt=Y(21/22) vtstat=723/177ms tc=Y drp=0mm tcq=0
17:03:19.626 [ISOBUS] addr=0x81 claimed=Y load=14.2% msgs=24170 aiso=723(765066ms) xte=0.00m spd=0.00m/s q=0 ggaAge=50 vtgAge=49 xteAge=765066 xteraw=80:510302FF0D060BFF vt=Y(21/22) vtstat=724/176ms tc=Y drp=0mm tcq=0
17:03:20.653 [ISOBUS] addr=0x81 claimed=Y load=14.5% msgs=24215 aiso=724(766066ms) xte=0.00m spd=0.00m/s q=0 ggaAge=50 vtgAge=49 xteAge=766066 xteraw=80:510302FF0D060BFF vt=Y(21/22) vtstat=725/176ms tc=Y drp=0mm tcq=0
17:03:21.634 [ISOBUS] addr=0x81 claimed=Y load=14.2% msgs=24256 aiso=725(767066ms) xte=0.00m spd=0.00m/s q=0 ggaAge=49 vtgAge=49 xteAge=767066 xteraw=80:510302FF0D060BFF vt=Y(21/22) vtstat=726/175ms tc=Y drp=0mm tcq=0
17:03:22.643 [ISOBUS] addr=0x81 claimed=Y load=14.0% msgs=24297 aiso=726(768066ms) xte=0.00m spd=0.00m/s q=0 ggaAge=45 vtgAge=45 xteAge=768066 xteraw=80:510302FF0D060BFF vt=Y(21/22) vtstat=727/174ms tc=Y drp=0mm tcq=0
17:03:23.634 [ISOBUS] addr=0x81 claimed=Y load=14.2% msgs=24338 aiso=727(769066ms) xte=0.00m spd=0.00m/s q=0 ggaAge=49 vtgAge=49 xteAge=769066 xteraw=80:510302FF0D060BFF vt=Y(21/22) vtstat=728/174ms tc=Y drp=0mm tcq=0
17:03:24.648 [ISOBUS] addr=0x81 claimed=Y load=14.0% msgs=24379 aiso=728(770066ms) xte=0.00m spd=0.00m/s q=0 ggaAge=50 vtgAge=49 xteAge=770066 xteraw=80:510302FF0D060BFF vt=Y(21/22) vtstat=729/173ms tc=Y drp=0mm tcq=0
17:03:25.627 [ISOBUS] addr=0x81 claimed=Y load=14.2% msgs=24420 aiso=729(771066ms) xte=0.00m spd=0.00m/s q=0 ggaAge=50 vtgAge=49 xteAge=771066 xteraw=80:510302FF0D060BFF vt=Y(21/22) vtstat=730/173ms tc=Y drp=0mm tcq=0
17:03:26.630 [ISOBUS] addr=0x81 claimed=Y load=14.0% msgs=24461 aiso=730(772066ms) xte=0.00m spd=0.00m/s q=0 ggaAge=50 vtgAge=49 xteAge=772066 xteraw=80:510302FF0D060BFF vt=Y(21/22) vtstat=731/171ms tc=Y drp=0mm tcq=0
17:03:27.645 [ISOBUS] addr=0x81 claimed=Y load=14.2% msgs=24502 aiso=731(773066ms) xte=0.00m spd=0.00m/s q=0 ggaAge=49 vtgAge=49 xteAge=773066 xteraw=80:510302FF0D060BFF vt=Y(21/22) vtstat=732/171ms tc=Y drp=0mm tcq=0
17:03:28.654 [ISOBUS] addr=0x81 claimed=Y load=14.0% msgs=24543 aiso=732(774066ms) xte=0.00m spd=0.00m/s q=0 ggaAge=50 vtgAge=49 xteAge=774066 xteraw=80:510302FF0D060BFF vt=Y(21/22) vtstat=733/171ms tc=Y drp=0mm tcq=0
17:03:29.654 [ISOBUS] addr=0x81 claimed=Y load=14.2% msgs=24584 aiso=733(775066ms) xte=0.00m spd=0.00m/s q=0 ggaAge=49 vtgAge=48 xteAge=775066 xteraw=80:510302FF0D060BFF vt=Y(21/22) vtstat=734/170ms tc=Y drp=0mm tcq=0
17:03:30.632 [ISOBUS] addr=0x81 claimed=Y load=14.5% msgs=24629 aiso=734(776066ms) xte=0.00m spd=0.00m/s q=0 ggaAge=49 vtgAge=48 xteAge=776066 xteraw=80:510302FF0D060BFF vt=Y(21/22) vtstat=735/169ms tc=Y drp=0mm tcq=0
17:03:31.636 [ISOBUS] addr=0x81 claimed=Y load=14.2% msgs=24670 aiso=735(777066ms) xte=0.00m spd=0.00m/s q=0 ggaAge=49 vtgAge=48 xteAge=777066 xteraw=80:510302FF0D060BFF vt=Y(21/22) vtstat=736/169ms tc=Y drp=0mm tcq=0
17:03:32.632 [ISOBUS] addr=0x81 claimed=Y load=14.0% msgs=24711 aiso=736(778066ms) xte=0.00m spd=0.00m/s q=0 ggaAge=50 vtgAge=49 xteAge=778066 xteraw=80:510302FF0D060BFF vt=Y(21/22) vtstat=737/168ms tc=Y drp=0mm tcq=0
17:03:33.647 [ISOBUS] addr=0x81 claimed=Y load=14.2% msgs=24752 aiso=737(779066ms) xte=0.00m spd=0.00m/s q=0 ggaAge=49 vtgAge=49 xteAge=779066 xteraw=80:510302FF0D060BFF vt=Y(21/22) vtstat=738/168ms tc=Y drp=0mm tcq=0
17:03:34.634 [ISOBUS] addr=0x81 claimed=Y load=14.0% msgs=24793 aiso=738(780066ms) xte=0.00m spd=0.00m/s q=0 ggaAge=50 vtgAge=49 xteAge=780066 xteraw=80:510302FF0D060BFF vt=Y(21/22) vtstat=739/167ms tc=Y drp=0mm tcq=0
17:03:35.634 [ISOBUS] addr=0x81 claimed=Y load=14.2% msgs=24834 aiso=739(781066ms) xte=0.00m spd=0.00m/s q=0 ggaAge=50 vtgAge=49 xteAge=781066 xteraw=80:510302FF0D060BFF vt=Y(21/22) vtstat=740/166ms tc=Y drp=0mm tcq=0
17:03:36.634 [ISOBUS] addr=0x81 claimed=Y load=14.0% msgs=24875 aiso=740(782066ms) xte=0.00m spd=0.00m/s q=0 ggaAge=50 vtgAge=49 xteAge=782066 xteraw=80:510302FF0D060BFF vt=Y(21/22) vtstat=741/165ms tc=Y drp=0mm tcq=0
17:03:37.649 [ISOBUS] addr=0x81 claimed=Y load=14.2% msgs=24916 aiso=741(783066ms) xte=0.00m spd=0.00m/s q=0 ggaAge=50 vtgAge=49 xteAge=783066 xteraw=80:510302FF0D060BFF vt=Y(21/22) vtstat=742/165ms tc=Y drp=0mm tcq=0
17:03:38.632 [ISOBUS] addr=0x81 claimed=Y load=14.0% msgs=24957 aiso=742(784066ms) xte=0.00m spd=0.00m/s q=0 ggaAge=47 vtgAge=47 xteAge=784066 xteraw=80:510302FF0D060BFF vt=Y(21/22) vtstat=743/164ms tc=Y drp=0mm tcq=0
17:03:39.634 [ISOBUS] addr=0x81 claimed=Y load=14.2% msgs=24998 aiso=743(785066ms) xte=0.00m spd=0.00m/s q=0 ggaAge=49 vtgAge=49 xteAge=785066 xteraw=80:510302FF0D060BFF vt=Y(21/22) vtstat=744/164ms tc=Y drp=0mm tcq=0
17:03:39.634 I] [NM]: Control function with address 205 and NAME 000000000000000lx is now offline on channel 198344577.
17:03:40.645 [ISOBUS] addr=0x81 claimed=Y load=14.5% msgs=25043 aiso=744(786066ms) xte=0.00m spd=0.00m/s q=0 ggaAge=49 vtgAge=49 xteAge=786066 xteraw=80:510302FF0D060BFF vt=Y(21/22) vtstat=745/163ms tc=Y drp=0mm tcq=0
17:03:40.895 I] [NM]: External control function with name 000000000000000lx has claimed address 198344577 on channel 2684363008.
17:03:41.630 [ISOBUS] addr=0x81 claimed=Y load=14.2% msgs=25084 aiso=745(787066ms) xte=0.00m spd=0.00m/s q=0 ggaAge=49 vtgAge=48 xteAge=787066 xteraw=80:510302FF0D060BFF vt=Y(21/22) vtstat=746/163ms tc=Y drp=0mm tcq=0
17:03:42.645 [ISOBUS] addr=0x81 claimed=Y load=14.0% msgs=25125 aiso=746(788066ms) xte=0.00m spd=0.00m/s q=0 ggaAge=49 vtgAge=48 xteAge=788066 xteraw=80:510302FF0D060BFF vt=Y(21/22) vtstat=747/162ms tc=Y drp=0mm tcq=0
17:03:43.630 [ISOBUS] addr=0x81 claimed=Y load=14.2% msgs=25166 aiso=747(789066ms) xte=0.00m spd=0.00m/s q=0 ggaAge=49 vtgAge=48 xteAge=789066 xteraw=80:510302FF0D060BFF vt=Y(21/22) vtstat=748/161ms tc=Y drp=0mm tcq=0
17:03:44.623 [ISOBUS] addr=0x81 claimed=Y load=14.0% msgs=25207 aiso=748(790066ms) xte=0.00m spd=0.00m/s q=0 ggaAge=49 vtgAge=49 xteAge=790066 xteraw=80:510302FF0D060BFF vt=Y(21/22) vtstat=749/161ms tc=Y drp=0mm tcq=0
17:03:45.641 [ISOBUS] addr=0x81 claimed=Y load=14.2% msgs=25248 aiso=749(791066ms) xte=0.00m spd=0.00m/s q=0 ggaAge=49 vtgAge=49 xteAge=791066 xteraw=80:510302FF0D060BFF vt=Y(21/22) vtstat=750/160ms tc=Y drp=0mm tcq=0
17:03:46.633 [ISOBUS] addr=0x81 claimed=Y load=14.0% msgs=25289 aiso=750(792066ms) xte=0.00m spd=0.00m/s q=0 ggaAge=49 vtgAge=49 xteAge=792066 xteraw=80:510302FF0D060BFF vt=Y(21/22) vtstat=751/159ms tc=Y drp=0mm tcq=0
17:03:47.639 [ISOBUS] addr=0x81 claimed=Y load=14.2% msgs=25330 aiso=751(793066ms) xte=0.00m spd=0.00m/s q=0 ggaAge=49 vtgAge=49 xteAge=793066 xteraw=80:510302FF0D060BFF vt=Y(21/22) vtstat=752/159ms tc=Y drp=0mm tcq=0
17:03:48.626 [ISOBUS] addr=0x81 claimed=Y load=14.0% msgs=25371 aiso=752(794066ms) xte=0.00m spd=0.00m/s q=0 ggaAge=49 vtgAge=49 xteAge=794066 xteraw=80:510302FF0D060BFF vt=Y(21/22) vtstat=753/158ms tc=Y drp=0mm tcq=0
17:03:49.649 [ISOBUS] addr=0x81 claimed=Y load=14.2% msgs=25412 aiso=753(795066ms) xte=0.00m spd=0.00m/s q=0 ggaAge=49 vtgAge=48 xteAge=795066 xteraw=80:510302FF0D060BFF vt=Y(21/22) vtstat=754/158ms tc=Y drp=0mm tcq=0
17:03:50.631 [ISOBUS] addr=0x81 claimed=Y load=14.5% msgs=25457 aiso=754(796066ms) xte=0.00m spd=0.00m/s q=0 ggaAge=49 vtgAge=49 xteAge=796066 xteraw=80:510302FF0D060BFF vt=Y(21/22) vtstat=755/157ms tc=Y drp=0mm tcq=0
17:03:51.640 [ISOBUS] addr=0x81 claimed=Y load=14.2% msgs=25498 aiso=755(797066ms) xte=0.00m spd=0.00m/s q=0 ggaAge=49 vtgAge=48 xteAge=797066 xteraw=80:510302FF0D060BFF vt=Y(21/22) vtstat=756/157ms tc=Y drp=0mm tcq=0
17:03:52.645 [ISOBUS] addr=0x81 claimed=Y load=14.0% msgs=25539 aiso=756(798066ms) xte=0.00m spd=0.00m/s q=0 ggaAge=49 vtgAge=48 xteAge=798066 xteraw=80:510302FF0D060BFF vt=Y(21/22) vtstat=757/156ms tc=Y drp=0mm tcq=0
17:03:53.652 [ISOBUS] addr=0x81 claimed=Y load=14.2% msgs=25580 aiso=757(799066ms) xte=0.00m spd=0.00m/s q=0 ggaAge=49 vtgAge=48 xteAge=799066 xteraw=80:510302FF0D060BFF vt=Y(21/22) vtstat=758/155ms tc=Y drp=0mm tcq=0
17:03:54.642 [ISOBUS] addr=0x81 claimed=Y load=14.0% msgs=25621 aiso=758(800066ms) xte=0.00m spd=0.00m/s q=0 ggaAge=48 vtgAge=48 xteAge=800066 xteraw=80:510302FF0D060BFF vt=Y(21/22) vtstat=759/155ms tc=Y drp=0mm tcq=0
17:03:55.639 [ISOBUS] addr=0x81 claimed=Y load=14.2% msgs=25662 aiso=759(801066ms) xte=0.00m spd=0.00m/s q=0 ggaAge=50 vtgAge=49 xteAge=801066 xteraw=80:510302FF0D060BFF vt=Y(21/22) vtstat=760/154ms tc=Y drp=0mm tcq=0
17:03:56.627 [ISOBUS] addr=0x81 claimed=Y load=14.0% msgs=25703 aiso=760(802066ms) xte=0.00m spd=0.00m/s q=0 ggaAge=48 vtgAge=47 xteAge=802066 xteraw=80:510302FF0D060BFF vt=Y(21/22) vtstat=761/154ms tc=Y drp=0mm tcq=0
17:03:57.654 [ISOBUS] addr=0x81 claimed=Y load=14.2% msgs=25744 aiso=761(803066ms) xte=0.00m spd=0.00m/s q=0 ggaAge=49 vtgAge=49 xteAge=803066 xteraw=80:510302FF0D060BFF vt=Y(21/22) vtstat=762/153ms tc=Y drp=0mm tcq=0
17:03:58.627 [ISOBUS] addr=0x81 claimed=Y load=14.0% msgs=25785 aiso=762(804066ms) xte=0.00m spd=0.00m/s q=0 ggaAge=49 vtgAge=48 xteAge=804066 xteraw=80:510302FF0D060BFF vt=Y(21/22) vtstat=763/152ms tc=Y drp=0mm tcq=0
17:03:59.638 [ISOBUS] addr=0x81 claimed=Y load=14.2% msgs=25826 aiso=763(805066ms) xte=0.00m spd=0.00m/s q=0 ggaAge=50 vtgAge=49 xteAge=805066 xteraw=80:510302FF0D060BFF vt=Y(21/22) vtstat=764/152ms tc=Y drp=0mm tcq=0
17:04:00.628 [ISOBUS] addr=0x81 claimed=Y load=14.5% msgs=25871 aiso=764(806066ms) xte=0.00m spd=0.00m/s q=0 ggaAge=50 vtgAge=49 xteAge=806066 xteraw=80:510302FF0D060BFF vt=Y(21/22) vtstat=765/151ms tc=Y drp=0mm tcq=0
17:04:01.649 [ISOBUS] addr=0x81 claimed=Y load=14.2% msgs=25912 aiso=765(807066ms) xte=0.00m spd=0.00m/s q=0 ggaAge=50 vtgAge=49 xteAge=807066 xteraw=80:510302FF0D060BFF vt=Y(21/22) vtstat=766/150ms tc=Y drp=0mm tcq=0
17:04:02.647 [ISOBUS] addr=0x81 claimed=Y load=14.0% msgs=25953 aiso=766(808066ms) xte=0.00m spd=0.00m/s q=0 ggaAge=49 vtgAge=49 xteAge=808066 xteraw=80:510302FF0D060BFF vt=Y(21/22) vtstat=767/150ms tc=Y drp=0mm tcq=0
17:04:03.627 [ISOBUS] addr=0x81 claimed=Y load=14.2% msgs=25994 aiso=767(809066ms) xte=0.00m spd=0.00m/s q=0 ggaAge=50 vtgAge=50 xteAge=809066 xteraw=80:510302FF0D060BFF vt=Y(21/22) vtstat=768/149ms tc=Y drp=0mm tcq=0
17:04:04.653 [ISOBUS] addr=0x81 claimed=Y load=14.0% msgs=26035 aiso=768(810066ms) xte=0.00m spd=0.00m/s q=0 ggaAge=50 vtgAge=49 xteAge=810066 xteraw=80:510302FF0D060BFF vt=Y(21/22) vtstat=769/148ms tc=Y drp=0mm tcq=0
17:04:05.625 [ISOBUS] addr=0x81 claimed=Y load=14.2% msgs=26076 aiso=769(811066ms) xte=0.00m spd=0.00m/s q=0 ggaAge=51 vtgAge=50 xteAge=811066 xteraw=80:510302FF0D060BFF vt=Y(21/22) vtstat=770/148ms tc=Y drp=0mm tcq=0
17:04:06.639 [ISOBUS] addr=0x81 claimed=Y load=14.0% msgs=26117 aiso=770(812066ms) xte=0.00m spd=0.00m/s q=0 ggaAge=51 vtgAge=50 xteAge=812066 xteraw=80:510302FF0D060BFF vt=Y(21/22) vtstat=771/147ms tc=Y drp=0mm tcq=0
17:04:07.646 [ISOBUS] addr=0x81 claimed=Y load=14.2% msgs=26158 aiso=771(813066ms) xte=0.00m spd=0.00m/s q=0 ggaAge=52 vtgAge=51 xteAge=813066 xteraw=80:510302FF0D060BFF vt=Y(21/22) vtstat=772/147ms tc=Y drp=0mm tcq=0
17:04:08.642 [ISOBUS] addr=0x81 claimed=Y load=14.0% msgs=26199 aiso=772(814066ms) xte=0.00m spd=0.00m/s q=0 ggaAge=52 vtgAge=51 xteAge=814066 xteraw=80:510302FF0D060BFF vt=Y(21/22) vtstat=773/146ms tc=Y drp=0mm tcq=0
17:04:09.657 [ISOBUS] addr=0x81 claimed=Y load=14.2% msgs=26240 aiso=773(815066ms) xte=0.00m spd=0.00m/s q=0 ggaAge=51 vtgAge=50 xteAge=815066 xteraw=80:510302FF0D060BFF vt=Y(21/22) vtstat=774/146ms tc=Y drp=0mm tcq=0
17:04:10.654 [ISOBUS] addr=0x81 claimed=Y load=14.5% msgs=26285 aiso=774(816066ms) xte=0.00m spd=0.00m/s q=0 ggaAge=51 vtgAge=50 xteAge=816066 xteraw=80:510302FF0D060BFF vt=Y(21/22) vtstat=775/145ms tc=Y drp=0mm tcq=0
17:04:11.647 [ISOBUS] addr=0x81 claimed=Y load=14.2% msgs=26326 aiso=775(817066ms) xte=0.00m spd=0.00m/s q=0 ggaAge=50 vtgAge=49 xteAge=817066 xteraw=80:510302FF0D060BFF vt=Y(21/22) vtstat=776/144ms tc=Y drp=0mm tcq=0
17:04:12.625 [ISOBUS] addr=0x81 claimed=Y load=14.0% msgs=26367 aiso=776(818066ms) xte=0.00m spd=0.00m/s q=0 ggaAge=52 vtgAge=52 xteAge=818066 xteraw=80:510302FF0D060BFF vt=Y(21/22) vtstat=777/144ms tc=Y drp=0mm tcq=0
17:04:13.641 [ISOBUS] addr=0x81 claimed=Y load=14.2% msgs=26408 aiso=777(819066ms) xte=0.00m spd=0.00m/s q=0 ggaAge=52 vtgAge=52 xteAge=819066 xteraw=80:510302FF0D060BFF vt=Y(21/22) vtstat=778/143ms tc=Y drp=0mm tcq=0
17:04:14.640 [ISOBUS] addr=0x81 claimed=Y load=14.0% msgs=26449 aiso=778(820066ms) xte=0.00m spd=0.00m/s q=0 ggaAge=52 vtgAge=51 xteAge=820066 xteraw=80:510302FF0D060BFF vt=Y(21/22) vtstat=779/142ms tc=Y drp=0mm tcq=0
17:04:15.656 [ISOBUS] addr=0x81 claimed=Y load=14.2% msgs=26490 aiso=779(821066ms) xte=0.00m spd=0.00m/s q=0 ggaAge=51 vtgAge=50 xteAge=821066 xteraw=80:510302FF0D060BFF vt=Y(21/22) vtstat=780/142ms tc=Y drp=0mm tcq=0
17:04:16.639 [ISOBUS] addr=0x81 claimed=Y load=14.0% msgs=26531 aiso=780(822066ms) xte=0.00m spd=0.00m/s q=0 ggaAge=52 vtgAge=51 xteAge=822066 xteraw=80:510302FF0D060BFF vt=Y(21/22) vtstat=781/141ms tc=Y drp=0mm tcq=0
17:04:17.627 [ISOBUS] addr=0x81 claimed=Y load=14.2% msgs=26572 aiso=781(823066ms) xte=0.00m spd=0.00m/s q=0 ggaAge=52 vtgAge=52 xteAge=823066 xteraw=80:510302FF0D060BFF vt=Y(21/22) vtstat=782/141ms tc=Y drp=0mm tcq=0
17:04:18.650 [ISOBUS] addr=0x81 claimed=Y load=14.0% msgs=26613 aiso=782(824066ms) xte=0.00m spd=0.00m/s q=0 ggaAge=53 vtgAge=52 xteAge=824066 xteraw=80:510302FF0D060BFF vt=Y(21/22) vtstat=783/140ms tc=Y drp=0mm tcq=0
17:04:19.625 [ISOBUS] addr=0x81 claimed=Y load=14.2% msgs=26654 aiso=783(825066ms) xte=0.00m spd=0.00m/s q=0 ggaAge=52 vtgAge=52 xteAge=825066 xteraw=80:510302FF0D060BFF vt=Y(21/22) vtstat=784/140ms tc=Y drp=0mm tcq=0
17:04:19.641 I] [NM]: Control function with address 205 and NAME 000000000000000lx is now offline on channel 198344577.
17:04:20.635 [ISOBUS] addr=0x81 claimed=Y load=14.5% msgs=26699 aiso=784(826066ms) xte=0.00m spd=0.00m/s q=0 ggaAge=53 vtgAge=52 xteAge=826066 xteraw=80:510302FF0D060BFF vt=Y(21/22) vtstat=785/139ms tc=Y drp=0mm tcq=0
17:04:20.892 I] [NM]: External control function with name 000000000000000lx has claimed address 198344577 on channel 2684363008.
17:04:21.648 [ISOBUS] addr=0x81 claimed=Y load=14.2% msgs=26740 aiso=785(827066ms) xte=0.00m spd=0.00m/s q=0 ggaAge=52 vtgAge=52 xteAge=827066 xteraw=80:510302FF0D060BFF vt=Y(21/22) vtstat=786/138ms tc=Y drp=0mm tcq=0
17:04:22.638 [ISOBUS] addr=0x81 claimed=Y load=14.0% msgs=26781 aiso=786(828066ms) xte=0.00m spd=0.00m/s q=0 ggaAge=53 vtgAge=52 xteAge=828066 xteraw=80:510302FF0D060BFF vt=Y(21/22) vtstat=787/138ms tc=Y drp=0mm tcq=0
17:04:23.641 [ISOBUS] addr=0x81 claimed=Y load=14.2% msgs=26822 aiso=787(829066ms) xte=0.00m spd=0.00m/s q=0 ggaAge=53 vtgAge=52 xteAge=829066 xteraw=80:510302FF0D060BFF vt=Y(21/22) vtstat=788/137ms tc=Y drp=0mm tcq=0
17:04:24.644 [ISOBUS] addr=0x81 claimed=Y load=14.0% msgs=26863 aiso=788(830066ms) xte=0.00m spd=0.00m/s q=0 ggaAge=52 vtgAge=52 xteAge=830066 xteraw=80:510302FF0D060BFF vt=Y(21/22) vtstat=789/136ms tc=Y drp=0mm tcq=0
17:04:25.627 [ISOBUS] addr=0x81 claimed=Y load=14.2% msgs=26904 aiso=789(831066ms) xte=0.00m spd=0.00m/s q=0 ggaAge=53 vtgAge=52 xteAge=831066 xteraw=80:510302FF0D060BFF vt=Y(21/22) vtstat=790/136ms tc=Y drp=0mm tcq=0
17:04:26.636 [ISOBUS] addr=0x81 claimed=Y load=14.0% msgs=26945 aiso=790(832066ms) xte=0.00m spd=0.00m/s q=0 ggaAge=52 vtgAge=51 xteAge=832066 xteraw=80:510302FF0D060BFF vt=Y(21/22) vtstat=791/135ms tc=Y drp=0mm tcq=0
17:04:27.654 [ISOBUS] addr=0x81 claimed=Y load=14.2% msgs=26986 aiso=791(833066ms) xte=0.00m spd=0.00m/s q=0 ggaAge=53 vtgAge=53 xteAge=833066 xteraw=80:510302FF0D060BFF vt=Y(21/22) vtstat=792/135ms tc=Y drp=0mm tcq=0
17:04:28.637 [ISOBUS] addr=0x81 claimed=Y load=14.0% msgs=27027 aiso=792(834066ms) xte=0.00m spd=0.00m/s q=0 ggaAge=53 vtgAge=52 xteAge=834066 xteraw=80:510302FF0D060BFF vt=Y(21/22) vtstat=793/134ms tc=Y drp=0mm tcq=0
17:04:29.661 [ISOBUS] addr=0x81 claimed=Y load=14.2% msgs=27068 aiso=793(835066ms) xte=0.00m spd=0.00m/s q=0 ggaAge=53 vtgAge=53 xteAge=835066 xteraw=80:510302FF0D060BFF vt=Y(21/22) vtstat=794/134ms tc=Y drp=0mm tcq=0
17:04:30.639 [ISOBUS] addr=0x81 claimed=Y load=14.4% msgs=27113 aiso=794(836066ms) xte=0.00m spd=0.00m/s q=0 ggaAge=53 vtgAge=53 xteAge=836066 xteraw=80:510302FF0D060BFF vt=Y(21/22) vtstat=795/133ms tc=Y drp=0mm tcq=0
17:04:31.647 [ISOBUS] addr=0x81 claimed=Y load=14.3% msgs=27154 aiso=795(837066ms) xte=0.00m spd=0.00m/s q=0 ggaAge=54 vtgAge=53 xteAge=837066 xteraw=80:510302FF0D060BFF vt=Y(21/22) vtstat=796/133ms tc=Y drp=0mm tcq=0
17:04:32.643 [ISOBUS] addr=0x81 claimed=Y load=14.0% msgs=27195 aiso=796(838066ms) xte=0.00m spd=0.00m/s q=0 ggaAge=53 vtgAge=52 xteAge=838066 xteraw=80:510302FF0D060BFF vt=Y(21/22) vtstat=797/132ms tc=Y drp=0mm tcq=0
17:04:33.646 [ISOBUS] addr=0x81 claimed=Y load=14.2% msgs=27236 aiso=797(839066ms) xte=0.00m spd=0.00m/s q=0 ggaAge=53 vtgAge=53 xteAge=839066 xteraw=80:510302FF0D060BFF vt=Y(21/22) vtstat=798/131ms tc=Y drp=0mm tcq=0
17:04:34.651 [ISOBUS] addr=0x81 claimed=Y load=14.0% msgs=27277 aiso=798(840066ms) xte=0.00m spd=0.00m/s q=0 ggaAge=53 vtgAge=52 xteAge=840066 xteraw=80:510302FF0D060BFF vt=Y(21/22) vtstat=799/130ms tc=Y drp=0mm tcq=0
17:04:35.654 [ISOBUS] addr=0x81 claimed=Y load=14.3% msgs=27318 aiso=799(841066ms) xte=0.00m spd=0.00m/s q=0 ggaAge=53 vtgAge=52 xteAge=841066 xteraw=80:510302FF0D060BFF vt=Y(21/22) vtstat=800/130ms tc=Y drp=0mm tcq=0
17:04:36.653 [ISOBUS] addr=0x81 claimed=Y load=14.0% msgs=27359 aiso=800(842066ms) xte=0.00m spd=0.00m/s q=0 ggaAge=52 vtgAge=52 xteAge=842066 xteraw=80:510302FF0D060BFF vt=Y(21/22) vtstat=801/129ms tc=Y drp=0mm tcq=0
17:04:37.644 [ISOBUS] addr=0x81 claimed=Y load=14.2% msgs=27400 aiso=801(843066ms) xte=0.00m spd=0.00m/s q=0 ggaAge=54 vtgAge=53 xteAge=843066 xteraw=80:510302FF0D060BFF vt=Y(21/22) vtstat=802/129ms tc=Y drp=0mm tcq=0
17:04:37.644 I] [NM]: Control function with address 205 and NAME 000000000000000lx is now offline on channel 198344577.
17:04:38.633 [ISOBUS] addr=0x81 claimed=Y load=14.0% msgs=27441 aiso=802(844066ms) xte=0.00m spd=0.00m/s q=0 ggaAge=54 vtgAge=53 xteAge=844066 xteraw=80:510302FF0D060BFF vt=Y(21/22) vtstat=803/128ms tc=Y drp=0mm tcq=0
17:04:38.886 I] [NM]: External control function with name 000000000000000lx has claimed address 198344577 on channel 2684363008.
17:04:39.639 [ISOBUS] addr=0x81 claimed=Y load=14.2% msgs=27482 aiso=803(845066ms) xte=0.00m spd=0.00m/s q=0 ggaAge=54 vtgAge=53 xteAge=845066 xteraw=80:510302FF0D060BFF vt=Y(21/22) vtstat=804/128ms tc=Y drp=0mm tcq=0
17:04:40.639 [ISOBUS] addr=0x81 claimed=Y load=14.5% msgs=27527 aiso=804(846066ms) xte=0.00m spd=0.00m/s q=0 ggaAge=53 vtgAge=53 xteAge=846066 xteraw=80:510302FF0D060BFF vt=Y(21/22) vtstat=805/127ms tc=Y drp=0mm tcq=0
17:04:41.659 [ISOBUS] addr=0x81 claimed=Y load=14.2% msgs=27568 aiso=805(847066ms) xte=0.00m spd=0.00m/s q=0 ggaAge=54 vtgAge=53 xteAge=847066 xteraw=80:510302FF0D060BFF vt=Y(21/22) vtstat=806/126ms tc=Y drp=0mm tcq=0
17:04:42.644 [ISOBUS] addr=0x81 claimed=Y load=14.0% msgs=27609 aiso=806(848066ms) xte=0.00m spd=0.00m/s q=0 ggaAge=53 vtgAge=53 xteAge=848066 xteraw=80:510302FF0D060BFF vt=Y(21/22) vtstat=807/126ms tc=Y drp=0mm tcq=0
17:04:43.636 [ISOBUS] addr=0x81 claimed=Y load=14.2% msgs=27650 aiso=807(849066ms) xte=0.00m spd=0.00m/s q=0 ggaAge=54 vtgAge=53 xteAge=849066 xteraw=80:510302FF0D060BFF vt=Y(21/22) vtstat=808/125ms tc=Y drp=0mm tcq=0
17:04:44.641 [ISOBUS] addr=0x81 claimed=Y load=14.0% msgs=27691 aiso=808(850066ms) xte=0.00m spd=0.00m/s q=0 ggaAge=54 vtgAge=53 xteAge=850066 xteraw=80:510302FF0D060BFF vt=Y(21/22) vtstat=809/124ms tc=Y drp=0mm tcq=0
17:04:45.629 [ISOBUS] addr=0x81 claimed=Y load=14.2% msgs=27732 aiso=809(851066ms) xte=0.00m spd=0.00m/s q=0 ggaAge=54 vtgAge=54 xteAge=851066 xteraw=80:510302FF0D060BFF vt=Y(21/22) vtstat=810/124ms tc=Y drp=0mm tcq=0
17:04:46.643 [ISOBUS] addr=0x81 claimed=Y load=14.0% msgs=27773 aiso=810(852066ms) xte=0.00m spd=0.00m/s q=0 ggaAge=54 vtgAge=53 xteAge=852066 xteraw=80:510302FF0D060BFF vt=Y(21/22) vtstat=811/123ms tc=Y drp=0mm tcq=0
17:04:47.657 [ISOBUS] addr=0x81 claimed=Y load=14.2% msgs=27814 aiso=811(853066ms) xte=0.00m spd=0.00m/s q=0 ggaAge=54 vtgAge=53 xteAge=853066 xteraw=80:510302FF0D060BFF vt=Y(21/22) vtstat=812/123ms tc=Y drp=0mm tcq=0
17:04:48.645 [ISOBUS] addr=0x81 claimed=Y load=14.0% msgs=27855 aiso=812(854066ms) xte=0.00m spd=0.00m/s q=0 ggaAge=54 vtgAge=53 xteAge=854066 xteraw=80:510302FF0D060BFF vt=Y(21/22) vtstat=813/122ms tc=Y drp=0mm tcq=0
17:04:49.636 [ISOBUS] addr=0x81 claimed=Y load=14.2% msgs=27896 aiso=813(855066ms) xte=0.00m spd=0.00m/s q=0 ggaAge=53 vtgAge=52 xteAge=855066 xteraw=80:510302FF0D060BFF vt=Y(21/22) vtstat=814/121ms tc=Y drp=0mm tcq=0
17:04:50.630 [ISOBUS] addr=0x81 claimed=Y load=14.5% msgs=27941 aiso=814(856066ms) xte=0.00m spd=0.00m/s q=0 ggaAge=55 vtgAge=54 xteAge=856066 xteraw=80:510302FF0D060BFF vt=Y(21/22) vtstat=815/121ms tc=Y drp=0mm tcq=0
17:04:51.649 [ISOBUS] addr=0x81 claimed=Y load=14.2% msgs=27982 aiso=815(857066ms) xte=0.00m spd=0.00m/s q=0 ggaAge=54 vtgAge=54 xteAge=857066 xteraw=80:510302FF0D060BFF vt=Y(21/22) vtstat=816/120ms tc=Y drp=0mm tcq=0
17:04:52.658 [ISOBUS] addr=0x81 claimed=Y load=14.0% msgs=28023 aiso=816(858066ms) xte=0.00m spd=0.00m/s q=0 ggaAge=55 vtgAge=54 xteAge=858066 xteraw=80:510302FF0D060BFF vt=Y(21/22) vtstat=817/119ms tc=Y drp=0mm tcq=0
17:04:53.629 [ISOBUS] addr=0x81 claimed=Y load=14.2% msgs=28064 aiso=817(859066ms) xte=0.00m spd=0.00m/s q=0 ggaAge=54 vtgAge=54 xteAge=859066 xteraw=80:510302FF0D060BFF vt=Y(21/22) vtstat=818/119ms tc=Y drp=0mm tcq=0
17:04:54.638 [ISOBUS] addr=0x81 claimed=Y load=14.0% msgs=28105 aiso=818(860066ms) xte=0.00m spd=0.00m/s q=0 ggaAge=54 vtgAge=54 xteAge=860066 xteraw=80:510302FF0D060BFF vt=Y(21/22) vtstat=819/118ms tc=Y drp=0mm tcq=0
17:04:55.634 [ISOBUS] addr=0x81 claimed=Y load=14.2% msgs=28146 aiso=819(861066ms) xte=0.00m spd=0.00m/s q=0 ggaAge=55 vtgAge=54 xteAge=861066 xteraw=80:510302FF0D060BFF vt=Y(21/22) vtstat=820/118ms tc=Y drp=0mm tcq=0
17:04:56.646 [ISOBUS] addr=0x81 claimed=Y load=14.0% msgs=28187 aiso=820(862066ms) xte=0.00m spd=0.00m/s q=0 ggaAge=55 vtgAge=54 xteAge=862066 xteraw=80:510302FF0D060BFF vt=Y(21/22) vtstat=821/117ms tc=Y drp=0mm tcq=0
17:04:57.651 [ISOBUS] addr=0x81 claimed=Y load=14.2% msgs=28228 aiso=821(863066ms) xte=0.00m spd=0.00m/s q=0 ggaAge=54 vtgAge=53 xteAge=863066 xteraw=80:510302FF0D060BFF vt=Y(21/22) vtstat=822/117ms tc=Y drp=0mm tcq=0
17:04:58.632 [ISOBUS] addr=0x81 claimed=Y load=14.0% msgs=28269 aiso=822(864066ms) xte=0.00m spd=0.00m/s q=0 ggaAge=55 vtgAge=54 xteAge=864066 xteraw=80:510302FF0D060BFF vt=Y(21/22) vtstat=823/116ms tc=Y drp=0mm tcq=0
17:04:59.653 [ISOBUS] addr=0x81 claimed=Y load=14.2% msgs=28310 aiso=823(865066ms) xte=0.00m spd=0.00m/s q=0 ggaAge=46 vtgAge=45 xteAge=865066 xteraw=80:510302FF0D060BFF vt=Y(21/22) vtstat=824/116ms tc=Y drp=0mm tcq=0
17:05:00.651 [ISOBUS] addr=0x81 claimed=Y load=14.5% msgs=28355 aiso=824(866066ms) xte=0.00m spd=0.00m/s q=0 ggaAge=54 vtgAge=54 xteAge=866066 xteraw=80:510302FF0D060BFF vt=Y(21/22) vtstat=825/115ms tc=Y drp=0mm tcq=0
17:05:01.651 [ISOBUS] addr=0x81 claimed=Y load=14.2% msgs=28396 aiso=825(867066ms) xte=0.00m spd=0.00m/s q=0 ggaAge=53 vtgAge=53 xteAge=867066 xteraw=80:510302FF0D060BFF vt=Y(21/22) vtstat=826/114ms tc=Y drp=0mm tcq=0
17:05:02.630 [ISOBUS] addr=0x81 claimed=Y load=14.0% msgs=28437 aiso=826(868066ms) xte=0.00m spd=0.00m/s q=0 ggaAge=55 vtgAge=55 xteAge=868066 xteraw=80:510302FF0D060BFF vt=Y(21/22) vtstat=827/114ms tc=Y drp=0mm tcq=0
17:05:03.658 [ISOBUS] addr=0x81 claimed=Y load=14.2% msgs=28478 aiso=827(869066ms) xte=0.00m spd=0.00m/s q=0 ggaAge=54 vtgAge=54 xteAge=869066 xteraw=80:510302FF0D060BFF vt=Y(21/22) vtstat=828/113ms tc=Y drp=0mm tcq=0
17:05:04.640 [ISOBUS] addr=0x81 claimed=Y load=14.0% msgs=28519 aiso=828(870066ms) xte=0.00m spd=0.00m/s q=0 ggaAge=55 vtgAge=54 xteAge=870066 xteraw=80:510302FF0D060BFF vt=Y(21/22) vtstat=829/112ms tc=Y drp=0mm tcq=0
17:05:05.630 [ISOBUS] addr=0x81 claimed=Y load=14.2% msgs=28560 aiso=829(871066ms) xte=0.00m spd=0.00m/s q=0 ggaAge=55 vtgAge=55 xteAge=871066 xteraw=80:510302FF0D060BFF vt=Y(21/22) vtstat=830/112ms tc=Y drp=0mm tcq=0
17:05:06.642 [ISOBUS] addr=0x81 claimed=Y load=14.0% msgs=28601 aiso=830(872066ms) xte=0.00m spd=0.00m/s q=0 ggaAge=55 vtgAge=55 xteAge=872066 xteraw=80:510302FF0D060BFF vt=Y(21/22) vtstat=831/111ms tc=Y drp=0mm tcq=0
17:05:07.644 [ISOBUS] addr=0x81 claimed=Y load=14.2% msgs=28642 aiso=831(873066ms) xte=0.00m spd=0.00m/s q=0 ggaAge=55 vtgAge=54 xteAge=873066 xteraw=80:510302FF0D060BFF vt=Y(21/22) vtstat=832/111ms tc=Y drp=0mm tcq=0
17:05:08.635 [ISOBUS] addr=0x81 claimed=Y load=14.0% msgs=28683 aiso=832(874066ms) xte=0.00m spd=0.00m/s q=0 ggaAge=55 vtgAge=54 xteAge=874066 xteraw=80:510302FF0D060BFF vt=Y(21/22) vtstat=833/109ms tc=Y drp=0mm tcq=0
17:05:09.629 [ISOBUS] addr=0x81 claimed=Y load=14.2% msgs=28724 aiso=833(875066ms) xte=0.00m spd=0.00m/s q=0 ggaAge=55 vtgAge=55 xteAge=875066 xteraw=80:510302FF0D060BFF vt=Y(21/22) vtstat=834/109ms tc=Y drp=0mm tcq=0
17:05:10.638 [ISOBUS] addr=0x81 claimed=Y load=14.5% msgs=28769 aiso=834(876066ms) xte=0.00m spd=0.00m/s q=0 ggaAge=56 vtgAge=55 xteAge=876066 xteraw=80:510302FF0D060BFF vt=Y(21/22) vtstat=835/109ms tc=Y drp=0mm tcq=0
17:05:11.651 [ISOBUS] addr=0x81 claimed=Y load=14.2% msgs=28810 aiso=835(877066ms) xte=0.00m spd=0.00m/s q=0 ggaAge=55 vtgAge=55 xteAge=877066 xteraw=80:510302FF0D060BFF vt=Y(21/22) vtstat=836/108ms tc=Y drp=0mm tcq=0
17:05:12.640 [ISOBUS] addr=0x81 claimed=Y load=14.0% msgs=28851 aiso=836(878066ms) xte=0.00m spd=0.00m/s q=0 ggaAge=54 vtgAge=54 xteAge=878066 xteraw=80:510302FF0D060BFF vt=Y(21/22) vtstat=837/107ms tc=Y drp=0mm tcq=0
17:05:13.629 [ISOBUS] addr=0x81 claimed=Y load=14.2% msgs=28892 aiso=837(879066ms) xte=0.00m spd=0.00m/s q=0 ggaAge=56 vtgAge=55 xteAge=879066 xteraw=80:510302FF0D060BFF vt=Y(21/22) vtstat=838/107ms tc=Y drp=0mm tcq=0
17:05:14.635 [ISOBUS] addr=0x81 claimed=Y load=14.0% msgs=28933 aiso=838(880066ms) xte=0.00m spd=0.00m/s q=0 ggaAge=56 vtgAge=56 xteAge=880066 xteraw=80:510302FF0D060BFF vt=Y(21/22) vtstat=839/106ms tc=Y drp=0mm tcq=0
17:05:15.638 [ISOBUS] addr=0x81 claimed=Y load=14.2% msgs=28974 aiso=839(881066ms) xte=0.00m spd=0.00m/s q=0 ggaAge=56 vtgAge=56 xteAge=881066 xteraw=80:510302FF0D060BFF vt=Y(21/22) vtstat=840/106ms tc=Y drp=0mm tcq=0
17:05:16.652 [ISOBUS] addr=0x81 claimed=Y load=14.0% msgs=29015 aiso=840(882066ms) xte=0.00m spd=0.00m/s q=0 ggaAge=56 vtgAge=56 xteAge=882066 xteraw=80:510302FF0D060BFF vt=Y(21/22) vtstat=841/105ms tc=Y drp=0mm tcq=0
17:05:17.629 [ISOBUS] addr=0x81 claimed=Y load=14.2% msgs=29056 aiso=841(883066ms) xte=0.00m spd=0.00m/s q=0 ggaAge=57 vtgAge=56 xteAge=883066 xteraw=80:510302FF0D060BFF vt=Y(21/22) vtstat=842/104ms tc=Y drp=0mm tcq=0
17:05:18.655 [ISOBUS] addr=0x81 claimed=Y load=14.0% msgs=29097 aiso=842(884066ms) xte=0.00m spd=0.00m/s q=0 ggaAge=57 vtgAge=56 xteAge=884066 xteraw=80:510302FF0D060BFF vt=Y(21/22) vtstat=843/103ms tc=Y drp=0mm tcq=0
17:05:19.631 [ISOBUS] addr=0x81 claimed=Y load=14.2% msgs=29138 aiso=843(885066ms) xte=0.00m spd=0.00m/s q=0 ggaAge=56 vtgAge=55 xteAge=885066 xteraw=80:510302FF0D060BFF vt=Y(21/22) vtstat=844/103ms tc=Y drp=0mm tcq=0
17:05:20.634 [ISOBUS] addr=0x81 claimed=Y load=14.5% msgs=29183 aiso=844(886066ms) xte=0.00m spd=0.00m/s q=0 ggaAge=56 vtgAge=56 xteAge=886066 xteraw=80:510302FF0D060BFF vt=Y(21/22) vtstat=845/102ms tc=Y drp=0mm tcq=0
17:05:21.643 [ISOBUS] addr=0x81 claimed=Y load=14.2% msgs=29224 aiso=845(887066ms) xte=0.00m spd=0.00m/s q=0 ggaAge=57 vtgAge=56 xteAge=887066 xteraw=80:510302FF0D060BFF vt=Y(21/22) vtstat=846/102ms tc=Y drp=0mm tcq=0
17:05:22.628 [ISOBUS] addr=0x81 claimed=Y load=14.0% msgs=29265 aiso=846(888066ms) xte=0.00m spd=0.00m/s q=0 ggaAge=56 vtgAge=56 xteAge=888066 xteraw=80:510302FF0D060BFF vt=Y(21/22) vtstat=847/101ms tc=Y drp=0mm tcq=0
17:05:23.636 [ISOBUS] addr=0x81 claimed=Y load=14.2% msgs=29306 aiso=847(889066ms) xte=0.00m spd=0.00m/s q=0 ggaAge=57 vtgAge=57 xteAge=889066 xteraw=80:510302FF0D060BFF vt=Y(21/22) vtstat=848/100ms tc=Y drp=0mm tcq=0
17:05:23.638 I] [NM]: Control function with address 205 and NAME 000000000000000lx is now offline on channel 198344577.
17:05:24.658 [ISOBUS] addr=0x81 claimed=Y load=14.0% msgs=29347 aiso=848(890066ms) xte=0.00m spd=0.00m/s q=0 ggaAge=57 vtgAge=56 xteAge=890066 xteraw=80:510302FF0D060BFF vt=Y(21/22) vtstat=849/98ms tc=Y drp=0mm tcq=0
17:05:24.886 I] [NM]: External control function with name 000000000000000lx has claimed address 198344577 on channel 2684363008.
17:05:25.628 [ISOBUS] addr=0x81 claimed=Y load=14.2% msgs=29388 aiso=849(891066ms) xte=0.00m spd=0.00m/s q=0 ggaAge=57 vtgAge=55 xteAge=891066 xteraw=80:510302FF0D060BFF vt=Y(21/22) vtstat=850/98ms tc=Y drp=0mm tcq=0
17:05:26.654 [ISOBUS] addr=0x81 claimed=Y load=14.0% msgs=29429 aiso=850(892066ms) xte=0.00m spd=0.00m/s q=0 ggaAge=57 vtgAge=56 xteAge=892066 xteraw=80:510302FF0D060BFF vt=Y(21/22) vtstat=851/98ms tc=Y drp=0mm tcq=0
17:05:27.643 [ISOBUS] addr=0x81 claimed=Y load=14.2% msgs=29470 aiso=851(893066ms) xte=0.00m spd=0.00m/s q=0 ggaAge=58 vtgAge=57 xteAge=893066 xteraw=80:510302FF0D060BFF vt=Y(21/22) vtstat=852/98ms tc=Y drp=0mm tcq=0
17:05:28.650 [ISOBUS] addr=0x81 claimed=Y load=14.0% msgs=29511 aiso=852(894066ms) xte=0.00m spd=0.00m/s q=0 ggaAge=57 vtgAge=57 xteAge=894066 xteraw=80:510302FF0D060BFF vt=Y(21/22) vtstat=853/97ms tc=Y drp=0mm tcq=0
17:05:29.656 [ISOBUS] addr=0x81 claimed=Y load=14.2% msgs=29552 aiso=853(895066ms) xte=0.00m spd=0.00m/s q=0 ggaAge=58 vtgAge=57 xteAge=895066 xteraw=80:510302FF0D060BFF vt=Y(21/22) vtstat=854/96ms tc=Y drp=0mm tcq=0
17:05:30.653 [ISOBUS] addr=0x81 claimed=Y load=14.5% msgs=29597 aiso=854(896066ms) xte=0.00m spd=0.00m/s q=0 ggaAge=58 vtgAge=48 xteAge=896066 xteraw=80:510302FF0D060BFF vt=Y(21/22) vtstat=855/95ms tc=Y drp=0mm tcq=0
17:05:31.654 [ISOBUS] addr=0x81 claimed=Y load=14.2% msgs=29638 aiso=855(897066ms) xte=0.00m spd=0.00m/s q=0 ggaAge=57 vtgAge=57 xteAge=897066 xteraw=80:510302FF0D060BFF vt=Y(21/22) vtstat=856/95ms tc=Y drp=0mm tcq=0
17:05:32.648 [ISOBUS] addr=0x81 claimed=Y load=14.0% msgs=29679 aiso=856(898066ms) xte=0.00m spd=0.00m/s q=0 ggaAge=58 vtgAge=57 xteAge=898066 xteraw=80:510302FF0D060BFF vt=Y(21/22) vtstat=857/94ms tc=Y drp=0mm tcq=0
17:05:33.637 [ISOBUS] addr=0x81 claimed=Y load=14.2% msgs=29720 aiso=857(899066ms) xte=0.00m spd=0.00m/s q=0 ggaAge=57 vtgAge=57 xteAge=899066 xteraw=80:510302FF0D060BFF vt=Y(21/22) vtstat=858/94ms tc=Y drp=0mm tcq=0
17:05:34.665 [ISOBUS] addr=0x81 claimed=Y load=14.0% msgs=29761 aiso=858(900066ms) xte=0.00m spd=0.00m/s q=0 ggaAge=58 vtgAge=58 xteAge=900066 xteraw=80:510302FF0D060BFF vt=Y(21/22) vtstat=859/93ms tc=Y drp=0mm tcq=0
17:05:35.647 [ISOBUS] addr=0x81 claimed=Y load=14.2% msgs=29802 aiso=859(901066ms) xte=0.00m spd=0.00m/s q=0 ggaAge=57 vtgAge=57 xteAge=901066 xteraw=80:510302FF0D060BFF vt=Y(21/22) vtstat=860/93ms tc=Y drp=0mm tcq=0
17:05:36.658 [ISOBUS] addr=0x81 claimed=Y load=14.0% msgs=29843 aiso=860(902066ms) xte=0.00m spd=0.00m/s q=0 ggaAge=58 vtgAge=57 xteAge=902066 xteraw=80:510302FF0D060BFF vt=Y(21/22) vtstat=861/92ms tc=Y drp=0mm tcq=0
17:05:37.645 [ISOBUS] addr=0x81 claimed=Y load=14.2% msgs=29884 aiso=861(903066ms) xte=0.00m spd=0.00m/s q=0 ggaAge=57 vtgAge=57 xteAge=903066 xteraw=80:510302FF0D060BFF vt=Y(21/22) vtstat=862/92ms tc=Y drp=0mm tcq=0
17:05:38.636 [ISOBUS] addr=0x81 claimed=Y load=14.0% msgs=29925 aiso=862(904066ms) xte=0.00m spd=0.00m/s q=0 ggaAge=58 vtgAge=58 xteAge=904066 xteraw=80:510302FF0D060BFF vt=Y(21/22) vtstat=863/91ms tc=Y drp=0mm tcq=0
17:05:39.658 [ISOBUS] addr=0x81 claimed=Y load=14.2% msgs=29966 aiso=863(905066ms) xte=0.00m spd=0.00m/s q=0 ggaAge=58 vtgAge=58 xteAge=905066 xteraw=80:510302FF0D060BFF vt=Y(21/22) vtstat=864/90ms tc=Y drp=0mm tcq=0
17:05:40.653 [ISOBUS] addr=0x81 claimed=Y load=14.5% msgs=30011 aiso=864(906066ms) xte=0.00m spd=0.00m/s q=0 ggaAge=58 vtgAge=58 xteAge=906066 xteraw=80:510302FF0D060BFF vt=Y(21/22) vtstat=865/90ms tc=Y drp=0mm tcq=0
17:05:41.635 [ISOBUS] addr=0x81 claimed=Y load=14.2% msgs=30052 aiso=865(907066ms) xte=0.00m spd=0.00m/s q=0 ggaAge=58 vtgAge=57 xteAge=907066 xteraw=80:510302FF0D060BFF vt=Y(21/22) vtstat=866/89ms tc=Y drp=0mm tcq=0
17:05:42.637 [ISOBUS] addr=0x81 claimed=Y load=14.0% msgs=30093 aiso=866(908066ms) xte=0.00m spd=0.00m/s q=0 ggaAge=58 vtgAge=57 xteAge=908066 xteraw=80:510302FF0D060BFF vt=Y(21/22) vtstat=867/87ms tc=Y drp=0mm tcq=0
17:05:43.657 [ISOBUS] addr=0x81 claimed=Y load=14.2% msgs=30134 aiso=867(909066ms) xte=0.00m spd=0.00m/s q=0 ggaAge=57 vtgAge=57 xteAge=909066 xteraw=80:510302FF0D060BFF vt=Y(21/22) vtstat=868/87ms tc=Y drp=0mm tcq=0
17:05:44.645 [ISOBUS] addr=0x81 claimed=Y load=14.0% msgs=30175 aiso=868(910066ms) xte=0.00m spd=0.00m/s q=0 ggaAge=58 vtgAge=58 xteAge=910066 xteraw=80:510302FF0D060BFF vt=Y(21/22) vtstat=869/87ms tc=Y drp=0mm tcq=0
17:05:45.639 [ISOBUS] addr=0x81 claimed=Y load=14.2% msgs=30216 aiso=869(911066ms) xte=0.00m spd=0.00m/s q=0 ggaAge=58 vtgAge=57 xteAge=911066 xteraw=80:510302FF0D060BFF vt=Y(21/22) vtstat=870/87ms tc=Y drp=0mm tcq=0
17:05:46.647 [ISOBUS] addr=0x81 claimed=Y load=14.0% msgs=30257 aiso=870(912066ms) xte=0.00m spd=0.00m/s q=0 ggaAge=58 vtgAge=58 xteAge=912066 xteraw=80:510302FF0D060BFF vt=Y(21/22) vtstat=871/86ms tc=Y drp=0mm tcq=0
17:05:47.646 [ISOBUS] addr=0x81 claimed=Y load=14.2% msgs=30298 aiso=871(913066ms) xte=0.00m spd=0.00m/s q=0 ggaAge=58 vtgAge=57 xteAge=913066 xteraw=80:510302FF0D060BFF vt=Y(21/22) vtstat=872/85ms tc=Y drp=0mm tcq=0
17:05:48.634 [ISOBUS] addr=0x81 claimed=Y load=14.0% msgs=30339 aiso=872(914066ms) xte=0.00m spd=0.00m/s q=0 ggaAge=58 vtgAge=58 xteAge=914066 xteraw=80:510302FF0D060BFF vt=Y(21/22) vtstat=873/85ms tc=Y drp=0mm tcq=0
17:05:49.638 [ISOBUS] addr=0x81 claimed=Y load=14.2% msgs=30380 aiso=873(915066ms) xte=0.00m spd=0.00m/s q=0 ggaAge=57 vtgAge=57 xteAge=915066 xteraw=80:510302FF0D060BFF vt=Y(21/22) vtstat=874/84ms tc=Y drp=0mm tcq=0
17:05:50.642 [ISOBUS] addr=0x81 claimed=Y load=14.5% msgs=30425 aiso=874(916066ms) xte=0.00m spd=0.00m/s q=0 ggaAge=58 vtgAge=57 xteAge=916066 xteraw=80:510302FF0D060BFF vt=Y(21/22) vtstat=875/83ms tc=Y drp=0mm tcq=0
17:05:51.628 [ISOBUS] addr=0x81 claimed=Y load=14.2% msgs=30466 aiso=875(917066ms) xte=0.00m spd=0.00m/s q=0 ggaAge=58 vtgAge=57 xteAge=917066 xteraw=80:510302FF0D060BFF vt=Y(21/22) vtstat=876/83ms tc=Y drp=0mm tcq=0
17:05:52.655 [ISOBUS] addr=0x81 claimed=Y load=14.0% msgs=30507 aiso=876(918066ms) xte=0.00m spd=0.00m/s q=0 ggaAge=59 vtgAge=58 xteAge=918066 xteraw=80:510302FF0D060BFF vt=Y(21/22) vtstat=877/82ms tc=Y drp=0mm tcq=0
17:05:53.645 [ISOBUS] addr=0x81 claimed=Y load=14.2% msgs=30548 aiso=877(919066ms) xte=0.00m spd=0.00m/s q=0 ggaAge=58 vtgAge=58 xteAge=919066 xteraw=80:510302FF0D060BFF vt=Y(21/22) vtstat=878/82ms tc=Y drp=0mm tcq=0
17:05:54.639 [ISOBUS] addr=0x81 claimed=Y load=14.0% msgs=30589 aiso=878(920066ms) xte=0.00m spd=0.00m/s q=0 ggaAge=58 vtgAge=57 xteAge=920066 xteraw=80:510302FF0D060BFF vt=Y(21/22) vtstat=879/81ms tc=Y drp=0mm tcq=0
17:05:55.645 [ISOBUS] addr=0x81 claimed=Y load=14.2% msgs=30630 aiso=879(921066ms) xte=0.00m spd=0.00m/s q=0 ggaAge=59 vtgAge=58 xteAge=921066 xteraw=80:510302FF0D060BFF vt=Y(21/22) vtstat=880/81ms tc=Y drp=0mm tcq=0
17:05:56.633 [ISOBUS] addr=0x81 claimed=Y load=14.0% msgs=30671 aiso=880(922066ms) xte=0.00m spd=0.00m/s q=0 ggaAge=58 vtgAge=57 xteAge=922066 xteraw=80:510302FF0D060BFF vt=Y(21/22) vtstat=881/80ms tc=Y drp=0mm tcq=0
17:05:57.639 [ISOBUS] addr=0x81 claimed=Y load=14.2% msgs=30712 aiso=881(923066ms) xte=0.00m spd=0.00m/s q=0 ggaAge=58 vtgAge=57 xteAge=923066 xteraw=80:510302FF0D060BFF vt=Y(21/22) vtstat=882/79ms tc=Y drp=0mm tcq=0
17:05:58.656 [ISOBUS] addr=0x81 claimed=Y load=14.0% msgs=30753 aiso=882(924066ms) xte=0.00m spd=0.00m/s q=0 ggaAge=59 vtgAge=58 xteAge=924066 xteraw=80:510302FF0D060BFF vt=Y(21/22) vtstat=883/78ms tc=Y drp=0mm tcq=0
17:05:59.633 [ISOBUS] addr=0x81 claimed=Y load=14.2% msgs=30794 aiso=883(925066ms) xte=0.00m spd=0.00m/s q=0 ggaAge=58 vtgAge=57 xteAge=925066 xteraw=80:510302FF0D060BFF vt=Y(21/22) vtstat=884/78ms tc=Y drp=0mm tcq=0
17:06:00.639 [ISOBUS] addr=0x81 claimed=Y load=14.5% msgs=30839 aiso=884(926066ms) xte=0.00m spd=0.00m/s q=0 ggaAge=59 vtgAge=58 xteAge=926066 xteraw=80:510302FF0D060BFF vt=Y(21/22) vtstat=885/77ms tc=Y drp=0mm tcq=0
17:06:01.650 [ISOBUS] addr=0x81 claimed=Y load=14.2% msgs=30880 aiso=885(927066ms) xte=0.00m spd=0.00m/s q=0 ggaAge=58 vtgAge=57 xteAge=927066 xteraw=80:510302FF0D060BFF vt=Y(21/22) vtstat=886/77ms tc=Y drp=0mm tcq=0
17:06:02.636 [ISOBUS] addr=0x81 claimed=Y load=14.0% msgs=30921 aiso=886(928066ms) xte=0.00m spd=0.00m/s q=0 ggaAge=58 vtgAge=58 xteAge=928066 xteraw=80:510302FF0D060BFF vt=Y(21/22) vtstat=887/76ms tc=Y drp=0mm tcq=0
17:06:03.653 [ISOBUS] addr=0x81 claimed=Y load=14.2% msgs=30962 aiso=887(929066ms) xte=0.00m spd=0.00m/s q=0 ggaAge=59 vtgAge=59 xteAge=929066 xteraw=80:510302FF0D060BFF vt=Y(21/22) vtstat=888/76ms tc=Y drp=0mm tcq=0
17:06:04.650 [ISOBUS] addr=0x81 claimed=Y load=14.0% msgs=31003 aiso=888(930066ms) xte=0.00m spd=0.00m/s q=0 ggaAge=60 vtgAge=59 xteAge=930066 xteraw=80:510302FF0D060BFF vt=Y(21/22) vtstat=889/75ms tc=Y drp=0mm tcq=0
17:06:05.640 [ISOBUS] addr=0x81 claimed=Y load=14.2% msgs=31044 aiso=889(931066ms) xte=0.00m spd=0.00m/s q=0 ggaAge=59 vtgAge=58 xteAge=931066 xteraw=80:510302FF0D060BFF vt=Y(21/22) vtstat=890/74ms tc=Y drp=0mm tcq=0
17:06:06.639 [ISOBUS] addr=0x81 claimed=Y load=14.0% msgs=31085 aiso=890(932066ms) xte=0.00m spd=0.00m/s q=0 ggaAge=59 vtgAge=59 xteAge=932066 xteraw=80:510302FF0D060BFF vt=Y(21/22) vtstat=891/73ms tc=Y drp=0mm tcq=0
17:06:07.652 [ISOBUS] addr=0x81 claimed=Y load=14.2% msgs=31126 aiso=891(933066ms) xte=0.00m spd=0.00m/s q=0 ggaAge=59 vtgAge=58 xteAge=933066 xteraw=80:510302FF0D060BFF vt=Y(21/22) vtstat=892/73ms tc=Y drp=0mm tcq=0
17:06:08.643 [ISOBUS] addr=0x81 claimed=Y load=14.0% msgs=31167 aiso=892(934066ms) xte=0.00m spd=0.00m/s q=0 ggaAge=58 vtgAge=57 xteAge=934066 xteraw=80:510302FF0D060BFF vt=Y(21/22) vtstat=893/72ms tc=Y drp=0mm tcq=0
17:06:09.658 [ISOBUS] addr=0x81 claimed=Y load=14.2% msgs=31208 aiso=893(935066ms) xte=0.00m spd=0.00m/s q=0 ggaAge=59 vtgAge=59 xteAge=935066 xteraw=80:510302FF0D060BFF vt=Y(21/22) vtstat=894/72ms tc=Y drp=0mm tcq=0
17:06:10.640 [ISOBUS] addr=0x81 claimed=Y load=14.5% msgs=31253 aiso=894(936066ms) xte=0.00m spd=0.00m/s q=0 ggaAge=58 vtgAge=57 xteAge=936066 xteraw=80:510302FF0D060BFF vt=Y(21/22) vtstat=895/71ms tc=Y drp=0mm tcq=0
17:06:11.647 [ISOBUS] addr=0x81 claimed=Y load=14.2% msgs=31294 aiso=895(937066ms) xte=0.00m spd=0.00m/s q=0 ggaAge=59 vtgAge=58 xteAge=937066 xteraw=80:510302FF0D060BFF vt=Y(21/22) vtstat=896/71ms tc=Y drp=0mm tcq=0
17:06:12.635 [ISOBUS] addr=0x81 claimed=Y load=14.0% msgs=31335 aiso=896(938066ms) xte=0.00m spd=0.00m/s q=0 ggaAge=58 vtgAge=57 xteAge=938066 xteraw=80:510302FF0D060BFF vt=Y(21/22) vtstat=897/70ms tc=Y drp=0mm tcq=0
17:06:13.632 [ISOBUS] addr=0x81 claimed=Y load=14.2% msgs=31376 aiso=897(939066ms) xte=0.00m spd=0.00m/s q=0 ggaAge=58 vtgAge=57 xteAge=939066 xteraw=80:510302FF0D060BFF vt=Y(21/22) vtstat=898/69ms tc=Y drp=0mm tcq=0
17:06:14.656 [ISOBUS] addr=0x81 claimed=Y load=14.0% msgs=31417 aiso=898(940066ms) xte=0.00m spd=0.00m/s q=0 ggaAge=57 vtgAge=56 xteAge=940066 xteraw=80:510302FF0D060BFF vt=Y(21/22) vtstat=899/67ms tc=Y drp=0mm tcq=0
17:06:15.646 [ISOBUS] addr=0x81 claimed=Y load=14.2% msgs=31458 aiso=899(941066ms) xte=0.00m spd=0.00m/s q=0 ggaAge=57 vtgAge=57 xteAge=941066 xteraw=80:510302FF0D060BFF vt=Y(21/22) vtstat=900/67ms tc=Y drp=0mm tcq=0
17:06:16.639 [ISOBUS] addr=0x81 claimed=Y load=14.0% msgs=31499 aiso=900(942066ms) xte=0.00m spd=0.00m/s q=0 ggaAge=57 vtgAge=57 xteAge=942066 xteraw=80:510302FF0D060BFF vt=Y(21/22) vtstat=901/66ms tc=Y drp=0mm tcq=0
17:06:17.653 [ISOBUS] addr=0x81 claimed=Y load=14.2% msgs=31540 aiso=901(943066ms) xte=0.00m spd=0.00m/s q=0 ggaAge=57 vtgAge=56 xteAge=943066 xteraw=80:510302FF0D060BFF vt=Y(21/22) vtstat=902/66ms tc=Y drp=0mm tcq=0
17:06:18.642 [ISOBUS] addr=0x81 claimed=Y load=14.0% msgs=31581 aiso=902(944066ms) xte=0.00m spd=0.00m/s q=0 ggaAge=58 vtgAge=57 xteAge=944066 xteraw=80:510302FF0D060BFF vt=Y(21/22) vtstat=903/66ms tc=Y drp=0mm tcq=0
17:06:19.635 [ISOBUS] addr=0x81 claimed=Y load=14.2% msgs=31622 aiso=903(945066ms) xte=0.00m spd=0.00m/s q=0 ggaAge=57 vtgAge=56 xteAge=945066 xteraw=80:510302FF0D060BFF vt=Y(21/22) vtstat=904/65ms tc=Y drp=0mm tcq=0
17:06:20.652 [ISOBUS] addr=0x81 claimed=Y load=14.5% msgs=31667 aiso=904(946066ms) xte=0.00m spd=0.00m/s q=0 ggaAge=58 vtgAge=57 xteAge=946066 xteraw=80:510302FF0D060BFF vt=Y(21/22) vtstat=905/64ms tc=Y drp=0mm tcq=0
17:06:21.647 [ISOBUS] addr=0x81 claimed=Y load=14.2% msgs=31708 aiso=905(947066ms) xte=0.00m spd=0.00m/s q=0 ggaAge=57 vtgAge=56 xteAge=947066 xteraw=80:510302FF0D060BFF vt=Y(21/22) vtstat=906/64ms tc=Y drp=0mm tcq=0
17:06:22.653 [ISOBUS] addr=0x81 claimed=Y load=14.0% msgs=31749 aiso=906(948066ms) xte=0.00m spd=0.00m/s q=0 ggaAge=58 vtgAge=57 xteAge=948066 xteraw=80:510302FF0D060BFF vt=Y(21/22) vtstat=907/63ms tc=Y drp=0mm tcq=0
17:06:23.637 [ISOBUS] addr=0x81 claimed=Y load=14.2% msgs=31790 aiso=907(949066ms) xte=0.00m spd=0.00m/s q=0 ggaAge=57 vtgAge=56 xteAge=949066 xteraw=80:510302FF0D060BFF vt=Y(21/22) vtstat=908/63ms tc=Y drp=0mm tcq=0
17:06:24.631 [ISOBUS] addr=0x81 claimed=Y load=14.0% msgs=31831 aiso=908(950066ms) xte=0.00m spd=0.00m/s q=0 ggaAge=58 vtgAge=57 xteAge=950066 xteraw=80:510302FF0D060BFF vt=Y(21/22) vtstat=909/62ms tc=Y drp=0mm tcq=0
17:06:25.656 [ISOBUS] addr=0x81 claimed=Y load=14.2% msgs=31872 aiso=909(951066ms) xte=0.00m spd=0.00m/s q=0 ggaAge=57 vtgAge=57 xteAge=951066 xteraw=80:510302FF0D060BFF vt=Y(21/22) vtstat=910/61ms tc=Y drp=0mm tcq=0
17:06:26.634 [ISOBUS] addr=0x81 claimed=Y load=14.0% msgs=31913 aiso=910(952066ms) xte=0.00m spd=0.00m/s q=0 ggaAge=57 vtgAge=57 xteAge=952066 xteraw=80:510302FF0D060BFF vt=Y(21/22) vtstat=911/61ms tc=Y drp=0mm tcq=0
17:06:27.645 [ISOBUS] addr=0x81 claimed=Y load=14.2% msgs=31954 aiso=911(953066ms) xte=0.00m spd=0.00m/s q=0 ggaAge=58 vtgAge=57 xteAge=953066 xteraw=80:510302FF0D060BFF vt=Y(21/22) vtstat=912/60ms tc=Y drp=0mm tcq=0
17:06:28.633 [ISOBUS] addr=0x81 claimed=Y load=14.0% msgs=31995 aiso=912(954066ms) xte=0.00m spd=0.00m/s q=0 ggaAge=57 vtgAge=56 xteAge=954066 xteraw=80:510302FF0D060BFF vt=Y(21/22) vtstat=913/59ms tc=Y drp=0mm tcq=0
17:06:29.641 [ISOBUS] addr=0x81 claimed=Y load=14.2% msgs=32036 aiso=913(955066ms) xte=0.00m spd=0.00m/s q=0 ggaAge=57 vtgAge=57 xteAge=955066 xteraw=80:510302FF0D060BFF vt=Y(21/22) vtstat=914/59ms tc=Y drp=0mm tcq=0
17:06:30.650 [ISOBUS] addr=0x81 claimed=Y load=14.5% msgs=32081 aiso=914(956066ms) xte=0.00m spd=0.00m/s q=0 ggaAge=57 vtgAge=56 xteAge=956066 xteraw=80:510302FF0D060BFF vt=Y(21/22) vtstat=915/57ms tc=Y drp=0mm tcq=0
17:06:31.650 [ISOBUS] addr=0x81 claimed=Y load=14.2% msgs=32122 aiso=915(957066ms) xte=0.00m spd=0.00m/s q=0 ggaAge=56 vtgAge=56 xteAge=957066 xteraw=80:510302FF0D060BFF vt=Y(21/22) vtstat=916/57ms tc=Y drp=0mm tcq=0
17:06:32.632 [ISOBUS] addr=0x81 claimed=Y load=14.0% msgs=32163 aiso=916(958066ms) xte=0.00m spd=0.00m/s q=0 ggaAge=56 vtgAge=56 xteAge=958066 xteraw=80:510302FF0D060BFF vt=Y(21/22) vtstat=917/57ms tc=Y drp=0mm tcq=0
17:06:33.652 [ISOBUS] addr=0x81 claimed=Y load=14.2% msgs=32204 aiso=917(959066ms) xte=0.00m spd=0.00m/s q=0 ggaAge=56 vtgAge=55 xteAge=959066 xteraw=80:510302FF0D060BFF vt=Y(21/22) vtstat=918/56ms tc=Y drp=0mm tcq=0
17:06:34.659 [ISOBUS] addr=0x81 claimed=Y load=14.0% msgs=32245 aiso=918(960066ms) xte=0.00m spd=0.00m/s q=0 ggaAge=58 vtgAge=57 xteAge=960066 xteraw=80:510302FF0D060BFF vt=Y(21/22) vtstat=919/55ms tc=Y drp=0mm tcq=0
17:06:35.653 [ISOBUS] addr=0x81 claimed=Y load=14.2% msgs=32286 aiso=919(961066ms) xte=0.00m spd=0.00m/s q=0 ggaAge=56 vtgAge=55 xteAge=961066 xteraw=80:510302FF0D060BFF vt=Y(21/22) vtstat=920/55ms tc=Y drp=0mm tcq=0
17:06:36.655 [ISOBUS] addr=0x81 claimed=Y load=14.0% msgs=32327 aiso=920(962066ms) xte=0.00m spd=0.00m/s q=0 ggaAge=57 vtgAge=56 xteAge=962066 xteraw=80:510302FF0D060BFF vt=Y(21/22) vtstat=921/54ms tc=Y drp=0mm tcq=0
17:06:37.648 [ISOBUS] addr=0x81 claimed=Y load=14.2% msgs=32368 aiso=921(963066ms) xte=0.00m spd=0.00m/s q=0 ggaAge=57 vtgAge=56 xteAge=963066 xteraw=80:510302FF0D060BFF vt=Y(21/22) vtstat=922/54ms tc=Y drp=0mm tcq=0
17:06:38.658 [ISOBUS] addr=0x81 claimed=Y load=14.0% msgs=32409 aiso=922(964066ms) xte=0.00m spd=0.00m/s q=0 ggaAge=57 vtgAge=56 xteAge=964066 xteraw=80:510302FF0D060BFF vt=Y(21/22) vtstat=923/53ms tc=Y drp=0mm tcq=0
17:06:39.633 [ISOBUS] addr=0x81 claimed=Y load=14.2% msgs=32450 aiso=923(965066ms) xte=0.00m spd=0.00m/s q=0 ggaAge=57 vtgAge=56 xteAge=965066 xteraw=80:510302FF0D060BFF vt=Y(21/22) vtstat=924/53ms tc=Y drp=0mm tcq=0
17:06:40.644 [ISOBUS] addr=0x81 claimed=Y load=14.5% msgs=32495 aiso=924(966066ms) xte=0.00m spd=0.00m/s q=0 ggaAge=56 vtgAge=56 xteAge=966066 xteraw=80:510302FF0D060BFF vt=Y(21/22) vtstat=925/52ms tc=Y drp=0mm tcq=0
17:06:41.633 [ISOBUS] addr=0x81 claimed=Y load=14.2% msgs=32536 aiso=925(967066ms) xte=0.00m spd=0.00m/s q=0 ggaAge=57 vtgAge=56 xteAge=967066 xteraw=80:510302FF0D060BFF vt=Y(21/22) vtstat=926/52ms tc=Y drp=0mm tcq=0
17:06:42.660 [ISOBUS] addr=0x81 claimed=Y load=14.0% msgs=32577 aiso=926(968066ms) xte=0.00m spd=0.00m/s q=0 ggaAge=57 vtgAge=56 xteAge=968066 xteraw=80:510302FF0D060BFF vt=Y(21/22) vtstat=927/51ms tc=Y drp=0mm tcq=0
17:06:43.648 [ISOBUS] addr=0x81 claimed=Y load=14.2% msgs=32618 aiso=927(969066ms) xte=0.00m spd=0.00m/s q=0 ggaAge=57 vtgAge=56 xteAge=969066 xteraw=80:510302FF0D060BFF vt=Y(21/22) vtstat=928/50ms tc=Y drp=0mm tcq=0
17:06:43.648 I] [NM]: Control function with address 205 and NAME 000000000000000lx is now offline on channel 198344577.
17:06:44.656 [ISOBUS] addr=0x81 claimed=Y load=14.0% msgs=32659 aiso=928(970066ms) xte=0.00m spd=0.00m/s q=0 ggaAge=56 vtgAge=56 xteAge=970066 xteraw=80:510302FF0D060BFF vt=Y(21/22) vtstat=929/50ms tc=Y drp=0mm tcq=0
17:06:44.910 I] [NM]: External control function with name 000000000000000lx has claimed address 198344577 on channel 2684363008.
17:06:45.642 [ISOBUS] addr=0x81 claimed=Y load=14.2% msgs=32700 aiso=929(971066ms) xte=0.00m spd=0.00m/s q=0 ggaAge=56 vtgAge=55 xteAge=971066 xteraw=80:510302FF0D060BFF vt=Y(21/22) vtstat=930/49ms tc=Y drp=0mm tcq=0
17:06:46.658 [ISOBUS] addr=0x81 claimed=Y load=14.0% msgs=32741 aiso=930(972066ms) xte=0.00m spd=0.00m/s q=0 ggaAge=56 vtgAge=56 xteAge=972066 xteraw=80:510302FF0D060BFF vt=Y(21/22) vtstat=931/48ms tc=Y drp=0mm tcq=0
17:06:47.634 [ISOBUS] addr=0x81 claimed=Y load=14.2% msgs=32782 aiso=931(973066ms) xte=0.00m spd=0.00m/s q=0 ggaAge=56 vtgAge=56 xteAge=973066 xteraw=80:510302FF0D060BFF vt=Y(21/22) vtstat=932/48ms tc=Y drp=0mm tcq=0
17:06:48.651 [ISOBUS] addr=0x81 claimed=Y load=14.0% msgs=32823 aiso=932(974066ms) xte=0.00m spd=0.00m/s q=0 ggaAge=56 vtgAge=56 xteAge=974066 xteraw=80:510302FF0D060BFF vt=Y(21/22) vtstat=933/46ms tc=Y drp=0mm tcq=0
17:06:49.630 [ISOBUS] addr=0x81 claimed=Y load=14.2% msgs=32864 aiso=933(975066ms) xte=0.00m spd=0.00m/s q=0 ggaAge=58 vtgAge=57 xteAge=975066 xteraw=80:510302FF0D060BFF vt=Y(21/22) vtstat=934/46ms tc=Y drp=0mm tcq=0
17:06:50.645 [ISOBUS] addr=0x81 claimed=Y load=14.5% msgs=32909 aiso=934(976066ms) xte=0.00m spd=0.00m/s q=0 ggaAge=56 vtgAge=56 xteAge=976066 xteraw=80:510302FF0D060BFF vt=Y(21/22) vtstat=935/46ms tc=Y drp=0mm tcq=0
17:06:51.652 [ISOBUS] addr=0x81 claimed=Y load=14.2% msgs=32950 aiso=935(977066ms) xte=0.00m spd=0.00m/s q=0 ggaAge=56 vtgAge=56 xteAge=977066 xteraw=80:510302FF0D060BFF vt=Y(21/22) vtstat=936/45ms tc=Y drp=0mm tcq=0
17:06:52.632 [ISOBUS] addr=0x81 claimed=Y load=14.0% msgs=32991 aiso=936(978066ms) xte=0.00m spd=0.00m/s q=0 ggaAge=58 vtgAge=56 xteAge=978066 xteraw=80:510302FF0D060BFF vt=Y(21/22) vtstat=937/45ms tc=Y drp=0mm tcq=0
17:06:53.641 [ISOBUS] addr=0x81 claimed=Y load=14.2% msgs=33032 aiso=937(979066ms) xte=0.00m spd=0.00m/s q=0 ggaAge=56 vtgAge=55 xteAge=979066 xteraw=80:510302FF0D060BFF vt=Y(21/22) vtstat=938/44ms tc=Y drp=0mm tcq=0
17:06:54.660 [ISOBUS] addr=0x81 claimed=Y load=14.0% msgs=33073 aiso=938(980066ms) xte=0.00m spd=0.00m/s q=0 ggaAge=56 vtgAge=55 xteAge=980066 xteraw=80:510302FF0D060BFF vt=Y(21/22) vtstat=939/44ms tc=Y drp=0mm tcq=0
17:06:55.658 [ISOBUS] addr=0x81 claimed=Y load=14.2% msgs=33114 aiso=939(981066ms) xte=0.00m spd=0.00m/s q=0 ggaAge=56 vtgAge=56 xteAge=981066 xteraw=80:510302FF0D060BFF vt=Y(21/22) vtstat=940/43ms tc=Y drp=0mm tcq=0
17:06:56.639 [ISOBUS] addr=0x81 claimed=Y load=14.0% msgs=33155 aiso=940(982066ms) xte=0.00m spd=0.00m/s q=0 ggaAge=58 vtgAge=57 xteAge=982066 xteraw=80:510302FF0D060BFF vt=Y(21/22) vtstat=941/42ms tc=Y drp=0mm tcq=0
17:06:57.634 [ISOBUS] addr=0x81 claimed=Y load=14.2% msgs=33196 aiso=941(983066ms) xte=0.00m spd=0.00m/s q=0 ggaAge=56 vtgAge=56 xteAge=983066 xteraw=80:510302FF0D060BFF vt=Y(21/22) vtstat=942/42ms tc=Y drp=0mm tcq=0
17:06:58.647 [ISOBUS] addr=0x81 claimed=Y load=14.0% msgs=33237 aiso=942(984066ms) xte=0.00m spd=0.00m/s q=0 ggaAge=56 vtgAge=56 xteAge=984066 xteraw=80:510302FF0D060BFF vt=Y(21/22) vtstat=943/41ms tc=Y drp=0mm tcq=0
17:06:59.656 [ISOBUS] addr=0x81 claimed=Y load=14.2% msgs=33278 aiso=943(985066ms) xte=0.00m spd=0.00m/s q=0 ggaAge=58 vtgAge=57 xteAge=985066 xteraw=80:510302FF0D060BFF vt=Y(21/22) vtstat=944/40ms tc=Y drp=0mm tcq=0
17:07:00.652 [ISOBUS] addr=0x81 claimed=Y load=14.5% msgs=33323 aiso=944(986066ms) xte=0.00m spd=0.00m/s q=0 ggaAge=56 vtgAge=56 xteAge=986066 xteraw=80:510302FF0D060BFF vt=Y(21/22) vtstat=945/40ms tc=Y drp=0mm tcq=0
17:07:01.650 [ISOBUS] addr=0x81 claimed=Y load=14.2% msgs=33364 aiso=945(987066ms) xte=0.00m spd=0.00m/s q=0 ggaAge=57 vtgAge=56 xteAge=987066 xteraw=80:510302FF0D060BFF vt=Y(21/22) vtstat=946/39ms tc=Y drp=0mm tcq=0
17:07:02.645 [ISOBUS] addr=0x81 claimed=Y load=14.0% msgs=33405 aiso=946(988066ms) xte=0.00m spd=0.00m/s q=0 ggaAge=56 vtgAge=56 xteAge=988066 xteraw=80:510302FF0D060BFF vt=Y(21/22) vtstat=947/38ms tc=Y drp=0mm tcq=0
17:07:03.650 [ISOBUS] addr=0x81 claimed=Y load=14.2% msgs=33446 aiso=947(989066ms) xte=0.00m spd=0.00m/s q=0 ggaAge=56 vtgAge=55 xteAge=989066 xteraw=80:510302FF0D060BFF vt=Y(21/22) vtstat=948/38ms tc=Y drp=0mm tcq=0
17:07:04.646 [ISOBUS] addr=0x81 claimed=Y load=14.0% msgs=33487 aiso=948(990066ms) xte=0.00m spd=0.00m/s q=0 ggaAge=57 vtgAge=56 xteAge=990066 xteraw=80:510302FF0D060BFF vt=Y(21/22) vtstat=949/37ms tc=Y drp=0mm tcq=0
17:07:05.654 [ISOBUS] addr=0x81 claimed=Y load=14.2% msgs=33528 aiso=949(991066ms) xte=0.00m spd=0.00m/s q=0 ggaAge=58 vtgAge=57 xteAge=991066 xteraw=80:510302FF0D060BFF vt=Y(21/22) vtstat=950/37ms tc=Y drp=0mm tcq=0
17:07:06.654 [ISOBUS] addr=0x81 claimed=Y load=14.0% msgs=33569 aiso=950(992066ms) xte=0.00m spd=0.00m/s q=0 ggaAge=57 vtgAge=56 xteAge=992066 xteraw=80:510302FF0D060BFF vt=Y(21/22) vtstat=951/36ms tc=Y drp=0mm tcq=0
17:07:07.646 [ISOBUS] addr=0x81 claimed=Y load=14.2% msgs=33610 aiso=951(993066ms) xte=0.00m spd=0.00m/s q=0 ggaAge=56 vtgAge=56 xteAge=993066 xteraw=80:510302FF0D060BFF vt=Y(21/22) vtstat=952/36ms tc=Y drp=0mm tcq=0
17:07:08.660 [ISOBUS] addr=0x81 claimed=Y load=14.0% msgs=33651 aiso=952(994066ms) xte=0.00m spd=0.00m/s q=0 ggaAge=56 vtgAge=55 xteAge=994066 xteraw=80:510302FF0D060BFF vt=Y(21/22) vtstat=953/35ms tc=Y drp=0mm tcq=0
17:07:09.654 [ISOBUS] addr=0x81 claimed=Y load=14.2% msgs=33692 aiso=953(995066ms) xte=0.00m spd=0.00m/s q=0 ggaAge=55 vtgAge=55 xteAge=995066 xteraw=80:510302FF0D060BFF vt=Y(21/22) vtstat=954/34ms tc=Y drp=0mm tcq=0
17:07:10.649 [ISOBUS] addr=0x81 claimed=Y load=14.5% msgs=33737 aiso=954(996066ms) xte=0.00m spd=0.00m/s q=0 ggaAge=58 vtgAge=57 xteAge=996066 xteraw=80:510302FF0D060BFF vt=Y(21/22) vtstat=955/34ms tc=Y drp=0mm tcq=0
17:07:11.661 [ISOBUS] addr=0x81 claimed=Y load=14.2% msgs=33778 aiso=955(997066ms) xte=0.00m spd=0.00m/s q=0 ggaAge=57 vtgAge=56 xteAge=997066 xteraw=80:510302FF0D060BFF vt=Y(21/22) vtstat=956/33ms tc=Y drp=0mm tcq=0
17:07:12.659 [ISOBUS] addr=0x81 claimed=Y load=14.0% msgs=33819 aiso=956(998066ms) xte=0.00m spd=0.00m/s q=0 ggaAge=58 vtgAge=57 xteAge=998066 xteraw=80:510302FF0D060BFF vt=Y(21/22) vtstat=957/32ms tc=Y drp=0mm tcq=0
17:07:13.661 [ISOBUS] addr=0x81 claimed=Y load=14.2% msgs=33860 aiso=957(999066ms) xte=0.00m spd=0.00m/s q=0 ggaAge=58 vtgAge=57 xteAge=999066 xteraw=80:510302FF0D060BFF vt=Y(21/22) vtstat=958/32ms tc=Y drp=0mm tcq=0
17:07:14.656 [ISOBUS] addr=0x81 claimed=Y load=14.0% msgs=33901 aiso=958(1000066ms) xte=0.00m spd=0.00m/s q=0 ggaAge=56 vtgAge=56 xteAge=1000066 xteraw=80:510302FF0D060BFF vt=Y(21/22) vtstat=959/31ms tc=Y drp=0mm tcq=0
17:07:15.655 [ISOBUS] addr=0x81 claimed=Y load=14.2% msgs=33942 aiso=959(1001066ms) xte=0.00m spd=0.00m/s q=0 ggaAge=56 vtgAge=55 xteAge=1001066 xteraw=80:510302FF0D060BFF vt=Y(21/22) vtstat=960/31ms tc=Y drp=0mm tcq=0
17:07:16.638 [ISOBUS] addr=0x81 claimed=Y load=14.0% msgs=33983 aiso=960(1002066ms) xte=0.00m spd=0.00m/s q=0 ggaAge=58 vtgAge=57 xteAge=1002066 xteraw=80:510302FF0D060BFF vt=Y(21/22) vtstat=961/30ms tc=Y drp=0mm tcq=0
17:07:17.654 [ISOBUS] addr=0x81 claimed=Y load=14.2% msgs=34024 aiso=961(1003066ms) xte=0.00m spd=0.00m/s q=0 ggaAge=58 vtgAge=57 xteAge=1003066 xteraw=80:510302FF0D060BFF vt=Y(21/22) vtstat=962/30ms tc=Y drp=0mm tcq=0
17:07:18.643 [ISOBUS] addr=0x81 claimed=Y load=14.0% msgs=34065 aiso=962(1004066ms) xte=0.00m spd=0.00m/s q=0 ggaAge=57 vtgAge=56 xteAge=1004066 xteraw=80:510302FF0D060BFF vt=Y(21/22) vtstat=963/29ms tc=Y drp=0mm tcq=0
17:07:19.631 [ISOBUS] addr=0x81 claimed=Y load=14.2% msgs=34106 aiso=963(1005066ms) xte=0.00m spd=0.00m/s q=0 ggaAge=57 vtgAge=57 xteAge=1005066 xteraw=80:510302FF0D060BFF vt=Y(21/22) vtstat=964/29ms tc=Y drp=0mm tcq=0
17:07:20.646 [ISOBUS] addr=0x81 claimed=Y load=14.5% msgs=34151 aiso=964(1006066ms) xte=0.00m spd=0.00m/s q=0 ggaAge=56 vtgAge=55 xteAge=1006066 xteraw=80:510302FF0D060BFF vt=Y(21/22) vtstat=965/28ms tc=Y drp=0mm tcq=0
17:07:21.638 [ISOBUS] addr=0x81 claimed=Y load=14.2% msgs=34192 aiso=965(1007066ms) xte=0.00m spd=0.00m/s q=0 ggaAge=57 vtgAge=56 xteAge=1007066 xteraw=80:510302FF0D060BFF vt=Y(21/22) vtstat=966/27ms tc=Y drp=0mm tcq=0
17:07:22.635 [ISOBUS] addr=0x81 claimed=Y load=14.0% msgs=34233 aiso=966(1008066ms) xte=0.00m spd=0.00m/s q=0 ggaAge=58 vtgAge=57 xteAge=1008066 xteraw=80:510302FF0D060BFF vt=Y(21/22) vtstat=967/26ms tc=Y drp=0mm tcq=0
17:07:23.661 [ISOBUS] addr=0x81 claimed=Y load=14.2% msgs=34274 aiso=967(1009066ms) xte=0.00m spd=0.00m/s q=0 ggaAge=57 vtgAge=56 xteAge=1009066 xteraw=80:510302FF0D060BFF vt=Y(21/22) vtstat=968/26ms tc=Y drp=0mm tcq=0
17:07:24.633 [ISOBUS] addr=0x81 claimed=Y load=14.0% msgs=34315 aiso=968(1010066ms) xte=0.00m spd=0.00m/s q=0 ggaAge=56 vtgAge=55 xteAge=1010066 xteraw=80:510302FF0D060BFF vt=Y(21/22) vtstat=969/25ms tc=Y drp=0mm tcq=0
17:07:25.656 [ISOBUS] addr=0x81 claimed=Y load=14.2% msgs=34356 aiso=969(1011066ms) xte=0.00m spd=0.00m/s q=0 ggaAge=57 vtgAge=56 xteAge=1011066 xteraw=80:510302FF0D060BFF vt=Y(21/22) vtstat=970/25ms tc=Y drp=0mm tcq=0
17:07:26.655 [ISOBUS] addr=0x81 claimed=Y load=14.0% msgs=34397 aiso=970(1012066ms) xte=0.00m spd=0.00m/s q=0 ggaAge=57 vtgAge=56 xteAge=1012066 xteraw=80:510302FF0D060BFF vt=Y(21/22) vtstat=971/24ms tc=Y drp=0mm tcq=0
17:07:27.633 [ISOBUS] addr=0x81 claimed=Y load=14.2% msgs=34438 aiso=971(1013066ms) xte=0.00m spd=0.00m/s q=0 ggaAge=57 vtgAge=56 xteAge=1013066 xteraw=80:510302FF0D060BFF vt=Y(21/22) vtstat=972/24ms tc=Y drp=0mm tcq=0
17:07:28.654 [ISOBUS] addr=0x81 claimed=Y load=14.0% msgs=34479 aiso=972(1014066ms) xte=0.00m spd=0.00m/s q=0 ggaAge=58 vtgAge=57 xteAge=1014066 xteraw=80:510302FF0D060BFF vt=Y(21/22) vtstat=973/23ms tc=Y drp=0mm tcq=0
17:07:29.631 [ISOBUS] addr=0x81 claimed=Y load=14.2% msgs=34520 aiso=973(1015066ms) xte=0.00m spd=0.00m/s q=0 ggaAge=58 vtgAge=57 xteAge=1015066 xteraw=80:510302FF0D060BFF vt=Y(21/22) vtstat=974/23ms tc=Y drp=0mm tcq=0
17:07:30.655 [ISOBUS] addr=0x81 claimed=Y load=14.5% msgs=34565 aiso=974(1016066ms) xte=0.00m spd=0.00m/s q=0 ggaAge=57 vtgAge=57 xteAge=1016066 xteraw=80:510302FF0D060BFF vt=Y(21/22) vtstat=975/22ms tc=Y drp=0mm tcq=0
17:07:31.639 [ISOBUS] addr=0x81 claimed=Y load=14.2% msgs=34606 aiso=975(1017066ms) xte=0.00m spd=0.00m/s q=0 ggaAge=57 vtgAge=56 xteAge=1017066 xteraw=80:510302FF0D060BFF vt=Y(21/22) vtstat=976/21ms tc=Y drp=0mm tcq=0
17:07:32.642 [ISOBUS] addr=0x81 claimed=Y load=14.0% msgs=34647 aiso=976(1018066ms) xte=0.00m spd=0.00m/s q=0 ggaAge=58 vtgAge=57 xteAge=1018066 xteraw=80:510302FF0D060BFF vt=Y(21/22) vtstat=977/21ms tc=Y drp=0mm tcq=0
17:07:33.640 [ISOBUS] addr=0x81 claimed=Y load=14.2% msgs=34688 aiso=977(1019066ms) xte=0.00m spd=0.00m/s q=0 ggaAge=57 vtgAge=57 xteAge=1019066 xteraw=80:510302FF0D060BFF vt=Y(21/22) vtstat=978/20ms tc=Y drp=0mm tcq=0
17:07:34.663 [ISOBUS] addr=0x81 claimed=Y load=14.0% msgs=34729 aiso=978(1020066ms) xte=0.00m spd=0.00m/s q=0 ggaAge=58 vtgAge=57 xteAge=1020066 xteraw=80:510302FF0D060BFF vt=Y(21/22) vtstat=979/19ms tc=Y drp=0mm tcq=0
17:07:35.642 [ISOBUS] addr=0x81 claimed=Y load=14.2% msgs=34770 aiso=979(1021066ms) xte=0.00m spd=0.00m/s q=0 ggaAge=57 vtgAge=56 xteAge=1021066 xteraw=80:510302FF0D060BFF vt=Y(21/22) vtstat=980/19ms tc=Y drp=0mm tcq=0
17:07:36.632 [ISOBUS] addr=0x81 claimed=Y load=14.0% msgs=34811 aiso=980(1022066ms) xte=0.00m spd=0.00m/s q=0 ggaAge=58 vtgAge=58 xteAge=1022066 xteraw=80:510302FF0D060BFF vt=Y(21/22) vtstat=981/18ms tc=Y drp=0mm tcq=0
17:07:37.647 [ISOBUS] addr=0x81 claimed=Y load=14.2% msgs=34852 aiso=981(1023066ms) xte=0.00m spd=0.00m/s q=0 ggaAge=58 vtgAge=57 xteAge=1023066 xteraw=80:510302FF0D060BFF vt=Y(21/22) vtstat=982/18ms tc=Y drp=0mm tcq=0
17:07:38.633 [ISOBUS] addr=0x81 claimed=Y load=14.0% msgs=34893 aiso=982(1024066ms) xte=0.00m spd=0.00m/s q=0 ggaAge=57 vtgAge=56 xteAge=1024066 xteraw=80:510302FF0D060BFF vt=Y(21/22) vtstat=983/17ms tc=Y drp=0mm tcq=0
17:07:39.653 [ISOBUS] addr=0x81 claimed=Y load=14.2% msgs=34934 aiso=983(1025066ms) xte=0.00m spd=0.00m/s q=0 ggaAge=58 vtgAge=57 xteAge=1025066 xteraw=80:510302FF0D060BFF vt=Y(21/22) vtstat=984/17ms tc=Y drp=0mm tcq=0
17:07:40.649 [ISOBUS] addr=0x81 claimed=Y load=14.5% msgs=34979 aiso=984(1026066ms) xte=0.00m spd=0.00m/s q=0 ggaAge=57 vtgAge=57 xteAge=1026066 xteraw=80:510302FF0D060BFF vt=Y(21/22) vtstat=985/16ms tc=Y drp=0mm tcq=0
17:07:41.633 [ISOBUS] addr=0x81 claimed=Y load=14.2% msgs=35020 aiso=985(1027066ms) xte=0.00m spd=0.00m/s q=0 ggaAge=57 vtgAge=55 xteAge=1027066 xteraw=80:510302FF0D060BFF vt=Y(21/22) vtstat=986/16ms tc=Y drp=0mm tcq=0
17:07:42.644 [ISOBUS] addr=0x81 claimed=Y load=14.0% msgs=35061 aiso=986(1028066ms) xte=0.00m spd=0.00m/s q=0 ggaAge=58 vtgAge=57 xteAge=1028066 xteraw=80:510302FF0D060BFF vt=Y(21/22) vtstat=987/15ms tc=Y drp=0mm tcq=0
17:07:43.640 [ISOBUS] addr=0x81 claimed=Y load=14.2% msgs=35102 aiso=987(1029066ms) xte=0.00m spd=0.00m/s q=0 ggaAge=58 vtgAge=57 xteAge=1029066 xteraw=80:510302FF0D060BFF vt=Y(21/22) vtstat=988/14ms tc=Y drp=0mm tcq=0
17:07:44.642 [ISOBUS] addr=0x81 claimed=Y load=14.0% msgs=35143 aiso=988(1030066ms) xte=0.00m spd=0.00m/s q=0 ggaAge=57 vtgAge=56 xteAge=1030066 xteraw=80:510302FF0D060BFF vt=Y(21/22) vtstat=989/13ms tc=Y drp=0mm tcq=0
17:07:45.631 [ISOBUS] addr=0x81 claimed=Y load=14.2% msgs=35184 aiso=989(1031066ms) xte=0.00m spd=0.00m/s q=0 ggaAge=57 vtgAge=57 xteAge=1031066 xteraw=80:510302FF0D060BFF vt=Y(21/22) vtstat=990/13ms tc=Y drp=0mm tcq=0
17:07:46.651 [ISOBUS] addr=0x81 claimed=Y load=14.1% msgs=35225 aiso=990(1032066ms) xte=0.00m spd=0.00m/s q=0 ggaAge=58 vtgAge=57 xteAge=1032066 xteraw=80:510302FF0D060BFF vt=Y(21/22) vtstat=991/12ms tc=Y drp=0mm tcq=0
17:07:47.657 [ISOBUS] addr=0x81 claimed=Y load=14.2% msgs=35266 aiso=991(1033066ms) xte=0.00m spd=0.00m/s q=0 ggaAge=58 vtgAge=57 xteAge=1033066 xteraw=80:510302FF0D060BFF vt=Y(21/22) vtstat=992/12ms tc=Y drp=0mm tcq=0
17:07:48.642 [ISOBUS] addr=0x81 claimed=Y load=14.0% msgs=35307 aiso=992(1034066ms) xte=0.00m spd=0.00m/s q=0 ggaAge=58 vtgAge=57 xteAge=1034066 xteraw=80:510302FF0D060BFF vt=Y(21/22) vtstat=993/11ms tc=Y drp=0mm tcq=0
17:07:49.635 I] [NM]: Control function with address 205 and NAME 000000000000000lx is now offline on channel 198344577.
17:07:49.635 [ISOBUS] addr=0x81 claimed=Y load=14.2% msgs=35348 aiso=993(1035066ms) xte=0.00m spd=0.00m/s q=0 ggaAge=58 vtgAge=57 xteAge=1035066 xteraw=80:510302FF0D060BFF vt=Y(21/22) vtstat=994/10ms tc=Y drp=0mm tcq=0
17:07:50.654 [ISOBUS] addr=0x81 claimed=Y load=14.5% msgs=35393 aiso=994(1036066ms) xte=0.00m spd=0.00m/s q=0 ggaAge=58 vtgAge=57 xteAge=1036066 xteraw=80:510302FF0D060BFF vt=Y(21/22) vtstat=995/10ms tc=Y drp=0mm tcq=0
17:07:50.911 I] [NM]: External control function with name 000000000000000lx has claimed address 198344577 on channel 2684363008.
17:07:51.639 [ISOBUS] addr=0x81 claimed=Y load=14.1% msgs=35434 aiso=995(1037066ms) xte=0.00m spd=0.00m/s q=0 ggaAge=58 vtgAge=57 xteAge=1037066 xteraw=80:510302FF0D060BFF vt=Y(21/22) vtstat=996/9ms tc=Y drp=0mm tcq=0
17:07:52.652 [ISOBUS] addr=0x81 claimed=Y load=14.1% msgs=35475 aiso=996(1038066ms) xte=0.00m spd=0.00m/s q=0 ggaAge=57 vtgAge=57 xteAge=1038066 xteraw=80:510302FF0D060BFF vt=Y(21/22) vtstat=997/8ms tc=Y drp=0mm tcq=0
17:07:53.649 [ISOBUS] addr=0x81 claimed=Y load=14.2% msgs=35516 aiso=997(1039066ms) xte=0.00m spd=0.00m/s q=0 ggaAge=57 vtgAge=57 xteAge=1039066 xteraw=80:510302FF0D060BFF vt=Y(21/22) vtstat=998/8ms tc=Y drp=0mm tcq=0
17:07:54.661 [ISOBUS] addr=0x81 claimed=Y load=14.0% msgs=35557 aiso=998(1040066ms) xte=0.00m spd=0.00m/s q=0 ggaAge=57 vtgAge=56 xteAge=1040066 xteraw=80:510302FF0D060BFF vt=Y(21/22) vtstat=999/7ms tc=Y drp=0mm tcq=0
17:07:55.662 [ISOBUS] addr=0x81 claimed=Y load=14.3% msgs=35598 aiso=999(1041066ms) xte=0.00m spd=0.00m/s q=0 ggaAge=57 vtgAge=57 xteAge=1041066 xteraw=80:510302FF0D060BFF vt=Y(21/22) vtstat=1000/7ms tc=Y drp=0mm tcq=0
17:07:56.653 [ISOBUS] addr=0x81 claimed=Y load=14.0% msgs=35639 aiso=1000(1042066ms) xte=0.00m spd=0.00m/s q=0 ggaAge=57 vtgAge=57 xteAge=1042066 xteraw=80:510302FF0D060BFF vt=Y(21/22) vtstat=1001/6ms tc=Y drp=0mm tcq=0
17:07:57.650 [ISOBUS] addr=0x81 claimed=Y load=14.2% msgs=35680 aiso=1001(1043066ms) xte=0.00m spd=0.00m/s q=0 ggaAge=58 vtgAge=57 xteAge=1043066 xteraw=80:510302FF0D060BFF vt=Y(21/22) vtstat=1002/6ms tc=Y drp=0mm tcq=0
17:07:58.648 [ISOBUS] addr=0x81 claimed=Y load=14.0% msgs=35721 aiso=1002(1044066ms) xte=0.00m spd=0.00m/s q=0 ggaAge=57 vtgAge=57 xteAge=1044066 xteraw=80:510302FF0D060BFF vt=Y(21/22) vtstat=1003/4ms tc=Y drp=0mm tcq=0
17:07:59.634 [ISOBUS] addr=0x81 claimed=Y load=14.2% msgs=35762 aiso=1003(1045066ms) xte=0.00m spd=0.00m/s q=0 ggaAge=57 vtgAge=57 xteAge=1045066 xteraw=80:510302FF0D060BFF vt=Y(21/22) vtstat=1004/5ms tc=Y drp=0mm tcq=0
17:08:00.663 [ISOBUS] addr=0x81 claimed=Y load=14.5% msgs=35807 aiso=1004(1046066ms) xte=0.00m spd=0.00m/s q=0 ggaAge=58 vtgAge=58 xteAge=1046066 xteraw=80:510302FF0D060BFF vt=Y(21/22) vtstat=1005/4ms tc=Y drp=0mm tcq=0
17:08:01.636 [ISOBUS] addr=0x81 claimed=Y load=14.2% msgs=35848 aiso=1005(1047066ms) xte=0.00m spd=0.00m/s q=0 ggaAge=58 vtgAge=57 xteAge=1047066 xteraw=80:510302FF0D060BFF vt=Y(21/22) vtstat=1006/3ms tc=Y drp=0mm tcq=0
17:08:02.644 [ISOBUS] addr=0x81 claimed=Y load=14.0% msgs=35889 aiso=1006(1048066ms) xte=0.00m spd=0.00m/s q=0 ggaAge=58 vtgAge=57 xteAge=1048066 xteraw=80:510302FF0D060BFF vt=Y(21/22) vtstat=1007/2ms tc=Y drp=0mm tcq=0
17:08:03.645 [ISOBUS] addr=0x81 claimed=Y load=14.2% msgs=35930 aiso=1007(1049066ms) xte=0.00m spd=0.00m/s q=0 ggaAge=58 vtgAge=57 xteAge=1049066 xteraw=80:510302FF0D060BFF vt=Y(21/22) vtstat=1008/2ms tc=Y drp=0mm tcq=0
17:08:04.662 [ISOBUS] addr=0x81 claimed=Y load=14.1% msgs=35971 aiso=1008(1050066ms) xte=0.00m spd=0.00m/s q=0 ggaAge=58 vtgAge=58 xteAge=1050066 xteraw=80:510302FF0D060BFF vt=Y(21/22) vtstat=1009/1ms tc=Y drp=0mm tcq=0
17:08:05.662 [ISOBUS] addr=0x81 claimed=Y load=14.2% msgs=36012 aiso=1009(1051066ms) xte=0.00m spd=0.00m/s q=0 ggaAge=59 vtgAge=58 xteAge=1051066 xteraw=80:510302FF0D060BFF vt=Y(21/22) vtstat=1010/1ms tc=Y drp=0mm tcq=0
17:08:06.658 [ISOBUS] addr=0x81 claimed=Y load=14.0% msgs=36053 aiso=1010(1052066ms) xte=0.00m spd=0.00m/s q=0 ggaAge=57 vtgAge=56 xteAge=1052066 xteraw=80:510302FF0D060BFF vt=Y(21/22) vtstat=1010/1001ms tc=Y drp=0mm tcq=0
17:08:07.639 [ISOBUS] addr=0x81 claimed=Y load=14.2% msgs=36094 aiso=1011(1053066ms) xte=0.00m spd=0.00m/s q=0 ggaAge=58 vtgAge=57 xteAge=1053066 xteraw=80:510302FF0D060BFF vt=Y(21/22) vtstat=1011/1000ms tc=Y drp=0mm tcq=0
17:08:08.656 [ISOBUS] addr=0x81 claimed=Y load=14.0% msgs=36135 aiso=1012(1054066ms) xte=0.00m spd=0.00m/s q=0 ggaAge=58 vtgAge=58 xteAge=1054066 xteraw=80:510302FF0D060BFF vt=Y(21/22) vtstat=1012/999ms tc=Y drp=0mm tcq=0
17:08:09.637 [ISOBUS] addr=0x81 claimed=Y load=14.2% msgs=36176 aiso=1013(1055066ms) xte=0.00m spd=0.00m/s q=0 ggaAge=58 vtgAge=57 xteAge=1055066 xteraw=80:510302FF0D060BFF vt=Y(21/22) vtstat=1013/999ms tc=Y drp=0mm tcq=0
17:08:10.641 [ISOBUS] addr=0x81 claimed=Y load=14.5% msgs=36221 aiso=1014(1056066ms) xte=0.00m spd=0.00m/s q=0 ggaAge=58 vtgAge=58 xteAge=1056066 xteraw=80:510302FF0D060BFF vt=Y(21/22) vtstat=1014/998ms tc=Y drp=0mm tcq=0
17:08:11.640 [ISOBUS] addr=0x81 claimed=Y load=14.2% msgs=36262 aiso=1015(1057066ms) xte=0.00m spd=0.00m/s q=0 ggaAge=57 vtgAge=57 xteAge=1057066 xteraw=80:510302FF0D060BFF vt=Y(21/22) vtstat=1015/997ms tc=Y drp=0mm tcq=0
17:08:12.639 [ISOBUS] addr=0x81 claimed=Y load=14.0% msgs=36303 aiso=1016(1058066ms) xte=0.00m spd=0.00m/s q=0 ggaAge=58 vtgAge=57 xteAge=1058066 xteraw=80:510302FF0D060BFF vt=Y(21/22) vtstat=1016/997ms tc=Y drp=0mm tcq=0
17:08:13.641 [ISOBUS] addr=0x81 claimed=Y load=14.2% msgs=36344 aiso=1017(1059066ms) xte=0.00m spd=0.00m/s q=0 ggaAge=57 vtgAge=56 xteAge=1059066 xteraw=80:510302FF0D060BFF vt=Y(21/22) vtstat=1017/996ms tc=Y drp=0mm tcq=0
17:08:14.654 [ISOBUS] addr=0x81 claimed=Y load=14.0% msgs=36385 aiso=1018(1060066ms) xte=0.00m spd=0.00m/s q=0 ggaAge=57 vtgAge=57 xteAge=1060066 xteraw=80:510302FF0D060BFF vt=Y(21/22) vtstat=1018/996ms tc=Y drp=0mm tcq=0
17:08:15.647 [ISOBUS] addr=0x81 claimed=Y load=14.2% msgs=36426 aiso=1019(1061066ms) xte=0.00m spd=0.00m/s q=0 ggaAge=58 vtgAge=57 xteAge=1061066 xteraw=80:510302FF0D060BFF vt=Y(21/22) vtstat=1019/993ms tc=Y drp=0mm tcq=0
17:08:16.662 [ISOBUS] addr=0x81 claimed=Y load=14.0% msgs=36467 aiso=1020(1062066ms) xte=0.00m spd=0.00m/s q=0 ggaAge=58 vtgAge=57 xteAge=1062066 xteraw=80:510302FF0D060BFF vt=Y(21/22) vtstat=1020/993ms tc=Y drp=0mm tcq=0
17:08:17.642 [ISOBUS] addr=0x81 claimed=Y load=14.2% msgs=36508 aiso=1021(1063066ms) xte=0.00m spd=0.00m/s q=0 ggaAge=58 vtgAge=57 xteAge=1063066 xteraw=80:510302FF0D060BFF vt=Y(21/22) vtstat=1021/993ms tc=Y drp=0mm tcq=0
17:08:18.647 [ISOBUS] addr=0x81 claimed=Y load=14.0% msgs=36549 aiso=1022(1064066ms) xte=0.00m spd=0.00m/s q=0 ggaAge=58 vtgAge=57 xteAge=1064066 xteraw=80:510302FF0D060BFF vt=Y(21/22) vtstat=1022/993ms tc=Y drp=0mm tcq=0
17:08:19.650 [ISOBUS] addr=0x81 claimed=Y load=14.2% msgs=36590 aiso=1023(1065066ms) xte=0.00m spd=0.00m/s q=0 ggaAge=58 vtgAge=58 xteAge=1065066 xteraw=80:510302FF0D060BFF vt=Y(21/22) vtstat=1023/992ms tc=Y drp=0mm tcq=0
17:08:20.656 [ISOBUS] addr=0x81 claimed=Y load=14.5% msgs=36635 aiso=1024(1066066ms) xte=0.00m spd=0.00m/s q=0 ggaAge=58 vtgAge=57 xteAge=1066066 xteraw=80:510302FF0D060BFF vt=Y(21/22) vtstat=1024/992ms tc=Y drp=0mm tcq=0
17:08:21.659 [ISOBUS] addr=0x81 claimed=Y load=14.2% msgs=36676 aiso=1025(1067066ms) xte=0.00m spd=0.00m/s q=0 ggaAge=58 vtgAge=57 xteAge=1067066 xteraw=80:510302FF0D060BFF vt=Y(21/22) vtstat=1025/991ms tc=Y drp=0mm tcq=0
17:08:22.659 [ISOBUS] addr=0x81 claimed=Y load=14.0% msgs=36717 aiso=1026(1068066ms) xte=0.00m spd=0.00m/s q=0 ggaAge=58 vtgAge=57 xteAge=1068066 xteraw=80:510302FF0D060BFF vt=Y(21/22) vtstat=1026/991ms tc=Y drp=0mm tcq=0
17:08:23.661 [ISOBUS] addr=0x81 claimed=Y load=14.2% msgs=36758 aiso=1027(1069066ms) xte=0.00m spd=0.00m/s q=0 ggaAge=59 vtgAge=58 xteAge=1069066 xteraw=80:510302FF0D060BFF vt=Y(21/22) vtstat=1027/990ms tc=Y drp=0mm tcq=0
17:08:24.642 [ISOBUS] addr=0x81 claimed=Y load=14.0% msgs=36799 aiso=1028(1070066ms) xte=0.00m spd=0.00m/s q=0 ggaAge=58 vtgAge=58 xteAge=1070066 xteraw=80:510302FF0D060BFF vt=Y(21/22) vtstat=1028/990ms tc=Y drp=0mm tcq=0
17:08:25.659 [ISOBUS] addr=0x81 claimed=Y load=14.2% msgs=36840 aiso=1029(1071066ms) xte=0.00m spd=0.00m/s q=0 ggaAge=58 vtgAge=57 xteAge=1071066 xteraw=80:510302FF0D060BFF vt=Y(21/22) vtstat=1029/989ms tc=Y drp=0mm tcq=0
17:08:26.642 [ISOBUS] addr=0x81 claimed=Y load=14.0% msgs=36881 aiso=1030(1072066ms) xte=0.00m spd=0.00m/s q=0 ggaAge=57 vtgAge=57 xteAge=1072066 xteraw=80:510302FF0D060BFF vt=Y(21/22) vtstat=1030/989ms tc=Y drp=0mm tcq=0
17:08:27.650 [ISOBUS] addr=0x81 claimed=Y load=14.2% msgs=36922 aiso=1031(1073066ms) xte=0.00m spd=0.00m/s q=0 ggaAge=59 vtgAge=58 xteAge=1073066 xteraw=80:510302FF0D060BFF vt=Y(21/22) vtstat=1031/988ms tc=Y drp=0mm tcq=0
17:08:28.643 [ISOBUS] addr=0x81 claimed=Y load=14.0% msgs=36963 aiso=1032(1074066ms) xte=0.00m spd=0.00m/s q=0 ggaAge=58 vtgAge=57 xteAge=1074066 xteraw=80:510302FF0D060BFF vt=Y(21/22) vtstat=1032/987ms tc=Y drp=0mm tcq=0
17:08:29.639 [ISOBUS] addr=0x81 claimed=Y load=14.2% msgs=37004 aiso=1033(1075066ms) xte=0.00m spd=0.00m/s q=0 ggaAge=58 vtgAge=57 xteAge=1075066 xteraw=80:510302FF0D060BFF vt=Y(21/22) vtstat=1033/986ms tc=Y drp=0mm tcq=0
17:08:30.636 [ISOBUS] addr=0x81 claimed=Y load=14.5% msgs=37049 aiso=1034(1076066ms) xte=0.00m spd=0.00m/s q=0 ggaAge=59 vtgAge=58 xteAge=1076066 xteraw=80:510302FF0D060BFF vt=Y(21/22) vtstat=1034/986ms tc=Y drp=0mm tcq=0
17:08:31.655 [ISOBUS] addr=0x81 claimed=Y load=14.2% msgs=37090 aiso=1035(1077066ms) xte=0.00m spd=0.00m/s q=0 ggaAge=59 vtgAge=58 xteAge=1077066 xteraw=80:510302FF0D060BFF vt=Y(21/22) vtstat=1035/983ms tc=Y drp=0mm tcq=0
17:08:32.642 [ISOBUS] addr=0x81 claimed=Y load=14.0% msgs=37131 aiso=1036(1078066ms) xte=0.00m spd=0.00m/s q=0 ggaAge=59 vtgAge=58 xteAge=1078066 xteraw=80:510302FF0D060BFF vt=Y(21/22) vtstat=1036/982ms tc=Y drp=0mm tcq=0
17:08:33.648 [ISOBUS] addr=0x81 claimed=Y load=14.2% msgs=37172 aiso=1037(1079066ms) xte=0.00m spd=0.00m/s q=0 ggaAge=59 vtgAge=58 xteAge=1079066 xteraw=80:510302FF0D060BFF vt=Y(21/22) vtstat=1037/983ms tc=Y drp=0mm tcq=0
17:08:34.660 [ISOBUS] addr=0x81 claimed=Y load=14.0% msgs=37213 aiso=1038(1080066ms) xte=0.00m spd=0.00m/s q=0 ggaAge=59 vtgAge=58 xteAge=1080066 xteraw=80:510302FF0D060BFF vt=Y(21/22) vtstat=1038/982ms tc=Y drp=0mm tcq=0
17:08:35.661 [ISOBUS] addr=0x81 claimed=Y load=14.2% msgs=37254 aiso=1039(1081066ms) xte=0.00m spd=0.00m/s q=0 ggaAge=58 vtgAge=58 xteAge=1081066 xteraw=80:510302FF0D060BFF vt=Y(21/22) vtstat=1039/982ms tc=Y drp=0mm tcq=0
17:08:36.653 [ISOBUS] addr=0x81 claimed=Y load=14.0% msgs=37295 aiso=1040(1082066ms) xte=0.00m spd=0.00m/s q=0 ggaAge=57 vtgAge=57 xteAge=1082066 xteraw=80:510302FF0D060BFF vt=Y(21/22) vtstat=1040/982ms tc=Y drp=0mm tcq=0
17:08:37.633 [ISOBUS] addr=0x81 claimed=Y load=14.2% msgs=37336 aiso=1041(1083066ms) xte=0.00m spd=0.00m/s q=0 ggaAge=59 vtgAge=58 xteAge=1083066 xteraw=80:510302FF0D060BFF vt=Y(21/22) vtstat=1041/981ms tc=Y drp=0mm tcq=0
17:08:38.651 [ISOBUS] addr=0x81 claimed=Y load=14.0% msgs=37377 aiso=1042(1084066ms) xte=0.00m spd=0.00m/s q=0 ggaAge=58 vtgAge=58 xteAge=1084066 xteraw=80:510302FF0D060BFF vt=Y(21/22) vtstat=1042/981ms tc=Y drp=0mm tcq=0
17:08:39.662 [ISOBUS] addr=0x81 claimed=Y load=14.2% msgs=37418 aiso=1043(1085066ms) xte=0.00m spd=0.00m/s q=0 ggaAge=58 vtgAge=58 xteAge=1085066 xteraw=80:510302FF0D060BFF vt=Y(21/22) vtstat=1043/980ms tc=Y drp=0mm tcq=0
17:08:40.640 [ISOBUS] addr=0x81 claimed=Y load=14.5% msgs=37463 aiso=1044(1086066ms) xte=0.00m spd=0.00m/s q=0 ggaAge=59 vtgAge=59 xteAge=1086066 xteraw=80:510302FF0D060BFF vt=Y(21/22) vtstat=1044/980ms tc=Y drp=0mm tcq=0
17:08:41.659 [ISOBUS] addr=0x81 claimed=Y load=14.2% msgs=37504 aiso=1045(1087066ms) xte=0.00m spd=0.00m/s q=0 ggaAge=59 vtgAge=58 xteAge=1087066 xteraw=80:510302FF0D060BFF vt=Y(21/22) vtstat=1045/979ms tc=Y drp=0mm tcq=0
17:08:42.648 [ISOBUS] addr=0x81 claimed=Y load=14.0% msgs=37545 aiso=1046(1088066ms) xte=0.00m spd=0.00m/s q=0 ggaAge=57 vtgAge=56 xteAge=1088066 xteraw=80:510302FF0D060BFF vt=Y(21/22) vtstat=1046/978ms tc=Y drp=0mm tcq=0
17:08:43.665 [ISOBUS] addr=0x81 claimed=Y load=14.2% msgs=37586 aiso=1047(1089066ms) xte=0.00m spd=0.00m/s q=0 ggaAge=59 vtgAge=59 xteAge=1089066 xteraw=80:510302FF0D060BFF vt=Y(21/22) vtstat=1047/978ms tc=Y drp=0mm tcq=0
17:08:43.667 I] [NM]: Control function with address 205 and NAME 000000000000000lx is now offline on channel 198344577.
17:08:44.649 [ISOBUS] addr=0x81 claimed=Y load=14.0% msgs=37627 aiso=1048(1090066ms) xte=0.00m spd=0.00m/s q=0 ggaAge=58 vtgAge=58 xteAge=1090066 xteraw=80:510302FF0D060BFF vt=Y(21/22) vtstat=1048/977ms tc=Y drp=0mm tcq=0
17:08:44.909 I] [NM]: External control function with name 000000000000000lx has claimed address 198344577 on channel 2684363008.
17:08:45.643 [ISOBUS] addr=0x81 claimed=Y load=14.2% msgs=37668 aiso=1049(1091066ms) xte=0.00m spd=0.00m/s q=0 ggaAge=58 vtgAge=58 xteAge=1091066 xteraw=80:510302FF0D060BFF vt=Y(21/22) vtstat=1049/977ms tc=Y drp=0mm tcq=0
17:08:46.637 [ISOBUS] addr=0x81 claimed=Y load=14.0% msgs=37709 aiso=1050(1092066ms) xte=0.00m spd=0.00m/s q=0 ggaAge=58 vtgAge=58 xteAge=1092066 xteraw=80:510302FF0D060BFF vt=Y(21/22) vtstat=1050/976ms tc=Y drp=0mm tcq=0
17:08:47.653 [ISOBUS] addr=0x81 claimed=Y load=14.2% msgs=37750 aiso=1051(1093066ms) xte=0.00m spd=0.00m/s q=0 ggaAge=59 vtgAge=58 xteAge=1093066 xteraw=80:510302FF0D060BFF vt=Y(21/22) vtstat=1051/975ms tc=Y drp=0mm tcq=0
17:08:48.643 [ISOBUS] addr=0x81 claimed=Y load=14.0% msgs=37791 aiso=1052(1094066ms) xte=0.00m spd=0.00m/s q=0 ggaAge=58 vtgAge=57 xteAge=1094066 xteraw=80:510302FF0D060BFF vt=Y(21/22) vtstat=1052/975ms tc=Y drp=0mm tcq=0
17:08:49.646 [ISOBUS] addr=0x81 claimed=Y load=14.2% msgs=37832 aiso=1053(1095066ms) xte=0.00m spd=0.00m/s q=0 ggaAge=59 vtgAge=58 xteAge=1095066 xteraw=80:510302FF0D060BFF vt=Y(21/22) vtstat=1053/974ms tc=Y drp=0mm tcq=0
17:08:50.662 [ISOBUS] addr=0x81 claimed=Y load=14.5% msgs=37877 aiso=1054(1096066ms) xte=0.00m spd=0.00m/s q=0 ggaAge=59 vtgAge=58 xteAge=1096066 xteraw=80:510302FF0D060BFF vt=Y(21/22) vtstat=1054/973ms tc=Y drp=0mm tcq=0
17:08:51.669 [ISOBUS] addr=0x81 claimed=Y load=14.2% msgs=37918 aiso=1055(1097066ms) xte=0.00m spd=0.00m/s q=0 ggaAge=59 vtgAge=58 xteAge=1097066 xteraw=80:510302FF0D060BFF vt=Y(21/22) vtstat=1055/973ms tc=Y drp=0mm tcq=0
17:08:52.664 [ISOBUS] addr=0x81 claimed=Y load=14.0% msgs=37959 aiso=1056(1098066ms) xte=0.00m spd=0.00m/s q=0 ggaAge=59 vtgAge=59 xteAge=1098066 xteraw=80:510302FF0D060BFF vt=Y(21/22) vtstat=1056/973ms tc=Y drp=0mm tcq=0
17:08:53.641 [ISOBUS] addr=0x81 claimed=Y load=14.2% msgs=38000 aiso=1057(1099066ms) xte=0.00m spd=0.00m/s q=0 ggaAge=58 vtgAge=58 xteAge=1099066 xteraw=80:510302FF0D060BFF vt=Y(21/22) vtstat=1057/972ms tc=Y drp=0mm tcq=0
17:08:54.642 [ISOBUS] addr=0x81 claimed=Y load=14.0% msgs=38041 aiso=1058(1100066ms) xte=0.00m spd=0.00m/s q=0 ggaAge=59 vtgAge=59 xteAge=1100066 xteraw=80:510302FF0D060BFF vt=Y(21/22) vtstat=1058/971ms tc=Y drp=0mm tcq=0
17:08:55.660 [ISOBUS] addr=0x81 claimed=Y load=14.2% msgs=38082 aiso=1059(1101066ms) xte=0.00m spd=0.00m/s q=0 ggaAge=59 vtgAge=59 xteAge=1101066 xteraw=80:510302FF0D060BFF vt=Y(21/22) vtstat=1059/970ms tc=Y drp=0mm tcq=0
17:08:56.635 [ISOBUS] addr=0x81 claimed=Y load=14.0% msgs=38123 aiso=1060(1102066ms) xte=0.00m spd=0.00m/s q=0 ggaAge=58 vtgAge=58 xteAge=1102066 xteraw=80:510302FF0D060BFF vt=Y(21/22) vtstat=1060/970ms tc=Y drp=0mm tcq=0
17:08:57.639 [ISOBUS] addr=0x81 claimed=Y load=14.2% msgs=38164 aiso=1061(1103066ms) xte=0.00m spd=0.00m/s q=0 ggaAge=58 vtgAge=58 xteAge=1103066 xteraw=80:510302FF0D060BFF vt=Y(21/22) vtstat=1061/969ms tc=Y drp=0mm tcq=0
17:08:58.637 [ISOBUS] addr=0x81 claimed=Y load=14.0% msgs=38205 aiso=1062(1104066ms) xte=0.00m spd=0.00m/s q=0 ggaAge=59 vtgAge=58 xteAge=1104066 xteraw=80:510302FF0D060BFF vt=Y(21/22) vtstat=1062/969ms tc=Y drp=0mm tcq=0
17:08:59.660 [ISOBUS] addr=0x81 claimed=Y load=14.2% msgs=38246 aiso=1063(1105066ms) xte=0.00m spd=0.00m/s q=0 ggaAge=58 vtgAge=58 xteAge=1105066 xteraw=80:510302FF0D060BFF vt=Y(21/22) vtstat=1063/968ms tc=Y drp=0mm tcq=0
17:09:00.648 [ISOBUS] addr=0x81 claimed=Y load=14.5% msgs=38291 aiso=1064(1106066ms) xte=0.00m spd=0.00m/s q=0 ggaAge=58 vtgAge=58 xteAge=1106066 xteraw=80:510302FF0D060BFF vt=Y(21/22) vtstat=1064/967ms tc=Y drp=0mm tcq=0
17:09:01.646 [ISOBUS] addr=0x81 claimed=Y load=14.2% msgs=38332 aiso=1065(1107066ms) xte=0.00m spd=0.00m/s q=0 ggaAge=59 vtgAge=58 xteAge=1107066 xteraw=80:510302FF0D060BFF vt=Y(21/22) vtstat=1065/966ms tc=Y drp=0mm tcq=0
17:09:02.649 [ISOBUS] addr=0x81 claimed=Y load=14.0% msgs=38373 aiso=1066(1108066ms) xte=0.00m spd=0.00m/s q=0 ggaAge=59 vtgAge=58 xteAge=1108066 xteraw=80:510302FF0D060BFF vt=Y(21/22) vtstat=1066/966ms tc=Y drp=0mm tcq=0
17:09:03.662 [ISOBUS] addr=0x81 claimed=Y load=14.2% msgs=38414 aiso=1067(1109066ms) xte=0.00m spd=0.00m/s q=0 ggaAge=58 vtgAge=58 xteAge=1109066 xteraw=80:510302FF0D060BFF vt=Y(21/22) vtstat=1067/965ms tc=Y drp=0mm tcq=0
17:09:04.652 [ISOBUS] addr=0x81 claimed=Y load=14.0% msgs=38455 aiso=1068(1110066ms) xte=0.00m spd=0.00m/s q=0 ggaAge=59 vtgAge=58 xteAge=1110066 xteraw=80:510302FF0D060BFF vt=Y(21/22) vtstat=1068/965ms tc=Y drp=0mm tcq=0
17:09:05.644 [ISOBUS] addr=0x81 claimed=Y load=14.2% msgs=38496 aiso=1069(1111066ms) xte=0.00m spd=0.00m/s q=0 ggaAge=60 vtgAge=59 xteAge=1111066 xteraw=80:510302FF0D060BFF vt=Y(21/22) vtstat=1069/962ms tc=Y drp=0mm tcq=0
17:09:06.652 [ISOBUS] addr=0x81 claimed=Y load=14.0% msgs=38537 aiso=1070(1112066ms) xte=0.00m spd=0.00m/s q=0 ggaAge=57 vtgAge=57 xteAge=1112066 xteraw=80:510302FF0D060BFF vt=Y(21/22) vtstat=1070/964ms tc=Y drp=0mm tcq=0
17:09:07.662 I] [NM]: Control function with address 205 and NAME 000000000000000lx is now offline on channel 198344577.
17:09:07.662 [ISOBUS] addr=0x81 claimed=Y load=14.2% msgs=38578 aiso=1071(1113066ms) xte=0.00m spd=0.00m/s q=0 ggaAge=59 vtgAge=59 xteAge=1113066 xteraw=80:510302FF0D060BFF vt=Y(21/22) vtstat=1071/962ms tc=Y drp=0mm tcq=0
17:09:08.657 [ISOBUS] addr=0x81 claimed=Y load=14.0% msgs=38619 aiso=1072(1114066ms) xte=0.00m spd=0.00m/s q=0 ggaAge=59 vtgAge=59 xteAge=1114066 xteraw=80:510302FF0D060BFF vt=Y(21/22) vtstat=1072/962ms tc=Y drp=0mm tcq=0
17:09:08.881 I] [NM]: External control function with name 000000000000000lx has claimed address 198344577 on channel 2684363008.
17:09:09.647 [ISOBUS] addr=0x81 claimed=Y load=14.2% msgs=38660 aiso=1073(1115066ms) xte=0.00m spd=0.00m/s q=0 ggaAge=60 vtgAge=59 xteAge=1115066 xteraw=80:510302FF0D060BFF vt=Y(21/22) vtstat=1073/961ms tc=Y drp=0mm tcq=0
17:09:10.650 [ISOBUS] addr=0x81 claimed=Y load=14.5% msgs=38705 aiso=1074(1116066ms) xte=0.00m spd=0.00m/s q=0 ggaAge=59 vtgAge=58 xteAge=1116066 xteraw=80:510302FF0D060BFF vt=Y(21/22) vtstat=1074/961ms tc=Y drp=0mm tcq=0
17:09:11.656 [ISOBUS] addr=0x81 claimed=Y load=14.2% msgs=38746 aiso=1075(1117066ms) xte=0.00m spd=0.00m/s q=0 ggaAge=60 vtgAge=59 xteAge=1117066 xteraw=80:510302FF0D060BFF vt=Y(21/22) vtstat=1075/960ms tc=Y drp=0mm tcq=0
17:09:12.640 [ISOBUS] addr=0x81 claimed=Y load=14.0% msgs=38787 aiso=1076(1118066ms) xte=0.00m spd=0.00m/s q=0 ggaAge=60 vtgAge=59 xteAge=1118066 xteraw=80:510302FF0D060BFF vt=Y(21/22) vtstat=1076/960ms tc=Y drp=0mm tcq=0
17:09:13.663 [ISOBUS] addr=0x81 claimed=Y load=14.2% msgs=38828 aiso=1077(1119066ms) xte=0.00m spd=0.00m/s q=0 ggaAge=60 vtgAge=59 xteAge=1119066 xteraw=80:510302FF0D060BFF vt=Y(21/22) vtstat=1077/959ms tc=Y drp=0mm tcq=0
17:09:14.643 [ISOBUS] addr=0x81 claimed=Y load=14.0% msgs=38869 aiso=1078(1120066ms) xte=0.00m spd=0.00m/s q=0 ggaAge=59 vtgAge=59 xteAge=1120066 xteraw=80:510302FF0D060BFF vt=Y(21/22) vtstat=1078/958ms tc=Y drp=0mm tcq=0
17:09:15.639 [ISOBUS] addr=0x81 claimed=Y load=14.2% msgs=38910 aiso=1079(1121066ms) xte=0.00m spd=0.00m/s q=0 ggaAge=59 vtgAge=59 xteAge=1121066 xteraw=80:510302FF0D060BFF vt=Y(21/22) vtstat=1079/957ms tc=Y drp=0mm tcq=0
17:09:16.665 [ISOBUS] addr=0x81 claimed=Y load=14.0% msgs=38951 aiso=1080(1122066ms) xte=0.00m spd=0.00m/s q=0 ggaAge=59 vtgAge=58 xteAge=1122066 xteraw=80:510302FF0D060BFF vt=Y(21/22) vtstat=1080/957ms tc=Y drp=0mm tcq=0
17:09:17.639 [ISOBUS] addr=0x81 claimed=Y load=14.2% msgs=38992 aiso=1081(1123066ms) xte=0.00m spd=0.00m/s q=0 ggaAge=59 vtgAge=58 xteAge=1123066 xteraw=80:510302FF0D060BFF vt=Y(21/22) vtstat=1081/950ms tc=Y drp=0mm tcq=0
17:09:18.660 [ISOBUS] addr=0x81 claimed=Y load=14.0% msgs=39033 aiso=1082(1124066ms) xte=0.00m spd=0.00m/s q=0 ggaAge=60 vtgAge=59 xteAge=1124066 xteraw=80:510302FF0D060BFF vt=Y(21/22) vtstat=1082/950ms tc=Y drp=0mm tcq=0
17:09:19.644 [ISOBUS] addr=0x81 claimed=Y load=14.2% msgs=39074 aiso=1083(1125066ms) xte=0.00m spd=0.00m/s q=0 ggaAge=59 vtgAge=58 xteAge=1125066 xteraw=80:510302FF0D060BFF vt=Y(21/22) vtstat=1083/950ms tc=Y drp=0mm tcq=0
17:09:20.661 [ISOBUS] addr=0x81 claimed=Y load=14.5% msgs=39119 aiso=1084(1126066ms) xte=0.00m spd=0.00m/s q=0 ggaAge=60 vtgAge=59 xteAge=1126066 xteraw=80:510302FF0D060BFF vt=Y(21/22) vtstat=1084/949ms tc=Y drp=0mm tcq=0
17:09:21.664 [ISOBUS] addr=0x81 claimed=Y load=14.2% msgs=39160 aiso=1085(1127066ms) xte=0.00m spd=0.00m/s q=0 ggaAge=59 vtgAge=59 xteAge=1127066 xteraw=80:510302FF0D060BFF vt=Y(21/22) vtstat=1085/949ms tc=Y drp=0mm tcq=0
17:09:22.642 [ISOBUS] addr=0x81 claimed=Y load=14.0% msgs=39201 aiso=1086(1128066ms) xte=0.00m spd=0.00m/s q=0 ggaAge=59 vtgAge=59 xteAge=1128066 xteraw=80:510302FF0D060BFF vt=Y(21/22) vtstat=1086/949ms tc=Y drp=0mm tcq=0
17:09:23.641 [ISOBUS] addr=0x81 claimed=Y load=14.2% msgs=39242 aiso=1087(1129066ms) xte=0.00m spd=0.00m/s q=0 ggaAge=60 vtgAge=59 xteAge=1129066 xteraw=80:510302FF0D060BFF vt=Y(21/22) vtstat=1087/948ms tc=Y drp=0mm tcq=0
17:09:24.651 [ISOBUS] addr=0x81 claimed=Y load=14.0% msgs=39283 aiso=1088(1130066ms) xte=0.00m spd=0.00m/s q=0 ggaAge=59 vtgAge=59 xteAge=1130066 xteraw=80:510302FF0D060BFF vt=Y(21/22) vtstat=1088/948ms tc=Y drp=0mm tcq=0
17:09:25.644 [ISOBUS] addr=0x81 claimed=Y load=14.2% msgs=39324 aiso=1089(1131066ms) xte=0.00m spd=0.00m/s q=0 ggaAge=60 vtgAge=59 xteAge=1131066 xteraw=80:510302FF0D060BFF vt=Y(21/22) vtstat=1089/948ms tc=Y drp=0mm tcq=0
17:09:26.643 [ISOBUS] addr=0x81 claimed=Y load=14.0% msgs=39365 aiso=1090(1132066ms) xte=0.00m spd=0.00m/s q=0 ggaAge=59 vtgAge=59 xteAge=1132066 xteraw=80:510302FF0D060BFF vt=Y(21/22) vtstat=1090/947ms tc=Y drp=0mm tcq=0
17:09:27.662 [ISOBUS] addr=0x81 claimed=Y load=14.2% msgs=39406 aiso=1091(1133066ms) xte=0.00m spd=0.00m/s q=0 ggaAge=59 vtgAge=58 xteAge=1133066 xteraw=80:510302FF0D060BFF vt=Y(21/22) vtstat=1091/947ms tc=Y drp=0mm tcq=0
17:09:28.652 [ISOBUS] addr=0x81 claimed=Y load=14.0% msgs=39447 aiso=1092(1134066ms) xte=0.00m spd=0.00m/s q=0 ggaAge=59 vtgAge=58 xteAge=1134066 xteraw=80:510302FF0D060BFF vt=Y(21/22) vtstat=1092/946ms tc=Y drp=0mm tcq=0
17:09:29.653 [ISOBUS] addr=0x81 claimed=Y load=14.2% msgs=39488 aiso=1093(1135066ms) xte=0.00m spd=0.00m/s q=0 ggaAge=59 vtgAge=58 xteAge=1135066 xteraw=80:510302FF0D060BFF vt=Y(21/22) vtstat=1093/946ms tc=Y drp=0mm tcq=0
17:09:30.635 [ISOBUS] addr=0x81 claimed=Y load=14.5% msgs=39533 aiso=1094(1136066ms) xte=0.00m spd=0.00m/s q=0 ggaAge=59 vtgAge=59 xteAge=1136066 xteraw=80:510302FF0D060BFF vt=Y(21/22) vtstat=1094/946ms tc=Y drp=0mm tcq=0
17:09:31.661 [ISOBUS] addr=0x81 claimed=Y load=14.2% msgs=39574 aiso=1095(1137066ms) xte=0.00m spd=0.00m/s q=0 ggaAge=59 vtgAge=58 xteAge=1137066 xteraw=80:510302FF0D060BFF vt=Y(21/22) vtstat=1095/945ms tc=Y drp=0mm tcq=0
17:09:32.643 [ISOBUS] addr=0x81 claimed=Y load=14.0% msgs=39615 aiso=1096(1138066ms) xte=0.00m spd=0.00m/s q=0 ggaAge=59 vtgAge=58 xteAge=1138066 xteraw=80:510302FF0D060BFF vt=Y(21/22) vtstat=1096/945ms tc=Y drp=0mm tcq=0
17:09:33.641 [ISOBUS] addr=0x81 claimed=Y load=14.2% msgs=39656 aiso=1097(1139066ms) xte=0.00m spd=0.00m/s q=0 ggaAge=60 vtgAge=59 xteAge=1139066 xteraw=80:510302FF0D060BFF vt=Y(21/22) vtstat=1097/945ms tc=Y drp=0mm tcq=0
17:09:34.663 [ISOBUS] addr=0x81 claimed=Y load=14.0% msgs=39697 aiso=1098(1140066ms) xte=0.00m spd=0.00m/s q=0 ggaAge=60 vtgAge=59 xteAge=1140066 xteraw=80:510302FF0D060BFF vt=Y(21/22) vtstat=1098/944ms tc=Y drp=0mm tcq=0
17:09:35.646 [ISOBUS] addr=0x81 claimed=Y load=14.2% msgs=39738 aiso=1099(1141066ms) xte=0.00m spd=0.00m/s q=0 ggaAge=60 vtgAge=59 xteAge=1141066 xteraw=80:510302FF0D060BFF vt=Y(21/22) vtstat=1099/944ms tc=Y drp=0mm tcq=0
17:09:36.636 [ISOBUS] addr=0x81 claimed=Y load=14.0% msgs=39779 aiso=1100(1142066ms) xte=0.00m spd=0.00m/s q=0 ggaAge=60 vtgAge=59 xteAge=1142066 xteraw=80:510302FF0D060BFF vt=Y(21/22) vtstat=1100/944ms tc=Y drp=0mm tcq=0
17:09:37.642 [ISOBUS] addr=0x81 claimed=Y load=14.2% msgs=39820 aiso=1101(1143066ms) xte=0.00m spd=0.00m/s q=0 ggaAge=60 vtgAge=59 xteAge=1143066 xteraw=80:510302FF0D060BFF vt=Y(21/22) vtstat=1101/943ms tc=Y drp=0mm tcq=0
17:09:38.663 [ISOBUS] addr=0x81 claimed=Y load=14.0% msgs=39861 aiso=1102(1144066ms) xte=0.00m spd=0.00m/s q=0 ggaAge=60 vtgAge=59 xteAge=1144066 xteraw=80:510302FF0D060BFF vt=Y(21/22) vtstat=1102/943ms tc=Y drp=0mm tcq=0
17:09:39.654 [ISOBUS] addr=0x81 claimed=Y load=14.2% msgs=39902 aiso=1103(1145066ms) xte=0.00m spd=0.00m/s q=0 ggaAge=59 vtgAge=58 xteAge=1145066 xteraw=80:510302FF0D060BFF vt=Y(21/22) vtstat=1103/943ms tc=Y drp=0mm tcq=0
17:09:40.642 [ISOBUS] addr=0x81 claimed=Y load=14.5% msgs=39947 aiso=1104(1146066ms) xte=0.00m spd=0.00m/s q=0 ggaAge=60 vtgAge=59 xteAge=1146066 xteraw=80:510302FF0D060BFF vt=Y(21/22) vtstat=1104/941ms tc=Y drp=0mm tcq=0
17:09:41.636 [ISOBUS] addr=0x81 claimed=Y load=14.2% msgs=39988 aiso=1105(1147066ms) xte=0.00m spd=0.00m/s q=0 ggaAge=59 vtgAge=58 xteAge=1147066 xteraw=80:510302FF0D060BFF vt=Y(21/22) vtstat=1105/941ms tc=Y drp=0mm tcq=0
17:09:42.637 [ISOBUS] addr=0x81 claimed=Y load=14.0% msgs=40029 aiso=1106(1148066ms) xte=0.00m spd=0.00m/s q=0 ggaAge=60 vtgAge=59 xteAge=1148066 xteraw=80:510302FF0D060BFF vt=Y(21/22) vtstat=1106/941ms tc=Y drp=0mm tcq=0
17:09:43.644 [ISOBUS] addr=0x81 claimed=Y load=14.2% msgs=40070 aiso=1107(1149066ms) xte=0.00m spd=0.00m/s q=0 ggaAge=60 vtgAge=51 xteAge=1149066 xteraw=80:510302FF0D060BFF vt=Y(21/22) vtstat=1107/940ms tc=Y drp=0mm tcq=0
17:09:44.648 [ISOBUS] addr=0x81 claimed=Y load=14.0% msgs=40111 aiso=1108(1150066ms) xte=0.00m spd=0.00m/s q=0 ggaAge=60 vtgAge=60 xteAge=1150066 xteraw=80:510302FF0D060BFF vt=Y(21/22) vtstat=1108/940ms tc=Y drp=0mm tcq=0
17:09:45.653 [ISOBUS] addr=0x81 claimed=Y load=14.2% msgs=40152 aiso=1109(1151066ms) xte=0.00m spd=0.00m/s q=0 ggaAge=59 vtgAge=59 xteAge=1151066 xteraw=80:510302FF0D060BFF vt=Y(21/22) vtstat=1109/939ms tc=Y drp=0mm tcq=0
17:09:46.651 [ISOBUS] addr=0x81 claimed=Y load=14.0% msgs=40193 aiso=1110(1152066ms) xte=0.00m spd=0.00m/s q=0 ggaAge=59 vtgAge=59 xteAge=1152066 xteraw=80:510302FF0D060BFF vt=Y(21/22) vtstat=1110/938ms tc=Y drp=0mm tcq=0
17:09:47.647 [ISOBUS] addr=0x81 claimed=Y load=14.2% msgs=40234 aiso=1111(1153066ms) xte=0.00m spd=0.00m/s q=0 ggaAge=59 vtgAge=58 xteAge=1153066 xteraw=80:510302FF0D060BFF vt=Y(21/22) vtstat=1111/937ms tc=Y drp=0mm tcq=0
17:09:48.638 [ISOBUS] addr=0x81 claimed=Y load=14.0% msgs=40275 aiso=1112(1154066ms) xte=0.00m spd=0.00m/s q=0 ggaAge=60 vtgAge=59 xteAge=1154066 xteraw=80:510302FF0D060BFF vt=Y(21/22) vtstat=1112/937ms tc=Y drp=0mm tcq=0
17:09:49.643 [ISOBUS] addr=0x81 claimed=Y load=14.2% msgs=40316 aiso=1113(1155066ms) xte=0.00m spd=0.00m/s q=0 ggaAge=59 vtgAge=58 xteAge=1155066 xteraw=80:510302FF0D060BFF vt=Y(21/22) vtstat=1113/936ms tc=Y drp=0mm tcq=0
17:09:50.661 [ISOBUS] addr=0x81 claimed=Y load=14.5% msgs=40361 aiso=1114(1156066ms) xte=0.00m spd=0.00m/s q=0 ggaAge=59 vtgAge=59 xteAge=1156066 xteraw=80:510302FF0D060BFF vt=Y(21/22) vtstat=1114/936ms tc=Y drp=0mm tcq=0
17:09:51.639 [ISOBUS] addr=0x81 claimed=Y load=14.2% msgs=40402 aiso=1115(1157066ms) xte=0.00m spd=0.00m/s q=0 ggaAge=60 vtgAge=60 xteAge=1157066 xteraw=80:510302FF0D060BFF vt=Y(21/22) vtstat=1115/935ms tc=Y drp=0mm tcq=0
17:09:52.654 [ISOBUS] addr=0x81 claimed=Y load=14.0% msgs=40443 aiso=1116(1158066ms) xte=0.00m spd=0.00m/s q=0 ggaAge=60 vtgAge=59 xteAge=1158066 xteraw=80:510302FF0D060BFF vt=Y(21/22) vtstat=1116/935ms tc=Y drp=0mm tcq=0
17:09:53.656 [ISOBUS] addr=0x81 claimed=Y load=14.2% msgs=40484 aiso=1117(1159066ms) xte=0.00m spd=0.00m/s q=0 ggaAge=59 vtgAge=58 xteAge=1159066 xteraw=80:510302FF0D060BFF vt=Y(21/22) vtstat=1117/934ms tc=Y drp=0mm tcq=0
17:09:54.639 [ISOBUS] addr=0x81 claimed=Y load=14.0% msgs=40525 aiso=1118(1160066ms) xte=0.00m spd=0.00m/s q=0 ggaAge=60 vtgAge=59 xteAge=1160066 xteraw=80:510302FF0D060BFF vt=Y(21/22) vtstat=1118/934ms tc=Y drp=0mm tcq=0
17:09:55.658 [ISOBUS] addr=0x81 claimed=Y load=14.2% msgs=40566 aiso=1119(1161066ms) xte=0.00m spd=0.00m/s q=0 ggaAge=60 vtgAge=59 xteAge=1161066 xteraw=80:510302FF0D060BFF vt=Y(21/22) vtstat=1119/933ms tc=Y drp=0mm tcq=0
17:09:56.653 [ISOBUS] addr=0x81 claimed=Y load=14.0% msgs=40607 aiso=1120(1162066ms) xte=0.00m spd=0.00m/s q=0 ggaAge=60 vtgAge=60 xteAge=1162066 xteraw=80:510302FF0D060BFF vt=Y(21/22) vtstat=1120/932ms tc=Y drp=0mm tcq=0
17:09:57.634 I] [NM]: Control function with address 205 and NAME 000000000000000lx is now offline on channel 198344577.
17:09:57.634 [ISOBUS] addr=0x81 claimed=Y load=14.2% msgs=40648 aiso=1121(1163066ms) xte=0.00m spd=0.00m/s q=0 ggaAge=60 vtgAge=59 xteAge=1163066 xteraw=80:510302FF0D060BFF vt=Y(21/22) vtstat=1121/931ms tc=Y drp=0mm tcq=0
17:09:58.675 [ISOBUS] addr=0x81 claimed=Y load=14.0% msgs=40689 aiso=1122(1164066ms) xte=0.00m spd=0.00m/s q=0 ggaAge=59 vtgAge=59 xteAge=1164066 xteraw=80:510302FF0D060BFF vt=Y(21/22) vtstat=1122/931ms tc=Y drp=0mm tcq=0
17:09:58.883 I] [NM]: External control function with name 000000000000000lx has claimed address 198344577 on channel 2684363008.
17:09:59.643 [ISOBUS] addr=0x81 claimed=Y load=14.2% msgs=40730 aiso=1123(1165066ms) xte=0.00m spd=0.00m/s q=0 ggaAge=59 vtgAge=58 xteAge=1165066 xteraw=80:510302FF0D060BFF vt=Y(21/22) vtstat=1123/930ms tc=Y drp=0mm tcq=0
17:10:00.650 [ISOBUS] addr=0x81 claimed=Y load=14.5% msgs=40775 aiso=1124(1166066ms) xte=0.00m spd=0.00m/s q=0 ggaAge=60 vtgAge=60 xteAge=1166066 xteraw=80:510302FF0D060BFF vt=Y(21/22) vtstat=1124/930ms tc=Y drp=0mm tcq=0
17:10:01.645 [ISOBUS] addr=0x81 claimed=Y load=14.2% msgs=40816 aiso=1125(1167066ms) xte=0.00m spd=0.00m/s q=0 ggaAge=60 vtgAge=60 xteAge=1167066 xteraw=80:510302FF0D060BFF vt=Y(21/22) vtstat=1125/929ms tc=Y drp=0mm tcq=0
17:10:02.659 [ISOBUS] addr=0x81 claimed=Y load=14.0% msgs=40857 aiso=1126(1168066ms) xte=0.00m spd=0.00m/s q=0 ggaAge=60 vtgAge=59 xteAge=1168066 xteraw=80:510302FF0D060BFF vt=Y(21/22) vtstat=1126/929ms tc=Y drp=0mm tcq=0
17:10:03.636 [ISOBUS] addr=0x81 claimed=Y load=14.2% msgs=40898 aiso=1127(1169066ms) xte=0.00m spd=0.00m/s q=0 ggaAge=60 vtgAge=59 xteAge=1169066 xteraw=80:510302FF0D060BFF vt=Y(21/22) vtstat=1127/928ms tc=Y drp=0mm tcq=0
17:10:04.647 [ISOBUS] addr=0x81 claimed=Y load=14.0% msgs=40939 aiso=1128(1170066ms) xte=0.00m spd=0.00m/s q=0 ggaAge=60 vtgAge=59 xteAge=1170066 xteraw=80:510302FF0D060BFF vt=Y(21/22) vtstat=1128/927ms tc=Y drp=0mm tcq=0
17:10:05.653 [ISOBUS] addr=0x81 claimed=Y load=14.2% msgs=40980 aiso=1129(1171066ms) xte=0.00m spd=0.00m/s q=0 ggaAge=60 vtgAge=59 xteAge=1171066 xteraw=80:510302FF0D060BFF vt=Y(21/22) vtstat=1129/926ms tc=Y drp=0mm tcq=0
17:10:06.646 [ISOBUS] addr=0x81 claimed=Y load=14.0% msgs=41021 aiso=1130(1172066ms) xte=0.00m spd=0.00m/s q=0 ggaAge=60 vtgAge=59 xteAge=1172066 xteraw=80:510302FF0D060BFF vt=Y(21/22) vtstat=1130/926ms tc=Y drp=0mm tcq=0
17:10:07.676 [ISOBUS] addr=0x81 claimed=Y load=14.2% msgs=41062 aiso=1131(1173066ms) xte=0.00m spd=0.00m/s q=0 ggaAge=60 vtgAge=59 xteAge=1173066 xteraw=80:510302FF0D060BFF vt=Y(21/22) vtstat=1131/925ms tc=Y drp=0mm tcq=0
17:10:08.649 [ISOBUS] addr=0x81 claimed=Y load=14.0% msgs=41103 aiso=1132(1174066ms) xte=0.00m spd=0.00m/s q=0 ggaAge=60 vtgAge=60 xteAge=1174066 xteraw=80:510302FF0D060BFF vt=Y(21/22) vtstat=1132/925ms tc=Y drp=0mm tcq=0
17:10:09.643 [ISOBUS] addr=0x81 claimed=Y load=14.2% msgs=41144 aiso=1133(1175066ms) xte=0.00m spd=0.00m/s q=0 ggaAge=60 vtgAge=60 xteAge=1175066 xteraw=80:510302FF0D060BFF vt=Y(21/22) vtstat=1133/924ms tc=Y drp=0mm tcq=0
17:10:10.637 [ISOBUS] addr=0x81 claimed=Y load=14.5% msgs=41189 aiso=1134(1176066ms) xte=0.00m spd=0.00m/s q=0 ggaAge=60 vtgAge=59 xteAge=1176066 xteraw=80:510302FF0D060BFF vt=Y(21/22) vtstat=1134/924ms tc=Y drp=0mm tcq=0
17:10:11.666 [ISOBUS] addr=0x81 claimed=Y load=14.2% msgs=41230 aiso=1135(1177066ms) xte=0.00m spd=0.00m/s q=0 ggaAge=60 vtgAge=59 xteAge=1177066 xteraw=80:510302FF0D060BFF vt=Y(21/22) vtstat=1135/923ms tc=Y drp=0mm tcq=0
17:10:12.640 [ISOBUS] addr=0x81 claimed=Y load=14.0% msgs=41271 aiso=1136(1178066ms) xte=0.00m spd=0.00m/s q=0 ggaAge=60 vtgAge=59 xteAge=1178066 xteraw=80:510302FF0D060BFF vt=Y(21/22) vtstat=1136/923ms tc=Y drp=0mm tcq=0
17:10:13.639 [ISOBUS] addr=0x81 claimed=Y load=14.2% msgs=41312 aiso=1137(1179066ms) xte=0.00m spd=0.00m/s q=0 ggaAge=60 vtgAge=59 xteAge=1179066 xteraw=80:510302FF0D060BFF vt=Y(21/22) vtstat=1137/922ms tc=Y drp=0mm tcq=0
17:10:14.674 [ISOBUS] addr=0x81 claimed=Y load=14.0% msgs=41353 aiso=1138(1180066ms) xte=0.00m spd=0.00m/s q=0 ggaAge=60 vtgAge=59 xteAge=1180066 xteraw=80:510302FF0D060BFF vt=Y(21/22) vtstat=1138/921ms tc=Y drp=0mm tcq=0
17:10:15.651 [ISOBUS] addr=0x81 claimed=Y load=14.2% msgs=41394 aiso=1139(1181066ms) xte=0.00m spd=0.00m/s q=0 ggaAge=59 vtgAge=59 xteAge=1181066 xteraw=80:510302FF0D060DFF vt=Y(21/22) vtstat=1139/920ms tc=Y drp=0mm tcq=0
17:10:16.669 [ISOBUS] addr=0x81 claimed=Y load=14.0% msgs=41435 aiso=1140(1182066ms) xte=0.00m spd=0.00m/s q=0 ggaAge=59 vtgAge=59 xteAge=1182066 xteraw=80:510302FF0D060DFF vt=Y(21/22) vtstat=1140/920ms tc=Y drp=0mm tcq=0
17:10:17.652 [ISOBUS] addr=0x81 claimed=Y load=14.2% msgs=41476 aiso=1141(1183066ms) xte=0.00m spd=0.00m/s q=0 ggaAge=60 vtgAge=59 xteAge=1183066 xteraw=80:510302FF0D060BFF vt=Y(21/22) vtstat=1141/919ms tc=Y drp=0mm tcq=0
17:10:18.648 [ISOBUS] addr=0x81 claimed=Y load=14.0% msgs=41517 aiso=1142(1184066ms) xte=0.00m spd=0.00m/s q=0 ggaAge=60 vtgAge=59 xteAge=1184066 xteraw=80:510302FF0D060BFF vt=Y(21/22) vtstat=1142/919ms tc=Y drp=0mm tcq=0
17:10:19.661 [ISOBUS] addr=0x81 claimed=Y load=14.2% msgs=41558 aiso=1143(1185066ms) xte=0.00m spd=0.00m/s q=0 ggaAge=59 vtgAge=59 xteAge=1185066 xteraw=80:510302FF0D060BFF vt=Y(21/22) vtstat=1143/918ms tc=Y drp=0mm tcq=0
17:10:20.646 [ISOBUS] addr=0x81 claimed=Y load=14.5% msgs=41603 aiso=1144(1186066ms) xte=0.00m spd=0.00m/s q=0 ggaAge=59 vtgAge=59 xteAge=1186066 xteraw=80:510302FF0D060DFF vt=Y(21/22) vtstat=1144/918ms tc=Y drp=0mm tcq=0
17:10:21.675 [ISOBUS] addr=0x81 claimed=Y load=14.2% msgs=41644 aiso=1145(1187066ms) xte=0.00m spd=0.00m/s q=0 ggaAge=59 vtgAge=59 xteAge=1187066 xteraw=80:510302FF0D060DFF vt=Y(21/22) vtstat=1145/917ms tc=Y drp=0mm tcq=0
17:10:22.654 [ISOBUS] addr=0x81 claimed=Y load=14.0% msgs=41685 aiso=1146(1188066ms) xte=0.00m spd=0.00m/s q=0 ggaAge=60 vtgAge=59 xteAge=1188066 xteraw=80:510302FF0D060DFF vt=Y(21/22) vtstat=1146/917ms tc=Y drp=0mm tcq=0
17:10:23.659 [ISOBUS] addr=0x81 claimed=Y load=14.2% msgs=41726 aiso=1147(1189066ms) xte=0.00m spd=0.00m/s q=0 ggaAge=59 vtgAge=59 xteAge=1189066 xteraw=80:510302FF0D060DFF vt=Y(21/22) vtstat=1147/916ms tc=Y drp=0mm tcq=0
17:10:24.658 [ISOBUS] addr=0x81 claimed=Y load=14.0% msgs=41767 aiso=1148(1190066ms) xte=0.00m spd=0.00m/s q=0 ggaAge=59 vtgAge=58 xteAge=1190066 xteraw=80:510302FF0D060DFF vt=Y(21/22) vtstat=1148/915ms tc=Y drp=0mm tcq=0
17:10:25.658 [ISOBUS] addr=0x81 claimed=Y load=14.2% msgs=41808 aiso=1149(1191066ms) xte=0.00m spd=0.00m/s q=0 ggaAge=60 vtgAge=59 xteAge=1191066 xteraw=80:510302FF0D060DFF vt=Y(21/22) vtstat=1149/915ms tc=Y drp=0mm tcq=0
17:10:26.642 [ISOBUS] addr=0x81 claimed=Y load=14.0% msgs=41849 aiso=1150(1192066ms) xte=0.00m spd=0.00m/s q=0 ggaAge=60 vtgAge=59 xteAge=1192066 xteraw=80:510302FF0D060DFF vt=Y(21/22) vtstat=1150/914ms tc=Y drp=0mm tcq=0
17:10:27.654 [ISOBUS] addr=0x81 claimed=Y load=14.2% msgs=41890 aiso=1151(1193066ms) xte=0.00m spd=0.00m/s q=0 ggaAge=60 vtgAge=59 xteAge=1193066 xteraw=80:510302FF0D060DFF vt=Y(21/22) vtstat=1151/913ms tc=Y drp=0mm tcq=0
17:10:28.656 [ISOBUS] addr=0x81 claimed=Y load=14.0% msgs=41931 aiso=1152(1194066ms) xte=0.00m spd=0.00m/s q=0 ggaAge=59 vtgAge=58 xteAge=1194066 xteraw=80:510302FF0D060DFF vt=Y(21/22) vtstat=1152/913ms tc=Y drp=0mm tcq=0
17:10:29.637 [ISOBUS] addr=0x81 claimed=Y load=14.2% msgs=41972 aiso=1153(1195066ms) xte=0.00m spd=0.00m/s q=0 ggaAge=60 vtgAge=59 xteAge=1195066 xteraw=80:510302FF0D060DFF vt=Y(21/22) vtstat=1153/912ms tc=Y drp=0mm tcq=0
17:10:30.645 [ISOBUS] addr=0x81 claimed=Y load=14.5% msgs=42017 aiso=1154(1196066ms) xte=0.00m spd=0.00m/s q=0 ggaAge=60 vtgAge=59 xteAge=1196066 xteraw=80:510302FF0D060DFF vt=Y(21/22) vtstat=1154/912ms tc=Y drp=0mm tcq=0
17:10:31.636 [ISOBUS] addr=0x81 claimed=Y load=14.2% msgs=42058 aiso=1155(1197066ms) xte=0.00m spd=0.00m/s q=0 ggaAge=59 vtgAge=59 xteAge=1197066 xteraw=80:510302FF0D060DFF vt=Y(21/22) vtstat=1155/911ms tc=Y drp=0mm tcq=0
17:10:32.640 [ISOBUS] addr=0x81 claimed=Y load=14.0% msgs=42099 aiso=1156(1198066ms) xte=0.00m spd=0.00m/s q=0 ggaAge=59 vtgAge=58 xteAge=1198066 xteraw=80:510302FF0D060DFF vt=Y(21/22) vtstat=1156/911ms tc=Y drp=0mm tcq=0
17:10:33.668 [ISOBUS] addr=0x81 claimed=Y load=14.2% msgs=42140 aiso=1157(1199066ms) xte=0.00m spd=0.00m/s q=0 ggaAge=59 vtgAge=59 xteAge=1199066 xteraw=80:510302FF0D060DFF vt=Y(21/22) vtstat=1157/910ms tc=Y drp=0mm tcq=0
17:10:34.657 [ISOBUS] addr=0x81 claimed=Y load=14.0% msgs=42181 aiso=1158(1200066ms) xte=0.00m spd=0.00m/s q=0 ggaAge=59 vtgAge=59 xteAge=1200066 xteraw=80:510302FF0D060DFF vt=Y(21/22) vtstat=1158/909ms tc=Y drp=0mm tcq=0
17:10:35.656 [ISOBUS] addr=0x81 claimed=Y load=14.2% msgs=42222 aiso=1159(1201066ms) xte=0.00m spd=0.00m/s q=0 ggaAge=59 vtgAge=59 xteAge=1201066 xteraw=80:510302FF0D060DFF vt=Y(21/22) vtstat=1159/909ms tc=Y drp=0mm tcq=0
17:10:36.653 [ISOBUS] addr=0x81 claimed=Y load=14.4% msgs=42263 aiso=1160(1202066ms) xte=0.00m spd=0.00m/s q=0 ggaAge=59 vtgAge=59 xteAge=1202066 xteraw=80:510302FF0D060DFF vt=Y(21/22) vtstat=1160/908ms tc=Y drp=0mm tcq=0
17:10:37.641 I] [NM]: Control function with address 205 and NAME 000000000000000lx is now offline on channel 198344577.
17:10:37.641 [ISOBUS] addr=0x81 claimed=Y load=14.5% msgs=42304 aiso=1161(1203066ms) xte=0.00m spd=0.00m/s q=0 ggaAge=59 vtgAge=59 xteAge=1203066 xteraw=80:510302FF0D060DFF vt=Y(21/22) vtstat=1161/907ms tc=Y drp=0mm tcq=0
17:10:37.904 I] [NM]: External control function with name 000000000000000lx has claimed address 198344577 on channel 2684363008.
17:10:38.636 I] [NM]: Control function with address 172 and NAME 000000000000000lx is now offline on channel 197275905.
17:10:38.636 [ISOBUS] addr=0x81 claimed=Y load=14.6% msgs=42345 aiso=1162(1204066ms) xte=0.00m spd=0.00m/s q=0 ggaAge=59 vtgAge=59 xteAge=1204066 xteraw=80:510302FF0D060DFF vt=Y(21/22) vtstat=1162/907ms tc=Y drp=0mm tcq=0
17:10:38.911 I] [NM]: External control function with name 000000000000000lx has claimed address 197275905 on channel 536876800.
17:10:39.656 I] [NM]: Control function with address 205 and NAME 000000000000000lx is now offline on channel 198344577.
17:10:39.656 [ISOBUS] addr=0x81 claimed=Y load=14.5% msgs=42386 aiso=1163(1205066ms) xte=0.00m spd=0.00m/s q=0 ggaAge=59 vtgAge=59 xteAge=1205066 xteraw=80:510302FF0D060DFF vt=Y(21/22) vtstat=1163/906ms tc=Y drp=0mm tcq=0
17:10:40.677 [ISOBUS] addr=0x81 claimed=Y load=14.9% msgs=42431 aiso=1164(1206066ms) xte=0.00m spd=0.00m/s q=0 ggaAge=59 vtgAge=58 xteAge=1206066 xteraw=80:510302FF0D060DFF vt=Y(21/22) vtstat=1164/906ms tc=Y drp=0mm tcq=0
17:10:41.645 [ISOBUS] addr=0x81 claimed=Y load=14.5% msgs=42472 aiso=1165(1207066ms) xte=0.00m spd=0.00m/s q=0 ggaAge=60 vtgAge=59 xteAge=1207066 xteraw=80:510302FF0D060DFF vt=Y(21/22) vtstat=1165/905ms tc=Y drp=0mm tcq=0
17:10:42.640 [ISOBUS] addr=0x81 claimed=Y load=14.4% msgs=42513 aiso=1166(1208066ms) xte=0.00m spd=0.00m/s q=0 ggaAge=59 vtgAge=58 xteAge=1208066 xteraw=80:510302FF0D060DFF vt=Y(21/22) vtstat=1166/905ms tc=Y drp=0mm tcq=0
17:10:43.657 [ISOBUS] addr=0x81 claimed=Y load=14.5% msgs=42554 aiso=1167(1209066ms) xte=0.00m spd=0.00m/s q=0 ggaAge=60 vtgAge=59 xteAge=1209066 xteraw=80:510302FF0D060DFF vt=Y(21/22) vtstat=1167/904ms tc=Y drp=0mm tcq=0
17:10:44.665 [ISOBUS] addr=0x81 claimed=Y load=14.4% msgs=42595 aiso=1168(1210066ms) xte=0.00m spd=0.00m/s q=0 ggaAge=60 vtgAge=59 xteAge=1210066 xteraw=80:510302FF0D060DFF vt=Y(21/22) vtstat=1168/903ms tc=Y drp=0mm tcq=0
17:10:45.656 [ISOBUS] addr=0x81 claimed=Y load=14.5% msgs=42636 aiso=1169(1211066ms) xte=0.00m spd=0.00m/s q=0 ggaAge=59 vtgAge=58 xteAge=1211066 xteraw=80:510302FF0D060DFF vt=Y(21/22) vtstat=1169/903ms tc=Y drp=0mm tcq=0
17:10:46.659 [ISOBUS] addr=0x81 claimed=Y load=14.4% msgs=42677 aiso=1170(1212066ms) xte=0.00m spd=0.00m/s q=0 ggaAge=59 vtgAge=58 xteAge=1212066 xteraw=80:510302FF0D060DFF vt=Y(21/22) vtstat=1170/902ms tc=Y drp=0mm tcq=0
17:10:47.641 [ISOBUS] addr=0x81 claimed=Y load=14.5% msgs=42718 aiso=1171(1213066ms) xte=0.00m spd=0.00m/s q=0 ggaAge=61 vtgAge=59 xteAge=1213066 xteraw=80:510302FF0D060DFF vt=Y(21/22) vtstat=1171/901ms tc=Y drp=0mm tcq=0
17:10:48.638 [ISOBUS] addr=0x81 claimed=Y load=14.4% msgs=42759 aiso=1172(1214066ms) xte=0.00m spd=0.00m/s q=0 ggaAge=60 vtgAge=59 xteAge=1214066 xteraw=80:510302FF0D060DFF vt=Y(21/22) vtstat=1172/900ms tc=Y drp=0mm tcq=0
17:10:49.654 [ISOBUS] addr=0x81 claimed=Y load=14.5% msgs=42800 aiso=1173(1215066ms) xte=0.00m spd=0.00m/s q=0 ggaAge=58 vtgAge=58 xteAge=1215066 xteraw=80:510302FF0D060DFF vt=Y(21/22) vtstat=1173/900ms tc=Y drp=0mm tcq=0
17:10:50.639 [ISOBUS] addr=0x81 claimed=Y load=14.9% msgs=42845 aiso=1174(1216066ms) xte=0.00m spd=0.00m/s q=0 ggaAge=59 vtgAge=58 xteAge=1216066 xteraw=80:510302FF0D060DFF vt=Y(21/22) vtstat=1174/900ms tc=Y drp=0mm tcq=0
17:10:51.641 [ISOBUS] addr=0x81 claimed=Y load=14.5% msgs=42886 aiso=1175(1217066ms) xte=0.00m spd=0.00m/s q=0 ggaAge=59 vtgAge=58 xteAge=1217066 xteraw=80:510302FF0D060DFF vt=Y(21/22) vtstat=1175/899ms tc=Y drp=0mm tcq=0
17:10:52.674 [ISOBUS] addr=0x81 claimed=Y load=14.4% msgs=42927 aiso=1176(1218066ms) xte=0.00m spd=0.00m/s q=0 ggaAge=59 vtgAge=58 xteAge=1218066 xteraw=80:510302FF0D060DFF vt=Y(21/22) vtstat=1176/898ms tc=Y drp=0mm tcq=0
17:10:53.661 [ISOBUS] addr=0x81 claimed=Y load=14.5% msgs=42968 aiso=1177(1219066ms) xte=0.00m spd=0.00m/s q=0 ggaAge=59 vtgAge=58 xteAge=1219066 xteraw=80:510302FF0D060DFF vt=Y(21/22) vtstat=1177/898ms tc=Y drp=0mm tcq=0
17:10:54.660 [ISOBUS] addr=0x81 claimed=Y load=14.4% msgs=43009 aiso=1178(1220066ms) xte=0.00m spd=0.00m/s q=0 ggaAge=58 vtgAge=58 xteAge=1220066 xteraw=80:510302FF0D060DFF vt=Y(21/22) vtstat=1178/897ms tc=Y drp=0mm tcq=0
17:10:55.641 [ISOBUS] addr=0x81 claimed=Y load=14.5% msgs=43050 aiso=1179(1221066ms) xte=0.00m spd=0.00m/s q=0 ggaAge=58 vtgAge=58 xteAge=1221066 xteraw=80:510302FF0D060DFF vt=Y(21/22) vtstat=1179/896ms tc=Y drp=0mm tcq=0
17:10:56.668 [ISOBUS] addr=0x81 claimed=Y load=14.4% msgs=43091 aiso=1180(1222066ms) xte=0.00m spd=0.00m/s q=0 ggaAge=59 vtgAge=58 xteAge=1222066 xteraw=80:510302FF0D060DFF vt=Y(21/22) vtstat=1180/896ms tc=Y drp=0mm tcq=0
17:10:57.640 [ISOBUS] addr=0x81 claimed=Y load=14.5% msgs=43132 aiso=1181(1223066ms) xte=0.00m spd=0.00m/s q=0 ggaAge=58 vtgAge=58 xteAge=1223066 xteraw=80:510302FF0D060DFF vt=Y(21/22) vtstat=1181/895ms tc=Y drp=0mm tcq=0
17:10:58.637 [ISOBUS] addr=0x81 claimed=Y load=14.0% msgs=43173 aiso=1182(1224066ms) xte=0.00m spd=0.00m/s q=0 ggaAge=59 vtgAge=58 xteAge=1224066 xteraw=80:510302FF0D060DFF vt=Y(21/22) vtstat=1182/895ms tc=Y drp=0mm tcq=0
17:10:58.894 I] [NM]: External control function with name 000000000000000lx has claimed address 198344577 on channel 2684363008.
17:10:59.653 [ISOBUS] addr=0x81 claimed=Y load=14.2% msgs=43214 aiso=1183(1225066ms) xte=0.00m spd=0.00m/s q=0 ggaAge=58 vtgAge=58 xteAge=1225066 xteraw=80:510302FF0D060DFF vt=Y(21/22) vtstat=1183/894ms tc=Y drp=0mm tcq=0
17:11:00.654 [ISOBUS] addr=0x81 claimed=Y load=14.5% msgs=43259 aiso=1184(1226066ms) xte=0.00m spd=0.00m/s q=0 ggaAge=58 vtgAge=58 xteAge=1226066 xteraw=80:510302FF0D060DFF vt=Y(21/22) vtstat=1184/893ms tc=Y drp=0mm tcq=0
17:11:01.636 I] [NM]: Control function with address 205 and NAME 000000000000000lx is now offline on channel 198344577.
17:11:01.636 [ISOBUS] addr=0x81 claimed=Y load=14.2% msgs=43300 aiso=1185(1227066ms) xte=0.00m spd=0.00m/s q=0 ggaAge=59 vtgAge=58 xteAge=1227066 xteraw=80:510302FF0D060DFF vt=Y(21/22) vtstat=1185/892ms tc=Y drp=0mm tcq=0
17:11:02.639 [ISOBUS] addr=0x81 claimed=Y load=14.0% msgs=43341 aiso=1186(1228066ms) xte=0.00m spd=0.00m/s q=0 ggaAge=59 vtgAge=58 xteAge=1228066 xteraw=80:510302FF0D060DFF vt=Y(21/22) vtstat=1186/892ms tc=Y drp=0mm tcq=0
17:11:02.884 I] [NM]: External control function with name 000000000000000lx has claimed address 198344577 on channel 2684363008.
17:11:03.660 [ISOBUS] addr=0x81 claimed=Y load=14.2% msgs=43382 aiso=1187(1229066ms) xte=0.00m spd=0.00m/s q=0 ggaAge=59 vtgAge=58 xteAge=1229066 xteraw=80:510302FF0D060DFF vt=Y(21/22) vtstat=1187/891ms tc=Y drp=0mm tcq=0
17:11:04.649 [ISOBUS] addr=0x81 claimed=Y load=14.0% msgs=43423 aiso=1188(1230066ms) xte=0.00m spd=0.00m/s q=0 ggaAge=58 vtgAge=58 xteAge=1230066 xteraw=80:510302FF0D060DFF vt=Y(21/22) vtstat=1188/889ms tc=Y drp=0mm tcq=0
17:11:05.647 [ISOBUS] addr=0x81 claimed=Y load=14.2% msgs=43464 aiso=1189(1231066ms) xte=0.00m spd=0.00m/s q=0 ggaAge=59 vtgAge=58 xteAge=1231066 xteraw=80:510302FF0D060DFF vt=Y(21/22) vtstat=1189/889ms tc=Y drp=0mm tcq=0
17:11:06.658 [ISOBUS] addr=0x81 claimed=Y load=14.0% msgs=43505 aiso=1190(1232066ms) xte=0.00m spd=0.00m/s q=0 ggaAge=58 vtgAge=58 xteAge=1232066 xteraw=80:510302FF0D060DFF vt=Y(21/22) vtstat=1190/889ms tc=Y drp=0mm tcq=0
17:11:07.661 [ISOBUS] addr=0x81 claimed=Y load=14.3% msgs=43546 aiso=1191(1233066ms) xte=0.00m spd=0.00m/s q=0 ggaAge=61 vtgAge=59 xteAge=1233066 xteraw=80:510302FF0D060DFF vt=Y(21/22) vtstat=1191/889ms tc=Y drp=0mm tcq=0
17:11:08.656 [ISOBUS] addr=0x81 claimed=Y load=14.0% msgs=43587 aiso=1192(1234066ms) xte=0.00m spd=0.00m/s q=0 ggaAge=58 vtgAge=58 xteAge=1234066 xteraw=80:510302FF0D060DFF vt=Y(21/22) vtstat=1192/888ms tc=Y drp=0mm tcq=0
17:11:09.640 [ISOBUS] addr=0x81 claimed=Y load=14.2% msgs=43628 aiso=1193(1235066ms) xte=0.00m spd=0.00m/s q=0 ggaAge=60 vtgAge=58 xteAge=1235066 xteraw=80:510302FF0D060DFF vt=Y(21/22) vtstat=1193/888ms tc=Y drp=0mm tcq=0
17:11:10.644 [ISOBUS] addr=0x81 claimed=Y load=14.5% msgs=43673 aiso=1194(1236066ms) xte=0.00m spd=0.00m/s q=0 ggaAge=59 vtgAge=58 xteAge=1236066 xteraw=80:510302FF0D060DFF vt=Y(21/22) vtstat=1194/887ms tc=Y drp=0mm tcq=0
17:11:11.642 [ISOBUS] addr=0x81 claimed=Y load=14.2% msgs=43714 aiso=1195(1237066ms) xte=0.00m spd=0.00m/s q=0 ggaAge=58 vtgAge=57 xteAge=1237066 xteraw=80:510302FF0D060DFF vt=Y(21/22) vtstat=1195/886ms tc=Y drp=0mm tcq=0
17:11:12.656 [ISOBUS] addr=0x81 claimed=Y load=14.0% msgs=43755 aiso=1196(1238066ms) xte=0.00m spd=0.00m/s q=0 ggaAge=58 vtgAge=58 xteAge=1238066 xteraw=80:510302FF0D060DFF vt=Y(21/22) vtstat=1196/886ms tc=Y drp=0mm tcq=0
17:11:13.661 [ISOBUS] addr=0x81 claimed=Y load=14.2% msgs=43796 aiso=1197(1239066ms) xte=0.00m spd=0.00m/s q=0 ggaAge=61 vtgAge=60 xteAge=1239066 xteraw=80:510302FF0D060DFF vt=Y(21/22) vtstat=1197/885ms tc=Y drp=0mm tcq=0
17:11:14.661 [ISOBUS] addr=0x81 claimed=Y load=14.0% msgs=43837 aiso=1198(1240066ms) xte=0.00m spd=0.00m/s q=0 ggaAge=61 vtgAge=59 xteAge=1240066 xteraw=80:510302FF0D060DFF vt=Y(21/22) vtstat=1198/885ms tc=Y drp=0mm tcq=0
17:11:15.646 [ISOBUS] addr=0x81 claimed=Y load=14.2% msgs=43878 aiso=1199(1241066ms) xte=0.00m spd=0.00m/s q=0 ggaAge=60 vtgAge=58 xteAge=1241066 xteraw=80:510302FF0D060DFF vt=Y(21/22) vtstat=1199/884ms tc=Y drp=0mm tcq=0
17:11:16.659 [ISOBUS] addr=0x81 claimed=Y load=14.0% msgs=43919 aiso=1200(1242066ms) xte=0.00m spd=0.00m/s q=0 ggaAge=58 vtgAge=57 xteAge=1242066 xteraw=80:510302FF0D060DFF vt=Y(21/22) vtstat=1200/883ms tc=Y drp=0mm tcq=0
17:11:17.650 [ISOBUS] addr=0x81 claimed=Y load=14.2% msgs=43960 aiso=1201(1243066ms) xte=0.00m spd=0.00m/s q=0 ggaAge=58 vtgAge=58 xteAge=1243066 xteraw=80:510302FF0D060DFF vt=Y(21/22) vtstat=1201/883ms tc=Y drp=0mm tcq=0
17:11:18.655 [ISOBUS] addr=0x81 claimed=Y load=14.0% msgs=44001 aiso=1202(1244066ms) xte=0.00m spd=0.00m/s q=0 ggaAge=58 vtgAge=57 xteAge=1244066 xteraw=80:510302FF0D060DFF vt=Y(21/22) vtstat=1202/882ms tc=Y drp=0mm tcq=0
17:11:19.658 [ISOBUS] addr=0x81 claimed=Y load=14.2% msgs=44042 aiso=1203(1245066ms) xte=0.00m spd=0.00m/s q=0 ggaAge=59 vtgAge=58 xteAge=1245066 xteraw=80:510302FF0D060DFF vt=Y(21/22) vtstat=1203/882ms tc=Y drp=0mm tcq=0
17:11:20.661 [ISOBUS] addr=0x81 claimed=Y load=14.5% msgs=44087 aiso=1204(1246066ms) xte=0.00m spd=0.00m/s q=0 ggaAge=58 vtgAge=57 xteAge=1246066 xteraw=80:510302FF0F060DFF vt=Y(21/22) vtstat=1204/881ms tc=Y drp=0mm tcq=0
17:11:21.654 [ISOBUS] addr=0x81 claimed=Y load=14.2% msgs=44128 aiso=1205(1247066ms) xte=0.00m spd=0.00m/s q=0 ggaAge=58 vtgAge=58 xteAge=1247066 xteraw=80:510302FF0F060DFF vt=Y(21/22) vtstat=1205/878ms tc=Y drp=0mm tcq=0
17:11:22.638 [ISOBUS] addr=0x81 claimed=Y load=14.0% msgs=44169 aiso=1206(1248066ms) xte=0.00m spd=0.00m/s q=0 ggaAge=58 vtgAge=57 xteAge=1248066 xteraw=80:510302FF0F060DFF vt=Y(21/22) vtstat=1206/878ms tc=Y drp=0mm tcq=0
17:11:23.640 [ISOBUS] addr=0x81 claimed=Y load=14.2% msgs=44210 aiso=1207(1249066ms) xte=0.00m spd=0.00m/s q=0 ggaAge=59 vtgAge=57 xteAge=1249066 xteraw=80:510302FF0F060DFF vt=Y(21/22) vtstat=1207/878ms tc=Y drp=0mm tcq=0
17:11:24.640 [ISOBUS] addr=0x81 claimed=Y load=14.0% msgs=44251 aiso=1208(1250066ms) xte=0.00m spd=0.00m/s q=0 ggaAge=58 vtgAge=57 xteAge=1250066 xteraw=80:510302FF0F060DFF vt=Y(21/22) vtstat=1208/878ms tc=Y drp=0mm tcq=0
17:11:25.672 [ISOBUS] addr=0x81 claimed=Y load=14.2% msgs=44292 aiso=1209(1251066ms) xte=0.00m spd=0.00m/s q=0 ggaAge=59 vtgAge=58 xteAge=1251066 xteraw=80:510302FF0F060DFF vt=Y(21/22) vtstat=1209/878ms tc=Y drp=0mm tcq=0
17:11:26.653 [ISOBUS] addr=0x81 claimed=Y load=14.0% msgs=44333 aiso=1210(1252066ms) xte=0.00m spd=0.00m/s q=0 ggaAge=58 vtgAge=57 xteAge=1252066 xteraw=80:510302FF0F060DFF vt=Y(21/22) vtstat=1210/877ms tc=Y drp=0mm tcq=0
17:11:27.640 [ISOBUS] addr=0x81 claimed=Y load=14.2% msgs=44374 aiso=1211(1253066ms) xte=0.00m spd=0.00m/s q=0 ggaAge=59 vtgAge=58 xteAge=1253066 xteraw=80:510302FF0F060DFF vt=Y(21/22) vtstat=1211/876ms tc=Y drp=0mm tcq=0
17:11:28.653 [ISOBUS] addr=0x81 claimed=Y load=14.0% msgs=44415 aiso=1212(1254066ms) xte=0.00m spd=0.00m/s q=0 ggaAge=59 vtgAge=58 xteAge=1254066 xteraw=80:510302FF0F060DFF vt=Y(21/22) vtstat=1212/876ms tc=Y drp=0mm tcq=0
17:11:29.659 [ISOBUS] addr=0x81 claimed=Y load=14.2% msgs=44456 aiso=1213(1255066ms) xte=0.00m spd=0.00m/s q=0 ggaAge=58 vtgAge=57 xteAge=1255066 xteraw=80:510302FF0F060DFF vt=Y(21/22) vtstat=1213/875ms tc=Y drp=0mm tcq=0
17:11:30.656 [ISOBUS] addr=0x81 claimed=Y load=14.5% msgs=44501 aiso=1214(1256066ms) xte=0.00m spd=0.00m/s q=0 ggaAge=59 vtgAge=58 xteAge=1256066 xteraw=80:510302FF0F060DFF vt=Y(21/22) vtstat=1214/875ms tc=Y drp=0mm tcq=0
17:11:31.659 [ISOBUS] addr=0x81 claimed=Y load=14.2% msgs=44542 aiso=1215(1257066ms) xte=0.00m spd=0.00m/s q=0 ggaAge=60 vtgAge=59 xteAge=1257066 xteraw=80:510302FF0F060DFF vt=Y(21/22) vtstat=1215/874ms tc=Y drp=0mm tcq=0
17:11:32.641 [ISOBUS] addr=0x81 claimed=Y load=14.0% msgs=44583 aiso=1216(1258066ms) xte=0.00m spd=0.00m/s q=0 ggaAge=60 vtgAge=60 xteAge=1258066 xteraw=80:510302FF0F060DFF vt=Y(21/22) vtstat=1216/874ms tc=Y drp=0mm tcq=0
17:11:33.657 [ISOBUS] addr=0x81 claimed=Y load=14.2% msgs=44624 aiso=1217(1259066ms) xte=0.00m spd=0.00m/s q=0 ggaAge=60 vtgAge=58 xteAge=1259066 xteraw=80:510302FF0F060DFF vt=Y(21/22) vtstat=1217/873ms tc=Y drp=0mm tcq=0
17:11:34.642 [ISOBUS] addr=0x81 claimed=Y load=14.0% msgs=44665 aiso=1218(1260066ms) xte=0.00m spd=0.00m/s q=0 ggaAge=60 vtgAge=59 xteAge=1260066 xteraw=80:510302FF0F060DFF vt=Y(21/22) vtstat=1218/872ms tc=Y drp=0mm tcq=0
17:11:35.642 [ISOBUS] addr=0x81 claimed=Y load=14.2% msgs=44706 aiso=1219(1261066ms) xte=0.00m spd=0.00m/s q=0 ggaAge=60 vtgAge=58 xteAge=1261066 xteraw=80:510302FF0F060DFF vt=Y(21/22) vtstat=1219/872ms tc=Y drp=0mm tcq=0
17:11:36.661 [ISOBUS] addr=0x81 claimed=Y load=14.0% msgs=44747 aiso=1220(1262066ms) xte=0.00m spd=0.00m/s q=0 ggaAge=59 vtgAge=58 xteAge=1262066 xteraw=80:510302FF0F060DFF vt=Y(21/22) vtstat=1220/871ms tc=Y drp=0mm tcq=0
17:11:37.638 [ISOBUS] addr=0x81 claimed=Y load=14.2% msgs=44788 aiso=1221(1263066ms) xte=0.00m spd=0.00m/s q=0 ggaAge=60 vtgAge=58 xteAge=1263066 xteraw=80:510302FF0F060DFF vt=Y(21/22) vtstat=1221/870ms tc=Y drp=0mm tcq=0
17:11:38.645 [ISOBUS] addr=0x81 claimed=Y load=14.0% msgs=44829 aiso=1222(1264066ms) xte=0.00m spd=0.00m/s q=0 ggaAge=60 vtgAge=59 xteAge=1264066 xteraw=80:510302FF0F060DFF vt=Y(21/22) vtstat=1222/870ms tc=Y drp=0mm tcq=0
17:11:39.641 [ISOBUS] addr=0x81 claimed=Y load=14.2% msgs=44870 aiso=1223(1265066ms) xte=0.00m spd=0.00m/s q=0 ggaAge=60 vtgAge=58 xteAge=1265066 xteraw=80:510302FF0F060DFF vt=Y(21/22) vtstat=1223/869ms tc=Y drp=0mm tcq=0
17:11:40.651 [ISOBUS] addr=0x81 claimed=Y load=14.4% msgs=44915 aiso=1224(1266066ms) xte=0.00m spd=0.00m/s q=0 ggaAge=58 vtgAge=57 xteAge=1266066 xteraw=80:510302FF0F060DFF vt=Y(21/22) vtstat=1224/869ms tc=Y drp=0mm tcq=0
17:11:41.656 [ISOBUS] addr=0x81 claimed=Y load=14.2% msgs=44956 aiso=1225(1267066ms) xte=0.00m spd=0.00m/s q=0 ggaAge=60 vtgAge=60 xteAge=1267066 xteraw=80:510302FF0F060DFF vt=Y(21/22) vtstat=1225/868ms tc=Y drp=0mm tcq=0
17:11:42.659 [ISOBUS] addr=0x81 claimed=Y load=14.0% msgs=44997 aiso=1226(1268066ms) xte=0.00m spd=0.00m/s q=0 ggaAge=59 vtgAge=57 xteAge=1268066 xteraw=80:510302FF0F060DFF vt=Y(21/22) vtstat=1226/867ms tc=Y drp=0mm tcq=0
17:11:43.642 [ISOBUS] addr=0x81 claimed=Y load=14.3% msgs=45038 aiso=1227(1269066ms) xte=0.00m spd=0.00m/s q=0 ggaAge=59 vtgAge=57 xteAge=1269066 xteraw=80:510302FF0F060DFF vt=Y(21/22) vtstat=1227/866ms tc=Y drp=0mm tcq=0
17:11:44.644 [ISOBUS] addr=0x81 claimed=Y load=14.0% msgs=45079 aiso=1228(1270066ms) xte=0.00m spd=0.00m/s q=0 ggaAge=60 vtgAge=58 xteAge=1270066 xteraw=80:510302FF0F060DFF vt=Y(21/22) vtstat=1228/866ms tc=Y drp=0mm tcq=0
17:11:45.641 [ISOBUS] addr=0x81 claimed=Y load=14.2% msgs=45120 aiso=1229(1271066ms) xte=0.00m spd=0.00m/s q=0 ggaAge=59 vtgAge=57 xteAge=1271066 xteraw=80:510302FF0F060DFF vt=Y(21/22) vtstat=1229/865ms tc=Y drp=0mm tcq=0
17:11:46.645 [ISOBUS] addr=0x81 claimed=Y load=14.0% msgs=45161 aiso=1230(1272066ms) xte=0.00m spd=0.00m/s q=0 ggaAge=57 vtgAge=57 xteAge=1272066 xteraw=80:510302FF0F060DFF vt=Y(21/22) vtstat=1230/865ms tc=Y drp=0mm tcq=0
17:11:47.644 [ISOBUS] addr=0x81 claimed=Y load=14.2% msgs=45202 aiso=1231(1273066ms) xte=0.00m spd=0.00m/s q=0 ggaAge=60 vtgAge=58 xteAge=1273066 xteraw=80:510302FF0F060DFF vt=Y(21/22) vtstat=1231/864ms tc=Y drp=0mm tcq=0
17:11:48.661 [ISOBUS] addr=0x81 claimed=Y load=14.0% msgs=45243 aiso=1232(1274066ms) xte=0.00m spd=0.00m/s q=0 ggaAge=60 vtgAge=58 xteAge=1274066 xteraw=80:510302FF0F060DFF vt=Y(21/22) vtstat=1232/863ms tc=Y drp=0mm tcq=0
17:11:49.646 [ISOBUS] addr=0x81 claimed=Y load=14.2% msgs=45284 aiso=1233(1275066ms) xte=0.00m spd=0.00m/s q=0 ggaAge=60 vtgAge=58 xteAge=1275066 xteraw=80:510302FF0F060DFF vt=Y(21/22) vtstat=1233/862ms tc=Y drp=0mm tcq=0
17:11:50.656 [ISOBUS] addr=0x81 claimed=Y load=14.5% msgs=45329 aiso=1234(1276066ms) xte=0.00m spd=0.00m/s q=0 ggaAge=60 vtgAge=59 xteAge=1276066 xteraw=80:510302FF0F060DFF vt=Y(21/22) vtstat=1234/862ms tc=Y drp=0mm tcq=0
17:11:51.644 [ISOBUS] addr=0x81 claimed=Y load=14.2% msgs=45370 aiso=1235(1277066ms) xte=0.00m spd=0.00m/s q=0 ggaAge=60 vtgAge=58 xteAge=1277066 xteraw=80:510302FF0F060DFF vt=Y(21/22) vtstat=1235/861ms tc=Y drp=0mm tcq=0
17:11:52.675 [ISOBUS] addr=0x81 claimed=Y load=14.0% msgs=45411 aiso=1236(1278066ms) xte=0.00m spd=0.00m/s q=0 ggaAge=58 vtgAge=57 xteAge=1278066 xteraw=80:510302FF0F060DFF vt=Y(21/22) vtstat=1236/861ms tc=Y drp=0mm tcq=0
17:11:53.657 [ISOBUS] addr=0x81 claimed=Y load=14.2% msgs=45452 aiso=1237(1279066ms) xte=0.00m spd=0.00m/s q=0 ggaAge=60 vtgAge=58 xteAge=1279066 xteraw=80:510302FF0F060DFF vt=Y(21/22) vtstat=1237/860ms tc=Y drp=0mm tcq=0
17:11:54.659 [ISOBUS] addr=0x81 claimed=Y load=14.0% msgs=45493 aiso=1238(1280066ms) xte=0.00m spd=0.00m/s q=0 ggaAge=57 vtgAge=57 xteAge=1280066 xteraw=80:510302FF0F060DFF vt=Y(21/22) vtstat=1238/856ms tc=Y drp=0mm tcq=0
17:11:55.645 [ISOBUS] addr=0x81 claimed=Y load=14.2% msgs=45534 aiso=1239(1281066ms) xte=0.00m spd=0.00m/s q=0 ggaAge=60 vtgAge=58 xteAge=1281066 xteraw=80:510302FF0F060DFF vt=Y(21/22) vtstat=1239/856ms tc=Y drp=0mm tcq=0
17:11:56.658 [ISOBUS] addr=0x81 claimed=Y load=14.0% msgs=45575 aiso=1240(1282066ms) xte=0.00m spd=0.00m/s q=0 ggaAge=58 vtgAge=57 xteAge=1282066 xteraw=80:510302FF0F060DFF vt=Y(21/22) vtstat=1240/857ms tc=Y drp=0mm tcq=0
17:11:57.654 [ISOBUS] addr=0x81 claimed=Y load=14.2% msgs=45616 aiso=1241(1283066ms) xte=0.00m spd=0.00m/s q=0 ggaAge=60 vtgAge=58 xteAge=1283066 xteraw=80:510302FF0F060DFF vt=Y(21/22) vtstat=1241/856ms tc=Y drp=0mm tcq=0
17:11:58.659 [ISOBUS] addr=0x81 claimed=Y load=14.0% msgs=45657 aiso=1242(1284066ms) xte=0.00m spd=0.00m/s q=0 ggaAge=58 vtgAge=57 xteAge=1284066 xteraw=80:510302FF0F060DFF vt=Y(21/22) vtstat=1242/856ms tc=Y drp=0mm tcq=0
17:11:59.665 [ISOBUS] addr=0x81 claimed=Y load=14.2% msgs=45698 aiso=1243(1285066ms) xte=0.00m spd=0.00m/s q=0 ggaAge=58 vtgAge=57 xteAge=1285066 xteraw=80:510302FF0F060DFF vt=Y(21/22) vtstat=1243/856ms tc=Y drp=0mm tcq=0
17:12:00.666 [ISOBUS] addr=0x81 claimed=Y load=14.5% msgs=45743 aiso=1244(1286066ms) xte=0.00m spd=0.00m/s q=0 ggaAge=57 vtgAge=56 xteAge=1286066 xteraw=80:510302FF0F060DFF vt=Y(21/22) vtstat=1244/856ms tc=Y drp=0mm tcq=0
17:12:01.670 [ISOBUS] addr=0x81 claimed=Y load=14.2% msgs=45784 aiso=1245(1287066ms) xte=0.00m spd=0.00m/s q=0 ggaAge=60 vtgAge=58 xteAge=1287066 xteraw=80:510302FF0F060DFF vt=Y(21/22) vtstat=1245/855ms tc=Y drp=0mm tcq=0
17:12:02.657 [ISOBUS] addr=0x81 claimed=Y load=14.0% msgs=45825 aiso=1246(1288066ms) xte=0.00m spd=0.00m/s q=0 ggaAge=59 vtgAge=58 xteAge=1288066 xteraw=80:510302FF0F060DFF vt=Y(21/22) vtstat=1246/854ms tc=Y drp=0mm tcq=0
17:12:03.655 [ISOBUS] addr=0x81 claimed=Y load=14.2% msgs=45866 aiso=1247(1289066ms) xte=0.00m spd=0.00m/s q=0 ggaAge=58 vtgAge=57 xteAge=1289066 xteraw=80:510302FF0F060DFF vt=Y(21/22) vtstat=1247/854ms tc=Y drp=0mm tcq=0
17:12:04.662 [ISOBUS] addr=0x81 claimed=Y load=14.0% msgs=45907 aiso=1248(1290066ms) xte=0.00m spd=0.00m/s q=0 ggaAge=59 vtgAge=58 xteAge=1290066 xteraw=80:510302FF0F060DFF vt=Y(21/22) vtstat=1248/853ms tc=Y drp=0mm tcq=0
17:12:05.646 [ISOBUS] addr=0x81 claimed=Y load=14.2% msgs=45948 aiso=1249(1291066ms) xte=0.00m spd=0.00m/s q=0 ggaAge=60 vtgAge=58 xteAge=1291066 xteraw=80:510302FF0F060DFF vt=Y(21/22) vtstat=1249/852ms tc=Y drp=0mm tcq=0
17:12:06.643 [ISOBUS] addr=0x81 claimed=Y load=14.0% msgs=45989 aiso=1250(1292066ms) xte=0.00m spd=0.00m/s q=0 ggaAge=57 vtgAge=56 xteAge=1292066 xteraw=80:510302FF0F060DFF vt=Y(21/22) vtstat=1250/852ms tc=Y drp=0mm tcq=0
17:12:07.643 [ISOBUS] addr=0x81 claimed=Y load=14.2% msgs=46030 aiso=1251(1293066ms) xte=0.00m spd=0.00m/s q=0 ggaAge=58 vtgAge=57 xteAge=1293066 xteraw=80:510302FF0F060DFF vt=Y(21/22) vtstat=1251/851ms tc=Y drp=0mm tcq=0
17:12:08.662 [ISOBUS] addr=0x81 claimed=Y load=14.0% msgs=46071 aiso=1252(1294066ms) xte=0.00m spd=0.00m/s q=0 ggaAge=58 vtgAge=56 xteAge=1294066 xteraw=80:510302FF0F060DFF vt=Y(21/22) vtstat=1252/851ms tc=Y drp=0mm tcq=0
17:12:09.645 [ISOBUS] addr=0x81 claimed=Y load=14.2% msgs=46112 aiso=1253(1295066ms) xte=0.00m spd=0.00m/s q=0 ggaAge=58 vtgAge=57 xteAge=1295066 xteraw=80:510302FF0F060DFF vt=Y(21/22) vtstat=1253/850ms tc=Y drp=0mm tcq=0
17:12:10.668 [ISOBUS] addr=0x81 claimed=Y load=14.5% msgs=46157 aiso=1254(1296066ms) xte=0.00m spd=0.00m/s q=0 ggaAge=59 vtgAge=58 xteAge=1296066 xteraw=80:510302FF0F060DFF vt=Y(21/22) vtstat=1254/849ms tc=Y drp=0mm tcq=0
17:12:11.640 [ISOBUS] addr=0x81 claimed=Y load=14.2% msgs=46198 aiso=1255(1297066ms) xte=0.00m spd=0.00m/s q=0 ggaAge=58 vtgAge=57 xteAge=1297066 xteraw=80:510302FF0F060DFF vt=Y(21/22) vtstat=1255/849ms tc=Y drp=0mm tcq=0
17:12:12.659 [ISOBUS] addr=0x81 claimed=Y load=14.0% msgs=46239 aiso=1256(1298066ms) xte=0.00m spd=0.00m/s q=0 ggaAge=58 vtgAge=56 xteAge=1298066 xteraw=80:510302FF0F060DFF vt=Y(21/22) vtstat=1256/848ms tc=Y drp=0mm tcq=0
17:12:13.664 [ISOBUS] addr=0x81 claimed=Y load=14.2% msgs=46280 aiso=1257(1299066ms) xte=0.00m spd=0.00m/s q=0 ggaAge=57 vtgAge=56 xteAge=1299066 xteraw=80:510302FF0F060DFF vt=Y(21/22) vtstat=1257/847ms tc=Y drp=0mm tcq=0
17:12:14.645 [ISOBUS] addr=0x81 claimed=Y load=14.0% msgs=46321 aiso=1258(1300066ms) xte=0.00m spd=0.00m/s q=0 ggaAge=58 vtgAge=57 xteAge=1300066 xteraw=80:510302FF0F060DFF vt=Y(21/22) vtstat=1258/847ms tc=Y drp=0mm tcq=0
17:12:15.662 [ISOBUS] addr=0x81 claimed=Y load=14.2% msgs=46362 aiso=1259(1301066ms) xte=0.00m spd=0.00m/s q=0 ggaAge=58 vtgAge=56 xteAge=1301066 xteraw=80:510302FF0F060DFF vt=Y(21/22) vtstat=1259/846ms tc=Y drp=0mm tcq=0
17:12:16.663 [ISOBUS] addr=0x81 claimed=Y load=14.0% msgs=46403 aiso=1260(1302066ms) xte=0.00m spd=0.00m/s q=0 ggaAge=59 vtgAge=57 xteAge=1302066 xteraw=80:510302FF0F060DFF vt=Y(21/22) vtstat=1260/846ms tc=Y drp=0mm tcq=0
17:12:17.641 [ISOBUS] addr=0x81 claimed=Y load=14.2% msgs=46444 aiso=1261(1303066ms) xte=0.00m spd=0.00m/s q=0 ggaAge=59 vtgAge=57 xteAge=1303066 xteraw=80:510302FF0F060DFF vt=Y(21/22) vtstat=1261/845ms tc=Y drp=0mm tcq=0
17:12:18.657 [ISOBUS] addr=0x81 claimed=Y load=14.0% msgs=46485 aiso=1262(1304066ms) xte=0.00m spd=0.00m/s q=0 ggaAge=58 vtgAge=57 xteAge=1304066 xteraw=80:510302FF0F060DFF vt=Y(21/22) vtstat=1262/845ms tc=Y drp=0mm tcq=0
17:12:19.670 [ISOBUS] addr=0x81 claimed=Y load=14.2% msgs=46526 aiso=1263(1305066ms) xte=0.00m spd=0.00m/s q=0 ggaAge=57 vtgAge=56 xteAge=1305066 xteraw=80:510302FF0F060DFF vt=Y(21/22) vtstat=1263/844ms tc=Y drp=0mm tcq=0
17:12:20.642 [ISOBUS] addr=0x81 claimed=Y load=14.5% msgs=46571 aiso=1264(1306066ms) xte=0.00m spd=0.00m/s q=0 ggaAge=58 vtgAge=56 xteAge=1306066 xteraw=80:510302FF0F060DFF vt=Y(21/22) vtstat=1264/844ms tc=Y drp=0mm tcq=0
17:12:21.661 [ISOBUS] addr=0x81 claimed=Y load=14.2% msgs=46612 aiso=1265(1307066ms) xte=0.00m spd=0.00m/s q=0 ggaAge=60 vtgAge=59 xteAge=1307066 xteraw=80:510302FF0F060DFF vt=Y(21/22) vtstat=1265/843ms tc=Y drp=0mm tcq=0
17:12:22.647 [ISOBUS] addr=0x81 claimed=Y load=14.0% msgs=46653 aiso=1266(1308066ms) xte=0.00m spd=0.00m/s q=0 ggaAge=60 vtgAge=59 xteAge=1308066 xteraw=80:510302FF0F060DFF vt=Y(21/22) vtstat=1266/842ms tc=Y drp=0mm tcq=0
17:12:23.660 [ISOBUS] addr=0x81 claimed=Y load=14.2% msgs=46694 aiso=1267(1309066ms) xte=0.00m spd=0.00m/s q=0 ggaAge=57 vtgAge=56 xteAge=1309066 xteraw=80:510302FF0F060DFF vt=Y(21/22) vtstat=1267/842ms tc=Y drp=0mm tcq=0
17:12:24.657 [ISOBUS] addr=0x81 claimed=Y load=14.0% msgs=46735 aiso=1268(1310066ms) xte=0.00m spd=0.00m/s q=0 ggaAge=58 vtgAge=56 xteAge=1310066 xteraw=80:510302FF0F060DFF vt=Y(21/22) vtstat=1268/841ms tc=Y drp=0mm tcq=0
17:12:25.660 [ISOBUS] addr=0x81 claimed=Y load=14.2% msgs=46776 aiso=1269(1311066ms) xte=0.00m spd=0.00m/s q=0 ggaAge=59 vtgAge=57 xteAge=1311066 xteraw=80:510302FF0F060DFF vt=Y(21/22) vtstat=1269/840ms tc=Y drp=0mm tcq=0
17:12:26.657 [ISOBUS] addr=0x81 claimed=Y load=14.0% msgs=46817 aiso=1270(1312066ms) xte=0.00m spd=0.00m/s q=0 ggaAge=60 vtgAge=57 xteAge=1312066 xteraw=80:510302FF0F060DFF vt=Y(21/22) vtstat=1270/840ms tc=Y drp=0mm tcq=0
17:12:27.662 [ISOBUS] addr=0x81 claimed=Y load=14.2% msgs=46858 aiso=1271(1313066ms) xte=0.00m spd=0.00m/s q=0 ggaAge=57 vtgAge=56 xteAge=1313066 xteraw=80:510302FF0F060DFF vt=Y(21/22) vtstat=1271/839ms tc=Y drp=0mm tcq=0
17:12:28.664 [ISOBUS] addr=0x81 claimed=Y load=14.0% msgs=46899 aiso=1272(1314066ms) xte=0.00m spd=0.00m/s q=0 ggaAge=59 vtgAge=59 xteAge=1314066 xteraw=80:510302FF0F060DFF vt=Y(21/22) vtstat=1272/839ms tc=Y drp=0mm tcq=0
17:12:29.659 [ISOBUS] addr=0x81 claimed=Y load=14.2% msgs=46940 aiso=1273(1315066ms) xte=0.00m spd=0.00m/s q=0 ggaAge=59 vtgAge=57 xteAge=1315066 xteraw=80:510302FF0F060DFF vt=Y(21/22) vtstat=1273/837ms tc=Y drp=0mm tcq=0
17:12:30.649 [ISOBUS] addr=0x81 claimed=Y load=14.5% msgs=46985 aiso=1274(1316066ms) xte=0.00m spd=0.00m/s q=0 ggaAge=59 vtgAge=57 xteAge=1316066 xteraw=80:510302FF0F060DFF vt=Y(21/22) vtstat=1274/837ms tc=Y drp=0mm tcq=0
17:12:31.670 [ISOBUS] addr=0x81 claimed=Y load=14.2% msgs=47026 aiso=1275(1317066ms) xte=0.00m spd=0.00m/s q=0 ggaAge=59 vtgAge=59 xteAge=1317066 xteraw=80:510302FF0F060DFF vt=Y(21/22) vtstat=1275/837ms tc=Y drp=0mm tcq=0
17:12:32.668 [ISOBUS] addr=0x81 claimed=Y load=14.0% msgs=47067 aiso=1276(1318066ms) xte=0.00m spd=0.00m/s q=0 ggaAge=57 vtgAge=56 xteAge=1318066 xteraw=80:510302FF0F060DFF vt=Y(21/22) vtstat=1276/836ms tc=Y drp=0mm tcq=0
17:12:33.640 [ISOBUS] addr=0x81 claimed=Y load=14.2% msgs=47108 aiso=1277(1319066ms) xte=0.00m spd=0.00m/s q=0 ggaAge=59 vtgAge=57 xteAge=1319066 xteraw=80:510302FF0F060DFF vt=Y(21/22) vtstat=1277/835ms tc=Y drp=0mm tcq=0
17:12:34.650 [ISOBUS] addr=0x81 claimed=Y load=14.0% msgs=47149 aiso=1278(1320066ms) xte=0.00m spd=0.00m/s q=0 ggaAge=59 vtgAge=57 xteAge=1320066 xteraw=80:510302FF0F060DFF vt=Y(21/22) vtstat=1278/835ms tc=Y drp=0mm tcq=0
17:12:35.663 [ISOBUS] addr=0x81 claimed=Y load=14.2% msgs=47190 aiso=1279(1321066ms) xte=0.00m spd=0.00m/s q=0 ggaAge=59 vtgAge=59 xteAge=1321066 xteraw=80:510302FF0F060DFF vt=Y(21/22) vtstat=1279/834ms tc=Y drp=0mm tcq=0
17:12:36.651 [ISOBUS] addr=0x81 claimed=Y load=14.0% msgs=47231 aiso=1280(1322066ms) xte=0.00m spd=0.00m/s q=0 ggaAge=60 vtgAge=59 xteAge=1322066 xteraw=80:510302FF0F060DFF vt=Y(21/22) vtstat=1280/834ms tc=Y drp=0mm tcq=0
17:12:37.646 [ISOBUS] addr=0x81 claimed=Y load=14.2% msgs=47272 aiso=1281(1323066ms) xte=0.00m spd=0.00m/s q=0 ggaAge=59 vtgAge=59 xteAge=1323066 xteraw=80:510302FF0F060DFF vt=Y(21/22) vtstat=1281/833ms tc=Y drp=0mm tcq=0
17:12:38.642 [ISOBUS] addr=0x81 claimed=Y load=14.0% msgs=47313 aiso=1282(1324066ms) xte=0.00m spd=0.00m/s q=0 ggaAge=59 vtgAge=59 xteAge=1324066 xteraw=80:510302FF0F060DFF vt=Y(21/22) vtstat=1282/832ms tc=Y drp=0mm tcq=0
17:12:39.657 [ISOBUS] addr=0x81 claimed=Y load=14.2% msgs=47354 aiso=1283(1325066ms) xte=0.00m spd=0.00m/s q=0 ggaAge=59 vtgAge=57 xteAge=1325066 xteraw=80:510302FF0F060DFF vt=Y(21/22) vtstat=1283/832ms tc=Y drp=0mm tcq=0
17:12:40.665 [ISOBUS] addr=0x81 claimed=Y load=14.5% msgs=47399 aiso=1284(1326066ms) xte=0.00m spd=0.00m/s q=0 ggaAge=60 vtgAge=59 xteAge=1326066 xteraw=80:510302FF0F060DFF vt=Y(21/22) vtstat=1284/831ms tc=Y drp=0mm tcq=0
17:12:41.658 [ISOBUS] addr=0x81 claimed=Y load=14.2% msgs=47440 aiso=1285(1327066ms) xte=0.00m spd=0.00m/s q=0 ggaAge=59 vtgAge=57 xteAge=1327066 xteraw=80:510302FF0F060DFF vt=Y(21/22) vtstat=1285/831ms tc=Y drp=0mm tcq=0
17:12:42.658 [ISOBUS] addr=0x81 claimed=Y load=14.0% msgs=47481 aiso=1286(1328066ms) xte=0.00m spd=0.00m/s q=0 ggaAge=59 vtgAge=58 xteAge=1328066 xteraw=80:510302FF0F060DFF vt=Y(21/22) vtstat=1286/830ms tc=Y drp=0mm tcq=0
17:12:43.644 [ISOBUS] addr=0x81 claimed=Y load=14.2% msgs=47522 aiso=1287(1329066ms) xte=0.00m spd=0.00m/s q=0 ggaAge=59 vtgAge=58 xteAge=1329066 xteraw=80:510302FF0F060DFF vt=Y(21/22) vtstat=1287/829ms tc=Y drp=0mm tcq=0
17:12:44.646 [ISOBUS] addr=0x81 claimed=Y load=14.0% msgs=47563 aiso=1288(1330066ms) xte=0.00m spd=0.00m/s q=0 ggaAge=60 vtgAge=59 xteAge=1330066 xteraw=80:510302FF0F060DFF vt=Y(21/22) vtstat=1288/829ms tc=Y drp=0mm tcq=0
17:12:45.663 [ISOBUS] addr=0x81 claimed=Y load=14.2% msgs=47604 aiso=1289(1331066ms) xte=0.00m spd=0.00m/s q=0 ggaAge=59 vtgAge=57 xteAge=1331066 xteraw=80:510302FF0F060DFF vt=Y(21/22) vtstat=1289/828ms tc=Y drp=0mm tcq=0
17:12:46.659 [ISOBUS] addr=0x81 claimed=Y load=14.0% msgs=47645 aiso=1290(1332066ms) xte=0.00m spd=0.00m/s q=0 ggaAge=59 vtgAge=57 xteAge=1332066 xteraw=80:510302FF0F060DFF vt=Y(21/22) vtstat=1290/827ms tc=Y drp=0mm tcq=0
17:12:47.644 [ISOBUS] addr=0x81 claimed=Y load=14.2% msgs=47686 aiso=1291(1333066ms) xte=0.00m spd=0.00m/s q=0 ggaAge=59 vtgAge=57 xteAge=1333066 xteraw=80:510302FF0F060DFF vt=Y(21/22) vtstat=1291/827ms tc=Y drp=0mm tcq=0
17:12:48.663 [ISOBUS] addr=0x81 claimed=Y load=14.0% msgs=47727 aiso=1292(1334066ms) xte=0.00m spd=0.00m/s q=0 ggaAge=59 vtgAge=58 xteAge=1334066 xteraw=80:510302FF0F060DFF vt=Y(21/22) vtstat=1292/827ms tc=Y drp=0mm tcq=0
17:12:49.655 [ISOBUS] addr=0x81 claimed=Y load=14.2% msgs=47768 aiso=1293(1335066ms) xte=0.00m spd=0.00m/s q=0 ggaAge=59 vtgAge=57 xteAge=1335066 xteraw=80:510302FF0F060DFF vt=Y(21/22) vtstat=1293/826ms tc=Y drp=0mm tcq=0
17:12:50.663 [ISOBUS] addr=0x81 claimed=Y load=14.5% msgs=47813 aiso=1294(1336066ms) xte=0.00m spd=0.00m/s q=0 ggaAge=59 vtgAge=58 xteAge=1336066 xteraw=80:510302FF0F060DFF vt=Y(21/22) vtstat=1294/825ms tc=Y drp=0mm tcq=0
17:12:51.655 [ISOBUS] addr=0x81 claimed=Y load=14.2% msgs=47854 aiso=1295(1337066ms) xte=0.00m spd=0.00m/s q=0 ggaAge=59 vtgAge=57 xteAge=1337066 xteraw=80:510302FF0F060DFF vt=Y(21/22) vtstat=1295/824ms tc=Y drp=0mm tcq=0
17:12:52.663 [ISOBUS] addr=0x81 claimed=Y load=14.0% msgs=47895 aiso=1296(1338066ms) xte=0.00m spd=0.00m/s q=0 ggaAge=59 vtgAge=59 xteAge=1338066 xteraw=80:510302FF0F060DFF vt=Y(21/22) vtstat=1296/824ms tc=Y drp=0mm tcq=0
17:12:53.650 [ISOBUS] addr=0x81 claimed=Y load=14.2% msgs=47936 aiso=1297(1339066ms) xte=0.00m spd=0.00m/s q=0 ggaAge=59 vtgAge=58 xteAge=1339066 xteraw=80:510302FF0F060DFF vt=Y(21/22) vtstat=1297/823ms tc=Y drp=0mm tcq=0
17:12:54.653 [ISOBUS] addr=0x81 claimed=Y load=14.0% msgs=47977 aiso=1298(1340066ms) xte=0.00m spd=0.00m/s q=0 ggaAge=59 vtgAge=59 xteAge=1340066 xteraw=80:510302FF0F060DFF vt=Y(21/22) vtstat=1298/823ms tc=Y drp=0mm tcq=0
17:12:55.658 [ISOBUS] addr=0x81 claimed=Y load=14.2% msgs=48018 aiso=1299(1341066ms) xte=0.00m spd=0.00m/s q=0 ggaAge=59 vtgAge=58 xteAge=1341066 xteraw=80:510302FF0F060DFF vt=Y(21/22) vtstat=1299/822ms tc=Y drp=0mm tcq=0
17:12:56.653 [ISOBUS] addr=0x81 claimed=Y load=14.0% msgs=48059 aiso=1300(1342066ms) xte=0.00m spd=0.00m/s q=0 ggaAge=59 vtgAge=59 xteAge=1342066 xteraw=80:510302FF0F060DFF vt=Y(21/22) vtstat=1300/822ms tc=Y drp=0mm tcq=0
17:12:57.947 [ISOBUS] addr=0x81 claimed=Y load=14.2% msgs=48100 aiso=1301(1343066ms) xte=0.00m spd=0.00m/s q=0 ggaAge=59 vtgAge=57 xteAge=1343066 xteraw=80:510302FF0F060DFF vt=Y(21/22) vtstat=1301/821ms tc=Y drp=0mm tcq=0
17:12:58.670 [ISOBUS] addr=0x81 claimed=Y load=14.0% msgs=48141 aiso=1302(1344066ms) xte=0.00m spd=0.00m/s q=0 ggaAge=59 vtgAge=57 xteAge=1344066 xteraw=80:510302FF0F060DFF vt=Y(21/22) vtstat=1302/820ms tc=Y drp=0mm tcq=0
17:12:59.662 [ISOBUS] addr=0x81 claimed=Y load=14.2% msgs=48182 aiso=1303(1345066ms) xte=0.00m spd=0.00m/s q=0 ggaAge=59 vtgAge=58 xteAge=1345066 xteraw=80:510302FF0F060DFF vt=Y(21/22) vtstat=1303/820ms tc=Y drp=0mm tcq=0
17:13:00.650 [ISOBUS] addr=0x81 claimed=Y load=14.5% msgs=48227 aiso=1304(1346066ms) xte=0.00m spd=0.00m/s q=0 ggaAge=59 vtgAge=59 xteAge=1346066 xteraw=80:510302FF0F060DFF vt=Y(21/22) vtstat=1304/819ms tc=Y drp=0mm tcq=0
17:13:01.659 [ISOBUS] addr=0x81 claimed=Y load=14.2% msgs=48268 aiso=1305(1347066ms) xte=0.00m spd=0.00m/s q=0 ggaAge=59 vtgAge=58 xteAge=1347066 xteraw=80:510302FF0F060DFF vt=Y(21/22) vtstat=1305/818ms tc=Y drp=0mm tcq=0
17:13:02.667 [ISOBUS] addr=0x81 claimed=Y load=14.0% msgs=48309 aiso=1306(1348066ms) xte=0.00m spd=0.00m/s q=0 ggaAge=58 vtgAge=56 xteAge=1348066 xteraw=80:510302FF0F060DFF vt=Y(21/22) vtstat=1306/818ms tc=Y drp=0mm tcq=0
17:13:03.670 [ISOBUS] addr=0x81 claimed=Y load=14.2% msgs=48350 aiso=1307(1349066ms) xte=0.00m spd=0.00m/s q=0 ggaAge=59 vtgAge=58 xteAge=1349066 xteraw=80:510302FF0F060DFF vt=Y(21/22) vtstat=1307/817ms tc=Y drp=0mm tcq=0
17:13:04.645 [ISOBUS] addr=0x81 claimed=Y load=14.0% msgs=48391 aiso=1308(1350066ms) xte=0.00m spd=0.00m/s q=0 ggaAge=59 vtgAge=58 xteAge=1350066 xteraw=80:510302FF0F060DFF vt=Y(21/22) vtstat=1308/817ms tc=Y drp=0mm tcq=0
17:13:05.652 [ISOBUS] addr=0x81 claimed=Y load=14.2% msgs=48432 aiso=1309(1351066ms) xte=0.00m spd=0.00m/s q=0 ggaAge=58 vtgAge=58 xteAge=1351066 xteraw=80:510302FF0F060DFF vt=Y(21/22) vtstat=1309/816ms tc=Y drp=0mm tcq=0
17:13:06.664 [ISOBUS] addr=0x81 claimed=Y load=14.0% msgs=48473 aiso=1310(1352066ms) xte=0.00m spd=0.00m/s q=0 ggaAge=59 vtgAge=59 xteAge=1352066 xteraw=80:510302FF0F060DFF vt=Y(21/22) vtstat=1310/816ms tc=Y drp=0mm tcq=0
17:13:07.665 [ISOBUS] addr=0x81 claimed=Y load=14.2% msgs=48514 aiso=1311(1353066ms) xte=0.00m spd=0.00m/s q=0 ggaAge=59 vtgAge=59 xteAge=1353066 xteraw=80:510302FF0F060DFF vt=Y(21/22) vtstat=1311/814ms tc=Y drp=0mm tcq=0
17:13:08.655 [ISOBUS] addr=0x81 claimed=Y load=14.0% msgs=48555 aiso=1312(1354066ms) xte=0.00m spd=0.00m/s q=0 ggaAge=58 vtgAge=58 xteAge=1354066 xteraw=80:510302FF0F060DFF vt=Y(21/22) vtstat=1312/814ms tc=Y drp=0mm tcq=0
17:13:09.661 [ISOBUS] addr=0x81 claimed=Y load=14.2% msgs=48596 aiso=1313(1355066ms) xte=0.00m spd=0.00m/s q=0 ggaAge=60 vtgAge=59 xteAge=1355066 xteraw=80:510302FF0F060DFF vt=Y(21/22) vtstat=1313/813ms tc=Y drp=0mm tcq=0
17:13:10.653 [ISOBUS] addr=0x81 claimed=Y load=14.5% msgs=48641 aiso=1314(1356066ms) xte=0.00m spd=0.00m/s q=0 ggaAge=60 vtgAge=59 xteAge=1356066 xteraw=80:510302FF0F060DFF vt=Y(21/22) vtstat=1314/813ms tc=Y drp=0mm tcq=0
17:13:11.666 [ISOBUS] addr=0x81 claimed=Y load=14.2% msgs=48682 aiso=1315(1357066ms) xte=0.00m spd=0.00m/s q=0 ggaAge=59 vtgAge=58 xteAge=1357066 xteraw=80:510302FF0F060DFF vt=Y(21/22) vtstat=1315/812ms tc=Y drp=0mm tcq=0
17:13:12.670 [ISOBUS] addr=0x81 claimed=Y load=14.0% msgs=48723 aiso=1316(1358066ms) xte=0.00m spd=0.00m/s q=0 ggaAge=59 vtgAge=58 xteAge=1358066 xteraw=80:510302FF0F060DFF vt=Y(21/22) vtstat=1316/812ms tc=Y drp=0mm tcq=0
17:13:13.665 [ISOBUS] addr=0x81 claimed=Y load=14.2% msgs=48764 aiso=1317(1359066ms) xte=0.00m spd=0.00m/s q=0 ggaAge=59 vtgAge=58 xteAge=1359066 xteraw=80:510302FF0F060DFF vt=Y(21/22) vtstat=1317/811ms tc=Y drp=0mm tcq=0
17:13:14.659 [ISOBUS] addr=0x81 claimed=Y load=14.0% msgs=48805 aiso=1318(1360066ms) xte=0.00m spd=0.00m/s q=0 ggaAge=59 vtgAge=58 xteAge=1360066 xteraw=80:510302FF0F060DFF vt=Y(21/22) vtstat=1318/810ms tc=Y drp=0mm tcq=0
17:13:15.667 [ISOBUS] addr=0x81 claimed=Y load=14.2% msgs=48846 aiso=1319(1361066ms) xte=0.00m spd=0.00m/s q=0 ggaAge=59 vtgAge=59 xteAge=1361066 xteraw=80:510302FF0F060DFF vt=Y(21/22) vtstat=1319/810ms tc=Y drp=0mm tcq=0
17:13:16.645 [ISOBUS] addr=0x81 claimed=Y load=14.0% msgs=48887 aiso=1320(1362066ms) xte=0.00m spd=0.00m/s q=0 ggaAge=59 vtgAge=58 xteAge=1362066 xteraw=80:510302FF0F060DFF vt=Y(21/22) vtstat=1320/809ms tc=Y drp=0mm tcq=0
17:13:17.659 [ISOBUS] addr=0x81 claimed=Y load=14.2% msgs=48928 aiso=1321(1363066ms) xte=0.00m spd=0.00m/s q=0 ggaAge=59 vtgAge=58 xteAge=1363066 xteraw=80:510302FF0F060DFF vt=Y(21/22) vtstat=1321/809ms tc=Y drp=0mm tcq=0
17:13:18.653 [ISOBUS] addr=0x81 claimed=Y load=14.0% msgs=48969 aiso=1322(1364066ms) xte=0.00m spd=0.00m/s q=0 ggaAge=60 vtgAge=59 xteAge=1364066 xteraw=80:510302FF0F060DFF vt=Y(21/22) vtstat=1322/808ms tc=Y drp=0mm tcq=0
17:13:19.652 [ISOBUS] addr=0x81 claimed=Y load=14.2% msgs=49010 aiso=1323(1365066ms) xte=0.00m spd=0.00m/s q=0 ggaAge=59 vtgAge=58 xteAge=1365066 xteraw=80:510302FF0F060DFF vt=Y(21/22) vtstat=1323/807ms tc=Y drp=0mm tcq=0
17:13:20.663 [ISOBUS] addr=0x81 claimed=Y load=14.5% msgs=49055 aiso=1324(1366066ms) xte=0.00m spd=0.00m/s q=0 ggaAge=59 vtgAge=59 xteAge=1366066 xteraw=80:510302FF0F060DFF vt=Y(21/22) vtstat=1324/807ms tc=Y drp=0mm tcq=0
17:13:21.672 [ISOBUS] addr=0x81 claimed=Y load=14.2% msgs=49096 aiso=1325(1367066ms) xte=0.00m spd=0.00m/s q=0 ggaAge=59 vtgAge=59 xteAge=1367066 xteraw=80:510302FF0F060DFF vt=Y(21/22) vtstat=1325/806ms tc=Y drp=0mm tcq=0
17:13:22.672 [ISOBUS] addr=0x81 claimed=Y load=14.0% msgs=49137 aiso=1326(1368066ms) xte=0.00m spd=0.00m/s q=0 ggaAge=58 vtgAge=58 xteAge=1368066 xteraw=80:510302FF0F060DFF vt=Y(21/22) vtstat=1326/806ms tc=Y drp=0mm tcq=0
17:13:23.656 [ISOBUS] addr=0x81 claimed=Y load=14.2% msgs=49178 aiso=1327(1369066ms) xte=0.00m spd=0.00m/s q=0 ggaAge=59 vtgAge=59 xteAge=1369066 xteraw=80:510302FF0F060DFF vt=Y(21/22) vtstat=1327/805ms tc=Y drp=0mm tcq=0
17:13:24.665 [ISOBUS] addr=0x81 claimed=Y load=14.0% msgs=49219 aiso=1328(1370066ms) xte=0.00m spd=0.00m/s q=0 ggaAge=59 vtgAge=58 xteAge=1370066 xteraw=80:510302FF0F060DFF vt=Y(21/22) vtstat=1328/805ms tc=Y drp=0mm tcq=0
17:13:25.654 [ISOBUS] addr=0x81 claimed=Y load=14.2% msgs=49260 aiso=1329(1371066ms) xte=0.00m spd=0.00m/s q=0 ggaAge=59 vtgAge=58 xteAge=1371066 xteraw=80:510302FF0F060DFF vt=Y(21/22) vtstat=1329/804ms tc=Y drp=0mm tcq=0
17:13:26.671 [ISOBUS] addr=0x81 claimed=Y load=14.0% msgs=49301 aiso=1330(1372066ms) xte=0.00m spd=0.00m/s q=0 ggaAge=59 vtgAge=59 xteAge=1372066 xteraw=80:510302FF0F060DFF vt=Y(21/22) vtstat=1330/803ms tc=Y drp=0mm tcq=0
17:13:27.653 [ISOBUS] addr=0x81 claimed=Y load=14.2% msgs=49342 aiso=1331(1373066ms) xte=0.00m spd=0.00m/s q=0 ggaAge=59 vtgAge=58 xteAge=1373066 xteraw=80:510302FF0F060DFF vt=Y(21/22) vtstat=1331/803ms tc=Y drp=0mm tcq=0
17:13:28.663 [ISOBUS] addr=0x81 claimed=Y load=14.0% msgs=49383 aiso=1332(1374066ms) xte=0.00m spd=0.00m/s q=0 ggaAge=59 vtgAge=59 xteAge=1374066 xteraw=80:510302FF0F060DFF vt=Y(21/22) vtstat=1332/802ms tc=Y drp=0mm tcq=0
17:13:29.648 [ISOBUS] addr=0x81 claimed=Y load=14.2% msgs=49424 aiso=1333(1375066ms) xte=0.00m spd=0.00m/s q=0 ggaAge=59 vtgAge=58 xteAge=1375066 xteraw=80:510302FF0F060DFF vt=Y(21/22) vtstat=1333/801ms tc=Y drp=0mm tcq=0
17:13:30.656 [ISOBUS] addr=0x81 claimed=Y load=14.5% msgs=49469 aiso=1334(1376066ms) xte=0.00m spd=0.00m/s q=0 ggaAge=59 vtgAge=59 xteAge=1376066 xteraw=80:510302FF0F060DFF vt=Y(21/22) vtstat=1334/801ms tc=Y drp=0mm tcq=0
17:13:31.662 [ISOBUS] addr=0x81 claimed=Y load=14.2% msgs=49510 aiso=1335(1377066ms) xte=0.00m spd=0.00m/s q=0 ggaAge=59 vtgAge=59 xteAge=1377066 xteraw=80:510302FF0F060DFF vt=Y(21/22) vtstat=1335/800ms tc=Y drp=0mm tcq=0
17:13:32.672 [ISOBUS] addr=0x81 claimed=Y load=14.0% msgs=49551 aiso=1336(1378066ms) xte=0.00m spd=0.00m/s q=0 ggaAge=59 vtgAge=58 xteAge=1378066 xteraw=80:510302FF0F060DFF vt=Y(21/22) vtstat=1336/800ms tc=Y drp=0mm tcq=0
17:13:33.656 [ISOBUS] addr=0x81 claimed=Y load=14.2% msgs=49592 aiso=1337(1379066ms) xte=0.00m spd=0.00m/s q=0 ggaAge=58 vtgAge=58 xteAge=1379066 xteraw=80:510302FF0F060DFF vt=Y(21/22) vtstat=1337/799ms tc=Y drp=0mm tcq=0
17:13:34.656 [ISOBUS] addr=0x81 claimed=Y load=14.0% msgs=49633 aiso=1338(1380066ms) xte=0.00m spd=0.00m/s q=0 ggaAge=59 vtgAge=59 xteAge=1380066 xteraw=80:510302FF0F060DFF vt=Y(21/22) vtstat=1338/798ms tc=Y drp=0mm tcq=0
17:13:35.655 [ISOBUS] addr=0x81 claimed=Y load=14.2% msgs=49674 aiso=1339(1381066ms) xte=0.00m spd=0.00m/s q=0 ggaAge=59 vtgAge=59 xteAge=1381066 xteraw=80:510302FF0F060DFF vt=Y(21/22) vtstat=1339/798ms tc=Y drp=0mm tcq=0
17:13:36.660 [ISOBUS] addr=0x81 claimed=Y load=14.0% msgs=49715 aiso=1340(1382066ms) xte=0.00m spd=0.00m/s q=0 ggaAge=59 vtgAge=58 xteAge=1382066 xteraw=80:510302FF0F060DFF vt=Y(21/22) vtstat=1340/797ms tc=Y drp=0mm tcq=0
17:13:37.646 [ISOBUS] addr=0x81 claimed=Y load=14.2% msgs=49756 aiso=1341(1383066ms) xte=0.00m spd=0.00m/s q=0 ggaAge=59 vtgAge=58 xteAge=1383066 xteraw=80:510302FF0F060DFF vt=Y(21/22) vtstat=1341/795ms tc=Y drp=0mm tcq=0
17:13:38.654 [ISOBUS] addr=0x81 claimed=Y load=14.0% msgs=49797 aiso=1342(1384066ms) xte=0.00m spd=0.00m/s q=0 ggaAge=59 vtgAge=58 xteAge=1384066 xteraw=80:510302FF0F060DFF vt=Y(21/22) vtstat=1342/795ms tc=Y drp=0mm tcq=0
17:13:39.654 [ISOBUS] addr=0x81 claimed=Y load=14.2% msgs=49838 aiso=1343(1385066ms) xte=0.00m spd=0.00m/s q=0 ggaAge=59 vtgAge=58 xteAge=1385066 xteraw=80:510302FF0F060DFF vt=Y(21/22) vtstat=1343/795ms tc=Y drp=0mm tcq=0
17:13:40.643 [ISOBUS] addr=0x81 claimed=Y load=14.5% msgs=49883 aiso=1344(1386066ms) xte=0.00m spd=0.00m/s q=0 ggaAge=59 vtgAge=59 xteAge=1386066 xteraw=80:510302FF0F060DFF vt=Y(21/22) vtstat=1344/795ms tc=Y drp=0mm tcq=0
17:13:41.662 [ISOBUS] addr=0x81 claimed=Y load=14.2% msgs=49924 aiso=1345(1387066ms) xte=0.00m spd=0.00m/s q=0 ggaAge=59 vtgAge=58 xteAge=1387066 xteraw=80:510302FF0F060DFF vt=Y(21/22) vtstat=1345/794ms tc=Y drp=0mm tcq=0
17:13:42.643 [ISOBUS] addr=0x81 claimed=Y load=14.0% msgs=49965 aiso=1346(1388066ms) xte=0.00m spd=0.00m/s q=0 ggaAge=59 vtgAge=58 xteAge=1388066 xteraw=80:510302FF0F060DFF vt=Y(21/22) vtstat=1346/794ms tc=Y drp=0mm tcq=0
17:13:43.649 [ISOBUS] addr=0x81 claimed=Y load=14.2% msgs=50006 aiso=1347(1389066ms) xte=0.00m spd=0.00m/s q=0 ggaAge=59 vtgAge=58 xteAge=1389066 xteraw=80:510302FF0F060DFF vt=Y(21/22) vtstat=1347/793ms tc=Y drp=0mm tcq=0
17:13:44.665 [ISOBUS] addr=0x81 claimed=Y load=14.0% msgs=50047 aiso=1348(1390066ms) xte=0.00m spd=0.00m/s q=0 ggaAge=59 vtgAge=58 xteAge=1390066 xteraw=80:510302FF0F060DFF vt=Y(21/22) vtstat=1348/792ms tc=Y drp=0mm tcq=0
17:13:45.645 [ISOBUS] addr=0x81 claimed=Y load=14.2% msgs=50088 aiso=1349(1391066ms) xte=0.00m spd=0.00m/s q=0 ggaAge=59 vtgAge=58 xteAge=1391066 xteraw=80:510302FF0F060DFF vt=Y(21/22) vtstat=1349/791ms tc=Y drp=0mm tcq=0
17:13:46.662 [ISOBUS] addr=0x81 claimed=Y load=14.0% msgs=50129 aiso=1350(1392066ms) xte=0.00m spd=0.00m/s q=0 ggaAge=57 vtgAge=55 xteAge=1392066 xteraw=80:510302FF0F060DFF vt=Y(21/22) vtstat=1350/791ms tc=Y drp=0mm tcq=0
17:13:47.668 [ISOBUS] addr=0x81 claimed=Y load=14.3% msgs=50170 aiso=1351(1393066ms) xte=0.00m spd=0.00m/s q=0 ggaAge=59 vtgAge=59 xteAge=1393066 xteraw=80:510302FF0F060DFF vt=Y(21/22) vtstat=1351/790ms tc=Y drp=0mm tcq=0
17:13:48.668 [ISOBUS] addr=0x81 claimed=Y load=14.0% msgs=50211 aiso=1352(1394066ms) xte=0.00m spd=0.00m/s q=0 ggaAge=58 vtgAge=58 xteAge=1394066 xteraw=80:510302FF0F060DFF vt=Y(21/22) vtstat=1352/790ms tc=Y drp=0mm tcq=0
17:13:49.666 [ISOBUS] addr=0x81 claimed=Y load=14.2% msgs=50252 aiso=1353(1395066ms) xte=0.00m spd=0.00m/s q=0 ggaAge=59 vtgAge=58 xteAge=1395066 xteraw=80:510302FF0F060DFF vt=Y(21/22) vtstat=1353/789ms tc=Y drp=0mm tcq=0
17:13:50.660 [ISOBUS] addr=0x81 claimed=Y load=14.5% msgs=50297 aiso=1354(1396066ms) xte=0.00m spd=0.00m/s q=0 ggaAge=58 vtgAge=58 xteAge=1396066 xteraw=80:510302FF0F060DFF vt=Y(21/22) vtstat=1354/788ms tc=Y drp=0mm tcq=0
17:13:51.666 [ISOBUS] addr=0x81 claimed=Y load=14.2% msgs=50338 aiso=1355(1397066ms) xte=0.00m spd=0.00m/s q=0 ggaAge=58 vtgAge=57 xteAge=1397066 xteraw=80:510302FF0F060DFF vt=Y(21/22) vtstat=1355/788ms tc=Y drp=0mm tcq=0
17:13:52.666 [ISOBUS] addr=0x81 claimed=Y load=14.0% msgs=50379 aiso=1356(1398066ms) xte=0.00m spd=0.00m/s q=0 ggaAge=58 vtgAge=58 xteAge=1398066 xteraw=80:510302FF0F060DFF vt=Y(21/22) vtstat=1356/787ms tc=Y drp=0mm tcq=0
17:13:53.671 [ISOBUS] addr=0x81 claimed=Y load=14.2% msgs=50420 aiso=1357(1399066ms) xte=0.00m spd=0.00m/s q=0 ggaAge=49 vtgAge=48 xteAge=1399066 xteraw=80:510302FF0F060DFF vt=Y(21/22) vtstat=1357/785ms tc=Y drp=0mm tcq=0
17:13:54.643 [ISOBUS] addr=0x81 claimed=Y load=14.0% msgs=50461 aiso=1358(1400066ms) xte=0.00m spd=0.00m/s q=0 ggaAge=59 vtgAge=58 xteAge=1400066 xteraw=80:510302FF0F060DFF vt=Y(21/22) vtstat=1358/785ms tc=Y drp=0mm tcq=0
17:13:55.663 [ISOBUS] addr=0x81 claimed=Y load=14.2% msgs=50502 aiso=1359(1401066ms) xte=0.00m spd=0.00m/s q=0 ggaAge=59 vtgAge=59 xteAge=1401066 xteraw=80:510302FF0F060DFF vt=Y(21/22) vtstat=1359/784ms tc=Y drp=0mm tcq=0
17:13:56.665 [ISOBUS] addr=0x81 claimed=Y load=14.0% msgs=50543 aiso=1360(1402066ms) xte=0.00m spd=0.00m/s q=0 ggaAge=58 vtgAge=58 xteAge=1402066 xteraw=80:510302FF0F060DFF vt=Y(21/22) vtstat=1360/785ms tc=Y drp=0mm tcq=0
17:13:57.670 [ISOBUS] addr=0x81 claimed=Y load=14.2% msgs=50584 aiso=1361(1403066ms) xte=0.00m spd=0.00m/s q=0 ggaAge=58 vtgAge=49 xteAge=1403066 xteraw=80:510302FF0F060DFF vt=Y(21/22) vtstat=1361/784ms tc=Y drp=0mm tcq=0
17:13:58.662 [ISOBUS] addr=0x81 claimed=Y load=14.0% msgs=50625 aiso=1362(1404066ms) xte=0.00m spd=0.00m/s q=0 ggaAge=59 vtgAge=59 xteAge=1404066 xteraw=80:510302FF0F060DFF vt=Y(21/22) vtstat=1362/783ms tc=Y drp=0mm tcq=0
17:13:59.659 [ISOBUS] addr=0x81 claimed=Y load=14.2% msgs=50666 aiso=1363(1405066ms) xte=0.00m spd=0.00m/s q=0 ggaAge=57 vtgAge=57 xteAge=1405066 xteraw=80:510302FF0F060DFF vt=Y(21/22) vtstat=1363/782ms tc=Y drp=0mm tcq=0
17:14:00.655 [ISOBUS] addr=0x81 claimed=Y load=14.5% msgs=50711 aiso=1364(1406066ms) xte=0.00m spd=0.00m/s q=0 ggaAge=58 vtgAge=57 xteAge=1406066 xteraw=80:510302FF0F060DFF vt=Y(21/22) vtstat=1364/782ms tc=Y drp=0mm tcq=0
17:14:01.665 [ISOBUS] addr=0x81 claimed=Y load=14.2% msgs=50752 aiso=1365(1407066ms) xte=0.00m spd=0.00m/s q=0 ggaAge=59 vtgAge=58 xteAge=1407066 xteraw=80:510302FF0F060DFF vt=Y(21/22) vtstat=1365/781ms tc=Y drp=0mm tcq=0
17:14:02.645 [ISOBUS] addr=0x81 claimed=Y load=14.0% msgs=50793 aiso=1366(1408066ms) xte=0.00m spd=0.00m/s q=0 ggaAge=59 vtgAge=58 xteAge=1408066 xteraw=80:510302FF0F060DFF vt=Y(21/22) vtstat=1366/781ms tc=Y drp=0mm tcq=0
17:14:03.646 [ISOBUS] addr=0x81 claimed=Y load=14.2% msgs=50834 aiso=1367(1409066ms) xte=0.00m spd=0.00m/s q=0 ggaAge=59 vtgAge=58 xteAge=1409066 xteraw=80:510302FF0F060DFF vt=Y(21/22) vtstat=1367/780ms tc=Y drp=0mm tcq=0
17:14:04.654 [ISOBUS] addr=0x81 claimed=Y load=14.0% msgs=50875 aiso=1368(1410066ms) xte=0.00m spd=0.00m/s q=0 ggaAge=59 vtgAge=58 xteAge=1410066 xteraw=80:510302FF0F060DFF vt=Y(21/22) vtstat=1368/780ms tc=Y drp=0mm tcq=0
17:14:05.647 [ISOBUS] addr=0x81 claimed=Y load=14.2% msgs=50916 aiso=1369(1411066ms) xte=0.00m spd=0.00m/s q=0 ggaAge=58 vtgAge=58 xteAge=1411066 xteraw=80:510302FF0F060DFF vt=Y(21/22) vtstat=1369/779ms tc=Y drp=0mm tcq=0
17:14:06.646 [ISOBUS] addr=0x81 claimed=Y load=14.0% msgs=50957 aiso=1370(1412066ms) xte=0.00m spd=0.00m/s q=0 ggaAge=59 vtgAge=58 xteAge=1412066 xteraw=80:510302FF0F060DFF vt=Y(21/22) vtstat=1370/779ms tc=Y drp=0mm tcq=0
17:14:07.667 [ISOBUS] addr=0x81 claimed=Y load=14.2% msgs=50998 aiso=1371(1413066ms) xte=0.00m spd=0.00m/s q=0 ggaAge=59 vtgAge=58 xteAge=1413066 xteraw=80:510302FF0F060DFF vt=Y(21/22) vtstat=1371/778ms tc=Y drp=0mm tcq=0
17:14:08.671 [ISOBUS] addr=0x81 claimed=Y load=14.0% msgs=51039 aiso=1372(1414066ms) xte=0.00m spd=0.00m/s q=0 ggaAge=58 vtgAge=58 xteAge=1414066 xteraw=80:510302FF0F060DFF vt=Y(21/22) vtstat=1372/777ms tc=Y drp=0mm tcq=0
17:14:09.649 [ISOBUS] addr=0x81 claimed=Y load=14.2% msgs=51080 aiso=1373(1415066ms) xte=0.00m spd=0.00m/s q=0 ggaAge=57 vtgAge=56 xteAge=1415066 xteraw=80:510302FF0F060DFF vt=Y(21/22) vtstat=1373/777ms tc=Y drp=0mm tcq=0
17:14:10.655 [ISOBUS] addr=0x81 claimed=Y load=14.5% msgs=51125 aiso=1374(1416066ms) xte=0.00m spd=0.00m/s q=0 ggaAge=59 vtgAge=58 xteAge=1416066 xteraw=80:510302FF0F060DFF vt=Y(21/22) vtstat=1374/776ms tc=Y drp=0mm tcq=0
17:14:11.670 [ISOBUS] addr=0x81 claimed=Y load=14.2% msgs=51166 aiso=1375(1417066ms) xte=0.00m spd=0.00m/s q=0 ggaAge=59 vtgAge=58 xteAge=1417066 xteraw=80:510302FF0F060DFF vt=Y(21/22) vtstat=1375/774ms tc=Y drp=0mm tcq=0
17:14:12.665 [ISOBUS] addr=0x81 claimed=Y load=14.0% msgs=51207 aiso=1376(1418066ms) xte=0.00m spd=0.00m/s q=0 ggaAge=59 vtgAge=58 xteAge=1418066 xteraw=80:510302FF0F060DFF vt=Y(21/22) vtstat=1376/773ms tc=Y drp=0mm tcq=0
17:14:13.661 [ISOBUS] addr=0x81 claimed=Y load=14.2% msgs=51248 aiso=1377(1419066ms) xte=0.00m spd=0.00m/s q=0 ggaAge=59 vtgAge=58 xteAge=1419066 xteraw=80:510302FF0F060DFF vt=Y(21/22) vtstat=1377/774ms tc=Y drp=0mm tcq=0
17:14:14.671 [ISOBUS] addr=0x81 claimed=Y load=14.0% msgs=51289 aiso=1378(1420066ms) xte=0.00m spd=0.00m/s q=0 ggaAge=58 vtgAge=58 xteAge=1420066 xteraw=80:510302FF0F060DFF vt=Y(21/22) vtstat=1378/774ms tc=Y drp=0mm tcq=0
17:14:15.663 [ISOBUS] addr=0x81 claimed=Y load=14.2% msgs=51330 aiso=1379(1421066ms) xte=0.00m spd=0.00m/s q=0 ggaAge=59 vtgAge=58 xteAge=1421066 xteraw=80:510302FF0F060DFF vt=Y(21/22) vtstat=1379/773ms tc=Y drp=0mm tcq=0
17:14:16.665 [ISOBUS] addr=0x81 claimed=Y load=14.0% msgs=51371 aiso=1380(1422066ms) xte=0.00m spd=0.00m/s q=0 ggaAge=59 vtgAge=58 xteAge=1422066 xteraw=80:510302FF0F060DFF vt=Y(21/22) vtstat=1380/772ms tc=Y drp=0mm tcq=0
17:14:17.667 [ISOBUS] addr=0x81 claimed=Y load=14.2% msgs=51412 aiso=1381(1423066ms) xte=0.00m spd=0.00m/s q=0 ggaAge=59 vtgAge=58 xteAge=1423066 xteraw=80:510302FF0F060DFF vt=Y(21/22) vtstat=1381/772ms tc=Y drp=0mm tcq=0
17:14:18.667 [ISOBUS] addr=0x81 claimed=Y load=14.0% msgs=51453 aiso=1382(1424066ms) xte=0.00m spd=0.00m/s q=0 ggaAge=58 vtgAge=57 xteAge=1424066 xteraw=80:510302FF0F060DFF vt=Y(21/22) vtstat=1382/771ms tc=Y drp=0mm tcq=0
17:14:19.666 [ISOBUS] addr=0x81 claimed=Y load=14.2% msgs=51494 aiso=1383(1425066ms) xte=0.00m spd=0.00m/s q=0 ggaAge=59 vtgAge=58 xteAge=1425066 xteraw=80:510302FF0F060DFF vt=Y(21/22) vtstat=1383/771ms tc=Y drp=0mm tcq=0
17:14:20.667 [ISOBUS] addr=0x81 claimed=Y load=14.5% msgs=51539 aiso=1384(1426066ms) xte=0.00m spd=0.00m/s q=0 ggaAge=58 vtgAge=57 xteAge=1426066 xteraw=80:510302FF0F060DFF vt=Y(21/22) vtstat=1384/770ms tc=Y drp=0mm tcq=0
17:14:21.674 [ISOBUS] addr=0x81 claimed=Y load=14.2% msgs=51580 aiso=1385(1427066ms) xte=0.00m spd=0.00m/s q=0 ggaAge=58 vtgAge=57 xteAge=1427066 xteraw=80:510302FF0F060DFF vt=Y(21/22) vtstat=1385/769ms tc=Y drp=0mm tcq=0
17:14:22.660 [ISOBUS] addr=0x81 claimed=Y load=14.0% msgs=51621 aiso=1386(1428066ms) xte=0.00m spd=0.00m/s q=0 ggaAge=58 vtgAge=57 xteAge=1428066 xteraw=80:510302FF0F060DFF vt=Y(21/22) vtstat=1386/769ms tc=Y drp=0mm tcq=0
17:14:23.653 [ISOBUS] addr=0x81 claimed=Y load=14.2% msgs=51662 aiso=1387(1429066ms) xte=0.00m spd=0.00m/s q=0 ggaAge=59 vtgAge=58 xteAge=1429066 xteraw=80:510302FF0F060DFF vt=Y(21/22) vtstat=1387/768ms tc=Y drp=0mm tcq=0
17:14:24.650 [ISOBUS] addr=0x81 claimed=Y load=14.0% msgs=51703 aiso=1388(1430066ms) xte=0.00m spd=0.00m/s q=0 ggaAge=58 vtgAge=57 xteAge=1430066 xteraw=80:510302FF0F060DFF vt=Y(21/22) vtstat=1388/768ms tc=Y drp=0mm tcq=0
17:14:25.656 [ISOBUS] addr=0x81 claimed=Y load=14.2% msgs=51744 aiso=1389(1431066ms) xte=0.00m spd=0.00m/s q=0 ggaAge=58 vtgAge=57 xteAge=1431066 xteraw=80:510302FF0F060DFF vt=Y(21/22) vtstat=1389/767ms tc=Y drp=0mm tcq=0
17:14:26.655 [ISOBUS] addr=0x81 claimed=Y load=14.0% msgs=51785 aiso=1390(1432066ms) xte=0.00m spd=0.00m/s q=0 ggaAge=58 vtgAge=57 xteAge=1432066 xteraw=80:510302FF0F060DFF vt=Y(21/22) vtstat=1390/767ms tc=Y drp=0mm tcq=0
17:14:27.654 [ISOBUS] addr=0x81 claimed=Y load=14.2% msgs=51826 aiso=1391(1433066ms) xte=0.00m spd=0.00m/s q=0 ggaAge=59 vtgAge=58 xteAge=1433066 xteraw=80:510302FF0F060DFF vt=Y(21/22) vtstat=1391/766ms tc=Y drp=0mm tcq=0
17:14:28.651 [ISOBUS] addr=0x81 claimed=Y load=14.0% msgs=51867 aiso=1392(1434066ms) xte=0.00m spd=0.00m/s q=0 ggaAge=59 vtgAge=59 xteAge=1434066 xteraw=80:510302FF0F060DFF vt=Y(21/22) vtstat=1392/764ms tc=Y drp=0mm tcq=0
17:14:29.660 [ISOBUS] addr=0x81 claimed=Y load=14.2% msgs=51908 aiso=1393(1435066ms) xte=0.00m spd=0.00m/s q=0 ggaAge=58 vtgAge=57 xteAge=1435066 xteraw=80:510302FF0F060DFF vt=Y(21/22) vtstat=1393/764ms tc=Y drp=0mm tcq=0
17:14:30.666 [ISOBUS] addr=0x81 claimed=Y load=14.5% msgs=51953 aiso=1394(1436066ms) xte=0.00m spd=0.00m/s q=0 ggaAge=59 vtgAge=58 xteAge=1436066 xteraw=80:510302FF0F060DFF vt=Y(21/22) vtstat=1394/764ms tc=Y drp=0mm tcq=0
17:14:31.660 [ISOBUS] addr=0x81 claimed=Y load=14.2% msgs=51994 aiso=1395(1437066ms) xte=0.00m spd=0.00m/s q=0 ggaAge=58 vtgAge=58 xteAge=1437066 xteraw=80:510302FF0F060DFF vt=Y(21/22) vtstat=1395/763ms tc=Y drp=0mm tcq=0
17:14:32.654 [ISOBUS] addr=0x81 claimed=Y load=14.0% msgs=52035 aiso=1396(1438066ms) xte=0.00m spd=0.00m/s q=0 ggaAge=59 vtgAge=58 xteAge=1438066 xteraw=80:510302FF0F060DFF vt=Y(21/22) vtstat=1396/763ms tc=Y drp=0mm tcq=0
17:14:33.650 [ISOBUS] addr=0x81 claimed=Y load=14.1% msgs=52076 aiso=1397(1439066ms) xte=0.00m spd=0.00m/s q=0 ggaAge=58 vtgAge=57 xteAge=1439066 xteraw=80:510302FF0F060DFF vt=Y(21/22) vtstat=1397/762ms tc=Y drp=0mm tcq=0
17:14:34.670 [ISOBUS] addr=0x81 claimed=Y load=14.1% msgs=52117 aiso=1398(1440066ms) xte=0.00m spd=0.00m/s q=0 ggaAge=58 vtgAge=58 xteAge=1440066 xteraw=80:510302FF0F060DFF vt=Y(21/22) vtstat=1398/762ms tc=Y drp=0mm tcq=0
17:14:35.664 [ISOBUS] addr=0x81 claimed=Y load=14.2% msgs=52158 aiso=1399(1441066ms) xte=0.00m spd=0.00m/s q=0 ggaAge=58 vtgAge=57 xteAge=1441066 xteraw=80:510302FF0F060DFF vt=Y(21/22) vtstat=1399/761ms tc=Y drp=0mm tcq=0
17:14:36.650 [ISOBUS] addr=0x81 claimed=Y load=14.0% msgs=52199 aiso=1400(1442066ms) xte=0.00m spd=0.00m/s q=0 ggaAge=58 vtgAge=58 xteAge=1442066 xteraw=80:510302FF0F060DFF vt=Y(21/22) vtstat=1400/760ms tc=Y drp=0mm tcq=0
17:14:37.668 [ISOBUS] addr=0x81 claimed=Y load=14.2% msgs=52240 aiso=1401(1443066ms) xte=0.00m spd=0.00m/s q=0 ggaAge=58 vtgAge=57 xteAge=1443066 xteraw=80:510302FF0F060DFF vt=Y(21/22) vtstat=1401/759ms tc=Y drp=0mm tcq=0
17:14:38.671 [ISOBUS] addr=0x81 claimed=Y load=14.0% msgs=52281 aiso=1402(1444066ms) xte=0.00m spd=0.00m/s q=0 ggaAge=58 vtgAge=58 xteAge=1444066 xteraw=80:510302FF0F060DFF vt=Y(21/22) vtstat=1402/759ms tc=Y drp=0mm tcq=0
17:14:39.652 [ISOBUS] addr=0x81 claimed=Y load=14.2% msgs=52322 aiso=1403(1445066ms) xte=0.00m spd=0.00m/s q=0 ggaAge=58 vtgAge=57 xteAge=1445066 xteraw=80:510302FF0F060DFF vt=Y(21/22) vtstat=1403/755ms tc=Y drp=0mm tcq=0
17:14:40.670 [ISOBUS] addr=0x81 claimed=Y load=14.5% msgs=52367 aiso=1404(1446066ms) xte=0.00m spd=0.00m/s q=0 ggaAge=58 vtgAge=57 xteAge=1446066 xteraw=80:510302FF0F060DFF vt=Y(21/22) vtstat=1404/758ms tc=Y drp=0mm tcq=0
17:14:41.668 [ISOBUS] addr=0x81 claimed=Y load=14.2% msgs=52408 aiso=1405(1447066ms) xte=0.00m spd=0.00m/s q=0 ggaAge=59 vtgAge=59 xteAge=1447066 xteraw=80:510302FF0F060DFF vt=Y(21/22) vtstat=1405/756ms tc=Y drp=0mm tcq=0
17:14:42.652 [ISOBUS] addr=0x81 claimed=Y load=14.0% msgs=52449 aiso=1406(1448066ms) xte=0.00m spd=0.00m/s q=0 ggaAge=58 vtgAge=58 xteAge=1448066 xteraw=80:510302FF0F060DFF vt=Y(21/22) vtstat=1406/756ms tc=Y drp=0mm tcq=0
17:14:43.646 [ISOBUS] addr=0x81 claimed=Y load=14.3% msgs=52490 aiso=1407(1449066ms) xte=0.00m spd=0.00m/s q=0 ggaAge=57 vtgAge=57 xteAge=1449066 xteraw=80:510302FF0F060DFF vt=Y(21/22) vtstat=1407/752ms tc=Y drp=0mm tcq=0
17:14:44.647 [ISOBUS] addr=0x81 claimed=Y load=14.0% msgs=52531 aiso=1408(1450066ms) xte=0.00m spd=0.00m/s q=0 ggaAge=58 vtgAge=58 xteAge=1450066 xteraw=80:510302FF0F060DFF vt=Y(21/22) vtstat=1408/755ms tc=Y drp=0mm tcq=0
17:14:45.676 [ISOBUS] addr=0x81 claimed=Y load=14.2% msgs=52572 aiso=1409(1451066ms) xte=0.00m spd=0.00m/s q=0 ggaAge=58 vtgAge=57 xteAge=1451066 xteraw=80:510302FF0F060DFF vt=Y(21/22) vtstat=1409/753ms tc=Y drp=0mm tcq=0
17:14:46.652 [ISOBUS] addr=0x81 claimed=Y load=14.0% msgs=52613 aiso=1410(1452066ms) xte=0.00m spd=0.00m/s q=0 ggaAge=58 vtgAge=58 xteAge=1452066 xteraw=80:510302FF0F060DFF vt=Y(21/22) vtstat=1410/753ms tc=Y drp=0mm tcq=0
17:14:47.650 [ISOBUS] addr=0x81 claimed=Y load=14.2% msgs=52654 aiso=1411(1453066ms) xte=0.00m spd=0.00m/s q=0 ggaAge=57 vtgAge=57 xteAge=1453066 xteraw=80:510302FF0F060DFF vt=Y(21/22) vtstat=1411/752ms tc=Y drp=0mm tcq=0
17:14:48.669 [ISOBUS] addr=0x81 claimed=Y load=14.0% msgs=52695 aiso=1412(1454066ms) xte=0.00m spd=0.00m/s q=0 ggaAge=58 vtgAge=57 xteAge=1454066 xteraw=80:510302FF0F060DFF vt=Y(21/22) vtstat=1412/752ms tc=Y drp=0mm tcq=0
17:14:49.666 [ISOBUS] addr=0x81 claimed=Y load=14.2% msgs=52736 aiso=1413(1455066ms) xte=0.00m spd=0.00m/s q=0 ggaAge=58 vtgAge=57 xteAge=1455066 xteraw=80:510302FF0F060DFF vt=Y(21/22) vtstat=1413/752ms tc=Y drp=0mm tcq=0
17:14:50.653 [ISOBUS] addr=0x81 claimed=Y load=14.4% msgs=52781 aiso=1414(1456066ms) xte=0.00m spd=0.00m/s q=0 ggaAge=59 vtgAge=58 xteAge=1456066 xteraw=80:510302FF0F060DFF vt=Y(21/22) vtstat=1414/751ms tc=Y drp=0mm tcq=0
17:14:51.674 [ISOBUS] addr=0x81 claimed=Y load=14.2% msgs=52822 aiso=1415(1457066ms) xte=0.00m spd=0.00m/s q=0 ggaAge=59 vtgAge=50 xteAge=1457066 xteraw=80:510302FF0F060DFF vt=Y(21/22) vtstat=1415/750ms tc=Y drp=0mm tcq=0
17:14:52.671 [ISOBUS] addr=0x81 claimed=Y load=14.1% msgs=52863 aiso=1416(1458066ms) xte=0.00m spd=0.00m/s q=0 ggaAge=59 vtgAge=59 xteAge=1458066 xteraw=80:510302FF0F060DFF vt=Y(21/22) vtstat=1416/750ms tc=Y drp=0mm tcq=0
17:14:53.668 [ISOBUS] addr=0x81 claimed=Y load=14.2% msgs=52904 aiso=1417(1459066ms) xte=0.00m spd=0.00m/s q=0 ggaAge=59 vtgAge=58 xteAge=1459066 xteraw=80:510302FF0F060DFF vt=Y(21/22) vtstat=1417/749ms tc=Y drp=0mm tcq=0
17:14:54.660 [ISOBUS] addr=0x81 claimed=Y load=14.0% msgs=52945 aiso=1418(1460066ms) xte=0.00m spd=0.00m/s q=0 ggaAge=59 vtgAge=58 xteAge=1460066 xteraw=80:510302FF0F060DFF vt=Y(21/22) vtstat=1418/749ms tc=Y drp=0mm tcq=0
17:14:55.668 [ISOBUS] addr=0x81 claimed=Y load=14.2% msgs=52986 aiso=1419(1461066ms) xte=0.00m spd=0.00m/s q=0 ggaAge=58 vtgAge=57 xteAge=1461066 xteraw=80:510302FF0F060DFF vt=Y(21/22) vtstat=1419/748ms tc=Y drp=0mm tcq=0
17:14:56.671 [ISOBUS] addr=0x81 claimed=Y load=14.0% msgs=53027 aiso=1420(1462066ms) xte=0.00m spd=0.00m/s q=0 ggaAge=59 vtgAge=58 xteAge=1462066 xteraw=80:510302FF0F060DFF vt=Y(21/22) vtstat=1420/747ms tc=Y drp=0mm tcq=0
17:14:57.652 [ISOBUS] addr=0x81 claimed=Y load=14.2% msgs=53068 aiso=1421(1463066ms) xte=0.00m spd=0.00m/s q=0 ggaAge=59 vtgAge=58 xteAge=1463066 xteraw=80:510302FF0F060DFF vt=Y(21/22) vtstat=1421/746ms tc=Y drp=0mm tcq=0
17:14:58.664 [ISOBUS] addr=0x81 claimed=Y load=14.9% msgs=53109 aiso=1422(1464066ms) xte=0.00m spd=0.00m/s q=0 ggaAge=59 vtgAge=58 xteAge=1464066 xteraw=80:510302FF0F060DFF vt=Y(21/22) vtstat=1422/746ms tc=Y drp=0mm tcq=0
17:14:59.647 [ISOBUS] addr=0x81 claimed=Y load=17.1% msgs=53150 aiso=1423(1465066ms) xte=0.00m spd=0.00m/s q=0 ggaAge=59 vtgAge=58 xteAge=1465066 xteraw=80:510302FF0F060DFF vt=Y(21/22) vtstat=1423/745ms tc=Y drp=0mm tcq=0
17:15:00.664 [ISOBUS] addr=0x81 claimed=Y load=11.8% msgs=53181 aiso=1424(1466066ms) xte=0.00m spd=0.00m/s q=0 ggaAge=359 vtgAge=358 xteAge=1466066 xteraw=80:510302FF0F060DFF vt=Y(21/22) vtstat=1424/745ms tc=Y drp=0mm tcq=0
17:15:01.671 [ISOBUS] addr=0x81 claimed=Y load=0.1% msgs=53181 aiso=1424(1467066ms) xte=0.00m spd=0.00m/s q=0 ggaAge=1359 vtgAge=1358 xteAge=1467066 xteraw=80:510302FF0F060DFF vt=Y(21/22) vtstat=1424/1745ms tc=Y drp=0mm tcq=0
17:15:02.421 W] [VT]: Server response to a command timed out
17:15:02.651 [ISOBUS] addr=0x81 claimed=Y load=0.2% msgs=53181 aiso=1424(1468066ms) xte=0.00m spd=0.00m/s q=0 ggaAge=2359 vtgAge=2358 xteAge=1468066 xteraw=80:510302FF0F060DFF vt=Y(21/22) vtstat=1424/2745ms tc=Y drp=0mm tcq=0
17:15:02.932 E] [VT]: Status Timeout
17:15:03.645 [ISOBUS] addr=0x81 claimed=Y load=0.0% msgs=53181 aiso=1424(1469066ms) xte=0.00m spd=0.00m/s q=0 ggaAge=3359 vtgAge=3358 xteAge=1469066 xteraw=80:510302FF0F060DFF vt=N(1/22) vtstat=1424/3745ms tc=Y drp=0mm tcq=0
17:15:04.655 [ISOBUS] addr=0x81 claimed=Y load=0.1% msgs=53181 aiso=1424(1470066ms) xte=0.00m spd=0.00m/s q=0 ggaAge=4359 vtgAge=4358 xteAge=1470066 xteraw=80:510302FF0F060DFF vt=N(1/22) vtstat=1424/4745ms tc=Y drp=0mm tcq=0
17:15:05.595 E] [TC]: Server Status Message Timeout. The TC may be offline.
17:15:05.660 [ISOBUS] addr=0x81 claimed=Y load=0.0% msgs=53181 aiso=1424(1471066ms) xte=0.00m spd=0.00m/s q=0 ggaAge=5359 vtgAge=5358 xteAge=1471066 xteraw=80:510302FF0F060DFF vt=N(1/22) vtstat=1424/5745ms tc=N drp=0mm tcq=0
17:15:06.645 [ISOBUS] addr=0x81 claimed=Y load=0.0% msgs=53181 aiso=1424(1472066ms) xte=0.00m spd=0.00m/s q=0 ggaAge=6359 vtgAge=6358 xteAge=1472066 xteraw=80:510302FF0F060DFF vt=N(1/22) vtstat=1424/6745ms tc=N drp=0mm tcq=0
17:15:07.651 [ISOBUS] addr=0x81 claimed=Y load=0.0% msgs=53181 aiso=1424(1473066ms) xte=0.00m spd=0.00m/s q=0 ggaAge=7359 vtgAge=7358 xteAge=1473066 xteraw=80:510302FF0F060DFF vt=N(1/22) vtstat=1424/7745ms tc=N drp=0mm tcq=0
17:15:08.651 [ISOBUS] addr=0x81 claimed=Y load=0.0% msgs=53181 aiso=1424(1474066ms) xte=0.00m spd=0.00m/s q=0 ggaAge=8359 vtgAge=8358 xteAge=1474066 xteraw=80:510302FF0F060DFF vt=N(1/22) vtstat=1424/8745ms tc=N drp=0mm tcq=0
17:15:09.665 [ISOBUS] addr=0x81 claimed=Y load=0.0% msgs=53181 aiso=1424(1475066ms) xte=0.00m spd=0.00m/s q=0 ggaAge=9359 vtgAge=9358 xteAge=1475066 xteraw=80:510302FF0F060DFF vt=N(1/22) vtstat=1424/9745ms tc=N drp=0mm tcq=0
17:15:10.667 [ISOBUS] addr=0x81 claimed=Y load=0.3% msgs=53181 aiso=1424(1476066ms) xte=0.00m spd=0.00m/s q=0 ggaAge=10359 vtgAge=10358 xteAge=1476066 xteraw=80:510302FF0F060DFF vt=N(1/22) vtstat=1424/10745ms tc=N drp=0mm tcq=0
17:15:11.655 [ISOBUS] addr=0x81 claimed=Y load=0.0% msgs=53181 aiso=1424(1477066ms) xte=0.00m spd=0.00m/s q=0 ggaAge=11359 vtgAge=11358 xteAge=1477066 xteraw=80:510302FF0F060DFF vt=N(1/22) vtstat=1424/11745ms tc=N drp=0mm tcq=0
17:15:12.655 [ISOBUS] addr=0x81 claimed=Y load=0.0% msgs=53181 aiso=1424(1478066ms) xte=0.00m spd=0.00m/s q=0 ggaAge=12359 vtgAge=12358 xteAge=1478066 xteraw=80:510302FF0F060DFF vt=N(1/22) vtstat=1424/12745ms tc=N drp=0mm tcq=0
17:15:12.900 VT: disconnected 10s after having been connected -- forcing reconnect attempt 1 (partner addr=0x26 valid=Y)
17:15:12.900 I] [VT]: VT Client connection has been terminated.
17:15:13.662 [ISOBUS] addr=0x81 claimed=Y load=0.0% msgs=53181 aiso=1424(1479066ms) xte=0.00m spd=0.00m/s q=0 ggaAge=13359 vtgAge=13358 xteAge=1479066 xteraw=80:510302FF0F060DFF vt=N(1/22) vtstat=1424/13745ms tc=N drp=0mm tcq=0
17:15:14.672 [ISOBUS] addr=0x81 claimed=Y load=0.0% msgs=53181 aiso=1424(1480066ms) xte=0.00m spd=0.00m/s q=0 ggaAge=14359 vtgAge=14358 xteAge=1480066 xteraw=80:510302FF0F060DFF vt=N(1/22) vtstat=1424/14745ms tc=N drp=0mm tcq=0
17:15:15.647 [ISOBUS] addr=0x81 claimed=Y load=0.0% msgs=53181 aiso=1424(1481066ms) xte=0.00m spd=0.00m/s q=0 ggaAge=15359 vtgAge=15358 xteAge=1481066 xteraw=80:510302FF0F060DFF vt=N(1/22) vtstat=1424/15745ms tc=N drp=0mm tcq=0
17:15:16.647 [ISOBUS] addr=0x81 claimed=Y load=0.0% msgs=53181 aiso=1424(1482066ms) xte=0.00m spd=0.00m/s q=0 ggaAge=16359 vtgAge=16358 xteAge=1482066 xteraw=80:510302FF0F060DFF vt=N(1/22) vtstat=1424/16745ms tc=N drp=0mm tcq=0
17:15:17.651 [ISOBUS] addr=0x81 claimed=Y load=0.0% msgs=53181 aiso=1424(1483066ms) xte=0.00m spd=0.00m/s q=0 ggaAge=17359 vtgAge=17358 xteAge=1483066 xteraw=80:510302FF0F060DFF vt=N(1/22) vtstat=1424/17745ms tc=N drp=0mm tcq=0
17:15:18.673 [ISOBUS] addr=0x81 claimed=Y load=0.0% msgs=53181 aiso=1424(1484066ms) xte=0.00m spd=0.00m/s q=0 ggaAge=18359 vtgAge=18358 xteAge=1484066 xteraw=80:510302FF0F060DFF vt=N(1/22) vtstat=1424/18745ms tc=N drp=0mm tcq=0
17:15:19.671 [ISOBUS] addr=0x81 claimed=Y load=0.0% msgs=53181 aiso=1424(1485066ms) xte=0.00m spd=0.00m/s q=0 ggaAge=19359 vtgAge=19358 xteAge=1485066 xteraw=80:510302FF0F060DFF vt=N(1/22) vtstat=1424/19745ms tc=N drp=0mm tcq=0
17:15:20.614 TC: disconnected 15s after having been connected -- forcing restart 1 (partner addr=0xF7 valid=Y)
17:15:20.652 [ISOBUS] addr=0x81 claimed=Y load=0.3% msgs=53181 aiso=1424(1486066ms) xte=0.00m spd=0.00m/s q=0 ggaAge=20359 vtgAge=20358 xteAge=1486066 xteraw=80:510302FF0F060DFF vt=N(1/22) vtstat=1424/20745ms tc=N drp=0mm tcq=0
17:15:21.120 I] [NM]: External control function with name 000000000000000lx has claimed address 203452081 on channel 2147516672.
17:15:21.120 W] [PR]: NACK-ing PGN request for PGN 60928 because no callback could handle it.
17:15:21.120 W] [PR]: NACK-ing PGN request for PGN 60928 because no callback could handle it.
17:15:21.120 W] [PR]: NACK-ing PGN request for PGN 60928 because no callback could handle it.
17:15:21.373 I] [NM]: External control function with name 000000000000000lx has claimed address 197783967 on channel 2684388864.
17:15:21.651 I] [NM]: External control function with name 000000000000000lx has claimed address 203452081 on channel 2147516416.
17:15:21.651 I] [NM]: External control function with name 000000000000000lx has claimed address 203452081 on channel 536903720.
17:15:21.651 I] [NM]: External control function with name 000000000000000lx has claimed address 203452081 on channel 2147491072.
17:15:21.651 [ISOBUS] addr=0x81 claimed=Y load=2.5% msgs=53205 aiso=1424(1487066ms) xte=0.00m spd=0.00m/s q=0 ggaAge=58 vtgAge=58 xteAge=1487066 xteraw=80:510302FF0F060DFF vt=N(1/22) vtstat=1424/21745ms tc=N drp=0mm tcq=0
17:15:22.387 I] [NM]: Control function with address 172 and NAME 000000000000000lx is now offline on channel 197275905.
17:15:22.388 I] [NM]: Control function with address 205 and NAME 000000000000000lx is now offline on channel 198344577.
17:15:22.668 [ISOBUS] addr=0x81 claimed=Y load=10.6% msgs=53246 aiso=1425(1488066ms) xte=0.00m spd=0.00m/s q=0 ggaAge=55 vtgAge=54 xteAge=1488066 xteraw=80:510302FF0F060DFF vt=N(5/22) vtstat=1425/59ms tc=N drp=0mm tcq=0
17:15:22.921 VT: disconnected 20s after having been connected -- forcing reconnect attempt 2 (partner addr=0x26 valid=Y)
17:15:22.923 I] [VT]: VT Client connection has been terminated.
17:15:23.654 [ISOBUS] addr=0x81 claimed=Y load=12.8% msgs=53287 aiso=1426(1489066ms) xte=0.00m spd=0.00m/s q=0 ggaAge=59 vtgAge=58 xteAge=1489066 xteraw=80:510302FF0F060DFF vt=N(5/22) vtstat=1426/55ms tc=N drp=0mm tcq=0
17:15:24.672 [ISOBUS] addr=0x81 claimed=Y load=14.5% msgs=53328 aiso=1427(1490066ms) xte=0.00m spd=0.00m/s q=0 ggaAge=58 vtgAge=56 xteAge=1490066 xteraw=80:510302FF0F060DFF vt=N(5/22) vtstat=1427/59ms tc=N drp=0mm tcq=0
17:15:25.662 [ISOBUS] addr=0x81 claimed=Y load=13.4% msgs=53369 aiso=1428(1491066ms) xte=0.00m spd=0.00m/s q=0 ggaAge=58 vtgAge=56 xteAge=1491066 xteraw=80:510302FF0F060DFF vt=N(5/22) vtstat=1428/59ms tc=N drp=0mm tcq=0
17:15:26.591 E] [VT]: Get Memory Response Timeout
17:15:26.656 [ISOBUS] addr=0x81 claimed=Y load=13.5% msgs=53410 aiso=1429(1492066ms) xte=0.00m spd=0.00m/s q=0 ggaAge=58 vtgAge=58 xteAge=1492066 xteraw=80:510302FF0F060DFF vt=N(22/22) vtstat=1429/55ms tc=N drp=0mm tcq=0
17:15:27.654 [ISOBUS] addr=0x81 claimed=Y load=13.4% msgs=53451 aiso=1430(1493066ms) xte=0.00m spd=0.00m/s q=0 ggaAge=55 vtgAge=54 xteAge=1493066 xteraw=80:510302FF0F060DFF vt=N(22/22) vtstat=1430/59ms tc=N drp=0mm tcq=0
17:15:28.670 [ISOBUS] addr=0x81 claimed=Y load=13.8% msgs=53492 aiso=1431(1494066ms) xte=0.00m spd=0.00m/s q=0 ggaAge=59 vtgAge=58 xteAge=1494066 xteraw=80:510302FF0F060DFF vt=N(22/22) vtstat=1431/55ms tc=N drp=0mm tcq=0
17:15:28.906 W] [PR]: NACK-ing PGN request for PGN 60928 because no callback could handle it.
17:15:29.595 W] [TC]: No response to our request for the language command data, which is unusual.
17:15:29.598 W] [TC]: Falling back to VT for language data.
17:15:29.672 [ISOBUS] addr=0x81 claimed=Y load=13.5% msgs=53533 aiso=1432(1495066ms) xte=0.00m spd=0.00m/s q=0 ggaAge=58 vtgAge=56 xteAge=1495066 xteraw=80:510302FF0F060DFF vt=N(22/22) vtstat=1432/54ms tc=N drp=0mm tcq=0
17:15:29.672 I] [NM]: Control function with address 43 and NAME 000000000000000lx is now offline on channel 203452081.
17:15:29.672 I] [NM]: Control function with address 128 and NAME 000000000000000lx is now offline on channel 203452081.
17:15:29.672 I] [NM]: Control function with address 233 and NAME 000000000000000lx is now offline on channel 203452081.
17:15:29.676 I] [NM]: Control function with address 240 and NAME 000000000000000lx is now offline on channel 197783967.
17:15:29.676 I] [NM]: Control function with address 245 and NAME 000000000000000lx is now offline on channel 203452081.
17:15:29.722 I] [NM]: External control function with name 000000000000000lx has claimed address 203452081 on channel 2147516672.
17:15:29.722 I] [NM]: External control function with name 000000000000000lx has claimed address 197783967 on channel 2684388864.
17:15:30.453 I] [NM]: Control function with address 43 and NAME 000000000000000lx is now offline on channel 203452081.
17:15:30.667 [ISOBUS] addr=0x81 claimed=Y load=14.1% msgs=53574 aiso=1433(1496066ms) xte=0.00m spd=0.00m/s q=0 ggaAge=59 vtgAge=59 xteAge=1496066 xteraw=80:510302FF0F060DFF vt=N(22/22) vtstat=1432/1054ms tc=N drp=0mm tcq=0
17:15:30.918 W] [PR]: NACK-ing PGN request for PGN 60928 because no callback could handle it.
17:15:31.604 I] [VT]: Resetting Failed VT Connection
17:15:31.606 W] [TC]: No response to our request for the language command data, which is unusual.
17:15:31.606 W] [TC]: Falling back to VT for language data.
17:15:31.670 [ISOBUS] addr=0x81 claimed=Y load=13.5% msgs=53615 aiso=1434(1497066ms) xte=0.00m spd=0.00m/s q=0 ggaAge=59 vtgAge=58 xteAge=1497066 xteraw=80:510302FF0F060DFF vt=N(1/22) vtstat=1432/2054ms tc=N drp=0mm tcq=0
17:15:31.697 I] [NM]: Control function with address 240 and NAME 000000000000000lx is now offline on channel 197783967.
17:15:32.670 [ISOBUS] addr=0x81 claimed=Y load=13.7% msgs=53656 aiso=1435(1498066ms) xte=0.00m spd=0.00m/s q=0 ggaAge=59 vtgAge=59 xteAge=1498066 xteraw=80:510302FF0F060DFF vt=N(1/22) vtstat=1432/3054ms tc=N drp=0mm tcq=0
17:15:32.914 W] [PR]: NACK-ing PGN request for PGN 60928 because no callback could handle it.
17:15:32.915 VT: disconnected 30s after having been connected -- forcing reconnect attempt 3 (partner addr=0x26 valid=Y)
17:15:32.915 I] [VT]: VT Client connection has been terminated.
17:15:33.597 W] [TC]: Timeout waiting for language response. Moving on to processing the DDOP anyways.
17:15:33.670 [ISOBUS] addr=0x81 claimed=Y load=13.7% msgs=53697 aiso=1436(1499066ms) xte=0.00m spd=0.00m/s q=0 ggaAge=58 vtgAge=57 xteAge=1499066 xteraw=80:510302FF0F060DFF vt=N(1/22) vtstat=1432/4054ms tc=N drp=0mm tcq=0
17:15:33.670 I] [TC]: DDOP Activated without error.
17:15:34.650 [ISOBUS] addr=0x81 claimed=Y load=20.2% msgs=53738 aiso=1437(1500066ms) xte=0.00m spd=0.00m/s q=0 ggaAge=59 vtgAge=58 xteAge=1500066 xteraw=80:510302FF0F060DFF vt=N(1/22) vtstat=1432/5054ms tc=Y drp=0mm tcq=0
17:15:34.887 W] [PR]: NACK-ing PGN request for PGN 60928 because no callback could handle it.
17:15:35.665 [ISOBUS] addr=0x81 claimed=Y load=13.7% msgs=53779 aiso=1438(1501066ms) xte=0.00m spd=0.00m/s q=0 ggaAge=58 vtgAge=58 xteAge=1501066 xteraw=80:510302FF0F060DFF vt=N(1/22) vtstat=1432/6054ms tc=Y drp=0mm tcq=0
17:15:36.511 I] [NM]: External control function with name 000000000000000lx has claimed address 203452081 on channel 2147516672.
17:15:36.512 I] [NM]: External control function with name 000000000000000lx has claimed address 197783967 on channel 2684388864.
17:15:36.652 [ISOBUS] addr=0x81 claimed=Y load=13.9% msgs=53820 aiso=1439(1502066ms) xte=0.00m spd=0.00m/s q=0 ggaAge=59 vtgAge=58 xteAge=1502066 xteraw=80:510302FF0F060DFF vt=N(1/22) vtstat=1432/7054ms tc=Y drp=0mm tcq=0
17:15:37.122 W] [TP]: Received a Clear to Send (CTS) message with a global destination, ignoring
17:15:37.146 W] [TP]: Received an End of Message Acknowledge message with a global destination, ignoring
17:15:37.272 I] [NM]: Control function with address 43 and NAME 000000000000000lx is now offline on channel 203452081.
17:15:37.660 [ISOBUS] addr=0x81 claimed=Y load=13.9% msgs=53861 aiso=1440(1503066ms) xte=0.00m spd=0.00m/s q=0 ggaAge=58 vtgAge=56 xteAge=1503066 xteraw=80:510302FF0F060DFF vt=N(1/22) vtstat=1432/8054ms tc=Y drp=0mm tcq=0
17:15:38.665 [ISOBUS] addr=0x81 claimed=Y load=14.0% msgs=53902 aiso=1441(1504066ms) xte=0.00m spd=0.00m/s q=0 ggaAge=59 vtgAge=58 xteAge=1504066 xteraw=80:510302FF0F060DFF vt=N(1/22) vtstat=1432/9054ms tc=Y drp=0mm tcq=0
17:15:38.891 W] [PR]: NACK-ing PGN request for PGN 60928 because no callback could handle it.
17:15:38.918 I] [NM]: External control function with name 000000000000000lx has claimed address 198344577 on channel 2684363008.
17:15:38.918 I] [NM]: External control function with name 000000000000000lx has claimed address 197275905 on channel 536876800.
17:15:39.655 I] [NM]: Control function with address 240 and NAME 000000000000000lx is now offline on channel 197783967.
17:15:39.655 [ISOBUS] addr=0x81 claimed=Y load=13.8% msgs=53944 aiso=1442(1505066ms) xte=0.00m spd=0.00m/s q=0 ggaAge=58 vtgAge=54 xteAge=1505066 xteraw=80:510302FF0F060DFF vt=N(1/22) vtstat=1432/10054ms tc=Y drp=0mm tcq=0
17:15:39.908 W] [TP]: Received a Request to Send (RTS) message with a global destination, ignoring
17:15:40.646 [ISOBUS] addr=0x81 claimed=Y load=14.2% msgs=53988 aiso=1443(1506066ms) xte=0.00m spd=0.00m/s q=0 ggaAge=59 vtgAge=59 xteAge=1506066 xteraw=80:510302FF0F060DFF vt=N(1/22) vtstat=1432/11054ms tc=Y drp=0mm tcq=0
17:15:40.906 W] [PR]: NACK-ing PGN request for PGN 60928 because no callback could handle it.
17:15:41.185 W] [TP]: Received a Request to Send (RTS) message with a global destination, ignoring
17:15:41.650 I] [NM]: Control function with address 205 and NAME 000000000000000lx is now offline on channel 198344577.
17:15:41.650 [ISOBUS] addr=0x81 claimed=Y load=14.1% msgs=54029 aiso=1444(1507066ms) xte=0.00m spd=0.00m/s q=0 ggaAge=58 vtgAge=58 xteAge=1507066 xteraw=80:510302FF0F060DFF vt=N(1/22) vtstat=1432/12054ms tc=Y drp=0mm tcq=0
17:15:41.783 I] [NM]: External control function with name 000000000000000lx has claimed address 203452081 on channel 2147516672.
17:15:41.785 I] [NM]: External control function with name 000000000000000lx has claimed address 203452081 on channel 2147516416.
17:15:41.785 I] [NM]: External control function with name 000000000000000lx has claimed address 203452081 on channel 536903720.
17:15:41.785 I] [NM]: External control function with name 000000000000000lx has claimed address 203452081 on channel 2147491072.
17:15:41.832 I] [NM]: External control function with name 000000000000000lx has claimed address 198344577 on channel 2684363008.
17:15:41.832 I] [NM]: External control function with name 000000000000000lx has claimed address 197783967 on channel 2684388864.
17:15:42.457 W] [TP]: Received a Request to Send (RTS) message with a global destination, ignoring
17:15:42.668 I] [VT]: VT Server has a matching label for MW04   . It will be loaded and upload will be skipped.
17:15:42.668 [ISOBUS] addr=0x81 claimed=Y load=14.5% msgs=54072 aiso=1445(1508066ms) xte=0.00m spd=0.00m/s q=0 ggaAge=58 vtgAge=55 xteAge=1508066 xteraw=80:510302FF0F060DFF vt=N(17/22) vtstat=1433/59ms tc=Y drp=0mm tcq=0
17:15:42.917 VT: disconnected 40s after having been connected -- forcing reconnect attempt 4 (partner addr=0x26 valid=Y)
17:15:42.917 I] [VT]: VT Client connection has been terminated.
17:15:43.084 W] [VT]: Load Versions Response ignored!
17:15:43.313 I] [VT]: VT Server has a matching label for MW04   . It will be loaded and upload will be skipped.
17:15:43.585 I] [VT]: Loaded object pool version from VT non-volatile memory with no errors.
17:15:43.585 W] [VT]: Server response to a command timed out
17:15:43.648 [ISOBUS] addr=0x81 claimed=Y load=17.3% msgs=54115 aiso=1446(1509066ms) xte=0.00m spd=0.00m/s q=0 ggaAge=58 vtgAge=58 xteAge=1509066 xteraw=80:510302FF0F060DFF vt=Y(21/22) vtstat=1435/60ms tc=Y drp=0mm tcq=0
17:15:43.714 W] [TP]: Received an Abort message with a global destination, ignoring
17:15:43.753 W] [TP]: Received a Request to Send (RTS) message with a global destination, ignoring
17:15:44.667 [ISOBUS] addr=0x81 claimed=Y load=15.8% msgs=54156 aiso=1447(1510066ms) xte=0.00m spd=0.00m/s q=0 ggaAge=59 vtgAge=59 xteAge=1510066 xteraw=80:510302FF0F060DFF vt=Y(21/22) vtstat=1437/57ms tc=Y drp=0mm tcq=0
17:15:44.667 I] [NM]: Control function with address 43 and NAME 000000000000000lx is now offline on channel 203452081.
17:15:44.670 I] [NM]: Control function with address 128 and NAME 000000000000000lx is now offline on channel 203452081.
17:15:44.670 I] [NM]: Control function with address 205 and NAME 000000000000000lx is now offline on channel 198344577.
17:15:44.670 I] [NM]: Control function with address 233 and NAME 000000000000000lx is now offline on channel 203452081.
17:15:44.671 I] [NM]: Control function with address 240 and NAME 000000000000000lx is now offline on channel 197783967.
17:15:44.671 I] [NM]: Control function with address 245 and NAME 000000000000000lx is now offline on channel 203452081.
17:15:44.903 I] [NM]: External control function with name 000000000000000lx has claimed address 198344577 on channel 2684363008.
17:15:45.000 W] [TP]: Received a Request to Send (RTS) message with a global destination, ignoring
17:15:45.419 W] [TP]: Received a Request to Send (RTS) message with a global destination, ignoring
17:15:45.669 I] [NM]: Control function with address 172 and NAME 000000000000000lx is now offline on channel 197275905.
17:15:45.669 [ISOBUS] addr=0x81 claimed=Y load=15.1% msgs=54203 aiso=1448(1511066ms) xte=0.00m spd=0.00m/s q=0 ggaAge=58 vtgAge=57 xteAge=1511066 xteraw=80:510302FF0F060DFF vt=Y(21/22) vtstat=1438/421ms tc=Y drp=0mm tcq=0
17:15:45.919 I] [NM]: External control function with name 000000000000000lx has claimed address 197275905 on channel 536876800.
17:15:46.273 W] [TP]: Received a Request to Send (RTS) message with a global destination, ignoring
17:15:46.649 [ISOBUS] addr=0x81 claimed=Y load=14.6% msgs=54244 aiso=1449(1512066ms) xte=0.00m spd=0.00m/s q=0 ggaAge=59 vtgAge=58 xteAge=1512066 xteraw=80:510302FF0F060DFF vt=Y(21/22) vtstat=1439/421ms tc=Y drp=0mm tcq=0
17:15:46.649 I] [NM]: Control function with address 205 and NAME 000000000000000lx is now offline on channel 198344577.
17:15:47.672 [ISOBUS] addr=0x81 claimed=Y load=14.5% msgs=54285 aiso=1450(1513066ms) xte=0.00m spd=0.00m/s q=0 ggaAge=58 vtgAge=57 xteAge=1513066 xteraw=80:510302FF0F060DFF vt=Y(21/22) vtstat=1440/420ms tc=Y drp=0mm tcq=0
17:15:48.668 [ISOBUS] addr=0x81 claimed=Y load=14.4% msgs=54326 aiso=1451(1514066ms) xte=0.00m spd=0.00m/s q=0 ggaAge=59 vtgAge=58 xteAge=1514066 xteraw=80:510302FF0F060DFF vt=Y(21/22) vtstat=1441/413ms tc=Y drp=0mm tcq=0
17:15:49.668 [ISOBUS] addr=0x81 claimed=Y load=14.3% msgs=54367 aiso=1452(1515066ms) xte=0.00m spd=0.00m/s q=0 ggaAge=58 vtgAge=57 xteAge=1515066 xteraw=80:510302FF0F060DFF vt=Y(21/22) vtstat=1442/408ms tc=Y drp=0mm tcq=0
17:15:50.652 [ISOBUS] addr=0x81 claimed=Y load=14.8% msgs=54412 aiso=1453(1516066ms) xte=0.00m spd=0.00m/s q=0 ggaAge=58 vtgAge=57 xteAge=1516066 xteraw=80:510302FF0F060DFF vt=Y(21/22) vtstat=1443/408ms tc=Y drp=0mm tcq=0
17:15:51.649 [ISOBUS] addr=0x81 claimed=Y load=14.5% msgs=54453 aiso=1454(1517066ms) xte=0.00m spd=0.00m/s q=0 ggaAge=59 vtgAge=58 xteAge=1517066 xteraw=80:510302FF0F060DFF vt=Y(21/22) vtstat=1444/407ms tc=Y drp=0mm tcq=0
17:15:52.664 [ISOBUS] addr=0x81 claimed=Y load=14.2% msgs=54494 aiso=1455(1518066ms) xte=0.00m spd=0.00m/s q=0 ggaAge=58 vtgAge=58 xteAge=1518066 xteraw=80:510302FF0F060DFF vt=Y(21/22) vtstat=1445/407ms tc=Y drp=0mm tcq=0
17:15:53.650 [ISOBUS] addr=0x81 claimed=Y load=14.5% msgs=54535 aiso=1456(1519066ms) xte=0.00m spd=0.00m/s q=0 ggaAge=59 vtgAge=58 xteAge=1519066 xteraw=80:510302FF0F060DFF vt=Y(21/22) vtstat=1446/407ms tc=Y drp=0mm tcq=0
17:15:53.904 I] [NM]: External control function with name 000000000000000lx has claimed address 198344577 on channel 2684363008.
17:15:54.023 W] [TP]: Received a Request to Send (RTS) message with a global destination, ignoring
17:15:54.661 I] [NM]: Control function with address 172 and NAME 000000000000000lx is now offline on channel 197275905.
17:15:54.661 [ISOBUS] addr=0x81 claimed=Y load=14.5% msgs=54576 aiso=1457(1520066ms) xte=0.00m spd=0.00m/s q=0 ggaAge=58 vtgAge=57 xteAge=1520066 xteraw=80:510302FF0F060DFF vt=Y(21/22) vtstat=1447/406ms tc=Y drp=0mm tcq=0
17:15:54.907 I] [NM]: External control function with name 000000000000000lx has claimed address 197275905 on channel 536876800.
17:15:55.287 W] [TP]: Received an Abort message with a global destination, ignoring
17:15:55.287 W] [TP]: Received a Request to Send (RTS) message with a global destination, ignoring
17:15:55.671 I] [NM]: Control function with address 205 and NAME 000000000000000lx is now offline on channel 198344577.
17:15:55.671 [ISOBUS] addr=0x81 claimed=Y load=14.5% msgs=54617 aiso=1458(1521066ms) xte=0.00m spd=0.00m/s q=0 ggaAge=58 vtgAge=58 xteAge=1521066 xteraw=80:510302FF0F060DFF vt=Y(21/22) vtstat=1448/406ms tc=Y drp=0mm tcq=0
17:15:56.647 [ISOBUS] addr=0x81 claimed=Y load=14.3% msgs=54658 aiso=1459(1522066ms) xte=0.00m spd=0.00m/s q=0 ggaAge=58 vtgAge=58 xteAge=1522066 xteraw=80:510302FF0F060DFF vt=Y(21/22) vtstat=1449/406ms tc=Y drp=0mm tcq=0
17:15:57.672 [ISOBUS] addr=0x81 claimed=Y load=14.3% msgs=54699 aiso=1460(1523066ms) xte=0.00m spd=0.00m/s q=0 ggaAge=59 vtgAge=58 xteAge=1523066 xteraw=80:510302FF0F060DFF vt=Y(21/22) vtstat=1450/405ms tc=Y drp=0mm tcq=0
17:15:58.649 [ISOBUS] addr=0x81 claimed=Y load=14.3% msgs=54740 aiso=1461(1524066ms) xte=0.00m spd=0.00m/s q=0 ggaAge=58 vtgAge=58 xteAge=1524066 xteraw=80:510302FF0F060DFF vt=Y(21/22) vtstat=1451/405ms tc=Y drp=0mm tcq=0
17:15:58.898 I] [NM]: External control function with name 000000000000000lx has claimed address 198344577 on channel 2684363008.
17:15:59.134 W] [TP]: Received an Abort message with a global destination, ignoring
17:15:59.134 W] [TP]: Received a Request to Send (RTS) message with a global destination, ignoring
17:15:59.648 [ISOBUS] addr=0x81 claimed=Y load=14.7% msgs=54781 aiso=1462(1525066ms) xte=0.00m spd=0.00m/s q=0 ggaAge=58 vtgAge=58 xteAge=1525066 xteraw=80:510302FF0F060DFF vt=Y(21/22) vtstat=1452/404ms tc=Y drp=0mm tcq=0
17:16:00.403 W] [TP]: Received a Request to Send (RTS) message with a global destination, ignoring
17:16:00.670 [ISOBUS] addr=0x81 claimed=Y load=14.8% msgs=54826 aiso=1463(1526066ms) xte=0.00m spd=0.00m/s q=0 ggaAge=59 vtgAge=58 xteAge=1526066 xteraw=80:510302FF0F060DFF vt=Y(21/22) vtstat=1453/404ms tc=Y drp=0mm tcq=0
17:16:01.649 I] [NM]: Control function with address 205 and NAME 000000000000000lx is now offline on channel 198344577.
17:16:01.678 [ISOBUS] addr=0x81 claimed=Y load=14.3% msgs=54867 aiso=1464(1527066ms) xte=0.00m spd=0.00m/s q=0 ggaAge=59 vtgAge=58 xteAge=1527066 xteraw=80:510302FF0F060DFF vt=Y(21/22) vtstat=1454/404ms tc=Y drp=0mm tcq=0
17:16:02.666 [ISOBUS] addr=0x81 claimed=Y load=14.3% msgs=54908 aiso=1465(1528066ms) xte=0.00m spd=0.00m/s q=0 ggaAge=59 vtgAge=58 xteAge=1528066 xteraw=80:510302FF0F060DFF vt=Y(21/22) vtstat=1455/403ms tc=Y drp=0mm tcq=0
17:16:02.915 I] [NM]: External control function with name 000000000000000lx has claimed address 198344577 on channel 2684363008.
17:16:02.981 W] [TP]: Received an Abort message with a global destination, ignoring
17:16:02.984 W] [TP]: Received a Request to Send (RTS) message with a global destination, ignoring
17:16:03.656 [ISOBUS] addr=0x81 claimed=Y load=14.7% msgs=54949 aiso=1466(1529066ms) xte=0.00m spd=0.00m/s q=0 ggaAge=58 vtgAge=57 xteAge=1529066 xteraw=80:510302FF0F060DFF vt=Y(21/22) vtstat=1456/403ms tc=Y drp=0mm tcq=0
17:16:04.261 W] [TP]: Received a Request to Send (RTS) message with a global destination, ignoring
17:16:04.664 [ISOBUS] addr=0x81 claimed=Y load=14.3% msgs=54990 aiso=1467(1530066ms) xte=0.00m spd=0.00m/s q=0 ggaAge=59 vtgAge=58 xteAge=1530066 xteraw=80:510302FF0F060DFF vt=Y(21/22) vtstat=1457/403ms tc=Y drp=0mm tcq=0
17:16:05.548 W] [TP]: Received a Request to Send (RTS) message with a global destination, ignoring
17:16:05.670 [ISOBUS] addr=0x81 claimed=Y load=14.5% msgs=55031 aiso=1468(1531066ms) xte=0.00m spd=0.00m/s q=0 ggaAge=59 vtgAge=58 xteAge=1531066 xteraw=80:510302FF0F060DFF vt=Y(21/22) vtstat=1458/402ms tc=Y drp=0mm tcq=0
17:16:05.670 I] [NM]: Control function with address 205 and NAME 000000000000000lx is now offline on channel 198344577.
17:16:06.682 [ISOBUS] addr=0x81 claimed=Y load=14.2% msgs=55072 aiso=1469(1532066ms) xte=0.00m spd=0.00m/s q=0 ggaAge=60 vtgAge=59 xteAge=1532066 xteraw=80:510302FF0F060DFF vt=Y(21/22) vtstat=1459/402ms tc=Y drp=0mm tcq=0
17:16:07.671 [ISOBUS] addr=0x81 claimed=Y load=14.5% msgs=55113 aiso=1470(1533066ms) xte=0.00m spd=0.00m/s q=0 ggaAge=58 vtgAge=58 xteAge=1533066 xteraw=80:510302FF0F060DFF vt=Y(21/22) vtstat=1460/402ms tc=Y drp=0mm tcq=0
17:16:07.919 I] [NM]: External control function with name 000000000000000lx has claimed address 198344577 on channel 2684363008.
17:16:08.080 W] [TP]: Received a Request to Send (RTS) message with a global destination, ignoring
17:16:08.663 I] [NM]: Control function with address 172 and NAME 000000000000000lx is now offline on channel 197275905.
17:16:08.663 [ISOBUS] addr=0x81 claimed=Y load=14.4% msgs=55154 aiso=1471(1534066ms) xte=0.00m spd=0.00m/s q=0 ggaAge=59 vtgAge=59 xteAge=1534066 xteraw=80:510302FF0F060DFF vt=Y(21/22) vtstat=1461/402ms tc=Y drp=0mm tcq=0
17:16:08.922 I] [NM]: External control function with name 000000000000000lx has claimed address 197275905 on channel 536876800.
17:16:09.366 W] [TP]: Received a Request to Send (RTS) message with a global destination, ignoring
17:16:09.671 [ISOBUS] addr=0x81 claimed=Y load=14.4% msgs=55195 aiso=1472(1535066ms) xte=0.00m spd=0.00m/s q=0 ggaAge=59 vtgAge=58 xteAge=1535066 xteraw=80:510302FF0F060DFF vt=Y(21/22) vtstat=1462/401ms tc=Y drp=0mm tcq=0
17:16:09.671 I] [NM]: Control function with address 205 and NAME 000000000000000lx is now offline on channel 198344577.
17:16:10.651 [ISOBUS] addr=0x81 claimed=Y load=14.6% msgs=55240 aiso=1473(1536066ms) xte=0.00m spd=0.00m/s q=0 ggaAge=59 vtgAge=59 xteAge=1536066 xteraw=80:510302FF0F080DFF vt=Y(21/22) vtstat=1463/401ms tc=Y drp=0mm tcq=0
17:16:11.664 [ISOBUS] addr=0x81 claimed=Y load=14.4% msgs=55281 aiso=1474(1537066ms) xte=0.00m spd=0.00m/s q=0 ggaAge=58 vtgAge=57 xteAge=1537066 xteraw=80:510302FF0F080DFF vt=Y(21/22) vtstat=1464/400ms tc=Y drp=0mm tcq=0
17:16:11.910 I] [NM]: External control function with name 000000000000000lx has claimed address 198344577 on channel 2684363008.
17:16:11.951 W] [TP]: Received a Request to Send (RTS) message with a global destination, ignoring
17:16:12.667 I] [NM]: Control function with address 172 and NAME 000000000000000lx is now offline on channel 197275905.
17:16:12.667 [ISOBUS] addr=0x81 claimed=Y load=14.4% msgs=55322 aiso=1475(1538066ms) xte=0.00m spd=0.00m/s q=0 ggaAge=58 vtgAge=58 xteAge=1538066 xteraw=80:510302FF0F080DFF vt=Y(21/22) vtstat=1465/400ms tc=Y drp=0mm tcq=0
17:16:12.908 I] [NM]: External control function with name 000000000000000lx has claimed address 197275905 on channel 536876800.
17:16:13.207 W] [TP]: Received a Request to Send (RTS) message with a global destination, ignoring
17:16:13.659 I] [NM]: Control function with address 205 and NAME 000000000000000lx is now offline on channel 198344577.
17:16:13.659 [ISOBUS] addr=0x81 claimed=Y load=14.4% msgs=55363 aiso=1476(1539066ms) xte=0.00m spd=0.00m/s q=0 ggaAge=59 vtgAge=58 xteAge=1539066 xteraw=80:510302FF0F080DFF vt=Y(21/22) vtstat=1466/400ms tc=Y drp=0mm tcq=0
17:16:14.671 [ISOBUS] addr=0x81 claimed=Y load=14.2% msgs=55404 aiso=1477(1540066ms) xte=0.00m spd=0.00m/s q=0 ggaAge=59 vtgAge=58 xteAge=1540066 xteraw=80:510302FF0F080DFF vt=Y(21/22) vtstat=1467/399ms tc=Y drp=0mm tcq=0
17:16:15.649 [ISOBUS] addr=0x81 claimed=Y load=14.1% msgs=55445 aiso=1478(1541066ms) xte=0.00m spd=0.00m/s q=0 ggaAge=59 vtgAge=59 xteAge=1541066 xteraw=80:510302FF0F080DFF vt=Y(21/22) vtstat=1468/399ms tc=Y drp=0mm tcq=0
17:16:15.902 I] [NM]: External control function with name 000000000000000lx has claimed address 198344577 on channel 2684363008.
17:16:16.670 I] [NM]: Control function with address 172 and NAME 000000000000000lx is now offline on channel 197275905.
17:16:16.670 [ISOBUS] addr=0x81 claimed=Y load=14.1% msgs=55486 aiso=1479(1542066ms) xte=0.00m spd=0.00m/s q=0 ggaAge=59 vtgAge=58 xteAge=1542066 xteraw=80:510302FF0F080DFF vt=Y(21/22) vtstat=1469/399ms tc=Y drp=0mm tcq=0
17:16:16.918 I] [NM]: External control function with name 000000000000000lx has claimed address 197275905 on channel 536876800.
17:16:17.672 I] [NM]: Control function with address 205 and NAME 000000000000000lx is now offline on channel 198344577.
17:16:17.674 [ISOBUS] addr=0x81 claimed=Y load=14.1% msgs=55527 aiso=1480(1543066ms) xte=0.00m spd=0.00m/s q=0 ggaAge=59 vtgAge=59 xteAge=1543066 xteraw=80:510302FF0F080DFF vt=Y(21/22) vtstat=1470/398ms tc=Y drp=0mm tcq=0
17:16:17.924 I] [NM]: External control function with name 000000000000000lx has claimed address 198344577 on channel 2684363008.
17:16:18.654 I] [NM]: Control function with address 172 and NAME 000000000000000lx is now offline on channel 197275905.
17:16:18.654 [ISOBUS] addr=0x81 claimed=Y load=14.1% msgs=55568 aiso=1481(1544066ms) xte=0.00m spd=0.00m/s q=0 ggaAge=58 vtgAge=58 xteAge=1544066 xteraw=80:510302FF0F080DFF vt=Y(21/22) vtstat=1471/398ms tc=Y drp=0mm tcq=0
17:16:18.893 I] [NM]: External control function with name 000000000000000lx has claimed address 197275905 on channel 536876800.
17:16:19.662 I] [NM]: Control function with address 205 and NAME 000000000000000lx is now offline on channel 198344577.
17:16:19.662 [ISOBUS] addr=0x81 claimed=Y load=14.1% msgs=55609 aiso=1482(1545066ms) xte=0.00m spd=0.00m/s q=0 ggaAge=59 vtgAge=58 xteAge=1545066 xteraw=80:510302FF0F080DFF vt=Y(21/22) vtstat=1472/398ms tc=Y drp=0mm tcq=0
17:16:20.657 [ISOBUS] addr=0x81 claimed=Y load=14.4% msgs=55654 aiso=1483(1546066ms) xte=0.00m spd=0.00m/s q=0 ggaAge=59 vtgAge=58 xteAge=1546066 xteraw=80:510302FF0F080DFF vt=Y(21/22) vtstat=1473/397ms tc=Y drp=0mm tcq=0
17:16:20.898 I] [NM]: External control function with name 000000000000000lx has claimed address 198344577 on channel 2684363008.
17:16:21.650 [ISOBUS] addr=0x81 claimed=Y load=14.3% msgs=55695 aiso=1484(1547066ms) xte=0.00m spd=0.00m/s q=0 ggaAge=59 vtgAge=58 xteAge=1547066 xteraw=80:510302FF0F080DFF vt=Y(21/22) vtstat=1474/397ms tc=Y drp=0mm tcq=0
17:16:22.659 [ISOBUS] addr=0x81 claimed=Y load=14.0% msgs=55736 aiso=1485(1548066ms) xte=0.00m spd=0.00m/s q=0 ggaAge=59 vtgAge=59 xteAge=1548066 xteraw=80:510302FF0F080DFF vt=Y(21/22) vtstat=1475/397ms tc=Y drp=0mm tcq=0
17:16:23.662 [ISOBUS] addr=0x81 claimed=Y load=14.3% msgs=55777 aiso=1486(1549066ms) xte=0.00m spd=0.00m/s q=0 ggaAge=59 vtgAge=59 xteAge=1549066 xteraw=80:510302FF0F060DFF vt=Y(21/22) vtstat=1476/396ms tc=Y drp=0mm tcq=0
17:16:24.655 [ISOBUS] addr=0x81 claimed=Y load=14.0% msgs=55818 aiso=1487(1550066ms) xte=0.00m spd=0.00m/s q=0 ggaAge=59 vtgAge=59 xteAge=1550066 xteraw=80:510302FF0F060DFF vt=Y(21/22) vtstat=1477/396ms tc=Y drp=0mm tcq=0
17:16:25.658 [ISOBUS] addr=0x81 claimed=Y load=14.3% msgs=55859 aiso=1488(1551066ms) xte=0.00m spd=0.00m/s q=0 ggaAge=59 vtgAge=58 xteAge=1551066 xteraw=80:510302FF0F060DFF vt=Y(21/22) vtstat=1478/396ms tc=Y drp=0mm tcq=0
17:16:26.673 [ISOBUS] addr=0x81 claimed=Y load=14.0% msgs=55900 aiso=1489(1552066ms) xte=0.00m spd=0.00m/s q=0 ggaAge=59 vtgAge=59 xteAge=1552066 xteraw=80:510302FF0F060DFF vt=Y(21/22) vtstat=1479/395ms tc=Y drp=0mm tcq=0
17:16:27.658 [ISOBUS] addr=0x81 claimed=Y load=14.3% msgs=55941 aiso=1490(1553066ms) xte=0.00m spd=0.00m/s q=0 ggaAge=58 vtgAge=58 xteAge=1553066 xteraw=80:510302FF0F060DFF vt=Y(21/22) vtstat=1480/395ms tc=Y drp=0mm tcq=0
17:16:28.672 [ISOBUS] addr=0x81 claimed=Y load=14.0% msgs=55982 aiso=1491(1554066ms) xte=0.00m spd=0.00m/s q=0 ggaAge=59 vtgAge=58 xteAge=1554066 xteraw=80:510302FF0F060DFF vt=Y(21/22) vtstat=1481/395ms tc=Y drp=0mm tcq=0
17:16:29.656 [ISOBUS] addr=0x81 claimed=Y load=14.3% msgs=56023 aiso=1492(1555066ms) xte=0.00m spd=0.00m/s q=0 ggaAge=59 vtgAge=59 xteAge=1555066 xteraw=80:510302FF0F060DFF vt=Y(21/22) vtstat=1482/394ms tc=Y drp=0mm tcq=0
17:16:30.648 [ISOBUS] addr=0x81 claimed=Y load=14.4% msgs=56068 aiso=1493(1556066ms) xte=0.00m spd=0.00m/s q=0 ggaAge=59 vtgAge=58 xteAge=1556066 xteraw=80:510302FF0F060DFF vt=Y(21/22) vtstat=1483/394ms tc=Y drp=0mm tcq=0
17:16:31.655 [ISOBUS] addr=0x81 claimed=Y load=14.3% msgs=56109 aiso=1494(1557066ms) xte=0.00m spd=0.00m/s q=0 ggaAge=59 vtgAge=58 xteAge=1557066 xteraw=80:510302FF0F060DFF vt=Y(21/22) vtstat=1484/393ms tc=Y drp=0mm tcq=0
17:16:32.664 [ISOBUS] addr=0x81 claimed=Y load=14.0% msgs=56150 aiso=1495(1558066ms) xte=0.00m spd=0.00m/s q=0 ggaAge=59 vtgAge=58 xteAge=1558066 xteraw=80:510302FF0F060DFF vt=Y(21/22) vtstat=1485/393ms tc=Y drp=0mm tcq=0
17:16:33.669 [ISOBUS] addr=0x81 claimed=Y load=14.3% msgs=56191 aiso=1496(1559066ms) xte=0.00m spd=0.00m/s q=0 ggaAge=60 vtgAge=59 xteAge=1559066 xteraw=80:510302FF0F060DFF vt=Y(21/22) vtstat=1486/393ms tc=Y drp=0mm tcq=0
17:16:34.660 [ISOBUS] addr=0x81 claimed=Y load=14.0% msgs=56232 aiso=1497(1560066ms) xte=0.00m spd=0.00m/s q=0 ggaAge=59 vtgAge=59 xteAge=1560066 xteraw=80:510302FF0F060DFF vt=Y(21/22) vtstat=1487/392ms tc=Y drp=0mm tcq=0
17:16:35.658 [ISOBUS] addr=0x81 claimed=Y load=14.3% msgs=56273 aiso=1498(1561066ms) xte=0.00m spd=0.00m/s q=0 ggaAge=60 vtgAge=59 xteAge=1561066 xteraw=80:510302FF0F060DFF vt=Y(21/22) vtstat=1488/392ms tc=Y drp=0mm tcq=0
17:16:36.666 [ISOBUS] addr=0x81 claimed=Y load=14.0% msgs=56314 aiso=1499(1562066ms) xte=0.00m spd=0.00m/s q=0 ggaAge=60 vtgAge=59 xteAge=1562066 xteraw=80:510302FF0F060DFF vt=Y(21/22) vtstat=1489/392ms tc=Y drp=0mm tcq=0
17:16:37.668 [ISOBUS] addr=0x81 claimed=Y load=14.3% msgs=56355 aiso=1500(1563066ms) xte=0.00m spd=0.00m/s q=0 ggaAge=59 vtgAge=58 xteAge=1563066 xteraw=80:510302FF0F060DFF vt=Y(21/22) vtstat=1490/391ms tc=Y drp=0mm tcq=0
17:16:38.674 [ISOBUS] addr=0x81 claimed=Y load=14.0% msgs=56396 aiso=1501(1564066ms) xte=0.00m spd=0.00m/s q=0 ggaAge=59 vtgAge=59 xteAge=1564066 xteraw=80:510302FF0F060DFF vt=Y(21/22) vtstat=1491/391ms tc=Y drp=0mm tcq=0
17:16:39.670 [ISOBUS] addr=0x81 claimed=Y load=14.3% msgs=56437 aiso=1502(1565066ms) xte=0.00m spd=0.00m/s q=0 ggaAge=59 vtgAge=59 xteAge=1565066 xteraw=80:510302FF0F060DFF vt=Y(21/22) vtstat=1492/391ms tc=Y drp=0mm tcq=0
17:16:40.656 [ISOBUS] addr=0x81 claimed=Y load=14.4% msgs=56482 aiso=1503(1566066ms) xte=0.00m spd=0.00m/s q=0 ggaAge=60 vtgAge=59 xteAge=1566066 xteraw=80:510302FF0F060DFF vt=Y(21/22) vtstat=1493/390ms tc=Y drp=0mm tcq=0
17:16:41.657 [ISOBUS] addr=0x81 claimed=Y load=14.3% msgs=56523 aiso=1504(1567066ms) xte=0.00m spd=0.00m/s q=0 ggaAge=59 vtgAge=59 xteAge=1567066 xteraw=80:510302FF0D060BFF vt=Y(21/22) vtstat=1494/390ms tc=Y drp=0mm tcq=0
17:16:42.657 [ISOBUS] addr=0x81 claimed=Y load=14.0% msgs=56564 aiso=1505(1568066ms) xte=0.00m spd=0.00m/s q=0 ggaAge=59 vtgAge=59 xteAge=1568066 xteraw=80:510302FF0D060BFF vt=Y(21/22) vtstat=1495/390ms tc=Y drp=0mm tcq=0
17:16:43.666 [ISOBUS] addr=0x81 claimed=Y load=14.3% msgs=56605 aiso=1506(1569066ms) xte=0.00m spd=0.00m/s q=0 ggaAge=59 vtgAge=59 xteAge=1569066 xteraw=80:510302FF0D060BFF vt=Y(21/22) vtstat=1496/389ms tc=Y drp=0mm tcq=0
17:16:44.666 [ISOBUS] addr=0x81 claimed=Y load=14.0% msgs=56646 aiso=1507(1570066ms) xte=0.00m spd=0.00m/s q=0 ggaAge=59 vtgAge=58 xteAge=1570066 xteraw=80:510302FF0D060BFF vt=Y(21/22) vtstat=1497/389ms tc=Y drp=0mm tcq=0
17:16:45.663 [ISOBUS] addr=0x81 claimed=Y load=14.3% msgs=56687 aiso=1508(1571066ms) xte=0.00m spd=0.00m/s q=0 ggaAge=60 vtgAge=59 xteAge=1571066 xteraw=80:510302FF0D060BFF vt=Y(21/22) vtstat=1498/389ms tc=Y drp=0mm tcq=0
17:16:46.658 [ISOBUS] addr=0x81 claimed=Y load=14.0% msgs=56728 aiso=1509(1572066ms) xte=0.00m spd=0.00m/s q=0 ggaAge=60 vtgAge=59 xteAge=1572066 xteraw=80:510302FF0D060BFF vt=Y(21/22) vtstat=1499/388ms tc=Y drp=0mm tcq=0
17:16:47.654 [ISOBUS] addr=0x81 claimed=Y load=14.3% msgs=56769 aiso=1510(1573066ms) xte=0.00m spd=0.00m/s q=0 ggaAge=59 vtgAge=59 xteAge=1573066 xteraw=80:510302FF0D060BFF vt=Y(21/22) vtstat=1500/388ms tc=Y drp=0mm tcq=0
17:16:48.672 [ISOBUS] addr=0x81 claimed=Y load=13.9% msgs=56810 aiso=1511(1574066ms) xte=0.00m spd=0.00m/s q=0 ggaAge=59 vtgAge=58 xteAge=1574066 xteraw=80:510302FF0D060BFF vt=Y(21/22) vtstat=1501/388ms tc=Y drp=0mm tcq=0
17:16:49.655 [ISOBUS] addr=0x81 claimed=Y load=14.3% msgs=56851 aiso=1512(1575066ms) xte=0.00m spd=0.00m/s q=0 ggaAge=60 vtgAge=59 xteAge=1575066 xteraw=80:510302FF0D060BFF vt=Y(21/22) vtstat=1502/387ms tc=Y drp=0mm tcq=0
17:16:50.653 [ISOBUS] addr=0x81 claimed=Y load=14.4% msgs=56896 aiso=1513(1576066ms) xte=0.00m spd=0.00m/s q=0 ggaAge=60 vtgAge=59 xteAge=1576066 xteraw=80:510302FF0D060BFF vt=Y(21/22) vtstat=1503/387ms tc=Y drp=0mm tcq=0
17:16:51.653 [ISOBUS] addr=0x81 claimed=Y load=14.2% msgs=56937 aiso=1514(1577066ms) xte=0.00m spd=0.00m/s q=0 ggaAge=60 vtgAge=59 xteAge=1577066 xteraw=80:510302FF0D060BFF vt=Y(21/22) vtstat=1504/387ms tc=Y drp=0mm tcq=0
17:16:52.650 [ISOBUS] addr=0x81 claimed=Y load=14.0% msgs=56978 aiso=1515(1578066ms) xte=0.00m spd=0.00m/s q=0 ggaAge=60 vtgAge=60 xteAge=1578066 xteraw=80:510302FF0D060BFF vt=Y(21/22) vtstat=1505/386ms tc=Y drp=0mm tcq=0
17:16:53.653 [ISOBUS] addr=0x81 claimed=Y load=14.3% msgs=57019 aiso=1516(1579066ms) xte=0.00m spd=0.00m/s q=0 ggaAge=60 vtgAge=59 xteAge=1579066 xteraw=80:510302FF0D060BFF vt=Y(21/22) vtstat=1506/386ms tc=Y drp=0mm tcq=0
17:16:53.653 I] [NM]: Control function with address 205 and NAME 000000000000000lx is now offline on channel 198344577.
17:16:54.668 [ISOBUS] addr=0x81 claimed=Y load=14.0% msgs=57060 aiso=1517(1580066ms) xte=0.00m spd=0.00m/s q=0 ggaAge=60 vtgAge=59 xteAge=1580066 xteraw=80:510302FF0D060BFF vt=Y(21/22) vtstat=1507/386ms tc=Y drp=0mm tcq=0
17:16:55.040 I] [NM]: External control function with name 000000000000000lx has claimed address 198344577 on channel 2684363008.
17:16:55.649 [ISOBUS] addr=0x81 claimed=Y load=14.3% msgs=57101 aiso=1518(1581066ms) xte=0.00m spd=0.00m/s q=0 ggaAge=59 vtgAge=59 xteAge=1581066 xteraw=80:510302FF0D060BFF vt=Y(21/22) vtstat=1508/385ms tc=Y drp=0mm tcq=0
17:16:56.658 [ISOBUS] addr=0x81 claimed=Y load=14.0% msgs=57142 aiso=1519(1582066ms) xte=0.00m spd=0.00m/s q=0 ggaAge=60 vtgAge=59 xteAge=1582066 xteraw=80:510302FF0D060BFF vt=Y(21/22) vtstat=1509/385ms tc=Y drp=0mm tcq=0
17:16:57.676 [ISOBUS] addr=0x81 claimed=Y load=14.3% msgs=57183 aiso=1520(1583066ms) xte=0.00m spd=0.00m/s q=0 ggaAge=60 vtgAge=59 xteAge=1583066 xteraw=80:510302FF0D060BFF vt=Y(21/22) vtstat=1510/385ms tc=Y drp=0mm tcq=0
17:16:58.652 [ISOBUS] addr=0x81 claimed=Y load=14.0% msgs=57224 aiso=1521(1584066ms) xte=0.00m spd=0.00m/s q=0 ggaAge=60 vtgAge=59 xteAge=1584066 xteraw=80:510302FF0D060BFF vt=Y(21/22) vtstat=1511/384ms tc=Y drp=0mm tcq=0
17:16:59.651 [ISOBUS] addr=0x81 claimed=Y load=14.3% msgs=57265 aiso=1522(1585066ms) xte=0.00m spd=0.00m/s q=0 ggaAge=60 vtgAge=59 xteAge=1585066 xteraw=80:510302FF0D060BFF vt=Y(21/22) vtstat=1512/384ms tc=Y drp=0mm tcq=0
17:17:00.667 [ISOBUS] addr=0x81 claimed=Y load=14.4% msgs=57310 aiso=1523(1586066ms) xte=0.00m spd=0.00m/s q=0 ggaAge=59 vtgAge=58 xteAge=1586066 xteraw=80:510302FF0D060BFF vt=Y(21/22) vtstat=1513/383ms tc=Y drp=0mm tcq=0
17:17:01.674 I] [NM]: Control function with address 205 and NAME 000000000000000lx is now offline on channel 198344577.
17:17:01.674 [ISOBUS] addr=0x81 claimed=Y load=14.3% msgs=57351 aiso=1524(1587066ms) xte=0.00m spd=0.00m/s q=0 ggaAge=60 vtgAge=60 xteAge=1587066 xteraw=80:510302FF0D060BFF vt=Y(21/22) vtstat=1514/383ms tc=Y drp=0mm tcq=0
17:17:02.665 [ISOBUS] addr=0x81 claimed=Y load=14.0% msgs=57392 aiso=1525(1588066ms) xte=0.00m spd=0.00m/s q=0 ggaAge=60 vtgAge=59 xteAge=1588066 xteraw=80:510302FF0D060BFF vt=Y(21/22) vtstat=1515/383ms tc=Y drp=0mm tcq=0
17:17:02.899 I] [NM]: External control function with name 000000000000000lx has claimed address 198344577 on channel 2684363008.
17:17:03.654 [ISOBUS] addr=0x81 claimed=Y load=14.3% msgs=57433 aiso=1526(1589066ms) xte=0.00m spd=0.00m/s q=0 ggaAge=59 vtgAge=59 xteAge=1589066 xteraw=80:510302FF0D060BFF vt=Y(21/22) vtstat=1516/382ms tc=Y drp=0mm tcq=0
17:17:04.668 [ISOBUS] addr=0x81 claimed=Y load=14.0% msgs=57474 aiso=1527(1590066ms) xte=0.00m spd=0.00m/s q=0 ggaAge=60 vtgAge=59 xteAge=1590066 xteraw=80:510302FF0D060BFF vt=Y(21/22) vtstat=1517/382ms tc=Y drp=0mm tcq=0
17:17:05.672 [ISOBUS] addr=0x81 claimed=Y load=14.3% msgs=57515 aiso=1528(1591066ms) xte=0.00m spd=0.00m/s q=0 ggaAge=60 vtgAge=60 xteAge=1591066 xteraw=80:510302FF0D060BFF vt=Y(21/22) vtstat=1518/381ms tc=Y drp=0mm tcq=0
17:17:06.661 [ISOBUS] addr=0x81 claimed=Y load=14.0% msgs=57556 aiso=1529(1592066ms) xte=0.00m spd=0.00m/s q=0 ggaAge=58 vtgAge=57 xteAge=1592066 xteraw=80:510302FF0D060BFF vt=Y(21/22) vtstat=1519/381ms tc=Y drp=0mm tcq=0
17:17:07.666 [ISOBUS] addr=0x81 claimed=Y load=14.3% msgs=57597 aiso=1530(1593066ms) xte=0.00m spd=0.00m/s q=0 ggaAge=59 vtgAge=58 xteAge=1593066 xteraw=80:510302FF0D060BFF vt=Y(21/22) vtstat=1520/381ms tc=Y drp=0mm tcq=0
17:17:08.677 [ISOBUS] addr=0x81 claimed=Y load=14.0% msgs=57638 aiso=1531(1594066ms) xte=0.00m spd=0.00m/s q=0 ggaAge=59 vtgAge=58 xteAge=1594066 xteraw=80:510302FF0D060BFF vt=Y(21/22) vtstat=1521/580ms tc=Y drp=0mm tcq=0
17:17:09.672 [ISOBUS] addr=0x81 claimed=Y load=14.3% msgs=57679 aiso=1532(1595066ms) xte=0.00m spd=0.00m/s q=0 ggaAge=60 vtgAge=59 xteAge=1595066 xteraw=80:510302FF0D060BFF vt=Y(21/22) vtstat=1522/580ms tc=Y drp=0mm tcq=0
17:17:10.666 [ISOBUS] addr=0x81 claimed=Y load=14.4% msgs=57724 aiso=1533(1596066ms) xte=0.00m spd=0.00m/s q=0 ggaAge=51 vtgAge=51 xteAge=1596066 xteraw=80:510302FF0D060BFF vt=Y(21/22) vtstat=1523/580ms tc=Y drp=0mm tcq=0
17:17:11.671 [ISOBUS] addr=0x81 claimed=Y load=14.3% msgs=57765 aiso=1534(1597066ms) xte=0.00m spd=0.00m/s q=0 ggaAge=60 vtgAge=59 xteAge=1597066 xteraw=80:510302FF0D060BFF vt=Y(21/22) vtstat=1524/579ms tc=Y drp=0mm tcq=0
17:17:12.682 [ISOBUS] addr=0x81 claimed=Y load=14.0% msgs=57806 aiso=1535(1598066ms) xte=0.00m spd=0.00m/s q=0 ggaAge=60 vtgAge=59 xteAge=1598066 xteraw=80:510302FF0D060BFF vt=Y(21/22) vtstat=1525/579ms tc=Y drp=0mm tcq=0
17:17:13.653 [ISOBUS] addr=0x81 claimed=Y load=14.3% msgs=57847 aiso=1536(1599066ms) xte=0.00m spd=0.00m/s q=0 ggaAge=60 vtgAge=59 xteAge=1599066 xteraw=80:510302FF0D060BFF vt=Y(21/22) vtstat=1526/579ms tc=Y drp=0mm tcq=0
17:17:14.670 [ISOBUS] addr=0x81 claimed=Y load=14.0% msgs=57888 aiso=1537(1600066ms) xte=0.00m spd=0.00m/s q=0 ggaAge=60 vtgAge=60 xteAge=1600066 xteraw=80:510302FF0D060BFF vt=Y(21/22) vtstat=1527/578ms tc=Y drp=0mm tcq=0
17:17:15.679 [ISOBUS] addr=0x81 claimed=Y load=14.3% msgs=57929 aiso=1538(1601066ms) xte=0.00m spd=0.00m/s q=0 ggaAge=59 vtgAge=59 xteAge=1601066 xteraw=80:510302FF0D060BFF vt=Y(21/22) vtstat=1528/578ms tc=Y drp=0mm tcq=0
17:17:16.670 [ISOBUS] addr=0x81 claimed=Y load=14.0% msgs=57970 aiso=1539(1602066ms) xte=0.00m spd=0.00m/s q=0 ggaAge=58 vtgAge=58 xteAge=1602066 xteraw=80:510302FF0D060BFF vt=Y(21/22) vtstat=1529/578ms tc=Y drp=0mm tcq=0
17:17:17.668 [ISOBUS] addr=0x81 claimed=Y load=14.3% msgs=58011 aiso=1540(1603066ms) xte=0.00m spd=0.00m/s q=0 ggaAge=48 vtgAge=47 xteAge=1603066 xteraw=80:510302FF0D060BFF vt=Y(21/22) vtstat=1530/577ms tc=Y drp=0mm tcq=0
17:17:18.673 [ISOBUS] addr=0x81 claimed=Y load=14.0% msgs=58052 aiso=1541(1604066ms) xte=0.00m spd=0.00m/s q=0 ggaAge=60 vtgAge=59 xteAge=1604066 xteraw=80:510302FF0D060BFF vt=Y(21/22) vtstat=1531/577ms tc=Y drp=0mm tcq=0
17:17:19.661 [ISOBUS] addr=0x81 claimed=Y load=14.3% msgs=58093 aiso=1542(1605066ms) xte=0.00m spd=0.00m/s q=0 ggaAge=60 vtgAge=60 xteAge=1605066 xteraw=80:510302FF0D060BFF vt=Y(21/22) vtstat=1532/577ms tc=Y drp=0mm tcq=0
17:17:20.656 [ISOBUS] addr=0x81 claimed=Y load=14.4% msgs=58138 aiso=1543(1606066ms) xte=0.00m spd=0.00m/s q=0 ggaAge=61 vtgAge=60 xteAge=1606066 xteraw=80:510302FF0D060BFF vt=Y(21/22) vtstat=1533/576ms tc=Y drp=0mm tcq=0
17:17:21.656 [ISOBUS] addr=0x81 claimed=Y load=14.3% msgs=58179 aiso=1544(1607066ms) xte=0.00m spd=0.00m/s q=0 ggaAge=60 vtgAge=60 xteAge=1607066 xteraw=80:510302FF0D060BFF vt=Y(21/22) vtstat=1534/576ms tc=Y drp=0mm tcq=0
17:17:22.653 [ISOBUS] addr=0x81 claimed=Y load=14.0% msgs=58220 aiso=1545(1608066ms) xte=0.00m spd=0.00m/s q=0 ggaAge=60 vtgAge=60 xteAge=1608066 xteraw=80:510302FF0D060BFF vt=Y(21/22) vtstat=1535/576ms tc=Y drp=0mm tcq=0
17:17:23.674 [ISOBUS] addr=0x81 claimed=Y load=14.3% msgs=58261 aiso=1546(1609066ms) xte=0.00m spd=0.00m/s q=0 ggaAge=61 vtgAge=60 xteAge=1609066 xteraw=80:510302FF0D060BFF vt=Y(21/22) vtstat=1536/575ms tc=Y drp=0mm tcq=0
17:17:24.652 [ISOBUS] addr=0x81 claimed=Y load=14.0% msgs=58302 aiso=1547(1610066ms) xte=0.00m spd=0.00m/s q=0 ggaAge=61 vtgAge=60 xteAge=1610066 xteraw=80:510302FF0D080BFF vt=Y(21/22) vtstat=1537/575ms tc=Y drp=0mm tcq=0
17:17:25.651 [ISOBUS] addr=0x81 claimed=Y load=14.3% msgs=58343 aiso=1548(1611066ms) xte=0.00m spd=0.00m/s q=0 ggaAge=60 vtgAge=59 xteAge=1611066 xteraw=80:510302FF0D080BFF vt=Y(21/22) vtstat=1538/574ms tc=Y drp=0mm tcq=0
17:17:26.665 [ISOBUS] addr=0x81 claimed=Y load=14.0% msgs=58384 aiso=1549(1612066ms) xte=0.00m spd=0.00m/s q=0 ggaAge=59 vtgAge=58 xteAge=1612066 xteraw=80:510302FF0D080BFF vt=Y(21/22) vtstat=1539/574ms tc=Y drp=0mm tcq=0
17:17:27.650 [ISOBUS] addr=0x81 claimed=Y load=14.3% msgs=58425 aiso=1550(1613066ms) xte=0.00m spd=0.00m/s q=0 ggaAge=59 vtgAge=59 xteAge=1613066 xteraw=80:510302FF0D080BFF vt=Y(21/22) vtstat=1540/574ms tc=Y drp=0mm tcq=0
17:17:28.678 [ISOBUS] addr=0x81 claimed=Y load=14.0% msgs=58466 aiso=1551(1614066ms) xte=0.00m spd=0.00m/s q=0 ggaAge=60 vtgAge=59 xteAge=1614066 xteraw=80:510302FF0D080BFF vt=Y(21/22) vtstat=1541/573ms tc=Y drp=0mm tcq=0
17:17:29.671 [ISOBUS] addr=0x81 claimed=Y load=14.3% msgs=58507 aiso=1552(1615066ms) xte=0.00m spd=0.00m/s q=0 ggaAge=61 vtgAge=60 xteAge=1615066 xteraw=80:510302FF0D080BFF vt=Y(21/22) vtstat=1542/573ms tc=Y drp=0mm tcq=0
17:17:30.657 [ISOBUS] addr=0x81 claimed=Y load=14.4% msgs=58552 aiso=1553(1616066ms) xte=0.00m spd=0.00m/s q=0 ggaAge=60 vtgAge=60 xteAge=1616066 xteraw=80:510302FF0D080BFF vt=Y(21/22) vtstat=1543/573ms tc=Y drp=0mm tcq=0
17:17:31.671 [ISOBUS] addr=0x81 claimed=Y load=14.3% msgs=58593 aiso=1554(1617066ms) xte=0.00m spd=0.00m/s q=0 ggaAge=60 vtgAge=60 xteAge=1617066 xteraw=80:510302FF0D080BFF vt=Y(21/22) vtstat=1544/572ms tc=Y drp=0mm tcq=0
17:17:32.669 [ISOBUS] addr=0x81 claimed=Y load=14.0% msgs=58634 aiso=1555(1618066ms) xte=0.00m spd=0.00m/s q=0 ggaAge=60 vtgAge=60 xteAge=1618066 xteraw=80:510302FF0D080BFF vt=Y(21/22) vtstat=1545/572ms tc=Y drp=0mm tcq=0
17:17:33.653 [ISOBUS] addr=0x81 claimed=Y load=14.3% msgs=58675 aiso=1556(1619066ms) xte=0.00m spd=0.00m/s q=0 ggaAge=61 vtgAge=60 xteAge=1619066 xteraw=80:510302FF0D080BFF vt=Y(21/22) vtstat=1546/572ms tc=Y drp=0mm tcq=0
17:17:34.670 [ISOBUS] addr=0x81 claimed=Y load=14.0% msgs=58716 aiso=1557(1620066ms) xte=0.00m spd=0.00m/s q=0 ggaAge=60 vtgAge=59 xteAge=1620066 xteraw=80:510302FF0D080BFF vt=Y(21/22) vtstat=1547/571ms tc=Y drp=0mm tcq=0
17:17:35.657 [ISOBUS] addr=0x81 claimed=Y load=14.3% msgs=58757 aiso=1558(1621066ms) xte=0.00m spd=0.00m/s q=0 ggaAge=61 vtgAge=60 xteAge=1621066 xteraw=80:510302FF0D080BFF vt=Y(21/22) vtstat=1548/571ms tc=Y drp=0mm tcq=0
17:17:36.659 [ISOBUS] addr=0x81 claimed=Y load=14.0% msgs=58798 aiso=1559(1622066ms) xte=0.00m spd=0.00m/s q=0 ggaAge=61 vtgAge=60 xteAge=1622066 xteraw=80:510302FF0D080BFF vt=Y(21/22) vtstat=1549/571ms tc=Y drp=0mm tcq=0
17:17:37.660 [ISOBUS] addr=0x81 claimed=Y load=14.3% msgs=58839 aiso=1560(1623066ms) xte=0.00m spd=0.00m/s q=0 ggaAge=61 vtgAge=60 xteAge=1623066 xteraw=80:510302FF0F080DFF vt=Y(21/22) vtstat=1550/570ms tc=Y drp=0mm tcq=0
17:17:38.652 [ISOBUS] addr=0x81 claimed=Y load=14.0% msgs=58880 aiso=1561(1624066ms) xte=0.00m spd=0.00m/s q=0 ggaAge=61 vtgAge=60 xteAge=1624066 xteraw=80:510302FF0F080DFF vt=Y(21/22) vtstat=1551/570ms tc=Y drp=0mm tcq=0
17:17:39.671 [ISOBUS] addr=0x81 claimed=Y load=14.3% msgs=58921 aiso=1562(1625066ms) xte=0.00m spd=0.00m/s q=0 ggaAge=59 vtgAge=59 xteAge=1625066 xteraw=80:510302FF0F080DFF vt=Y(21/22) vtstat=1552/570ms tc=Y drp=0mm tcq=0
17:17:40.671 [ISOBUS] addr=0x81 claimed=Y load=14.4% msgs=58966 aiso=1563(1626066ms) xte=0.00m spd=0.00m/s q=0 ggaAge=61 vtgAge=60 xteAge=1626066 xteraw=80:510302FF0F080DFF vt=Y(21/22) vtstat=1553/569ms tc=Y drp=0mm tcq=0
17:17:41.676 [ISOBUS] addr=0x81 claimed=Y load=14.3% msgs=59007 aiso=1564(1627066ms) xte=0.00m spd=0.00m/s q=0 ggaAge=61 vtgAge=60 xteAge=1627066 xteraw=80:510302FF0F080DFF vt=Y(21/22) vtstat=1554/569ms tc=Y drp=0mm tcq=0
17:17:42.652 [ISOBUS] addr=0x81 claimed=Y load=14.0% msgs=59048 aiso=1565(1628066ms) xte=0.00m spd=0.00m/s q=0 ggaAge=60 vtgAge=59 xteAge=1628066 xteraw=80:510302FF0F080DFF vt=Y(21/22) vtstat=1555/569ms tc=Y drp=0mm tcq=0
17:17:43.652 [ISOBUS] addr=0x81 claimed=Y load=14.3% msgs=59089 aiso=1566(1629066ms) xte=0.00m spd=0.00m/s q=0 ggaAge=60 vtgAge=59 xteAge=1629066 xteraw=80:510302FF0F080DFF vt=Y(21/22) vtstat=1556/568ms tc=Y drp=0mm tcq=0
17:17:44.668 [ISOBUS] addr=0x81 claimed=Y load=14.0% msgs=59130 aiso=1567(1630066ms) xte=0.00m spd=0.00m/s q=0 ggaAge=60 vtgAge=60 xteAge=1630066 xteraw=80:510302FF0F080DFF vt=Y(21/22) vtstat=1557/568ms tc=Y drp=0mm tcq=0
17:17:45.673 [ISOBUS] addr=0x81 claimed=Y load=14.3% msgs=59171 aiso=1568(1631066ms) xte=0.00m spd=0.00m/s q=0 ggaAge=60 vtgAge=59 xteAge=1631066 xteraw=80:510302FF0F080DFF vt=Y(21/22) vtstat=1558/568ms tc=Y drp=0mm tcq=0
17:17:46.690 [ISOBUS] addr=0x81 claimed=Y load=14.0% msgs=59212 aiso=1569(1632066ms) xte=0.00m spd=0.00m/s q=0 ggaAge=60 vtgAge=59 xteAge=1632066 xteraw=80:510302FF0F080DFF vt=Y(21/22) vtstat=1559/567ms tc=Y drp=0mm tcq=0
17:17:47.651 [ISOBUS] addr=0x81 claimed=Y load=14.3% msgs=59253 aiso=1570(1633066ms) xte=0.00m spd=0.00m/s q=0 ggaAge=60 vtgAge=60 xteAge=1633066 xteraw=80:510302FF0F080DFF vt=Y(21/22) vtstat=1560/567ms tc=Y drp=0mm tcq=0
17:17:48.663 [ISOBUS] addr=0x81 claimed=Y load=14.0% msgs=59294 aiso=1571(1634066ms) xte=0.00m spd=0.00m/s q=0 ggaAge=61 vtgAge=60 xteAge=1634066 xteraw=80:510302FF0D080BFF vt=Y(21/22) vtstat=1561/567ms tc=Y drp=0mm tcq=0
17:17:49.663 [ISOBUS] addr=0x81 claimed=Y load=14.3% msgs=59335 aiso=1572(1635066ms) xte=0.00m spd=0.00m/s q=0 ggaAge=60 vtgAge=60 xteAge=1635066 xteraw=80:510302FF0D080BFF vt=Y(21/22) vtstat=1562/566ms tc=Y drp=0mm tcq=0
17:17:50.666 [ISOBUS] addr=0x81 claimed=Y load=14.4% msgs=59380 aiso=1573(1636066ms) xte=0.00m spd=0.00m/s q=0 ggaAge=60 vtgAge=60 xteAge=1636066 xteraw=80:510302FF0D080BFF vt=Y(21/22) vtstat=1563/566ms tc=Y drp=0mm tcq=0
17:17:51.660 [ISOBUS] addr=0x81 claimed=Y load=14.3% msgs=59421 aiso=1574(1637066ms) xte=0.00m spd=0.00m/s q=0 ggaAge=61 vtgAge=60 xteAge=1637066 xteraw=80:510302FF0D080BFF vt=Y(21/22) vtstat=1564/566ms tc=Y drp=0mm tcq=0
17:17:52.658 [ISOBUS] addr=0x81 claimed=Y load=14.0% msgs=59462 aiso=1575(1638066ms) xte=0.00m spd=0.00m/s q=0 ggaAge=59 vtgAge=59 xteAge=1638066 xteraw=80:510302FF0D080BFF vt=Y(21/22) vtstat=1565/565ms tc=Y drp=0mm tcq=0
17:17:53.652 [ISOBUS] addr=0x81 claimed=Y load=14.3% msgs=59503 aiso=1576(1639066ms) xte=0.00m spd=0.00m/s q=0 ggaAge=61 vtgAge=60 xteAge=1639066 xteraw=80:510302FF0D080BFF vt=Y(21/22) vtstat=1566/565ms tc=Y drp=0mm tcq=0
17:17:54.669 [ISOBUS] addr=0x81 claimed=Y load=14.0% msgs=59544 aiso=1577(1640066ms) xte=0.00m spd=0.00m/s q=0 ggaAge=52 vtgAge=51 xteAge=1640066 xteraw=80:510302FF0D080BFF vt=Y(21/22) vtstat=1567/565ms tc=Y drp=0mm tcq=0
17:17:55.666 [ISOBUS] addr=0x81 claimed=Y load=14.3% msgs=59585 aiso=1578(1641066ms) xte=0.00m spd=0.00m/s q=0 ggaAge=60 vtgAge=59 xteAge=1641066 xteraw=80:510302FF0D080BFF vt=Y(21/22) vtstat=1568/564ms tc=Y drp=0mm tcq=0
17:17:56.654 [ISOBUS] addr=0x81 claimed=Y load=14.0% msgs=59626 aiso=1579(1642066ms) xte=0.00m spd=0.00m/s q=0 ggaAge=60 vtgAge=59 xteAge=1642066 xteraw=80:510302FF0D080BFF vt=Y(21/22) vtstat=1569/564ms tc=Y drp=0mm tcq=0
17:17:57.661 [ISOBUS] addr=0x81 claimed=Y load=14.3% msgs=59667 aiso=1580(1643066ms) xte=0.00m spd=0.00m/s q=0 ggaAge=61 vtgAge=61 xteAge=1643066 xteraw=80:510302FF0D080BFF vt=Y(21/22) vtstat=1570/563ms tc=Y drp=0mm tcq=0
17:17:58.686 [ISOBUS] addr=0x81 claimed=Y load=14.0% msgs=59708 aiso=1581(1644066ms) xte=0.00m spd=0.00m/s q=0 ggaAge=61 vtgAge=61 xteAge=1644066 xteraw=80:510302FF0D080BFF vt=Y(21/22) vtstat=1571/563ms tc=Y drp=0mm tcq=0
17:17:59.660 [ISOBUS] addr=0x81 claimed=Y load=14.3% msgs=59749 aiso=1582(1645066ms) xte=0.00m spd=0.00m/s q=0 ggaAge=61 vtgAge=61 xteAge=1645066 xteraw=80:510302FF0D080BFF vt=Y(21/22) vtstat=1572/563ms tc=Y drp=0mm tcq=0
17:18:00.668 [ISOBUS] addr=0x81 claimed=Y load=14.4% msgs=59794 aiso=1583(1646066ms) xte=0.00m spd=0.00m/s q=0 ggaAge=60 vtgAge=59 xteAge=1646066 xteraw=80:510302FF0D080BFF vt=Y(21/22) vtstat=1573/563ms tc=Y drp=0mm tcq=0
17:18:01.683 [ISOBUS] addr=0x81 claimed=Y load=14.3% msgs=59835 aiso=1584(1647066ms) xte=0.00m spd=0.00m/s q=0 ggaAge=60 vtgAge=59 xteAge=1647066 xteraw=80:510302FF0D080BFF vt=Y(21/22) vtstat=1574/562ms tc=Y drp=0mm tcq=0
17:18:02.684 [ISOBUS] addr=0x81 claimed=Y load=14.0% msgs=59876 aiso=1585(1648066ms) xte=0.00m spd=0.00m/s q=0 ggaAge=61 vtgAge=60 xteAge=1648066 xteraw=80:510302FF0D080BFF vt=Y(21/22) vtstat=1575/562ms tc=Y drp=0mm tcq=0
17:18:03.673 [ISOBUS] addr=0x81 claimed=Y load=14.3% msgs=59917 aiso=1586(1649066ms) xte=0.00m spd=0.00m/s q=0 ggaAge=60 vtgAge=60 xteAge=1649066 xteraw=80:510302FF0D080BFF vt=Y(21/22) vtstat=1576/562ms tc=Y drp=0mm tcq=0
17:18:04.670 [ISOBUS] addr=0x81 claimed=Y load=14.0% msgs=59958 aiso=1587(1650066ms) xte=0.00m spd=0.00m/s q=0 ggaAge=61 vtgAge=61 xteAge=1650066 xteraw=80:510302FF0D080BFF vt=Y(21/22) vtstat=1577/561ms tc=Y drp=0mm tcq=0
17:18:05.671 [ISOBUS] addr=0x81 claimed=Y load=14.3% msgs=59999 aiso=1588(1651066ms) xte=0.00m spd=0.00m/s q=0 ggaAge=61 vtgAge=60 xteAge=1651066 xteraw=80:510302FF0D080BFF vt=Y(21/22) vtstat=1578/561ms tc=Y drp=0mm tcq=0
17:18:06.659 [ISOBUS] addr=0x81 claimed=Y load=14.0% msgs=60040 aiso=1589(1652066ms) xte=0.00m spd=0.00m/s q=0 ggaAge=60 vtgAge=59 xteAge=1652066 xteraw=80:510302FF0D080BFF vt=Y(21/22) vtstat=1579/560ms tc=Y drp=0mm tcq=0
17:18:07.669 [ISOBUS] addr=0x81 claimed=Y load=14.3% msgs=60081 aiso=1590(1653066ms) xte=0.00m spd=0.00m/s q=0 ggaAge=60 vtgAge=60 xteAge=1653066 xteraw=80:510302FF0D080BFF vt=Y(21/22) vtstat=1580/560ms tc=Y drp=0mm tcq=0
17:18:08.671 [ISOBUS] addr=0x81 claimed=Y load=14.0% msgs=60122 aiso=1591(1654066ms) xte=0.00m spd=0.00m/s q=0 ggaAge=60 vtgAge=59 xteAge=1654066 xteraw=80:510302FF0D080BFF vt=Y(21/22) vtstat=1581/559ms tc=Y drp=0mm tcq=0
17:18:09.659 [ISOBUS] addr=0x81 claimed=Y load=14.3% msgs=60163 aiso=1592(1655066ms) xte=0.00m spd=0.00m/s q=0 ggaAge=60 vtgAge=59 xteAge=1655066 xteraw=80:510302FF0D080BFF vt=Y(21/22) vtstat=1582/559ms tc=Y drp=0mm tcq=0
17:18:10.657 [ISOBUS] addr=0x81 claimed=Y load=14.4% msgs=60208 aiso=1593(1656066ms) xte=0.00m spd=0.00m/s q=0 ggaAge=60 vtgAge=60 xteAge=1656066 xteraw=80:510302FF0D080BFF vt=Y(21/22) vtstat=1583/559ms tc=Y drp=0mm tcq=0
17:18:11.664 [ISOBUS] addr=0x81 claimed=Y load=14.3% msgs=60249 aiso=1594(1657066ms) xte=0.00m spd=0.00m/s q=0 ggaAge=61 vtgAge=61 xteAge=1657066 xteraw=80:510302FF0F080DFF vt=Y(21/22) vtstat=1584/558ms tc=Y drp=0mm tcq=0
17:18:12.663 [ISOBUS] addr=0x81 claimed=Y load=14.0% msgs=60290 aiso=1595(1658066ms) xte=0.00m spd=0.00m/s q=0 ggaAge=60 vtgAge=60 xteAge=1658066 xteraw=80:510302FF0F080DFF vt=Y(21/22) vtstat=1585/558ms tc=Y drp=0mm tcq=0
17:18:13.664 [ISOBUS] addr=0x81 claimed=Y load=14.3% msgs=60331 aiso=1596(1659066ms) xte=0.00m spd=0.00m/s q=0 ggaAge=61 vtgAge=60 xteAge=1659066 xteraw=80:510302FF0F080DFF vt=Y(21/22) vtstat=1586/558ms tc=Y drp=0mm tcq=0
17:18:14.653 [ISOBUS] addr=0x81 claimed=Y load=14.0% msgs=60372 aiso=1597(1660066ms) xte=0.00m spd=0.00m/s q=0 ggaAge=61 vtgAge=61 xteAge=1660066 xteraw=80:510302FF0F080DFF vt=Y(21/22) vtstat=1587/557ms tc=Y drp=0mm tcq=0
17:18:15.657 [ISOBUS] addr=0x81 claimed=Y load=14.3% msgs=60413 aiso=1598(1661066ms) xte=0.00m spd=0.00m/s q=0 ggaAge=60 vtgAge=60 xteAge=1661066 xteraw=80:510302FF0F080DFF vt=Y(21/22) vtstat=1588/557ms tc=Y drp=0mm tcq=0
17:18:16.660 [ISOBUS] addr=0x81 claimed=Y load=14.0% msgs=60454 aiso=1599(1662066ms) xte=0.00m spd=0.00m/s q=0 ggaAge=60 vtgAge=60 xteAge=1662066 xteraw=80:510302FF0F080DFF vt=Y(21/22) vtstat=1589/557ms tc=Y drp=0mm tcq=0
17:18:17.659 [ISOBUS] addr=0x81 claimed=Y load=14.3% msgs=60495 aiso=1600(1663066ms) xte=0.00m spd=0.00m/s q=0 ggaAge=61 vtgAge=60 xteAge=1663066 xteraw=80:510302FF0F080DFF vt=Y(21/22) vtstat=1590/556ms tc=Y drp=0mm tcq=0
17:18:18.667 [ISOBUS] addr=0x81 claimed=Y load=14.0% msgs=60536 aiso=1601(1664066ms) xte=0.00m spd=0.00m/s q=0 ggaAge=50 vtgAge=50 xteAge=1664066 xteraw=80:510302FF0F080DFF vt=Y(21/22) vtstat=1591/556ms tc=Y drp=0mm tcq=0
17:18:19.676 [ISOBUS] addr=0x81 claimed=Y load=14.3% msgs=60577 aiso=1602(1665066ms) xte=0.00m spd=0.00m/s q=0 ggaAge=60 vtgAge=60 xteAge=1665066 xteraw=80:510302FF0F080DFF vt=Y(21/22) vtstat=1592/555ms tc=Y drp=0mm tcq=0
17:18:20.676 [ISOBUS] addr=0x81 claimed=Y load=14.4% msgs=60622 aiso=1603(1666066ms) xte=0.00m spd=0.00m/s q=0 ggaAge=61 vtgAge=60 xteAge=1666066 xteraw=80:510302FF0F080DFF vt=Y(21/22) vtstat=1593/555ms tc=Y drp=0mm tcq=0
17:18:21.675 I] [NM]: Control function with address 205 and NAME 000000000000000lx is now offline on channel 198344577.
17:18:21.675 [ISOBUS] addr=0x81 claimed=Y load=14.3% msgs=60663 aiso=1604(1667066ms) xte=0.00m spd=0.00m/s q=0 ggaAge=61 vtgAge=60 xteAge=1667066 xteraw=80:510302FF0F080DFF vt=Y(21/22) vtstat=1594/555ms tc=Y drp=0mm tcq=0
17:18:22.655 [ISOBUS] addr=0x81 claimed=Y load=14.0% msgs=60704 aiso=1605(1668066ms) xte=0.00m spd=0.00m/s q=0 ggaAge=61 vtgAge=60 xteAge=1668066 xteraw=80:510302FF0F080DFF vt=Y(21/22) vtstat=1595/554ms tc=Y drp=0mm tcq=0
17:18:22.922 I] [NM]: External control function with name 000000000000000lx has claimed address 198344577 on channel 2684363008.
17:18:23.658 [ISOBUS] addr=0x81 claimed=Y load=14.3% msgs=60745 aiso=1606(1669066ms) xte=0.00m spd=0.00m/s q=0 ggaAge=61 vtgAge=60 xteAge=1669066 xteraw=80:510302FF0F080DFF vt=Y(21/22) vtstat=1596/554ms tc=Y drp=0mm tcq=0
17:18:24.652 [ISOBUS] addr=0x81 claimed=Y load=14.0% msgs=60786 aiso=1607(1670066ms) xte=0.00m spd=0.00m/s q=0 ggaAge=61 vtgAge=60 xteAge=1670066 xteraw=80:510302FF0F080DFF vt=Y(21/22) vtstat=1597/554ms tc=Y drp=0mm tcq=0
17:18:25.657 [ISOBUS] addr=0x81 claimed=Y load=14.3% msgs=60827 aiso=1608(1671066ms) xte=0.00m spd=0.00m/s q=0 ggaAge=61 vtgAge=60 xteAge=1671066 xteraw=80:510302FF0F080DFF vt=Y(21/22) vtstat=1598/553ms tc=Y drp=0mm tcq=0
17:18:26.656 [ISOBUS] addr=0x81 claimed=Y load=14.0% msgs=60868 aiso=1609(1672066ms) xte=0.00m spd=0.00m/s q=0 ggaAge=60 vtgAge=60 xteAge=1672066 xteraw=80:510302FF0F080DFF vt=Y(21/22) vtstat=1599/551ms tc=Y drp=0mm tcq=0
17:18:27.664 [ISOBUS] addr=0x81 claimed=Y load=14.3% msgs=60909 aiso=1610(1673066ms) xte=0.00m spd=0.00m/s q=0 ggaAge=61 vtgAge=60 xteAge=1673066 xteraw=80:510302FF0F080DFF vt=Y(21/22) vtstat=1600/551ms tc=Y drp=0mm tcq=0
17:18:28.668 [ISOBUS] addr=0x81 claimed=Y load=14.0% msgs=60950 aiso=1611(1674066ms) xte=0.00m spd=0.00m/s q=0 ggaAge=61 vtgAge=61 xteAge=1674066 xteraw=80:510302FF0F080DFF vt=Y(21/22) vtstat=1601/552ms tc=Y drp=0mm tcq=0
17:18:29.656 [ISOBUS] addr=0x81 claimed=Y load=14.3% msgs=60991 aiso=1612(1675066ms) xte=0.00m spd=0.00m/s q=0 ggaAge=60 vtgAge=59 xteAge=1675066 xteraw=80:510302FF0F080DFF vt=Y(21/22) vtstat=1602/551ms tc=Y drp=0mm tcq=0
17:18:30.661 [ISOBUS] addr=0x81 claimed=Y load=14.4% msgs=61036 aiso=1613(1676066ms) xte=0.00m spd=0.00m/s q=0 ggaAge=61 vtgAge=60 xteAge=1676066 xteraw=80:510302FF0F080DFF vt=Y(21/22) vtstat=1603/551ms tc=Y drp=0mm tcq=0
17:18:31.674 [ISOBUS] addr=0x81 claimed=Y load=14.3% msgs=61077 aiso=1614(1677066ms) xte=0.00m spd=0.00m/s q=0 ggaAge=60 vtgAge=60 xteAge=1677066 xteraw=80:510302FF0F080DFF vt=Y(21/22) vtstat=1604/551ms tc=Y drp=0mm tcq=0
17:18:32.660 [ISOBUS] addr=0x81 claimed=Y load=14.0% msgs=61118 aiso=1615(1678066ms) xte=0.00m spd=0.00m/s q=0 ggaAge=60 vtgAge=59 xteAge=1678066 xteraw=80:510302FF0F080DFF vt=Y(21/22) vtstat=1605/550ms tc=Y drp=0mm tcq=0
17:18:33.665 [ISOBUS] addr=0x81 claimed=Y load=14.3% msgs=61159 aiso=1616(1679066ms) xte=0.00m spd=0.00m/s q=0 ggaAge=61 vtgAge=60 xteAge=1679066 xteraw=80:510302FF0F080DFF vt=Y(21/22) vtstat=1606/550ms tc=Y drp=0mm tcq=0
17:18:34.661 [ISOBUS] addr=0x81 claimed=Y load=14.0% msgs=61200 aiso=1617(1680066ms) xte=0.00m spd=0.00m/s q=0 ggaAge=60 vtgAge=60 xteAge=1680066 xteraw=80:510302FF0F080DFF vt=Y(21/22) vtstat=1607/550ms tc=Y drp=0mm tcq=0
17:18:35.671 [ISOBUS] addr=0x81 claimed=Y load=14.3% msgs=61241 aiso=1618(1681066ms) xte=0.00m spd=0.00m/s q=0 ggaAge=60 vtgAge=60 xteAge=1681066 xteraw=80:510302FF0F080DFF vt=Y(21/22) vtstat=1608/549ms tc=Y drp=0mm tcq=0
17:18:36.657 [ISOBUS] addr=0x81 claimed=Y load=14.0% msgs=61282 aiso=1619(1682066ms) xte=0.00m spd=0.00m/s q=0 ggaAge=60 vtgAge=59 xteAge=1682066 xteraw=80:510302FF0F080DFF vt=Y(21/22) vtstat=1609/549ms tc=Y drp=0mm tcq=0
17:18:37.672 I] [NM]: Control function with address 205 and NAME 000000000000000lx is now offline on channel 198344577.
17:18:37.672 [ISOBUS] addr=0x81 claimed=Y load=14.3% msgs=61323 aiso=1620(1683066ms) xte=0.00m spd=0.00m/s q=0 ggaAge=60 vtgAge=60 xteAge=1683066 xteraw=80:510302FF0F080DFF vt=Y(21/22) vtstat=1610/549ms tc=Y drp=0mm tcq=0
17:18:38.656 [ISOBUS] addr=0x81 claimed=Y load=14.0% msgs=61364 aiso=1621(1684066ms) xte=0.00m spd=0.00m/s q=0 ggaAge=60 vtgAge=59 xteAge=1684066 xteraw=80:510302FF0F080DFF vt=Y(21/22) vtstat=1611/548ms tc=Y drp=0mm tcq=0
17:18:38.908 I] [NM]: External control function with name 000000000000000lx has claimed address 198344577 on channel 2684363008.
17:18:39.677 [ISOBUS] addr=0x81 claimed=Y load=14.3% msgs=61405 aiso=1622(1685066ms) xte=0.00m spd=0.00m/s q=0 ggaAge=60 vtgAge=60 xteAge=1685066 xteraw=80:510302FF0F080DFF vt=Y(21/22) vtstat=1612/548ms tc=Y drp=0mm tcq=0
17:18:40.659 [ISOBUS] addr=0x81 claimed=Y load=14.4% msgs=61450 aiso=1623(1686066ms) xte=0.00m spd=0.00m/s q=0 ggaAge=61 vtgAge=60 xteAge=1686066 xteraw=80:510302FF0F080DFF vt=Y(21/22) vtstat=1613/547ms tc=Y drp=0mm tcq=0
17:18:41.652 [ISOBUS] addr=0x81 claimed=Y load=14.3% msgs=61491 aiso=1624(1687066ms) xte=0.00m spd=0.00m/s q=0 ggaAge=60 vtgAge=60 xteAge=1687066 xteraw=80:510302FF0F080DFF vt=Y(21/22) vtstat=1614/547ms tc=Y drp=0mm tcq=0
17:18:42.673 [ISOBUS] addr=0x81 claimed=Y load=14.0% msgs=61532 aiso=1625(1688066ms) xte=0.00m spd=0.00m/s q=0 ggaAge=60 vtgAge=59 xteAge=1688066 xteraw=80:510302FF0F080DFF vt=Y(21/22) vtstat=1615/547ms tc=Y drp=0mm tcq=0
17:18:43.650 I] [NM]: Control function with address 205 and NAME 000000000000000lx is now offline on channel 198344577.
17:18:43.650 [ISOBUS] addr=0x81 claimed=Y load=14.3% msgs=61573 aiso=1626(1689066ms) xte=0.00m spd=0.00m/s q=0 ggaAge=61 vtgAge=60 xteAge=1689066 xteraw=80:510302FF0F080DFF vt=Y(21/22) vtstat=1616/546ms tc=Y drp=0mm tcq=0
17:18:44.651 [ISOBUS] addr=0x81 claimed=Y load=14.0% msgs=61614 aiso=1627(1690066ms) xte=0.00m spd=0.00m/s q=0 ggaAge=60 vtgAge=60 xteAge=1690066 xteraw=80:510302FF0D080BFF vt=Y(21/22) vtstat=1617/546ms tc=Y drp=0mm tcq=0
17:18:44.919 I] [NM]: External control function with name 000000000000000lx has claimed address 198344577 on channel 2684363008.
17:18:45.673 [ISOBUS] addr=0x81 claimed=Y load=14.3% msgs=61655 aiso=1628(1691066ms) xte=0.00m spd=0.00m/s q=0 ggaAge=60 vtgAge=60 xteAge=1691066 xteraw=80:510302FF0D080BFF vt=Y(21/22) vtstat=1618/546ms tc=Y drp=0mm tcq=0
17:18:46.670 [ISOBUS] addr=0x81 claimed=Y load=14.0% msgs=61696 aiso=1629(1692066ms) xte=0.00m spd=0.00m/s q=0 ggaAge=60 vtgAge=60 xteAge=1692066 xteraw=80:510302FF0D080BFF vt=Y(21/22) vtstat=1619/545ms tc=Y drp=0mm tcq=0
17:18:47.674 [ISOBUS] addr=0x81 claimed=Y load=14.3% msgs=61737 aiso=1630(1693066ms) xte=0.00m spd=0.00m/s q=0 ggaAge=61 vtgAge=60 xteAge=1693066 xteraw=80:510302FF0D080BFF vt=Y(21/22) vtstat=1620/545ms tc=Y drp=0mm tcq=0
17:18:48.652 [ISOBUS] addr=0x81 claimed=Y load=14.0% msgs=61778 aiso=1631(1694066ms) xte=0.00m spd=0.00m/s q=0 ggaAge=61 vtgAge=60 xteAge=1694066 xteraw=80:510302FF0D080BFF vt=Y(21/22) vtstat=1621/545ms tc=Y drp=0mm tcq=0
17:18:49.669 [ISOBUS] addr=0x81 claimed=Y load=14.3% msgs=61819 aiso=1632(1695066ms) xte=0.00m spd=0.00m/s q=0 ggaAge=61 vtgAge=60 xteAge=1695066 xteraw=80:510302FF0D080BFF vt=Y(21/22) vtstat=1622/545ms tc=Y drp=0mm tcq=0
17:18:50.671 [ISOBUS] addr=0x81 claimed=Y load=14.4% msgs=61864 aiso=1633(1696066ms) xte=0.00m spd=0.00m/s q=0 ggaAge=60 vtgAge=60 xteAge=1696066 xteraw=80:510302FF0D080BFF vt=Y(21/22) vtstat=1623/544ms tc=Y drp=0mm tcq=0
17:18:51.657 [ISOBUS] addr=0x81 claimed=Y load=14.3% msgs=61905 aiso=1634(1697066ms) xte=0.00m spd=0.00m/s q=0 ggaAge=59 vtgAge=59 xteAge=1697066 xteraw=80:510302FF0D080BFF vt=Y(21/22) vtstat=1624/544ms tc=Y drp=0mm tcq=0
17:18:52.656 [ISOBUS] addr=0x81 claimed=Y load=14.0% msgs=61946 aiso=1635(1698066ms) xte=0.00m spd=0.00m/s q=0 ggaAge=60 vtgAge=59 xteAge=1698066 xteraw=80:510302FF0D080BFF vt=Y(21/22) vtstat=1625/543ms tc=Y drp=0mm tcq=0
17:18:53.671 [ISOBUS] addr=0x81 claimed=Y load=14.3% msgs=61987 aiso=1636(1699066ms) xte=0.00m spd=0.00m/s q=0 ggaAge=60 vtgAge=59 xteAge=1699066 xteraw=80:510302FF0D080BFF vt=Y(21/22) vtstat=1626/543ms tc=Y drp=0mm tcq=0
17:18:54.660 [ISOBUS] addr=0x81 claimed=Y load=14.0% msgs=62028 aiso=1637(1700066ms) xte=0.00m spd=0.00m/s q=0 ggaAge=61 vtgAge=60 xteAge=1700066 xteraw=80:510302FF0D080BFF vt=Y(21/22) vtstat=1627/543ms tc=Y drp=0mm tcq=0
17:18:55.654 [ISOBUS] addr=0x81 claimed=Y load=14.3% msgs=62069 aiso=1638(1701066ms) xte=0.00m spd=0.00m/s q=0 ggaAge=60 vtgAge=59 xteAge=1701066 xteraw=80:510302FF0D080BFF vt=Y(21/22) vtstat=1628/542ms tc=Y drp=0mm tcq=0
17:18:56.676 [ISOBUS] addr=0x81 claimed=Y load=14.0% msgs=62110 aiso=1639(1702066ms) xte=0.00m spd=0.00m/s q=0 ggaAge=60 vtgAge=59 xteAge=1702066 xteraw=80:510302FF0D080BFF vt=Y(21/22) vtstat=1629/540ms tc=Y drp=0mm tcq=0
17:18:57.657 [ISOBUS] addr=0x81 claimed=Y load=14.3% msgs=62151 aiso=1640(1703066ms) xte=0.00m spd=0.00m/s q=0 ggaAge=60 vtgAge=59 xteAge=1703066 xteraw=80:510302FF0D080BFF vt=Y(21/22) vtstat=1630/542ms tc=Y drp=0mm tcq=0
17:18:58.652 [ISOBUS] addr=0x81 claimed=Y load=14.0% msgs=62192 aiso=1641(1704066ms) xte=0.00m spd=0.00m/s q=0 ggaAge=61 vtgAge=60 xteAge=1704066 xteraw=80:510302FF0D080BFF vt=Y(21/22) vtstat=1631/540ms tc=Y drp=0mm tcq=0
17:18:59.671 [ISOBUS] addr=0x81 claimed=Y load=14.3% msgs=62233 aiso=1642(1705066ms) xte=0.00m spd=0.00m/s q=0 ggaAge=60 vtgAge=59 xteAge=1705066 xteraw=80:510302FF0D080BFF vt=Y(21/22) vtstat=1632/540ms tc=Y drp=0mm tcq=0
17:19:00.660 [ISOBUS] addr=0x81 claimed=Y load=14.4% msgs=62278 aiso=1643(1706066ms) xte=0.00m spd=0.00m/s q=0 ggaAge=60 vtgAge=59 xteAge=1706066 xteraw=80:510302FF0D080BFF vt=Y(21/22) vtstat=1633/539ms tc=Y drp=0mm tcq=0
17:19:01.653 I] [NM]: Control function with address 205 and NAME 000000000000000lx is now offline on channel 198344577.
17:19:01.654 [ISOBUS] addr=0x81 claimed=Y load=14.3% msgs=62319 aiso=1644(1707066ms) xte=0.00m spd=0.00m/s q=0 ggaAge=60 vtgAge=60 xteAge=1707066 xteraw=80:510302FF0D080BFF vt=Y(21/22) vtstat=1634/540ms tc=Y drp=0mm tcq=0
17:19:02.667 [ISOBUS] addr=0x81 claimed=Y load=14.0% msgs=62360 aiso=1645(1708066ms) xte=0.00m spd=0.00m/s q=0 ggaAge=61 vtgAge=60 xteAge=1708066 xteraw=80:510302FF0D080BFF vt=Y(21/22) vtstat=1635/540ms tc=Y drp=0mm tcq=0
17:19:02.915 I] [NM]: External control function with name 000000000000000lx has claimed address 198344577 on channel 2684363008.
17:19:03.673 [ISOBUS] addr=0x81 claimed=Y load=14.3% msgs=62401 aiso=1646(1709066ms) xte=0.00m spd=0.00m/s q=0 ggaAge=60 vtgAge=59 xteAge=1709066 xteraw=80:510302FF0D080BFF vt=Y(21/22) vtstat=1636/539ms tc=Y drp=0mm tcq=0
17:19:04.672 [ISOBUS] addr=0x81 claimed=Y load=14.0% msgs=62442 aiso=1647(1710066ms) xte=0.00m spd=0.00m/s q=0 ggaAge=61 vtgAge=60 xteAge=1710066 xteraw=80:510302FF0D080BFF vt=Y(21/22) vtstat=1637/539ms tc=Y drp=0mm tcq=0
17:19:05.674 [ISOBUS] addr=0x81 claimed=Y load=14.3% msgs=62483 aiso=1648(1711066ms) xte=0.00m spd=0.00m/s q=0 ggaAge=60 vtgAge=59 xteAge=1711066 xteraw=80:510302FF0D080BFF vt=Y(21/22) vtstat=1638/539ms tc=Y drp=0mm tcq=0
17:19:06.652 [ISOBUS] addr=0x81 claimed=Y load=14.0% msgs=62524 aiso=1649(1712066ms) xte=0.00m spd=0.00m/s q=0 ggaAge=60 vtgAge=60 xteAge=1712066 xteraw=80:510302FF0D080BFF vt=Y(21/22) vtstat=1639/539ms tc=Y drp=0mm tcq=0
17:19:07.656 [ISOBUS] addr=0x81 claimed=Y load=14.3% msgs=62565 aiso=1650(1713066ms) xte=0.00m spd=0.00m/s q=0 ggaAge=61 vtgAge=60 xteAge=1713066 xteraw=80:510302FF0D080BFF vt=Y(21/22) vtstat=1640/538ms tc=Y drp=0mm tcq=0
17:19:08.657 [ISOBUS] addr=0x81 claimed=Y load=14.0% msgs=62606 aiso=1651(1714066ms) xte=0.00m spd=0.00m/s q=0 ggaAge=60 vtgAge=60 xteAge=1714066 xteraw=80:510302FF0D080BFF vt=Y(21/22) vtstat=1641/538ms tc=Y drp=0mm tcq=0
17:19:09.680 [ISOBUS] addr=0x81 claimed=Y load=14.3% msgs=62647 aiso=1652(1715066ms) xte=0.00m spd=0.00m/s q=0 ggaAge=60 vtgAge=60 xteAge=1715066 xteraw=80:510302FF0D080BFF vt=Y(21/22) vtstat=1642/538ms tc=Y drp=0mm tcq=0
17:19:10.676 [ISOBUS] addr=0x81 claimed=Y load=14.4% msgs=62692 aiso=1653(1716066ms) xte=0.00m spd=0.00m/s q=0 ggaAge=61 vtgAge=60 xteAge=1716066 xteraw=80:510302FF0D080BFF vt=Y(21/22) vtstat=1643/537ms tc=Y drp=0mm tcq=0
17:19:11.685 [ISOBUS] addr=0x81 claimed=Y load=14.3% msgs=62733 aiso=1654(1717066ms) xte=0.00m spd=0.00m/s q=0 ggaAge=60 vtgAge=60 xteAge=1717066 xteraw=80:510302FF0D080BFF vt=Y(21/22) vtstat=1644/537ms tc=Y drp=0mm tcq=0
17:19:12.675 [ISOBUS] addr=0x81 claimed=Y load=14.0% msgs=62774 aiso=1655(1718066ms) xte=0.00m spd=0.00m/s q=0 ggaAge=60 vtgAge=60 xteAge=1718066 xteraw=80:510302FF0D080BFF vt=Y(21/22) vtstat=1645/537ms tc=Y drp=0mm tcq=0
17:19:13.659 [ISOBUS] addr=0x81 claimed=Y load=14.3% msgs=62815 aiso=1656(1719066ms) xte=0.00m spd=0.00m/s q=0 ggaAge=61 vtgAge=60 xteAge=1719066 xteraw=80:510302FF0D080BFF vt=Y(21/22) vtstat=1646/536ms tc=Y drp=0mm tcq=0
17:19:14.663 [ISOBUS] addr=0x81 claimed=Y load=14.0% msgs=62856 aiso=1657(1720066ms) xte=0.00m spd=0.00m/s q=0 ggaAge=60 vtgAge=59 xteAge=1720066 xteraw=80:510302FF0D080BFF vt=Y(21/22) vtstat=1647/536ms tc=Y drp=0mm tcq=0
17:19:15.659 [ISOBUS] addr=0x81 claimed=Y load=14.3% msgs=62897 aiso=1658(1721066ms) xte=0.00m spd=0.00m/s q=0 ggaAge=60 vtgAge=60 xteAge=1721066 xteraw=80:510302FF0D080BFF vt=Y(21/22) vtstat=1648/536ms tc=Y drp=0mm tcq=0
17:19:16.654 [ISOBUS] addr=0x81 claimed=Y load=14.0% msgs=62938 aiso=1659(1722066ms) xte=0.00m spd=0.00m/s q=0 ggaAge=59 vtgAge=59 xteAge=1722066 xteraw=80:510302FF0D080BFF vt=Y(21/22) vtstat=1649/535ms tc=Y drp=0mm tcq=0
17:19:17.654 [ISOBUS] addr=0x81 claimed=Y load=14.3% msgs=62979 aiso=1660(1723066ms) xte=0.00m spd=0.00m/s q=0 ggaAge=61 vtgAge=60 xteAge=1723066 xteraw=80:510302FF0D080BFF vt=Y(21/22) vtstat=1650/535ms tc=Y drp=0mm tcq=0
17:19:18.670 [ISOBUS] addr=0x81 claimed=Y load=14.0% msgs=63020 aiso=1661(1724066ms) xte=0.00m spd=0.00m/s q=0 ggaAge=59 vtgAge=59 xteAge=1724066 xteraw=80:510302FF0D080BFF vt=Y(21/22) vtstat=1651/535ms tc=Y drp=0mm tcq=0
17:19:19.670 [ISOBUS] addr=0x81 claimed=Y load=14.3% msgs=63061 aiso=1662(1725066ms) xte=0.00m spd=0.00m/s q=0 ggaAge=61 vtgAge=60 xteAge=1725066 xteraw=80:510302FF0D080BFF vt=Y(21/22) vtstat=1652/534ms tc=Y drp=0mm tcq=0
17:19:20.668 [ISOBUS] addr=0x81 claimed=Y load=14.4% msgs=63106 aiso=1663(1726066ms) xte=0.00m spd=0.00m/s q=0 ggaAge=60 vtgAge=59 xteAge=1726066 xteraw=80:510302FF0D080BFF vt=Y(21/22) vtstat=1653/534ms tc=Y drp=0mm tcq=0
17:19:21.657 [ISOBUS] addr=0x81 claimed=Y load=14.3% msgs=63147 aiso=1664(1727066ms) xte=0.00m spd=0.00m/s q=0 ggaAge=61 vtgAge=59 xteAge=1727066 xteraw=80:510302FF0D080BFF vt=Y(21/22) vtstat=1654/534ms tc=Y drp=0mm tcq=0
17:19:22.658 [ISOBUS] addr=0x81 claimed=Y load=14.0% msgs=63188 aiso=1665(1728066ms) xte=0.00m spd=0.00m/s q=0 ggaAge=60 vtgAge=59 xteAge=1728066 xteraw=80:510302FF0D080BFF vt=Y(21/22) vtstat=1655/533ms tc=Y drp=0mm tcq=0
17:19:23.669 [ISOBUS] addr=0x81 claimed=Y load=14.3% msgs=63228 aiso=1666(1729066ms) xte=0.00m spd=0.00m/s q=0 ggaAge=59 vtgAge=59 xteAge=1729066 xteraw=80:510302FF0D080BFF vt=Y(21/22) vtstat=1656/533ms tc=Y drp=0mm tcq=0
17:19:24.670 [ISOBUS] addr=0x81 claimed=Y load=14.0% msgs=63270 aiso=1667(1730066ms) xte=0.00m spd=0.00m/s q=0 ggaAge=62 vtgAge=61 xteAge=1730066 xteraw=80:510302FF0D080BFF vt=Y(21/22) vtstat=1657/533ms tc=Y drp=0mm tcq=0
17:19:25.691 [ISOBUS] addr=0x81 claimed=Y load=14.3% msgs=63311 aiso=1668(1731066ms) xte=0.00m spd=0.00m/s q=0 ggaAge=60 vtgAge=59 xteAge=1731066 xteraw=80:510302FF0D080BFF vt=Y(21/22) vtstat=1658/532ms tc=Y drp=0mm tcq=0
17:19:26.670 [ISOBUS] addr=0x81 claimed=Y load=14.0% msgs=63352 aiso=1669(1732066ms) xte=0.00m spd=0.00m/s q=0 ggaAge=62 vtgAge=60 xteAge=1732066 xteraw=80:510302FF0D080BFF vt=Y(21/22) vtstat=1659/532ms tc=Y drp=0mm tcq=0
17:19:27.662 [ISOBUS] addr=0x81 claimed=Y load=14.3% msgs=63393 aiso=1670(1733066ms) xte=0.00m spd=0.00m/s q=0 ggaAge=59 vtgAge=59 xteAge=1733066 xteraw=80:510302FF0D080BFF vt=Y(21/22) vtstat=1660/532ms tc=Y drp=0mm tcq=0
17:19:28.682 [ISOBUS] addr=0x81 claimed=Y load=14.0% msgs=63434 aiso=1671(1734066ms) xte=0.00m spd=0.00m/s q=0 ggaAge=59 vtgAge=59 xteAge=1734066 xteraw=80:510302FF0D080BFF vt=Y(21/22) vtstat=1661/531ms tc=Y drp=0mm tcq=0
17:19:29.674 [ISOBUS] addr=0x81 claimed=Y load=14.3% msgs=63475 aiso=1672(1735066ms) xte=0.00m spd=0.00m/s q=0 ggaAge=61 vtgAge=59 xteAge=1735066 xteraw=80:510302FF0D080BFF vt=Y(21/22) vtstat=1662/530ms tc=Y drp=0mm tcq=0
17:19:30.654 [ISOBUS] addr=0x81 claimed=Y load=14.4% msgs=63520 aiso=1673(1736066ms) xte=0.00m spd=0.00m/s q=0 ggaAge=62 vtgAge=61 xteAge=1736066 xteraw=80:510302FF0D080BFF vt=Y(21/22) vtstat=1663/530ms tc=Y drp=0mm tcq=0
17:19:31.668 [ISOBUS] addr=0x81 claimed=Y load=14.3% msgs=63561 aiso=1674(1737066ms) xte=0.00m spd=0.00m/s q=0 ggaAge=59 vtgAge=59 xteAge=1737066 xteraw=80:510302FF0D080BFF vt=Y(21/22) vtstat=1664/529ms tc=Y drp=0mm tcq=0
17:19:32.660 [ISOBUS] addr=0x81 claimed=Y load=14.0% msgs=63602 aiso=1675(1738066ms) xte=0.00m spd=0.00m/s q=0 ggaAge=62 vtgAge=61 xteAge=1738066 xteraw=80:510302FF0D080BFF vt=Y(21/22) vtstat=1665/529ms tc=Y drp=0mm tcq=0
17:19:33.657 [ISOBUS] addr=0x81 claimed=Y load=14.3% msgs=63643 aiso=1676(1739066ms) xte=0.00m spd=0.00m/s q=0 ggaAge=62 vtgAge=61 xteAge=1739066 xteraw=80:510302FF0D080BFF vt=Y(21/22) vtstat=1666/529ms tc=Y drp=0mm tcq=0
17:19:34.674 [ISOBUS] addr=0x81 claimed=Y load=14.0% msgs=63684 aiso=1677(1740066ms) xte=0.00m spd=0.00m/s q=0 ggaAge=62 vtgAge=61 xteAge=1740066 xteraw=80:510302FF0D080BFF vt=Y(21/22) vtstat=1667/529ms tc=Y drp=0mm tcq=0
17:19:35.674 [ISOBUS] addr=0x81 claimed=Y load=15.0% msgs=63725 aiso=1678(1741066ms) xte=0.00m spd=0.00m/s q=0 ggaAge=52 vtgAge=51 xteAge=1741066 xteraw=80:510302FF0D080BFF vt=Y(21/22) vtstat=1668/528ms tc=Y drp=0mm tcq=0
17:19:36.675 [ISOBUS] addr=0x81 claimed=Y load=14.7% msgs=63766 aiso=1679(1742066ms) xte=0.00m spd=0.00m/s q=0 ggaAge=62 vtgAge=60 xteAge=1742066 xteraw=80:510302FF0D080BFF vt=Y(21/22) vtstat=1669/528ms tc=Y drp=0mm tcq=0
17:19:37.654 [ISOBUS] addr=0x81 claimed=Y load=14.3% msgs=63807 aiso=1680(1743066ms) xte=0.00m spd=0.00m/s q=0 ggaAge=61 vtgAge=60 xteAge=1743066 xteraw=80:510302FF0D080BFF vt=Y(21/22) vtstat=1670/528ms tc=Y drp=0mm tcq=0
17:19:38.679 [ISOBUS] addr=0x81 claimed=Y load=14.0% msgs=63848 aiso=1681(1744066ms) xte=0.00m spd=0.00m/s q=0 ggaAge=60 vtgAge=59 xteAge=1744066 xteraw=80:510302FF0D080BFF vt=Y(21/22) vtstat=1671/527ms tc=Y drp=0mm tcq=0
17:19:39.660 [ISOBUS] addr=0x81 claimed=Y load=14.3% msgs=63889 aiso=1682(1745066ms) xte=0.00m spd=0.00m/s q=0 ggaAge=62 vtgAge=60 xteAge=1745066 xteraw=80:510302FF0D080BFF vt=Y(21/22) vtstat=1672/527ms tc=Y drp=0mm tcq=0
17:19:40.661 [ISOBUS] addr=0x81 claimed=Y load=14.4% msgs=63934 aiso=1683(1746066ms) xte=0.00m spd=0.00m/s q=0 ggaAge=62 vtgAge=60 xteAge=1746066 xteraw=80:510302FF0D080BFF vt=Y(21/22) vtstat=1673/527ms tc=Y drp=0mm tcq=0
17:19:41.679 [ISOBUS] addr=0x81 claimed=Y load=14.3% msgs=63975 aiso=1684(1747066ms) xte=0.00m spd=0.00m/s q=0 ggaAge=61 vtgAge=60 xteAge=1747066 xteraw=80:510302FF0D080BFF vt=Y(21/22) vtstat=1674/526ms tc=Y drp=0mm tcq=0
17:19:42.679 [ISOBUS] addr=0x81 claimed=Y load=14.0% msgs=64016 aiso=1685(1748066ms) xte=0.00m spd=0.00m/s q=0 ggaAge=59 vtgAge=59 xteAge=1748066 xteraw=80:510302FF0D080BFF vt=Y(21/22) vtstat=1675/526ms tc=Y drp=0mm tcq=0
17:19:43.671 [ISOBUS] addr=0x81 claimed=Y load=14.3% msgs=64056 aiso=1686(1749066ms) xte=0.00m spd=0.00m/s q=0 ggaAge=61 vtgAge=60 xteAge=1749066 xteraw=80:510302FF0D080BFF vt=Y(21/22) vtstat=1676/525ms tc=Y drp=0mm tcq=0
17:19:44.658 [ISOBUS] addr=0x81 claimed=Y load=14.0% msgs=64098 aiso=1687(1750066ms) xte=0.00m spd=0.00m/s q=0 ggaAge=61 vtgAge=60 xteAge=1750066 xteraw=80:510302FF0D080BFF vt=Y(21/22) vtstat=1677/525ms tc=Y drp=0mm tcq=0
17:19:45.673 [ISOBUS] addr=0x81 claimed=Y load=14.3% msgs=64139 aiso=1688(1751066ms) xte=0.00m spd=0.00m/s q=0 ggaAge=61 vtgAge=60 xteAge=1751066 xteraw=80:510302FF0D080BFF vt=Y(21/22) vtstat=1678/525ms tc=Y drp=0mm tcq=0
17:19:46.679 [ISOBUS] addr=0x81 claimed=Y load=14.0% msgs=64180 aiso=1689(1752066ms) xte=0.00m spd=0.00m/s q=0 ggaAge=62 vtgAge=61 xteAge=1752066 xteraw=80:510302FF0D080BFF vt=Y(21/22) vtstat=1679/524ms tc=Y drp=0mm tcq=0
17:19:47.673 [ISOBUS] addr=0x81 claimed=Y load=14.3% msgs=64221 aiso=1690(1753066ms) xte=0.00m spd=0.00m/s q=0 ggaAge=61 vtgAge=59 xteAge=1753066 xteraw=80:510302FF0D080BFF vt=Y(21/22) vtstat=1680/524ms tc=Y drp=0mm tcq=0
17:19:48.674 [ISOBUS] addr=0x81 claimed=Y load=14.0% msgs=64262 aiso=1691(1754066ms) xte=0.00m spd=0.00m/s q=0 ggaAge=60 vtgAge=59 xteAge=1754066 xteraw=80:510302FF0D080BFF vt=Y(21/22) vtstat=1681/524ms tc=Y drp=0mm tcq=0
17:19:49.675 [ISOBUS] addr=0x81 claimed=Y load=14.3% msgs=64303 aiso=1692(1755066ms) xte=0.00m spd=0.00m/s q=0 ggaAge=61 vtgAge=60 xteAge=1755066 xteraw=80:510302FF0D080BFF vt=Y(21/22) vtstat=1682/523ms tc=Y drp=0mm tcq=0
17:19:50.663 [ISOBUS] addr=0x81 claimed=Y load=14.4% msgs=64348 aiso=1693(1756066ms) xte=0.00m spd=0.00m/s q=0 ggaAge=61 vtgAge=60 xteAge=1756066 xteraw=80:510302FF0D080BFF vt=Y(21/22) vtstat=1683/523ms tc=Y drp=0mm tcq=0
17:19:51.676 [ISOBUS] addr=0x81 claimed=Y load=14.3% msgs=64389 aiso=1694(1757066ms) xte=0.00m spd=0.00m/s q=0 ggaAge=61 vtgAge=60 xteAge=1757066 xteraw=80:510302FF0D080BFF vt=Y(21/22) vtstat=1684/523ms tc=Y drp=0mm tcq=0
17:19:52.677 [ISOBUS] addr=0x81 claimed=Y load=14.0% msgs=64429 aiso=1695(1758066ms) xte=0.00m spd=0.00m/s q=0 ggaAge=61 vtgAge=60 xteAge=1758066 xteraw=80:510302FF0D080BFF vt=Y(21/22) vtstat=1685/522ms tc=Y drp=0mm tcq=0
17:19:53.661 [ISOBUS] addr=0x81 claimed=Y load=14.3% msgs=64471 aiso=1696(1759066ms) xte=0.00m spd=0.00m/s q=0 ggaAge=61 vtgAge=61 xteAge=1759066 xteraw=80:510302FF0D080BFF vt=Y(21/22) vtstat=1686/522ms tc=Y drp=0mm tcq=0
17:19:54.661 [ISOBUS] addr=0x81 claimed=Y load=14.0% msgs=64512 aiso=1697(1760066ms) xte=0.00m spd=0.00m/s q=0 ggaAge=62 vtgAge=61 xteAge=1760066 xteraw=80:510302FF0D080BFF vt=Y(21/22) vtstat=1687/522ms tc=Y drp=0mm tcq=0
17:19:55.675 [ISOBUS] addr=0x81 claimed=Y load=14.3% msgs=64553 aiso=1698(1761066ms) xte=0.00m spd=0.00m/s q=0 ggaAge=62 vtgAge=61 xteAge=1761066 xteraw=80:510302FF0D080BFF vt=Y(21/22) vtstat=1688/521ms tc=Y drp=0mm tcq=0
17:19:56.671 [ISOBUS] addr=0x81 claimed=Y load=14.0% msgs=64594 aiso=1699(1762066ms) xte=0.00m spd=0.00m/s q=0 ggaAge=61 vtgAge=60 xteAge=1762066 xteraw=80:510302FF0D080BFF vt=Y(21/22) vtstat=1689/521ms tc=Y drp=0mm tcq=0
17:19:57.669 [ISOBUS] addr=0x81 claimed=Y load=14.3% msgs=64634 aiso=1700(1763066ms) xte=0.00m spd=0.00m/s q=0 ggaAge=60 vtgAge=59 xteAge=1763066 xteraw=80:510302FF0D080BFF vt=Y(21/22) vtstat=1690/519ms tc=Y drp=0mm tcq=0
17:19:58.671 [ISOBUS] addr=0x81 claimed=Y load=14.0% msgs=64676 aiso=1701(1764066ms) xte=0.00m spd=0.00m/s q=0 ggaAge=61 vtgAge=60 xteAge=1764066 xteraw=80:510302FF0D080BFF vt=Y(21/22) vtstat=1691/519ms tc=Y drp=0mm tcq=0
17:19:59.672 [ISOBUS] addr=0x81 claimed=Y load=14.3% msgs=64716 aiso=1702(1765066ms) xte=0.00m spd=0.00m/s q=0 ggaAge=61 vtgAge=60 xteAge=1765066 xteraw=80:510302FF0D080BFF vt=Y(21/22) vtstat=1692/519ms tc=Y drp=0mm tcq=0
17:20:00.658 [ISOBUS] addr=0x81 claimed=Y load=14.4% msgs=64761 aiso=1703(1766066ms) xte=0.00m spd=0.00m/s q=0 ggaAge=52 vtgAge=51 xteAge=1766066 xteraw=80:510302FF0D080BFF vt=Y(21/22) vtstat=1693/519ms tc=Y drp=0mm tcq=0
17:20:01.655 [ISOBUS] addr=0x81 claimed=Y load=14.3% msgs=64802 aiso=1704(1767066ms) xte=0.00m spd=0.00m/s q=0 ggaAge=62 vtgAge=61 xteAge=1767066 xteraw=80:510302FF0D080BFF vt=Y(21/22) vtstat=1694/519ms tc=Y drp=0mm tcq=0
17:20:02.667 [ISOBUS] addr=0x81 claimed=Y load=14.0% msgs=64843 aiso=1705(1768066ms) xte=0.00m spd=0.00m/s q=0 ggaAge=62 vtgAge=61 xteAge=1768066 xteraw=80:510302FF0D080BFF vt=Y(21/22) vtstat=1695/519ms tc=Y drp=0mm tcq=0
17:20:03.679 [ISOBUS] addr=0x81 claimed=Y load=14.3% msgs=64884 aiso=1706(1769066ms) xte=0.00m spd=0.00m/s q=0 ggaAge=62 vtgAge=61 xteAge=1769066 xteraw=80:510302FF0D080BFF vt=Y(21/22) vtstat=1696/518ms tc=Y drp=0mm tcq=0
17:20:04.678 [ISOBUS] addr=0x81 claimed=Y load=14.0% msgs=64925 aiso=1707(1770066ms) xte=0.00m spd=0.00m/s q=0 ggaAge=61 vtgAge=61 xteAge=1770066 xteraw=80:510302FF0D080BFF vt=Y(21/22) vtstat=1697/518ms tc=Y drp=0mm tcq=0
17:20:05.670 [ISOBUS] addr=0x81 claimed=Y load=14.3% msgs=64966 aiso=1708(1771066ms) xte=0.00m spd=0.00m/s q=0 ggaAge=52 vtgAge=51 xteAge=1771066 xteraw=80:510302FF0D080BFF vt=Y(21/22) vtstat=1698/518ms tc=Y drp=0mm tcq=0
17:20:06.675 [ISOBUS] addr=0x81 claimed=Y load=14.0% msgs=65007 aiso=1709(1772066ms) xte=0.00m spd=0.00m/s q=0 ggaAge=60 vtgAge=59 xteAge=1772066 xteraw=80:510302FF0D080BFF vt=Y(21/22) vtstat=1699/517ms tc=Y drp=0mm tcq=0
17:20:07.660 [ISOBUS] addr=0x81 claimed=Y load=14.3% msgs=65048 aiso=1710(1773066ms) xte=0.00m spd=0.00m/s q=0 ggaAge=61 vtgAge=59 xteAge=1773066 xteraw=80:510302FF0D080BFF vt=Y(21/22) vtstat=1700/517ms tc=Y drp=0mm tcq=0
17:20:08.672 [ISOBUS] addr=0x81 claimed=Y load=14.0% msgs=65089 aiso=1711(1774066ms) xte=0.00m spd=0.00m/s q=0 ggaAge=61 vtgAge=61 xteAge=1774066 xteraw=80:510302FF0D080BFF vt=Y(21/22) vtstat=1701/517ms tc=Y drp=0mm tcq=0
17:20:09.658 [ISOBUS] addr=0x81 claimed=Y load=14.3% msgs=65130 aiso=1712(1775066ms) xte=0.00m spd=0.00m/s q=0 ggaAge=60 vtgAge=58 xteAge=1775066 xteraw=80:510302FF0D080BFF vt=Y(21/22) vtstat=1702/516ms tc=Y drp=0mm tcq=0
17:20:10.657 [ISOBUS] addr=0x81 claimed=Y load=14.4% msgs=65175 aiso=1713(1776066ms) xte=0.00m spd=0.00m/s q=0 ggaAge=61 vtgAge=61 xteAge=1776066 xteraw=80:510302FF0D080BFF vt=Y(21/22) vtstat=1703/516ms tc=Y drp=0mm tcq=0
17:20:11.676 [ISOBUS] addr=0x81 claimed=Y load=14.3% msgs=65216 aiso=1714(1777066ms) xte=0.00m spd=0.00m/s q=0 ggaAge=61 vtgAge=60 xteAge=1777066 xteraw=80:510302FF0D080BFF vt=Y(21/22) vtstat=1704/515ms tc=Y drp=0mm tcq=0
17:20:12.668 [ISOBUS] addr=0x81 claimed=Y load=14.0% msgs=65257 aiso=1715(1778066ms) xte=0.00m spd=0.00m/s q=0 ggaAge=62 vtgAge=61 xteAge=1778066 xteraw=80:510302FF0D080BFF vt=Y(21/22) vtstat=1705/515ms tc=Y drp=0mm tcq=0
17:20:13.678 [ISOBUS] addr=0x81 claimed=Y load=14.3% msgs=65298 aiso=1716(1779066ms) xte=0.00m spd=0.00m/s q=0 ggaAge=61 vtgAge=60 xteAge=1779066 xteraw=80:510302FF0D080BFF vt=Y(21/22) vtstat=1706/515ms tc=Y drp=0mm tcq=0
17:20:14.679 [ISOBUS] addr=0x81 claimed=Y load=14.0% msgs=65339 aiso=1717(1780066ms) xte=0.00m spd=0.00m/s q=0 ggaAge=62 vtgAge=61 xteAge=1780066 xteraw=80:510302FF0D080BFF vt=Y(21/22) vtstat=1707/514ms tc=Y drp=0mm tcq=0
17:20:15.668 [ISOBUS] addr=0x81 claimed=Y load=14.3% msgs=65380 aiso=1718(1781066ms) xte=0.00m spd=0.00m/s q=0 ggaAge=61 vtgAge=61 xteAge=1781066 xteraw=80:510302FF0D080BFF vt=Y(21/22) vtstat=1708/514ms tc=Y drp=0mm tcq=0
17:20:16.655 [ISOBUS] addr=0x81 claimed=Y load=14.0% msgs=65421 aiso=1719(1782066ms) xte=0.00m spd=0.00m/s q=0 ggaAge=62 vtgAge=62 xteAge=1782066 xteraw=80:510302FF0D080BFF vt=Y(21/22) vtstat=1709/513ms tc=Y drp=0mm tcq=0
17:20:17.674 [ISOBUS] addr=0x81 claimed=Y load=14.3% msgs=65462 aiso=1720(1783066ms) xte=0.00m spd=0.00m/s q=0 ggaAge=62 vtgAge=61 xteAge=1783066 xteraw=80:510302FF0D080BFF vt=Y(21/22) vtstat=1710/513ms tc=Y drp=0mm tcq=0
17:20:18.656 [ISOBUS] addr=0x81 claimed=Y load=14.0% msgs=65503 aiso=1721(1784066ms) xte=0.00m spd=0.00m/s q=0 ggaAge=61 vtgAge=59 xteAge=1784066 xteraw=80:510302FF0D080BFF vt=Y(21/22) vtstat=1711/513ms tc=Y drp=0mm tcq=0
17:20:19.654 [ISOBUS] addr=0x81 claimed=Y load=14.3% msgs=65544 aiso=1722(1785066ms) xte=0.00m spd=0.00m/s q=0 ggaAge=61 vtgAge=61 xteAge=1785066 xteraw=80:510302FF0D080BFF vt=Y(21/22) vtstat=1712/512ms tc=Y drp=0mm tcq=0
17:20:19.654 I] [NM]: Control function with address 205 and NAME 000000000000000lx is now offline on channel 198344577.
17:20:20.678 [ISOBUS] addr=0x81 claimed=Y load=14.4% msgs=65589 aiso=1723(1786066ms) xte=0.00m spd=0.00m/s q=0 ggaAge=53 vtgAge=52 xteAge=1786066 xteraw=80:510302FF0D080BFF vt=Y(21/22) vtstat=1713/512ms tc=Y drp=0mm tcq=0
17:20:20.927 I] [NM]: External control function with name 000000000000000lx has claimed address 198344577 on channel 2684363008.
17:20:21.657 [ISOBUS] addr=0x81 claimed=Y load=14.3% msgs=65630 aiso=1724(1787066ms) xte=0.00m spd=0.00m/s q=0 ggaAge=62 vtgAge=61 xteAge=1787066 xteraw=80:510302FF0D080BFF vt=Y(21/22) vtstat=1714/512ms tc=Y drp=0mm tcq=0
17:20:22.666 [ISOBUS] addr=0x81 claimed=Y load=14.0% msgs=65671 aiso=1725(1788066ms) xte=0.00m spd=0.00m/s q=0 ggaAge=61 vtgAge=61 xteAge=1788066 xteraw=80:510302FF0D080BFF vt=Y(21/22) vtstat=1715/511ms tc=Y drp=0mm tcq=0
17:20:23.666 [ISOBUS] addr=0x81 claimed=Y load=14.2% msgs=65712 aiso=1726(1789066ms) xte=0.00m spd=0.00m/s q=0 ggaAge=62 vtgAge=61 xteAge=1789066 xteraw=80:510302FF0D080BFF vt=Y(21/22) vtstat=1716/511ms tc=Y drp=0mm tcq=0
17:20:24.680 [ISOBUS] addr=0x81 claimed=Y load=14.0% msgs=65753 aiso=1727(1790066ms) xte=0.00m spd=0.00m/s q=0 ggaAge=62 vtgAge=61 xteAge=1790066 xteraw=80:510302FF0D080BFF vt=Y(21/22) vtstat=1717/511ms tc=Y drp=0mm tcq=0
17:20:25.665 [ISOBUS] addr=0x81 claimed=Y load=14.3% msgs=65794 aiso=1728(1791066ms) xte=0.00m spd=0.00m/s q=0 ggaAge=61 vtgAge=61 xteAge=1791066 xteraw=80:510302FF0D080BFF vt=Y(21/22) vtstat=1718/510ms tc=Y drp=0mm tcq=0
17:20:26.655 [ISOBUS] addr=0x81 claimed=Y load=14.0% msgs=65835 aiso=1729(1792066ms) xte=0.00m spd=0.00m/s q=0 ggaAge=61 vtgAge=61 xteAge=1792066 xteraw=80:510302FF0D080BFF vt=Y(21/22) vtstat=1719/510ms tc=Y drp=0mm tcq=0
17:20:27.674 [ISOBUS] addr=0x81 claimed=Y load=14.3% msgs=65876 aiso=1730(1793066ms) xte=0.00m spd=0.00m/s q=0 ggaAge=62 vtgAge=61 xteAge=1793066 xteraw=80:510302FF0D080BFF vt=Y(21/22) vtstat=1720/509ms tc=Y drp=0mm tcq=0
17:20:28.671 [ISOBUS] addr=0x81 claimed=Y load=14.0% msgs=65917 aiso=1731(1794066ms) xte=0.00m spd=0.00m/s q=0 ggaAge=62 vtgAge=62 xteAge=1794066 xteraw=80:510302FF0D080BFF vt=Y(21/22) vtstat=1721/509ms tc=Y drp=0mm tcq=0
17:20:29.660 [ISOBUS] addr=0x81 claimed=Y load=14.3% msgs=65958 aiso=1732(1795066ms) xte=0.00m spd=0.00m/s q=0 ggaAge=61 vtgAge=60 xteAge=1795066 xteraw=80:510302FF0D080BFF vt=Y(21/22) vtstat=1722/509ms tc=Y drp=0mm tcq=0
17:20:30.660 [ISOBUS] addr=0x81 claimed=Y load=14.4% msgs=66003 aiso=1733(1796066ms) xte=0.00m spd=0.00m/s q=0 ggaAge=62 vtgAge=61 xteAge=1796066 xteraw=80:510302FF0D080BFF vt=Y(21/22) vtstat=1723/508ms tc=Y drp=0mm tcq=0
17:20:31.662 [ISOBUS] addr=0x81 claimed=Y load=14.3% msgs=66044 aiso=1734(1797066ms) xte=0.00m spd=0.00m/s q=0 ggaAge=61 vtgAge=61 xteAge=1797066 xteraw=80:510302FF0D080BFF vt=Y(21/22) vtstat=1724/508ms tc=Y drp=0mm tcq=0
17:20:32.674 [ISOBUS] addr=0x81 claimed=Y load=14.0% msgs=66085 aiso=1735(1798066ms) xte=0.00m spd=0.00m/s q=0 ggaAge=61 vtgAge=61 xteAge=1798066 xteraw=80:510302FF0D080BFF vt=Y(21/22) vtstat=1725/508ms tc=Y drp=0mm tcq=0
17:20:33.657 [ISOBUS] addr=0x81 claimed=Y load=14.3% msgs=66126 aiso=1736(1799066ms) xte=0.00m spd=0.00m/s q=0 ggaAge=62 vtgAge=61 xteAge=1799066 xteraw=80:510302FF0D080BFF vt=Y(21/22) vtstat=1726/507ms tc=Y drp=0mm tcq=0
17:20:34.691 [ISOBUS] addr=0x81 claimed=Y load=14.0% msgs=66167 aiso=1737(1800066ms) xte=0.00m spd=0.00m/s q=0 ggaAge=62 vtgAge=61 xteAge=1800066 xteraw=80:510302FF0D080BFF vt=Y(21/22) vtstat=1727/507ms tc=Y drp=0mm tcq=0
17:20:35.662 [ISOBUS] addr=0x81 claimed=Y load=14.3% msgs=66208 aiso=1738(1801066ms) xte=0.00m spd=0.00m/s q=0 ggaAge=61 vtgAge=61 xteAge=1801066 xteraw=80:510302FF0D080BFF vt=Y(21/22) vtstat=1728/507ms tc=Y drp=0mm tcq=0
17:20:36.679 [ISOBUS] addr=0x81 claimed=Y load=14.0% msgs=66249 aiso=1739(1802066ms) xte=0.00m spd=0.00m/s q=0 ggaAge=61 vtgAge=60 xteAge=1802066 xteraw=80:510302FF0D080BFF vt=Y(21/22) vtstat=1729/506ms tc=Y drp=0mm tcq=0
17:20:37.662 [ISOBUS] addr=0x81 claimed=Y load=14.3% msgs=66290 aiso=1740(1803066ms) xte=0.00m spd=0.00m/s q=0 ggaAge=62 vtgAge=62 xteAge=1803066 xteraw=80:510302FF0D080BFF vt=Y(21/22) vtstat=1730/506ms tc=Y drp=0mm tcq=0
17:20:38.659 [ISOBUS] addr=0x81 claimed=Y load=14.0% msgs=66331 aiso=1741(1804066ms) xte=0.00m spd=0.00m/s q=0 ggaAge=62 vtgAge=62 xteAge=1804066 xteraw=80:510302FF0D080BFF vt=Y(21/22) vtstat=1731/505ms tc=Y drp=0mm tcq=0
17:20:39.676 [ISOBUS] addr=0x81 claimed=Y load=14.3% msgs=66372 aiso=1742(1805066ms) xte=0.00m spd=0.00m/s q=0 ggaAge=61 vtgAge=60 xteAge=1805066 xteraw=80:510302FF0D080BFF vt=Y(21/22) vtstat=1732/505ms tc=Y drp=0mm tcq=0
17:20:40.678 [ISOBUS] addr=0x81 claimed=Y load=14.4% msgs=66417 aiso=1743(1806066ms) xte=0.00m spd=0.00m/s q=0 ggaAge=53 vtgAge=52 xteAge=1806066 xteraw=80:510302FF0D080BFF vt=Y(21/22) vtstat=1733/505ms tc=Y drp=0mm tcq=0
17:20:41.681 [ISOBUS] addr=0x81 claimed=Y load=14.3% msgs=66458 aiso=1744(1807066ms) xte=0.00m spd=0.00m/s q=0 ggaAge=62 vtgAge=61 xteAge=1807066 xteraw=80:510302FF0D080BFF vt=Y(21/22) vtstat=1734/504ms tc=Y drp=0mm tcq=0
17:20:42.675 [ISOBUS] addr=0x81 claimed=Y load=14.0% msgs=66499 aiso=1745(1808066ms) xte=0.00m spd=0.00m/s q=0 ggaAge=62 vtgAge=61 xteAge=1808066 xteraw=80:510302FF0D080BFF vt=Y(21/22) vtstat=1735/504ms tc=Y drp=0mm tcq=0
17:20:43.657 [ISOBUS] addr=0x81 claimed=Y load=14.3% msgs=66540 aiso=1746(1809066ms) xte=0.00m spd=0.00m/s q=0 ggaAge=62 vtgAge=61 xteAge=1809066 xteraw=80:510302FF0D080BFF vt=Y(21/22) vtstat=1736/504ms tc=Y drp=0mm tcq=0
17:20:44.659 [ISOBUS] addr=0x81 claimed=Y load=14.0% msgs=66581 aiso=1747(1810066ms) xte=0.00m spd=0.00m/s q=0 ggaAge=62 vtgAge=61 xteAge=1810066 xteraw=80:510302FF0D080BFF vt=Y(21/22) vtstat=1737/503ms tc=Y drp=0mm tcq=0
17:20:45.666 [ISOBUS] addr=0x81 claimed=Y load=14.3% msgs=66622 aiso=1748(1811066ms) xte=0.00m spd=0.00m/s q=0 ggaAge=62 vtgAge=61 xteAge=1811066 xteraw=80:510302FF0D080BFF vt=Y(21/22) vtstat=1738/503ms tc=Y drp=0mm tcq=0
17:20:46.662 [ISOBUS] addr=0x81 claimed=Y load=14.0% msgs=66663 aiso=1749(1812066ms) xte=0.00m spd=0.00m/s q=0 ggaAge=62 vtgAge=61 xteAge=1812066 xteraw=80:510302FF0D080BFF vt=Y(21/22) vtstat=1739/503ms tc=Y drp=0mm tcq=0
17:20:47.674 [ISOBUS] addr=0x81 claimed=Y load=14.3% msgs=66704 aiso=1750(1813066ms) xte=0.00m spd=0.00m/s q=0 ggaAge=62 vtgAge=62 xteAge=1813066 xteraw=80:510302FF0D080BFF vt=Y(21/22) vtstat=1740/502ms tc=Y drp=0mm tcq=0
17:20:48.661 [ISOBUS] addr=0x81 claimed=Y load=14.0% msgs=66745 aiso=1751(1814066ms) xte=0.00m spd=0.00m/s q=0 ggaAge=62 vtgAge=61 xteAge=1814066 xteraw=80:510302FF0D080BFF vt=Y(21/22) vtstat=1741/502ms tc=Y drp=0mm tcq=0
17:20:49.658 [ISOBUS] addr=0x81 claimed=Y load=14.3% msgs=66786 aiso=1752(1815066ms) xte=0.00m spd=0.00m/s q=0 ggaAge=61 vtgAge=61 xteAge=1815066 xteraw=80:510302FF0D080BFF vt=Y(21/22) vtstat=1742/502ms tc=Y drp=0mm tcq=0
17:20:50.662 [ISOBUS] addr=0x81 claimed=Y load=14.4% msgs=66831 aiso=1753(1816066ms) xte=0.00m spd=0.00m/s q=0 ggaAge=62 vtgAge=61 xteAge=1816066 xteraw=80:510302FF0D080BFF vt=Y(21/22) vtstat=1743/501ms tc=Y drp=0mm tcq=0
17:20:51.673 [ISOBUS] addr=0x81 claimed=Y load=14.3% msgs=66872 aiso=1754(1817066ms) xte=0.00m spd=0.00m/s q=0 ggaAge=62 vtgAge=61 xteAge=1817066 xteraw=80:510302FF0D080BFF vt=Y(21/22) vtstat=1744/501ms tc=Y drp=0mm tcq=0
17:20:52.674 [ISOBUS] addr=0x81 claimed=Y load=14.0% msgs=66913 aiso=1755(1818066ms) xte=0.00m spd=0.00m/s q=0 ggaAge=61 vtgAge=60 xteAge=1818066 xteraw=80:510302FF0D080BFF vt=Y(21/22) vtstat=1745/501ms tc=Y drp=0mm tcq=0
17:20:53.676 [ISOBUS] addr=0x81 claimed=Y load=14.3% msgs=66954 aiso=1756(1819066ms) xte=0.00m spd=0.00m/s q=0 ggaAge=62 vtgAge=62 xteAge=1819066 xteraw=80:510302FF0D080BFF vt=Y(21/22) vtstat=1746/500ms tc=Y drp=0mm tcq=0
17:20:54.672 [ISOBUS] addr=0x81 claimed=Y load=14.0% msgs=66995 aiso=1757(1820066ms) xte=0.00m spd=0.00m/s q=0 ggaAge=61 vtgAge=61 xteAge=1820066 xteraw=80:510302FF0D080BFF vt=Y(21/22) vtstat=1747/500ms tc=Y drp=0mm tcq=0
17:20:55.672 [ISOBUS] addr=0x81 claimed=Y load=14.3% msgs=67036 aiso=1758(1821066ms) xte=0.00m spd=0.00m/s q=0 ggaAge=62 vtgAge=61 xteAge=1821066 xteraw=80:510302FF0D060BFF vt=Y(21/22) vtstat=1748/500ms tc=Y drp=0mm tcq=0
17:20:56.654 [ISOBUS] addr=0x81 claimed=Y load=14.0% msgs=67077 aiso=1759(1822066ms) xte=0.00m spd=0.00m/s q=0 ggaAge=61 vtgAge=60 xteAge=1822066 xteraw=80:510302FF0D060BFF vt=Y(21/22) vtstat=1749/499ms tc=Y drp=0mm tcq=0
17:20:57.681 [ISOBUS] addr=0x81 claimed=Y load=14.3% msgs=67118 aiso=1760(1823066ms) xte=0.00m spd=0.00m/s q=0 ggaAge=62 vtgAge=62 xteAge=1823066 xteraw=80:510302FF0D060BFF vt=Y(21/22) vtstat=1750/498ms tc=Y drp=0mm tcq=0
17:20:58.672 [ISOBUS] addr=0x81 claimed=Y load=14.0% msgs=67159 aiso=1761(1824066ms) xte=0.00m spd=0.00m/s q=0 ggaAge=61 vtgAge=61 xteAge=1824066 xteraw=80:510302FF0D060BFF vt=Y(21/22) vtstat=1751/498ms tc=Y drp=0mm tcq=0
17:20:59.682 [ISOBUS] addr=0x81 claimed=Y load=14.3% msgs=67200 aiso=1762(1825066ms) xte=0.00m spd=0.00m/s q=0 ggaAge=61 vtgAge=60 xteAge=1825066 xteraw=80:510302FF0D060BFF vt=Y(21/22) vtstat=1752/498ms tc=Y drp=0mm tcq=0
17:21:00.664 [ISOBUS] addr=0x81 claimed=Y load=14.4% msgs=67245 aiso=1763(1826066ms) xte=0.00m spd=0.00m/s q=0 ggaAge=62 vtgAge=62 xteAge=1826066 xteraw=80:510302FF0D060BFF vt=Y(21/22) vtstat=1753/498ms tc=Y drp=0mm tcq=0
17:21:01.686 [ISOBUS] addr=0x81 claimed=Y load=14.3% msgs=67286 aiso=1764(1827066ms) xte=0.00m spd=0.00m/s q=0 ggaAge=61 vtgAge=61 xteAge=1827066 xteraw=80:510302FF0D060BFF vt=Y(21/22) vtstat=1754/497ms tc=Y drp=0mm tcq=0
17:21:02.654 [ISOBUS] addr=0x81 claimed=Y load=14.0% msgs=67327 aiso=1765(1828066ms) xte=0.00m spd=0.00m/s q=0 ggaAge=62 vtgAge=61 xteAge=1828066 xteraw=80:510302FF0D060BFF vt=Y(21/22) vtstat=1755/497ms tc=Y drp=0mm tcq=0
17:21:03.676 [ISOBUS] addr=0x81 claimed=Y load=14.3% msgs=67368 aiso=1766(1829066ms) xte=0.00m spd=0.00m/s q=0 ggaAge=62 vtgAge=61 xteAge=1829066 xteraw=80:510302FF0D060BFF vt=Y(21/22) vtstat=1756/497ms tc=Y drp=0mm tcq=0
17:21:04.676 [ISOBUS] addr=0x81 claimed=Y load=14.0% msgs=67409 aiso=1767(1830066ms) xte=0.00m spd=0.00m/s q=0 ggaAge=62 vtgAge=61 xteAge=1830066 xteraw=80:510302FF0D060BFF vt=Y(21/22) vtstat=1757/496ms tc=Y drp=0mm tcq=0
17:21:05.663 [ISOBUS] addr=0x81 claimed=Y load=14.3% msgs=67450 aiso=1768(1831066ms) xte=0.00m spd=0.00m/s q=0 ggaAge=61 vtgAge=61 xteAge=1831066 xteraw=80:510302FF0D060BFF vt=Y(21/22) vtstat=1758/496ms tc=Y drp=0mm tcq=0
17:21:06.663 [ISOBUS] addr=0x81 claimed=Y load=14.0% msgs=67491 aiso=1769(1832066ms) xte=0.00m spd=0.00m/s q=0 ggaAge=62 vtgAge=62 xteAge=1832066 xteraw=80:510302FF0D060BFF vt=Y(21/22) vtstat=1759/495ms tc=Y drp=0mm tcq=0
17:21:07.659 [ISOBUS] addr=0x81 claimed=Y load=14.3% msgs=67532 aiso=1770(1833066ms) xte=0.00m spd=0.00m/s q=0 ggaAge=62 vtgAge=62 xteAge=1833066 xteraw=80:510302FF0D060BFF vt=Y(21/22) vtstat=1760/495ms tc=Y drp=0mm tcq=0
17:21:08.684 [ISOBUS] addr=0x81 claimed=Y load=14.0% msgs=67573 aiso=1771(1834066ms) xte=0.00m spd=0.00m/s q=0 ggaAge=61 vtgAge=61 xteAge=1834066 xteraw=80:510302FF0D060BFF vt=Y(21/22) vtstat=1761/495ms tc=Y drp=0mm tcq=0
17:21:09.662 [ISOBUS] addr=0x81 claimed=Y load=14.3% msgs=67614 aiso=1772(1835066ms) xte=0.00m spd=0.00m/s q=0 ggaAge=62 vtgAge=61 xteAge=1835066 xteraw=80:510302FF0D060BFF vt=Y(21/22) vtstat=1762/494ms tc=Y drp=0mm tcq=0
17:21:10.683 [ISOBUS] addr=0x81 claimed=Y load=14.4% msgs=67659 aiso=1773(1836066ms) xte=0.00m spd=0.00m/s q=0 ggaAge=62 vtgAge=61 xteAge=1836066 xteraw=80:510302FF0D060BFF vt=Y(21/22) vtstat=1763/494ms tc=Y drp=0mm tcq=0
17:21:11.674 [ISOBUS] addr=0x81 claimed=Y load=14.3% msgs=67700 aiso=1774(1837066ms) xte=0.00m spd=0.00m/s q=0 ggaAge=61 vtgAge=61 xteAge=1837066 xteraw=80:510302FF0D060BFF vt=Y(21/22) vtstat=1764/494ms tc=Y drp=0mm tcq=0
17:21:12.684 [ISOBUS] addr=0x81 claimed=Y load=14.0% msgs=67741 aiso=1775(1838066ms) xte=0.00m spd=0.00m/s q=0 ggaAge=63 vtgAge=62 xteAge=1838066 xteraw=80:510302FF0D060BFF vt=Y(21/22) vtstat=1765/493ms tc=Y drp=0mm tcq=0
17:21:13.659 [ISOBUS] addr=0x81 claimed=Y load=10.0% msgs=67765 aiso=1775(1839066ms) xte=0.00m spd=0.00m/s q=0 ggaAge=462 vtgAge=462 xteAge=1839066 xteraw=80:510302FF0D060BFF vt=Y(21/22) vtstat=1766/493ms tc=Y drp=0mm tcq=0
17:21:14.666 [ISOBUS] addr=0x81 claimed=Y load=0.2% msgs=67765 aiso=1775(1840066ms) xte=0.00m spd=0.00m/s q=0 ggaAge=1462 vtgAge=1462 xteAge=1840066 xteraw=80:510302FF0D060BFF vt=Y(21/22) vtstat=1766/1493ms tc=Y drp=0mm tcq=0
17:21:15.142 W] [VT]: Server response to a command timed out
17:21:15.680 [ISOBUS] addr=0x81 claimed=Y load=0.1% msgs=67765 aiso=1775(1841066ms) xte=0.00m spd=0.00m/s q=0 ggaAge=2462 vtgAge=2462 xteAge=1841066 xteraw=80:510302FF0D060BFF vt=Y(21/22) vtstat=1766/2493ms tc=Y drp=0mm tcq=0
17:21:16.189 E] [VT]: Status Timeout
17:21:16.660 [ISOBUS] addr=0x81 claimed=Y load=0.1% msgs=67765 aiso=1775(1842066ms) xte=0.00m spd=0.00m/s q=0 ggaAge=3462 vtgAge=3462 xteAge=1842066 xteraw=80:510302FF0D060BFF vt=N(1/22) vtstat=1766/3493ms tc=Y drp=0mm tcq=0
17:21:17.432 E] [TC]: Server Status Message Timeout. The TC may be offline.
17:21:17.679 [ISOBUS] addr=0x81 claimed=Y load=0.0% msgs=67765 aiso=1775(1843066ms) xte=0.00m spd=0.00m/s q=0 ggaAge=4462 vtgAge=4462 xteAge=1843066 xteraw=80:510302FF0D060BFF vt=N(1/22) vtstat=1766/4493ms tc=N drp=0mm tcq=0
17:21:18.662 [ISOBUS] addr=0x81 claimed=Y load=0.0% msgs=67765 aiso=1775(1844066ms) xte=0.00m spd=0.00m/s q=0 ggaAge=5462 vtgAge=5462 xteAge=1844066 xteraw=80:510302FF0D060BFF vt=N(1/22) vtstat=1766/5493ms tc=N drp=0mm tcq=0
17:21:19.686 [ISOBUS] addr=0x81 claimed=Y load=0.0% msgs=67765 aiso=1775(1845066ms) xte=0.00m spd=0.00m/s q=0 ggaAge=6462 vtgAge=6462 xteAge=1845066 xteraw=80:510302FF0D060BFF vt=N(1/22) vtstat=1766/6493ms tc=N drp=0mm tcq=0
17:21:20.663 [ISOBUS] addr=0x81 claimed=Y load=0.3% msgs=67765 aiso=1775(1846066ms) xte=0.00m spd=0.00m/s q=0 ggaAge=7462 vtgAge=7462 xteAge=1846066 xteraw=80:510302FF0D060BFF vt=N(1/22) vtstat=1766/7493ms tc=N drp=0mm tcq=0
17:21:21.662 [ISOBUS] addr=0x81 claimed=Y load=0.0% msgs=67765 aiso=1775(1847066ms) xte=0.00m spd=0.00m/s q=0 ggaAge=8462 vtgAge=8462 xteAge=1847066 xteraw=80:510302FF0D060BFF vt=N(1/22) vtstat=1766/8493ms tc=N drp=0mm tcq=0
17:21:22.687 [ISOBUS] addr=0x81 claimed=Y load=0.0% msgs=67765 aiso=1775(1848066ms) xte=0.00m spd=0.00m/s q=0 ggaAge=9462 vtgAge=9462 xteAge=1848066 xteraw=80:510302FF0D060BFF vt=N(1/22) vtstat=1766/9493ms tc=N drp=0mm tcq=0
17:21:23.676 [ISOBUS] addr=0x81 claimed=Y load=0.0% msgs=67765 aiso=1775(1849066ms) xte=0.00m spd=0.00m/s q=0 ggaAge=10462 vtgAge=10462 xteAge=1849066 xteraw=80:510302FF0D060BFF vt=N(1/22) vtstat=1766/10493ms tc=N drp=0mm tcq=0
17:21:24.660 [ISOBUS] addr=0x81 claimed=Y load=0.0% msgs=67765 aiso=1775(1850066ms) xte=0.00m spd=0.00m/s q=0 ggaAge=11462 vtgAge=11462 xteAge=1850066 xteraw=80:510302FF0D060BFF vt=N(1/22) vtstat=1766/11493ms tc=N drp=0mm tcq=0
17:21:25.679 [ISOBUS] addr=0x81 claimed=Y load=0.0% msgs=67765 aiso=1775(1851066ms) xte=0.00m spd=0.00m/s q=0 ggaAge=12462 vtgAge=12462 xteAge=1851066 xteraw=80:510302FF0D060BFF vt=N(1/22) vtstat=1766/12493ms tc=N drp=0mm tcq=0
17:21:26.183 VT: disconnected 10s after having been connected -- forcing reconnect attempt 5 (partner addr=0x26 valid=Y)
17:21:26.183 I] [VT]: VT Client connection has been terminated.
17:21:26.680 [ISOBUS] addr=0x81 claimed=Y load=0.0% msgs=67765 aiso=1775(1852066ms) xte=0.00m spd=0.00m/s q=0 ggaAge=13462 vtgAge=13462 xteAge=1852066 xteraw=80:510302FF0D060BFF vt=N(1/22) vtstat=1766/13493ms tc=N drp=0mm tcq=0
17:21:27.663 [ISOBUS] addr=0x81 claimed=Y load=0.0% msgs=67765 aiso=1775(1853066ms) xte=0.00m spd=0.00m/s q=0 ggaAge=14462 vtgAge=14462 xteAge=1853066 xteraw=80:510302FF0D060BFF vt=N(1/22) vtstat=1766/14493ms tc=N drp=0mm tcq=0
