14:49:06.461 ### logger started (auto: PJRC 16C0:0483)
15:49:50.790 ### port COM4 open
15:49:52.503 --------------------------------
15:49:52.507 -----------MeijWorks------------
15:49:52.537 --------------------------------
15:49:52.539 Ploughcontrol ISOBUS version 0.1
15:49:52.539 (c) 2011 - 2026 by J.A. Woltjer 
15:49:52.539 --------------------------------
15:49:54.212 -------------------------------
15:49:54.214 Tractor using following data:
15:49:54.214 -------------------------------
15:49:54.214 Speed calibration
15:49:54.216 250
15:49:54.216 -------------------------------
15:49:54.216 Simspeed
15:49:54.216 1.00
15:49:54.218 -------------------------------
15:49:54.218 Sim time
15:49:54.219 2
15:49:54.219 -------------------------------
15:49:54.219 Sim mode
15:49:54.219 1
15:49:54.222 -------------------------------
15:49:54.222 Invert hitch signal
15:49:54.222 1
15:49:54.222 -------------------------------
15:49:54.223 Times started
15:49:54.223 255
15:49:54.224 --------------------------
15:49:54.224 Using following data:
15:49:54.224 --------------------------
15:49:54.226 Offset calibration data
15:49:54.226 600, 34
15:49:54.227 461, 42
15:49:54.227 308, 50
15:49:54.227 --------------------------
15:49:54.227 Number of shares
15:49:54.227 4
15:49:54.229 --------------------------
15:49:54.229 error margin
15:49:54.229 2
15:49:54.231 --------------------------
15:49:54.231 error ploughside
15:49:54.232 1
15:49:54.232 --------------------------
15:49:54.233 Maximum correction
15:49:54.233 50
15:49:54.233 --------------------------
15:49:54.234 =====================================
15:49:54.234 Guidance source using following data:
15:49:54.234 =====================================
15:49:54.236 RTK Quality
15:49:54.236 4
15:49:54.236 -------------------------------
15:49:54.236 Times started
15:49:54.238 255
15:49:54.239 --------------------------
15:49:54.239 Using following data:
15:49:54.239 --------------------------
15:49:54.240 Offset calibration data
15:49:54.240 600, 34
15:49:54.241 461, 42
15:49:54.241 308, 50
15:49:54.241 --------------------------
15:49:54.243 Number of shares
15:49:54.243 4
15:49:54.243 --------------------------
15:49:54.243 error margin
15:49:54.244 2
15:49:54.244 --------------------------
15:49:54.244 error ploughside
15:49:54.244 1
15:49:54.246 --------------------------
15:49:54.246 Maximum correction
15:49:54.246 50
15:49:54.247 --------------------------
15:49:54.247 CAN controller at start: error-active, TX err 0, RX err 0
15:49:54.466 IsobusGuidanceChannel: claiming address address claimed: 0x81
15:49:54.467 CAN controller after the claim: error-active, TX err 0, RX err 0
15:49:54.467 Lightbar: presenting as an Ag Leader L160, claiming 0xDC
15:49:54.467 I] [NM]: A partner with name 000000000000000lx has claimed address 2684361992 on channel 197275905.
15:49:54.469 IsobusDebugMenu: send any character to open the status menu.
15:49:56.633 === ISOBUS DEBUG MENU ===
15:49:56.633 1. Full status dump
15:49:56.635 2. Periodic summary line (OFF - press to toggle)
15:49:56.946 ### auto: 1 Hz line was OFF -> switched ON
15:49:56.946 3. Reset message counters
15:49:56.948 4. Dump DDOP as hex (open in AgIsoDDOPGenerator)
15:49:56.948 5. Dump VT object pool as hex
15:49:56.948 q. Exit
15:49:56.950 Periodic summary line: ON
15:49:56.950 === ISOBUS DEBUG MENU ===
15:49:56.950 1. Full status dump
15:49:56.952 2. Periodic summary line (ON - press to toggle)
15:49:56.952 3. Reset message counters
15:49:56.954 4. Dump DDOP as hex (open in AgIsoDDOPGenerator)
15:49:56.954 5. Dump VT object pool as hex
15:49:56.954 q. Exit
15:49:56.954 Exiting.
15:49:56.954 [ISOBUS] addr=0x81 claimed=Y load=10.9% msgs=6 aiso=1(7632ms) xte=0.00m spd=0.00m/s q=0 ggaAge=7632 vtgAge=7632 xteAge=7632 vt=N(1/22) vtstat=0/0ms tc=N drp=0mm tcq=0
15:49:56.956 Lightbar: address claimed: 0xDC
15:49:57.386 I] [VT]: VT Server has a matching label for MW08   . It will be loaded and upload will be skipped.
15:49:57.578 I] [VT]: Loaded object pool version from VT non-volatile memory with no errors.
15:49:57.812 [ISOBUS] addr=0x81 claimed=Y load=13.6% msgs=19 aiso=2(8632ms) xte=0.00m spd=0.00m/s q=0 ggaAge=8632 vtgAge=8632 xteAge=8632 vt=Y(21/22) vtstat=1/466ms tc=N drp=0mm tcq=0
15:49:58.829 [ISOBUS] addr=0x81 claimed=Y load=12.0% msgs=30 aiso=3(9632ms) xte=0.00m spd=0.00m/s q=0 ggaAge=9632 vtgAge=9632 xteAge=9632 vt=Y(21/22) vtstat=2/466ms tc=N drp=0mm tcq=0
15:49:59.806 [ISOBUS] addr=0x81 claimed=Y load=12.0% msgs=41 aiso=4(10632ms) xte=0.00m spd=0.00m/s q=0 ggaAge=10632 vtgAge=10632 xteAge=10632 vt=Y(21/22) vtstat=3/462ms tc=N drp=0mm tcq=0
15:50:00.810 [ISOBUS] addr=0x81 claimed=Y load=12.0% msgs=52 aiso=5(11632ms) xte=0.00m spd=0.00m/s q=0 ggaAge=11632 vtgAge=11632 xteAge=11632 vt=Y(21/22) vtstat=4/462ms tc=N drp=0mm tcq=0
15:50:01.799 [ISOBUS] addr=0x81 claimed=Y load=12.0% msgs=63 aiso=6(12632ms) xte=0.00m spd=0.00m/s q=0 ggaAge=12632 vtgAge=12632 xteAge=12632 vt=Y(21/22) vtstat=5/462ms tc=N drp=0mm tcq=0
15:50:02.810 [ISOBUS] addr=0x81 claimed=Y load=12.0% msgs=74 aiso=7(13632ms) xte=0.00m spd=0.00m/s q=0 ggaAge=13632 vtgAge=13632 xteAge=13632 vt=Y(21/22) vtstat=6/462ms tc=N drp=0mm tcq=0
15:50:03.822 [ISOBUS] addr=0x81 claimed=Y load=12.0% msgs=85 aiso=8(14632ms) xte=0.00m spd=0.00m/s q=0 ggaAge=14632 vtgAge=14632 xteAge=14632 vt=Y(21/22) vtstat=7/462ms tc=N drp=0mm tcq=0
15:50:04.820 [ISOBUS] addr=0x81 claimed=Y load=12.5% msgs=100 aiso=9(15632ms) xte=0.00m spd=0.00m/s q=0 ggaAge=15632 vtgAge=15632 xteAge=15632 vt=Y(21/22) vtstat=8/462ms tc=N drp=0mm tcq=0
15:50:05.821 [ISOBUS] addr=0x81 claimed=Y load=12.0% msgs=111 aiso=10(16632ms) xte=0.00m spd=0.00m/s q=0 ggaAge=16632 vtgAge=16632 xteAge=16632 vt=Y(21/22) vtstat=9/462ms tc=N drp=0mm tcq=0
15:50:06.814 [ISOBUS] addr=0x81 claimed=Y load=12.0% msgs=122 aiso=11(17632ms) xte=0.00m spd=0.00m/s q=0 ggaAge=17632 vtgAge=17632 xteAge=17632 vt=Y(21/22) vtstat=10/462ms tc=N drp=0mm tcq=0
15:50:07.799 [ISOBUS] addr=0x81 claimed=Y load=12.0% msgs=133 aiso=12(18632ms) xte=0.00m spd=0.00m/s q=0 ggaAge=18632 vtgAge=18632 xteAge=18632 vt=Y(21/22) vtstat=11/462ms tc=N drp=0mm tcq=0
15:50:08.811 [ISOBUS] addr=0x81 claimed=Y load=12.0% msgs=144 aiso=13(19632ms) xte=0.00m spd=0.00m/s q=0 ggaAge=19632 vtgAge=19632 xteAge=19632 vt=Y(21/22) vtstat=12/462ms tc=N drp=0mm tcq=0
15:50:09.819 [ISOBUS] addr=0x81 claimed=Y load=12.0% msgs=155 aiso=14(20632ms) xte=0.00m spd=0.00m/s q=0 ggaAge=20632 vtgAge=20632 xteAge=20632 vt=Y(21/22) vtstat=13/462ms tc=N drp=0mm tcq=0
15:50:10.800 [ISOBUS] addr=0x81 claimed=Y load=12.0% msgs=166 aiso=15(21632ms) xte=0.00m spd=0.00m/s q=0 ggaAge=21632 vtgAge=21632 xteAge=21632 vt=Y(21/22) vtstat=14/458ms tc=N drp=0mm tcq=0
15:50:11.820 [ISOBUS] addr=0x81 claimed=Y load=12.0% msgs=177 aiso=16(22632ms) xte=0.00m spd=0.00m/s q=0 ggaAge=22632 vtgAge=22632 xteAge=22632 vt=Y(21/22) vtstat=15/458ms tc=N drp=0mm tcq=0
15:50:12.823 [ISOBUS] addr=0x81 claimed=Y load=12.0% msgs=188 aiso=17(23632ms) xte=0.00m spd=0.00m/s q=0 ggaAge=23632 vtgAge=23632 xteAge=23632 vt=Y(21/22) vtstat=16/458ms tc=N drp=0mm tcq=0
15:50:13.795 [ISOBUS] addr=0x81 claimed=Y load=12.0% msgs=199 aiso=18(24632ms) xte=0.00m spd=0.00m/s q=0 ggaAge=24632 vtgAge=24632 xteAge=24632 vt=Y(21/22) vtstat=17/458ms tc=N drp=0mm tcq=0
15:50:14.811 [ISOBUS] addr=0x81 claimed=Y load=12.5% msgs=214 aiso=19(25632ms) xte=0.00m spd=0.00m/s q=0 ggaAge=25632 vtgAge=25632 xteAge=25632 vt=Y(21/22) vtstat=18/458ms tc=N drp=0mm tcq=0
15:50:15.816 [ISOBUS] addr=0x81 claimed=Y load=12.0% msgs=225 aiso=20(26632ms) xte=0.00m spd=0.00m/s q=0 ggaAge=26632 vtgAge=26632 xteAge=26632 vt=Y(21/22) vtstat=19/458ms tc=N drp=0mm tcq=0
15:50:16.807 [ISOBUS] addr=0x81 claimed=Y load=12.0% msgs=236 aiso=21(27632ms) xte=0.00m spd=0.00m/s q=0 ggaAge=27632 vtgAge=27632 xteAge=27632 vt=Y(21/22) vtstat=20/458ms tc=N drp=0mm tcq=0
15:50:17.814 [ISOBUS] addr=0x81 claimed=Y load=12.0% msgs=247 aiso=22(28632ms) xte=0.00m spd=0.00m/s q=0 ggaAge=28632 vtgAge=28632 xteAge=28632 vt=Y(21/22) vtstat=21/458ms tc=N drp=0mm tcq=0
15:50:18.800 [ISOBUS] addr=0x81 claimed=Y load=12.0% msgs=258 aiso=23(29632ms) xte=0.00m spd=0.00m/s q=0 ggaAge=29632 vtgAge=29632 xteAge=29632 vt=Y(21/22) vtstat=22/458ms tc=N drp=0mm tcq=0
15:50:19.823 [ISOBUS] addr=0x81 claimed=Y load=12.0% msgs=269 aiso=24(30632ms) xte=0.00m spd=0.00m/s q=0 ggaAge=30632 vtgAge=30632 xteAge=30632 vt=Y(21/22) vtstat=23/458ms tc=N drp=0mm tcq=0
15:50:20.816 [ISOBUS] addr=0x81 claimed=Y load=12.0% msgs=280 aiso=25(31632ms) xte=0.00m spd=0.00m/s q=0 ggaAge=31632 vtgAge=31632 xteAge=31632 vt=Y(21/22) vtstat=24/454ms tc=N drp=0mm tcq=0
15:50:21.796 [ISOBUS] addr=0x81 claimed=Y load=12.0% msgs=291 aiso=26(32632ms) xte=0.00m spd=0.00m/s q=0 ggaAge=32632 vtgAge=32632 xteAge=32632 vt=Y(21/22) vtstat=25/454ms tc=N drp=0mm tcq=0
15:50:22.800 [ISOBUS] addr=0x81 claimed=Y load=12.0% msgs=302 aiso=27(33632ms) xte=0.00m spd=0.00m/s q=0 ggaAge=33632 vtgAge=33632 xteAge=33632 vt=Y(21/22) vtstat=26/454ms tc=N drp=0mm tcq=0
15:50:23.825 [ISOBUS] addr=0x81 claimed=Y load=12.0% msgs=313 aiso=28(34632ms) xte=0.00m spd=0.00m/s q=0 ggaAge=34632 vtgAge=34632 xteAge=34632 vt=Y(21/22) vtstat=27/455ms tc=N drp=0mm tcq=0
15:50:24.803 [ISOBUS] addr=0x81 claimed=Y load=12.5% msgs=328 aiso=29(35632ms) xte=0.00m spd=0.00m/s q=0 ggaAge=35632 vtgAge=35632 xteAge=35632 vt=Y(21/22) vtstat=28/455ms tc=N drp=0mm tcq=0
15:50:25.836 [ISOBUS] addr=0x81 claimed=Y load=12.0% msgs=339 aiso=30(36632ms) xte=0.00m spd=0.00m/s q=0 ggaAge=36632 vtgAge=36632 xteAge=36632 vt=Y(21/22) vtstat=29/455ms tc=N drp=0mm tcq=0
15:50:26.821 [ISOBUS] addr=0x81 claimed=Y load=12.0% msgs=350 aiso=31(37632ms) xte=0.00m spd=0.00m/s q=0 ggaAge=37632 vtgAge=37632 xteAge=37632 vt=Y(21/22) vtstat=30/455ms tc=N drp=0mm tcq=0
15:50:27.811 [ISOBUS] addr=0x81 claimed=Y load=12.0% msgs=361 aiso=32(38632ms) xte=0.00m spd=0.00m/s q=0 ggaAge=38632 vtgAge=38632 xteAge=38632 vt=Y(21/22) vtstat=31/455ms tc=N drp=0mm tcq=0
15:50:28.814 [ISOBUS] addr=0x81 claimed=Y load=12.0% msgs=372 aiso=33(39632ms) xte=0.00m spd=0.00m/s q=0 ggaAge=39632 vtgAge=39632 xteAge=39632 vt=Y(21/22) vtstat=32/455ms tc=N drp=0mm tcq=0
15:50:29.809 [ISOBUS] addr=0x81 claimed=Y load=12.0% msgs=383 aiso=34(40632ms) xte=0.00m spd=0.00m/s q=0 ggaAge=40632 vtgAge=40632 xteAge=40632 vt=Y(21/22) vtstat=33/455ms tc=N drp=0mm tcq=0
15:50:30.813 [ISOBUS] addr=0x81 claimed=Y load=12.0% msgs=394 aiso=35(41632ms) xte=0.00m spd=0.00m/s q=0 ggaAge=41632 vtgAge=41632 xteAge=41632 vt=Y(21/22) vtstat=34/455ms tc=N drp=0mm tcq=0
15:50:31.802 [ISOBUS] addr=0x81 claimed=Y load=12.0% msgs=405 aiso=36(42632ms) xte=0.00m spd=0.00m/s q=0 ggaAge=42632 vtgAge=42632 xteAge=42632 vt=Y(21/22) vtstat=35/451ms tc=N drp=0mm tcq=0
15:50:32.805 [ISOBUS] addr=0x81 claimed=Y load=12.0% msgs=416 aiso=37(43632ms) xte=0.00m spd=0.00m/s q=0 ggaAge=43632 vtgAge=43632 xteAge=43632 vt=Y(21/22) vtstat=36/451ms tc=N drp=0mm tcq=0
15:50:33.212 ### sending keys: x1q
15:50:33.806 === ISOBUS DEBUG MENU ===
15:50:33.806 1. Full status dump
15:50:33.806 2. Periodic summary line (ON - press to toggle)
15:50:33.808 3. Reset message counters
15:50:33.808 4. Dump DDOP as hex (open in AgIsoDDOPGenerator)
15:50:33.808 5. Dump VT object pool as hex
15:50:33.810 q. Exit
15:50:33.810 === ISOBUS STATUS ===
15:50:33.810 Address claim: CLAIMED  address=0x81
15:50:33.810 CAN controller: error-active  TX err 0 (peak 0)  RX err 0 (peak 0)
15:50:33.812   error-passive entries: 0  bus-off entries: 0  longest episode: 0 ms
15:50:33.812 Bus load (ch0): 12.0 %
15:50:33.812 --- Message counters ---
15:50:33.812   PGN 129025 Position NMEA2000: 0
15:50:33.812   PGN 129026 Speed NMEA2000:    0
15:50:33.812   PGN 129283 XTE NMEA2000:      4
15:50:33.812   PGN 65267  Position legacy:   0
15:50:33.815   PGN 65256  Speed legacy:      0   last SA=0xFF raw=0x0
15:50:33.815   PGN 65535  all senders:       0   last SA=0xFF
15:50:33.815   PGN 65535  XTE carrier 0x2A:  0   (none decoded)
15:50:33.817              raw: nothing from 0x2A or 0x80 yet
15:50:33.817   PGN 60160  XTE Trimble legacy:13   last SA=0x26
15:50:33.817   PGN 64770  AISO stop:         37   last 44206 ms ago
15:50:33.817   TOTAL:                        421
15:50:33.819 --- Guidance telemetry ---
15:50:33.819   XTE:          0.00 m
15:50:33.819   Speed:        0.00 m/s (0.00 kn)
15:50:33.822   Quality:      0   RTK quality=4  PGN 129029 GNSS position: (none received)
15:50:33.823   PGN 129027 position deltas: 0
15:50:33.823   Guidance machine info (PGN 44032): 367 msgs, last 85 ms ago
15:50:33.824     lockout=YES/READY  steeringReady=n/a  remoteEngage=n/a  curvature=-11.75 1/km
15:50:33.824   IsRtkQuality=N
15:50:33.824   GGA fix age:  44206 ms
15:50:33.825   VTG fix age:  44206 ms
15:50:33.825   XTE fix age:  44206 ms
15:50:33.827   Lat/Lon/Alt/Course: 0.000000 / 0.000000 / 0.0 m / 0.0 deg
15:50:33.827 --- Virtual Terminal ---
15:50:33.827   Connected:    Y
15:50:33.829   State:        21/22  Connected
15:50:33.829   VT version:  4
15:50:33.829   VT status msgs: 37   last 25 ms ago
15:50:33.829   Partner: addr=0x26 valid=Y  reconnect attempts=0
15:50:33.831   VT failover: switches=0 claim requests=0
15:50:33.831 --- Lightbar emulation (Ag Leader L160, PGN 65462) ---
15:50:33.831   Address claim: CLAIMED  address=0xDC
15:50:33.833   Display partner: 0xFF  identification requests=0 answered=0 unknown=0  last DID=0x0  hello=N
15:50:33.833   Sent: frames=23 failures=0 heartbeats=22 softwareId=Y  proprietary A from display=0
15:50:33.833   PGN 65462 XTE: frames=0 committed=0
15:50:33.833 --- Task Controller ---
15:50:33.835   Connected:    N
15:50:33.835   TC-GEO (with/without pos): (not connected)
15:50:33.835   Task active:  N
15:50:33.835   DRP deviation (DDI 513): 0 mm, last 44206 ms ago
15:50:33.835   GNSS quality (DDI 514):  0, last 44206 ms ago
15:50:33.835   [via stack] Value cmds to handler: 0  last DDI=(none)
15:50:33.838   [via stack] Value req callbacks:  0   (mostly AgIsoStack's own re-polling -- NOT bus traffic)
15:50:33.838   [on bus] Requests for our values: 0
15:50:33.838   [on bus] Set-value commands:      0
15:50:33.838   [on bus] Measurement commands:    0  (none)
15:50:33.840   [on bus] Other, addressed to us:  0
15:50:33.840   Partner: addr=0xFE valid=N  reconnect attempts=0
15:50:33.841   Tramline setpoint (DDI 506): (not connected)
15:50:33.841   Guidance track (DDI 507-511): (not connected)
15:50:33.841 === ISOBUS DEBUG MENU ===
15:50:33.841 1. Full status dump
15:50:33.841 2. Periodic summary line (ON - press to toggle)
15:50:33.844 3. Reset message counters
15:50:33.844 4. Dump DDOP as hex (open in AgIsoDDOPGenerator)
15:50:33.844 5. Dump VT object pool as hex
15:50:33.844 q. Exit
15:50:33.844 Exiting.
15:50:33.844 [ISOBUS] addr=0x81 claimed=Y load=12.0% msgs=427 aiso=38(44632ms) xte=0.00m spd=0.00m/s q=0 ggaAge=44632 vtgAge=44632 xteAge=44632 vt=Y(21/22) vtstat=37/451ms tc=N drp=0mm tcq=0
15:50:34.804 [ISOBUS] addr=0x81 claimed=Y load=12.5% msgs=442 aiso=39(45632ms) xte=0.00m spd=0.00m/s q=0 ggaAge=45632 vtgAge=45632 xteAge=45632 vt=Y(21/22) vtstat=38/451ms tc=N drp=0mm tcq=0
15:50:35.810 [ISOBUS] addr=0x81 claimed=Y load=12.0% msgs=453 aiso=40(46632ms) xte=0.00m spd=0.00m/s q=0 ggaAge=46632 vtgAge=46632 xteAge=46632 vt=Y(21/22) vtstat=39/451ms tc=N drp=0mm tcq=0
15:50:36.798 [ISOBUS] addr=0x81 claimed=Y load=12.0% msgs=464 aiso=41(47632ms) xte=0.00m spd=0.00m/s q=0 ggaAge=47632 vtgAge=47632 xteAge=47632 vt=Y(21/22) vtstat=40/451ms tc=N drp=0mm tcq=0
15:50:37.821 [ISOBUS] addr=0x81 claimed=Y load=12.0% msgs=475 aiso=42(48632ms) xte=0.00m spd=0.00m/s q=0 ggaAge=48632 vtgAge=48632 xteAge=48632 vt=Y(21/22) vtstat=41/451ms tc=N drp=0mm tcq=0
15:50:38.828 [ISOBUS] addr=0x81 claimed=Y load=12.0% msgs=486 aiso=43(49632ms) xte=0.00m spd=0.00m/s q=0 ggaAge=49632 vtgAge=49632 xteAge=49632 vt=Y(21/22) vtstat=42/451ms tc=N drp=0mm tcq=0
15:50:39.797 [ISOBUS] addr=0x81 claimed=Y load=12.0% msgs=497 aiso=44(50632ms) xte=0.00m spd=0.00m/s q=0 ggaAge=50632 vtgAge=50632 xteAge=50632 vt=Y(21/22) vtstat=43/451ms tc=N drp=0mm tcq=0
15:50:40.819 [ISOBUS] addr=0x81 claimed=Y load=12.0% msgs=508 aiso=45(51632ms) xte=0.00m spd=0.00m/s q=0 ggaAge=51632 vtgAge=51632 xteAge=51632 vt=Y(21/22) vtstat=44/451ms tc=N drp=0mm tcq=0
15:50:41.805 [ISOBUS] addr=0x81 claimed=Y load=12.0% msgs=519 aiso=46(52632ms) xte=0.00m spd=0.00m/s q=0 ggaAge=52632 vtgAge=52632 xteAge=52632 vt=Y(21/22) vtstat=45/451ms tc=N drp=0mm tcq=0
15:50:42.827 [ISOBUS] addr=0x81 claimed=Y load=12.0% msgs=530 aiso=47(53632ms) xte=0.00m spd=0.00m/s q=0 ggaAge=53632 vtgAge=53632 xteAge=53632 vt=Y(21/22) vtstat=46/451ms tc=N drp=0mm tcq=0
15:50:43.819 [ISOBUS] addr=0x81 claimed=Y load=12.0% msgs=541 aiso=48(54632ms) xte=0.00m spd=0.00m/s q=0 ggaAge=54632 vtgAge=54632 xteAge=54632 vt=Y(21/22) vtstat=47/447ms tc=N drp=0mm tcq=0
15:50:44.824 [ISOBUS] addr=0x81 claimed=Y load=12.5% msgs=556 aiso=49(55632ms) xte=0.00m spd=0.00m/s q=0 ggaAge=55632 vtgAge=55632 xteAge=55632 vt=Y(21/22) vtstat=48/447ms tc=N drp=0mm tcq=0
15:50:45.814 [ISOBUS] addr=0x81 claimed=Y load=12.0% msgs=567 aiso=50(56632ms) xte=0.00m spd=0.00m/s q=0 ggaAge=56632 vtgAge=56632 xteAge=56632 vt=Y(21/22) vtstat=49/447ms tc=N drp=0mm tcq=0
15:50:46.821 [ISOBUS] addr=0x81 claimed=Y load=12.0% msgs=578 aiso=51(57632ms) xte=0.00m spd=0.00m/s q=0 ggaAge=57632 vtgAge=57632 xteAge=57632 vt=Y(21/22) vtstat=50/447ms tc=N drp=0mm tcq=0
15:50:47.818 [ISOBUS] addr=0x81 claimed=Y load=12.0% msgs=589 aiso=52(58632ms) xte=0.00m spd=0.00m/s q=0 ggaAge=58632 vtgAge=58632 xteAge=58632 vt=Y(21/22) vtstat=51/447ms tc=N drp=0mm tcq=0
15:50:48.812 [ISOBUS] addr=0x81 claimed=Y load=12.0% msgs=600 aiso=53(59632ms) xte=0.00m spd=0.00m/s q=0 ggaAge=59632 vtgAge=59632 xteAge=59632 vt=Y(21/22) vtstat=52/447ms tc=N drp=0mm tcq=0
15:50:49.815 [ISOBUS] addr=0x81 claimed=Y load=12.0% msgs=611 aiso=54(60632ms) xte=0.00m spd=0.00m/s q=0 ggaAge=60632 vtgAge=60632 xteAge=60632 vt=Y(21/22) vtstat=53/447ms tc=N drp=0mm tcq=0
15:50:50.812 [ISOBUS] addr=0x81 claimed=Y load=12.0% msgs=622 aiso=55(61632ms) xte=0.00m spd=0.00m/s q=0 ggaAge=61632 vtgAge=61632 xteAge=61632 vt=Y(21/22) vtstat=54/447ms tc=N drp=0mm tcq=0
15:50:51.833 [ISOBUS] addr=0x81 claimed=Y load=12.0% msgs=633 aiso=56(62632ms) xte=0.00m spd=0.00m/s q=0 ggaAge=62632 vtgAge=62632 xteAge=62632 vt=Y(21/22) vtstat=55/447ms tc=N drp=0mm tcq=0
15:50:52.806 [ISOBUS] addr=0x81 claimed=Y load=12.0% msgs=644 aiso=57(63632ms) xte=0.00m spd=0.00m/s q=0 ggaAge=63632 vtgAge=63632 xteAge=63632 vt=Y(21/22) vtstat=56/447ms tc=N drp=0mm tcq=0
15:50:53.803 [ISOBUS] addr=0x81 claimed=Y load=12.0% msgs=655 aiso=58(64632ms) xte=0.00m spd=0.00m/s q=0 ggaAge=64632 vtgAge=64632 xteAge=64632 vt=Y(21/22) vtstat=57/443ms tc=N drp=0mm tcq=0
15:50:54.826 [ISOBUS] addr=0x81 claimed=Y load=12.5% msgs=670 aiso=59(65632ms) xte=0.00m spd=0.00m/s q=0 ggaAge=65632 vtgAge=65632 xteAge=65632 vt=Y(21/22) vtstat=58/443ms tc=N drp=0mm tcq=0
15:50:55.805 [ISOBUS] addr=0x81 claimed=Y load=12.0% msgs=681 aiso=60(66632ms) xte=0.00m spd=0.00m/s q=0 ggaAge=66632 vtgAge=66632 xteAge=66632 vt=Y(21/22) vtstat=59/443ms tc=N drp=0mm tcq=0
15:50:56.813 [ISOBUS] addr=0x81 claimed=Y load=12.0% msgs=692 aiso=61(67632ms) xte=0.00m spd=0.00m/s q=0 ggaAge=67632 vtgAge=67632 xteAge=67632 vt=Y(21/22) vtstat=60/443ms tc=N drp=0mm tcq=0
15:50:57.825 [ISOBUS] addr=0x81 claimed=Y load=12.0% msgs=703 aiso=62(68632ms) xte=0.00m spd=0.00m/s q=0 ggaAge=68632 vtgAge=68632 xteAge=68632 vt=Y(21/22) vtstat=61/443ms tc=N drp=0mm tcq=0
15:50:58.824 [ISOBUS] addr=0x81 claimed=Y load=12.0% msgs=714 aiso=63(69632ms) xte=0.00m spd=0.00m/s q=0 ggaAge=69632 vtgAge=69632 xteAge=69632 vt=Y(21/22) vtstat=62/443ms tc=N drp=0mm tcq=0
15:50:59.805 [ISOBUS] addr=0x81 claimed=Y load=12.0% msgs=725 aiso=64(70632ms) xte=0.00m spd=0.00m/s q=0 ggaAge=70632 vtgAge=70632 xteAge=70632 vt=Y(21/22) vtstat=63/443ms tc=N drp=0mm tcq=0
15:51:00.810 [ISOBUS] addr=0x81 claimed=Y load=12.0% msgs=736 aiso=65(71632ms) xte=0.00m spd=0.00m/s q=0 ggaAge=71632 vtgAge=71632 xteAge=71632 vt=Y(21/22) vtstat=64/443ms tc=N drp=0mm tcq=0
15:51:01.810 [ISOBUS] addr=0x81 claimed=Y load=12.0% msgs=747 aiso=66(72632ms) xte=0.00m spd=0.00m/s q=0 ggaAge=72632 vtgAge=72632 xteAge=72632 vt=Y(21/22) vtstat=65/443ms tc=N drp=0mm tcq=0
15:51:02.802 [ISOBUS] addr=0x81 claimed=Y load=12.0% msgs=758 aiso=67(73632ms) xte=0.00m spd=0.00m/s q=0 ggaAge=73632 vtgAge=73632 xteAge=73632 vt=Y(21/22) vtstat=66/443ms tc=N drp=0mm tcq=0
15:51:03.812 [ISOBUS] addr=0x81 claimed=Y load=12.0% msgs=769 aiso=68(74632ms) xte=0.00m spd=0.00m/s q=0 ggaAge=74632 vtgAge=74632 xteAge=74632 vt=Y(21/22) vtstat=67/439ms tc=N drp=0mm tcq=0
15:51:04.799 [ISOBUS] addr=0x81 claimed=Y load=12.5% msgs=784 aiso=69(75632ms) xte=0.00m spd=0.00m/s q=0 ggaAge=75632 vtgAge=75632 xteAge=75632 vt=Y(21/22) vtstat=68/439ms tc=N drp=0mm tcq=0
15:51:05.813 [ISOBUS] addr=0x81 claimed=Y load=12.0% msgs=795 aiso=70(76632ms) xte=0.00m spd=0.00m/s q=0 ggaAge=76632 vtgAge=76632 xteAge=76632 vt=Y(21/22) vtstat=69/439ms tc=N drp=0mm tcq=0
15:51:06.805 [ISOBUS] addr=0x81 claimed=Y load=12.0% msgs=806 aiso=71(77632ms) xte=0.00m spd=0.00m/s q=0 ggaAge=77632 vtgAge=77632 xteAge=77632 vt=Y(21/22) vtstat=70/439ms tc=N drp=0mm tcq=0
15:51:07.822 [ISOBUS] addr=0x81 claimed=Y load=12.0% msgs=817 aiso=72(78632ms) xte=0.00m spd=0.00m/s q=0 ggaAge=78632 vtgAge=78632 xteAge=78632 vt=Y(21/22) vtstat=71/439ms tc=N drp=0mm tcq=0
15:51:08.811 [ISOBUS] addr=0x81 claimed=Y load=12.0% msgs=828 aiso=73(79632ms) xte=0.00m spd=0.00m/s q=0 ggaAge=79632 vtgAge=79632 xteAge=79632 vt=Y(21/22) vtstat=72/439ms tc=N drp=0mm tcq=0
15:51:09.826 [ISOBUS] addr=0x81 claimed=Y load=12.0% msgs=839 aiso=74(80632ms) xte=0.00m spd=0.00m/s q=0 ggaAge=80632 vtgAge=80632 xteAge=80632 vt=Y(21/22) vtstat=73/439ms tc=N drp=0mm tcq=0
15:51:10.824 [ISOBUS] addr=0x81 claimed=Y load=12.0% msgs=850 aiso=75(81632ms) xte=0.00m spd=0.00m/s q=0 ggaAge=81632 vtgAge=81632 xteAge=81632 vt=Y(21/22) vtstat=74/439ms tc=N drp=0mm tcq=0
15:51:11.806 [ISOBUS] addr=0x81 claimed=Y load=12.0% msgs=861 aiso=76(82632ms) xte=0.00m spd=0.00m/s q=0 ggaAge=82632 vtgAge=82632 xteAge=82632 vt=Y(21/22) vtstat=75/439ms tc=N drp=0mm tcq=0
15:51:12.803 [ISOBUS] addr=0x81 claimed=Y load=12.0% msgs=872 aiso=77(83632ms) xte=0.00m spd=0.00m/s q=0 ggaAge=83632 vtgAge=83632 xteAge=83632 vt=Y(21/22) vtstat=76/435ms tc=N drp=0mm tcq=0
15:51:13.824 [ISOBUS] addr=0x81 claimed=Y load=12.0% msgs=883 aiso=78(84632ms) xte=0.00m spd=0.00m/s q=0 ggaAge=84632 vtgAge=84632 xteAge=84632 vt=Y(21/22) vtstat=77/435ms tc=N drp=0mm tcq=0
15:51:14.831 [ISOBUS] addr=0x81 claimed=Y load=12.5% msgs=898 aiso=79(85632ms) xte=0.00m spd=0.00m/s q=0 ggaAge=85632 vtgAge=85632 xteAge=85632 vt=Y(21/22) vtstat=78/435ms tc=N drp=0mm tcq=0
15:51:15.831 [ISOBUS] addr=0x81 claimed=Y load=12.0% msgs=909 aiso=80(86632ms) xte=0.00m spd=0.00m/s q=0 ggaAge=86632 vtgAge=86632 xteAge=86632 vt=Y(21/22) vtstat=79/435ms tc=N drp=0mm tcq=0
15:51:16.812 [ISOBUS] addr=0x81 claimed=Y load=12.0% msgs=920 aiso=81(87632ms) xte=0.00m spd=0.00m/s q=0 ggaAge=87632 vtgAge=87632 xteAge=87632 vt=Y(21/22) vtstat=80/436ms tc=N drp=0mm tcq=0
15:51:17.820 [ISOBUS] addr=0x81 claimed=Y load=12.0% msgs=931 aiso=82(88632ms) xte=0.00m spd=0.00m/s q=0 ggaAge=88632 vtgAge=88632 xteAge=88632 vt=Y(21/22) vtstat=81/436ms tc=N drp=0mm tcq=0
15:51:18.807 [ISOBUS] addr=0x81 claimed=Y load=12.0% msgs=942 aiso=83(89632ms) xte=0.00m spd=0.00m/s q=0 ggaAge=89632 vtgAge=89632 xteAge=89632 vt=Y(21/22) vtstat=82/436ms tc=N drp=0mm tcq=0
15:51:19.800 [ISOBUS] addr=0x81 claimed=Y load=12.0% msgs=953 aiso=84(90632ms) xte=0.00m spd=0.00m/s q=0 ggaAge=90632 vtgAge=90632 xteAge=90632 vt=Y(21/22) vtstat=83/436ms tc=N drp=0mm tcq=0
15:51:20.804 [ISOBUS] addr=0x81 claimed=Y load=12.0% msgs=964 aiso=85(91632ms) xte=0.00m spd=0.00m/s q=0 ggaAge=91632 vtgAge=91632 xteAge=91632 vt=Y(21/22) vtstat=84/436ms tc=N drp=0mm tcq=0
15:51:21.804 [ISOBUS] addr=0x81 claimed=Y load=12.0% msgs=975 aiso=86(92632ms) xte=0.00m spd=0.00m/s q=0 ggaAge=92632 vtgAge=92632 xteAge=92632 vt=Y(21/22) vtstat=85/436ms tc=N drp=0mm tcq=0
15:51:22.831 [ISOBUS] addr=0x81 claimed=Y load=12.0% msgs=986 aiso=87(93632ms) xte=0.00m spd=0.00m/s q=0 ggaAge=93632 vtgAge=93632 xteAge=93632 vt=Y(21/22) vtstat=86/436ms tc=N drp=0mm tcq=0
15:51:23.830 [ISOBUS] addr=0x81 claimed=Y load=12.0% msgs=997 aiso=88(94632ms) xte=0.00m spd=0.00m/s q=0 ggaAge=94632 vtgAge=94632 xteAge=94632 vt=Y(21/22) vtstat=87/436ms tc=N drp=0mm tcq=0
15:51:24.803 [ISOBUS] addr=0x81 claimed=Y load=12.5% msgs=1012 aiso=89(95632ms) xte=0.00m spd=0.00m/s q=0 ggaAge=95632 vtgAge=95632 xteAge=95632 vt=Y(21/22) vtstat=88/432ms tc=N drp=0mm tcq=0
15:51:25.809 [ISOBUS] addr=0x81 claimed=Y load=12.0% msgs=1023 aiso=90(96632ms) xte=0.00m spd=0.00m/s q=0 ggaAge=96632 vtgAge=96632 xteAge=96632 vt=Y(21/22) vtstat=89/432ms tc=N drp=0mm tcq=0
15:51:26.810 [ISOBUS] addr=0x81 claimed=Y load=12.0% msgs=1034 aiso=91(97632ms) xte=0.00m spd=0.00m/s q=0 ggaAge=97632 vtgAge=97632 xteAge=97632 vt=Y(21/22) vtstat=90/432ms tc=N drp=0mm tcq=0
15:51:27.821 [ISOBUS] addr=0x81 claimed=Y load=12.0% msgs=1045 aiso=92(98632ms) xte=0.00m spd=0.00m/s q=0 ggaAge=98632 vtgAge=98632 xteAge=98632 vt=Y(21/22) vtstat=91/432ms tc=N drp=0mm tcq=0
15:51:28.809 [ISOBUS] addr=0x81 claimed=Y load=12.0% msgs=1056 aiso=93(99632ms) xte=0.00m spd=0.00m/s q=0 ggaAge=99632 vtgAge=99632 xteAge=99632 vt=Y(21/22) vtstat=92/432ms tc=N drp=0mm tcq=0
15:51:29.829 [ISOBUS] addr=0x81 claimed=Y load=12.0% msgs=1067 aiso=94(100632ms) xte=0.00m spd=0.00m/s q=0 ggaAge=100632 vtgAge=100632 xteAge=100632 vt=Y(21/22) vtstat=93/432ms tc=N drp=0mm tcq=0
15:51:30.826 [ISOBUS] addr=0x81 claimed=Y load=12.0% msgs=1078 aiso=95(101632ms) xte=0.00m spd=0.00m/s q=0 ggaAge=101632 vtgAge=101632 xteAge=101632 vt=Y(21/22) vtstat=94/432ms tc=N drp=0mm tcq=0
15:51:31.808 [ISOBUS] addr=0x81 claimed=Y load=12.0% msgs=1089 aiso=96(102632ms) xte=0.00m spd=0.00m/s q=0 ggaAge=102632 vtgAge=102632 xteAge=102632 vt=Y(21/22) vtstat=95/432ms tc=N drp=0mm tcq=0
15:51:32.836 [ISOBUS] addr=0x81 claimed=Y load=12.0% msgs=1100 aiso=97(103632ms) xte=0.00m spd=0.00m/s q=0 ggaAge=103632 vtgAge=103632 xteAge=103632 vt=Y(21/22) vtstat=96/432ms tc=N drp=0mm tcq=0
15:51:33.827 [ISOBUS] addr=0x81 claimed=Y load=12.0% msgs=1111 aiso=98(104632ms) xte=0.00m spd=0.00m/s q=0 ggaAge=104632 vtgAge=104632 xteAge=104632 vt=Y(21/22) vtstat=97/432ms tc=N drp=0mm tcq=0
15:51:34.815 [ISOBUS] addr=0x81 claimed=Y load=12.5% msgs=1126 aiso=99(105632ms) xte=0.00m spd=0.00m/s q=0 ggaAge=105632 vtgAge=105632 xteAge=105632 vt=Y(21/22) vtstat=98/432ms tc=N drp=0mm tcq=0
15:51:35.811 [ISOBUS] addr=0x81 claimed=Y load=12.0% msgs=1137 aiso=100(106632ms) xte=0.00m spd=0.00m/s q=0 ggaAge=106632 vtgAge=106632 xteAge=106632 vt=Y(21/22) vtstat=99/428ms tc=N drp=0mm tcq=0
15:51:36.821 [ISOBUS] addr=0x81 claimed=Y load=12.0% msgs=1148 aiso=101(107632ms) xte=0.00m spd=0.00m/s q=0 ggaAge=107632 vtgAge=107632 xteAge=107632 vt=Y(21/22) vtstat=100/428ms tc=N drp=0mm tcq=0
15:51:37.803 [ISOBUS] addr=0x81 claimed=Y load=12.0% msgs=1159 aiso=102(108632ms) xte=0.00m spd=0.00m/s q=0 ggaAge=108632 vtgAge=108632 xteAge=108632 vt=Y(21/22) vtstat=101/428ms tc=N drp=0mm tcq=0
15:51:38.824 [ISOBUS] addr=0x81 claimed=Y load=12.0% msgs=1170 aiso=103(109632ms) xte=0.00m spd=0.00m/s q=0 ggaAge=109632 vtgAge=109632 xteAge=109632 vt=Y(21/22) vtstat=102/428ms tc=N drp=0mm tcq=0
15:51:39.814 [ISOBUS] addr=0x81 claimed=Y load=12.0% msgs=1181 aiso=104(110632ms) xte=0.00m spd=0.00m/s q=0 ggaAge=110632 vtgAge=110632 xteAge=110632 vt=Y(21/22) vtstat=103/428ms tc=N drp=0mm tcq=0
15:51:40.809 [ISOBUS] addr=0x81 claimed=Y load=12.0% msgs=1192 aiso=105(111632ms) xte=0.00m spd=0.00m/s q=0 ggaAge=111632 vtgAge=111632 xteAge=111632 vt=Y(21/22) vtstat=104/428ms tc=N drp=0mm tcq=0
15:51:41.809 [ISOBUS] addr=0x81 claimed=Y load=12.0% msgs=1203 aiso=106(112632ms) xte=0.00m spd=0.00m/s q=0 ggaAge=112632 vtgAge=112632 xteAge=112632 vt=Y(21/22) vtstat=105/428ms tc=N drp=0mm tcq=0
15:51:42.823 [ISOBUS] addr=0x81 claimed=Y load=12.0% msgs=1214 aiso=107(113632ms) xte=0.00m spd=0.00m/s q=0 ggaAge=113632 vtgAge=113632 xteAge=113632 vt=Y(21/22) vtstat=106/424ms tc=N drp=0mm tcq=0
15:51:43.809 [ISOBUS] addr=0x81 claimed=Y load=12.0% msgs=1225 aiso=108(114632ms) xte=0.00m spd=0.00m/s q=0 ggaAge=114632 vtgAge=114632 xteAge=114632 vt=Y(21/22) vtstat=107/428ms tc=N drp=0mm tcq=0
15:51:44.811 [ISOBUS] addr=0x81 claimed=Y load=12.5% msgs=1240 aiso=109(115632ms) xte=0.00m spd=0.00m/s q=0 ggaAge=115632 vtgAge=115632 xteAge=115632 vt=Y(21/22) vtstat=108/424ms tc=N drp=0mm tcq=0
15:51:44.811 W] [PR]: NACK-ing PGN request for PGN 60928 because no callback could handle it.
15:51:45.399 I] [NM]: Partnered control function with name 000000000000000lx has claimed address 203452081 on channel 2684387840.
15:51:45.783 W] [PR]: NACK-ing PGN request for PGN 65242 because no callback could handle it.
15:51:45.783 W] [TP]: Received a Request to Send (RTS) message with a global destination, ignoring
15:51:45.815 [ISOBUS] addr=0x81 claimed=Y load=14.4% msgs=1260 aiso=110(116632ms) xte=0.00m spd=0.00m/s q=0 ggaAge=48 vtgAge=48 xteAge=116632 xteraw=80:510301FF0D000BFF vt=Y(21/22) vtstat=109/424ms tc=N drp=0mm tcq=0
15:51:46.765 W] [PR]: NACK-ing PGN request for PGN 64965 because no callback could handle it.
15:51:46.828 [ISOBUS] addr=0x81 claimed=Y load=17.5% msgs=1301 aiso=111(117632ms) xte=0.00m spd=0.00m/s q=0 ggaAge=48 vtgAge=48 xteAge=117632 xteraw=80:510301FF0B000AFF vt=Y(21/22) vtstat=110/424ms tc=N drp=0mm tcq=0
15:51:47.053 W] [TP]: Received a Request to Send (RTS) message with a global destination, ignoring
15:51:47.761 W] [PR]: NACK-ing PGN request for PGN 64653 because no callback could handle it.
15:51:47.826 [ISOBUS] addr=0x81 claimed=Y load=16.6% msgs=1342 aiso=112(118632ms) xte=0.00m spd=0.00m/s q=0 ggaAge=40 vtgAge=40 xteAge=118632 xteraw=80:510301FF0B000AFF vt=Y(21/22) vtstat=111/424ms tc=N drp=0mm tcq=0
15:51:48.339 W] [TP]: Received a Request to Send (RTS) message with a global destination, ignoring
15:51:48.812 [ISOBUS] addr=0x81 claimed=Y load=16.5% msgs=1383 aiso=113(119632ms) xte=0.00m spd=0.00m/s q=0 ggaAge=48 vtgAge=48 xteAge=119632 xteraw=80:510301FF0B0009FF vt=Y(21/22) vtstat=113/424ms tc=N drp=0mm tcq=0
15:51:49.619 W] [TP]: Received an Abort message with a global destination, ignoring
15:51:49.619 W] [TP]: Received a Request to Send (RTS) message with a global destination, ignoring
15:51:49.784 W] [PR]: NACK-ing PGN request for PGN 60928 because no callback could handle it.
15:51:49.815 [ISOBUS] addr=0x81 claimed=Y load=15.0% msgs=1424 aiso=114(120632ms) xte=0.00m spd=0.00m/s q=0 ggaAge=48 vtgAge=48 xteAge=120632 xteraw=80:510101FF0B0009FF vt=Y(21/22) vtstat=115/424ms tc=N drp=0mm tcq=0
15:51:50.815 [ISOBUS] addr=0x81 claimed=Y load=14.9% msgs=1465 aiso=115(121632ms) xte=0.00m spd=0.00m/s q=0 ggaAge=48 vtgAge=48 xteAge=121632 xteraw=80:510301FF0B0009FF vt=Y(21/22) vtstat=117/424ms tc=N drp=0mm tcq=0
15:51:50.903 W] [TP]: Received a Request to Send (RTS) message with a global destination, ignoring
15:51:51.782 W] [PR]: NACK-ing PGN request for PGN 60928 because no callback could handle it.
15:51:51.814 [ISOBUS] addr=0x81 claimed=Y load=15.0% msgs=1506 aiso=116(122632ms) xte=0.00m spd=0.00m/s q=0 ggaAge=48 vtgAge=48 xteAge=122632 xteraw=80:510301FF0B0009FF vt=Y(21/22) vtstat=119/424ms tc=N drp=0mm tcq=0
15:51:52.162 W] [TP]: Received a Request to Send (RTS) message with a global destination, ignoring
15:51:52.573 I] [TC]: DDOP will be generated using the server's version instead of the specified version. New version: 3
15:51:52.671 I] [TC]: DDOP Activated without error.
15:51:52.814 [ISOBUS] addr=0x81 claimed=Y load=20.7% msgs=1547 aiso=117(123632ms) xte=0.00m spd=0.00m/s q=0 ggaAge=48 vtgAge=44 xteAge=123632 xteraw=80:510301FF0B0009FF vt=Y(21/22) vtstat=121/424ms tc=Y drp=0mm tcq=0
15:51:53.443 W] [TP]: Received an Abort message with a global destination, ignoring
15:51:53.443 W] [TP]: Received a Request to Send (RTS) message with a global destination, ignoring
15:51:53.831 [ISOBUS] addr=0x81 claimed=Y load=15.0% msgs=1588 aiso=118(124632ms) xte=0.00m spd=0.00m/s q=0 ggaAge=48 vtgAge=48 xteAge=124632 xteraw=80:510301FF0A0008FF vt=Y(21/22) vtstat=123/424ms tc=Y drp=0mm tcq=0
15:51:54.721 W] [TP]: Received a Request to Send (RTS) message with a global destination, ignoring
15:51:54.781 W] [PR]: NACK-ing PGN request for PGN 60928 because no callback could handle it.
15:51:54.813 [ISOBUS] addr=0x81 claimed=Y load=15.2% msgs=1633 aiso=119(125632ms) xte=0.00m spd=0.00m/s q=0 ggaAge=48 vtgAge=48 xteAge=125632 xteraw=80:510301FF090008FF vt=Y(21/22) vtstat=125/424ms tc=Y drp=0mm tcq=0
15:51:55.809 [ISOBUS] addr=0x81 claimed=Y load=15.0% msgs=1674 aiso=120(126632ms) xte=0.00m spd=0.00m/s q=0 ggaAge=48 vtgAge=48 xteAge=126632 xteraw=80:510301FF090008FF vt=Y(21/22) vtstat=127/424ms tc=Y drp=0mm tcq=0
15:51:55.997 W] [TP]: Received a Request to Send (RTS) message with a global destination, ignoring
15:51:56.761 W] [PR]: NACK-ing PGN request for PGN 60928 because no callback could handle it.
15:51:56.813 [ISOBUS] addr=0x81 claimed=Y load=15.1% msgs=1715 aiso=121(127632ms) xte=0.00m spd=0.00m/s q=0 ggaAge=48 vtgAge=48 xteAge=127632 xteraw=80:510301FF090008FF vt=Y(21/22) vtstat=129/420ms tc=Y drp=0mm tcq=0
15:51:57.284 W] [TP]: Received an Abort message with a global destination, ignoring
15:51:57.286 W] [TP]: Received a Request to Send (RTS) message with a global destination, ignoring
15:51:57.811 [ISOBUS] addr=0x81 claimed=Y load=15.1% msgs=1756 aiso=122(128632ms) xte=0.00m spd=0.00m/s q=0 ggaAge=48 vtgAge=48 xteAge=128632 xteraw=80:510301FF090008FF vt=Y(21/22) vtstat=131/420ms tc=Y drp=0mm tcq=0
15:51:58.580 W] [TP]: Received a Request to Send (RTS) message with a global destination, ignoring
15:51:58.805 [ISOBUS] addr=0x81 claimed=Y load=15.1% msgs=1797 aiso=123(129632ms) xte=0.00m spd=0.00m/s q=0 ggaAge=44 vtgAge=44 xteAge=129632 xteraw=80:510301FF090008FF vt=Y(21/22) vtstat=133/420ms tc=Y drp=0mm tcq=0
15:51:59.779 W] [PR]: NACK-ing PGN request for PGN 60928 because no callback could handle it.
15:51:59.810 [ISOBUS] addr=0x81 claimed=Y load=14.6% msgs=1838 aiso=124(130632ms) xte=0.00m spd=0.00m/s q=0 ggaAge=48 vtgAge=48 xteAge=130632 xteraw=80:510301FF090008FF vt=Y(21/22) vtstat=135/420ms tc=Y drp=0mm tcq=0
15:51:59.843 W] [TP]: Received a Request to Send (RTS) message with a global destination, ignoring
15:52:00.825 [ISOBUS] addr=0x81 claimed=Y load=15.3% msgs=1879 aiso=125(131632ms) xte=0.00m spd=0.00m/s q=0 ggaAge=44 vtgAge=44 xteAge=131632 xteraw=80:510301FF090008FF vt=Y(21/22) vtstat=137/420ms tc=Y drp=0mm tcq=0
15:52:01.132 W] [TP]: Received an Abort message with a global destination, ignoring
15:52:01.132 W] [TP]: Received a Request to Send (RTS) message with a global destination, ignoring
15:52:01.765 W] [PR]: NACK-ing PGN request for PGN 60928 because no callback could handle it.
15:52:01.826 [ISOBUS] addr=0x81 claimed=Y load=14.9% msgs=1920 aiso=126(132632ms) xte=0.00m spd=0.00m/s q=0 ggaAge=40 vtgAge=40 xteAge=132632 xteraw=80:510301FF090508FF vt=Y(21/22) vtstat=139/420ms tc=Y drp=0mm tcq=0
15:52:02.406 W] [TP]: Received a Request to Send (RTS) message with a global destination, ignoring
15:52:02.805 [ISOBUS] addr=0x81 claimed=Y load=15.2% msgs=1961 aiso=127(133632ms) xte=0.00m spd=0.00m/s q=0 ggaAge=44 vtgAge=44 xteAge=133632 xteraw=80:510301FF090508FF vt=Y(21/22) vtstat=141/420ms tc=Y drp=0mm tcq=0
15:52:03.682 W] [TP]: Received a Request to Send (RTS) message with a global destination, ignoring
15:52:03.816 [ISOBUS] addr=0x81 claimed=Y load=14.9% msgs=2002 aiso=128(134632ms) xte=0.00m spd=0.00m/s q=0 ggaAge=40 vtgAge=40 xteAge=134632 xteraw=80:510301FF090508FF vt=Y(21/22) vtstat=143/420ms tc=Y drp=0mm tcq=0
15:52:04.777 W] [PR]: NACK-ing PGN request for PGN 60928 because no callback could handle it.
15:52:04.817 [ISOBUS] addr=0x81 claimed=Y load=15.3% msgs=2047 aiso=129(135632ms) xte=0.00m spd=0.00m/s q=0 ggaAge=44 vtgAge=44 xteAge=135632 xteraw=80:510301FF090508FF vt=Y(21/22) vtstat=145/420ms tc=Y drp=0mm tcq=0
15:52:04.943 W] [TP]: Received an Abort message with a global destination, ignoring
15:52:04.967 W] [TP]: Received a Request to Send (RTS) message with a global destination, ignoring
15:52:05.826 [ISOBUS] addr=0x81 claimed=Y load=15.1% msgs=2088 aiso=130(136632ms) xte=0.00m spd=0.00m/s q=0 ggaAge=48 vtgAge=48 xteAge=136632 xteraw=80:510301FF090508FF vt=Y(21/22) vtstat=147/420ms tc=Y drp=0mm tcq=0
15:52:06.230 W] [TP]: Received a Request to Send (RTS) message with a global destination, ignoring
15:52:06.782 W] [PR]: NACK-ing PGN request for PGN 60928 because no callback could handle it.
15:52:06.815 [ISOBUS] addr=0x81 claimed=Y load=15.0% msgs=2129 aiso=131(137632ms) xte=0.00m spd=0.00m/s q=0 ggaAge=49 vtgAge=49 xteAge=137632 xteraw=80:510301FF090508FF vt=Y(21/22) vtstat=149/416ms tc=Y drp=0mm tcq=0
15:52:07.510 W] [TP]: Received a Request to Send (RTS) message with a global destination, ignoring
15:52:07.821 [ISOBUS] addr=0x81 claimed=Y load=15.0% msgs=2170 aiso=132(138632ms) xte=0.00m spd=0.00m/s q=0 ggaAge=49 vtgAge=45 xteAge=138632 xteraw=80:510301FF090508FF vt=Y(21/22) vtstat=151/417ms tc=Y drp=0mm tcq=0
15:52:08.776 W] [TP]: Received an Abort message with a global destination, ignoring
15:52:08.816 W] [TP]: Received a Request to Send (RTS) message with a global destination, ignoring
15:52:08.816 [ISOBUS] addr=0x81 claimed=Y load=14.9% msgs=2211 aiso=133(139632ms) xte=0.00m spd=0.00m/s q=0 ggaAge=41 vtgAge=41 xteAge=139632 xteraw=80:510301FF090508FF vt=Y(21/22) vtstat=153/417ms tc=Y drp=0mm tcq=0
15:52:09.784 W] [PR]: NACK-ing PGN request for PGN 60928 because no callback could handle it.
15:52:09.816 [ISOBUS] addr=0x81 claimed=Y load=15.0% msgs=2252 aiso=134(140632ms) xte=0.00m spd=0.00m/s q=0 ggaAge=49 vtgAge=49 xteAge=140632 xteraw=80:510301FF090508FF vt=Y(21/22) vtstat=155/417ms tc=Y drp=0mm tcq=0
15:52:10.075 W] [TP]: Received a Request to Send (RTS) message with a global destination, ignoring
15:52:10.811 [ISOBUS] addr=0x81 claimed=Y load=15.2% msgs=2293 aiso=135(141632ms) xte=0.00m spd=0.00m/s q=0 ggaAge=49 vtgAge=49 xteAge=141632 xteraw=80:510301FF090508FF vt=Y(21/22) vtstat=157/417ms tc=Y drp=0mm tcq=0
15:52:11.341 W] [TP]: Received a Request to Send (RTS) message with a global destination, ignoring
15:52:11.784 W] [PR]: NACK-ing PGN request for PGN 60928 because no callback could handle it.
15:52:11.818 [ISOBUS] addr=0x81 claimed=Y load=14.8% msgs=2334 aiso=136(142632ms) xte=0.00m spd=0.00m/s q=0 ggaAge=49 vtgAge=45 xteAge=142632 xteraw=80:510301FF090506FF vt=Y(21/22) vtstat=159/417ms tc=Y drp=0mm tcq=0
15:52:12.632 W] [TP]: Received an Abort message with a global destination, ignoring
15:52:12.634 W] [TP]: Received a Request to Send (RTS) message with a global destination, ignoring
15:52:12.810 [ISOBUS] addr=0x81 claimed=Y load=15.3% msgs=2375 aiso=137(143632ms) xte=0.00m spd=0.00m/s q=0 ggaAge=49 vtgAge=49 xteAge=143632 xteraw=80:510301FF090506FF vt=Y(21/22) vtstat=161/417ms tc=Y drp=0mm tcq=0
15:52:13.810 [ISOBUS] addr=0x81 claimed=Y load=14.6% msgs=2416 aiso=138(144632ms) xte=0.00m spd=0.00m/s q=0 ggaAge=49 vtgAge=45 xteAge=144632 xteraw=80:510301FF0A0508FF vt=Y(21/22) vtstat=163/417ms tc=Y drp=0mm tcq=0
15:52:13.910 W] [TP]: Received a Request to Send (RTS) message with a global destination, ignoring
15:52:14.772 W] [PR]: NACK-ing PGN request for PGN 60928 because no callback could handle it.
15:52:14.829 [ISOBUS] addr=0x81 claimed=Y load=15.4% msgs=2461 aiso=139(145632ms) xte=0.00m spd=0.00m/s q=0 ggaAge=49 vtgAge=49 xteAge=145632 xteraw=80:510301FF090508FF vt=Y(21/22) vtstat=165/417ms tc=Y drp=0mm tcq=0
15:52:15.167 W] [TP]: Received a Request to Send (RTS) message with a global destination, ignoring
15:52:15.805 [ISOBUS] addr=0x81 claimed=Y load=14.8% msgs=2502 aiso=140(146632ms) xte=0.00m spd=0.00m/s q=0 ggaAge=45 vtgAge=45 xteAge=146632 xteraw=80:510301FF090508FF vt=Y(21/22) vtstat=167/417ms tc=Y drp=0mm tcq=0
15:52:16.484 W] [TP]: Received an Abort message with a global destination, ignoring
15:52:16.486 W] [TP]: Received a Request to Send (RTS) message with a global destination, ignoring
15:52:16.778 W] [PR]: NACK-ing PGN request for PGN 60928 because no callback could handle it.
15:52:16.811 [ISOBUS] addr=0x81 claimed=Y load=14.9% msgs=2543 aiso=141(147632ms) xte=0.00m spd=0.00m/s q=0 ggaAge=49 vtgAge=49 xteAge=147632 xteraw=80:510301FF090508FF vt=Y(21/22) vtstat=169/417ms tc=Y drp=0mm tcq=0
15:52:17.743 W] [TP]: Received a Request to Send (RTS) message with a global destination, ignoring
15:52:17.804 [ISOBUS] addr=0x81 claimed=Y load=14.7% msgs=2584 aiso=142(148632ms) xte=0.00m spd=0.00m/s q=0 ggaAge=49 vtgAge=49 xteAge=148632 xteraw=80:510301FF090508FF vt=Y(21/22) vtstat=171/413ms tc=Y drp=0mm tcq=0
15:52:18.813 [ISOBUS] addr=0x81 claimed=Y load=14.9% msgs=2625 aiso=143(149632ms) xte=0.00m spd=0.00m/s q=0 ggaAge=49 vtgAge=49 xteAge=149632 xteraw=80:510301FF090508FF vt=Y(21/22) vtstat=173/413ms tc=Y drp=0mm tcq=0
15:52:19.030 W] [TP]: Received a Request to Send (RTS) message with a global destination, ignoring
15:52:19.788 W] [PR]: NACK-ing PGN request for PGN 60928 because no callback could handle it.
15:52:19.823 [ISOBUS] addr=0x81 claimed=Y load=14.7% msgs=2666 aiso=144(150632ms) xte=0.00m spd=0.00m/s q=0 ggaAge=45 vtgAge=45 xteAge=150632 xteraw=80:510301FF090508FF vt=Y(21/22) vtstat=175/413ms tc=Y drp=0mm tcq=0
15:52:20.290 W] [TP]: Received an Abort message with a global destination, ignoring
15:52:20.817 [ISOBUS] addr=0x81 claimed=Y load=15.0% msgs=2707 aiso=145(151632ms) xte=0.00m spd=0.00m/s q=0 ggaAge=49 vtgAge=49 xteAge=151632 xteraw=80:510301FF090508FF vt=Y(21/22) vtstat=177/413ms tc=Y drp=0mm tcq=0
15:52:21.783 W] [PR]: NACK-ing PGN request for PGN 60928 because no callback could handle it.
15:52:21.812 [ISOBUS] addr=0x81 claimed=Y load=14.4% msgs=2748 aiso=146(152632ms) xte=0.00m spd=0.00m/s q=0 ggaAge=49 vtgAge=49 xteAge=152632 xteraw=80:510301FF090508FF vt=Y(21/22) vtstat=179/413ms tc=Y drp=0mm tcq=0
15:52:22.809 [ISOBUS] addr=0x81 claimed=Y load=14.9% msgs=2789 aiso=147(153632ms) xte=0.00m spd=0.00m/s q=0 ggaAge=49 vtgAge=49 xteAge=153632 xteraw=80:510301FF090508FF vt=Y(21/22) vtstat=181/413ms tc=Y drp=0mm tcq=0
15:52:23.833 [ISOBUS] addr=0x81 claimed=Y load=14.4% msgs=2830 aiso=148(154632ms) xte=0.00m spd=0.00m/s q=0 ggaAge=49 vtgAge=45 xteAge=154632 xteraw=80:510301FF090508FF vt=Y(21/22) vtstat=183/413ms tc=Y drp=0mm tcq=0
15:52:24.777 W] [PR]: NACK-ing PGN request for PGN 60928 because no callback could handle it.
15:52:24.806 [ISOBUS] addr=0x81 claimed=Y load=15.1% msgs=2875 aiso=149(155632ms) xte=0.00m spd=0.00m/s q=0 ggaAge=49 vtgAge=45 xteAge=155632 xteraw=80:510301FF090508FF vt=Y(21/22) vtstat=185/413ms tc=Y drp=0mm tcq=0
15:52:25.533 ### sending keys: x1q
15:52:26.777 === ISOBUS DEBUG MENU ===
15:52:26.777 1. Full status dump
15:52:26.777 2. Periodic summary line (ON - press to toggle)
15:52:26.777 3. Reset message counters
15:52:26.777 4. Dump DDOP as hex (open in AgIsoDDOPGenerator)
15:52:26.777 5. Dump VT object pool as hex
15:52:26.777 q. Exit
15:52:26.777 === ISOBUS STATUS ===
15:52:26.777 Address claim: CLAIMED  address=0x81
15:52:26.785 CAN controller: error-active  TX err 0 (peak 0)  RX err 0 (peak 0)
15:52:26.785   error-passive entries: 0  bus-off entries: 0  longest episode: 0 ms
15:52:26.786 Bus load (ch0): 14.6 %
15:52:26.786 --- Message counters ---
15:52:26.786   PGN 129025 Position NMEA2000: 0
15:52:26.786   PGN 129026 Speed NMEA2000:    0
15:52:26.788   PGN 129283 XTE NMEA2000:      16
15:52:26.788   PGN 65267  Position legacy:   402
15:52:26.788   PGN 65256  Speed legacy:      402   last SA=0x80 raw=0x0
15:52:26.789   PGN 65535  all senders:       402   last SA=0x80
15:52:26.790   PGN 65535  XTE carrier 0x2A:  0   (none decoded)
15:52:26.790              raw SA=0x80 word=0x9FF byte1=0x3 payload 510301FF090508FF  (36 ms ago)
15:52:26.790   PGN 60160  XTE Trimble legacy:49   last SA=0x26
15:52:26.790   PGN 64770  AISO stop:         150   last 156523 ms ago
15:52:26.790   TOTAL:                        2912
15:52:26.792 --- Guidance telemetry ---
15:52:26.792   XTE:          0.00 m
15:52:26.793   Speed:        0.00 m/s (0.00 kn)
15:52:26.793   Quality:      0   RTK quality=4  PGN 129029 GNSS position: (none received)
15:52:26.793   PGN 129027 position deltas: 0
15:52:26.794   Guidance machine info (PGN 44032): 1491 msgs, last 0 ms ago
15:52:26.794     lockout=YES/READY  steeringReady=n/a  remoteEngage=n/a  curvature=-11.75 1/km
15:52:26.794   IsRtkQuality=N
15:52:26.795   GGA fix age:  40 ms
15:52:26.795   VTG fix age:  40 ms
15:52:26.796   XTE fix age:  156523 ms
15:52:26.796   Lat/Lon/Alt/Course: 53.442078 / 6.755899 / 4.1 m / 302.3 deg
15:52:26.797 --- Virtual Terminal ---
15:52:26.797   Connected:    Y
15:52:26.797   State:        21/22  Connected
15:52:26.799   VT version:  4
15:52:26.799   VT status msgs: 187   last 304 ms ago
15:52:26.800   Partner: addr=0x26 valid=Y  reconnect attempts=0
15:52:26.800   VT failover: switches=0 claim requests=0
15:52:26.800 --- Lightbar emulation (Ag Leader L160, PGN 65462) ---
15:52:26.802   Address claim: CLAIMED  address=0xDC
15:52:26.802   Display partner: 0xF5  identification requests=7 answered=7 unknown=0  last DID=0x8015  hello=Y
15:52:26.802   Sent: frames=105 failures=0 heartbeats=90 softwareId=Y  proprietary A from display=0
15:52:26.802   PGN 65462 XTE: frames=0 committed=0
15:52:26.803 --- Task Controller ---
15:52:26.804   Connected:    Y
15:52:26.804   TC-GEO (with/without pos): Y/N
15:52:26.804   Task active:  Y
15:52:26.804   DRP deviation (DDI 513): 0 mm, last 156523 ms ago
15:52:26.804   GNSS quality (DDI 514):  0, last 156523 ms ago
15:52:26.806   [via stack] Value cmds to handler: 0  last DDI=(none)
15:52:26.806   [via stack] Value req callbacks:  0   (mostly AgIsoStack's own re-polling -- NOT bus traffic)
15:52:26.806   [on bus] Requests for our values: 0
15:52:26.807   [on bus] Set-value commands:      0
15:52:26.807   [on bus] Measurement commands:    0  (none)
15:52:26.808   [on bus] Other, addressed to us:  6
15:52:26.808   Partner: addr=0xF7 valid=Y  reconnect attempts=0
15:52:26.808   Tramline setpoint (DDI 506): (none yet -- no Tramline Control seen on this terminal)
15:52:26.808   Guidance track (DDI 507-511): (none yet)
15:52:26.810 === ISOBUS DEBUG MENU ===
15:52:26.810 1. Full status dump
15:52:26.810 2. Periodic summary line (ON - press to toggle)
15:52:26.811 3. Reset message counters
15:52:26.811 4. Dump DDOP as hex (open in AgIsoDDOPGenerator)
15:52:26.811 5. Dump VT object pool as hex
15:52:26.811 q. Exit
15:52:26.813 Exiting.
15:52:26.813 [ISOBUS] addr=0x81 claimed=Y load=14.6% msgs=2919 aiso=150(156684ms) xte=0.00m spd=0.00m/s q=0 ggaAge=1 vtgAge=1 xteAge=156684 xteraw=80:510301FF090508FF vt=Y(21/22) vtstat=187/465ms tc=Y drp=0mm tcq=0
15:52:26.814 W] [PR]: NACK-ing PGN request for PGN 60928 because no callback could handle it.
15:52:26.873 [ISOBUS] addr=0x81 claimed=Y load=14.6% msgs=2960 aiso=151(157684ms) xte=0.00m spd=0.00m/s q=0 ggaAge=1 vtgAge=1 xteAge=157684 xteraw=80:510301FF090508FF vt=Y(21/22) vtstat=189/465ms tc=Y drp=0mm tcq=0
15:52:27.858 [ISOBUS] addr=0x81 claimed=Y load=14.6% msgs=3001 aiso=152(158684ms) xte=0.00m spd=0.00m/s q=0 ggaAge=1 vtgAge=1 xteAge=158684 xteraw=80:510301FF090508FF vt=Y(21/22) vtstat=191/465ms tc=Y drp=0mm tcq=0
15:52:28.863 [ISOBUS] addr=0x81 claimed=Y load=14.5% msgs=3042 aiso=153(159684ms) xte=0.00m spd=0.00m/s q=0 ggaAge=1 vtgAge=1 xteAge=159684 xteraw=80:510301FF090508FF vt=Y(21/22) vtstat=193/461ms tc=Y drp=0mm tcq=0
15:52:29.763 W] [PR]: NACK-ing PGN request for PGN 60928 because no callback could handle it.
15:52:29.862 [ISOBUS] addr=0x81 claimed=Y load=14.7% msgs=3083 aiso=154(160684ms) xte=0.00m spd=0.00m/s q=0 ggaAge=1 vtgAge=1 xteAge=160684 xteraw=80:510301FF090508FF vt=Y(21/22) vtstat=195/461ms tc=Y drp=0mm tcq=0
15:52:30.884 [ISOBUS] addr=0x81 claimed=Y load=14.5% msgs=3124 aiso=155(161684ms) xte=0.00m spd=0.00m/s q=0 ggaAge=1 vtgAge=1 xteAge=161684 xteraw=80:510301FF090508FF vt=Y(21/22) vtstat=197/461ms tc=Y drp=0mm tcq=0
15:52:31.775 W] [PR]: NACK-ing PGN request for PGN 60928 because no callback could handle it.
15:52:31.872 [ISOBUS] addr=0x81 claimed=Y load=14.7% msgs=3164 aiso=156(162684ms) xte=0.00m spd=0.00m/s q=0 ggaAge=1 vtgAge=1 xteAge=162684 xteraw=80:510301FF090508FF vt=Y(21/22) vtstat=199/461ms tc=Y drp=0mm tcq=0
15:52:32.875 [ISOBUS] addr=0x81 claimed=Y load=14.5% msgs=3206 aiso=157(163684ms) xte=0.00m spd=0.00m/s q=0 ggaAge=1 vtgAge=1 xteAge=163684 xteraw=80:510301FF090508FF vt=Y(21/22) vtstat=201/461ms tc=Y drp=0mm tcq=0
15:52:33.876 [ISOBUS] addr=0x81 claimed=Y load=14.6% msgs=3246 aiso=158(164684ms) xte=0.00m spd=0.00m/s q=0 ggaAge=1 vtgAge=1 xteAge=164684 xteraw=80:510301FF090508FF vt=Y(21/22) vtstat=203/461ms tc=Y drp=0mm tcq=0
15:52:34.779 W] [PR]: NACK-ing PGN request for PGN 60928 because no callback could handle it.
15:52:34.876 [ISOBUS] addr=0x81 claimed=Y load=15.1% msgs=3292 aiso=159(165684ms) xte=0.00m spd=0.00m/s q=0 ggaAge=1 vtgAge=1 xteAge=165684 xteraw=80:510301FF090508FF vt=Y(21/22) vtstat=205/461ms tc=Y drp=0mm tcq=0
15:52:35.874 [ISOBUS] addr=0x81 claimed=Y load=14.6% msgs=3333 aiso=160(166684ms) xte=0.00m spd=0.00m/s q=0 ggaAge=1 vtgAge=1 xteAge=166684 xteraw=80:510301FF090508FF vt=Y(21/22) vtstat=207/461ms tc=Y drp=0mm tcq=0
15:52:36.779 W] [PR]: NACK-ing PGN request for PGN 60928 because no callback could handle it.
15:52:36.877 [ISOBUS] addr=0x81 claimed=Y load=14.6% msgs=3374 aiso=161(167684ms) xte=0.00m spd=0.00m/s q=0 ggaAge=1 vtgAge=1 xteAge=167684 xteraw=80:510301FF090508FF vt=Y(21/22) vtstat=209/461ms tc=Y drp=0mm tcq=0
15:52:37.860 [ISOBUS] addr=0x81 claimed=Y load=14.6% msgs=3412 aiso=162(168684ms) xte=0.00m spd=0.00m/s q=0 ggaAge=101 vtgAge=97 xteAge=168684 xteraw=80:510301FF090508FF vt=Y(21/22) vtstat=211/461ms tc=Y drp=0mm tcq=0
15:52:38.862 [ISOBUS] addr=0x81 claimed=Y load=14.5% msgs=3456 aiso=163(169684ms) xte=0.00m spd=0.00m/s q=0 ggaAge=1 vtgAge=1 xteAge=169684 xteraw=80:510301FF090508FF vt=Y(21/22) vtstat=213/461ms tc=Y drp=0mm tcq=0
15:52:39.769 W] [PR]: NACK-ing PGN request for PGN 60928 because no callback could handle it.
15:52:39.863 [ISOBUS] addr=0x81 claimed=Y load=14.7% msgs=3496 aiso=164(170684ms) xte=0.00m spd=0.00m/s q=0 ggaAge=1 vtgAge=1 xteAge=170684 xteraw=80:510301FF090508FF vt=Y(21/22) vtstat=215/457ms tc=Y drp=0mm tcq=0
15:52:40.883 [ISOBUS] addr=0x81 claimed=Y load=14.5% msgs=3538 aiso=165(171684ms) xte=0.00m spd=0.00m/s q=0 ggaAge=1 vtgAge=1 xteAge=171684 xteraw=80:510301FF090508FF vt=Y(21/22) vtstat=217/457ms tc=Y drp=0mm tcq=0
15:52:41.762 W] [PR]: NACK-ing PGN request for PGN 60928 because no callback could handle it.
15:52:41.863 [ISOBUS] addr=0x81 claimed=Y load=14.7% msgs=3579 aiso=166(172684ms) xte=0.00m spd=0.00m/s q=0 ggaAge=1 vtgAge=1 xteAge=172684 xteraw=80:510301FF090508FF vt=Y(21/22) vtstat=219/457ms tc=Y drp=0mm tcq=0
15:52:42.877 [ISOBUS] addr=0x81 claimed=Y load=14.5% msgs=3620 aiso=167(173684ms) xte=0.00m spd=0.00m/s q=0 ggaAge=1 vtgAge=1 xteAge=173684 xteraw=80:510301FF090508FF vt=Y(21/22) vtstat=221/457ms tc=Y drp=0mm tcq=0
15:52:43.861 [ISOBUS] addr=0x81 claimed=Y load=14.6% msgs=3661 aiso=168(174684ms) xte=0.00m spd=0.00m/s q=0 ggaAge=1 vtgAge=1 xteAge=174684 xteraw=80:510301FF090508FF vt=Y(21/22) vtstat=223/457ms tc=Y drp=0mm tcq=0
15:52:44.778 W] [PR]: NACK-ing PGN request for PGN 60928 because no callback could handle it.
15:52:44.895 [ISOBUS] addr=0x81 claimed=Y load=15.1% msgs=3706 aiso=169(175684ms) xte=0.00m spd=0.00m/s q=0 ggaAge=1 vtgAge=1 xteAge=175684 xteraw=80:510301FF090506FF vt=Y(21/22) vtstat=225/457ms tc=Y drp=0mm tcq=0
15:52:45.866 [ISOBUS] addr=0x81 claimed=Y load=14.6% msgs=3746 aiso=170(176684ms) xte=0.00m spd=0.00m/s q=0 ggaAge=1 vtgAge=1 xteAge=176684 xteraw=80:510301FF090506FF vt=Y(21/22) vtstat=227/457ms tc=Y drp=0mm tcq=0
15:52:46.779 W] [PR]: NACK-ing PGN request for PGN 60928 because no callback could handle it.
15:52:46.886 [ISOBUS] addr=0x81 claimed=Y load=14.6% msgs=3788 aiso=171(177684ms) xte=0.00m spd=0.00m/s q=0 ggaAge=1 vtgAge=1 xteAge=177684 xteraw=80:510301FF090506FF vt=Y(21/22) vtstat=229/457ms tc=Y drp=0mm tcq=0
15:52:47.859 [ISOBUS] addr=0x81 claimed=Y load=14.6% msgs=3829 aiso=172(178684ms) xte=0.00m spd=0.00m/s q=0 ggaAge=1 vtgAge=1 xteAge=178684 xteraw=80:510302FF0F060DFF vt=Y(21/22) vtstat=231/457ms tc=Y drp=0mm tcq=0
15:52:48.882 [ISOBUS] addr=0x81 claimed=Y load=14.5% msgs=3870 aiso=173(179684ms) xte=0.00m spd=0.00m/s q=0 ggaAge=1 vtgAge=1 xteAge=179684 xteraw=80:510302FF0F060DFF vt=Y(21/22) vtstat=233/457ms tc=Y drp=0mm tcq=0
15:52:49.782 W] [PR]: NACK-ing PGN request for PGN 60928 because no callback could handle it.
15:52:49.880 [ISOBUS] addr=0x81 claimed=Y load=14.7% msgs=3911 aiso=174(180684ms) xte=0.00m spd=0.00m/s q=0 ggaAge=1 vtgAge=1 xteAge=180684 xteraw=80:510302FF0F060DFF vt=Y(21/22) vtstat=235/453ms tc=Y drp=0mm tcq=0
15:52:50.860 [ISOBUS] addr=0x81 claimed=Y load=14.5% msgs=3952 aiso=175(181684ms) xte=0.00m spd=0.00m/s q=0 ggaAge=1 vtgAge=1 xteAge=181684 xteraw=80:510302FF0F060DFF vt=Y(21/22) vtstat=237/453ms tc=Y drp=0mm tcq=0
15:52:51.778 W] [PR]: NACK-ing PGN request for PGN 60928 because no callback could handle it.
15:52:51.879 [ISOBUS] addr=0x81 claimed=Y load=14.7% msgs=3993 aiso=176(182684ms) xte=0.00m spd=0.00m/s q=0 ggaAge=1 vtgAge=1 xteAge=182684 xteraw=80:510302FF0F060DFF vt=Y(21/22) vtstat=239/453ms tc=Y drp=0mm tcq=0
15:52:52.859 [ISOBUS] addr=0x81 claimed=Y load=14.5% msgs=4033 aiso=177(183684ms) xte=0.00m spd=0.00m/s q=0 ggaAge=1 vtgAge=1 xteAge=183684 xteraw=80:510302FF0F060DFF vt=Y(21/22) vtstat=241/453ms tc=Y drp=0mm tcq=0
15:52:53.868 [ISOBUS] addr=0x81 claimed=Y load=14.6% msgs=4074 aiso=178(184684ms) xte=0.00m spd=0.00m/s q=0 ggaAge=1 vtgAge=1 xteAge=184684 xteraw=80:510302FF0F060DFF vt=Y(21/22) vtstat=243/453ms tc=Y drp=0mm tcq=0
15:52:54.779 W] [PR]: NACK-ing PGN request for PGN 60928 because no callback could handle it.
15:52:54.873 [ISOBUS] addr=0x81 claimed=Y load=15.1% msgs=4119 aiso=179(185684ms) xte=0.00m spd=0.00m/s q=0 ggaAge=1 vtgAge=1 xteAge=185684 xteraw=80:510302FF0F060DFF vt=Y(21/22) vtstat=245/453ms tc=Y drp=0mm tcq=0
15:52:55.858 [ISOBUS] addr=0x81 claimed=Y load=14.6% msgs=4161 aiso=180(186684ms) xte=0.00m spd=0.00m/s q=0 ggaAge=2 vtgAge=2 xteAge=186684 xteraw=80:510302FF0F060DFF vt=Y(21/22) vtstat=247/453ms tc=Y drp=0mm tcq=0
15:52:56.795 W] [PR]: NACK-ing PGN request for PGN 60928 because no callback could handle it.
15:52:56.859 [ISOBUS] addr=0x81 claimed=Y load=14.6% msgs=4201 aiso=181(187684ms) xte=0.00m spd=0.00m/s q=0 ggaAge=2 vtgAge=2 xteAge=187684 xteraw=80:510302FF0F060DFF vt=Y(21/22) vtstat=249/454ms tc=Y drp=0mm tcq=0
15:52:57.876 [ISOBUS] addr=0x81 claimed=Y load=14.6% msgs=4242 aiso=182(188684ms) xte=0.00m spd=0.00m/s q=0 ggaAge=2 vtgAge=2 xteAge=188684 xteraw=80:510302FF0F060DFF vt=Y(21/22) vtstat=251/454ms tc=Y drp=0mm tcq=0
15:52:58.869 [ISOBUS] addr=0x81 claimed=Y load=14.5% msgs=4283 aiso=183(189684ms) xte=0.00m spd=0.00m/s q=0 ggaAge=2 vtgAge=2 xteAge=189684 xteraw=80:510302FF0F060DFF vt=Y(21/22) vtstat=253/454ms tc=Y drp=0mm tcq=0
15:52:58.905 ### sending keys: x1q
15:52:59.776 === ISOBUS DEBUG MENU ===
15:52:59.776 1. Full status dump
15:52:59.779 2. Periodic summary line (ON - press to toggle)
15:52:59.780 3. Reset message counters
15:52:59.780 4. Dump DDOP as hex (open in AgIsoDDOPGenerator)
15:52:59.781 5. Dump VT object pool as hex
15:52:59.781 q. Exit
15:52:59.782 === ISOBUS STATUS ===
15:52:59.782 Address claim: CLAIMED  address=0x81
15:52:59.784 CAN controller: error-active  TX err 0 (peak 0)  RX err 0 (peak 0)
15:52:59.784   error-passive entries: 0  bus-off entries: 0  longest episode: 0 ms
15:52:59.785 Bus load (ch0): 14.5 %
15:52:59.786 --- Message counters ---
15:52:59.786   PGN 129025 Position NMEA2000: 0
15:52:59.788   PGN 129026 Speed NMEA2000:    0
15:52:59.788   PGN 129283 XTE NMEA2000:      19
15:52:59.788   PGN 65267  Position legacy:   736
15:52:59.788   PGN 65256  Speed legacy:      736   last SA=0x80 raw=0x0
15:52:59.791   PGN 65535  all senders:       736   last SA=0x80
15:52:59.791   PGN 65535  XTE carrier 0x2A:  0   (none decoded)
15:52:59.792              raw SA=0x80 word=0xFFF byte1=0x3 payload 510302FF0F060DFF  (4 ms ago)
15:52:59.792   PGN 60160  XTE Trimble legacy:58   last SA=0x26
15:52:59.792   PGN 64770  AISO stop:         183   last 189890 ms ago
15:52:59.794   TOTAL:                        4292
15:52:59.795 --- Guidance telemetry ---
15:52:59.795   XTE:          0.00 m
15:52:59.795   Speed:        0.00 m/s (0.00 kn)
15:52:59.795   Quality:      0   RTK quality=4  PGN 129029 GNSS position: (none received)
15:52:59.795   PGN 129027 position deltas: 0
15:52:59.799   Guidance machine info (PGN 44032): 1824 msgs, last 64 ms ago
15:52:59.799     lockout=YES/READY  steeringReady=n/a  remoteEngage=n/a  curvature=-11.75 1/km
15:52:59.800   IsRtkQuality=N
15:52:59.800   GGA fix age:  8 ms
15:52:59.800   VTG fix age:  4 ms
15:52:59.802   XTE fix age:  189890 ms
15:52:59.802   Lat/Lon/Alt/Course: 53.442078 / 6.755879 / 4.4 m / 302.3 deg
15:52:59.802 --- Virtual Terminal ---
15:52:59.802   Connected:    Y
15:52:59.802   State:        21/22  Connected
15:52:59.802   VT version:  4
15:52:59.802   VT status msgs: 253   last 660 ms ago
15:52:59.806   Partner: addr=0x26 valid=Y  reconnect attempts=0
15:52:59.807   VT failover: switches=0 claim requests=0
15:52:59.807 --- Lightbar emulation (Ag Leader L160, PGN 65462) ---
15:52:59.807   Address claim: CLAIMED  address=0xDC
15:52:59.807   Display partner: 0xF5  identification requests=7 answered=7 unknown=0  last DID=0x8015  hello=Y
15:52:59.807   Sent: frames=125 failures=0 heartbeats=110 softwareId=Y  proprietary A from display=0
15:52:59.811   PGN 65462 XTE: frames=0 committed=0
15:52:59.812 --- Task Controller ---
15:52:59.812   Connected:    Y
15:52:59.812   TC-GEO (with/without pos): Y/N
15:52:59.815   Task active:  Y
15:52:59.815   DRP deviation (DDI 513): 0 mm, last 189890 ms ago
15:52:59.816   GNSS quality (DDI 514):  0, last 189890 ms ago
15:52:59.816   [via stack] Value cmds to handler: 0  last DDI=(none)
15:52:59.816   [via stack] Value req callbacks:  0   (mostly AgIsoStack's own re-polling -- NOT bus traffic)
15:52:59.818   [on bus] Requests for our values: 0
15:52:59.818   [on bus] Set-value commands:      0
15:52:59.818   [on bus] Measurement commands:    0  (none)
15:52:59.820   [on bus] Other, addressed to us:  6
15:52:59.820   Partner: addr=0xF7 valid=Y  reconnect attempts=0
15:52:59.822   Tramline setpoint (DDI 506): (none yet -- no Tramline Control seen on this terminal)
15:52:59.822   Guidance track (DDI 507-511): (none yet)
15:52:59.822 === ISOBUS DEBUG MENU ===
15:52:59.822 1. Full status dump
15:52:59.822 2. Periodic summary line (ON - press to toggle)
15:52:59.822 3. Reset message counters
15:52:59.826 4. Dump DDOP as hex (open in AgIsoDDOPGenerator)
15:52:59.826 5. Dump VT object pool as hex
15:52:59.826 q. Exit
15:52:59.829 Exiting.
15:52:59.829 W] [PR]: NACK-ing PGN request for PGN 60928 because no callback could handle it.
15:52:59.858 [ISOBUS] addr=0x81 claimed=Y load=14.7% msgs=4323 aiso=184(190684ms) xte=0.00m spd=0.00m/s q=0 ggaAge=2 vtgAge=98 xteAge=190684 xteraw=80:510302FF0F060DFF vt=Y(21/22) vtstat=255/454ms tc=Y drp=0mm tcq=0
15:53:00.858 [ISOBUS] addr=0x81 claimed=Y load=14.5% msgs=4364 aiso=185(191684ms) xte=0.00m spd=0.00m/s q=0 ggaAge=2 vtgAge=102 xteAge=191684 xteraw=80:510302FF0F060DFF vt=Y(21/22) vtstat=257/450ms tc=Y drp=0mm tcq=0
15:53:01.779 W] [PR]: NACK-ing PGN request for PGN 60928 because no callback could handle it.
15:53:01.870 [ISOBUS] addr=0x81 claimed=Y load=14.7% msgs=4407 aiso=186(192684ms) xte=0.00m spd=0.00m/s q=0 ggaAge=2 vtgAge=2 xteAge=192684 xteraw=80:510302FF0F060DFF vt=Y(21/22) vtstat=259/450ms tc=Y drp=0mm tcq=0
15:53:02.888 [ISOBUS] addr=0x81 claimed=Y load=14.5% msgs=4447 aiso=187(193684ms) xte=0.00m spd=0.00m/s q=0 ggaAge=2 vtgAge=2 xteAge=193684 xteraw=80:510302FF0F060DFF vt=Y(21/22) vtstat=261/450ms tc=Y drp=0mm tcq=0
15:53:03.862 [ISOBUS] addr=0x81 claimed=Y load=14.6% msgs=4488 aiso=188(194684ms) xte=0.00m spd=0.00m/s q=0 ggaAge=2 vtgAge=2 xteAge=194684 xteraw=80:510302FF0F060DFF vt=Y(21/22) vtstat=263/450ms tc=Y drp=0mm tcq=0
15:53:04.782 W] [PR]: NACK-ing PGN request for PGN 60928 because no callback could handle it.
15:53:04.867 [ISOBUS] addr=0x81 claimed=Y load=15.1% msgs=4533 aiso=189(195684ms) xte=0.00m spd=0.00m/s q=0 ggaAge=2 vtgAge=2 xteAge=195684 xteraw=80:510302FF0F060DFF vt=Y(21/22) vtstat=265/450ms tc=Y drp=0mm tcq=0
15:53:05.873 [ISOBUS] addr=0x81 claimed=Y load=14.6% msgs=4574 aiso=190(196684ms) xte=0.00m spd=0.00m/s q=0 ggaAge=2 vtgAge=2 xteAge=196684 xteraw=80:510302FF0F060DFF vt=Y(21/22) vtstat=267/450ms tc=Y drp=0mm tcq=0
15:53:06.765 W] [PR]: NACK-ing PGN request for PGN 60928 because no callback could handle it.
15:53:06.885 [ISOBUS] addr=0x81 claimed=Y load=14.6% msgs=4614 aiso=191(197684ms) xte=0.00m spd=0.00m/s q=0 ggaAge=2 vtgAge=98 xteAge=197684 xteraw=80:510302FF0F060DFF vt=Y(21/22) vtstat=269/450ms tc=Y drp=0mm tcq=0
15:53:07.858 [ISOBUS] addr=0x81 claimed=Y load=14.6% msgs=4655 aiso=192(198684ms) xte=0.00m spd=0.00m/s q=0 ggaAge=2 vtgAge=98 xteAge=198684 xteraw=80:510302FF0F060DFF vt=Y(21/22) vtstat=271/450ms tc=Y drp=0mm tcq=0
15:53:08.869 [ISOBUS] addr=0x81 claimed=Y load=14.5% msgs=4696 aiso=193(199684ms) xte=0.00m spd=0.00m/s q=0 ggaAge=2 vtgAge=102 xteAge=199684 xteraw=80:510302FF0F060DFF vt=Y(21/22) vtstat=273/450ms tc=Y drp=0mm tcq=0
15:53:09.781 W] [PR]: NACK-ing PGN request for PGN 60928 because no callback could handle it.
15:53:09.886 [ISOBUS] addr=0x81 claimed=Y load=14.7% msgs=4737 aiso=194(200684ms) xte=0.00m spd=0.00m/s q=0 ggaAge=2 vtgAge=94 xteAge=200684 xteraw=80:510302FF0F060DFF vt=Y(21/22) vtstat=275/446ms tc=Y drp=0mm tcq=0
15:53:10.871 [ISOBUS] addr=0x81 claimed=Y load=14.5% msgs=4779 aiso=195(201684ms) xte=0.00m spd=0.00m/s q=0 ggaAge=2 vtgAge=2 xteAge=201684 xteraw=80:510302FF0F060DFF vt=Y(21/22) vtstat=277/446ms tc=Y drp=0mm tcq=0
15:53:11.781 W] [PR]: NACK-ing PGN request for PGN 60928 because no callback could handle it.
15:53:11.873 [ISOBUS] addr=0x81 claimed=Y load=14.7% msgs=4819 aiso=196(202684ms) xte=0.00m spd=0.00m/s q=0 ggaAge=2 vtgAge=98 xteAge=202684 xteraw=80:510302FF0F060DFF vt=Y(21/22) vtstat=279/446ms tc=Y drp=0mm tcq=0
15:53:12.893 [ISOBUS] addr=0x81 claimed=Y load=14.5% msgs=4861 aiso=197(203684ms) xte=0.00m spd=0.00m/s q=0 ggaAge=2 vtgAge=2 xteAge=203684 xteraw=80:510302FF0F060DFF vt=Y(21/22) vtstat=281/446ms tc=Y drp=0mm tcq=0
15:53:13.877 [ISOBUS] addr=0x81 claimed=Y load=14.6% msgs=4902 aiso=198(204684ms) xte=0.00m spd=0.00m/s q=0 ggaAge=2 vtgAge=2 xteAge=204684 xteraw=80:510302FF0F060DFF vt=Y(21/22) vtstat=283/446ms tc=Y drp=0mm tcq=0
15:53:14.764 W] [PR]: NACK-ing PGN request for PGN 60928 because no callback could handle it.
15:53:14.864 [ISOBUS] addr=0x81 claimed=Y load=15.1% msgs=4946 aiso=199(205684ms) xte=0.00m spd=0.00m/s q=0 ggaAge=2 vtgAge=98 xteAge=205684 xteraw=80:510302FF0F060DFF vt=Y(21/22) vtstat=285/446ms tc=Y drp=0mm tcq=0
15:53:15.879 [ISOBUS] addr=0x81 claimed=Y load=14.6% msgs=4986 aiso=200(206684ms) xte=0.00m spd=0.00m/s q=0 ggaAge=102 vtgAge=102 xteAge=206684 xteraw=80:510302FF0F060DFF vt=Y(21/22) vtstat=287/446ms tc=Y drp=0mm tcq=0
15:53:16.789 W] [PR]: NACK-ing PGN request for PGN 60928 because no callback could handle it.
15:53:16.887 [ISOBUS] addr=0x81 claimed=Y load=14.6% msgs=5028 aiso=201(207684ms) xte=0.00m spd=0.00m/s q=0 ggaAge=2 vtgAge=102 xteAge=207684 xteraw=80:510302FF0F060DFF vt=Y(21/22) vtstat=289/442ms tc=Y drp=0mm tcq=0
15:53:17.868 [ISOBUS] addr=0x81 claimed=Y load=14.6% msgs=5069 aiso=202(208684ms) xte=0.00m spd=0.00m/s q=0 ggaAge=2 vtgAge=102 xteAge=208684 xteraw=80:510302FF0F060DFF vt=Y(21/22) vtstat=291/442ms tc=Y drp=0mm tcq=0
15:53:18.875 [ISOBUS] addr=0x81 claimed=Y load=14.5% msgs=5110 aiso=203(209684ms) xte=0.00m spd=0.00m/s q=0 ggaAge=2 vtgAge=98 xteAge=209684 xteraw=80:510302FF0F060DFF vt=Y(21/22) vtstat=293/442ms tc=Y drp=0mm tcq=0
15:53:19.764 W] [PR]: NACK-ing PGN request for PGN 60928 because no callback could handle it.
15:53:19.891 [ISOBUS] addr=0x81 claimed=Y load=14.7% msgs=5150 aiso=204(210684ms) xte=0.00m spd=0.00m/s q=0 ggaAge=102 vtgAge=98 xteAge=210684 xteraw=80:510302FF0F060DFF vt=Y(21/22) vtstat=295/442ms tc=Y drp=0mm tcq=0
15:53:20.875 [ISOBUS] addr=0x81 claimed=Y load=14.5% msgs=5191 aiso=205(211684ms) xte=0.00m spd=0.00m/s q=0 ggaAge=98 vtgAge=98 xteAge=211684 xteraw=80:510302FF0F060DFF vt=Y(21/22) vtstat=297/442ms tc=Y drp=0mm tcq=0
15:53:21.799 W] [PR]: NACK-ing PGN request for PGN 60928 because no callback could handle it.
15:53:21.862 [ISOBUS] addr=0x81 claimed=Y load=14.7% msgs=5233 aiso=206(212684ms) xte=0.00m spd=0.00m/s q=0 ggaAge=2 vtgAge=98 xteAge=212684 xteraw=80:510302FF0F060DFF vt=Y(21/22) vtstat=299/442ms tc=Y drp=0mm tcq=0
15:53:22.860 [ISOBUS] addr=0x81 claimed=Y load=14.5% msgs=5274 aiso=207(213684ms) xte=0.00m spd=0.00m/s q=0 ggaAge=2 vtgAge=98 xteAge=213684 xteraw=80:510302FF0F060DFF vt=Y(21/22) vtstat=301/442ms tc=Y drp=0mm tcq=0
15:53:23.897 [ISOBUS] addr=0x81 claimed=Y load=14.6% msgs=5315 aiso=208(214684ms) xte=0.00m spd=0.00m/s q=0 ggaAge=2 vtgAge=94 xteAge=214684 xteraw=80:510302FF0F060DFF vt=Y(21/22) vtstat=303/438ms tc=Y drp=0mm tcq=0
15:53:24.783 W] [PR]: NACK-ing PGN request for PGN 60928 because no callback could handle it.
15:53:24.870 [ISOBUS] addr=0x81 claimed=Y load=15.1% msgs=5359 aiso=209(215684ms) xte=0.00m spd=0.00m/s q=0 ggaAge=98 vtgAge=94 xteAge=215684 xteraw=80:510302FF0F060DFF vt=Y(21/22) vtstat=305/438ms tc=Y drp=0mm tcq=0
15:53:25.877 [ISOBUS] addr=0x81 claimed=Y load=14.6% msgs=5401 aiso=210(216684ms) xte=0.00m spd=0.00m/s q=0 ggaAge=2 vtgAge=98 xteAge=216684 xteraw=80:510302FF0F060DFF vt=Y(21/22) vtstat=307/438ms tc=Y drp=0mm tcq=0
15:53:26.764 W] [PR]: NACK-ing PGN request for PGN 60928 because no callback could handle it.
15:53:26.863 [ISOBUS] addr=0x81 claimed=Y load=14.6% msgs=5442 aiso=211(217684ms) xte=0.00m spd=0.00m/s q=0 ggaAge=2 vtgAge=98 xteAge=217684 xteraw=80:510302FF0F060DFF vt=Y(21/22) vtstat=309/438ms tc=Y drp=0mm tcq=0
15:53:27.877 [ISOBUS] addr=0x81 claimed=Y load=14.6% msgs=5483 aiso=212(218684ms) xte=0.00m spd=0.00m/s q=0 ggaAge=2 vtgAge=98 xteAge=218684 xteraw=80:510302FF0F060DFF vt=Y(21/22) vtstat=311/438ms tc=Y drp=0mm tcq=0
15:53:28.891 [ISOBUS] addr=0x81 claimed=Y load=14.5% msgs=5524 aiso=213(219684ms) xte=0.00m spd=0.00m/s q=0 ggaAge=2 vtgAge=98 xteAge=219684 xteraw=80:510302FF0F060DFF vt=Y(21/22) vtstat=313/438ms tc=Y drp=0mm tcq=0
15:53:29.765 W] [PR]: NACK-ing PGN request for PGN 60928 because no callback could handle it.
15:53:29.862 [ISOBUS] addr=0x81 claimed=Y load=14.7% msgs=5565 aiso=214(220684ms) xte=0.00m spd=0.00m/s q=0 ggaAge=2 vtgAge=94 xteAge=220684 xteraw=80:510302FF0F060DFF vt=Y(21/22) vtstat=315/434ms tc=Y drp=0mm tcq=0
15:53:30.871 [ISOBUS] addr=0x81 claimed=Y load=14.5% msgs=5605 aiso=215(221684ms) xte=0.00m spd=0.00m/s q=0 ggaAge=98 vtgAge=98 xteAge=221684 xteraw=80:510302FF0F060DFF vt=Y(21/22) vtstat=317/434ms tc=Y drp=0mm tcq=0
15:53:31.769 W] [PR]: NACK-ing PGN request for PGN 60928 because no callback could handle it.
15:53:31.866 [ISOBUS] addr=0x81 claimed=Y load=14.7% msgs=5647 aiso=216(222684ms) xte=0.00m spd=0.00m/s q=0 ggaAge=2 vtgAge=98 xteAge=222684 xteraw=80:510302FF0F060DFF vt=Y(21/22) vtstat=319/434ms tc=Y drp=0mm tcq=0
15:53:32.865 [ISOBUS] addr=0x81 claimed=Y load=14.5% msgs=5687 aiso=217(223684ms) xte=0.00m spd=0.00m/s q=0 ggaAge=102 vtgAge=98 xteAge=223684 xteraw=80:510302FF0F060DFF vt=Y(21/22) vtstat=321/434ms tc=Y drp=0mm tcq=0
15:53:33.888 [ISOBUS] addr=0x81 claimed=Y load=14.6% msgs=5728 aiso=218(224684ms) xte=0.00m spd=0.00m/s q=0 ggaAge=98 vtgAge=98 xteAge=224684 xteraw=80:510302FF0F060DFF vt=Y(21/22) vtstat=323/434ms tc=Y drp=0mm tcq=0
15:53:34.764 W] [PR]: NACK-ing PGN request for PGN 60928 because no callback could handle it.
15:53:34.865 [ISOBUS] addr=0x81 claimed=Y load=15.1% msgs=5773 aiso=219(225684ms) xte=0.00m spd=0.00m/s q=0 ggaAge=102 vtgAge=98 xteAge=225684 xteraw=80:510302FF0F060DFF vt=Y(21/22) vtstat=325/434ms tc=Y drp=0mm tcq=0
15:53:35.863 [ISOBUS] addr=0x81 claimed=Y load=14.6% msgs=5814 aiso=220(226684ms) xte=0.00m spd=0.00m/s q=0 ggaAge=98 vtgAge=94 xteAge=226684 xteraw=80:510302FF0F060DFF vt=Y(21/22) vtstat=327/430ms tc=Y drp=0mm tcq=0
15:53:36.786 W] [PR]: NACK-ing PGN request for PGN 60928 because no callback could handle it.
15:53:36.882 [ISOBUS] addr=0x81 claimed=Y load=14.6% msgs=5856 aiso=221(227684ms) xte=0.00m spd=0.00m/s q=0 ggaAge=2 vtgAge=98 xteAge=227684 xteraw=80:510302FF0F060DFF vt=Y(21/22) vtstat=329/430ms tc=Y drp=0mm tcq=0
15:53:37.870 [ISOBUS] addr=0x81 claimed=Y load=14.6% msgs=5896 aiso=222(228684ms) xte=0.00m spd=0.00m/s q=0 ggaAge=98 vtgAge=94 xteAge=228684 xteraw=80:510302FF0F060DFF vt=Y(21/22) vtstat=331/430ms tc=Y drp=0mm tcq=0
15:53:38.872 [ISOBUS] addr=0x81 claimed=Y load=14.5% msgs=5937 aiso=223(229684ms) xte=0.00m spd=0.00m/s q=0 ggaAge=98 vtgAge=98 xteAge=229684 xteraw=80:510302FF0F060DFF vt=Y(21/22) vtstat=333/430ms tc=Y drp=0mm tcq=0
15:53:39.786 W] [PR]: NACK-ing PGN request for PGN 60928 because no callback could handle it.
15:53:39.877 [ISOBUS] addr=0x81 claimed=Y load=14.7% msgs=5978 aiso=224(230684ms) xte=0.00m spd=0.00m/s q=0 ggaAge=98 vtgAge=98 xteAge=230684 xteraw=80:510302FF0F060DFF vt=Y(21/22) vtstat=335/430ms tc=Y drp=0mm tcq=0
15:53:40.875 [ISOBUS] addr=0x81 claimed=Y load=14.5% msgs=6019 aiso=225(231684ms) xte=0.00m spd=0.00m/s q=0 ggaAge=98 vtgAge=98 xteAge=231684 xteraw=80:510302FF0F060DFF vt=Y(21/22) vtstat=337/430ms tc=Y drp=0mm tcq=0
15:53:41.782 W] [PR]: NACK-ing PGN request for PGN 60928 because no callback could handle it.
15:53:41.880 [ISOBUS] addr=0x81 claimed=Y load=14.7% msgs=6060 aiso=226(232684ms) xte=0.00m spd=0.00m/s q=0 ggaAge=94 vtgAge=94 xteAge=232684 xteraw=80:510302FF0F060DFF vt=Y(21/22) vtstat=339/430ms tc=Y drp=0mm tcq=0
15:53:42.876 [ISOBUS] addr=0x81 claimed=Y load=14.5% msgs=6101 aiso=227(233684ms) xte=0.00m spd=0.00m/s q=0 ggaAge=98 vtgAge=98 xteAge=233684 xteraw=80:510302FF0F060DFF vt=Y(21/22) vtstat=341/426ms tc=Y drp=0mm tcq=0
15:53:43.865 [ISOBUS] addr=0x81 claimed=Y load=14.6% msgs=6142 aiso=228(234684ms) xte=0.00m spd=0.00m/s q=0 ggaAge=98 vtgAge=98 xteAge=234684 xteraw=80:510302FF0F060DFF vt=Y(21/22) vtstat=343/426ms tc=Y drp=0mm tcq=0
15:53:44.773 W] [PR]: NACK-ing PGN request for PGN 60928 because no callback could handle it.
15:53:44.869 [ISOBUS] addr=0x81 claimed=Y load=15.1% msgs=6187 aiso=229(235684ms) xte=0.00m spd=0.00m/s q=0 ggaAge=98 vtgAge=98 xteAge=235684 xteraw=80:510302FF0F060DFF vt=Y(21/22) vtstat=345/426ms tc=Y drp=0mm tcq=0
15:53:45.861 [ISOBUS] addr=0x81 claimed=Y load=14.6% msgs=6228 aiso=230(236684ms) xte=0.00m spd=0.00m/s q=0 ggaAge=99 vtgAge=98 xteAge=236684 xteraw=80:510302FF0F060DFF vt=Y(21/22) vtstat=347/426ms tc=Y drp=0mm tcq=0
15:53:46.798 W] [PR]: NACK-ing PGN request for PGN 60928 because no callback could handle it.
15:53:46.863 [ISOBUS] addr=0x81 claimed=Y load=14.6% msgs=6269 aiso=231(237684ms) xte=0.00m spd=0.00m/s q=0 ggaAge=99 vtgAge=99 xteAge=237684 xteraw=80:510302FF0F060DFF vt=Y(21/22) vtstat=349/426ms tc=Y drp=0mm tcq=0
15:53:47.872 [ISOBUS] addr=0x81 claimed=Y load=14.6% msgs=6310 aiso=232(238684ms) xte=0.00m spd=0.00m/s q=0 ggaAge=99 vtgAge=99 xteAge=238684 xteraw=80:510302FF0F060DFF vt=Y(21/22) vtstat=351/427ms tc=Y drp=0mm tcq=0
15:53:48.609 ### sending keys: x1q
15:53:49.768 === ISOBUS DEBUG MENU ===
15:53:49.769 1. Full status dump
15:53:49.769 2. Periodic summary line (ON - press to toggle)
15:53:49.770 3. Reset message counters
15:53:49.770 4. Dump DDOP as hex (open in AgIsoDDOPGenerator)
15:53:49.771 5. Dump VT object pool as hex
15:53:49.772 q. Exit
15:53:49.774 === ISOBUS STATUS ===
15:53:49.775 Address claim: CLAIMED  address=0x81
15:53:49.776 CAN controller: error-active  TX err 0 (peak 0)  RX err 0 (peak 0)
15:53:49.777   error-passive entries: 0  bus-off entries: 0  longest episode: 0 ms
15:53:49.777 Bus load (ch0): 14.8 %
15:53:49.778 --- Message counters ---
15:53:49.778   PGN 129025 Position NMEA2000: 0
15:53:49.778   PGN 129026 Speed NMEA2000:    0
15:53:49.779   PGN 129283 XTE NMEA2000:      24
15:53:49.779   PGN 65267  Position legacy:   1233
15:53:49.781   PGN 65256  Speed legacy:      1233   last SA=0x80 raw=0xA0
15:53:49.781   PGN 65535  all senders:       1233   last SA=0x80
15:53:49.781   PGN 65535  XTE carrier 0x2A:  0   (none decoded)
15:53:49.782              raw SA=0x80 word=0xFFF byte1=0x3 payload 510302FF0F060DFF  (7 ms ago)
15:53:49.782   PGN 60160  XTE Trimble legacy:73   last SA=0x26
15:53:49.782   PGN 64770  AISO stop:         233   last 239592 ms ago
15:53:49.783   TOTAL:                        6350
15:53:49.783 --- Guidance telemetry ---
15:53:49.784   XTE:          0.00 m
15:53:49.784   Speed:        0.17 m/s (0.34 kn)
15:53:49.784   Quality:      0   RTK quality=4  PGN 129029 GNSS position: (none received)
15:53:49.785   PGN 129027 position deltas: 0
15:53:49.785   Guidance machine info (PGN 44032): 2321 msgs, last 67 ms ago
15:53:49.786     lockout=YES/READY  steeringReady=n/a  remoteEngage=n/a  curvature=-11.75 1/km
15:53:49.786   IsRtkQuality=N
15:53:49.787   GGA fix age:  7 ms
15:53:49.787   VTG fix age:  7 ms
15:53:49.787   XTE fix age:  239592 ms
15:53:49.788   Lat/Lon/Alt/Course: 53.442081 / 6.755878 / 4.4 m / 302.3 deg
15:53:49.788 --- Virtual Terminal ---
15:53:49.789   Connected:    Y
15:53:49.789   State:        21/22  Connected
15:53:49.790   VT version:  4
15:53:49.790   VT status msgs: 353   last 331 ms ago
15:53:49.791   Partner: addr=0x26 valid=Y  reconnect attempts=0
15:53:49.791   VT failover: switches=0 claim requests=0
15:53:49.791 --- Lightbar emulation (Ag Leader L160, PGN 65462) ---
15:53:49.792   Address claim: CLAIMED  address=0xDC
15:53:49.792   Display partner: 0xF5  identification requests=7 answered=7 unknown=0  last DID=0x8015  hello=Y
15:53:49.793   Sent: frames=155 failures=0 heartbeats=140 softwareId=Y  proprietary A from display=0
15:53:49.793   PGN 65462 XTE: frames=0 committed=0
15:53:49.794 --- Task Controller ---
15:53:49.794   Connected:    Y
15:53:49.794   TC-GEO (with/without pos): Y/N
15:53:49.795   Task active:  Y
15:53:49.795   DRP deviation (DDI 513): 0 mm, last 239592 ms ago
15:53:49.796   GNSS quality (DDI 514):  0, last 239592 ms ago
15:53:49.796   [via stack] Value cmds to handler: 0  last DDI=(none)
15:53:49.797   [via stack] Value req callbacks:  0   (mostly AgIsoStack's own re-polling -- NOT bus traffic)
15:53:49.797   [on bus] Requests for our values: 0
15:53:49.824   [on bus] Set-value commands:      0
15:53:49.824   [on bus] Measurement commands:    0  (none)
15:53:49.824   [on bus] Other, addressed to us:  6
15:53:49.824   Partner: addr=0xF7 valid=Y  reconnect attempts=0
15:53:49.824   Tramline setpoint (DDI 506): (none yet -- no Tramline Control seen on this terminal)
15:53:49.824   Guidance track (DDI 507-511): (none yet)
15:53:49.824 === ISOBUS DEBUG MENU ===
15:53:49.824 1. Full status dump
15:53:49.824 2. Periodic summary line (ON - press to toggle)
15:53:49.824 3. Reset message counters
15:53:49.824 4. Dump DDOP as hex (open in AgIsoDDOPGenerator)
15:53:49.824 5. Dump VT object pool as hex
15:53:49.824 q. Exit
15:53:49.824 Exiting.
15:53:49.824 [ISOBUS] addr=0x81 claimed=Y load=14.8% msgs=6355 aiso=233(239743ms) xte=0.00m spd=0.22m/s q=0 ggaAge=58 vtgAge=58 xteAge=239743 xteraw=80:510302FF0F060DFF vt=Y(21/22) vtstat=353/482ms tc=Y drp=0mm tcq=0
15:53:49.836 W] [PR]: NACK-ing PGN request for PGN 60928 because no callback could handle it.
15:53:49.932 [ISOBUS] addr=0x81 claimed=Y load=15.5% msgs=6396 aiso=234(240743ms) xte=0.00m spd=0.66m/s q=0 ggaAge=58 vtgAge=58 xteAge=240743 xteraw=80:510302FF0F060DFF vt=Y(21/22) vtstat=355/482ms tc=Y drp=0mm tcq=0
15:53:50.954 [ISOBUS] addr=0x81 claimed=Y load=15.3% msgs=6437 aiso=235(241743ms) xte=0.00m spd=0.89m/s q=0 ggaAge=58 vtgAge=58 xteAge=241743 xteraw=80:510302FF0F060DFF vt=Y(21/22) vtstat=357/482ms tc=Y drp=0mm tcq=0
15:53:51.769 W] [PR]: NACK-ing PGN request for PGN 60928 because no callback could handle it.
15:53:51.938 [ISOBUS] addr=0x81 claimed=Y load=15.2% msgs=6478 aiso=236(242743ms) xte=0.00m spd=0.86m/s q=0 ggaAge=58 vtgAge=58 xteAge=242743 xteraw=80:510302FF0F060DFF vt=Y(21/22) vtstat=359/482ms tc=Y drp=0mm tcq=0
15:53:52.930 [ISOBUS] addr=0x81 claimed=Y load=15.3% msgs=6519 aiso=237(243743ms) xte=0.00m spd=0.61m/s q=0 ggaAge=58 vtgAge=58 xteAge=243743 xteraw=80:510302FF0F060DFF vt=Y(21/22) vtstat=361/482ms tc=Y drp=0mm tcq=0
15:53:53.940 [ISOBUS] addr=0x81 claimed=Y load=15.6% msgs=6560 aiso=238(244743ms) xte=0.00m spd=0.36m/s q=0 ggaAge=58 vtgAge=58 xteAge=244743 xteraw=80:510302FF0F060DFF vt=Y(21/22) vtstat=363/482ms tc=Y drp=0mm tcq=0
15:53:54.766 W] [PR]: NACK-ing PGN request for PGN 60928 because no callback could handle it.
15:53:54.926 [ISOBUS] addr=0x81 claimed=Y load=16.0% msgs=6605 aiso=239(245743ms) xte=0.00m spd=0.07m/s q=0 ggaAge=58 vtgAge=58 xteAge=245743 xteraw=80:510302FF0F060DFF vt=Y(21/22) vtstat=365/478ms tc=Y drp=0mm tcq=0
15:53:55.930 [ISOBUS] addr=0x81 claimed=Y load=15.1% msgs=6646 aiso=240(246743ms) xte=0.00m spd=0.05m/s q=0 ggaAge=58 vtgAge=58 xteAge=246743 xteraw=80:510302FF0F060DFF vt=Y(21/22) vtstat=367/478ms tc=Y drp=0mm tcq=0
15:53:56.766 W] [PR]: NACK-ing PGN request for PGN 60928 because no callback could handle it.
15:53:56.921 [ISOBUS] addr=0x81 claimed=Y load=14.8% msgs=6687 aiso=241(247743ms) xte=0.00m spd=0.03m/s q=0 ggaAge=58 vtgAge=58 xteAge=247743 xteraw=80:510302FF0F060DFF vt=Y(21/22) vtstat=369/478ms tc=Y drp=0mm tcq=0
15:53:57.930 [ISOBUS] addr=0x81 claimed=Y load=14.7% msgs=6728 aiso=242(248743ms) xte=0.00m spd=0.00m/s q=0 ggaAge=58 vtgAge=58 xteAge=248743 xteraw=80:510302FF0F060DFF vt=Y(21/22) vtstat=371/478ms tc=Y drp=0mm tcq=0
15:53:58.935 [ISOBUS] addr=0x81 claimed=Y load=14.5% msgs=6769 aiso=243(249743ms) xte=0.00m spd=0.00m/s q=0 ggaAge=58 vtgAge=58 xteAge=249743 xteraw=80:510302FF0F060DFF vt=Y(21/22) vtstat=373/478ms tc=Y drp=0mm tcq=0
15:53:59.798 W] [PR]: NACK-ing PGN request for PGN 60928 because no callback could handle it.
15:53:59.923 [ISOBUS] addr=0x81 claimed=Y load=14.7% msgs=6810 aiso=244(250743ms) xte=0.00m spd=0.00m/s q=0 ggaAge=58 vtgAge=58 xteAge=250743 xteraw=80:510302FF0F060DFF vt=Y(21/22) vtstat=375/478ms tc=Y drp=0mm tcq=0
15:54:00.945 [ISOBUS] addr=0x81 claimed=Y load=14.5% msgs=6851 aiso=245(251743ms) xte=0.00m spd=0.00m/s q=0 ggaAge=58 vtgAge=58 xteAge=251743 xteraw=80:510302FF0F060DFF vt=Y(21/22) vtstat=377/478ms tc=Y drp=0mm tcq=0
15:54:01.772 W] [PR]: NACK-ing PGN request for PGN 60928 because no callback could handle it.
15:54:01.932 [ISOBUS] addr=0x81 claimed=Y load=14.7% msgs=6892 aiso=246(252743ms) xte=0.00m spd=0.00m/s q=0 ggaAge=58 vtgAge=58 xteAge=252743 xteraw=80:510302FF0F060DFF vt=Y(21/22) vtstat=379/474ms tc=Y drp=0mm tcq=0
15:54:02.947 [ISOBUS] addr=0x81 claimed=Y load=14.5% msgs=6933 aiso=247(253743ms) xte=0.00m spd=0.00m/s q=0 ggaAge=58 vtgAge=58 xteAge=253743 xteraw=80:510302FF0F060DFF vt=Y(21/22) vtstat=381/474ms tc=Y drp=0mm tcq=0
15:54:03.951 [ISOBUS] addr=0x81 claimed=Y load=14.6% msgs=6974 aiso=248(254743ms) xte=0.00m spd=0.00m/s q=0 ggaAge=58 vtgAge=58 xteAge=254743 xteraw=80:510302FF0F060DFF vt=Y(21/22) vtstat=383/474ms tc=Y drp=0mm tcq=0
15:54:04.785 W] [PR]: NACK-ing PGN request for PGN 60928 because no callback could handle it.
15:54:04.951 [ISOBUS] addr=0x81 claimed=Y load=15.1% msgs=7019 aiso=249(255743ms) xte=0.00m spd=0.00m/s q=0 ggaAge=58 vtgAge=58 xteAge=255743 xteraw=80:510302FF0F060DFF vt=Y(21/22) vtstat=385/474ms tc=Y drp=0mm tcq=0
15:54:05.968 [ISOBUS] addr=0x81 claimed=Y load=14.6% msgs=7060 aiso=250(256743ms) xte=0.00m spd=0.00m/s q=0 ggaAge=58 vtgAge=58 xteAge=256743 xteraw=80:510302FF0F060DFF vt=Y(21/22) vtstat=387/474ms tc=Y drp=0mm tcq=0
15:54:06.788 W] [PR]: NACK-ing PGN request for PGN 60928 because no callback could handle it.
15:54:06.929 [ISOBUS] addr=0x81 claimed=Y load=14.6% msgs=7101 aiso=251(257743ms) xte=0.00m spd=0.00m/s q=0 ggaAge=58 vtgAge=58 xteAge=257743 xteraw=80:510302FF0F060DFF vt=Y(21/22) vtstat=389/474ms tc=Y drp=0mm tcq=0
15:54:07.950 [ISOBUS] addr=0x81 claimed=Y load=14.6% msgs=7142 aiso=252(258743ms) xte=0.00m spd=0.00m/s q=0 ggaAge=58 vtgAge=58 xteAge=258743 xteraw=80:510302FF0F060DFF vt=Y(21/22) vtstat=391/470ms tc=Y drp=0mm tcq=0
15:54:08.966 [ISOBUS] addr=0x81 claimed=Y load=14.5% msgs=7183 aiso=253(259743ms) xte=0.00m spd=0.00m/s q=0 ggaAge=58 vtgAge=58 xteAge=259743 xteraw=80:510302FF0F060DFF vt=Y(21/22) vtstat=393/470ms tc=Y drp=0mm tcq=0
15:54:09.794 W] [PR]: NACK-ing PGN request for PGN 60928 because no callback could handle it.
15:54:09.921 [ISOBUS] addr=0x81 claimed=Y load=14.7% msgs=7224 aiso=254(260743ms) xte=0.00m spd=0.00m/s q=0 ggaAge=58 vtgAge=58 xteAge=260743 xteraw=80:510302FF0F060DFF vt=Y(21/22) vtstat=395/470ms tc=Y drp=0mm tcq=0
15:54:10.938 [ISOBUS] addr=0x81 claimed=Y load=14.5% msgs=7265 aiso=255(261743ms) xte=0.00m spd=0.00m/s q=0 ggaAge=58 vtgAge=58 xteAge=261743 xteraw=80:510302FF0F060DFF vt=Y(21/22) vtstat=397/470ms tc=Y drp=0mm tcq=0
15:54:11.802 W] [PR]: NACK-ing PGN request for PGN 60928 because no callback could handle it.
15:54:11.934 [ISOBUS] addr=0x81 claimed=Y load=14.7% msgs=7306 aiso=256(262743ms) xte=0.00m spd=0.00m/s q=0 ggaAge=58 vtgAge=58 xteAge=262743 xteraw=80:510302FF0F060DFF vt=Y(21/22) vtstat=399/470ms tc=Y drp=0mm tcq=0
15:54:12.938 [ISOBUS] addr=0x81 claimed=Y load=14.5% msgs=7347 aiso=257(263743ms) xte=0.00m spd=0.00m/s q=0 ggaAge=58 vtgAge=58 xteAge=263743 xteraw=80:510302FF0F060DFF vt=Y(21/22) vtstat=401/470ms tc=Y drp=0mm tcq=0
15:54:13.940 [ISOBUS] addr=0x81 claimed=Y load=14.6% msgs=7388 aiso=258(264743ms) xte=0.00m spd=0.00m/s q=0 ggaAge=58 vtgAge=58 xteAge=264743 xteraw=80:510302FF0F060DFF vt=Y(21/22) vtstat=403/466ms tc=Y drp=0mm tcq=0
15:54:14.783 W] [PR]: NACK-ing PGN request for PGN 60928 because no callback could handle it.
15:54:14.959 [ISOBUS] addr=0x81 claimed=Y load=15.1% msgs=7433 aiso=259(265743ms) xte=0.00m spd=0.00m/s q=0 ggaAge=58 vtgAge=50 xteAge=265743 xteraw=80:510302FF0F060DFF vt=Y(21/22) vtstat=405/466ms tc=Y drp=0mm tcq=0
15:54:15.948 [ISOBUS] addr=0x81 claimed=Y load=14.6% msgs=7474 aiso=260(266743ms) xte=0.00m spd=0.00m/s q=0 ggaAge=58 vtgAge=58 xteAge=266743 xteraw=80:510302FF0F060DFF vt=Y(21/22) vtstat=407/466ms tc=Y drp=0mm tcq=0
15:54:16.774 W] [PR]: NACK-ing PGN request for PGN 60928 because no callback could handle it.
15:54:16.945 [ISOBUS] addr=0x81 claimed=Y load=14.6% msgs=7515 aiso=261(267743ms) xte=0.00m spd=0.00m/s q=0 ggaAge=58 vtgAge=58 xteAge=267743 xteraw=80:510302FF0F060DFF vt=Y(21/22) vtstat=409/466ms tc=Y drp=0mm tcq=0
15:54:17.955 [ISOBUS] addr=0x81 claimed=Y load=14.6% msgs=7556 aiso=262(268743ms) xte=0.00m spd=0.00m/s q=0 ggaAge=58 vtgAge=58 xteAge=268743 xteraw=80:510302FF0F060DFF vt=Y(21/22) vtstat=411/466ms tc=Y drp=0mm tcq=0
15:54:18.937 [ISOBUS] addr=0x81 claimed=Y load=14.5% msgs=7597 aiso=263(269743ms) xte=0.00m spd=0.00m/s q=0 ggaAge=58 vtgAge=58 xteAge=269743 xteraw=80:510302FF0F060DFF vt=Y(21/22) vtstat=413/466ms tc=Y drp=0mm tcq=0
15:54:19.774 W] [PR]: NACK-ing PGN request for PGN 60928 because no callback could handle it.
15:54:19.948 [ISOBUS] addr=0x81 claimed=Y load=14.7% msgs=7638 aiso=264(270743ms) xte=0.00m spd=0.00m/s q=0 ggaAge=58 vtgAge=58 xteAge=270743 xteraw=80:510302FF0F060DFF vt=Y(21/22) vtstat=415/462ms tc=Y drp=0mm tcq=0
15:54:20.950 [ISOBUS] addr=0x81 claimed=Y load=14.5% msgs=7679 aiso=265(271743ms) xte=0.00m spd=0.00m/s q=0 ggaAge=58 vtgAge=58 xteAge=271743 xteraw=80:510302FF0F060DFF vt=Y(21/22) vtstat=417/462ms tc=Y drp=0mm tcq=0
15:54:21.775 W] [PR]: NACK-ing PGN request for PGN 60928 because no callback could handle it.
15:54:21.935 [ISOBUS] addr=0x81 claimed=Y load=14.7% msgs=7720 aiso=266(272743ms) xte=0.00m spd=0.00m/s q=0 ggaAge=58 vtgAge=58 xteAge=272743 xteraw=80:510302FF0F060DFF vt=Y(21/22) vtstat=419/462ms tc=Y drp=0mm tcq=0
15:54:22.931 [ISOBUS] addr=0x81 claimed=Y load=14.5% msgs=7761 aiso=267(273743ms) xte=0.00m spd=0.00m/s q=0 ggaAge=58 vtgAge=58 xteAge=273743 xteraw=80:510302FF0F060DFF vt=Y(21/22) vtstat=421/462ms tc=Y drp=0mm tcq=0
15:54:23.956 [ISOBUS] addr=0x81 claimed=Y load=14.6% msgs=7802 aiso=268(274743ms) xte=0.00m spd=0.00m/s q=0 ggaAge=58 vtgAge=58 xteAge=274743 xteraw=80:510302FF0F060DFF vt=Y(21/22) vtstat=423/462ms tc=Y drp=0mm tcq=0
15:54:24.767 W] [PR]: NACK-ing PGN request for PGN 60928 because no callback could handle it.
15:54:24.952 [ISOBUS] addr=0x81 claimed=Y load=15.1% msgs=7847 aiso=269(275743ms) xte=0.00m spd=0.00m/s q=0 ggaAge=58 vtgAge=58 xteAge=275743 xteraw=80:510302FF0F060DFF vt=Y(21/22) vtstat=425/462ms tc=Y drp=0mm tcq=0
15:54:25.934 [ISOBUS] addr=0x81 claimed=Y load=14.6% msgs=7888 aiso=270(276743ms) xte=0.00m spd=0.00m/s q=0 ggaAge=58 vtgAge=58 xteAge=276743 xteraw=80:510302FF0F060DFF vt=Y(21/22) vtstat=427/462ms tc=Y drp=0mm tcq=0
15:54:26.802 W] [PR]: NACK-ing PGN request for PGN 60928 because no callback could handle it.
15:54:26.955 [ISOBUS] addr=0x81 claimed=Y load=14.6% msgs=7929 aiso=271(277743ms) xte=0.00m spd=0.00m/s q=0 ggaAge=58 vtgAge=58 xteAge=277743 xteraw=80:510302FF0F060DFF vt=Y(21/22) vtstat=429/458ms tc=Y drp=0mm tcq=0
15:54:27.952 [ISOBUS] addr=0x81 claimed=Y load=14.6% msgs=7970 aiso=272(278743ms) xte=0.00m spd=0.00m/s q=0 ggaAge=58 vtgAge=58 xteAge=278743 xteraw=80:510302FF0F060DFF vt=Y(21/22) vtstat=431/458ms tc=Y drp=0mm tcq=0
15:54:28.951 [ISOBUS] addr=0x81 claimed=Y load=14.5% msgs=8011 aiso=273(279743ms) xte=0.00m spd=0.00m/s q=0 ggaAge=58 vtgAge=58 xteAge=279743 xteraw=80:510302FF0F060DFF vt=Y(21/22) vtstat=433/458ms tc=Y drp=0mm tcq=0
15:54:29.768 W] [PR]: NACK-ing PGN request for PGN 60928 because no callback could handle it.
15:54:29.951 [ISOBUS] addr=0x81 claimed=Y load=14.7% msgs=8052 aiso=274(280743ms) xte=0.00m spd=0.00m/s q=0 ggaAge=58 vtgAge=58 xteAge=280743 xteraw=80:510302FF0F060DFF vt=Y(21/22) vtstat=435/458ms tc=Y drp=0mm tcq=0
15:54:30.933 [ISOBUS] addr=0x81 claimed=Y load=14.5% msgs=8093 aiso=275(281743ms) xte=0.00m spd=0.00m/s q=0 ggaAge=58 vtgAge=58 xteAge=281743 xteraw=80:510302FF0F060DFF vt=Y(21/22) vtstat=437/458ms tc=Y drp=0mm tcq=0
15:54:31.768 W] [PR]: NACK-ing PGN request for PGN 60928 because no callback could handle it.
15:54:31.934 [ISOBUS] addr=0x81 claimed=Y load=14.7% msgs=8134 aiso=276(282743ms) xte=0.00m spd=0.00m/s q=0 ggaAge=58 vtgAge=58 xteAge=282743 xteraw=80:510302FF0F060DFF vt=Y(21/22) vtstat=439/454ms tc=Y drp=0mm tcq=0
15:54:32.934 [ISOBUS] addr=0x81 claimed=Y load=14.5% msgs=8175 aiso=277(283743ms) xte=0.00m spd=0.00m/s q=0 ggaAge=58 vtgAge=58 xteAge=283743 xteraw=80:510302FF0F060DFF vt=Y(21/22) vtstat=441/454ms tc=Y drp=0mm tcq=0
15:54:33.937 [ISOBUS] addr=0x81 claimed=Y load=14.6% msgs=8216 aiso=278(284743ms) xte=0.00m spd=0.00m/s q=0 ggaAge=58 vtgAge=58 xteAge=284743 xteraw=80:510302FF0F060DFF vt=Y(21/22) vtstat=443/454ms tc=Y drp=0mm tcq=0
15:54:34.780 W] [PR]: NACK-ing PGN request for PGN 60928 because no callback could handle it.
15:54:34.934 [ISOBUS] addr=0x81 claimed=Y load=15.1% msgs=8261 aiso=279(285743ms) xte=0.00m spd=0.00m/s q=0 ggaAge=58 vtgAge=58 xteAge=285743 xteraw=80:510302FF0F060DFF vt=Y(21/22) vtstat=445/454ms tc=Y drp=0mm tcq=0
15:54:35.942 [ISOBUS] addr=0x81 claimed=Y load=14.6% msgs=8302 aiso=280(286743ms) xte=0.00m spd=0.00m/s q=0 ggaAge=59 vtgAge=59 xteAge=286743 xteraw=80:510302FF0F060DFF vt=Y(21/22) vtstat=447/455ms tc=Y drp=0mm tcq=0
15:54:36.790 W] [PR]: NACK-ing PGN request for PGN 60928 because no callback could handle it.
15:54:36.952 [ISOBUS] addr=0x81 claimed=Y load=14.6% msgs=8343 aiso=281(287743ms) xte=0.00m spd=0.00m/s q=0 ggaAge=59 vtgAge=59 xteAge=287743 xteraw=80:510302FF0F060DFF vt=Y(21/22) vtstat=449/451ms tc=Y drp=0mm tcq=0
15:54:37.939 [ISOBUS] addr=0x81 claimed=Y load=14.6% msgs=8384 aiso=282(288743ms) xte=0.00m spd=0.00m/s q=0 ggaAge=59 vtgAge=59 xteAge=288743 xteraw=80:510302FF0F060DFF vt=Y(21/22) vtstat=451/451ms tc=Y drp=0mm tcq=0
15:54:38.927 [ISOBUS] addr=0x81 claimed=Y load=14.5% msgs=8425 aiso=283(289743ms) xte=0.00m spd=0.00m/s q=0 ggaAge=59 vtgAge=59 xteAge=289743 xteraw=80:510302FF0F060DFF vt=Y(21/22) vtstat=453/455ms tc=Y drp=0mm tcq=0
15:54:39.774 W] [PR]: NACK-ing PGN request for PGN 60928 because no callback could handle it.
15:54:39.935 [ISOBUS] addr=0x81 claimed=Y load=14.7% msgs=8466 aiso=284(290743ms) xte=0.00m spd=0.00m/s q=0 ggaAge=59 vtgAge=59 xteAge=290743 xteraw=80:510302FF0F060DFF vt=Y(21/22) vtstat=455/451ms tc=Y drp=0mm tcq=0
15:54:40.954 [ISOBUS] addr=0x81 claimed=Y load=14.5% msgs=8507 aiso=285(291743ms) xte=0.00m spd=0.00m/s q=0 ggaAge=59 vtgAge=59 xteAge=291743 xteraw=80:510302FF0F060DFF vt=Y(21/22) vtstat=457/451ms tc=Y drp=0mm tcq=0
15:54:41.799 W] [PR]: NACK-ing PGN request for PGN 60928 because no callback could handle it.
15:54:41.950 [ISOBUS] addr=0x81 claimed=Y load=14.7% msgs=8548 aiso=286(292743ms) xte=0.00m spd=0.00m/s q=0 ggaAge=59 vtgAge=59 xteAge=292743 xteraw=80:510302FF0F060DFF vt=Y(21/22) vtstat=459/447ms tc=Y drp=0mm tcq=0
15:54:42.947 [ISOBUS] addr=0x81 claimed=Y load=14.5% msgs=8589 aiso=287(293743ms) xte=0.00m spd=0.00m/s q=0 ggaAge=59 vtgAge=59 xteAge=293743 xteraw=80:510302FF0F060DFF vt=Y(21/22) vtstat=461/447ms tc=Y drp=0mm tcq=0
15:54:43.942 [ISOBUS] addr=0x81 claimed=Y load=14.7% msgs=8630 aiso=288(294743ms) xte=0.00m spd=0.00m/s q=0 ggaAge=59 vtgAge=59 xteAge=294743 xteraw=80:510302FF0F060DFF vt=Y(21/22) vtstat=463/447ms tc=Y drp=0mm tcq=0
15:54:44.777 W] [PR]: NACK-ing PGN request for PGN 60928 because no callback could handle it.
15:54:44.934 [ISOBUS] addr=0x81 claimed=Y load=15.1% msgs=8675 aiso=289(295743ms) xte=0.00m spd=0.00m/s q=0 ggaAge=59 vtgAge=59 xteAge=295743 xteraw=80:510302FF0F060DFF vt=Y(21/22) vtstat=465/447ms tc=Y drp=0mm tcq=0
15:54:45.922 [ISOBUS] addr=0x81 claimed=Y load=14.6% msgs=8716 aiso=290(296743ms) xte=0.00m spd=0.00m/s q=0 ggaAge=59 vtgAge=59 xteAge=296743 xteraw=80:510302FF0F060DFF vt=Y(21/22) vtstat=467/559ms tc=Y drp=0mm tcq=0
15:54:46.769 W] [PR]: NACK-ing PGN request for PGN 60928 because no callback could handle it.
15:54:46.959 [ISOBUS] addr=0x81 claimed=Y load=14.6% msgs=8757 aiso=291(297743ms) xte=0.00m spd=0.00m/s q=0 ggaAge=59 vtgAge=59 xteAge=297743 xteraw=80:510302FF0F060DFF vt=Y(21/22) vtstat=469/555ms tc=Y drp=0mm tcq=0
15:54:47.936 [ISOBUS] addr=0x81 claimed=Y load=14.6% msgs=8798 aiso=292(298743ms) xte=0.00m spd=0.00m/s q=0 ggaAge=59 vtgAge=59 xteAge=298743 xteraw=80:510302FF0F060DFF vt=Y(21/22) vtstat=471/555ms tc=Y drp=0mm tcq=0
15:54:48.933 [ISOBUS] addr=0x81 claimed=Y load=14.5% msgs=8839 aiso=293(299743ms) xte=0.00m spd=0.00m/s q=0 ggaAge=59 vtgAge=59 xteAge=299743 xteraw=80:510302FF0F060DFF vt=Y(21/22) vtstat=473/559ms tc=Y drp=0mm tcq=0
15:54:49.765 W] [PR]: NACK-ing PGN request for PGN 60928 because no callback could handle it.
15:54:49.961 [ISOBUS] addr=0x81 claimed=Y load=14.8% msgs=8880 aiso=294(300743ms) xte=0.00m spd=0.00m/s q=0 ggaAge=59 vtgAge=59 xteAge=300743 xteraw=80:510302FF0F060DFF vt=Y(21/22) vtstat=475/555ms tc=Y drp=0mm tcq=0
15:54:50.925 [ISOBUS] addr=0x81 claimed=Y load=14.5% msgs=8921 aiso=295(301743ms) xte=0.00m spd=0.00m/s q=0 ggaAge=59 vtgAge=59 xteAge=301743 xteraw=80:510302FF0F060DFF vt=Y(21/22) vtstat=477/555ms tc=Y drp=0mm tcq=0
15:54:50.989 ### sending keys: x1q
15:54:51.799 === ISOBUS DEBUG MENU ===
15:54:51.799 1. Full status dump
15:54:51.799 2. Periodic summary line (ON - press to toggle)
15:54:51.799 3. Reset message counters
15:54:51.799 4. Dump DDOP as hex (open in AgIsoDDOPGenerator)
15:54:51.804 5. Dump VT object pool as hex
15:54:51.804 q. Exit
15:54:51.805 === ISOBUS STATUS ===
15:54:51.805 Address claim: CLAIMED  address=0x81
15:54:51.805 CAN controller: error-active  TX err 0 (peak 0)  RX err 0 (peak 0)
15:54:51.807   error-passive entries: 0  bus-off entries: 0  longest episode: 0 ms
15:54:51.807 Bus load (ch0): 14.5 %
15:54:51.807 --- Message counters ---
15:54:51.807   PGN 129025 Position NMEA2000: 0
15:54:51.807   PGN 129026 Speed NMEA2000:    0
15:54:51.809   PGN 129283 XTE NMEA2000:      30
15:54:51.809   PGN 65267  Position legacy:   1856
15:54:51.809   PGN 65256  Speed legacy:      1856   last SA=0x80 raw=0x0
15:54:51.809   PGN 65535  all senders:       1856   last SA=0x80
15:54:51.811   PGN 65535  XTE carrier 0x2A:  0   (none decoded)
15:54:51.811              raw SA=0x80 word=0xFFF byte1=0x3 payload 510302FF0F060DFF  (82 ms ago)
15:54:51.811   PGN 60160  XTE Trimble legacy:91   last SA=0x26
15:54:51.811   PGN 64770  AISO stop:         295   last 301970 ms ago
15:54:51.811   TOTAL:                        8929
15:54:51.813 --- Guidance telemetry ---
15:54:51.813   XTE:          0.00 m
15:54:51.814   Speed:        0.00 m/s (0.00 kn)
15:54:51.814   Quality:      0   RTK quality=4  PGN 129029 GNSS position: (none received)
15:54:51.814   PGN 129027 position deltas: 0
15:54:51.816   Guidance machine info (PGN 44032): 2945 msgs, last 42 ms ago
15:54:51.816     lockout=YES/READY  steeringReady=n/a  remoteEngage=n/a  curvature=-11.00 1/km
15:54:51.816   IsRtkQuality=N
15:54:51.818   GGA fix age:  86 ms
15:54:51.818   VTG fix age:  86 ms
15:54:51.818   XTE fix age:  301970 ms
15:54:51.818   Lat/Lon/Alt/Course: 53.442101 / 6.755843 / 1.3 m / 303.1 deg
15:54:51.820 --- Virtual Terminal ---
15:54:51.820   Connected:    Y
15:54:51.820   State:        21/22  Connected
15:54:51.822   VT version:  4
15:54:51.823   VT status msgs: 478   last 70 ms ago
15:54:51.824   Partner: addr=0x26 valid=Y  reconnect attempts=0
15:54:51.824   VT failover: switches=0 claim requests=0
15:54:51.824 --- Lightbar emulation (Ag Leader L160, PGN 65462) ---
15:54:51.824   Address claim: CLAIMED  address=0xDC
15:54:51.826   Display partner: 0xF5  identification requests=7 answered=7 unknown=0  last DID=0x8015  hello=Y
15:54:51.826   Sent: frames=192 failures=0 heartbeats=177 softwareId=Y  proprietary A from display=0
15:54:51.826   PGN 65462 XTE: frames=0 committed=0
15:54:51.826 --- Task Controller ---
15:54:51.828   Connected:    Y
15:54:51.828   TC-GEO (with/without pos): Y/N
15:54:51.828   Task active:  Y
15:54:51.828   DRP deviation (DDI 513): 0 mm, last 301970 ms ago
15:54:51.830   GNSS quality (DDI 514):  0, last 301970 ms ago
15:54:51.830   [via stack] Value cmds to handler: 0  last DDI=(none)
15:54:51.830   [via stack] Value req callbacks:  0   (mostly AgIsoStack's own re-polling -- NOT bus traffic)
15:54:51.830   [on bus] Requests for our values: 0
15:54:51.830   [on bus] Set-value commands:      0
15:54:51.832   [on bus] Measurement commands:    0  (none)
15:54:51.832   [on bus] Other, addressed to us:  6
15:54:51.832   Partner: addr=0xF7 valid=Y  reconnect attempts=0
15:54:51.832   Tramline setpoint (DDI 506): (none yet -- no Tramline Control seen on this terminal)
15:54:51.832   Guidance track (DDI 507-511): (none yet)
15:54:51.832 === ISOBUS DEBUG MENU ===
15:54:51.832 1. Full status dump
15:54:51.835 2. Periodic summary line (ON - press to toggle)
15:54:51.835 3. Reset message counters
15:54:51.835 4. Dump DDOP as hex (open in AgIsoDDOPGenerator)
15:54:51.835 5. Dump VT object pool as hex
15:54:51.835 q. Exit
15:54:51.838 Exiting.
15:54:51.838 W] [PR]: NACK-ing PGN request for PGN 60928 because no callback could handle it.
15:54:51.942 [ISOBUS] addr=0x81 claimed=Y load=14.7% msgs=8962 aiso=296(302743ms) xte=0.00m spd=0.00m/s q=0 ggaAge=59 vtgAge=59 xteAge=302743 xteraw=80:510302FF0F060DFF vt=Y(21/22) vtstat=479/559ms tc=Y drp=0mm tcq=0
15:54:52.935 [ISOBUS] addr=0x81 claimed=Y load=14.5% msgs=9003 aiso=297(303743ms) xte=0.00m spd=0.00m/s q=0 ggaAge=59 vtgAge=59 xteAge=303743 xteraw=80:510302FF0F060DFF vt=Y(21/22) vtstat=481/559ms tc=Y drp=0mm tcq=0
15:54:53.926 [ISOBUS] addr=0x81 claimed=Y load=14.6% msgs=9044 aiso=298(304743ms) xte=0.00m spd=0.00m/s q=0 ggaAge=59 vtgAge=59 xteAge=304743 xteraw=80:510302FF0F060DFF vt=Y(21/22) vtstat=483/559ms tc=Y drp=0mm tcq=0
15:54:54.765 W] [PR]: NACK-ing PGN request for PGN 60928 because no callback could handle it.
15:54:54.926 [ISOBUS] addr=0x81 claimed=Y load=15.1% msgs=9089 aiso=299(305743ms) xte=0.00m spd=0.00m/s q=0 ggaAge=59 vtgAge=59 xteAge=305743 xteraw=80:510302FF0F060DFF vt=Y(21/22) vtstat=485/555ms tc=Y drp=0mm tcq=0
15:54:55.935 [ISOBUS] addr=0x81 claimed=Y load=14.6% msgs=9130 aiso=300(306743ms) xte=0.00m spd=0.00m/s q=0 ggaAge=59 vtgAge=59 xteAge=306743 xteraw=80:510302FF0F060DFF vt=Y(21/22) vtstat=487/559ms tc=Y drp=0mm tcq=0
15:54:56.776 W] [PR]: NACK-ing PGN request for PGN 60928 because no callback could handle it.
15:54:56.945 [ISOBUS] addr=0x81 claimed=Y load=14.6% msgs=9171 aiso=301(307743ms) xte=0.00m spd=0.00m/s q=0 ggaAge=59 vtgAge=59 xteAge=307743 xteraw=80:510302FF0F060DFF vt=Y(21/22) vtstat=489/555ms tc=Y drp=0mm tcq=0
15:54:57.949 [ISOBUS] addr=0x81 claimed=Y load=14.6% msgs=9212 aiso=302(308743ms) xte=0.00m spd=0.00m/s q=0 ggaAge=59 vtgAge=59 xteAge=308743 xteraw=80:510302FF0F060DFF vt=Y(21/22) vtstat=491/559ms tc=Y drp=0mm tcq=0
15:54:58.959 [ISOBUS] addr=0x81 claimed=Y load=14.5% msgs=9253 aiso=303(309743ms) xte=0.00m spd=0.00m/s q=0 ggaAge=59 vtgAge=59 xteAge=309743 xteraw=80:510302FF0F060DFF vt=Y(21/22) vtstat=493/555ms tc=Y drp=0mm tcq=0
15:54:59.790 W] [PR]: NACK-ing PGN request for PGN 60928 because no callback could handle it.
15:54:59.936 [ISOBUS] addr=0x81 claimed=Y load=14.7% msgs=9294 aiso=304(310743ms) xte=0.00m spd=0.00m/s q=0 ggaAge=59 vtgAge=59 xteAge=310743 xteraw=80:510302FF0F060DFF vt=Y(21/22) vtstat=495/559ms tc=Y drp=0mm tcq=0
15:55:00.950 [ISOBUS] addr=0x81 claimed=Y load=14.5% msgs=9335 aiso=305(311743ms) xte=0.00m spd=0.00m/s q=0 ggaAge=59 vtgAge=59 xteAge=311743 xteraw=80:510302FF0F060DFF vt=Y(21/22) vtstat=497/555ms tc=Y drp=0mm tcq=0
15:55:01.794 W] [PR]: NACK-ing PGN request for PGN 60928 because no callback could handle it.
15:55:01.925 [ISOBUS] addr=0x81 claimed=Y load=14.7% msgs=9376 aiso=306(312743ms) xte=0.00m spd=0.00m/s q=0 ggaAge=59 vtgAge=59 xteAge=312743 xteraw=80:510302FF0F060DFF vt=Y(21/22) vtstat=499/559ms tc=Y drp=0mm tcq=0
15:55:02.925 [ISOBUS] addr=0x81 claimed=Y load=14.5% msgs=9417 aiso=307(313743ms) xte=0.00m spd=0.00m/s q=0 ggaAge=59 vtgAge=59 xteAge=313743 xteraw=80:510302FF0F060DFF vt=Y(21/22) vtstat=501/555ms tc=Y drp=0mm tcq=0
15:55:03.937 [ISOBUS] addr=0x81 claimed=Y load=14.6% msgs=9458 aiso=308(314743ms) xte=0.00m spd=0.00m/s q=0 ggaAge=59 vtgAge=59 xteAge=314743 xteraw=80:510302FF0F060DFF vt=Y(21/22) vtstat=503/559ms tc=Y drp=0mm tcq=0
15:55:04.783 W] [PR]: NACK-ing PGN request for PGN 60928 because no callback could handle it.
15:55:04.936 [ISOBUS] addr=0x81 claimed=Y load=15.1% msgs=9503 aiso=309(315743ms) xte=0.00m spd=0.00m/s q=0 ggaAge=59 vtgAge=59 xteAge=315743 xteraw=80:510302FF0F060DFF vt=Y(21/22) vtstat=505/555ms tc=Y drp=0mm tcq=0
15:55:05.936 [ISOBUS] addr=0x81 claimed=Y load=14.6% msgs=9544 aiso=310(316743ms) xte=0.00m spd=0.00m/s q=0 ggaAge=59 vtgAge=59 xteAge=316743 xteraw=80:510302FF0F060DFF vt=Y(21/22) vtstat=507/555ms tc=Y drp=0mm tcq=0
15:55:06.796 W] [PR]: NACK-ing PGN request for PGN 60928 because no callback could handle it.
15:55:06.924 [ISOBUS] addr=0x81 claimed=Y load=14.6% msgs=9585 aiso=311(317743ms) xte=0.00m spd=0.00m/s q=0 ggaAge=59 vtgAge=59 xteAge=317743 xteraw=80:510302FF0F060DFF vt=Y(21/22) vtstat=509/555ms tc=Y drp=0mm tcq=0
15:55:07.952 [ISOBUS] addr=0x81 claimed=Y load=14.6% msgs=9626 aiso=312(318743ms) xte=0.00m spd=0.00m/s q=0 ggaAge=59 vtgAge=59 xteAge=318743 xteraw=80:510302FF0F060DFF vt=Y(21/22) vtstat=511/559ms tc=Y drp=0mm tcq=0
15:55:08.936 [ISOBUS] addr=0x81 claimed=Y load=14.5% msgs=9667 aiso=313(319743ms) xte=0.00m spd=0.00m/s q=0 ggaAge=59 vtgAge=59 xteAge=319743 xteraw=80:510302FF0F060DFF vt=Y(21/22) vtstat=513/559ms tc=Y drp=0mm tcq=0
15:55:09.778 W] [PR]: NACK-ing PGN request for PGN 60928 because no callback could handle it.
15:55:09.938 [ISOBUS] addr=0x81 claimed=Y load=14.7% msgs=9708 aiso=314(320743ms) xte=0.00m spd=0.00m/s q=0 ggaAge=59 vtgAge=59 xteAge=320743 xteraw=80:510302FF0F060DFF vt=Y(21/22) vtstat=515/555ms tc=Y drp=0mm tcq=0
15:55:10.953 [ISOBUS] addr=0x81 claimed=Y load=14.5% msgs=9749 aiso=315(321743ms) xte=0.00m spd=0.00m/s q=0 ggaAge=59 vtgAge=59 xteAge=321743 xteraw=80:510302FF0F060DFF vt=Y(21/22) vtstat=517/555ms tc=Y drp=0mm tcq=0
15:55:11.793 W] [PR]: NACK-ing PGN request for PGN 60928 because no callback could handle it.
15:55:11.927 [ISOBUS] addr=0x81 claimed=Y load=14.7% msgs=9790 aiso=316(322743ms) xte=0.00m spd=0.00m/s q=0 ggaAge=59 vtgAge=59 xteAge=322743 xteraw=80:510302FF0F060DFF vt=Y(21/22) vtstat=519/555ms tc=Y drp=0mm tcq=0
15:55:12.933 [ISOBUS] addr=0x81 claimed=Y load=14.5% msgs=9831 aiso=317(323743ms) xte=0.00m spd=0.00m/s q=0 ggaAge=59 vtgAge=59 xteAge=323743 xteraw=80:510302FF0F060DFF vt=Y(21/22) vtstat=521/559ms tc=Y drp=0mm tcq=0
15:55:13.936 [ISOBUS] addr=0x81 claimed=Y load=14.6% msgs=9872 aiso=318(324743ms) xte=0.00m spd=0.00m/s q=0 ggaAge=59 vtgAge=59 xteAge=324743 xteraw=80:510302FF0F060DFF vt=Y(21/22) vtstat=523/555ms tc=Y drp=0mm tcq=0
15:55:14.779 W] [PR]: NACK-ing PGN request for PGN 60928 because no callback could handle it.
15:55:14.937 [ISOBUS] addr=0x81 claimed=Y load=15.1% msgs=9917 aiso=319(325743ms) xte=0.00m spd=0.00m/s q=0 ggaAge=59 vtgAge=55 xteAge=325743 xteraw=80:510302FF0F060DFF vt=Y(21/22) vtstat=525/559ms tc=Y drp=0mm tcq=0
15:55:15.932 [ISOBUS] addr=0x81 claimed=Y load=14.6% msgs=9958 aiso=320(326743ms) xte=0.00m spd=0.00m/s q=0 ggaAge=59 vtgAge=59 xteAge=326743 xteraw=80:510302FF0F060DFF vt=Y(21/22) vtstat=527/555ms tc=Y drp=0mm tcq=0
15:55:16.780 W] [PR]: NACK-ing PGN request for PGN 60928 because no callback could handle it.
15:55:16.938 [ISOBUS] addr=0x81 claimed=Y load=14.6% msgs=9999 aiso=321(327743ms) xte=0.00m spd=0.00m/s q=0 ggaAge=59 vtgAge=59 xteAge=327743 xteraw=80:510302FF0F060DFF vt=Y(21/22) vtstat=529/559ms tc=Y drp=0mm tcq=0
15:55:17.941 [ISOBUS] addr=0x81 claimed=Y load=14.6% msgs=10040 aiso=322(328743ms) xte=0.00m spd=0.00m/s q=0 ggaAge=59 vtgAge=59 xteAge=328743 xteraw=80:510302FF0F060DFF vt=Y(21/22) vtstat=531/559ms tc=Y drp=0mm tcq=0
15:55:18.926 [ISOBUS] addr=0x81 claimed=Y load=14.5% msgs=10081 aiso=323(329743ms) xte=0.00m spd=0.00m/s q=0 ggaAge=59 vtgAge=59 xteAge=329743 xteraw=80:510302FF0F060DFF vt=Y(21/22) vtstat=533/555ms tc=Y drp=0mm tcq=0
15:55:19.798 W] [PR]: NACK-ing PGN request for PGN 60928 because no callback could handle it.
15:55:19.948 [ISOBUS] addr=0x81 claimed=Y load=14.7% msgs=10122 aiso=324(330743ms) xte=0.00m spd=0.00m/s q=0 ggaAge=59 vtgAge=59 xteAge=330743 xteraw=80:510302FF0F060DFF vt=Y(21/22) vtstat=535/555ms tc=Y drp=0mm tcq=0
15:55:20.924 [ISOBUS] addr=0x81 claimed=Y load=14.5% msgs=10163 aiso=325(331743ms) xte=0.00m spd=0.00m/s q=0 ggaAge=59 vtgAge=59 xteAge=331743 xteraw=80:510302FF0F060DFF vt=Y(21/22) vtstat=537/555ms tc=Y drp=0mm tcq=0
15:55:21.794 W] [PR]: NACK-ing PGN request for PGN 60928 because no callback could handle it.
15:55:21.929 [ISOBUS] addr=0x81 claimed=Y load=14.7% msgs=10204 aiso=326(332743ms) xte=0.00m spd=0.00m/s q=0 ggaAge=59 vtgAge=55 xteAge=332743 xteraw=80:510302FF0F060DFF vt=Y(21/22) vtstat=539/555ms tc=Y drp=0mm tcq=0
15:55:22.943 [ISOBUS] addr=0x81 claimed=Y load=14.5% msgs=10245 aiso=327(333743ms) xte=0.00m spd=0.00m/s q=0 ggaAge=59 vtgAge=59 xteAge=333743 xteraw=80:510302FF0F060DFF vt=Y(21/22) vtstat=541/559ms tc=Y drp=0mm tcq=0
15:55:23.950 [ISOBUS] addr=0x81 claimed=Y load=14.6% msgs=10286 aiso=328(334743ms) xte=0.00m spd=0.00m/s q=0 ggaAge=48 vtgAge=48 xteAge=334743 xteraw=80:510302FF0F060DFF vt=Y(21/22) vtstat=543/555ms tc=Y drp=0mm tcq=0
15:55:24.801 W] [PR]: NACK-ing PGN request for PGN 60928 because no callback could handle it.
15:55:24.931 [ISOBUS] addr=0x81 claimed=Y load=15.1% msgs=10331 aiso=329(335743ms) xte=0.00m spd=0.00m/s q=0 ggaAge=60 vtgAge=60 xteAge=335743 xteraw=80:510302FF0F060DFF vt=Y(21/22) vtstat=545/560ms tc=Y drp=0mm tcq=0
15:55:25.940 [ISOBUS] addr=0x81 claimed=Y load=14.6% msgs=10372 aiso=330(336743ms) xte=0.00m spd=0.00m/s q=0 ggaAge=60 vtgAge=56 xteAge=336743 xteraw=80:510302FF0F060DFF vt=Y(21/22) vtstat=547/560ms tc=Y drp=0mm tcq=0
15:55:26.800 W] [PR]: NACK-ing PGN request for PGN 60928 because no callback could handle it.
15:55:26.950 [ISOBUS] addr=0x81 claimed=Y load=14.6% msgs=10413 aiso=331(337743ms) xte=0.00m spd=0.00m/s q=0 ggaAge=60 vtgAge=56 xteAge=337743 xteraw=80:510302FF0F060DFF vt=Y(21/22) vtstat=549/560ms tc=Y drp=0mm tcq=0
15:55:27.952 [ISOBUS] addr=0x81 claimed=Y load=14.6% msgs=10454 aiso=332(338743ms) xte=0.00m spd=0.00m/s q=0 ggaAge=60 vtgAge=56 xteAge=338743 xteraw=80:510302FF0F060DFF vt=Y(21/22) vtstat=551/556ms tc=Y drp=0mm tcq=0
15:55:28.932 [ISOBUS] addr=0x81 claimed=Y load=14.5% msgs=10495 aiso=333(339743ms) xte=0.00m spd=0.00m/s q=0 ggaAge=60 vtgAge=56 xteAge=339743 xteraw=80:510302FF0F060DFF vt=Y(21/22) vtstat=553/556ms tc=Y drp=0mm tcq=0
15:55:29.797 W] [PR]: NACK-ing PGN request for PGN 60928 because no callback could handle it.
15:55:29.947 [ISOBUS] addr=0x81 claimed=Y load=14.7% msgs=10536 aiso=334(340743ms) xte=0.00m spd=0.00m/s q=0 ggaAge=60 vtgAge=56 xteAge=340743 xteraw=80:510302FF0F060DFF vt=Y(21/22) vtstat=555/556ms tc=Y drp=0mm tcq=0
15:55:30.946 [ISOBUS] addr=0x81 claimed=Y load=14.5% msgs=10577 aiso=335(341743ms) xte=0.00m spd=0.00m/s q=0 ggaAge=56 vtgAge=56 xteAge=341743 xteraw=80:510302FF0F060DFF vt=Y(21/22) vtstat=557/556ms tc=Y drp=0mm tcq=0
15:55:31.783 W] [PR]: NACK-ing PGN request for PGN 60928 because no callback could handle it.
15:55:31.948 [ISOBUS] addr=0x81 claimed=Y load=14.7% msgs=10618 aiso=336(342743ms) xte=0.00m spd=0.00m/s q=0 ggaAge=56 vtgAge=56 xteAge=342743 xteraw=80:510302FF0F060DFF vt=Y(21/22) vtstat=559/556ms tc=Y drp=0mm tcq=0
15:55:32.927 [ISOBUS] addr=0x81 claimed=Y load=14.5% msgs=10659 aiso=337(343743ms) xte=0.00m spd=0.00m/s q=0 ggaAge=60 vtgAge=56 xteAge=343743 xteraw=80:510302FF0F060DFF vt=Y(21/22) vtstat=561/556ms tc=Y drp=0mm tcq=0
15:55:33.947 [ISOBUS] addr=0x81 claimed=Y load=14.6% msgs=10700 aiso=338(344743ms) xte=0.00m spd=0.00m/s q=0 ggaAge=60 vtgAge=48 xteAge=344743 xteraw=80:510302FF0F060DFF vt=Y(21/22) vtstat=563/560ms tc=Y drp=0mm tcq=0
15:55:34.788 W] [PR]: NACK-ing PGN request for PGN 60928 because no callback could handle it.
15:55:34.952 [ISOBUS] addr=0x81 claimed=Y load=15.1% msgs=10745 aiso=339(345743ms) xte=0.00m spd=0.00m/s q=0 ggaAge=56 vtgAge=56 xteAge=345743 xteraw=80:510302FF0F060DFF vt=Y(21/22) vtstat=565/556ms tc=Y drp=0mm tcq=0
15:55:35.959 [ISOBUS] addr=0x81 claimed=Y load=14.6% msgs=10786 aiso=340(346743ms) xte=0.00m spd=0.00m/s q=0 ggaAge=60 vtgAge=56 xteAge=346743 xteraw=80:510302FF0F060DFF vt=Y(21/22) vtstat=567/556ms tc=Y drp=0mm tcq=0
15:55:36.782 W] [PR]: NACK-ing PGN request for PGN 60928 because no callback could handle it.
15:55:36.934 [ISOBUS] addr=0x81 claimed=Y load=14.6% msgs=10827 aiso=341(347743ms) xte=0.00m spd=0.00m/s q=0 ggaAge=60 vtgAge=56 xteAge=347743 xteraw=80:510302FF0F060DFF vt=Y(21/22) vtstat=569/556ms tc=Y drp=0mm tcq=0
15:55:37.937 [ISOBUS] addr=0x81 claimed=Y load=14.6% msgs=10868 aiso=342(348743ms) xte=0.00m spd=0.00m/s q=0 ggaAge=56 vtgAge=56 xteAge=348743 xteraw=80:510302FF0F060DFF vt=Y(21/22) vtstat=571/556ms tc=Y drp=0mm tcq=0
15:55:38.942 [ISOBUS] addr=0x81 claimed=Y load=14.5% msgs=10909 aiso=343(349743ms) xte=0.00m spd=0.00m/s q=0 ggaAge=60 vtgAge=56 xteAge=349743 xteraw=80:510302FF0F060DFF vt=Y(21/22) vtstat=573/556ms tc=Y drp=0mm tcq=0
15:55:39.772 W] [PR]: NACK-ing PGN request for PGN 60928 because no callback could handle it.
15:55:39.948 [ISOBUS] addr=0x81 claimed=Y load=14.7% msgs=10950 aiso=344(350743ms) xte=0.00m spd=0.00m/s q=0 ggaAge=60 vtgAge=56 xteAge=350743 xteraw=80:510302FF0F060DFF vt=Y(21/22) vtstat=575/556ms tc=Y drp=0mm tcq=0
15:55:40.953 [ISOBUS] addr=0x81 claimed=Y load=14.5% msgs=10991 aiso=345(351743ms) xte=0.00m spd=0.00m/s q=0 ggaAge=56 vtgAge=56 xteAge=351743 xteraw=80:510302FF0F060DFF vt=Y(21/22) vtstat=577/560ms tc=Y drp=0mm tcq=0
15:55:41.793 W] [PR]: NACK-ing PGN request for PGN 60928 because no callback could handle it.
15:55:41.954 [ISOBUS] addr=0x81 claimed=Y load=14.7% msgs=11032 aiso=346(352743ms) xte=0.00m spd=0.00m/s q=0 ggaAge=56 vtgAge=56 xteAge=352743 xteraw=80:510302FF0F060DFF vt=Y(21/22) vtstat=579/556ms tc=Y drp=0mm tcq=0
15:55:42.931 [ISOBUS] addr=0x81 claimed=Y load=14.5% msgs=11073 aiso=347(353743ms) xte=0.00m spd=0.00m/s q=0 ggaAge=60 vtgAge=56 xteAge=353743 xteraw=80:510302FF0F060DFF vt=Y(21/22) vtstat=581/556ms tc=Y drp=0mm tcq=0
15:55:43.926 [ISOBUS] addr=0x81 claimed=Y load=14.6% msgs=11114 aiso=348(354743ms) xte=0.00m spd=0.00m/s q=0 ggaAge=56 vtgAge=56 xteAge=354743 xteraw=80:510302FF0F060DFF vt=Y(21/22) vtstat=583/556ms tc=Y drp=0mm tcq=0
15:55:44.778 W] [PR]: NACK-ing PGN request for PGN 60928 because no callback could handle it.
15:55:44.947 [ISOBUS] addr=0x81 claimed=Y load=15.1% msgs=11159 aiso=349(355743ms) xte=0.00m spd=0.00m/s q=0 ggaAge=60 vtgAge=56 xteAge=355743 xteraw=80:510302FF0F060DFF vt=Y(21/22) vtstat=585/556ms tc=Y drp=0mm tcq=0
15:55:45.932 [ISOBUS] addr=0x81 claimed=Y load=14.6% msgs=11200 aiso=350(356743ms) xte=0.00m spd=0.00m/s q=0 ggaAge=56 vtgAge=56 xteAge=356743 xteraw=80:510302FF0F060DFF vt=Y(21/22) vtstat=587/560ms tc=Y drp=0mm tcq=0
15:55:46.772 W] [PR]: NACK-ing PGN request for PGN 60928 because no callback could handle it.
15:55:46.930 [ISOBUS] addr=0x81 claimed=Y load=14.6% msgs=11241 aiso=351(357743ms) xte=0.00m spd=0.00m/s q=0 ggaAge=56 vtgAge=56 xteAge=357743 xteraw=80:510302FF0F060DFF vt=Y(21/22) vtstat=589/556ms tc=Y drp=0mm tcq=0
15:55:47.932 [ISOBUS] addr=0x81 claimed=Y load=14.6% msgs=11282 aiso=352(358743ms) xte=0.00m spd=0.00m/s q=0 ggaAge=60 vtgAge=56 xteAge=358743 xteraw=80:510302FF0F060DFF vt=Y(21/22) vtstat=591/556ms tc=Y drp=0mm tcq=0
15:55:48.946 [ISOBUS] addr=0x81 claimed=Y load=14.5% msgs=11323 aiso=353(359743ms) xte=0.00m spd=0.00m/s q=0 ggaAge=56 vtgAge=56 xteAge=359743 xteraw=80:510302FF0F060DFF vt=Y(21/22) vtstat=593/556ms tc=Y drp=0mm tcq=0
15:55:49.799 W] [PR]: NACK-ing PGN request for PGN 60928 because no callback could handle it.
15:55:49.955 [ISOBUS] addr=0x81 claimed=Y load=14.7% msgs=11364 aiso=354(360743ms) xte=0.00m spd=0.00m/s q=0 ggaAge=56 vtgAge=56 xteAge=360743 xteraw=80:510302FF0F060DFF vt=Y(21/22) vtstat=595/556ms tc=Y drp=0mm tcq=0
15:55:50.946 [ISOBUS] addr=0x81 claimed=Y load=14.5% msgs=11405 aiso=355(361743ms) xte=0.00m spd=0.00m/s q=0 ggaAge=56 vtgAge=56 xteAge=361743 xteraw=80:510302FF0F060DFF vt=Y(21/22) vtstat=597/556ms tc=Y drp=0mm tcq=0
15:55:51.794 W] [PR]: NACK-ing PGN request for PGN 60928 because no callback could handle it.
15:55:51.954 [ISOBUS] addr=0x81 claimed=Y load=14.7% msgs=11446 aiso=356(362743ms) xte=0.00m spd=0.00m/s q=0 ggaAge=56 vtgAge=56 xteAge=362743 xteraw=80:510302FF0F060DFF vt=Y(21/22) vtstat=599/556ms tc=Y drp=0mm tcq=0
15:55:52.941 [ISOBUS] addr=0x81 claimed=Y load=14.5% msgs=11487 aiso=357(363743ms) xte=0.00m spd=0.00m/s q=0 ggaAge=56 vtgAge=56 xteAge=363743 xteraw=80:510302FF0F060DFF vt=Y(21/22) vtstat=601/556ms tc=Y drp=0mm tcq=0
15:55:53.936 [ISOBUS] addr=0x81 claimed=Y load=14.6% msgs=11528 aiso=358(364743ms) xte=0.00m spd=0.00m/s q=0 ggaAge=56 vtgAge=56 xteAge=364743 xteraw=80:510302FF0F060DFF vt=Y(21/22) vtstat=603/556ms tc=Y drp=0mm tcq=0
15:55:54.783 W] [PR]: NACK-ing PGN request for PGN 60928 because no callback could handle it.
15:55:54.944 [ISOBUS] addr=0x81 claimed=Y load=15.1% msgs=11573 aiso=359(365743ms) xte=0.00m spd=0.00m/s q=0 ggaAge=56 vtgAge=56 xteAge=365743 xteraw=80:510302FF0F060DFF vt=Y(21/22) vtstat=605/556ms tc=Y drp=0mm tcq=0
15:55:55.938 [ISOBUS] addr=0x81 claimed=Y load=14.6% msgs=11614 aiso=360(366743ms) xte=0.00m spd=0.00m/s q=0 ggaAge=56 vtgAge=56 xteAge=366743 xteraw=80:510302FF0F060DFF vt=Y(21/22) vtstat=607/556ms tc=Y drp=0mm tcq=0
15:55:56.797 W] [PR]: NACK-ing PGN request for PGN 60928 because no callback could handle it.
15:55:56.950 [ISOBUS] addr=0x81 claimed=Y load=14.6% msgs=11655 aiso=361(367743ms) xte=0.00m spd=0.00m/s q=0 ggaAge=56 vtgAge=56 xteAge=367743 xteraw=80:510302FF0F060DFF vt=Y(21/22) vtstat=609/556ms tc=Y drp=0mm tcq=0
15:55:57.938 [ISOBUS] addr=0x81 claimed=Y load=14.6% msgs=11696 aiso=362(368743ms) xte=0.00m spd=0.00m/s q=0 ggaAge=56 vtgAge=56 xteAge=368743 xteraw=80:510302FF0F060DFF vt=Y(21/22) vtstat=611/556ms tc=Y drp=0mm tcq=0
15:55:58.940 [ISOBUS] addr=0x81 claimed=Y load=14.5% msgs=11737 aiso=363(369743ms) xte=0.00m spd=0.00m/s q=0 ggaAge=56 vtgAge=56 xteAge=369743 xteraw=80:510302FF0F060DFF vt=Y(21/22) vtstat=613/556ms tc=Y drp=0mm tcq=0
15:55:59.803 W] [PR]: NACK-ing PGN request for PGN 60928 because no callback could handle it.
15:55:59.932 [ISOBUS] addr=0x81 claimed=Y load=14.7% msgs=11778 aiso=364(370743ms) xte=0.00m spd=0.00m/s q=0 ggaAge=56 vtgAge=56 xteAge=370743 xteraw=80:510302FF0F060DFF vt=Y(21/22) vtstat=615/548ms tc=Y drp=0mm tcq=0
15:56:00.937 [ISOBUS] addr=0x81 claimed=Y load=14.5% msgs=11819 aiso=365(371743ms) xte=0.00m spd=0.00m/s q=0 ggaAge=56 vtgAge=56 xteAge=371743 xteraw=80:510302FF0F060DFF vt=Y(21/22) vtstat=617/556ms tc=Y drp=0mm tcq=0
15:56:01.791 W] [PR]: NACK-ing PGN request for PGN 60928 because no callback could handle it.
15:56:01.949 [ISOBUS] addr=0x81 claimed=Y load=14.7% msgs=11860 aiso=366(372743ms) xte=0.00m spd=0.00m/s q=0 ggaAge=56 vtgAge=56 xteAge=372743 xteraw=80:510302FF0F060DFF vt=Y(21/22) vtstat=619/560ms tc=Y drp=0mm tcq=0
15:56:02.960 [ISOBUS] addr=0x81 claimed=Y load=14.5% msgs=11901 aiso=367(373743ms) xte=0.00m spd=0.00m/s q=0 ggaAge=56 vtgAge=56 xteAge=373743 xteraw=80:510302FF0F060DFF vt=Y(21/22) vtstat=621/556ms tc=Y drp=0mm tcq=0
15:56:03.930 [ISOBUS] addr=0x81 claimed=Y load=14.6% msgs=11942 aiso=368(374743ms) xte=0.00m spd=0.00m/s q=0 ggaAge=56 vtgAge=56 xteAge=374743 xteraw=80:510302FF0F060DFF vt=Y(21/22) vtstat=623/556ms tc=Y drp=0mm tcq=0
15:56:04.791 W] [PR]: NACK-ing PGN request for PGN 60928 because no callback could handle it.
15:56:04.949 [ISOBUS] addr=0x81 claimed=Y load=15.1% msgs=11987 aiso=369(375743ms) xte=0.00m spd=0.00m/s q=0 ggaAge=56 vtgAge=56 xteAge=375743 xteraw=80:510302FF0F060DFF vt=Y(21/22) vtstat=625/556ms tc=Y drp=0mm tcq=0
15:56:05.949 [ISOBUS] addr=0x81 claimed=Y load=14.6% msgs=12028 aiso=370(376743ms) xte=0.00m spd=0.00m/s q=0 ggaAge=56 vtgAge=56 xteAge=376743 xteraw=80:510302FF0F060DFF vt=Y(21/22) vtstat=627/556ms tc=Y drp=0mm tcq=0
15:56:06.784 W] [PR]: NACK-ing PGN request for PGN 60928 because no callback could handle it.
15:56:06.940 [ISOBUS] addr=0x81 claimed=Y load=14.6% msgs=12069 aiso=371(377743ms) xte=0.00m spd=0.00m/s q=0 ggaAge=56 vtgAge=56 xteAge=377743 xteraw=80:510302FF0F060DFF vt=Y(21/22) vtstat=629/556ms tc=Y drp=0mm tcq=0
15:56:07.947 [ISOBUS] addr=0x81 claimed=Y load=14.6% msgs=12110 aiso=372(378743ms) xte=0.00m spd=0.00m/s q=0 ggaAge=56 vtgAge=56 xteAge=378743 xteraw=80:510302FF0F060DFF vt=Y(21/22) vtstat=631/556ms tc=Y drp=0mm tcq=0
15:56:08.949 [ISOBUS] addr=0x81 claimed=Y load=14.5% msgs=12151 aiso=373(379743ms) xte=0.00m spd=0.00m/s q=0 ggaAge=56 vtgAge=56 xteAge=379743 xteraw=80:510302FF0F060DFF vt=Y(21/22) vtstat=633/556ms tc=Y drp=0mm tcq=0
15:56:09.773 W] [PR]: NACK-ing PGN request for PGN 60928 because no callback could handle it.
15:56:09.947 [ISOBUS] addr=0x81 claimed=Y load=14.7% msgs=12192 aiso=374(380743ms) xte=0.00m spd=0.00m/s q=0 ggaAge=56 vtgAge=56 xteAge=380743 xteraw=80:510302FF0F060DFF vt=Y(21/22) vtstat=635/556ms tc=Y drp=0mm tcq=0
15:56:10.935 [ISOBUS] addr=0x81 claimed=Y load=14.6% msgs=12233 aiso=375(381743ms) xte=0.00m spd=0.00m/s q=0 ggaAge=56 vtgAge=56 xteAge=381743 xteraw=80:510302FF0F060DFF vt=Y(21/22) vtstat=637/556ms tc=Y drp=0mm tcq=0
15:56:11.795 W] [PR]: NACK-ing PGN request for PGN 60928 because no callback could handle it.
15:56:11.953 [ISOBUS] addr=0x81 claimed=Y load=14.7% msgs=12274 aiso=376(382743ms) xte=0.00m spd=0.00m/s q=0 ggaAge=57 vtgAge=56 xteAge=382743 xteraw=80:510302FF0F060DFF vt=Y(21/22) vtstat=639/556ms tc=Y drp=0mm tcq=0
15:56:12.929 [ISOBUS] addr=0x81 claimed=Y load=14.5% msgs=12315 aiso=377(383743ms) xte=0.00m spd=0.00m/s q=0 ggaAge=56 vtgAge=56 xteAge=383743 xteraw=80:510302FF0F060DFF vt=Y(21/22) vtstat=641/556ms tc=Y drp=0mm tcq=0
15:56:13.948 [ISOBUS] addr=0x81 claimed=Y load=14.6% msgs=12356 aiso=378(384743ms) xte=0.00m spd=0.00m/s q=0 ggaAge=57 vtgAge=57 xteAge=384743 xteraw=80:510302FF0F060DFF vt=Y(21/22) vtstat=643/556ms tc=Y drp=0mm tcq=0
15:56:14.782 W] [PR]: NACK-ing PGN request for PGN 60928 because no callback could handle it.
15:56:14.937 [ISOBUS] addr=0x81 claimed=Y load=15.1% msgs=12401 aiso=379(385743ms) xte=0.00m spd=0.00m/s q=0 ggaAge=57 vtgAge=57 xteAge=385743 xteraw=80:510302FF0F060DFF vt=Y(21/22) vtstat=645/557ms tc=Y drp=0mm tcq=0
15:56:15.940 [ISOBUS] addr=0x81 claimed=Y load=14.6% msgs=12442 aiso=380(386743ms) xte=0.00m spd=0.00m/s q=0 ggaAge=57 vtgAge=57 xteAge=386743 xteraw=80:510302FF0F060DFF vt=Y(21/22) vtstat=647/557ms tc=Y drp=0mm tcq=0
15:56:16.802 W] [PR]: NACK-ing PGN request for PGN 60928 because no callback could handle it.
15:56:16.938 [ISOBUS] addr=0x81 claimed=Y load=14.6% msgs=12483 aiso=381(387743ms) xte=0.00m spd=0.00m/s q=0 ggaAge=57 vtgAge=57 xteAge=387743 xteraw=80:510302FF0F060DFF vt=Y(21/22) vtstat=649/557ms tc=Y drp=0mm tcq=0
15:56:17.938 [ISOBUS] addr=0x81 claimed=Y load=14.6% msgs=12524 aiso=382(388743ms) xte=0.00m spd=0.00m/s q=0 ggaAge=57 vtgAge=57 xteAge=388743 xteraw=80:510302FF0F060DFF vt=Y(21/22) vtstat=651/557ms tc=Y drp=0mm tcq=0
15:56:18.953 [ISOBUS] addr=0x81 claimed=Y load=14.5% msgs=12565 aiso=383(389743ms) xte=0.00m spd=0.00m/s q=0 ggaAge=57 vtgAge=57 xteAge=389743 xteraw=80:510302FF0F060DFF vt=Y(21/22) vtstat=653/557ms tc=Y drp=0mm tcq=0
15:56:19.781 W] [PR]: NACK-ing PGN request for PGN 60928 because no callback could handle it.
15:56:19.948 [ISOBUS] addr=0x81 claimed=Y load=14.7% msgs=12606 aiso=384(390743ms) xte=0.00m spd=0.00m/s q=0 ggaAge=57 vtgAge=57 xteAge=390743 xteraw=80:510302FF0F060DFF vt=Y(21/22) vtstat=655/557ms tc=Y drp=0mm tcq=0
15:56:20.955 [ISOBUS] addr=0x81 claimed=Y load=14.5% msgs=12647 aiso=385(391743ms) xte=0.00m spd=0.00m/s q=0 ggaAge=57 vtgAge=57 xteAge=391743 xteraw=80:510302FF0F060DFF vt=Y(21/22) vtstat=657/557ms tc=Y drp=0mm tcq=0
15:56:21.783 W] [PR]: NACK-ing PGN request for PGN 60928 because no callback could handle it.
15:56:21.943 [ISOBUS] addr=0x81 claimed=Y load=14.7% msgs=12688 aiso=386(392743ms) xte=0.00m spd=0.00m/s q=0 ggaAge=57 vtgAge=57 xteAge=392743 xteraw=80:510302FF0F060DFF vt=Y(21/22) vtstat=659/557ms tc=Y drp=0mm tcq=0
15:56:22.933 [ISOBUS] addr=0x81 claimed=Y load=14.5% msgs=12729 aiso=387(393743ms) xte=0.00m spd=0.00m/s q=0 ggaAge=57 vtgAge=57 xteAge=393743 xteraw=80:510302FF0F060DFF vt=Y(21/22) vtstat=661/557ms tc=Y drp=0mm tcq=0
15:56:23.946 [ISOBUS] addr=0x81 claimed=Y load=14.6% msgs=12770 aiso=388(394743ms) xte=0.00m spd=0.00m/s q=0 ggaAge=57 vtgAge=57 xteAge=394743 xteraw=80:510302FF0F060DFF vt=Y(21/22) vtstat=663/557ms tc=Y drp=0mm tcq=0
15:56:24.778 W] [PR]: NACK-ing PGN request for PGN 60928 because no callback could handle it.
15:56:24.937 [ISOBUS] addr=0x81 claimed=Y load=15.1% msgs=12815 aiso=389(395743ms) xte=0.00m spd=0.00m/s q=0 ggaAge=57 vtgAge=57 xteAge=395743 xteraw=80:510302FF0F060DFF vt=Y(21/22) vtstat=665/557ms tc=Y drp=0mm tcq=0
15:56:25.935 [ISOBUS] addr=0x81 claimed=Y load=14.6% msgs=12856 aiso=390(396743ms) xte=0.00m spd=0.00m/s q=0 ggaAge=57 vtgAge=57 xteAge=396743 xteraw=80:510302FF0F060DFF vt=Y(21/22) vtstat=667/557ms tc=Y drp=0mm tcq=0
15:56:26.797 W] [PR]: NACK-ing PGN request for PGN 60928 because no callback could handle it.
15:56:26.956 [ISOBUS] addr=0x81 claimed=Y load=14.6% msgs=12897 aiso=391(397743ms) xte=0.00m spd=0.00m/s q=0 ggaAge=57 vtgAge=57 xteAge=397743 xteraw=80:510302FF0F060DFF vt=Y(21/22) vtstat=669/557ms tc=Y drp=0mm tcq=0
15:56:27.942 [ISOBUS] addr=0x81 claimed=Y load=14.6% msgs=12938 aiso=392(398743ms) xte=0.00m spd=0.00m/s q=0 ggaAge=57 vtgAge=57 xteAge=398743 xteraw=80:510302FF0F060DFF vt=Y(21/22) vtstat=671/557ms tc=Y drp=0mm tcq=0
15:56:28.943 [ISOBUS] addr=0x81 claimed=Y load=14.5% msgs=12979 aiso=393(399743ms) xte=0.00m spd=0.00m/s q=0 ggaAge=57 vtgAge=57 xteAge=399743 xteraw=80:510302FF0F060DFF vt=Y(21/22) vtstat=673/557ms tc=Y drp=0mm tcq=0
15:56:29.787 W] [PR]: NACK-ing PGN request for PGN 60928 because no callback could handle it.
15:56:29.931 [ISOBUS] addr=0x81 claimed=Y load=14.7% msgs=13020 aiso=394(400743ms) xte=0.00m spd=0.00m/s q=0 ggaAge=57 vtgAge=57 xteAge=400743 xteraw=80:510302FF0F060DFF vt=Y(21/22) vtstat=675/557ms tc=Y drp=0mm tcq=0
15:56:30.930 [ISOBUS] addr=0x81 claimed=Y load=14.5% msgs=13061 aiso=395(401743ms) xte=0.00m spd=0.00m/s q=0 ggaAge=57 vtgAge=57 xteAge=401743 xteraw=80:510302FF0F060DFF vt=Y(21/22) vtstat=677/557ms tc=Y drp=0mm tcq=0
15:56:31.775 W] [PR]: NACK-ing PGN request for PGN 60928 because no callback could handle it.
15:56:31.935 [ISOBUS] addr=0x81 claimed=Y load=14.7% msgs=13102 aiso=396(402743ms) xte=0.00m spd=0.00m/s q=0 ggaAge=57 vtgAge=57 xteAge=402743 xteraw=80:510302FF0F060DFF vt=Y(21/22) vtstat=679/557ms tc=Y drp=0mm tcq=0
15:56:32.940 [ISOBUS] addr=0x81 claimed=Y load=14.5% msgs=13143 aiso=397(403743ms) xte=0.00m spd=0.00m/s q=0 ggaAge=57 vtgAge=57 xteAge=403743 xteraw=80:510302FF0F060DFF vt=Y(21/22) vtstat=681/557ms tc=Y drp=0mm tcq=0
15:56:33.935 [ISOBUS] addr=0x81 claimed=Y load=14.6% msgs=13184 aiso=398(404743ms) xte=0.00m spd=0.00m/s q=0 ggaAge=57 vtgAge=57 xteAge=404743 xteraw=80:510302FF0F060DFF vt=Y(21/22) vtstat=683/557ms tc=Y drp=0mm tcq=0
15:56:34.798 W] [PR]: NACK-ing PGN request for PGN 60928 because no callback could handle it.
15:56:34.957 [ISOBUS] addr=0x81 claimed=Y load=15.1% msgs=13229 aiso=399(405743ms) xte=0.00m spd=0.00m/s q=0 ggaAge=57 vtgAge=57 xteAge=405743 xteraw=80:510302FF0F060DFF vt=Y(21/22) vtstat=685/557ms tc=Y drp=0mm tcq=0
15:56:35.951 [ISOBUS] addr=0x81 claimed=Y load=14.6% msgs=13270 aiso=400(406743ms) xte=0.00m spd=0.00m/s q=0 ggaAge=57 vtgAge=57 xteAge=406743 xteraw=80:510302FF0F060DFF vt=Y(21/22) vtstat=687/557ms tc=Y drp=0mm tcq=0
15:56:36.801 W] [PR]: NACK-ing PGN request for PGN 60928 because no callback could handle it.
15:56:36.935 [ISOBUS] addr=0x81 claimed=Y load=14.6% msgs=13311 aiso=401(407743ms) xte=0.00m spd=0.00m/s q=0 ggaAge=57 vtgAge=57 xteAge=407743 xteraw=80:510302FF0F060DFF vt=Y(21/22) vtstat=689/557ms tc=Y drp=0mm tcq=0
15:56:37.958 [ISOBUS] addr=0x81 claimed=Y load=14.6% msgs=13352 aiso=402(408743ms) xte=0.00m spd=0.00m/s q=0 ggaAge=57 vtgAge=57 xteAge=408743 xteraw=80:510302FF0F060DFF vt=Y(21/22) vtstat=691/557ms tc=Y drp=0mm tcq=0
15:56:38.959 [ISOBUS] addr=0x81 claimed=Y load=14.5% msgs=13393 aiso=403(409743ms) xte=0.00m spd=0.00m/s q=0 ggaAge=57 vtgAge=57 xteAge=409743 xteraw=80:510302FF0F060DFF vt=Y(21/22) vtstat=693/557ms tc=Y drp=0mm tcq=0
15:56:39.775 W] [PR]: NACK-ing PGN request for PGN 60928 because no callback could handle it.
15:56:39.948 [ISOBUS] addr=0x81 claimed=Y load=14.7% msgs=13434 aiso=404(410743ms) xte=0.00m spd=0.00m/s q=0 ggaAge=57 vtgAge=57 xteAge=410743 xteraw=80:510302FF0F060DFF vt=Y(21/22) vtstat=695/557ms tc=Y drp=0mm tcq=0
15:56:40.936 [ISOBUS] addr=0x81 claimed=Y load=14.5% msgs=13475 aiso=405(411743ms) xte=0.00m spd=0.00m/s q=0 ggaAge=57 vtgAge=57 xteAge=411743 xteraw=80:510302FF0F060DFF vt=Y(21/22) vtstat=697/557ms tc=Y drp=0mm tcq=0
15:56:41.793 W] [PR]: NACK-ing PGN request for PGN 60928 because no callback could handle it.
15:56:41.952 [ISOBUS] addr=0x81 claimed=Y load=14.7% msgs=13516 aiso=406(412743ms) xte=0.00m spd=0.00m/s q=0 ggaAge=57 vtgAge=57 xteAge=412743 xteraw=80:510302FF0F060DFF vt=Y(21/22) vtstat=699/557ms tc=Y drp=0mm tcq=0
15:56:42.951 [ISOBUS] addr=0x81 claimed=Y load=14.5% msgs=13557 aiso=407(413743ms) xte=0.00m spd=0.00m/s q=0 ggaAge=57 vtgAge=57 xteAge=413743 xteraw=80:510302FF0F060DFF vt=Y(21/22) vtstat=701/557ms tc=Y drp=0mm tcq=0
15:56:43.955 [ISOBUS] addr=0x81 claimed=Y load=14.6% msgs=13598 aiso=408(414743ms) xte=0.00m spd=0.00m/s q=0 ggaAge=57 vtgAge=57 xteAge=414743 xteraw=80:510302FF0F060DFF vt=Y(21/22) vtstat=703/557ms tc=Y drp=0mm tcq=0
15:56:44.798 W] [PR]: NACK-ing PGN request for PGN 60928 because no callback could handle it.
15:56:44.949 [ISOBUS] addr=0x81 claimed=Y load=15.1% msgs=13643 aiso=409(415743ms) xte=0.00m spd=0.00m/s q=0 ggaAge=57 vtgAge=57 xteAge=415743 xteraw=80:510302FF0F060DFF vt=Y(21/22) vtstat=705/557ms tc=Y drp=0mm tcq=0
15:56:45.957 [ISOBUS] addr=0x81 claimed=Y load=14.6% msgs=13684 aiso=410(416743ms) xte=0.00m spd=0.00m/s q=0 ggaAge=57 vtgAge=57 xteAge=416743 xteraw=80:510302FF0F060DFF vt=Y(21/22) vtstat=707/557ms tc=Y drp=0mm tcq=0
15:56:46.780 W] [PR]: NACK-ing PGN request for PGN 60928 because no callback could handle it.
15:56:46.939 [ISOBUS] addr=0x81 claimed=Y load=14.6% msgs=13725 aiso=411(417743ms) xte=0.00m spd=0.00m/s q=0 ggaAge=57 vtgAge=57 xteAge=417743 xteraw=80:510302FF0F060DFF vt=Y(21/22) vtstat=709/557ms tc=Y drp=0mm tcq=0
15:56:47.933 [ISOBUS] addr=0x81 claimed=Y load=14.6% msgs=13766 aiso=412(418743ms) xte=0.00m spd=0.00m/s q=0 ggaAge=57 vtgAge=57 xteAge=418743 xteraw=80:510302FF0F060DFF vt=Y(21/22) vtstat=711/557ms tc=Y drp=0mm tcq=0
15:56:48.952 [ISOBUS] addr=0x81 claimed=Y load=14.5% msgs=13807 aiso=413(419743ms) xte=0.00m spd=0.00m/s q=0 ggaAge=57 vtgAge=57 xteAge=419743 xteraw=80:510302FF0F060DFF vt=Y(21/22) vtstat=713/557ms tc=Y drp=0mm tcq=0
15:56:49.779 W] [PR]: NACK-ing PGN request for PGN 60928 because no callback could handle it.
15:56:49.934 [ISOBUS] addr=0x81 claimed=Y load=14.7% msgs=13848 aiso=414(420743ms) xte=0.00m spd=0.00m/s q=0 ggaAge=57 vtgAge=57 xteAge=420743 xteraw=80:510302FF0F060DFF vt=Y(21/22) vtstat=715/557ms tc=Y drp=0mm tcq=0
15:56:50.956 [ISOBUS] addr=0x81 claimed=Y load=14.5% msgs=13889 aiso=415(421743ms) xte=0.00m spd=0.00m/s q=0 ggaAge=57 vtgAge=57 xteAge=421743 xteraw=80:510302FF0F060DFF vt=Y(21/22) vtstat=717/557ms tc=Y drp=0mm tcq=0
15:56:51.801 W] [PR]: NACK-ing PGN request for PGN 60928 because no callback could handle it.
15:56:51.959 [ISOBUS] addr=0x81 claimed=Y load=14.7% msgs=13930 aiso=416(422743ms) xte=0.00m spd=0.00m/s q=0 ggaAge=57 vtgAge=57 xteAge=422743 xteraw=80:510302FF0F060DFF vt=Y(21/22) vtstat=719/557ms tc=Y drp=0mm tcq=0
15:56:52.943 [ISOBUS] addr=0x81 claimed=Y load=14.5% msgs=13971 aiso=417(423743ms) xte=0.00m spd=0.00m/s q=0 ggaAge=57 vtgAge=57 xteAge=423743 xteraw=80:510302FF0F060DFF vt=Y(21/22) vtstat=721/557ms tc=Y drp=0mm tcq=0
15:56:53.954 [ISOBUS] addr=0x81 claimed=Y load=14.6% msgs=14012 aiso=418(424743ms) xte=0.00m spd=0.00m/s q=0 ggaAge=57 vtgAge=57 xteAge=424743 xteraw=80:510302FF0F060DFF vt=Y(21/22) vtstat=723/557ms tc=Y drp=0mm tcq=0
15:56:54.792 W] [PR]: NACK-ing PGN request for PGN 60928 because no callback could handle it.
15:56:54.956 [ISOBUS] addr=0x81 claimed=Y load=15.1% msgs=14057 aiso=419(425743ms) xte=0.00m spd=0.00m/s q=0 ggaAge=57 vtgAge=57 xteAge=425743 xteraw=80:510302FF0F060DFF vt=Y(21/22) vtstat=725/557ms tc=Y drp=0mm tcq=0
15:56:55.935 [ISOBUS] addr=0x81 claimed=Y load=14.6% msgs=14098 aiso=420(426743ms) xte=0.00m spd=0.00m/s q=0 ggaAge=57 vtgAge=57 xteAge=426743 xteraw=80:510302FF0F060DFF vt=Y(21/22) vtstat=727/557ms tc=Y drp=0mm tcq=0
15:56:56.790 W] [PR]: NACK-ing PGN request for PGN 60928 because no callback could handle it.
15:56:56.954 [ISOBUS] addr=0x81 claimed=Y load=14.6% msgs=14139 aiso=421(427743ms) xte=0.00m spd=0.00m/s q=0 ggaAge=57 vtgAge=57 xteAge=427743 xteraw=80:510302FF0F060DFF vt=Y(21/22) vtstat=729/557ms tc=Y drp=0mm tcq=0
15:56:57.942 [ISOBUS] addr=0x81 claimed=Y load=14.6% msgs=14180 aiso=422(428743ms) xte=0.00m spd=0.00m/s q=0 ggaAge=57 vtgAge=57 xteAge=428743 xteraw=80:510302FF0F060DFF vt=Y(21/22) vtstat=731/557ms tc=Y drp=0mm tcq=0
15:56:58.951 [ISOBUS] addr=0x81 claimed=Y load=14.5% msgs=14221 aiso=423(429743ms) xte=0.00m spd=0.00m/s q=0 ggaAge=57 vtgAge=57 xteAge=429743 xteraw=80:510302FF0F060DFF vt=Y(21/22) vtstat=733/557ms tc=Y drp=0mm tcq=0
15:56:59.802 W] [PR]: NACK-ing PGN request for PGN 60928 because no callback could handle it.
15:56:59.941 [ISOBUS] addr=0x81 claimed=Y load=14.7% msgs=14262 aiso=424(430743ms) xte=0.00m spd=0.00m/s q=0 ggaAge=57 vtgAge=57 xteAge=430743 xteraw=80:510302FF0F060DFF vt=Y(21/22) vtstat=735/553ms tc=Y drp=0mm tcq=0
15:57:00.959 [ISOBUS] addr=0x81 claimed=Y load=14.5% msgs=14303 aiso=425(431743ms) xte=0.00m spd=0.00m/s q=0 ggaAge=57 vtgAge=57 xteAge=431743 xteraw=80:510302FF0F060DFF vt=Y(21/22) vtstat=737/557ms tc=Y drp=0mm tcq=0
15:57:01.776 W] [PR]: NACK-ing PGN request for PGN 60928 because no callback could handle it.
15:57:01.935 [ISOBUS] addr=0x81 claimed=Y load=14.7% msgs=14344 aiso=426(432743ms) xte=0.00m spd=0.00m/s q=0 ggaAge=58 vtgAge=58 xteAge=432743 xteraw=80:510302FF0F060DFF vt=Y(21/22) vtstat=739/557ms tc=Y drp=0mm tcq=0
15:57:02.954 [ISOBUS] addr=0x81 claimed=Y load=14.5% msgs=14385 aiso=427(433743ms) xte=0.00m spd=0.00m/s q=0 ggaAge=58 vtgAge=58 xteAge=433743 xteraw=80:510302FF0F060DFF vt=Y(21/22) vtstat=741/554ms tc=Y drp=0mm tcq=0
15:57:03.962 [ISOBUS] addr=0x81 claimed=Y load=14.6% msgs=14426 aiso=428(434743ms) xte=0.00m spd=0.00m/s q=0 ggaAge=58 vtgAge=58 xteAge=434743 xteraw=80:510302FF0F060DFF vt=Y(21/22) vtstat=743/558ms tc=Y drp=0mm tcq=0
15:57:04.780 W] [PR]: NACK-ing PGN request for PGN 60928 because no callback could handle it.
15:57:04.938 [ISOBUS] addr=0x81 claimed=Y load=15.1% msgs=14471 aiso=429(435743ms) xte=0.00m spd=0.00m/s q=0 ggaAge=58 vtgAge=58 xteAge=435743 xteraw=80:510302FF0F060DFF vt=Y(21/22) vtstat=745/558ms tc=Y drp=0mm tcq=0
15:57:05.951 [ISOBUS] addr=0x81 claimed=Y load=14.6% msgs=14512 aiso=430(436743ms) xte=0.00m spd=0.00m/s q=0 ggaAge=58 vtgAge=58 xteAge=436743 xteraw=80:510302FF0F060DFF vt=Y(21/22) vtstat=747/558ms tc=Y drp=0mm tcq=0
15:57:06.783 W] [PR]: NACK-ing PGN request for PGN 60928 because no callback could handle it.
15:57:06.936 [ISOBUS] addr=0x81 claimed=Y load=14.6% msgs=14553 aiso=431(437743ms) xte=0.00m spd=0.00m/s q=0 ggaAge=58 vtgAge=58 xteAge=437743 xteraw=80:510302FF0F060DFF vt=Y(21/22) vtstat=749/558ms tc=Y drp=0mm tcq=0
15:57:07.949 [ISOBUS] addr=0x81 claimed=Y load=14.6% msgs=14594 aiso=432(438743ms) xte=0.00m spd=0.00m/s q=0 ggaAge=58 vtgAge=58 xteAge=438743 xteraw=80:510302FF0F060DFF vt=Y(21/22) vtstat=751/558ms tc=Y drp=0mm tcq=0
15:57:08.935 [ISOBUS] addr=0x81 claimed=Y load=14.5% msgs=14635 aiso=433(439743ms) xte=0.00m spd=0.00m/s q=0 ggaAge=58 vtgAge=58 xteAge=439743 xteraw=80:510302FF0F060DFF vt=Y(21/22) vtstat=753/554ms tc=Y drp=0mm tcq=0
15:57:09.779 W] [PR]: NACK-ing PGN request for PGN 60928 because no callback could handle it.
15:57:09.939 [ISOBUS] addr=0x81 claimed=Y load=14.7% msgs=14676 aiso=434(440743ms) xte=0.00m spd=0.00m/s q=0 ggaAge=58 vtgAge=58 xteAge=440743 xteraw=80:510302FF0F060DFF vt=Y(21/22) vtstat=755/558ms tc=Y drp=0mm tcq=0
15:57:10.955 [ISOBUS] addr=0x81 claimed=Y load=14.5% msgs=14717 aiso=435(441743ms) xte=0.00m spd=0.00m/s q=0 ggaAge=58 vtgAge=58 xteAge=441743 xteraw=80:510302FF0F060DFF vt=Y(21/22) vtstat=757/558ms tc=Y drp=0mm tcq=0
15:57:11.798 W] [PR]: NACK-ing PGN request for PGN 60928 because no callback could handle it.
15:57:11.957 [ISOBUS] addr=0x81 claimed=Y load=14.7% msgs=14758 aiso=436(442743ms) xte=0.00m spd=0.00m/s q=0 ggaAge=58 vtgAge=58 xteAge=442743 xteraw=80:510302FF0F060DFF vt=Y(21/22) vtstat=759/554ms tc=Y drp=0mm tcq=0
15:57:12.937 [ISOBUS] addr=0x81 claimed=Y load=14.5% msgs=14799 aiso=437(443743ms) xte=0.00m spd=0.00m/s q=0 ggaAge=58 vtgAge=58 xteAge=443743 xteraw=80:510302FF0F060DFF vt=Y(21/22) vtstat=761/554ms tc=Y drp=0mm tcq=0
15:57:13.940 [ISOBUS] addr=0x81 claimed=Y load=14.6% msgs=14840 aiso=438(444743ms) xte=0.00m spd=0.00m/s q=0 ggaAge=58 vtgAge=58 xteAge=444743 xteraw=80:510302FF0F060DFF vt=Y(21/22) vtstat=763/558ms tc=Y drp=0mm tcq=0
15:57:14.776 W] [PR]: NACK-ing PGN request for PGN 60928 because no callback could handle it.
15:57:14.938 [ISOBUS] addr=0x81 claimed=Y load=15.1% msgs=14885 aiso=439(445743ms) xte=0.00m spd=0.00m/s q=0 ggaAge=58 vtgAge=58 xteAge=445743 xteraw=80:510302FF0F060DFF vt=Y(21/22) vtstat=765/554ms tc=Y drp=0mm tcq=0
15:57:15.937 [ISOBUS] addr=0x81 claimed=Y load=14.6% msgs=14926 aiso=440(446743ms) xte=0.00m spd=0.00m/s q=0 ggaAge=58 vtgAge=58 xteAge=446743 xteraw=80:510302FF0F060DFF vt=Y(21/22) vtstat=767/554ms tc=Y drp=0mm tcq=0
15:57:16.808 W] [PR]: NACK-ing PGN request for PGN 60928 because no callback could handle it.
15:57:16.941 [ISOBUS] addr=0x81 claimed=Y load=14.6% msgs=14967 aiso=441(447743ms) xte=0.00m spd=0.00m/s q=0 ggaAge=58 vtgAge=58 xteAge=447743 xteraw=80:510302FF0F060DFF vt=Y(21/22) vtstat=769/558ms tc=Y drp=0mm tcq=0
15:57:17.972 [ISOBUS] addr=0x81 claimed=Y load=14.6% msgs=15008 aiso=442(448743ms) xte=0.00m spd=0.00m/s q=0 ggaAge=58 vtgAge=58 xteAge=448743 xteraw=80:510302FF0F060DFF vt=Y(21/22) vtstat=771/558ms tc=Y drp=0mm tcq=0
15:57:18.946 [ISOBUS] addr=0x81 claimed=Y load=14.5% msgs=15049 aiso=443(449743ms) xte=0.00m spd=0.00m/s q=0 ggaAge=58 vtgAge=58 xteAge=449743 xteraw=80:510302FF0F060DFF vt=Y(21/22) vtstat=773/558ms tc=Y drp=0mm tcq=0
15:57:19.797 W] [PR]: NACK-ing PGN request for PGN 60928 because no callback could handle it.
15:57:19.949 [ISOBUS] addr=0x81 claimed=Y load=14.7% msgs=15090 aiso=444(450743ms) xte=0.00m spd=0.00m/s q=0 ggaAge=58 vtgAge=58 xteAge=450743 xteraw=80:510302FF0F060DFF vt=Y(21/22) vtstat=775/558ms tc=Y drp=0mm tcq=0
15:57:20.954 [ISOBUS] addr=0x81 claimed=Y load=14.5% msgs=15131 aiso=445(451743ms) xte=0.00m spd=0.00m/s q=0 ggaAge=58 vtgAge=58 xteAge=451743 xteraw=80:510302FF0F060DFF vt=Y(21/22) vtstat=777/554ms tc=Y drp=0mm tcq=0
15:57:21.783 W] [PR]: NACK-ing PGN request for PGN 60928 because no callback could handle it.
15:57:21.940 [ISOBUS] addr=0x81 claimed=Y load=14.7% msgs=15172 aiso=446(452743ms) xte=0.00m spd=0.00m/s q=0 ggaAge=58 vtgAge=58 xteAge=452743 xteraw=80:510302FF0F060DFF vt=Y(21/22) vtstat=779/554ms tc=Y drp=0mm tcq=0
15:57:22.934 [ISOBUS] addr=0x81 claimed=Y load=14.5% msgs=15213 aiso=447(453743ms) xte=0.00m spd=0.00m/s q=0 ggaAge=58 vtgAge=58 xteAge=453743 xteraw=80:510302FF0F060DFF vt=Y(21/22) vtstat=781/554ms tc=Y drp=0mm tcq=0
15:57:23.960 [ISOBUS] addr=0x81 claimed=Y load=14.6% msgs=15254 aiso=448(454743ms) xte=0.00m spd=0.00m/s q=0 ggaAge=58 vtgAge=58 xteAge=454743 xteraw=80:510302FF0F060DFF vt=Y(21/22) vtstat=783/554ms tc=Y drp=0mm tcq=0
15:57:24.789 W] [PR]: NACK-ing PGN request for PGN 60928 because no callback could handle it.
15:57:24.949 [ISOBUS] addr=0x81 claimed=Y load=15.1% msgs=15299 aiso=449(455743ms) xte=0.00m spd=0.00m/s q=0 ggaAge=58 vtgAge=58 xteAge=455743 xteraw=80:510302FF0F060DFF vt=Y(21/22) vtstat=785/558ms tc=Y drp=0mm tcq=0
15:57:25.951 [ISOBUS] addr=0x81 claimed=Y load=14.6% msgs=15340 aiso=450(456743ms) xte=0.00m spd=0.00m/s q=0 ggaAge=58 vtgAge=58 xteAge=456743 xteraw=80:510302FF0F060DFF vt=Y(21/22) vtstat=787/554ms tc=Y drp=0mm tcq=0
15:57:26.779 W] [PR]: NACK-ing PGN request for PGN 60928 because no callback could handle it.
15:57:26.972 [ISOBUS] addr=0x81 claimed=Y load=14.6% msgs=15381 aiso=451(457743ms) xte=0.00m spd=0.00m/s q=0 ggaAge=58 vtgAge=58 xteAge=457743 xteraw=80:510302FF0F060DFF vt=Y(21/22) vtstat=789/554ms tc=Y drp=0mm tcq=0
15:57:27.952 [ISOBUS] addr=0x81 claimed=Y load=14.6% msgs=15422 aiso=452(458743ms) xte=0.00m spd=0.00m/s q=0 ggaAge=58 vtgAge=54 xteAge=458743 xteraw=80:510302FF0F060DFF vt=Y(21/22) vtstat=791/554ms tc=Y drp=0mm tcq=0
15:57:28.944 [ISOBUS] addr=0x81 claimed=Y load=14.5% msgs=15463 aiso=453(459743ms) xte=0.00m spd=0.00m/s q=0 ggaAge=58 vtgAge=54 xteAge=459743 xteraw=80:510302FF0F060DFF vt=Y(21/22) vtstat=793/554ms tc=Y drp=0mm tcq=0
15:57:29.780 W] [PR]: NACK-ing PGN request for PGN 60928 because no callback could handle it.
15:57:29.940 [ISOBUS] addr=0x81 claimed=Y load=14.7% msgs=15504 aiso=454(460743ms) xte=0.00m spd=0.00m/s q=0 ggaAge=58 vtgAge=54 xteAge=460743 xteraw=80:510302FF0F060DFF vt=Y(21/22) vtstat=795/558ms tc=Y drp=0mm tcq=0
15:57:30.948 [ISOBUS] addr=0x81 claimed=Y load=14.5% msgs=15545 aiso=455(461743ms) xte=0.00m spd=0.00m/s q=0 ggaAge=58 vtgAge=54 xteAge=461743 xteraw=80:510302FF0F060DFF vt=Y(21/22) vtstat=797/558ms tc=Y drp=0mm tcq=0
15:57:31.807 W] [PR]: NACK-ing PGN request for PGN 60928 because no callback could handle it.
15:57:31.943 [ISOBUS] addr=0x81 claimed=Y load=14.7% msgs=15586 aiso=456(462743ms) xte=0.00m spd=0.00m/s q=0 ggaAge=58 vtgAge=54 xteAge=462743 xteraw=80:510302FF0F060DFF vt=Y(21/22) vtstat=799/554ms tc=Y drp=0mm tcq=0
15:57:32.969 [ISOBUS] addr=0x81 claimed=Y load=14.5% msgs=15627 aiso=457(463743ms) xte=0.00m spd=0.00m/s q=0 ggaAge=58 vtgAge=58 xteAge=463743 xteraw=80:510302FF0F060DFF vt=Y(21/22) vtstat=801/554ms tc=Y drp=0mm tcq=0
15:57:33.950 [ISOBUS] addr=0x81 claimed=Y load=14.6% msgs=15668 aiso=458(464743ms) xte=0.00m spd=0.00m/s q=0 ggaAge=58 vtgAge=58 xteAge=464743 xteraw=80:510302FF0F060DFF vt=Y(21/22) vtstat=803/554ms tc=Y drp=0mm tcq=0
15:57:34.795 W] [PR]: NACK-ing PGN request for PGN 60928 because no callback could handle it.
15:57:34.956 [ISOBUS] addr=0x81 claimed=Y load=15.1% msgs=15713 aiso=459(465743ms) xte=0.00m spd=0.00m/s q=0 ggaAge=58 vtgAge=54 xteAge=465743 xteraw=80:510302FF0F060DFF vt=Y(21/22) vtstat=805/554ms tc=Y drp=0mm tcq=0
15:57:35.937 [ISOBUS] addr=0x81 claimed=Y load=14.6% msgs=15754 aiso=460(466743ms) xte=0.00m spd=0.00m/s q=0 ggaAge=58 vtgAge=54 xteAge=466743 xteraw=80:510302FF0F060DFF vt=Y(21/22) vtstat=807/554ms tc=Y drp=0mm tcq=0
15:57:36.793 W] [PR]: NACK-ing PGN request for PGN 60928 because no callback could handle it.
15:57:36.942 [ISOBUS] addr=0x81 claimed=Y load=14.6% msgs=15795 aiso=461(467743ms) xte=0.00m spd=0.00m/s q=0 ggaAge=58 vtgAge=54 xteAge=467743 xteraw=80:510302FF0F060DFF vt=Y(21/22) vtstat=809/558ms tc=Y drp=0mm tcq=0
15:57:37.954 [ISOBUS] addr=0x81 claimed=Y load=14.6% msgs=15836 aiso=462(468743ms) xte=0.00m spd=0.00m/s q=0 ggaAge=58 vtgAge=54 xteAge=468743 xteraw=80:510302FF0F060DFF vt=Y(21/22) vtstat=811/554ms tc=Y drp=0mm tcq=0
15:57:38.953 [ISOBUS] addr=0x81 claimed=Y load=14.6% msgs=15877 aiso=463(469743ms) xte=0.00m spd=0.00m/s q=0 ggaAge=58 vtgAge=58 xteAge=469743 xteraw=80:510302FF0F060DFF vt=Y(21/22) vtstat=813/558ms tc=Y drp=0mm tcq=0
15:57:39.783 W] [PR]: NACK-ing PGN request for PGN 60928 because no callback could handle it.
15:57:39.942 [ISOBUS] addr=0x81 claimed=Y load=14.7% msgs=15918 aiso=464(470743ms) xte=0.00m spd=0.00m/s q=0 ggaAge=54 vtgAge=54 xteAge=470743 xteraw=80:510302FF0F060DFF vt=Y(21/22) vtstat=815/558ms tc=Y drp=0mm tcq=0
15:57:40.965 [ISOBUS] addr=0x81 claimed=Y load=14.5% msgs=15959 aiso=465(471743ms) xte=0.00m spd=0.00m/s q=0 ggaAge=58 vtgAge=54 xteAge=471743 xteraw=80:510302FF0F060DFF vt=Y(21/22) vtstat=817/554ms tc=Y drp=0mm tcq=0
15:57:41.786 W] [PR]: NACK-ing PGN request for PGN 60928 because no callback could handle it.
15:57:41.947 [ISOBUS] addr=0x81 claimed=Y load=14.7% msgs=16000 aiso=466(472743ms) xte=0.00m spd=0.00m/s q=0 ggaAge=58 vtgAge=54 xteAge=472743 xteraw=80:510302FF0F060DFF vt=Y(21/22) vtstat=819/554ms tc=Y drp=0mm tcq=0
15:57:42.956 [ISOBUS] addr=0x81 claimed=Y load=14.5% msgs=16041 aiso=467(473743ms) xte=0.00m spd=0.00m/s q=0 ggaAge=54 vtgAge=54 xteAge=473743 xteraw=80:510302FF0F060DFF vt=Y(21/22) vtstat=821/558ms tc=Y drp=0mm tcq=0
15:57:43.946 [ISOBUS] addr=0x81 claimed=Y load=14.6% msgs=16082 aiso=468(474743ms) xte=0.00m spd=0.00m/s q=0 ggaAge=54 vtgAge=54 xteAge=474743 xteraw=80:510302FF0F060DFF vt=Y(21/22) vtstat=823/554ms tc=Y drp=0mm tcq=0
15:57:44.788 W] [PR]: NACK-ing PGN request for PGN 60928 because no callback could handle it.
15:57:44.946 [ISOBUS] addr=0x81 claimed=Y load=15.1% msgs=16127 aiso=469(475743ms) xte=0.00m spd=0.00m/s q=0 ggaAge=58 vtgAge=54 xteAge=475743 xteraw=80:510302FF0F060DFF vt=Y(21/22) vtstat=825/554ms tc=Y drp=0mm tcq=0
15:57:45.943 [ISOBUS] addr=0x81 claimed=Y load=14.6% msgs=16168 aiso=470(476743ms) xte=0.00m spd=0.00m/s q=0 ggaAge=58 vtgAge=54 xteAge=476743 xteraw=80:510302FF0F060DFF vt=Y(21/22) vtstat=827/554ms tc=Y drp=0mm tcq=0
15:57:46.809 W] [PR]: NACK-ing PGN request for PGN 60928 because no callback could handle it.
15:57:46.937 [ISOBUS] addr=0x81 claimed=Y load=14.6% msgs=16209 aiso=471(477743ms) xte=0.00m spd=0.00m/s q=0 ggaAge=54 vtgAge=54 xteAge=477743 xteraw=80:510302FF0F060DFF vt=Y(21/22) vtstat=829/554ms tc=Y drp=0mm tcq=0
15:57:47.945 [ISOBUS] addr=0x81 claimed=Y load=14.6% msgs=16250 aiso=472(478743ms) xte=0.00m spd=0.00m/s q=0 ggaAge=58 vtgAge=54 xteAge=478743 xteraw=80:510302FF0F060DFF vt=Y(21/22) vtstat=831/554ms tc=Y drp=0mm tcq=0
15:57:48.951 [ISOBUS] addr=0x81 claimed=Y load=14.5% msgs=16291 aiso=473(479743ms) xte=0.00m spd=0.00m/s q=0 ggaAge=55 vtgAge=55 xteAge=479743 xteraw=80:510302FF0F060DFF vt=Y(21/22) vtstat=833/554ms tc=Y drp=0mm tcq=0
15:57:49.784 W] [PR]: NACK-ing PGN request for PGN 60928 because no callback could handle it.
15:57:49.955 [ISOBUS] addr=0x81 claimed=Y load=14.7% msgs=16332 aiso=474(480743ms) xte=0.00m spd=0.00m/s q=0 ggaAge=55 vtgAge=55 xteAge=480743 xteraw=80:510302FF0F060DFF vt=Y(21/22) vtstat=835/555ms tc=Y drp=0mm tcq=0
15:57:50.935 [ISOBUS] addr=0x81 claimed=Y load=14.5% msgs=16373 aiso=475(481743ms) xte=0.00m spd=0.00m/s q=0 ggaAge=55 vtgAge=55 xteAge=481743 xteraw=80:510302FF0F060DFF vt=Y(21/22) vtstat=837/555ms tc=Y drp=0mm tcq=0
15:57:51.800 W] [PR]: NACK-ing PGN request for PGN 60928 because no callback could handle it.
15:57:51.959 [ISOBUS] addr=0x81 claimed=Y load=14.7% msgs=16414 aiso=476(482743ms) xte=0.00m spd=0.00m/s q=0 ggaAge=55 vtgAge=55 xteAge=482743 xteraw=80:510302FF0F060DFF vt=Y(21/22) vtstat=839/559ms tc=Y drp=0mm tcq=0
15:57:52.963 [ISOBUS] addr=0x81 claimed=Y load=14.5% msgs=16455 aiso=477(483743ms) xte=0.00m spd=0.00m/s q=0 ggaAge=55 vtgAge=55 xteAge=483743 xteraw=80:510302FF0F060DFF vt=Y(21/22) vtstat=841/559ms tc=Y drp=0mm tcq=0
15:57:53.958 [ISOBUS] addr=0x81 claimed=Y load=14.6% msgs=16496 aiso=478(484743ms) xte=0.00m spd=0.00m/s q=0 ggaAge=55 vtgAge=55 xteAge=484743 xteraw=80:510302FF0F060DFF vt=Y(21/22) vtstat=843/555ms tc=Y drp=0mm tcq=0
15:57:54.814 W] [PR]: NACK-ing PGN request for PGN 60928 because no callback could handle it.
15:57:54.950 [ISOBUS] addr=0x81 claimed=Y load=15.1% msgs=16541 aiso=479(485743ms) xte=0.00m spd=0.00m/s q=0 ggaAge=55 vtgAge=55 xteAge=485743 xteraw=80:510302FF0F060DFF vt=Y(21/22) vtstat=845/559ms tc=Y drp=0mm tcq=0
15:57:55.970 [ISOBUS] addr=0x81 claimed=Y load=14.6% msgs=16582 aiso=480(486743ms) xte=0.00m spd=0.00m/s q=0 ggaAge=55 vtgAge=55 xteAge=486743 xteraw=80:510302FF0F060DFF vt=Y(21/22) vtstat=847/555ms tc=Y drp=0mm tcq=0
15:57:56.796 W] [PR]: NACK-ing PGN request for PGN 60928 because no callback could handle it.
15:57:56.953 [ISOBUS] addr=0x81 claimed=Y load=14.6% msgs=16623 aiso=481(487743ms) xte=0.00m spd=0.00m/s q=0 ggaAge=55 vtgAge=55 xteAge=487743 xteraw=80:510302FF0F060DFF vt=Y(21/22) vtstat=849/547ms tc=Y drp=0mm tcq=0
15:57:57.948 [ISOBUS] addr=0x81 claimed=Y load=14.6% msgs=16664 aiso=482(488743ms) xte=0.00m spd=0.00m/s q=0 ggaAge=55 vtgAge=55 xteAge=488743 xteraw=80:510302FF0F060DFF vt=Y(21/22) vtstat=851/555ms tc=Y drp=0mm tcq=0
15:57:58.939 [ISOBUS] addr=0x81 claimed=Y load=14.5% msgs=16705 aiso=483(489743ms) xte=0.00m spd=0.00m/s q=0 ggaAge=55 vtgAge=55 xteAge=489743 xteraw=80:510302FF0F060DFF vt=Y(21/22) vtstat=853/555ms tc=Y drp=0mm tcq=0
15:57:59.798 W] [PR]: NACK-ing PGN request for PGN 60928 because no callback could handle it.
15:57:59.959 [ISOBUS] addr=0x81 claimed=Y load=14.7% msgs=16746 aiso=484(490743ms) xte=0.00m spd=0.00m/s q=0 ggaAge=59 vtgAge=55 xteAge=490743 xteraw=80:510302FF0F060DFF vt=Y(21/22) vtstat=855/555ms tc=Y drp=0mm tcq=0
15:58:00.949 [ISOBUS] addr=0x81 claimed=Y load=14.5% msgs=16787 aiso=485(491743ms) xte=0.00m spd=0.00m/s q=0 ggaAge=59 vtgAge=55 xteAge=491743 xteraw=80:510302FF0F060DFF vt=Y(21/22) vtstat=857/555ms tc=Y drp=0mm tcq=0
15:58:01.819 W] [PR]: NACK-ing PGN request for PGN 60928 because no callback could handle it.
15:58:01.944 [ISOBUS] addr=0x81 claimed=Y load=14.7% msgs=16828 aiso=486(492743ms) xte=0.00m spd=0.00m/s q=0 ggaAge=55 vtgAge=55 xteAge=492743 xteraw=80:510302FF0F060DFF vt=Y(21/22) vtstat=859/555ms tc=Y drp=0mm tcq=0
15:58:02.960 [ISOBUS] addr=0x81 claimed=Y load=14.5% msgs=16869 aiso=487(493743ms) xte=0.00m spd=0.00m/s q=0 ggaAge=55 vtgAge=55 xteAge=493743 xteraw=80:510302FF0F060DFF vt=Y(21/22) vtstat=861/559ms tc=Y drp=0mm tcq=0
15:58:03.941 [ISOBUS] addr=0x81 claimed=Y load=14.6% msgs=16910 aiso=488(494743ms) xte=0.00m spd=0.00m/s q=0 ggaAge=55 vtgAge=55 xteAge=494743 xteraw=80:510302FF0F060DFF vt=Y(21/22) vtstat=863/555ms tc=Y drp=0mm tcq=0
15:58:04.792 W] [PR]: NACK-ing PGN request for PGN 60928 because no callback could handle it.
15:58:04.953 [ISOBUS] addr=0x81 claimed=Y load=15.1% msgs=16955 aiso=489(495743ms) xte=0.00m spd=0.00m/s q=0 ggaAge=55 vtgAge=55 xteAge=495743 xteraw=80:510302FF0F060DFF vt=Y(21/22) vtstat=865/555ms tc=Y drp=0mm tcq=0
15:58:05.948 [ISOBUS] addr=0x81 claimed=Y load=14.6% msgs=16996 aiso=490(496743ms) xte=0.00m spd=0.00m/s q=0 ggaAge=55 vtgAge=55 xteAge=496743 xteraw=80:510302FF0F060DFF vt=Y(21/22) vtstat=867/555ms tc=Y drp=0mm tcq=0
15:58:06.803 W] [PR]: NACK-ing PGN request for PGN 60928 because no callback could handle it.
15:58:06.955 [ISOBUS] addr=0x81 claimed=Y load=14.6% msgs=17037 aiso=491(497743ms) xte=0.00m spd=0.00m/s q=0 ggaAge=55 vtgAge=55 xteAge=497743 xteraw=80:510302FF0F060DFF vt=Y(21/22) vtstat=869/555ms tc=Y drp=0mm tcq=0
15:58:07.944 [ISOBUS] addr=0x81 claimed=Y load=14.6% msgs=17078 aiso=492(498743ms) xte=0.00m spd=0.00m/s q=0 ggaAge=55 vtgAge=55 xteAge=498743 xteraw=80:510302FF0F060DFF vt=Y(21/22) vtstat=871/559ms tc=Y drp=0mm tcq=0
15:58:08.952 [ISOBUS] addr=0x81 claimed=Y load=14.5% msgs=17119 aiso=493(499743ms) xte=0.00m spd=0.00m/s q=0 ggaAge=55 vtgAge=55 xteAge=499743 xteraw=80:510302FF0F060DFF vt=Y(21/22) vtstat=873/555ms tc=Y drp=0mm tcq=0
15:58:09.795 W] [PR]: NACK-ing PGN request for PGN 60928 because no callback could handle it.
15:58:09.951 [ISOBUS] addr=0x81 claimed=Y load=14.7% msgs=17160 aiso=494(500743ms) xte=0.00m spd=0.00m/s q=0 ggaAge=55 vtgAge=55 xteAge=500743 xteraw=80:510302FF0F060DFF vt=Y(21/22) vtstat=875/555ms tc=Y drp=0mm tcq=0
15:58:10.951 [ISOBUS] addr=0x81 claimed=Y load=14.5% msgs=17201 aiso=495(501743ms) xte=0.00m spd=0.00m/s q=0 ggaAge=55 vtgAge=55 xteAge=501743 xteraw=80:510302FF0F060DFF vt=Y(21/22) vtstat=877/559ms tc=Y drp=0mm tcq=0
15:58:11.780 W] [PR]: NACK-ing PGN request for PGN 60928 because no callback could handle it.
15:58:11.954 [ISOBUS] addr=0x81 claimed=Y load=14.7% msgs=17242 aiso=496(502743ms) xte=0.00m spd=0.00m/s q=0 ggaAge=55 vtgAge=55 xteAge=502743 xteraw=80:510302FF0F060DFF vt=Y(21/22) vtstat=879/555ms tc=Y drp=0mm tcq=0
15:58:12.940 [ISOBUS] addr=0x81 claimed=Y load=14.5% msgs=17283 aiso=497(503743ms) xte=0.00m spd=0.00m/s q=0 ggaAge=55 vtgAge=55 xteAge=503743 xteraw=80:510302FF0F060DFF vt=Y(21/22) vtstat=881/555ms tc=Y drp=0mm tcq=0
15:58:13.943 [ISOBUS] addr=0x81 claimed=Y load=14.6% msgs=17324 aiso=498(504743ms) xte=0.00m spd=0.00m/s q=0 ggaAge=55 vtgAge=55 xteAge=504743 xteraw=80:510302FF0F060DFF vt=Y(21/22) vtstat=883/555ms tc=Y drp=0mm tcq=0
15:58:14.804 W] [PR]: NACK-ing PGN request for PGN 60928 because no callback could handle it.
15:58:14.938 [ISOBUS] addr=0x81 claimed=Y load=15.1% msgs=17369 aiso=499(505743ms) xte=0.00m spd=0.00m/s q=0 ggaAge=55 vtgAge=55 xteAge=505743 xteraw=80:510302FF0F060DFF vt=Y(21/22) vtstat=885/559ms tc=Y drp=0mm tcq=0
15:58:15.968 [ISOBUS] addr=0x81 claimed=Y load=14.6% msgs=17410 aiso=500(506743ms) xte=0.00m spd=0.00m/s q=0 ggaAge=55 vtgAge=55 xteAge=506743 xteraw=80:510302FF0F060DFF vt=Y(21/22) vtstat=887/555ms tc=Y drp=0mm tcq=0
15:58:16.790 W] [PR]: NACK-ing PGN request for PGN 60928 because no callback could handle it.
15:58:16.951 [ISOBUS] addr=0x81 claimed=Y load=14.6% msgs=17451 aiso=501(507743ms) xte=0.00m spd=0.00m/s q=0 ggaAge=55 vtgAge=55 xteAge=507743 xteraw=80:510302FF0F060DFF vt=Y(21/22) vtstat=889/555ms tc=Y drp=0mm tcq=0
15:58:17.938 [ISOBUS] addr=0x81 claimed=Y load=14.6% msgs=17492 aiso=502(508743ms) xte=0.00m spd=0.00m/s q=0 ggaAge=55 vtgAge=55 xteAge=508743 xteraw=80:510302FF0F060DFF vt=Y(21/22) vtstat=891/555ms tc=Y drp=0mm tcq=0
15:58:18.943 [ISOBUS] addr=0x81 claimed=Y load=14.5% msgs=17533 aiso=503(509743ms) xte=0.00m spd=0.00m/s q=0 ggaAge=55 vtgAge=55 xteAge=509743 xteraw=80:510302FF0F060DFF vt=Y(21/22) vtstat=893/555ms tc=Y drp=0mm tcq=0
15:58:19.784 W] [PR]: NACK-ing PGN request for PGN 60928 because no callback could handle it.
15:58:19.936 [ISOBUS] addr=0x81 claimed=Y load=14.8% msgs=17574 aiso=504(510743ms) xte=0.00m spd=0.00m/s q=0 ggaAge=55 vtgAge=55 xteAge=510743 xteraw=80:510302FF0F060DFF vt=Y(21/22) vtstat=895/555ms tc=Y drp=0mm tcq=0
15:58:20.970 [ISOBUS] addr=0x81 claimed=Y load=14.5% msgs=17615 aiso=505(511743ms) xte=0.00m spd=0.00m/s q=0 ggaAge=55 vtgAge=55 xteAge=511743 xteraw=80:510302FF0F060DFF vt=Y(21/22) vtstat=897/555ms tc=Y drp=0mm tcq=0
15:58:21.814 W] [PR]: NACK-ing PGN request for PGN 60928 because no callback could handle it.
15:58:21.946 [ISOBUS] addr=0x81 claimed=Y load=14.7% msgs=17656 aiso=506(512743ms) xte=0.00m spd=0.00m/s q=0 ggaAge=55 vtgAge=55 xteAge=512743 xteraw=80:510302FF0F060DFF vt=Y(21/22) vtstat=899/555ms tc=Y drp=0mm tcq=0
15:58:22.946 [ISOBUS] addr=0x81 claimed=Y load=14.6% msgs=17697 aiso=507(513743ms) xte=0.00m spd=0.00m/s q=0 ggaAge=55 vtgAge=55 xteAge=513743 xteraw=80:510302FF0F060DFF vt=Y(21/22) vtstat=901/555ms tc=Y drp=0mm tcq=0
15:58:23.952 [ISOBUS] addr=0x81 claimed=Y load=14.6% msgs=17738 aiso=508(514743ms) xte=0.00m spd=0.00m/s q=0 ggaAge=55 vtgAge=55 xteAge=514743 xteraw=80:510302FF0F060DFF vt=Y(21/22) vtstat=903/555ms tc=Y drp=0mm tcq=0
15:58:24.806 W] [PR]: NACK-ing PGN request for PGN 60928 because no callback could handle it.
15:58:24.938 [ISOBUS] addr=0x81 claimed=Y load=15.1% msgs=17783 aiso=509(515743ms) xte=0.00m spd=0.00m/s q=0 ggaAge=55 vtgAge=55 xteAge=515743 xteraw=80:510302FF0F060DFF vt=Y(21/22) vtstat=905/555ms tc=Y drp=0mm tcq=0
15:58:25.963 [ISOBUS] addr=0x81 claimed=Y load=14.7% msgs=17824 aiso=510(516743ms) xte=0.00m spd=0.00m/s q=0 ggaAge=55 vtgAge=55 xteAge=516743 xteraw=80:510302FF0F060DFF vt=Y(21/22) vtstat=907/555ms tc=Y drp=0mm tcq=0
15:58:26.808 W] [PR]: NACK-ing PGN request for PGN 60928 because no callback could handle it.
15:58:26.947 [ISOBUS] addr=0x81 claimed=Y load=14.6% msgs=17865 aiso=511(517743ms) xte=0.00m spd=0.00m/s q=0 ggaAge=55 vtgAge=55 xteAge=517743 xteraw=80:510302FF0F060DFF vt=Y(21/22) vtstat=909/555ms tc=Y drp=0mm tcq=0
15:58:27.938 [ISOBUS] addr=0x81 claimed=Y load=14.6% msgs=17906 aiso=512(518743ms) xte=0.00m spd=0.00m/s q=0 ggaAge=55 vtgAge=55 xteAge=518743 xteraw=80:510302FF0F060DFF vt=Y(21/22) vtstat=911/555ms tc=Y drp=0mm tcq=0
15:58:28.947 [ISOBUS] addr=0x81 claimed=Y load=14.5% msgs=17947 aiso=513(519743ms) xte=0.00m spd=0.00m/s q=0 ggaAge=55 vtgAge=55 xteAge=519743 xteraw=80:510302FF0F060DFF vt=Y(21/22) vtstat=913/555ms tc=Y drp=0mm tcq=0
15:58:29.784 W] [PR]: NACK-ing PGN request for PGN 60928 because no callback could handle it.
15:58:29.936 [ISOBUS] addr=0x81 claimed=Y load=14.7% msgs=17988 aiso=514(520743ms) xte=0.00m spd=0.00m/s q=0 ggaAge=55 vtgAge=55 xteAge=520743 xteraw=80:510302FF0F060DFF vt=Y(21/22) vtstat=915/555ms tc=Y drp=0mm tcq=0
15:58:30.947 [ISOBUS] addr=0x81 claimed=Y load=14.5% msgs=18029 aiso=515(521743ms) xte=0.00m spd=0.00m/s q=0 ggaAge=55 vtgAge=55 xteAge=521743 xteraw=80:510302FF0F060DFF vt=Y(21/22) vtstat=917/555ms tc=Y drp=0mm tcq=0
15:58:31.794 W] [PR]: NACK-ing PGN request for PGN 60928 because no callback could handle it.
15:58:31.947 [ISOBUS] addr=0x81 claimed=Y load=14.8% msgs=18070 aiso=516(522743ms) xte=0.00m spd=0.00m/s q=0 ggaAge=55 vtgAge=55 xteAge=522743 xteraw=80:510302FF0F060DFF vt=Y(21/22) vtstat=919/555ms tc=Y drp=0mm tcq=0
15:58:32.941 [ISOBUS] addr=0x81 claimed=Y load=14.5% msgs=18111 aiso=517(523743ms) xte=0.00m spd=0.00m/s q=0 ggaAge=55 vtgAge=55 xteAge=523743 xteraw=80:510302FF0F060DFF vt=Y(21/22) vtstat=921/555ms tc=Y drp=0mm tcq=0
15:58:33.975 [ISOBUS] addr=0x81 claimed=Y load=14.7% msgs=18152 aiso=518(524743ms) xte=0.00m spd=0.00m/s q=0 ggaAge=55 vtgAge=55 xteAge=524743 xteraw=80:510302FF0F060DFF vt=Y(21/22) vtstat=923/555ms tc=Y drp=0mm tcq=0
15:58:34.672 ### sending keys: x1q
15:58:35.991 === ISOBUS DEBUG MENU ===
15:58:35.991 1. Full status dump
15:58:35.994 2. Periodic summary line (ON - press to toggle)
15:58:35.994 3. Reset message counters
15:58:35.994 4. Dump DDOP as hex (open in AgIsoDDOPGenerator)
15:58:35.994 5. Dump VT object pool as hex
15:58:35.996 q. Exit
15:58:35.996 W] [PR]: NACK-ing PGN request for PGN 60928 because no callback could handle it.
15:58:35.996 === ISOBUS STATUS ===
15:58:35.996 Address claim: CLAIMED  address=0x81
15:58:35.998 CAN controller: error-active  TX err 0 (peak 0)  RX err 0 (peak 0)
15:58:35.998   error-passive entries: 0  bus-off entries: 0  longest episode: 0 ms
15:58:35.999 Bus load (ch0): 15.0 %
15:58:35.999 --- Message counters ---
15:58:35.999   PGN 129025 Position NMEA2000: 0
15:58:36.001   PGN 129026 Speed NMEA2000:    0
15:58:36.001   PGN 129283 XTE NMEA2000:      53
15:58:36.001   PGN 65267  Position legacy:   4093
15:58:36.001   PGN 65256  Speed legacy:      4093   last SA=0x80 raw=0x0
15:58:36.003   PGN 65535  all senders:       4093   last SA=0x80
15:58:36.003   PGN 65535  XTE carrier 0x2A:  0   (none decoded)
15:58:36.003              raw SA=0x80 word=0xFFF byte1=0x3 payload 510302FF0F060DFF  (45 ms ago)
15:58:36.003   PGN 60160  XTE Trimble legacy:160   last SA=0x26
15:58:36.005   PGN 64770  AISO stop:         519   last 525637 ms ago
15:58:36.005   TOTAL:                        18193
15:58:36.005 --- Guidance telemetry ---
15:58:36.005   XTE:          0.00 m
15:58:36.005   Speed:        0.00 m/s (0.00 kn)
15:58:36.007   Quality:      0   RTK quality=4  PGN 129029 GNSS position: (none received)
15:58:36.007   PGN 129027 position deltas: 0
15:58:36.007   Guidance machine info (PGN 44032): 5182 msgs, last 1 ms ago
15:58:36.007     lockout=YES/READY  steeringReady=n/a  remoteEngage=n/a  curvature=-11.75 1/km
15:58:36.009   IsRtkQuality=N
15:58:36.009   GGA fix age:  49 ms
15:58:36.009   VTG fix age:  49 ms
15:58:36.010   XTE fix age:  525637 ms
15:58:36.010   Lat/Lon/Alt/Course: 53.442101 / 6.755843 / 1.3 m / 303.1 deg
15:58:36.010 --- Virtual Terminal ---
15:58:36.011   Connected:    Y
15:58:36.013   State:        21/22  Connected
15:58:36.013   VT version:  4
15:58:36.013   VT status msgs: 925   last 449 ms ago
15:58:36.014   Partner: addr=0x26 valid=Y  reconnect attempts=0
15:58:36.014   VT failover: switches=0 claim requests=0
15:58:36.014 --- Lightbar emulation (Ag Leader L160, PGN 65462) ---
15:58:36.014   Address claim: CLAIMED  address=0xDC
15:58:36.016   Display partner: 0xF5  identification requests=7 answered=7 unknown=0  last DID=0x8015  hello=Y
15:58:36.016   Sent: frames=326 failures=0 heartbeats=311 softwareId=Y  proprietary A from display=0
15:58:36.016   PGN 65462 XTE: frames=0 committed=0
15:58:36.016 --- Task Controller ---
15:58:36.017   Connected:    Y
15:58:36.017   TC-GEO (with/without pos): Y/N
15:58:36.017   Task active:  N
15:58:36.019   DRP deviation (DDI 513): 0 mm, last 525637 ms ago
15:58:36.019   GNSS quality (DDI 514):  0, last 525637 ms ago
15:58:36.019   [via stack] Value cmds to handler: 0  last DDI=(none)
15:58:36.019   [via stack] Value req callbacks:  0   (mostly AgIsoStack's own re-polling -- NOT bus traffic)
15:58:36.020   [on bus] Requests for our values: 0
15:58:36.020   [on bus] Set-value commands:      0
15:58:36.020   [on bus] Measurement commands:    0  (none)
15:58:36.020   [on bus] Other, addressed to us:  6
15:58:36.022   Partner: addr=0xF7 valid=Y  reconnect attempts=0
15:58:36.022   Tramline setpoint (DDI 506): (none yet -- no Tramline Control seen on this terminal)
15:58:36.022   Guidance track (DDI 507-511): (none yet)
15:58:36.024 === ISOBUS DEBUG MENU ===
15:58:36.024 1. Full status dump
15:58:36.024 2. Periodic summary line (ON - press to toggle)
15:58:36.025 3. Reset message counters
15:58:36.025 4. Dump DDOP as hex (open in AgIsoDDOPGenerator)
15:58:36.026 5. Dump VT object pool as hex
15:58:36.026 q. Exit
15:58:36.026 Exiting.
15:58:36.026 [ISOBUS] addr=0x81 claimed=Y load=15.1% msgs=18200 aiso=519(525790ms) xte=0.00m spd=0.00m/s q=0 ggaAge=2 vtgAge=2 xteAge=525790 xteraw=80:510302FF0F060DFF vt=Y(21/22) vtstat=925/602ms tc=Y drp=0mm tcq=0
15:58:36.028 [ISOBUS] addr=0x81 claimed=Y load=14.7% msgs=18241 aiso=520(526790ms) xte=0.00m spd=0.00m/s q=0 ggaAge=3 vtgAge=2 xteAge=526790 xteraw=80:510302FF0F060DFF vt=Y(21/22) vtstat=927/602ms tc=Y drp=0mm tcq=0
15:58:36.814 W] [PR]: NACK-ing PGN request for PGN 60928 because no callback could handle it.
15:58:37.013 [ISOBUS] addr=0x81 claimed=Y load=14.5% msgs=18282 aiso=521(527790ms) xte=0.00m spd=0.00m/s q=0 ggaAge=3 vtgAge=3 xteAge=527790 xteraw=80:510302FF0F060DFF vt=Y(21/22) vtstat=929/602ms tc=Y drp=0mm tcq=0
15:58:37.997 [ISOBUS] addr=0x81 claimed=Y load=14.7% msgs=18323 aiso=522(528790ms) xte=0.00m spd=0.00m/s q=0 ggaAge=3 vtgAge=3 xteAge=528790 xteraw=80:510302FF0F060DFF vt=Y(21/22) vtstat=931/602ms tc=Y drp=0mm tcq=0
15:58:38.993 [ISOBUS] addr=0x81 claimed=Y load=14.5% msgs=18364 aiso=523(529790ms) xte=0.00m spd=0.00m/s q=0 ggaAge=3 vtgAge=3 xteAge=529790 xteraw=80:510302FF0F060DFF vt=Y(21/22) vtstat=933/603ms tc=Y drp=0mm tcq=0
15:58:39.788 W] [PR]: NACK-ing PGN request for PGN 60928 because no callback could handle it.
15:58:40.015 [ISOBUS] addr=0x81 claimed=Y load=14.7% msgs=18405 aiso=524(530790ms) xte=0.00m spd=0.00m/s q=0 ggaAge=3 vtgAge=3 xteAge=530790 xteraw=80:510302FF0F060DFF vt=Y(21/22) vtstat=935/603ms tc=Y drp=0mm tcq=0
15:58:41.006 [ISOBUS] addr=0x81 claimed=Y load=14.5% msgs=18446 aiso=525(531790ms) xte=0.00m spd=0.00m/s q=0 ggaAge=3 vtgAge=3 xteAge=531790 xteraw=80:510302FF0F060DFF vt=Y(21/22) vtstat=937/603ms tc=Y drp=0mm tcq=0
15:58:41.782 W] [PR]: NACK-ing PGN request for PGN 60928 because no callback could handle it.
15:58:42.004 [ISOBUS] addr=0x81 claimed=Y load=14.8% msgs=18487 aiso=526(532790ms) xte=0.00m spd=0.00m/s q=0 ggaAge=3 vtgAge=3 xteAge=532790 xteraw=80:510302FF0F060DFF vt=Y(21/22) vtstat=939/603ms tc=Y drp=0mm tcq=0
15:58:42.984 [ISOBUS] addr=0x81 claimed=Y load=14.4% msgs=18528 aiso=527(533790ms) xte=0.00m spd=0.00m/s q=0 ggaAge=3 vtgAge=3 xteAge=533790 xteraw=80:510302FF0F060DFF vt=Y(21/22) vtstat=941/603ms tc=Y drp=0mm tcq=0
15:58:43.986 [ISOBUS] addr=0x81 claimed=Y load=14.7% msgs=18569 aiso=528(534790ms) xte=0.00m spd=0.00m/s q=0 ggaAge=3 vtgAge=3 xteAge=534790 xteraw=80:510302FF0F060DFF vt=Y(21/22) vtstat=943/603ms tc=Y drp=0mm tcq=0
15:58:44.789 W] [PR]: NACK-ing PGN request for PGN 60928 because no callback could handle it.
15:58:45.015 [ISOBUS] addr=0x81 claimed=Y load=15.1% msgs=18614 aiso=529(535790ms) xte=0.00m spd=0.00m/s q=0 ggaAge=3 vtgAge=3 xteAge=535790 xteraw=80:510302FF0F060DFF vt=Y(21/22) vtstat=945/603ms tc=Y drp=0mm tcq=0
15:58:46.022 [ISOBUS] addr=0x81 claimed=Y load=14.7% msgs=18655 aiso=530(536790ms) xte=0.00m spd=0.00m/s q=0 ggaAge=3 vtgAge=3 xteAge=536790 xteraw=80:510302FF0F060DFF vt=Y(21/22) vtstat=947/603ms tc=Y drp=0mm tcq=0
15:58:46.805 W] [PR]: NACK-ing PGN request for PGN 60928 because no callback could handle it.
15:58:46.998 [ISOBUS] addr=0x81 claimed=Y load=14.6% msgs=18696 aiso=531(537790ms) xte=0.00m spd=0.00m/s q=0 ggaAge=3 vtgAge=3 xteAge=537790 xteraw=80:510302FF0F060DFF vt=Y(21/22) vtstat=949/603ms tc=Y drp=0mm tcq=0
15:58:48.021 [ISOBUS] addr=0x81 claimed=Y load=14.7% msgs=18737 aiso=532(538790ms) xte=0.00m spd=0.00m/s q=0 ggaAge=3 vtgAge=3 xteAge=538790 xteraw=80:510302FF0F060DFF vt=Y(21/22) vtstat=951/603ms tc=Y drp=0mm tcq=0
15:58:48.995 [ISOBUS] addr=0x81 claimed=Y load=14.5% msgs=18778 aiso=533(539790ms) xte=0.00m spd=0.00m/s q=0 ggaAge=3 vtgAge=3 xteAge=539790 xteraw=80:510302FF0F060DFF vt=Y(21/22) vtstat=953/603ms tc=Y drp=0mm tcq=0
15:58:49.788 W] [PR]: NACK-ing PGN request for PGN 60928 because no callback could handle it.
15:58:50.020 [ISOBUS] addr=0x81 claimed=Y load=14.8% msgs=18819 aiso=534(540790ms) xte=0.00m spd=0.00m/s q=0 ggaAge=3 vtgAge=3 xteAge=540790 xteraw=80:510302FF0F060DFF vt=Y(21/22) vtstat=955/603ms tc=Y drp=0mm tcq=0
15:58:51.002 [ISOBUS] addr=0x81 claimed=Y load=14.5% msgs=18860 aiso=535(541790ms) xte=0.00m spd=0.00m/s q=0 ggaAge=3 vtgAge=3 xteAge=541790 xteraw=80:510302FF0F060DFF vt=Y(21/22) vtstat=957/603ms tc=Y drp=0mm tcq=0
15:58:51.783 W] [PR]: NACK-ing PGN request for PGN 60928 because no callback could handle it.
15:58:51.999 [ISOBUS] addr=0x81 claimed=Y load=14.8% msgs=18901 aiso=536(542790ms) xte=0.00m spd=0.00m/s q=0 ggaAge=3 vtgAge=3 xteAge=542790 xteraw=80:510302FF0F060DFF vt=Y(21/22) vtstat=959/603ms tc=Y drp=0mm tcq=0
15:58:52.995 [ISOBUS] addr=0x81 claimed=Y load=14.5% msgs=18942 aiso=537(543790ms) xte=0.00m spd=0.00m/s q=0 ggaAge=3 vtgAge=3 xteAge=543790 xteraw=80:510302FF0F060DFF vt=Y(21/22) vtstat=961/603ms tc=Y drp=0mm tcq=0
15:58:53.990 [ISOBUS] addr=0x81 claimed=Y load=14.7% msgs=18983 aiso=538(544790ms) xte=0.00m spd=0.00m/s q=0 ggaAge=3 vtgAge=3 xteAge=544790 xteraw=80:510302FF0F060DFF vt=Y(21/22) vtstat=963/603ms tc=Y drp=0mm tcq=0
15:58:54.808 W] [PR]: NACK-ing PGN request for PGN 60928 because no callback could handle it.
15:58:55.007 [ISOBUS] addr=0x81 claimed=Y load=15.1% msgs=19028 aiso=539(545790ms) xte=0.00m spd=0.00m/s q=0 ggaAge=3 vtgAge=3 xteAge=545790 xteraw=80:510302FF0F060DFF vt=Y(21/22) vtstat=965/603ms tc=Y drp=0mm tcq=0
15:58:55.986 [ISOBUS] addr=0x81 claimed=Y load=14.7% msgs=19069 aiso=540(546790ms) xte=0.00m spd=0.00m/s q=0 ggaAge=3 vtgAge=3 xteAge=546790 xteraw=80:510302FF0F060DFF vt=Y(21/22) vtstat=967/603ms tc=Y drp=0mm tcq=0
15:58:56.805 W] [PR]: NACK-ing PGN request for PGN 60928 because no callback could handle it.
15:58:57.005 [ISOBUS] addr=0x81 claimed=Y load=14.6% msgs=19110 aiso=541(547790ms) xte=0.00m spd=0.00m/s q=0 ggaAge=3 vtgAge=3 xteAge=547790 xteraw=80:510302FF0F060DFF vt=Y(21/22) vtstat=969/603ms tc=Y drp=0mm tcq=0
15:58:58.010 [ISOBUS] addr=0x81 claimed=Y load=14.7% msgs=19151 aiso=542(548790ms) xte=0.00m spd=0.00m/s q=0 ggaAge=3 vtgAge=3 xteAge=548790 xteraw=80:510302FF0F060DFF vt=Y(21/22) vtstat=971/603ms tc=Y drp=0mm tcq=0
15:58:58.991 [ISOBUS] addr=0x81 claimed=Y load=14.5% msgs=19192 aiso=543(549790ms) xte=0.00m spd=0.00m/s q=0 ggaAge=3 vtgAge=3 xteAge=549790 xteraw=80:510302FF0F060DFF vt=Y(21/22) vtstat=973/603ms tc=Y drp=0mm tcq=0
15:58:59.793 W] [PR]: NACK-ing PGN request for PGN 60928 because no callback could handle it.
15:59:00.014 [ISOBUS] addr=0x81 claimed=Y load=14.8% msgs=19233 aiso=544(550790ms) xte=0.00m spd=0.00m/s q=0 ggaAge=3 vtgAge=3 xteAge=550790 xteraw=80:510302FF0F060DFF vt=Y(21/22) vtstat=975/603ms tc=Y drp=0mm tcq=0
15:59:01.004 [ISOBUS] addr=0x81 claimed=Y load=14.5% msgs=19274 aiso=545(551790ms) xte=0.00m spd=0.00m/s q=0 ggaAge=3 vtgAge=3 xteAge=551790 xteraw=80:510302FF0F060DFF vt=Y(21/22) vtstat=977/603ms tc=Y drp=0mm tcq=0
15:59:01.811 W] [PR]: NACK-ing PGN request for PGN 60928 because no callback could handle it.
15:59:02.000 [ISOBUS] addr=0x81 claimed=Y load=14.8% msgs=19315 aiso=546(552790ms) xte=0.00m spd=0.00m/s q=0 ggaAge=3 vtgAge=3 xteAge=552790 xteraw=80:510302FF0F060DFF vt=Y(21/22) vtstat=979/599ms tc=Y drp=0mm tcq=0
15:59:02.986 [ISOBUS] addr=0x81 claimed=Y load=14.5% msgs=19356 aiso=547(553790ms) xte=0.00m spd=0.00m/s q=0 ggaAge=3 vtgAge=3 xteAge=553790 xteraw=80:510302FF0F060DFF vt=Y(21/22) vtstat=981/603ms tc=Y drp=0mm tcq=0
15:59:04.013 [ISOBUS] addr=0x81 claimed=Y load=14.7% msgs=19397 aiso=548(554790ms) xte=0.00m spd=0.00m/s q=0 ggaAge=3 vtgAge=3 xteAge=554790 xteraw=80:510302FF0F060DFF vt=Y(21/22) vtstat=983/603ms tc=Y drp=0mm tcq=0
15:59:04.788 W] [PR]: NACK-ing PGN request for PGN 60928 because no callback could handle it.
15:59:04.988 [ISOBUS] addr=0x81 claimed=Y load=15.1% msgs=19442 aiso=549(555790ms) xte=0.00m spd=0.00m/s q=0 ggaAge=3 vtgAge=3 xteAge=555790 xteraw=80:510302FF0F060DFF vt=Y(21/22) vtstat=985/603ms tc=Y drp=0mm tcq=0
15:59:05.990 [ISOBUS] addr=0x81 claimed=Y load=14.7% msgs=19483 aiso=550(556790ms) xte=0.00m spd=0.00m/s q=0 ggaAge=3 vtgAge=3 xteAge=556790 xteraw=80:510302FF0F060DFF vt=Y(21/22) vtstat=987/603ms tc=Y drp=0mm tcq=0
15:59:06.811 W] [PR]: NACK-ing PGN request for PGN 60928 because no callback could handle it.
15:59:07.001 [ISOBUS] addr=0x81 claimed=Y load=14.6% msgs=19524 aiso=551(557790ms) xte=0.00m spd=0.00m/s q=0 ggaAge=3 vtgAge=3 xteAge=557790 xteraw=80:510302FF0F060DFF vt=Y(21/22) vtstat=989/603ms tc=Y drp=0mm tcq=0
15:59:07.996 [ISOBUS] addr=0x81 claimed=Y load=14.7% msgs=19564 aiso=552(558790ms) xte=0.00m spd=0.00m/s q=0 ggaAge=3 vtgAge=3 xteAge=558790 xteraw=80:510302FF0F060DFF vt=Y(21/22) vtstat=991/599ms tc=Y drp=0mm tcq=0
15:59:08.996 [ISOBUS] addr=0x81 claimed=Y load=14.5% msgs=19606 aiso=553(559790ms) xte=0.00m spd=0.00m/s q=0 ggaAge=3 vtgAge=3 xteAge=559790 xteraw=80:510302FF0F060DFF vt=Y(21/22) vtstat=993/603ms tc=Y drp=0mm tcq=0
15:59:09.802 W] [PR]: NACK-ing PGN request for PGN 60928 because no callback could handle it.
15:59:09.999 [ISOBUS] addr=0x81 claimed=Y load=14.8% msgs=19647 aiso=554(560790ms) xte=0.00m spd=0.00m/s q=0 ggaAge=3 vtgAge=3 xteAge=560790 xteraw=80:510302FF0F060DFF vt=Y(21/22) vtstat=995/603ms tc=Y drp=0mm tcq=0
15:59:10.996 [ISOBUS] addr=0x81 claimed=Y load=14.5% msgs=19687 aiso=555(561790ms) xte=0.00m spd=0.00m/s q=0 ggaAge=3 vtgAge=3 xteAge=561790 xteraw=80:510302FF0F060DFF vt=Y(21/22) vtstat=997/603ms tc=Y drp=0mm tcq=0
15:59:11.817 W] [PR]: NACK-ing PGN request for PGN 60928 because no callback could handle it.
15:59:11.998 [ISOBUS] addr=0x81 claimed=Y load=14.8% msgs=19728 aiso=556(562790ms) xte=0.00m spd=0.00m/s q=0 ggaAge=3 vtgAge=3 xteAge=562790 xteraw=80:510302FF0F060DFF vt=Y(21/22) vtstat=999/599ms tc=Y drp=0mm tcq=0
15:59:13.013 [ISOBUS] addr=0x81 claimed=Y load=14.5% msgs=19769 aiso=557(563790ms) xte=0.00m spd=0.00m/s q=0 ggaAge=3 vtgAge=3 xteAge=563790 xteraw=80:510302FF0F060DFF vt=Y(21/22) vtstat=1001/599ms tc=Y drp=0mm tcq=0
15:59:14.013 [ISOBUS] addr=0x81 claimed=Y load=14.7% msgs=19811 aiso=558(564790ms) xte=0.00m spd=0.00m/s q=0 ggaAge=3 vtgAge=3 xteAge=564790 xteraw=80:510302FF0F060DFF vt=Y(21/22) vtstat=1003/599ms tc=Y drp=0mm tcq=0
15:59:14.790 W] [PR]: NACK-ing PGN request for PGN 60928 because no callback could handle it.
15:59:15.020 [ISOBUS] addr=0x81 claimed=Y load=15.1% msgs=19856 aiso=559(565790ms) xte=0.00m spd=0.00m/s q=0 ggaAge=3 vtgAge=3 xteAge=565790 xteraw=80:510302FF0F060DFF vt=Y(21/22) vtstat=1005/599ms tc=Y drp=0mm tcq=0
15:59:16.001 [ISOBUS] addr=0x81 claimed=Y load=14.7% msgs=19896 aiso=560(566790ms) xte=0.00m spd=0.00m/s q=0 ggaAge=3 vtgAge=3 xteAge=566790 xteraw=80:510302FF0F060DFF vt=Y(21/22) vtstat=1007/599ms tc=Y drp=0mm tcq=0
15:59:16.797 W] [PR]: NACK-ing PGN request for PGN 60928 because no callback could handle it.
15:59:16.987 [ISOBUS] addr=0x81 claimed=Y load=14.6% msgs=19937 aiso=561(567790ms) xte=0.00m spd=0.00m/s q=0 ggaAge=3 vtgAge=3 xteAge=567790 xteraw=80:510302FF0F060DFF vt=Y(21/22) vtstat=1009/603ms tc=Y drp=0mm tcq=0
15:59:18.000 [ISOBUS] addr=0x81 claimed=Y load=14.7% msgs=19979 aiso=562(568790ms) xte=0.00m spd=0.00m/s q=0 ggaAge=3 vtgAge=3 xteAge=568790 xteraw=80:510302FF0F060DFF vt=Y(21/22) vtstat=1011/603ms tc=Y drp=0mm tcq=0
15:59:19.011 [ISOBUS] addr=0x81 claimed=Y load=14.5% msgs=20019 aiso=563(569790ms) xte=0.00m spd=0.00m/s q=0 ggaAge=3 vtgAge=3 xteAge=569790 xteraw=80:510302FF0F060DFF vt=Y(21/22) vtstat=1013/599ms tc=Y drp=0mm tcq=0
15:59:19.796 W] [PR]: NACK-ing PGN request for PGN 60928 because no callback could handle it.
15:59:20.015 [ISOBUS] addr=0x81 claimed=Y load=14.8% msgs=20060 aiso=564(570790ms) xte=0.00m spd=0.00m/s q=0 ggaAge=3 vtgAge=3 xteAge=570790 xteraw=80:510302FF0F060DFF vt=Y(21/22) vtstat=1015/599ms tc=Y drp=0mm tcq=0
15:59:21.010 [ISOBUS] addr=0x81 claimed=Y load=14.5% msgs=20101 aiso=565(571790ms) xte=0.00m spd=0.00m/s q=0 ggaAge=3 vtgAge=3 xteAge=571790 xteraw=80:510302FF0F060DFF vt=Y(21/22) vtstat=1017/603ms tc=Y drp=0mm tcq=0
15:59:21.816 W] [PR]: NACK-ing PGN request for PGN 60928 because no callback could handle it.
15:59:22.008 [ISOBUS] addr=0x81 claimed=Y load=14.8% msgs=20142 aiso=566(572790ms) xte=0.00m spd=0.00m/s q=0 ggaAge=3 vtgAge=3 xteAge=572790 xteraw=80:510302FF0F060DFF vt=Y(21/22) vtstat=1019/599ms tc=Y drp=0mm tcq=0
15:59:23.004 [ISOBUS] addr=0x81 claimed=Y load=14.5% msgs=20183 aiso=567(573790ms) xte=0.00m spd=0.00m/s q=0 ggaAge=3 vtgAge=3 xteAge=573790 xteraw=80:510302FF0F060DFF vt=Y(21/22) vtstat=1021/603ms tc=Y drp=0mm tcq=0
15:59:24.016 [ISOBUS] addr=0x81 claimed=Y load=14.7% msgs=20225 aiso=568(574790ms) xte=0.00m spd=0.00m/s q=0 ggaAge=3 vtgAge=3 xteAge=574790 xteraw=80:510302FF0F060DFF vt=Y(21/22) vtstat=1023/603ms tc=Y drp=0mm tcq=0
15:59:24.811 W] [PR]: NACK-ing PGN request for PGN 60928 because no callback could handle it.
15:59:24.994 [ISOBUS] addr=0x81 claimed=Y load=15.1% msgs=20269 aiso=569(575790ms) xte=0.00m spd=0.00m/s q=0 ggaAge=4 vtgAge=4 xteAge=575790 xteraw=80:510302FF0F060DFF vt=Y(21/22) vtstat=1025/599ms tc=Y drp=0mm tcq=0
15:59:26.006 [ISOBUS] addr=0x81 claimed=Y load=14.7% msgs=20311 aiso=570(576790ms) xte=0.00m spd=0.00m/s q=0 ggaAge=4 vtgAge=4 xteAge=576790 xteraw=80:510302FF0F060DFF vt=Y(21/22) vtstat=1027/600ms tc=Y drp=0mm tcq=0
15:59:26.795 W] [PR]: NACK-ing PGN request for PGN 60928 because no callback could handle it.
15:59:27.014 [ISOBUS] addr=0x81 claimed=Y load=14.6% msgs=20352 aiso=571(577790ms) xte=0.00m spd=0.00m/s q=0 ggaAge=4 vtgAge=4 xteAge=577790 xteraw=80:510302FF0F060DFF vt=Y(21/22) vtstat=1029/600ms tc=Y drp=0mm tcq=0
15:59:27.994 [ISOBUS] addr=0x81 claimed=Y load=14.7% msgs=20392 aiso=572(578790ms) xte=0.00m spd=0.00m/s q=0 ggaAge=4 vtgAge=4 xteAge=578790 xteraw=80:510302FF0F060DFF vt=Y(21/22) vtstat=1032/600ms tc=Y drp=0mm tcq=0
15:59:29.014 [ISOBUS] addr=0x81 claimed=Y load=14.5% msgs=20433 aiso=573(579790ms) xte=0.00m spd=0.00m/s q=0 ggaAge=4 vtgAge=4 xteAge=579790 xteraw=80:510302FF0F060DFF vt=Y(21/22) vtstat=1034/600ms tc=Y drp=0mm tcq=0
15:59:29.796 W] [PR]: NACK-ing PGN request for PGN 60928 because no callback could handle it.
15:59:30.007 [ISOBUS] addr=0x81 claimed=Y load=14.8% msgs=20474 aiso=574(580790ms) xte=0.00m spd=0.00m/s q=0 ggaAge=4 vtgAge=4 xteAge=580790 xteraw=80:510302FF0F060DFF vt=Y(21/22) vtstat=1036/604ms tc=Y drp=0mm tcq=0
15:59:31.004 [ISOBUS] addr=0x81 claimed=Y load=14.5% msgs=20515 aiso=575(581790ms) xte=0.00m spd=0.00m/s q=0 ggaAge=4 vtgAge=4 xteAge=581790 xteraw=80:510302FF0F060DFF vt=Y(21/22) vtstat=1038/604ms tc=Y drp=0mm tcq=0
15:59:31.800 W] [PR]: NACK-ing PGN request for PGN 60928 because no callback could handle it.
15:59:31.992 [ISOBUS] addr=0x81 claimed=Y load=14.8% msgs=20555 aiso=576(582790ms) xte=0.00m spd=0.00m/s q=0 ggaAge=4 vtgAge=100 xteAge=582790 xteraw=80:510302FF0F060DFF vt=Y(21/22) vtstat=1040/600ms tc=Y drp=0mm tcq=0
15:59:33.000 [ISOBUS] addr=0x81 claimed=Y load=14.5% msgs=20597 aiso=577(583790ms) xte=0.00m spd=0.00m/s q=0 ggaAge=4 vtgAge=4 xteAge=583790 xteraw=80:510302FF0F060DFF vt=Y(21/22) vtstat=1042/600ms tc=Y drp=0mm tcq=0
15:59:33.988 [ISOBUS] addr=0x81 claimed=Y load=14.7% msgs=20637 aiso=578(584790ms) xte=0.00m spd=0.00m/s q=0 ggaAge=4 vtgAge=104 xteAge=584790 xteraw=80:510302FF0F060DFF vt=Y(21/22) vtstat=1044/600ms tc=Y drp=0mm tcq=0
15:59:34.806 W] [PR]: NACK-ing PGN request for PGN 60928 because no callback could handle it.
15:59:34.992 [ISOBUS] addr=0x81 claimed=Y load=15.1% msgs=20682 aiso=579(585790ms) xte=0.00m spd=0.00m/s q=0 ggaAge=4 vtgAge=104 xteAge=585790 xteraw=80:510302FF0F060DFF vt=Y(21/22) vtstat=1046/600ms tc=Y drp=0mm tcq=0
15:59:36.011 [ISOBUS] addr=0x81 claimed=Y load=14.7% msgs=20723 aiso=580(586790ms) xte=0.00m spd=0.00m/s q=0 ggaAge=4 vtgAge=100 xteAge=586790 xteraw=80:510302FF0F060DFF vt=Y(21/22) vtstat=1048/600ms tc=Y drp=0mm tcq=0
15:59:36.791 W] [PR]: NACK-ing PGN request for PGN 60928 because no callback could handle it.
15:59:36.989 [ISOBUS] addr=0x81 claimed=Y load=14.6% msgs=20765 aiso=581(587790ms) xte=0.00m spd=0.00m/s q=0 ggaAge=4 vtgAge=4 xteAge=587790 xteraw=80:510302FF0F060DFF vt=Y(21/22) vtstat=1050/600ms tc=Y drp=0mm tcq=0
15:59:38.015 [ISOBUS] addr=0x81 claimed=Y load=14.7% msgs=20806 aiso=582(588790ms) xte=0.00m spd=0.00m/s q=0 ggaAge=4 vtgAge=4 xteAge=588790 xteraw=80:510302FF0F060DFF vt=Y(21/22) vtstat=1052/600ms tc=Y drp=0mm tcq=0
15:59:39.018 [ISOBUS] addr=0x81 claimed=Y load=14.5% msgs=20845 aiso=583(589790ms) xte=0.00m spd=0.00m/s q=0 ggaAge=104 vtgAge=100 xteAge=589790 xteraw=80:510302FF0F060DFF vt=Y(21/22) vtstat=1054/600ms tc=Y drp=0mm tcq=0
15:59:39.815 W] [PR]: NACK-ing PGN request for PGN 60928 because no callback could handle it.
15:59:39.998 [ISOBUS] addr=0x81 claimed=Y load=14.8% msgs=20888 aiso=584(590790ms) xte=0.00m spd=0.00m/s q=0 ggaAge=4 vtgAge=4 xteAge=590790 xteraw=80:510302FF0F060DFF vt=Y(21/22) vtstat=1056/600ms tc=Y drp=0mm tcq=0
15:59:40.992 [ISOBUS] addr=0x81 claimed=Y load=14.5% msgs=20927 aiso=585(591790ms) xte=0.00m spd=0.00m/s q=0 ggaAge=104 vtgAge=100 xteAge=591790 xteraw=80:510302FF0F060DFF vt=Y(21/22) vtstat=1058/600ms tc=Y drp=0mm tcq=0
15:59:41.798 W] [PR]: NACK-ing PGN request for PGN 60928 because no callback could handle it.
15:59:41.988 [ISOBUS] addr=0x81 claimed=Y load=14.8% msgs=20968 aiso=586(592790ms) xte=0.00m spd=0.00m/s q=0 ggaAge=104 vtgAge=100 xteAge=592790 xteraw=80:510302FF0F060DFF vt=Y(21/22) vtstat=1060/600ms tc=Y drp=0mm tcq=0
15:59:43.017 [ISOBUS] addr=0x81 claimed=Y load=14.5% msgs=21011 aiso=587(593790ms) xte=0.00m spd=0.00m/s q=0 ggaAge=4 vtgAge=4 xteAge=593790 xteraw=80:510302FF0F060DFF vt=Y(21/22) vtstat=1062/592ms tc=Y drp=0mm tcq=0
15:59:44.005 [ISOBUS] addr=0x81 claimed=Y load=14.7% msgs=21050 aiso=588(594790ms) xte=0.00m spd=0.00m/s q=0 ggaAge=100 vtgAge=100 xteAge=594790 xteraw=80:510302FF0F060DFF vt=Y(21/22) vtstat=1064/600ms tc=Y drp=0mm tcq=0
15:59:44.805 W] [PR]: NACK-ing PGN request for PGN 60928 because no callback could handle it.
15:59:45.006 [ISOBUS] addr=0x81 claimed=Y load=15.1% msgs=21096 aiso=589(595790ms) xte=0.00m spd=0.00m/s q=0 ggaAge=4 vtgAge=100 xteAge=595790 xteraw=80:510302FF0F060DFF vt=Y(21/22) vtstat=1066/600ms tc=Y drp=0mm tcq=0
15:59:46.011 [ISOBUS] addr=0x81 claimed=Y load=14.7% msgs=21137 aiso=590(596790ms) xte=0.00m spd=0.00m/s q=0 ggaAge=4 vtgAge=100 xteAge=596790 xteraw=80:510302FF0F060DFF vt=Y(21/22) vtstat=1068/600ms tc=Y drp=0mm tcq=0
15:59:46.800 W] [PR]: NACK-ing PGN request for PGN 60928 because no callback could handle it.
15:59:47.011 [ISOBUS] addr=0x81 claimed=Y load=14.6% msgs=21178 aiso=591(597790ms) xte=0.00m spd=0.00m/s q=0 ggaAge=4 vtgAge=100 xteAge=597790 xteraw=80:510302FF0F060DFF vt=Y(21/22) vtstat=1070/600ms tc=Y drp=0mm tcq=0
15:59:48.001 [ISOBUS] addr=0x81 claimed=Y load=14.7% msgs=21219 aiso=592(598790ms) xte=0.00m spd=0.00m/s q=0 ggaAge=4 vtgAge=100 xteAge=598790 xteraw=80:510302FF0F060DFF vt=Y(21/22) vtstat=1072/600ms tc=Y drp=0mm tcq=0
15:59:49.015 [ISOBUS] addr=0x81 claimed=Y load=14.5% msgs=21260 aiso=593(599790ms) xte=0.00m spd=0.00m/s q=0 ggaAge=4 vtgAge=100 xteAge=599790 xteraw=80:510302FF0F060DFF vt=Y(21/22) vtstat=1075/404ms tc=Y drp=0mm tcq=0
15:59:49.800 W] [PR]: NACK-ing PGN request for PGN 60928 because no callback could handle it.
15:59:50.000 [ISOBUS] addr=0x81 claimed=Y load=14.8% msgs=21300 aiso=594(600790ms) xte=0.00m spd=0.00m/s q=0 ggaAge=104 vtgAge=100 xteAge=600790 xteraw=80:510302FF0F060DFF vt=Y(21/22) vtstat=1077/604ms tc=Y drp=0mm tcq=0
15:59:51.019 [ISOBUS] addr=0x81 claimed=Y load=14.5% msgs=21341 aiso=595(601790ms) xte=0.00m spd=0.00m/s q=0 ggaAge=100 vtgAge=100 xteAge=601790 xteraw=80:510302FF0F060DFF vt=Y(21/22) vtstat=1079/600ms tc=Y drp=0mm tcq=0
15:59:51.818 W] [PR]: NACK-ing PGN request for PGN 60928 because no callback could handle it.
15:59:52.011 [ISOBUS] addr=0x81 claimed=Y load=14.8% msgs=21383 aiso=596(602790ms) xte=0.00m spd=0.00m/s q=0 ggaAge=4 vtgAge=100 xteAge=602790 xteraw=80:510302FF0F060DFF vt=Y(21/22) vtstat=1081/600ms tc=Y drp=0mm tcq=0
15:59:53.011 [ISOBUS] addr=0x81 claimed=Y load=14.5% msgs=21423 aiso=597(603790ms) xte=0.00m spd=0.00m/s q=0 ggaAge=100 vtgAge=100 xteAge=603790 xteraw=80:510302FF0F060DFF vt=Y(21/22) vtstat=1083/600ms tc=Y drp=0mm tcq=0
15:59:53.993 [ISOBUS] addr=0x81 claimed=Y load=14.8% msgs=21465 aiso=598(604790ms) xte=0.00m spd=0.00m/s q=0 ggaAge=4 vtgAge=100 xteAge=604790 xteraw=80:510302FF0F060DFF vt=Y(21/22) vtstat=1085/600ms tc=Y drp=0mm tcq=0
15:59:54.792 W] [PR]: NACK-ing PGN request for PGN 60928 because no callback could handle it.
15:59:54.991 [ISOBUS] addr=0x81 claimed=Y load=15.1% msgs=21509 aiso=599(605790ms) xte=0.00m spd=0.00m/s q=0 ggaAge=100 vtgAge=100 xteAge=605790 xteraw=80:510302FF0F060DFF vt=Y(21/22) vtstat=1087/604ms tc=Y drp=0mm tcq=0
15:59:56.011 [ISOBUS] addr=0x81 claimed=Y load=14.7% msgs=21551 aiso=600(606790ms) xte=0.00m spd=0.00m/s q=0 ggaAge=4 vtgAge=100 xteAge=606790 xteraw=80:510302FF0F060DFF vt=Y(21/22) vtstat=1089/604ms tc=Y drp=0mm tcq=0
15:59:56.812 W] [PR]: NACK-ing PGN request for PGN 60928 because no callback could handle it.
15:59:57.009 [ISOBUS] addr=0x81 claimed=Y load=14.6% msgs=21591 aiso=601(607790ms) xte=0.00m spd=0.00m/s q=0 ggaAge=100 vtgAge=100 xteAge=607790 xteraw=80:510302FF0F060DFF vt=Y(21/22) vtstat=1091/600ms tc=Y drp=0mm tcq=0
15:59:57.989 [ISOBUS] addr=0x81 claimed=Y load=14.7% msgs=21633 aiso=602(608790ms) xte=0.00m spd=0.00m/s q=0 ggaAge=4 vtgAge=100 xteAge=608790 xteraw=80:510302FF0F060DFF vt=Y(21/22) vtstat=1093/604ms tc=Y drp=0mm tcq=0
15:59:59.025 [ISOBUS] addr=0x81 claimed=Y load=14.5% msgs=21673 aiso=603(609790ms) xte=0.00m spd=0.00m/s q=0 ggaAge=100 vtgAge=100 xteAge=609790 xteraw=80:510302FF0F060DFF vt=Y(21/22) vtstat=1095/600ms tc=Y drp=0mm tcq=0
15:59:59.814 W] [PR]: NACK-ing PGN request for PGN 60928 because no callback could handle it.
16:00:00.012 [ISOBUS] addr=0x81 claimed=Y load=14.7% msgs=21714 aiso=604(610790ms) xte=0.00m spd=0.00m/s q=0 ggaAge=100 vtgAge=100 xteAge=610790 xteraw=80:510302FF0F060DFF vt=Y(21/22) vtstat=1097/604ms tc=Y drp=0mm tcq=0
16:00:01.017 [ISOBUS] addr=0x81 claimed=Y load=14.5% msgs=21756 aiso=605(611790ms) xte=0.00m spd=0.00m/s q=0 ggaAge=4 vtgAge=100 xteAge=611790 xteraw=80:510302FF0F060DFF vt=Y(21/22) vtstat=1099/600ms tc=Y drp=0mm tcq=0
16:00:01.798 W] [PR]: NACK-ing PGN request for PGN 60928 because no callback could handle it.
16:00:01.995 [ISOBUS] addr=0x81 claimed=Y load=14.7% msgs=21796 aiso=606(612790ms) xte=0.00m spd=0.00m/s q=0 ggaAge=100 vtgAge=100 xteAge=612790 xteraw=80:510302FF0F060DFF vt=Y(21/22) vtstat=1101/600ms tc=Y drp=0mm tcq=0
16:00:03.001 [ISOBUS] addr=0x81 claimed=Y load=14.5% msgs=21837 aiso=607(613790ms) xte=0.00m spd=0.00m/s q=0 ggaAge=100 vtgAge=100 xteAge=613790 xteraw=80:510302FF0F060DFF vt=Y(21/22) vtstat=1103/604ms tc=Y drp=0mm tcq=0
16:00:03.989 [ISOBUS] addr=0x81 claimed=Y load=14.6% msgs=21878 aiso=608(614790ms) xte=0.00m spd=0.00m/s q=0 ggaAge=100 vtgAge=100 xteAge=614790 xteraw=80:510302FF0F060DFF vt=Y(21/22) vtstat=1105/600ms tc=Y drp=0mm tcq=0
16:00:04.820 W] [PR]: NACK-ing PGN request for PGN 60928 because no callback could handle it.
16:00:05.001 [ISOBUS] addr=0x81 claimed=Y load=15.1% msgs=21923 aiso=609(615790ms) xte=0.00m spd=0.00m/s q=0 ggaAge=100 vtgAge=100 xteAge=615790 xteraw=80:510302FF0F060DFF vt=Y(21/22) vtstat=1107/600ms tc=Y drp=0mm tcq=0
16:00:05.989 [ISOBUS] addr=0x81 claimed=Y load=14.6% msgs=21964 aiso=610(616790ms) xte=0.00m spd=0.00m/s q=0 ggaAge=100 vtgAge=100 xteAge=616790 xteraw=80:510302FF0F060DFF vt=Y(21/22) vtstat=1109/600ms tc=Y drp=0mm tcq=0
16:00:06.802 W] [PR]: NACK-ing PGN request for PGN 60928 because no callback could handle it.
16:00:07.004 [ISOBUS] addr=0x81 claimed=Y load=14.6% msgs=22005 aiso=611(617790ms) xte=0.00m spd=0.00m/s q=0 ggaAge=100 vtgAge=100 xteAge=617790 xteraw=80:510302FF0F060DFF vt=Y(21/22) vtstat=1111/600ms tc=Y drp=0mm tcq=0
16:00:08.011 [ISOBUS] addr=0x81 claimed=Y load=14.6% msgs=22046 aiso=612(618790ms) xte=0.00m spd=0.00m/s q=0 ggaAge=100 vtgAge=100 xteAge=618790 xteraw=80:510302FF0F060DFF vt=Y(21/22) vtstat=1113/600ms tc=Y drp=0mm tcq=0
16:00:08.989 [ISOBUS] addr=0x81 claimed=Y load=14.5% msgs=22087 aiso=613(619790ms) xte=0.00m spd=0.00m/s q=0 ggaAge=100 vtgAge=100 xteAge=619790 xteraw=80:510302FF0F060DFF vt=Y(21/22) vtstat=1115/600ms tc=Y drp=0mm tcq=0
16:00:09.815 W] [PR]: NACK-ing PGN request for PGN 60928 because no callback could handle it.
16:00:09.999 [ISOBUS] addr=0x81 claimed=Y load=14.7% msgs=22128 aiso=614(620790ms) xte=0.00m spd=0.00m/s q=0 ggaAge=100 vtgAge=100 xteAge=620790 xteraw=80:510302FF0F060DFF vt=Y(21/22) vtstat=1117/600ms tc=Y drp=0mm tcq=0
16:00:10.993 [ISOBUS] addr=0x81 claimed=Y load=14.5% msgs=22172 aiso=615(621790ms) xte=0.00m spd=0.00m/s q=0 ggaAge=0 vtgAge=0 xteAge=621790 xteraw=80:510302FF0F060DFF vt=Y(21/22) vtstat=1119/600ms tc=Y drp=0mm tcq=0
16:00:11.801 W] [PR]: NACK-ing PGN request for PGN 60928 because no callback could handle it.
16:00:11.993 [ISOBUS] addr=0x81 claimed=Y load=14.7% msgs=22213 aiso=616(622790ms) xte=0.00m spd=0.00m/s q=0 ggaAge=0 vtgAge=0 xteAge=622790 xteraw=80:510302FF0F060DFF vt=Y(21/22) vtstat=1121/604ms tc=Y drp=0mm tcq=0
16:00:13.006 [ISOBUS] addr=0x81 claimed=Y load=14.5% msgs=22254 aiso=617(623790ms) xte=0.00m spd=0.00m/s q=0 ggaAge=0 vtgAge=0 xteAge=623790 xteraw=80:510302FF0F060DFF vt=Y(21/22) vtstat=1123/600ms tc=Y drp=0mm tcq=0
16:00:14.017 [ISOBUS] addr=0x81 claimed=Y load=14.6% msgs=22295 aiso=618(624790ms) xte=0.00m spd=0.00m/s q=0 ggaAge=1 vtgAge=1 xteAge=624790 xteraw=80:510302FF0F060DFF vt=Y(21/22) vtstat=1125/604ms tc=Y drp=0mm tcq=0
16:00:14.817 W] [PR]: NACK-ing PGN request for PGN 60928 because no callback could handle it.
16:00:15.000 [ISOBUS] addr=0x81 claimed=Y load=15.1% msgs=22340 aiso=619(625790ms) xte=0.00m spd=0.00m/s q=0 ggaAge=1 vtgAge=1 xteAge=625790 xteraw=80:510302FF0F060DFF vt=Y(21/22) vtstat=1127/601ms tc=Y drp=0mm tcq=0
16:00:16.010 [ISOBUS] addr=0x81 claimed=Y load=14.6% msgs=22381 aiso=620(626790ms) xte=0.00m spd=0.00m/s q=0 ggaAge=1 vtgAge=1 xteAge=626790 xteraw=80:510302FF0F060DFF vt=Y(21/22) vtstat=1129/601ms tc=Y drp=0mm tcq=0
16:00:16.797 W] [PR]: NACK-ing PGN request for PGN 60928 because no callback could handle it.
16:00:17.013 [ISOBUS] addr=0x81 claimed=Y load=14.6% msgs=22422 aiso=621(627790ms) xte=0.00m spd=0.00m/s q=0 ggaAge=1 vtgAge=1 xteAge=627790 xteraw=80:510302FF0F060DFF vt=Y(21/22) vtstat=1131/601ms tc=Y drp=0mm tcq=0
16:00:17.991 [ISOBUS] addr=0x81 claimed=Y load=14.6% msgs=22463 aiso=622(628790ms) xte=0.00m spd=0.00m/s q=0 ggaAge=1 vtgAge=1 xteAge=628790 xteraw=80:510302FF0F060DFF vt=Y(21/22) vtstat=1133/601ms tc=Y drp=0mm tcq=0
16:00:19.009 [ISOBUS] addr=0x81 claimed=Y load=14.5% msgs=22504 aiso=623(629790ms) xte=0.00m spd=0.00m/s q=0 ggaAge=1 vtgAge=1 xteAge=629790 xteraw=80:510302FF0F060DFF vt=Y(21/22) vtstat=1135/605ms tc=Y drp=0mm tcq=0
16:00:19.824 W] [PR]: NACK-ing PGN request for PGN 60928 because no callback could handle it.
16:00:20.008 [ISOBUS] addr=0x81 claimed=Y load=14.7% msgs=22545 aiso=624(630790ms) xte=0.00m spd=0.00m/s q=0 ggaAge=1 vtgAge=1 xteAge=630790 xteraw=80:510302FF0F060DFF vt=Y(21/22) vtstat=1137/601ms tc=Y drp=0mm tcq=0
16:00:21.004 [ISOBUS] addr=0x81 claimed=Y load=14.5% msgs=22586 aiso=625(631790ms) xte=0.00m spd=0.00m/s q=0 ggaAge=1 vtgAge=1 xteAge=631790 xteraw=80:510302FF0F060DFF vt=Y(21/22) vtstat=1139/601ms tc=Y drp=0mm tcq=0
16:00:21.807 W] [PR]: NACK-ing PGN request for PGN 60928 because no callback could handle it.
16:00:21.998 [ISOBUS] addr=0x81 claimed=Y load=14.7% msgs=22627 aiso=626(632790ms) xte=0.00m spd=0.00m/s q=0 ggaAge=1 vtgAge=1 xteAge=632790 xteraw=80:510302FF0F060DFF vt=Y(21/22) vtstat=1141/605ms tc=Y drp=0mm tcq=0
16:00:23.005 [ISOBUS] addr=0x81 claimed=Y load=14.5% msgs=22668 aiso=627(633790ms) xte=0.00m spd=0.00m/s q=0 ggaAge=1 vtgAge=1 xteAge=633790 xteraw=80:510302FF0F060DFF vt=Y(21/22) vtstat=1143/601ms tc=Y drp=0mm tcq=0
16:00:24.007 [ISOBUS] addr=0x81 claimed=Y load=14.6% msgs=22709 aiso=628(634790ms) xte=0.00m spd=0.00m/s q=0 ggaAge=1 vtgAge=1 xteAge=634790 xteraw=80:510302FF0F060DFF vt=Y(21/22) vtstat=1145/601ms tc=Y drp=0mm tcq=0
16:00:24.819 W] [PR]: NACK-ing PGN request for PGN 60928 because no callback could handle it.
16:00:25.019 [ISOBUS] addr=0x81 claimed=Y load=15.1% msgs=22754 aiso=629(635790ms) xte=0.00m spd=0.00m/s q=0 ggaAge=1 vtgAge=1 xteAge=635790 xteraw=80:510302FF0F060DFF vt=Y(21/22) vtstat=1147/601ms tc=Y drp=0mm tcq=0
16:00:25.997 [ISOBUS] addr=0x81 claimed=Y load=14.6% msgs=22795 aiso=630(636790ms) xte=0.00m spd=0.00m/s q=0 ggaAge=1 vtgAge=1 xteAge=636790 xteraw=80:510302FF0F060DFF vt=Y(21/22) vtstat=1149/601ms tc=Y drp=0mm tcq=0
16:00:26.806 W] [PR]: NACK-ing PGN request for PGN 60928 because no callback could handle it.
16:00:26.999 [ISOBUS] addr=0x81 claimed=Y load=14.6% msgs=22836 aiso=631(637790ms) xte=0.00m spd=0.00m/s q=0 ggaAge=1 vtgAge=1 xteAge=637790 xteraw=80:510302FF0F060DFF vt=Y(21/22) vtstat=1151/601ms tc=Y drp=0mm tcq=0
16:00:28.008 [ISOBUS] addr=0x81 claimed=Y load=14.6% msgs=22877 aiso=632(638790ms) xte=0.00m spd=0.00m/s q=0 ggaAge=1 vtgAge=1 xteAge=638790 xteraw=80:510302FF0F060DFF vt=Y(21/22) vtstat=1153/601ms tc=Y drp=0mm tcq=0
16:00:28.993 [ISOBUS] addr=0x81 claimed=Y load=14.5% msgs=22918 aiso=633(639790ms) xte=0.00m spd=0.00m/s q=0 ggaAge=1 vtgAge=1 xteAge=639790 xteraw=80:510302FF0F060DFF vt=Y(21/22) vtstat=1155/601ms tc=Y drp=0mm tcq=0
16:00:29.809 W] [PR]: NACK-ing PGN request for PGN 60928 because no callback could handle it.
16:00:30.000 [ISOBUS] addr=0x81 claimed=Y load=14.7% msgs=22959 aiso=634(640790ms) xte=0.00m spd=0.00m/s q=0 ggaAge=1 vtgAge=1 xteAge=640790 xteraw=80:510302FF0F060DFF vt=Y(21/22) vtstat=1157/601ms tc=Y drp=0mm tcq=0
16:00:30.998 [ISOBUS] addr=0x81 claimed=Y load=14.5% msgs=23000 aiso=635(641790ms) xte=0.00m spd=0.00m/s q=0 ggaAge=1 vtgAge=1 xteAge=641790 xteraw=80:510302FF0F060DFF vt=Y(21/22) vtstat=1159/601ms tc=Y drp=0mm tcq=0
16:00:31.817 W] [PR]: NACK-ing PGN request for PGN 60928 because no callback could handle it.
16:00:32.002 [ISOBUS] addr=0x81 claimed=Y load=14.7% msgs=23041 aiso=636(642790ms) xte=0.00m spd=0.00m/s q=0 ggaAge=1 vtgAge=1 xteAge=642790 xteraw=80:510302FF0F060DFF vt=Y(21/22) vtstat=1161/601ms tc=Y drp=0mm tcq=0
16:00:32.991 [ISOBUS] addr=0x81 claimed=Y load=14.5% msgs=23082 aiso=637(643790ms) xte=0.00m spd=0.00m/s q=0 ggaAge=1 vtgAge=1 xteAge=643790 xteraw=80:510302FF0F060DFF vt=Y(21/22) vtstat=1163/601ms tc=Y drp=0mm tcq=0
16:00:34.019 [ISOBUS] addr=0x81 claimed=Y load=14.6% msgs=23123 aiso=638(644790ms) xte=0.00m spd=0.00m/s q=0 ggaAge=1 vtgAge=1 xteAge=644790 xteraw=80:510302FF0F060DFF vt=Y(21/22) vtstat=1165/601ms tc=Y drp=0mm tcq=0
16:00:34.809 W] [PR]: NACK-ing PGN request for PGN 60928 because no callback could handle it.
16:00:35.001 [ISOBUS] addr=0x81 claimed=Y load=15.1% msgs=23168 aiso=639(645790ms) xte=0.00m spd=0.00m/s q=0 ggaAge=1 vtgAge=1 xteAge=645790 xteraw=80:510302FF0F060DFF vt=Y(21/22) vtstat=1167/601ms tc=Y drp=0mm tcq=0
16:00:36.011 [ISOBUS] addr=0x81 claimed=Y load=14.6% msgs=23209 aiso=640(646790ms) xte=0.00m spd=0.00m/s q=0 ggaAge=1 vtgAge=1 xteAge=646790 xteraw=80:510302FF0F060DFF vt=Y(21/22) vtstat=1169/601ms tc=Y drp=0mm tcq=0
16:00:36.818 W] [PR]: NACK-ing PGN request for PGN 60928 because no callback could handle it.
16:00:37.017 [ISOBUS] addr=0x81 claimed=Y load=14.6% msgs=23250 aiso=641(647790ms) xte=0.00m spd=0.00m/s q=0 ggaAge=1 vtgAge=1 xteAge=647790 xteraw=80:510302FF0F060DFF vt=Y(21/22) vtstat=1171/601ms tc=Y drp=0mm tcq=0
16:00:38.012 [ISOBUS] addr=0x81 claimed=Y load=14.6% msgs=23291 aiso=642(648790ms) xte=0.00m spd=0.00m/s q=0 ggaAge=1 vtgAge=1 xteAge=648790 xteraw=80:510302FF0F060DFF vt=Y(21/22) vtstat=1173/601ms tc=Y drp=0mm tcq=0
16:00:39.002 [ISOBUS] addr=0x81 claimed=Y load=14.5% msgs=23332 aiso=643(649790ms) xte=0.00m spd=0.00m/s q=0 ggaAge=1 vtgAge=1 xteAge=649790 xteraw=80:510302FF0F060DFF vt=Y(21/22) vtstat=1175/601ms tc=Y drp=0mm tcq=0
16:00:39.797 W] [PR]: NACK-ing PGN request for PGN 60928 because no callback could handle it.
16:00:40.021 [ISOBUS] addr=0x81 claimed=Y load=14.7% msgs=23373 aiso=644(650790ms) xte=0.00m spd=0.00m/s q=0 ggaAge=1 vtgAge=1 xteAge=650790 xteraw=80:510302FF0F060DFF vt=Y(21/22) vtstat=1177/601ms tc=Y drp=0mm tcq=0
16:00:40.995 [ISOBUS] addr=0x81 claimed=Y load=14.5% msgs=23414 aiso=645(651790ms) xte=0.00m spd=0.00m/s q=0 ggaAge=1 vtgAge=1 xteAge=651790 xteraw=80:510302FF0F060DFF vt=Y(21/22) vtstat=1179/601ms tc=Y drp=0mm tcq=0
16:00:41.802 W] [PR]: NACK-ing PGN request for PGN 60928 because no callback could handle it.
16:00:41.994 [ISOBUS] addr=0x81 claimed=Y load=14.7% msgs=23455 aiso=646(652790ms) xte=0.00m spd=0.00m/s q=0 ggaAge=1 vtgAge=1 xteAge=652790 xteraw=80:510302FF0F060DFF vt=Y(21/22) vtstat=1181/601ms tc=Y drp=0mm tcq=0
16:00:43.006 [ISOBUS] addr=0x81 claimed=Y load=14.5% msgs=23496 aiso=647(653790ms) xte=0.00m spd=0.00m/s q=0 ggaAge=1 vtgAge=1 xteAge=653790 xteraw=80:510302FF0F060DFF vt=Y(21/22) vtstat=1183/601ms tc=Y drp=0mm tcq=0
16:00:44.022 [ISOBUS] addr=0x81 claimed=Y load=14.6% msgs=23537 aiso=648(654790ms) xte=0.00m spd=0.00m/s q=0 ggaAge=1 vtgAge=1 xteAge=654790 xteraw=80:510302FF0F060DFF vt=Y(21/22) vtstat=1185/601ms tc=Y drp=0mm tcq=0
16:00:44.797 W] [PR]: NACK-ing PGN request for PGN 60928 because no callback could handle it.
16:00:45.019 [ISOBUS] addr=0x81 claimed=Y load=15.1% msgs=23582 aiso=649(655790ms) xte=0.00m spd=0.00m/s q=0 ggaAge=1 vtgAge=1 xteAge=655790 xteraw=80:510302FF0F060DFF vt=Y(21/22) vtstat=1187/601ms tc=Y drp=0mm tcq=0
16:00:46.021 [ISOBUS] addr=0x81 claimed=Y load=14.6% msgs=23623 aiso=650(656790ms) xte=0.00m spd=0.00m/s q=0 ggaAge=1 vtgAge=1 xteAge=656790 xteraw=80:510302FF0F060DFF vt=Y(21/22) vtstat=1189/601ms tc=Y drp=0mm tcq=0
16:00:46.821 W] [PR]: NACK-ing PGN request for PGN 60928 because no callback could handle it.
16:00:47.011 [ISOBUS] addr=0x81 claimed=Y load=14.6% msgs=23664 aiso=651(657790ms) xte=0.00m spd=0.00m/s q=0 ggaAge=1 vtgAge=1 xteAge=657790 xteraw=80:510302FF0F060DFF vt=Y(21/22) vtstat=1191/601ms tc=Y drp=0mm tcq=0
16:00:48.002 [ISOBUS] addr=0x81 claimed=Y load=14.6% msgs=23705 aiso=652(658790ms) xte=0.00m spd=0.00m/s q=0 ggaAge=1 vtgAge=1 xteAge=658790 xteraw=80:510302FF0F060DFF vt=Y(21/22) vtstat=1193/601ms tc=Y drp=0mm tcq=0
16:00:49.003 [ISOBUS] addr=0x81 claimed=Y load=14.5% msgs=23746 aiso=653(659790ms) xte=0.00m spd=0.00m/s q=0 ggaAge=1 vtgAge=1 xteAge=659790 xteraw=80:510302FF0F060DFF vt=Y(21/22) vtstat=1195/597ms tc=Y drp=0mm tcq=0
16:00:49.793 W] [PR]: NACK-ing PGN request for PGN 60928 because no callback could handle it.
16:00:49.991 [ISOBUS] addr=0x81 claimed=Y load=14.7% msgs=23787 aiso=654(660790ms) xte=0.00m spd=0.00m/s q=0 ggaAge=1 vtgAge=1 xteAge=660790 xteraw=80:510302FF0F060DFF vt=Y(21/22) vtstat=1197/601ms tc=Y drp=0mm tcq=0
16:00:51.011 [ISOBUS] addr=0x81 claimed=Y load=14.5% msgs=23828 aiso=655(661790ms) xte=0.00m spd=0.00m/s q=0 ggaAge=1 vtgAge=1 xteAge=661790 xteraw=80:510302FF0F060DFF vt=Y(21/22) vtstat=1199/601ms tc=Y drp=0mm tcq=0
16:00:51.805 W] [PR]: NACK-ing PGN request for PGN 60928 because no callback could handle it.
16:00:52.006 [ISOBUS] addr=0x81 claimed=Y load=14.7% msgs=23869 aiso=656(662790ms) xte=0.00m spd=0.00m/s q=0 ggaAge=1 vtgAge=1 xteAge=662790 xteraw=80:510302FF0F060DFF vt=Y(21/22) vtstat=1201/601ms tc=Y drp=0mm tcq=0
16:00:53.019 [ISOBUS] addr=0x81 claimed=Y load=14.5% msgs=23910 aiso=657(663790ms) xte=0.00m spd=0.00m/s q=0 ggaAge=1 vtgAge=1 xteAge=663790 xteraw=80:510302FF0F060DFF vt=Y(21/22) vtstat=1203/601ms tc=Y drp=0mm tcq=0
16:00:54.002 [ISOBUS] addr=0x81 claimed=Y load=14.6% msgs=23951 aiso=658(664790ms) xte=0.00m spd=0.00m/s q=0 ggaAge=1 vtgAge=1 xteAge=664790 xteraw=80:510302FF0F060DFF vt=Y(21/22) vtstat=1205/601ms tc=Y drp=0mm tcq=0
16:00:54.800 W] [PR]: NACK-ing PGN request for PGN 60928 because no callback could handle it.
16:00:55.022 [ISOBUS] addr=0x81 claimed=Y load=15.1% msgs=23996 aiso=659(665790ms) xte=0.00m spd=0.00m/s q=0 ggaAge=1 vtgAge=1 xteAge=665790 xteraw=80:510302FF0F060DFF vt=Y(21/22) vtstat=1207/601ms tc=Y drp=0mm tcq=0
16:00:56.008 [ISOBUS] addr=0x81 claimed=Y load=14.6% msgs=24037 aiso=660(666790ms) xte=0.00m spd=0.00m/s q=0 ggaAge=1 vtgAge=1 xteAge=666790 xteraw=80:510302FF0F060DFF vt=Y(21/22) vtstat=1209/601ms tc=Y drp=0mm tcq=0
16:00:56.808 W] [PR]: NACK-ing PGN request for PGN 60928 because no callback could handle it.
16:00:57.000 [ISOBUS] addr=0x81 claimed=Y load=14.6% msgs=24078 aiso=661(667790ms) xte=0.00m spd=0.00m/s q=0 ggaAge=1 vtgAge=1 xteAge=667790 xteraw=80:510302FF0F060DFF vt=Y(21/22) vtstat=1211/601ms tc=Y drp=0mm tcq=0
16:00:58.011 [ISOBUS] addr=0x81 claimed=Y load=14.6% msgs=24119 aiso=662(668790ms) xte=0.00m spd=0.00m/s q=0 ggaAge=1 vtgAge=1 xteAge=668790 xteraw=80:510302FF0F060DFF vt=Y(21/22) vtstat=1213/601ms tc=Y drp=0mm tcq=0
16:00:59.003 [ISOBUS] addr=0x81 claimed=Y load=14.5% msgs=24160 aiso=663(669790ms) xte=0.00m spd=0.00m/s q=0 ggaAge=1 vtgAge=1 xteAge=669790 xteraw=80:510302FF0F060DFF vt=Y(21/22) vtstat=1215/601ms tc=Y drp=0mm tcq=0
16:00:59.790 W] [PR]: NACK-ing PGN request for PGN 60928 because no callback could handle it.
16:01:00.016 [ISOBUS] addr=0x81 claimed=Y load=14.7% msgs=24201 aiso=664(670790ms) xte=0.00m spd=0.00m/s q=0 ggaAge=1 vtgAge=1 xteAge=670790 xteraw=80:510302FF0F060DFF vt=Y(21/22) vtstat=1217/601ms tc=Y drp=0mm tcq=0
16:01:01.014 [ISOBUS] addr=0x81 claimed=Y load=14.5% msgs=24242 aiso=665(671790ms) xte=0.00m spd=0.00m/s q=0 ggaAge=1 vtgAge=1 xteAge=671790 xteraw=80:510302FF0F060DFF vt=Y(21/22) vtstat=1219/601ms tc=Y drp=0mm tcq=0
16:01:01.796 W] [PR]: NACK-ing PGN request for PGN 60928 because no callback could handle it.
16:01:02.018 [ISOBUS] addr=0x81 claimed=Y load=14.7% msgs=24283 aiso=666(672790ms) xte=0.00m spd=0.00m/s q=0 ggaAge=2 vtgAge=2 xteAge=672790 xteraw=80:510302FF0F060DFF vt=Y(21/22) vtstat=1221/598ms tc=Y drp=0mm tcq=0
16:01:03.023 [ISOBUS] addr=0x81 claimed=Y load=14.6% msgs=24324 aiso=667(673790ms) xte=0.00m spd=0.00m/s q=0 ggaAge=2 vtgAge=2 xteAge=673790 xteraw=80:510302FF0F060DFF vt=Y(21/22) vtstat=1223/598ms tc=Y drp=0mm tcq=0
16:01:04.015 [ISOBUS] addr=0x81 claimed=Y load=14.6% msgs=24365 aiso=668(674790ms) xte=0.00m spd=0.00m/s q=0 ggaAge=2 vtgAge=2 xteAge=674790 xteraw=80:510302FF0F060DFF vt=Y(21/22) vtstat=1225/598ms tc=Y drp=0mm tcq=0
16:01:04.802 W] [PR]: NACK-ing PGN request for PGN 60928 because no callback could handle it.
16:01:04.993 [ISOBUS] addr=0x81 claimed=Y load=15.2% msgs=24410 aiso=669(675790ms) xte=0.00m spd=0.00m/s q=0 ggaAge=2 vtgAge=2 xteAge=675790 xteraw=80:510302FF0F060DFF vt=Y(21/22) vtstat=1227/602ms tc=Y drp=0mm tcq=0
16:01:06.019 [ISOBUS] addr=0x81 claimed=Y load=14.6% msgs=24451 aiso=670(676790ms) xte=0.00m spd=0.00m/s q=0 ggaAge=2 vtgAge=2 xteAge=676790 xteraw=80:510302FF0F060DFF vt=Y(21/22) vtstat=1229/598ms tc=Y drp=0mm tcq=0
16:01:06.822 W] [PR]: NACK-ing PGN request for PGN 60928 because no callback could handle it.
16:01:07.015 [ISOBUS] addr=0x81 claimed=Y load=14.6% msgs=24492 aiso=671(677790ms) xte=0.00m spd=0.00m/s q=0 ggaAge=2 vtgAge=2 xteAge=677790 xteraw=80:510302FF0F060DFF vt=Y(21/22) vtstat=1231/602ms tc=Y drp=0mm tcq=0
16:01:08.015 [ISOBUS] addr=0x81 claimed=Y load=14.6% msgs=24532 aiso=672(678790ms) xte=0.00m spd=0.00m/s q=0 ggaAge=2 vtgAge=2 xteAge=678790 xteraw=80:510302FF0F060DFF vt=Y(21/22) vtstat=1233/598ms tc=Y drp=0mm tcq=0
16:01:08.992 [ISOBUS] addr=0x81 claimed=Y load=14.5% msgs=24574 aiso=673(679790ms) xte=0.00m spd=0.00m/s q=0 ggaAge=2 vtgAge=2 xteAge=679790 xteraw=80:510302FF0F060DFF vt=Y(21/22) vtstat=1235/602ms tc=Y drp=0mm tcq=0
16:01:09.808 W] [PR]: NACK-ing PGN request for PGN 60928 because no callback could handle it.
16:01:09.999 [ISOBUS] addr=0x81 claimed=Y load=14.7% msgs=24615 aiso=674(680790ms) xte=0.00m spd=0.00m/s q=0 ggaAge=2 vtgAge=2 xteAge=680790 xteraw=80:510302FF0F060DFF vt=Y(21/22) vtstat=1237/598ms tc=Y drp=0mm tcq=0
16:01:11.002 [ISOBUS] addr=0x81 claimed=Y load=14.5% msgs=24656 aiso=675(681790ms) xte=0.00m spd=0.00m/s q=0 ggaAge=2 vtgAge=2 xteAge=681790 xteraw=80:510302FF0F060DFF vt=Y(21/22) vtstat=1239/598ms tc=Y drp=0mm tcq=0
16:01:11.815 W] [PR]: NACK-ing PGN request for PGN 60928 because no callback could handle it.
16:01:12.016 [ISOBUS] addr=0x81 claimed=Y load=14.7% msgs=24697 aiso=676(682790ms) xte=0.00m spd=0.00m/s q=0 ggaAge=2 vtgAge=2 xteAge=682790 xteraw=80:510302FF0F060DFF vt=Y(21/22) vtstat=1241/598ms tc=Y drp=0mm tcq=0
16:01:13.018 [ISOBUS] addr=0x81 claimed=Y load=14.6% msgs=24738 aiso=677(683790ms) xte=0.00m spd=0.00m/s q=0 ggaAge=2 vtgAge=2 xteAge=683790 xteraw=80:510302FF0F060DFF vt=Y(21/22) vtstat=1243/598ms tc=Y drp=0mm tcq=0
16:01:14.004 [ISOBUS] addr=0x81 claimed=Y load=14.6% msgs=24779 aiso=678(684790ms) xte=0.00m spd=0.00m/s q=0 ggaAge=2 vtgAge=2 xteAge=684790 xteraw=80:510302FF0F060DFF vt=Y(21/22) vtstat=1245/598ms tc=Y drp=0mm tcq=0
16:01:14.798 W] [PR]: NACK-ing PGN request for PGN 60928 because no callback could handle it.
16:01:14.994 [ISOBUS] addr=0x81 claimed=Y load=15.1% msgs=24824 aiso=679(685790ms) xte=0.00m spd=0.00m/s q=0 ggaAge=2 vtgAge=2 xteAge=685790 xteraw=80:510302FF0F060DFF vt=Y(21/22) vtstat=1247/602ms tc=Y drp=0mm tcq=0
16:01:16.006 [ISOBUS] addr=0x81 claimed=Y load=14.6% msgs=24863 aiso=680(686790ms) xte=0.00m spd=0.00m/s q=0 ggaAge=2 vtgAge=102 xteAge=686790 xteraw=80:510302FF0F060DFF vt=Y(21/22) vtstat=1249/598ms tc=Y drp=0mm tcq=0
16:01:16.820 W] [PR]: NACK-ing PGN request for PGN 60928 because no callback could handle it.
16:01:17.009 [ISOBUS] addr=0x81 claimed=Y load=14.6% msgs=24905 aiso=681(687790ms) xte=0.00m spd=0.00m/s q=0 ggaAge=2 vtgAge=2 xteAge=687790 xteraw=80:510302FF0F060DFF vt=Y(21/22) vtstat=1251/598ms tc=Y drp=0mm tcq=0
16:01:17.998 [ISOBUS] addr=0x81 claimed=Y load=14.6% msgs=24946 aiso=682(688790ms) xte=0.00m spd=0.00m/s q=0 ggaAge=2 vtgAge=2 xteAge=688790 xteraw=80:510302FF0F060DFF vt=Y(21/22) vtstat=1253/602ms tc=Y drp=0mm tcq=0
16:01:19.021 [ISOBUS] addr=0x81 claimed=Y load=14.5% msgs=24988 aiso=683(689790ms) xte=0.00m spd=0.00m/s q=0 ggaAge=2 vtgAge=2 xteAge=689790 xteraw=80:510302FF0F060DFF vt=Y(21/22) vtstat=1255/602ms tc=Y drp=0mm tcq=0
16:01:19.825 W] [PR]: NACK-ing PGN request for PGN 60928 because no callback could handle it.
16:01:20.023 [ISOBUS] addr=0x81 claimed=Y load=14.7% msgs=25027 aiso=684(690790ms) xte=0.00m spd=0.00m/s q=0 ggaAge=2 vtgAge=98 xteAge=690790 xteraw=80:510302FF0F060DFF vt=Y(21/22) vtstat=1257/598ms tc=Y drp=0mm tcq=0
16:01:21.011 [ISOBUS] addr=0x81 claimed=Y load=14.5% msgs=25069 aiso=685(691790ms) xte=0.00m spd=0.00m/s q=0 ggaAge=2 vtgAge=2 xteAge=691790 xteraw=80:510302FF0F060DFF vt=Y(21/22) vtstat=1259/598ms tc=Y drp=0mm tcq=0
16:01:21.806 W] [PR]: NACK-ing PGN request for PGN 60928 because no callback could handle it.
16:01:22.000 [ISOBUS] addr=0x81 claimed=Y load=14.7% msgs=25110 aiso=686(692790ms) xte=0.00m spd=0.00m/s q=0 ggaAge=2 vtgAge=2 xteAge=692790 xteraw=80:510302FF0F060DFF vt=Y(21/22) vtstat=1261/602ms tc=Y drp=0mm tcq=0
16:01:23.020 [ISOBUS] addr=0x81 claimed=Y load=14.5% msgs=25151 aiso=687(693790ms) xte=0.00m spd=0.00m/s q=0 ggaAge=2 vtgAge=2 xteAge=693790 xteraw=80:510302FF0F060DFF vt=Y(21/22) vtstat=1263/598ms tc=Y drp=0mm tcq=0
16:01:24.012 [ISOBUS] addr=0x81 claimed=Y load=14.6% msgs=25191 aiso=688(694790ms) xte=0.00m spd=0.00m/s q=0 ggaAge=2 vtgAge=98 xteAge=694790 xteraw=80:510302FF0F060DFF vt=Y(21/22) vtstat=1265/598ms tc=Y drp=0mm tcq=0
16:01:24.805 W] [PR]: NACK-ing PGN request for PGN 60928 because no callback could handle it.
16:01:25.002 [ISOBUS] addr=0x81 claimed=Y load=15.1% msgs=25235 aiso=689(695790ms) xte=0.00m spd=0.00m/s q=0 ggaAge=102 vtgAge=98 xteAge=695790 xteraw=80:510302FF0F060DFF vt=Y(21/22) vtstat=1267/598ms tc=Y drp=0mm tcq=0
16:01:26.020 [ISOBUS] addr=0x81 claimed=Y load=14.6% msgs=25276 aiso=690(696790ms) xte=0.00m spd=0.00m/s q=0 ggaAge=98 vtgAge=98 xteAge=696790 xteraw=80:510302FF0F060DFF vt=Y(21/22) vtstat=1269/598ms tc=Y drp=0mm tcq=0
16:01:26.814 W] [PR]: NACK-ing PGN request for PGN 60928 because no callback could handle it.
16:01:27.009 [ISOBUS] addr=0x81 claimed=Y load=14.6% msgs=25317 aiso=691(697790ms) xte=0.00m spd=0.00m/s q=0 ggaAge=98 vtgAge=98 xteAge=697790 xteraw=80:510302FF0F060DFF vt=Y(21/22) vtstat=1271/598ms tc=Y drp=0mm tcq=0
16:01:28.020 [ISOBUS] addr=0x81 claimed=Y load=14.6% msgs=25358 aiso=692(698790ms) xte=0.00m spd=0.00m/s q=0 ggaAge=98 vtgAge=98 xteAge=698790 xteraw=80:510302FF0F060DFF vt=Y(21/22) vtstat=1273/598ms tc=Y drp=0mm tcq=0
16:01:29.013 [ISOBUS] addr=0x81 claimed=Y load=14.5% msgs=25399 aiso=693(699790ms) xte=0.00m spd=0.00m/s q=0 ggaAge=98 vtgAge=98 xteAge=699790 xteraw=80:510302FF0F060DFF vt=Y(21/22) vtstat=1275/598ms tc=Y drp=0mm tcq=0
16:01:29.805 W] [PR]: NACK-ing PGN request for PGN 60928 because no callback could handle it.
16:01:29.999 [ISOBUS] addr=0x81 claimed=Y load=14.7% msgs=25440 aiso=694(700790ms) xte=0.00m spd=0.00m/s q=0 ggaAge=98 vtgAge=98 xteAge=700790 xteraw=80:510302FF0F060DFF vt=Y(21/22) vtstat=1277/594ms tc=Y drp=0mm tcq=0
16:01:31.000 [ISOBUS] addr=0x81 claimed=Y load=14.5% msgs=25481 aiso=695(701790ms) xte=0.00m spd=0.00m/s q=0 ggaAge=98 vtgAge=98 xteAge=701790 xteraw=80:510302FF0F060DFF vt=Y(21/22) vtstat=1279/594ms tc=Y drp=0mm tcq=0
16:01:31.834 W] [PR]: NACK-ing PGN request for PGN 60928 because no callback could handle it.
16:01:31.997 [ISOBUS] addr=0x81 claimed=Y load=14.7% msgs=25522 aiso=696(702790ms) xte=0.00m spd=0.00m/s q=0 ggaAge=98 vtgAge=94 xteAge=702790 xteraw=80:510302FF0F060DFF vt=Y(21/22) vtstat=1281/598ms tc=Y drp=0mm tcq=0
16:01:33.004 [ISOBUS] addr=0x81 claimed=Y load=14.5% msgs=25563 aiso=697(703790ms) xte=0.00m spd=0.00m/s q=0 ggaAge=98 vtgAge=94 xteAge=703790 xteraw=80:510302FF0F060DFF vt=Y(21/22) vtstat=1283/598ms tc=Y drp=0mm tcq=0
16:01:34.002 [ISOBUS] addr=0x81 claimed=Y load=14.6% msgs=25604 aiso=698(704790ms) xte=0.00m spd=0.00m/s q=0 ggaAge=94 vtgAge=94 xteAge=704790 xteraw=80:510302FF0F060DFF vt=Y(21/22) vtstat=1285/598ms tc=Y drp=0mm tcq=0
16:01:34.832 W] [PR]: NACK-ing PGN request for PGN 60928 because no callback could handle it.
16:01:34.993 [ISOBUS] addr=0x81 claimed=Y load=15.1% msgs=25649 aiso=699(705790ms) xte=0.00m spd=0.00m/s q=0 ggaAge=94 vtgAge=94 xteAge=705790 xteraw=80:510302FF0F060DFF vt=Y(21/22) vtstat=1287/594ms tc=Y drp=0mm tcq=0
16:01:36.001 [ISOBUS] addr=0x81 claimed=Y load=14.6% msgs=25690 aiso=700(706790ms) xte=0.00m spd=0.00m/s q=0 ggaAge=94 vtgAge=94 xteAge=706790 xteraw=80:510302FF0F060DFF vt=Y(21/22) vtstat=1289/594ms tc=Y drp=0mm tcq=0
16:01:36.827 W] [PR]: NACK-ing PGN request for PGN 60928 because no callback could handle it.
16:01:37.016 [ISOBUS] addr=0x81 claimed=Y load=14.6% msgs=25731 aiso=701(707790ms) xte=0.00m spd=0.00m/s q=0 ggaAge=94 vtgAge=94 xteAge=707790 xteraw=80:510302FF0F060DFF vt=Y(21/22) vtstat=1291/594ms tc=Y drp=0mm tcq=0
16:01:38.003 [ISOBUS] addr=0x81 claimed=Y load=14.6% msgs=25772 aiso=702(708790ms) xte=0.00m spd=0.00m/s q=0 ggaAge=82 vtgAge=82 xteAge=708790 xteraw=80:510302FF0F060DFF vt=Y(21/22) vtstat=1293/590ms tc=Y drp=0mm tcq=0
16:01:39.000 [ISOBUS] addr=0x81 claimed=Y load=14.5% msgs=25813 aiso=703(709790ms) xte=0.00m spd=0.00m/s q=0 ggaAge=94 vtgAge=90 xteAge=709790 xteraw=80:510302FF0F060DFF vt=Y(21/22) vtstat=1295/590ms tc=Y drp=0mm tcq=0
16:01:39.834 W] [PR]: NACK-ing PGN request for PGN 60928 because no callback could handle it.
16:01:39.994 [ISOBUS] addr=0x81 claimed=Y load=14.7% msgs=25854 aiso=704(710790ms) xte=0.00m spd=0.00m/s q=0 ggaAge=94 vtgAge=90 xteAge=710790 xteraw=80:510302FF0F060DFF vt=Y(21/22) vtstat=1297/590ms tc=Y drp=0mm tcq=0
16:01:41.012 [ISOBUS] addr=0x81 claimed=Y load=14.5% msgs=25895 aiso=705(711790ms) xte=0.00m spd=0.00m/s q=0 ggaAge=90 vtgAge=90 xteAge=711790 xteraw=80:510302FF0F060DFF vt=Y(21/22) vtstat=1299/594ms tc=Y drp=0mm tcq=0
16:01:41.814 W] [PR]: NACK-ing PGN request for PGN 60928 because no callback could handle it.
16:01:42.003 [ISOBUS] addr=0x81 claimed=Y load=14.7% msgs=25936 aiso=706(712790ms) xte=0.00m spd=0.00m/s q=0 ggaAge=90 vtgAge=90 xteAge=712790 xteraw=80:510302FF0F060DFF vt=Y(21/22) vtstat=1301/590ms tc=Y drp=0mm tcq=0
16:01:42.994 [ISOBUS] addr=0x81 claimed=Y load=14.5% msgs=25977 aiso=707(713790ms) xte=0.00m spd=0.00m/s q=0 ggaAge=90 vtgAge=90 xteAge=713790 xteraw=80:510302FF0F060DFF vt=Y(21/22) vtstat=1303/590ms tc=Y drp=0mm tcq=0
16:01:44.017 [ISOBUS] addr=0x81 claimed=Y load=14.6% msgs=26018 aiso=708(714790ms) xte=0.00m spd=0.00m/s q=0 ggaAge=90 vtgAge=90 xteAge=714790 xteraw=80:510302FF0F060DFF vt=Y(21/22) vtstat=1305/586ms tc=Y drp=0mm tcq=0
16:01:44.829 W] [PR]: NACK-ing PGN request for PGN 60928 because no callback could handle it.
16:01:45.018 [ISOBUS] addr=0x81 claimed=Y load=15.1% msgs=26063 aiso=709(715790ms) xte=0.00m spd=0.00m/s q=0 ggaAge=90 vtgAge=90 xteAge=715790 xteraw=80:510302FF0F060DFF vt=Y(21/22) vtstat=1307/586ms tc=Y drp=0mm tcq=0
16:01:46.024 [ISOBUS] addr=0x81 claimed=Y load=14.6% msgs=26104 aiso=710(716790ms) xte=0.00m spd=0.00m/s q=0 ggaAge=90 vtgAge=90 xteAge=716790 xteraw=80:510302FF0F060DFF vt=Y(21/22) vtstat=1309/586ms tc=Y drp=0mm tcq=0
16:01:46.815 W] [PR]: NACK-ing PGN request for PGN 60928 because no callback could handle it.
16:01:47.005 [ISOBUS] addr=0x81 claimed=Y load=14.6% msgs=26145 aiso=711(717790ms) xte=0.00m spd=0.00m/s q=0 ggaAge=90 vtgAge=90 xteAge=717790 xteraw=80:510302FF0F060DFF vt=Y(21/22) vtstat=1311/590ms tc=Y drp=0mm tcq=0
16:01:47.998 [ISOBUS] addr=0x81 claimed=Y load=14.6% msgs=26186 aiso=712(718790ms) xte=0.00m spd=0.00m/s q=0 ggaAge=90 vtgAge=90 xteAge=718790 xteraw=80:510302FF0F060DFF vt=Y(21/22) vtstat=1313/586ms tc=Y drp=0mm tcq=0
16:01:49.027 [ISOBUS] addr=0x81 claimed=Y load=14.5% msgs=26227 aiso=713(719790ms) xte=0.00m spd=0.00m/s q=0 ggaAge=90 vtgAge=90 xteAge=719790 xteraw=80:510302FF0F060DFF vt=Y(21/22) vtstat=1315/591ms tc=Y drp=0mm tcq=0
16:01:49.810 W] [PR]: NACK-ing PGN request for PGN 60928 because no callback could handle it.
16:01:49.999 [ISOBUS] addr=0x81 claimed=Y load=14.7% msgs=26268 aiso=714(720790ms) xte=0.00m spd=0.00m/s q=0 ggaAge=91 vtgAge=91 xteAge=720790 xteraw=80:510302FF0F060DFF vt=Y(21/22) vtstat=1317/587ms tc=Y drp=0mm tcq=0
16:01:50.995 [ISOBUS] addr=0x81 claimed=Y load=14.5% msgs=26309 aiso=715(721790ms) xte=0.00m spd=0.00m/s q=0 ggaAge=91 vtgAge=87 xteAge=721790 xteraw=80:510302FF0F060DFF vt=Y(21/22) vtstat=1319/587ms tc=Y drp=0mm tcq=0
16:01:51.817 W] [PR]: NACK-ing PGN request for PGN 60928 because no callback could handle it.
16:01:52.025 [ISOBUS] addr=0x81 claimed=Y load=14.7% msgs=26350 aiso=716(722790ms) xte=0.00m spd=0.00m/s q=0 ggaAge=91 vtgAge=87 xteAge=722790 xteraw=80:510302FF0F060DFF vt=Y(21/22) vtstat=1321/587ms tc=Y drp=0mm tcq=0
16:01:53.009 [ISOBUS] addr=0x81 claimed=Y load=14.5% msgs=26391 aiso=717(723790ms) xte=0.00m spd=0.00m/s q=0 ggaAge=87 vtgAge=87 xteAge=723790 xteraw=80:510302FF0F060DFF vt=Y(21/22) vtstat=1323/591ms tc=Y drp=0mm tcq=0
16:01:54.012 [ISOBUS] addr=0x81 claimed=Y load=14.6% msgs=26432 aiso=718(724790ms) xte=0.00m spd=0.00m/s q=0 ggaAge=87 vtgAge=87 xteAge=724790 xteraw=80:510302FF0F060DFF vt=Y(21/22) vtstat=1325/587ms tc=Y drp=0mm tcq=0
16:01:54.827 W] [PR]: NACK-ing PGN request for PGN 60928 because no callback could handle it.
16:01:55.016 [ISOBUS] addr=0x81 claimed=Y load=15.1% msgs=26477 aiso=719(725790ms) xte=0.00m spd=0.00m/s q=0 ggaAge=87 vtgAge=87 xteAge=725790 xteraw=80:510302FF0F060DFF vt=Y(21/22) vtstat=1327/587ms tc=Y drp=0mm tcq=0
16:01:56.027 [ISOBUS] addr=0x81 claimed=Y load=14.6% msgs=26518 aiso=720(726790ms) xte=0.00m spd=0.00m/s q=0 ggaAge=87 vtgAge=87 xteAge=726790 xteraw=80:510302FF0F060DFF vt=Y(21/22) vtstat=1329/587ms tc=Y drp=0mm tcq=0
16:01:56.845 W] [PR]: NACK-ing PGN request for PGN 60928 because no callback could handle it.
16:01:56.995 [ISOBUS] addr=0x81 claimed=Y load=14.6% msgs=26559 aiso=721(727790ms) xte=0.00m spd=0.00m/s q=0 ggaAge=87 vtgAge=87 xteAge=727790 xteraw=80:510302FF0F060DFF vt=Y(21/22) vtstat=1331/587ms tc=Y drp=0mm tcq=0
16:01:57.995 [ISOBUS] addr=0x81 claimed=Y load=14.6% msgs=26600 aiso=722(728790ms) xte=0.00m spd=0.00m/s q=0 ggaAge=87 vtgAge=87 xteAge=728790 xteraw=80:510302FF0F060DFF vt=Y(21/22) vtstat=1333/587ms tc=Y drp=0mm tcq=0
16:01:59.018 [ISOBUS] addr=0x81 claimed=Y load=14.5% msgs=26641 aiso=723(729790ms) xte=0.00m spd=0.00m/s q=0 ggaAge=87 vtgAge=87 xteAge=729790 xteraw=80:510302FF0F060DFF vt=Y(21/22) vtstat=1335/587ms tc=Y drp=0mm tcq=0
16:01:59.812 W] [PR]: NACK-ing PGN request for PGN 60928 because no callback could handle it.
16:02:00.008 [ISOBUS] addr=0x81 claimed=Y load=14.7% msgs=26682 aiso=724(730790ms) xte=0.00m spd=0.00m/s q=0 ggaAge=87 vtgAge=87 xteAge=730790 xteraw=80:510302FF0F060DFF vt=Y(21/22) vtstat=1337/587ms tc=Y drp=0mm tcq=0
16:02:01.025 [ISOBUS] addr=0x81 claimed=Y load=14.5% msgs=26723 aiso=725(731790ms) xte=0.00m spd=0.00m/s q=0 ggaAge=87 vtgAge=87 xteAge=731790 xteraw=80:510302FF0F060DFF vt=Y(21/22) vtstat=1339/583ms tc=Y drp=0mm tcq=0
16:02:01.814 W] [PR]: NACK-ing PGN request for PGN 60928 because no callback could handle it.
16:02:01.998 [ISOBUS] addr=0x81 claimed=Y load=14.7% msgs=26764 aiso=726(732790ms) xte=0.00m spd=0.00m/s q=0 ggaAge=87 vtgAge=87 xteAge=732790 xteraw=80:510302FF0F060DFF vt=Y(21/22) vtstat=1341/583ms tc=Y drp=0mm tcq=0
16:02:03.020 [ISOBUS] addr=0x81 claimed=Y load=14.5% msgs=26805 aiso=727(733790ms) xte=0.00m spd=0.00m/s q=0 ggaAge=75 vtgAge=75 xteAge=733790 xteraw=80:510302FF0F060DFF vt=Y(21/22) vtstat=1343/583ms tc=Y drp=0mm tcq=0
16:02:04.013 [ISOBUS] addr=0x81 claimed=Y load=14.6% msgs=26846 aiso=728(734790ms) xte=0.00m spd=0.00m/s q=0 ggaAge=87 vtgAge=87 xteAge=734790 xteraw=80:510302FF0F060DFF vt=Y(21/22) vtstat=1345/583ms tc=Y drp=0mm tcq=0
16:02:04.811 W] [PR]: NACK-ing PGN request for PGN 60928 because no callback could handle it.
16:02:05.025 [ISOBUS] addr=0x81 claimed=Y load=15.1% msgs=26891 aiso=729(735790ms) xte=0.00m spd=0.00m/s q=0 ggaAge=87 vtgAge=83 xteAge=735790 xteraw=80:510302FF0F060DFF vt=Y(21/22) vtstat=1347/583ms tc=Y drp=0mm tcq=0
16:02:06.010 [ISOBUS] addr=0x81 claimed=Y load=14.6% msgs=26932 aiso=730(736790ms) xte=0.00m spd=0.00m/s q=0 ggaAge=87 vtgAge=83 xteAge=736790 xteraw=80:510302FF0F060DFF vt=Y(21/22) vtstat=1349/583ms tc=Y drp=0mm tcq=0
16:02:06.837 W] [PR]: NACK-ing PGN request for PGN 60928 because no callback could handle it.
16:02:07.025 [ISOBUS] addr=0x81 claimed=Y load=14.6% msgs=26973 aiso=731(737790ms) xte=0.00m spd=0.00m/s q=0 ggaAge=87 vtgAge=83 xteAge=737790 xteraw=80:510302FF0F060DFF vt=Y(21/22) vtstat=1351/583ms tc=Y drp=0mm tcq=0
16:02:08.010 [ISOBUS] addr=0x81 claimed=Y load=14.6% msgs=27014 aiso=732(738790ms) xte=0.00m spd=0.00m/s q=0 ggaAge=87 vtgAge=83 xteAge=738790 xteraw=80:510302FF0F060DFF vt=Y(21/22) vtstat=1353/587ms tc=Y drp=0mm tcq=0
16:02:09.014 [ISOBUS] addr=0x81 claimed=Y load=14.5% msgs=27055 aiso=733(739790ms) xte=0.00m spd=0.00m/s q=0 ggaAge=83 vtgAge=83 xteAge=739790 xteraw=80:510302FF0F060DFF vt=Y(21/22) vtstat=1355/587ms tc=Y drp=0mm tcq=0
16:02:09.841 W] [PR]: NACK-ing PGN request for PGN 60928 because no callback could handle it.
16:02:09.998 [ISOBUS] addr=0x81 claimed=Y load=14.7% msgs=27096 aiso=734(740790ms) xte=0.00m spd=0.00m/s q=0 ggaAge=83 vtgAge=83 xteAge=740790 xteraw=80:510302FF0F060DFF vt=Y(21/22) vtstat=1357/583ms tc=Y drp=0mm tcq=0
16:02:11.011 [ISOBUS] addr=0x81 claimed=Y load=14.5% msgs=27137 aiso=735(741790ms) xte=0.00m spd=0.00m/s q=0 ggaAge=83 vtgAge=83 xteAge=741790 xteraw=80:510302FF0F060DFF vt=Y(21/22) vtstat=1359/583ms tc=Y drp=0mm tcq=0
16:02:11.833 W] [PR]: NACK-ing PGN request for PGN 60928 because no callback could handle it.
16:02:12.029 [ISOBUS] addr=0x81 claimed=Y load=14.7% msgs=27178 aiso=736(742790ms) xte=0.00m spd=0.00m/s q=0 ggaAge=83 vtgAge=83 xteAge=742790 xteraw=80:510302FF0F060DFF vt=Y(21/22) vtstat=1361/583ms tc=Y drp=0mm tcq=0
16:02:12.996 [ISOBUS] addr=0x81 claimed=Y load=14.5% msgs=27219 aiso=737(743790ms) xte=0.00m spd=0.00m/s q=0 ggaAge=83 vtgAge=83 xteAge=743790 xteraw=80:510302FF0F060DFF vt=Y(21/22) vtstat=1363/583ms tc=Y drp=0mm tcq=0
16:02:14.003 [ISOBUS] addr=0x81 claimed=Y load=14.6% msgs=27260 aiso=738(744790ms) xte=0.00m spd=0.00m/s q=0 ggaAge=83 vtgAge=83 xteAge=744790 xteraw=80:510302FF0F060DFF vt=Y(21/22) vtstat=1365/583ms tc=Y drp=0mm tcq=0
16:02:14.828 W] [PR]: NACK-ing PGN request for PGN 60928 because no callback could handle it.
16:02:15.013 [ISOBUS] addr=0x81 claimed=Y load=15.1% msgs=27305 aiso=739(745790ms) xte=0.00m spd=0.00m/s q=0 ggaAge=83 vtgAge=83 xteAge=745790 xteraw=80:510302FF0F060DFF vt=Y(21/22) vtstat=1367/583ms tc=Y drp=0mm tcq=0
16:02:16.007 [ISOBUS] addr=0x81 claimed=Y load=14.6% msgs=27346 aiso=740(746790ms) xte=0.00m spd=0.00m/s q=0 ggaAge=83 vtgAge=83 xteAge=746790 xteraw=80:510302FF0F060DFF vt=Y(21/22) vtstat=1369/583ms tc=Y drp=0mm tcq=0
16:02:16.829 W] [PR]: NACK-ing PGN request for PGN 60928 because no callback could handle it.
16:02:17.023 [ISOBUS] addr=0x81 claimed=Y load=14.6% msgs=27387 aiso=741(747790ms) xte=0.00m spd=0.00m/s q=0 ggaAge=83 vtgAge=83 xteAge=747790 xteraw=80:510302FF0F060DFF vt=Y(21/22) vtstat=1371/583ms tc=Y drp=0mm tcq=0
16:02:18.032 [ISOBUS] addr=0x81 claimed=Y load=14.6% msgs=27428 aiso=742(748790ms) xte=0.00m spd=0.00m/s q=0 ggaAge=83 vtgAge=83 xteAge=748790 xteraw=80:510302FF0F060DFF vt=Y(21/22) vtstat=1373/583ms tc=Y drp=0mm tcq=0
16:02:18.999 [ISOBUS] addr=0x81 claimed=Y load=14.5% msgs=27469 aiso=743(749790ms) xte=0.00m spd=0.00m/s q=0 ggaAge=83 vtgAge=83 xteAge=749790 xteraw=80:510302FF0F060DFF vt=Y(21/22) vtstat=1375/579ms tc=Y drp=0mm tcq=0
16:02:19.819 W] [PR]: NACK-ing PGN request for PGN 60928 because no callback could handle it.
16:02:20.024 [ISOBUS] addr=0x81 claimed=Y load=14.7% msgs=27510 aiso=744(750790ms) xte=0.00m spd=0.00m/s q=0 ggaAge=83 vtgAge=83 xteAge=750790 xteraw=80:510302FF0F060DFF vt=Y(21/22) vtstat=1377/579ms tc=Y drp=0mm tcq=0
16:02:21.016 [ISOBUS] addr=0x81 claimed=Y load=14.6% msgs=27551 aiso=745(751790ms) xte=0.00m spd=0.00m/s q=0 ggaAge=83 vtgAge=83 xteAge=751790 xteraw=80:510302FF0F060DFF vt=Y(21/22) vtstat=1379/583ms tc=Y drp=0mm tcq=0
16:02:21.819 W] [PR]: NACK-ing PGN request for PGN 60928 because no callback could handle it.
16:02:22.011 [ISOBUS] addr=0x81 claimed=Y load=14.7% msgs=27592 aiso=746(752790ms) xte=0.00m spd=0.00m/s q=0 ggaAge=83 vtgAge=83 xteAge=752790 xteraw=80:510302FF0F060DFF vt=Y(21/22) vtstat=1381/583ms tc=Y drp=0mm tcq=0
16:02:23.022 [ISOBUS] addr=0x81 claimed=Y load=14.5% msgs=27633 aiso=747(753790ms) xte=0.00m spd=0.00m/s q=0 ggaAge=83 vtgAge=83 xteAge=753790 xteraw=80:510302FF0F060DFF vt=Y(21/22) vtstat=1383/583ms tc=Y drp=0mm tcq=0
16:02:24.015 [ISOBUS] addr=0x81 claimed=Y load=14.6% msgs=27674 aiso=748(754790ms) xte=0.00m spd=0.00m/s q=0 ggaAge=83 vtgAge=83 xteAge=754790 xteraw=80:510302FF0F060DFF vt=Y(21/22) vtstat=1385/579ms tc=Y drp=0mm tcq=0
16:02:24.830 W] [PR]: NACK-ing PGN request for PGN 60928 because no callback could handle it.
16:02:25.020 [ISOBUS] addr=0x81 claimed=Y load=15.1% msgs=27719 aiso=749(755790ms) xte=0.00m spd=0.00m/s q=0 ggaAge=83 vtgAge=83 xteAge=755790 xteraw=80:510302FF0F060DFF vt=Y(21/22) vtstat=1387/579ms tc=Y drp=0mm tcq=0
16:02:26.015 [ISOBUS] addr=0x81 claimed=Y load=14.6% msgs=27760 aiso=750(756790ms) xte=0.00m spd=0.00m/s q=0 ggaAge=79 vtgAge=79 xteAge=756790 xteraw=80:510302FF0F060DFF vt=Y(21/22) vtstat=1389/579ms tc=Y drp=0mm tcq=0
16:02:26.839 W] [PR]: NACK-ing PGN request for PGN 60928 because no callback could handle it.
16:02:27.004 [ISOBUS] addr=0x81 claimed=Y load=14.6% msgs=27801 aiso=751(757790ms) xte=0.00m spd=0.00m/s q=0 ggaAge=83 vtgAge=83 xteAge=757790 xteraw=80:510302FF0F060DFF vt=Y(21/22) vtstat=1391/579ms tc=Y drp=0mm tcq=0
16:02:28.009 [ISOBUS] addr=0x81 claimed=Y load=14.6% msgs=27842 aiso=752(758790ms) xte=0.00m spd=0.00m/s q=0 ggaAge=83 vtgAge=83 xteAge=758790 xteraw=80:510302FF0F060DFF vt=Y(21/22) vtstat=1393/579ms tc=Y drp=0mm tcq=0
16:02:29.021 [ISOBUS] addr=0x81 claimed=Y load=14.5% msgs=27883 aiso=753(759790ms) xte=0.00m spd=0.00m/s q=0 ggaAge=83 vtgAge=83 xteAge=759790 xteraw=80:510302FF0F060DFF vt=Y(21/22) vtstat=1395/579ms tc=Y drp=0mm tcq=0
16:02:30.023 [ISOBUS] addr=0x81 claimed=Y load=10.7% msgs=27911 aiso=753(760790ms) xte=0.00m spd=0.00m/s q=0 ggaAge=383 vtgAge=379 xteAge=760790 xteraw=80:510302FF0F060DFF vt=Y(21/22) vtstat=1397/583ms tc=Y drp=0mm tcq=0
16:02:31.019 [ISOBUS] addr=0x81 claimed=Y load=0.2% msgs=27911 aiso=753(761790ms) xte=0.00m spd=0.00m/s q=0 ggaAge=1383 vtgAge=1379 xteAge=761790 xteraw=80:510302FF0F060DFF vt=Y(21/22) vtstat=1397/1583ms tc=Y drp=0mm tcq=0
16:02:31.201 W] [VT]: Server response to a command timed out
16:02:32.025 [ISOBUS] addr=0x81 claimed=Y load=0.1% msgs=27911 aiso=753(762790ms) xte=0.00m spd=0.00m/s q=0 ggaAge=2383 vtgAge=2379 xteAge=762790 xteraw=80:510302FF0F060DFF vt=Y(21/22) vtstat=1397/2583ms tc=Y drp=0mm tcq=0
16:02:32.437 E] [VT]: Status Timeout
16:02:33.003 [ISOBUS] addr=0x81 claimed=Y load=0.2% msgs=27911 aiso=753(763790ms) xte=0.00m spd=0.00m/s q=0 ggaAge=3383 vtgAge=3379 xteAge=763790 xteraw=80:510302FF0F060DFF vt=N(1/22) vtstat=1397/3583ms tc=Y drp=0mm tcq=0
16:02:34.022 [ISOBUS] addr=0x81 claimed=Y load=0.1% msgs=27911 aiso=753(764790ms) xte=0.00m spd=0.00m/s q=0 ggaAge=4383 vtgAge=4379 xteAge=764790 xteraw=80:510302FF0F060DFF vt=N(1/22) vtstat=1397/4583ms tc=Y drp=0mm tcq=0
16:02:34.224 E] [TC]: Server Status Message Timeout. The TC may be offline.
16:02:35.013 [ISOBUS] addr=0x81 claimed=Y load=0.3% msgs=27911 aiso=753(765790ms) xte=0.00m spd=0.00m/s q=0 ggaAge=5383 vtgAge=5379 xteAge=765790 xteraw=80:510302FF0F060DFF vt=N(1/22) vtstat=1397/5583ms tc=N drp=0mm tcq=0
16:02:36.018 [ISOBUS] addr=0x81 claimed=Y load=0.1% msgs=27911 aiso=753(766790ms) xte=0.00m spd=0.00m/s q=0 ggaAge=6383 vtgAge=6379 xteAge=766790 xteraw=80:510302FF0F060DFF vt=N(1/22) vtstat=1397/6583ms tc=N drp=0mm tcq=0
16:02:37.032 [ISOBUS] addr=0x81 claimed=Y load=0.0% msgs=27911 aiso=753(767790ms) xte=0.00m spd=0.00m/s q=0 ggaAge=7383 vtgAge=7379 xteAge=767790 xteraw=80:510302FF0F060DFF vt=N(1/22) vtstat=1397/7583ms tc=N drp=0mm tcq=0
16:02:38.025 [ISOBUS] addr=0x81 claimed=Y load=0.1% msgs=27911 aiso=753(768790ms) xte=0.00m spd=0.00m/s q=0 ggaAge=8383 vtgAge=8379 xteAge=768790 xteraw=80:510302FF0F060DFF vt=N(1/22) vtstat=1397/8583ms tc=N drp=0mm tcq=0
16:02:39.001 [ISOBUS] addr=0x81 claimed=Y load=0.1% msgs=27911 aiso=753(769790ms) xte=0.00m spd=0.00m/s q=0 ggaAge=9383 vtgAge=9379 xteAge=769790 xteraw=80:510302FF0F060DFF vt=N(1/22) vtstat=1397/9583ms tc=N drp=0mm tcq=0
16:02:40.021 [ISOBUS] addr=0x81 claimed=Y load=0.0% msgs=27911 aiso=753(770790ms) xte=0.00m spd=0.00m/s q=0 ggaAge=10383 vtgAge=10379 xteAge=770790 xteraw=80:510302FF0F060DFF vt=N(1/22) vtstat=1397/10583ms tc=N drp=0mm tcq=0
16:02:41.017 [ISOBUS] addr=0x81 claimed=Y load=0.1% msgs=27911 aiso=753(771790ms) xte=0.00m spd=0.00m/s q=0 ggaAge=11383 vtgAge=11379 xteAge=771790 xteraw=80:510302FF0F060DFF vt=N(1/22) vtstat=1397/11583ms tc=N drp=0mm tcq=0
16:02:42.001 [ISOBUS] addr=0x81 claimed=Y load=0.0% msgs=27911 aiso=753(772790ms) xte=0.00m spd=0.00m/s q=0 ggaAge=12383 vtgAge=12379 xteAge=772790 xteraw=80:510302FF0F060DFF vt=N(1/22) vtstat=1397/12583ms tc=N drp=0mm tcq=0
16:02:42.434 VT: disconnected 10s after having been connected -- forcing reconnect attempt 1 (partner addr=0x26 valid=Y)
16:02:42.434 I] [VT]: VT Client connection has been terminated.
16:02:43.016 [ISOBUS] addr=0x81 claimed=Y load=0.1% msgs=27911 aiso=753(773790ms) xte=0.00m spd=0.00m/s q=0 ggaAge=13383 vtgAge=13379 xteAge=773790 xteraw=80:510302FF0F060DFF vt=N(1/22) vtstat=1397/13583ms tc=N drp=0mm tcq=0
16:02:44.016 [ISOBUS] addr=0x81 claimed=Y load=0.1% msgs=27911 aiso=753(774790ms) xte=0.00m spd=0.00m/s q=0 ggaAge=14383 vtgAge=14379 xteAge=774790 xteraw=80:510302FF0F060DFF vt=N(1/22) vtstat=1397/14583ms tc=N drp=0mm tcq=0
16:02:44.398 VT: partner 0x26 silent -- requesting address claims to find another VT
16:02:44.400 W] [AC]: Address violation for address 129
16:02:45.006 [ISOBUS] addr=0x81 claimed=Y load=0.5% msgs=27911 aiso=753(775790ms) xte=0.00m spd=0.00m/s q=0 ggaAge=15383 vtgAge=15379 xteAge=775790 xteraw=80:510302FF0F060DFF vt=N(1/22) vtstat=1397/15583ms tc=N drp=0mm tcq=0
16:02:45.151 I] [NM]: Control function with address 43 and NAME 000000000000000lx is now offline on channel 203452081.
16:02:45.151 I] [NM]: Control function with address 128 and NAME 000000000000000lx is now offline on channel 203452081.
16:02:45.153 I] [NM]: Control function with address 172 and NAME 000000000000000lx is now offline on channel 197275905.
16:02:45.153 I] [NM]: Control function with address 205 and NAME 000000000000000lx is now offline on channel 198344577.
16:02:45.153 I] [NM]: Control function with address 233 and NAME 000000000000000lx is now offline on channel 203452081.
16:02:45.153 I] [NM]: Control function with address 240 and NAME 000000000000000lx is now offline on channel 197783967.
16:02:45.155 I] [NM]: Control function with address 245 and NAME 000000000000000lx is now offline on channel 203452081.
16:02:46.021 [ISOBUS] addr=0x81 claimed=Y load=0.1% msgs=27911 aiso=753(776790ms) xte=0.00m spd=0.00m/s q=0 ggaAge=16383 vtgAge=16379 xteAge=776790 xteraw=80:510302FF0F060DFF vt=N(1/22) vtstat=1397/16583ms tc=N drp=0mm tcq=0
16:02:47.005 [ISOBUS] addr=0x81 claimed=Y load=0.1% msgs=27911 aiso=753(777790ms) xte=0.00m spd=0.00m/s q=0 ggaAge=17383 vtgAge=17379 xteAge=777790 xteraw=80:510302FF0F060DFF vt=N(1/22) vtstat=1397/17583ms tc=N drp=0mm tcq=0
16:02:48.024 [ISOBUS] addr=0x81 claimed=Y load=0.1% msgs=27911 aiso=753(778790ms) xte=0.00m spd=0.00m/s q=0 ggaAge=18383 vtgAge=18379 xteAge=778790 xteraw=80:510302FF0F060DFF vt=N(1/22) vtstat=1397/18583ms tc=N drp=0mm tcq=0
16:02:48.999 [ISOBUS] addr=0x81 claimed=Y load=0.1% msgs=27911 aiso=753(779790ms) xte=0.00m spd=0.00m/s q=0 ggaAge=19383 vtgAge=19379 xteAge=779790 xteraw=80:510302FF0F060DFF vt=N(1/22) vtstat=1397/19583ms tc=N drp=0mm tcq=0
16:02:49.222 TC: disconnected 15s after having been connected -- forcing restart 1 (partner addr=0xF7 valid=Y)
16:02:50.015 [ISOBUS] addr=0x81 claimed=Y load=0.1% msgs=27911 aiso=753(780790ms) xte=0.00m spd=0.00m/s q=0 ggaAge=20383 vtgAge=20379 xteAge=780790 xteraw=80:510302FF0F060DFF vt=N(1/22) vtstat=1397/20583ms tc=N drp=0mm tcq=0
16:02:51.016 [ISOBUS] addr=0x81 claimed=Y load=0.1% msgs=27911 aiso=753(781790ms) xte=0.00m spd=0.00m/s q=0 ggaAge=21383 vtgAge=21379 xteAge=781790 xteraw=80:510302FF0F060DFF vt=N(1/22) vtstat=1397/21583ms tc=N drp=0mm tcq=0
16:02:52.027 [ISOBUS] addr=0x81 claimed=Y load=0.1% msgs=27911 aiso=753(782790ms) xte=0.00m spd=0.00m/s q=0 ggaAge=22383 vtgAge=22379 xteAge=782790 xteraw=80:510302FF0F060DFF vt=N(1/22) vtstat=1397/22583ms tc=N drp=0mm tcq=0
16:02:52.437 VT: disconnected 20s after having been connected -- forcing reconnect attempt 2 (partner addr=0x26 valid=Y)
16:02:52.437 I] [VT]: VT Client connection has been terminated.
16:02:53.025 [ISOBUS] addr=0x81 claimed=Y load=0.1% msgs=27911 aiso=753(783790ms) xte=0.00m spd=0.00m/s q=0 ggaAge=23383 vtgAge=23379 xteAge=783790 xteraw=80:510302FF0F060DFF vt=N(1/22) vtstat=1397/23583ms tc=N drp=0mm tcq=0
16:02:54.022 [ISOBUS] addr=0x81 claimed=Y load=0.1% msgs=27911 aiso=753(784790ms) xte=0.00m spd=0.00m/s q=0 ggaAge=24383 vtgAge=24379 xteAge=784790 xteraw=80:510302FF0F060DFF vt=N(1/22) vtstat=1397/24583ms tc=N drp=0mm tcq=0
16:02:54.408 VT: partner 0x26 silent -- requesting address claims to find another VT
16:02:54.408 W] [AC]: Address violation for address 129
16:02:55.008 [ISOBUS] addr=0x81 claimed=Y load=0.5% msgs=27911 aiso=753(785790ms) xte=0.00m spd=0.00m/s q=0 ggaAge=25383 vtgAge=25379 xteAge=785790 xteraw=80:510302FF0F060DFF vt=N(1/22) vtstat=1397/25583ms tc=N drp=0mm tcq=0
16:02:56.019 [ISOBUS] addr=0x81 claimed=Y load=0.1% msgs=27911 aiso=753(786790ms) xte=0.00m spd=0.00m/s q=0 ggaAge=26383 vtgAge=26379 xteAge=786790 xteraw=80:510302FF0F060DFF vt=N(1/22) vtstat=1397/26583ms tc=N drp=0mm tcq=0
16:02:57.009 [ISOBUS] addr=0x81 claimed=Y load=0.1% msgs=27911 aiso=753(787790ms) xte=0.00m spd=0.00m/s q=0 ggaAge=27383 vtgAge=27379 xteAge=787790 xteraw=80:510302FF0F060DFF vt=N(1/22) vtstat=1397/27583ms tc=N drp=0mm tcq=0
16:02:58.025 [ISOBUS] addr=0x81 claimed=Y load=0.1% msgs=27911 aiso=753(788790ms) xte=0.00m spd=0.00m/s q=0 ggaAge=28383 vtgAge=28379 xteAge=788790 xteraw=80:510302FF0F060DFF vt=N(1/22) vtstat=1397/28583ms tc=N drp=0mm tcq=0
16:02:58.998 [ISOBUS] addr=0x81 claimed=Y load=0.1% msgs=27911 aiso=753(789790ms) xte=0.00m spd=0.00m/s q=0 ggaAge=29383 vtgAge=29379 xteAge=789790 xteraw=80:510302FF0F060DFF vt=N(1/22) vtstat=1397/29583ms tc=N drp=0mm tcq=0
16:03:00.018 [ISOBUS] addr=0x81 claimed=Y load=0.1% msgs=27911 aiso=753(790790ms) xte=0.00m spd=0.00m/s q=0 ggaAge=30383 vtgAge=30379 xteAge=790790 xteraw=80:510302FF0F060DFF vt=N(1/22) vtstat=1397/30583ms tc=N drp=0mm tcq=0
16:03:01.008 [ISOBUS] addr=0x81 claimed=Y load=0.1% msgs=27911 aiso=753(791790ms) xte=0.00m spd=0.00m/s q=0 ggaAge=31383 vtgAge=31379 xteAge=791790 xteraw=80:510302FF0F060DFF vt=N(1/22) vtstat=1397/31583ms tc=N drp=0mm tcq=0
16:03:02.014 [ISOBUS] addr=0x81 claimed=Y load=0.1% msgs=27911 aiso=753(792790ms) xte=0.00m spd=0.00m/s q=0 ggaAge=32383 vtgAge=32379 xteAge=792790 xteraw=80:510302FF0F060DFF vt=N(1/22) vtstat=1397/32583ms tc=N drp=0mm tcq=0
16:03:02.435 VT: disconnected 30s after having been connected -- forcing reconnect attempt 3 (partner addr=0x26 valid=Y)
16:03:02.441 I] [VT]: VT Client connection has been terminated.
16:03:03.003 [ISOBUS] addr=0x81 claimed=Y load=0.1% msgs=27911 aiso=753(793790ms) xte=0.00m spd=0.00m/s q=0 ggaAge=33383 vtgAge=33379 xteAge=793790 xteraw=80:510302FF0F060DFF vt=N(1/22) vtstat=1397/33583ms tc=N drp=0mm tcq=0
16:03:04.009 [ISOBUS] addr=0x81 claimed=Y load=0.1% msgs=27911 aiso=753(794790ms) xte=0.00m spd=0.00m/s q=0 ggaAge=34383 vtgAge=34379 xteAge=794790 xteraw=80:510302FF0F060DFF vt=N(1/22) vtstat=1397/34583ms tc=N drp=0mm tcq=0
16:03:04.243 TC: disconnected 30s after having been connected -- forcing restart 2 (partner addr=0xF7 valid=Y)
16:03:04.411 VT: partner 0x26 silent -- requesting address claims to find another VT
16:03:04.411 W] [AC]: Address violation for address 129
16:03:05.031 [ISOBUS] addr=0x81 claimed=Y load=0.5% msgs=27911 aiso=753(795790ms) xte=0.00m spd=0.00m/s q=0 ggaAge=35383 vtgAge=35379 xteAge=795790 xteraw=80:510302FF0F060DFF vt=N(1/22) vtstat=1397/35583ms tc=N drp=0mm tcq=0
16:03:06.000 [ISOBUS] addr=0x81 claimed=Y load=0.1% msgs=27911 aiso=753(796790ms) xte=0.00m spd=0.00m/s q=0 ggaAge=36383 vtgAge=36379 xteAge=796790 xteraw=80:510302FF0F060DFF vt=N(1/22) vtstat=1397/36583ms tc=N drp=0mm tcq=0
16:03:07.003 [ISOBUS] addr=0x81 claimed=Y load=0.1% msgs=27911 aiso=753(797790ms) xte=0.00m spd=0.00m/s q=0 ggaAge=37383 vtgAge=37379 xteAge=797790 xteraw=80:510302FF0F060DFF vt=N(1/22) vtstat=1397/37583ms tc=N drp=0mm tcq=0
16:03:08.038 [ISOBUS] addr=0x81 claimed=Y load=0.1% msgs=27911 aiso=753(798790ms) xte=0.00m spd=0.00m/s q=0 ggaAge=38383 vtgAge=38379 xteAge=798790 xteraw=80:510302FF0F060DFF vt=N(1/22) vtstat=1397/38583ms tc=N drp=0mm tcq=0
16:03:09.005 [ISOBUS] addr=0x81 claimed=Y load=0.1% msgs=27911 aiso=753(799790ms) xte=0.00m spd=0.00m/s q=0 ggaAge=39383 vtgAge=39379 xteAge=799790 xteraw=80:510302FF0F060DFF vt=N(1/22) vtstat=1397/39583ms tc=N drp=0mm tcq=0
16:03:10.022 [ISOBUS] addr=0x81 claimed=Y load=0.1% msgs=27911 aiso=753(800790ms) xte=0.00m spd=0.00m/s q=0 ggaAge=40383 vtgAge=40379 xteAge=800790 xteraw=80:510302FF0F060DFF vt=N(1/22) vtstat=1397/40583ms tc=N drp=0mm tcq=0
16:03:11.033 [ISOBUS] addr=0x81 claimed=Y load=0.1% msgs=27911 aiso=753(801790ms) xte=0.00m spd=0.00m/s q=0 ggaAge=41383 vtgAge=41379 xteAge=801790 xteraw=80:510302FF0F060DFF vt=N(1/22) vtstat=1397/41583ms tc=N drp=0mm tcq=0
16:03:12.009 [ISOBUS] addr=0x81 claimed=Y load=0.1% msgs=27911 aiso=753(802790ms) xte=0.00m spd=0.00m/s q=0 ggaAge=42383 vtgAge=42379 xteAge=802790 xteraw=80:510302FF0F060DFF vt=N(1/22) vtstat=1397/42583ms tc=N drp=0mm tcq=0
16:03:12.424 VT: disconnected 40s after having been connected -- forcing reconnect attempt 4 (partner addr=0x26 valid=Y)
16:03:12.424 I] [VT]: VT Client connection has been terminated.
16:03:13.027 [ISOBUS] addr=0x81 claimed=Y load=0.1% msgs=27911 aiso=753(803790ms) xte=0.00m spd=0.00m/s q=0 ggaAge=43383 vtgAge=43379 xteAge=803790 xteraw=80:510302FF0F060DFF vt=N(1/22) vtstat=1397/43583ms tc=N drp=0mm tcq=0
16:03:14.032 [ISOBUS] addr=0x81 claimed=Y load=0.1% msgs=27911 aiso=753(804790ms) xte=0.00m spd=0.00m/s q=0 ggaAge=44383 vtgAge=44379 xteAge=804790 xteraw=80:510302FF0F060DFF vt=N(1/22) vtstat=1397/44583ms tc=N drp=0mm tcq=0
16:03:14.414 VT: partner 0x26 silent -- requesting address claims to find another VT
16:03:14.416 W] [AC]: Address violation for address 129
16:03:15.010 [ISOBUS] addr=0x81 claimed=Y load=0.5% msgs=27911 aiso=753(805790ms) xte=0.00m spd=0.00m/s q=0 ggaAge=45383 vtgAge=45379 xteAge=805790 xteraw=80:510302FF0F060DFF vt=N(1/22) vtstat=1397/45583ms tc=N drp=0mm tcq=0
16:03:16.003 [ISOBUS] addr=0x81 claimed=Y load=0.1% msgs=27911 aiso=753(806790ms) xte=0.00m spd=0.00m/s q=0 ggaAge=46383 vtgAge=46379 xteAge=806790 xteraw=80:510302FF0F060DFF vt=N(1/22) vtstat=1397/46583ms tc=N drp=0mm tcq=0
16:03:17.037 [ISOBUS] addr=0x81 claimed=Y load=0.1% msgs=27911 aiso=753(807790ms) xte=0.00m spd=0.00m/s q=0 ggaAge=47383 vtgAge=47379 xteAge=807790 xteraw=80:510302FF0F060DFF vt=N(1/22) vtstat=1397/47583ms tc=N drp=0mm tcq=0
16:03:18.035 [ISOBUS] addr=0x81 claimed=Y load=0.1% msgs=27911 aiso=753(808790ms) xte=0.00m spd=0.00m/s q=0 ggaAge=48383 vtgAge=48379 xteAge=808790 xteraw=80:510302FF0F060DFF vt=N(1/22) vtstat=1397/48583ms tc=N drp=0mm tcq=0
16:03:19.023 [ISOBUS] addr=0x81 claimed=Y load=0.1% msgs=27911 aiso=753(809790ms) xte=0.00m spd=0.00m/s q=0 ggaAge=49383 vtgAge=49379 xteAge=809790 xteraw=80:510302FF0F060DFF vt=N(1/22) vtstat=1397/49583ms tc=N drp=0mm tcq=0
16:03:19.231 TC: disconnected 45s after having been connected -- forcing restart 3 (partner addr=0xF7 valid=Y)
16:03:20.017 [ISOBUS] addr=0x81 claimed=Y load=0.1% msgs=27911 aiso=753(810790ms) xte=0.00m spd=0.00m/s q=0 ggaAge=50383 vtgAge=50379 xteAge=810790 xteraw=80:510302FF0F060DFF vt=N(1/22) vtstat=1397/50583ms tc=N drp=0mm tcq=0
16:03:21.016 [ISOBUS] addr=0x81 claimed=Y load=0.1% msgs=27911 aiso=753(811790ms) xte=0.00m spd=0.00m/s q=0 ggaAge=51383 vtgAge=51379 xteAge=811790 xteraw=80:510302FF0F060DFF vt=N(1/22) vtstat=1397/51583ms tc=N drp=0mm tcq=0
16:03:22.024 [ISOBUS] addr=0x81 claimed=Y load=0.1% msgs=27911 aiso=753(812790ms) xte=0.00m spd=0.00m/s q=0 ggaAge=52383 vtgAge=52379 xteAge=812790 xteraw=80:510302FF0F060DFF vt=N(1/22) vtstat=1397/52583ms tc=N drp=0mm tcq=0
16:03:22.456 VT: disconnected 50s after having been connected -- forcing reconnect attempt 5 (partner addr=0x26 valid=Y)
16:03:22.457 I] [VT]: VT Client connection has been terminated.
16:03:23.025 [ISOBUS] addr=0x81 claimed=Y load=0.1% msgs=27911 aiso=753(813790ms) xte=0.00m spd=0.00m/s q=0 ggaAge=53383 vtgAge=53379 xteAge=813790 xteraw=80:510302FF0F060DFF vt=N(1/22) vtstat=1397/53583ms tc=N drp=0mm tcq=0
16:03:24.023 [ISOBUS] addr=0x81 claimed=Y load=0.1% msgs=27911 aiso=753(814790ms) xte=0.00m spd=0.00m/s q=0 ggaAge=54383 vtgAge=54379 xteAge=814790 xteraw=80:510302FF0F060DFF vt=N(1/22) vtstat=1397/54583ms tc=N drp=0mm tcq=0
16:03:24.393 VT: partner 0x26 silent -- requesting address claims to find another VT
16:03:24.395 W] [AC]: Address violation for address 129
16:03:25.010 [ISOBUS] addr=0x81 claimed=Y load=0.5% msgs=27911 aiso=753(815790ms) xte=0.00m spd=0.00m/s q=0 ggaAge=55383 vtgAge=55379 xteAge=815790 xteraw=80:510302FF0F060DFF vt=N(1/22) vtstat=1397/55583ms tc=N drp=0mm tcq=0
16:03:26.027 [ISOBUS] addr=0x81 claimed=Y load=0.1% msgs=27911 aiso=753(816790ms) xte=0.00m spd=0.00m/s q=0 ggaAge=56383 vtgAge=56379 xteAge=816790 xteraw=80:510302FF0F060DFF vt=N(1/22) vtstat=1397/56583ms tc=N drp=0mm tcq=0
16:03:27.027 [ISOBUS] addr=0x81 claimed=Y load=0.1% msgs=27911 aiso=753(817790ms) xte=0.00m spd=0.00m/s q=0 ggaAge=57383 vtgAge=57379 xteAge=817790 xteraw=80:510302FF0F060DFF vt=N(1/22) vtstat=1397/57583ms tc=N drp=0mm tcq=0
16:03:28.046 [ISOBUS] addr=0x81 claimed=Y load=0.1% msgs=27911 aiso=753(818790ms) xte=0.00m spd=0.00m/s q=0 ggaAge=58383 vtgAge=58379 xteAge=818790 xteraw=80:510302FF0F060DFF vt=N(1/22) vtstat=1397/58583ms tc=N drp=0mm tcq=0
16:03:29.017 [ISOBUS] addr=0x81 claimed=Y load=0.1% msgs=27911 aiso=753(819790ms) xte=0.00m spd=0.00m/s q=0 ggaAge=59383 vtgAge=59379 xteAge=819790 xteraw=80:510302FF0F060DFF vt=N(1/22) vtstat=1397/59583ms tc=N drp=0mm tcq=0
16:03:30.026 [ISOBUS] addr=0x81 claimed=Y load=0.1% msgs=27911 aiso=753(820790ms) xte=0.00m spd=0.00m/s q=0 ggaAge=60383 vtgAge=60379 xteAge=820790 xteraw=80:510302FF0F060DFF vt=N(1/22) vtstat=1397/60583ms tc=N drp=0mm tcq=0
16:03:31.027 [ISOBUS] addr=0x81 claimed=Y load=0.1% msgs=27911 aiso=753(821790ms) xte=0.00m spd=0.00m/s q=0 ggaAge=61383 vtgAge=61379 xteAge=821790 xteraw=80:510302FF0F060DFF vt=N(1/22) vtstat=1397/61583ms tc=N drp=0mm tcq=0
16:03:32.033 [ISOBUS] addr=0x81 claimed=Y load=0.1% msgs=27911 aiso=753(822790ms) xte=0.00m spd=0.00m/s q=0 ggaAge=62383 vtgAge=62379 xteAge=822790 xteraw=80:510302FF0F060DFF vt=N(1/22) vtstat=1397/62583ms tc=N drp=0mm tcq=0
16:03:32.428 VT: disconnected 60s after having been connected -- forcing reconnect attempt 6 (partner addr=0x26 valid=Y)
16:03:32.429 I] [VT]: VT Client connection has been terminated.
16:03:33.014 [ISOBUS] addr=0x81 claimed=Y load=0.1% msgs=27911 aiso=753(823790ms) xte=0.00m spd=0.00m/s q=0 ggaAge=63383 vtgAge=63379 xteAge=823790 xteraw=80:510302FF0F060DFF vt=N(1/22) vtstat=1397/63583ms tc=N drp=0mm tcq=0
16:03:34.012 [ISOBUS] addr=0x81 claimed=Y load=0.1% msgs=27911 aiso=753(824790ms) xte=0.00m spd=0.00m/s q=0 ggaAge=64383 vtgAge=64379 xteAge=824790 xteraw=80:510302FF0F060DFF vt=N(1/22) vtstat=1397/64583ms tc=N drp=0mm tcq=0
16:03:34.247 TC: disconnected 60s after having been connected -- forcing restart 4 (partner addr=0xF7 valid=Y)
16:03:34.414 VT: partner 0x26 silent -- requesting address claims to find another VT
16:03:34.414 W] [AC]: Address violation for address 129
16:03:35.027 [ISOBUS] addr=0x81 claimed=Y load=0.5% msgs=27911 aiso=753(825790ms) xte=0.00m spd=0.00m/s q=0 ggaAge=65383 vtgAge=65379 xteAge=825790 xteraw=80:510302FF0F060DFF vt=N(1/22) vtstat=1397/65583ms tc=N drp=0mm tcq=0
16:03:36.005 [ISOBUS] addr=0x81 claimed=Y load=0.1% msgs=27911 aiso=753(826790ms) xte=0.00m spd=0.00m/s q=0 ggaAge=66383 vtgAge=66379 xteAge=826790 xteraw=80:510302FF0F060DFF vt=N(1/22) vtstat=1397/66583ms tc=N drp=0mm tcq=0
16:03:36.758 I] [NM]: External control function with name 000000000000000lx has claimed address 203452081 on channel 2147516672.
16:03:36.760 W] [PR]: NACK-ing PGN request for PGN 60928 because no callback could handle it.
16:03:36.797 W] [PR]: NACK-ing PGN request for PGN 60928 because no callback could handle it.
16:03:36.797 W] [PR]: NACK-ing PGN request for PGN 60928 because no callback could handle it.
16:03:36.797 W] [PR]: NACK-ing PGN request for PGN 60928 because no callback could handle it.
16:03:36.797 E] [VT]: The VT Server is NACK-ing our VT messages. Disconnecting.
16:03:36.797 I] [NM]: External control function with name 000000000000000lx has claimed address 198344577 on channel 2684363008.
16:03:36.797 I] [NM]: External control function with name 000000000000000lx has claimed address 197275905 on channel 536876800.
16:03:36.797 I] [NM]: External control function with name 000000000000000lx has claimed address 197783967 on channel 2684388864.
16:03:36.797 I] [NM]: External control function with name 000000000000000lx has claimed address 203452081 on channel 2147516416.
16:03:36.797 I] [NM]: External control function with name 000000000000000lx has claimed address 203452081 on channel 536903720.
16:03:36.797 I] [NM]: External control function with name 000000000000000lx has claimed address 203452081 on channel 2147491072.
16:03:37.029 [ISOBUS] addr=0x81 claimed=Y load=7.4% msgs=27946 aiso=753(827790ms) xte=0.00m spd=0.00m/s q=0 ggaAge=87 vtgAge=87 xteAge=827790 xteraw=80:510302FF0F060DFF vt=N(1/22) vtstat=1397/67583ms tc=N drp=0mm tcq=0
16:03:37.417 VT: partner 0x26 silent, VT at 0x80 alive -- switching to it
16:03:37.417 I] [VT]: VT Client connection has been terminated.
16:03:37.417 I] [NM]: A partner with name 000000000000000lx has claimed address 2147491072 on channel 203452081.
16:03:37.682 I] [VT]: No version label from the VT matched. Client will upload the pool and store it instead.
16:03:37.860 W] [PR]: NACK-ing PGN request for PGN 65242 because no callback could handle it.
16:03:38.018 [ISOBUS] addr=0x81 claimed=Y load=32.2% msgs=27987 aiso=754(828790ms) xte=0.00m spd=0.00m/s q=0 ggaAge=87 vtgAge=87 xteAge=828790 xteraw=80:510302FF0F060DFF vt=N(18/22) vtstat=1399/367ms tc=N drp=0mm tcq=0
16:03:38.835 W] [PR]: NACK-ing PGN request for PGN 64965 because no callback could handle it.
16:03:39.025 [ISOBUS] addr=0x81 claimed=Y load=74.3% msgs=28028 aiso=755(829790ms) xte=0.00m spd=0.00m/s q=0 ggaAge=87 vtgAge=87 xteAge=829790 xteraw=80:510302FF0F060DFF vt=N(18/22) vtstat=1401/367ms tc=N drp=0mm tcq=0
16:03:39.527 I] [VT]: Stored object pool with no error.
16:03:39.840 W] [PR]: NACK-ing PGN request for PGN 64653 because no callback could handle it.
16:03:40.027 [ISOBUS] addr=0x81 claimed=Y load=46.2% msgs=28069 aiso=756(830790ms) xte=0.00m spd=0.00m/s q=0 ggaAge=87 vtgAge=87 xteAge=830790 xteraw=80:510302FF0F060DFF vt=Y(21/22) vtstat=1403/367ms tc=N drp=0mm tcq=0
16:03:41.010 [ISOBUS] addr=0x81 claimed=Y load=14.8% msgs=28110 aiso=757(831790ms) xte=0.00m spd=0.00m/s q=0 ggaAge=87 vtgAge=87 xteAge=831790 xteraw=80:510302FF0F060DFF vt=Y(21/22) vtstat=1405/367ms tc=N drp=0mm tcq=0
16:03:41.830 W] [PR]: NACK-ing PGN request for PGN 60928 because no callback could handle it.
16:03:42.008 [ISOBUS] addr=0x81 claimed=Y load=14.6% msgs=28151 aiso=758(832790ms) xte=0.00m spd=0.00m/s q=0 ggaAge=87 vtgAge=87 xteAge=832790 xteraw=80:510302FF0F060DFF vt=Y(21/22) vtstat=1407/367ms tc=N drp=0mm tcq=0
16:03:42.305 I] [TC]: DDOP Activated without error.
16:03:43.023 [ISOBUS] addr=0x81 claimed=Y load=20.5% msgs=28192 aiso=759(833790ms) xte=0.00m spd=0.00m/s q=0 ggaAge=91 vtgAge=87 xteAge=833790 xteraw=80:510302FF0F060DFF vt=Y(21/22) vtstat=1410/363ms tc=Y drp=0mm tcq=0
16:03:44.015 [ISOBUS] addr=0x81 claimed=Y load=14.5% msgs=28233 aiso=760(834790ms) xte=0.00m spd=0.00m/s q=0 ggaAge=87 vtgAge=87 xteAge=834790 xteraw=80:510302FF0F060DFF vt=Y(21/22) vtstat=1412/363ms tc=Y drp=0mm tcq=0
16:03:44.828 W] [PR]: NACK-ing PGN request for PGN 60928 because no callback could handle it.
16:03:45.011 [ISOBUS] addr=0x81 claimed=Y load=15.2% msgs=28278 aiso=761(835790ms) xte=0.00m spd=0.00m/s q=0 ggaAge=87 vtgAge=87 xteAge=835790 xteraw=80:510302FF0F060DFF vt=Y(21/22) vtstat=1414/363ms tc=Y drp=0mm tcq=0
16:03:46.025 [ISOBUS] addr=0x81 claimed=Y load=14.7% msgs=28319 aiso=762(836790ms) xte=0.00m spd=0.00m/s q=0 ggaAge=91 vtgAge=87 xteAge=836790 xteraw=80:510302FF0F060DFF vt=Y(21/22) vtstat=1416/363ms tc=Y drp=0mm tcq=0
16:03:46.844 W] [PR]: NACK-ing PGN request for PGN 60928 because no callback could handle it.
16:03:47.024 [ISOBUS] addr=0x81 claimed=Y load=14.7% msgs=28360 aiso=763(837790ms) xte=0.00m spd=0.00m/s q=0 ggaAge=87 vtgAge=87 xteAge=837790 xteraw=80:510302FF0F060DFF vt=Y(21/22) vtstat=1418/363ms tc=Y drp=0mm tcq=0
16:03:48.018 [ISOBUS] addr=0x81 claimed=Y load=14.7% msgs=28401 aiso=764(838790ms) xte=0.00m spd=0.00m/s q=0 ggaAge=87 vtgAge=87 xteAge=838790 xteraw=80:510302FF0F060DFF vt=Y(21/22) vtstat=1420/363ms tc=Y drp=0mm tcq=0
16:03:49.011 [ISOBUS] addr=0x81 claimed=Y load=14.6% msgs=28442 aiso=765(839790ms) xte=0.00m spd=0.00m/s q=0 ggaAge=91 vtgAge=91 xteAge=839790 xteraw=80:510302FF0F060DFF vt=Y(21/22) vtstat=1422/359ms tc=Y drp=0mm tcq=0
16:03:49.826 W] [PR]: NACK-ing PGN request for PGN 60928 because no callback could handle it.
16:03:50.009 [ISOBUS] addr=0x81 claimed=Y load=14.8% msgs=28483 aiso=766(840790ms) xte=0.00m spd=0.00m/s q=0 ggaAge=91 vtgAge=91 xteAge=840790 xteraw=80:510302FF0F060DFF vt=Y(21/22) vtstat=1424/359ms tc=Y drp=0mm tcq=0
16:03:51.011 [ISOBUS] addr=0x81 claimed=Y load=14.6% msgs=28524 aiso=767(841790ms) xte=0.00m spd=0.00m/s q=0 ggaAge=91 vtgAge=91 xteAge=841790 xteraw=80:510302FF0F060DFF vt=Y(21/22) vtstat=1426/359ms tc=Y drp=0mm tcq=0
16:03:51.821 W] [PR]: NACK-ing PGN request for PGN 60928 because no callback could handle it.
16:03:52.012 [ISOBUS] addr=0x81 claimed=Y load=14.8% msgs=28565 aiso=768(842790ms) xte=0.00m spd=0.00m/s q=0 ggaAge=91 vtgAge=91 xteAge=842790 xteraw=80:510302FF0F060DFF vt=Y(21/22) vtstat=1428/359ms tc=Y drp=0mm tcq=0
16:03:53.012 [ISOBUS] addr=0x81 claimed=Y load=14.6% msgs=28606 aiso=769(843790ms) xte=0.00m spd=0.00m/s q=0 ggaAge=91 vtgAge=91 xteAge=843790 xteraw=80:510302FF0F060DFF vt=Y(21/22) vtstat=1430/359ms tc=Y drp=0mm tcq=0
16:03:54.017 [ISOBUS] addr=0x81 claimed=Y load=14.7% msgs=28647 aiso=770(844790ms) xte=0.00m spd=0.00m/s q=0 ggaAge=91 vtgAge=91 xteAge=844790 xteraw=80:510302FF0F060DFF vt=Y(21/22) vtstat=1432/359ms tc=Y drp=0mm tcq=0
16:03:54.833 W] [PR]: NACK-ing PGN request for PGN 60928 because no callback could handle it.
16:03:55.018 [ISOBUS] addr=0x81 claimed=Y load=15.2% msgs=28692 aiso=771(845790ms) xte=0.00m spd=0.00m/s q=0 ggaAge=91 vtgAge=91 xteAge=845790 xteraw=80:510302FF0F060DFF vt=Y(21/22) vtstat=1434/355ms tc=Y drp=0mm tcq=0
16:03:56.003 [ISOBUS] addr=0x81 claimed=Y load=14.7% msgs=28733 aiso=772(846790ms) xte=0.00m spd=0.00m/s q=0 ggaAge=91 vtgAge=91 xteAge=846790 xteraw=80:510302FF0F060DFF vt=Y(21/22) vtstat=1436/355ms tc=Y drp=0mm tcq=0
16:03:56.826 W] [PR]: NACK-ing PGN request for PGN 60928 because no callback could handle it.
16:03:57.023 [ISOBUS] addr=0x81 claimed=Y load=14.7% msgs=28774 aiso=773(847790ms) xte=0.00m spd=0.00m/s q=0 ggaAge=91 vtgAge=91 xteAge=847790 xteraw=80:510302FF0F060DFF vt=Y(21/22) vtstat=1438/355ms tc=Y drp=0mm tcq=0
16:03:58.014 [ISOBUS] addr=0x81 claimed=Y load=14.7% msgs=28815 aiso=774(848790ms) xte=0.00m spd=0.00m/s q=0 ggaAge=91 vtgAge=91 xteAge=848790 xteraw=80:510302FF0F060DFF vt=Y(21/22) vtstat=1440/355ms tc=Y drp=0mm tcq=0
16:03:59.004 [ISOBUS] addr=0x81 claimed=Y load=14.6% msgs=28856 aiso=775(849790ms) xte=0.00m spd=0.00m/s q=0 ggaAge=91 vtgAge=91 xteAge=849790 xteraw=80:510302FF0F060DFF vt=Y(21/22) vtstat=1442/355ms tc=Y drp=0mm tcq=0
16:03:59.826 W] [PR]: NACK-ing PGN request for PGN 60928 because no callback could handle it.
16:04:00.017 [ISOBUS] addr=0x81 claimed=Y load=14.8% msgs=28897 aiso=776(850790ms) xte=0.00m spd=0.00m/s q=0 ggaAge=91 vtgAge=91 xteAge=850790 xteraw=80:510302FF0F060DFF vt=Y(21/22) vtstat=1444/355ms tc=Y drp=0mm tcq=0
16:04:01.016 [ISOBUS] addr=0x81 claimed=Y load=14.6% msgs=28938 aiso=777(851790ms) xte=0.00m spd=0.00m/s q=0 ggaAge=91 vtgAge=91 xteAge=851790 xteraw=80:510302FF0F060DFF vt=Y(21/22) vtstat=1446/351ms tc=Y drp=0mm tcq=0
16:04:01.478 ### sending keys: x1q
16:04:02.018 === ISOBUS DEBUG MENU ===
16:04:02.018 1. Full status dump
16:04:02.020 2. Periodic summary line (ON - press to toggle)
16:04:02.020 3. Reset message counters
16:04:02.023 4. Dump DDOP as hex (open in AgIsoDDOPGenerator)
16:04:02.023 5. Dump VT object pool as hex
16:04:02.023 q. Exit
16:04:02.023 === ISOBUS STATUS ===
16:04:02.023 Address claim: CLAIMED  address=0x81
16:04:02.023 CAN controller: error-active  TX err 0 (peak 136)  RX err 0 (peak 4)
16:04:02.025   error-passive entries: 1  bus-off entries: 0  longest episode: 67055 ms
16:04:02.025 Bus load (ch0): 14.5 %
16:04:02.027 --- Message counters ---
16:04:02.027   PGN 129025 Position NMEA2000: 0
16:04:02.027   PGN 129026 Speed NMEA2000:    0
16:04:02.028   PGN 129283 XTE NMEA2000:      85
16:04:02.028   PGN 65267  Position legacy:   6690
16:04:02.029   PGN 65256  Speed legacy:      6690   last SA=0x80 raw=0x0
16:04:02.029   PGN 65535  all senders:       6690   last SA=0x80
16:04:02.030   PGN 65535  XTE carrier 0x2A:  0   (none decoded)
16:04:02.030              raw SA=0x80 word=0xFFF byte1=0x3 payload 510302FF0F060DFF  (30 ms ago)
16:04:02.030   PGN 60160  XTE Trimble legacy:255   last SA=0x26
16:04:02.032   PGN 64770  AISO stop:         777   last 852429 ms ago
16:04:02.032   TOTAL:                        28965
16:04:02.032 --- Guidance telemetry ---
16:04:02.034   XTE:          0.00 m
16:04:02.034   Speed:        0.00 m/s (0.00 kn)
16:04:02.034   Quality:      0   RTK quality=4  PGN 129029 GNSS position: (none received)
16:04:02.035   PGN 129027 position deltas: 0
16:04:02.035   Guidance machine info (PGN 44032): 7778 msgs, last 90 ms ago
16:04:02.035     lockout=YES/READY  steeringReady=n/a  remoteEngage=n/a  curvature=-11.75 1/km
16:04:02.036   IsRtkQuality=N
16:04:02.036   GGA fix age:  30 ms
16:04:02.036   VTG fix age:  30 ms
16:04:02.036   XTE fix age:  852429 ms
16:04:02.036   Lat/Lon/Alt/Course: 53.442101 / 6.755843 / 1.1 m / 303.1 deg
16:04:02.038 --- Virtual Terminal ---
16:04:02.038   Connected:    Y
16:04:02.038   State:        21/22  Connected
16:04:02.040   VT version:  3
16:04:02.040   VT status msgs: 1447   last 230 ms ago
16:04:02.041   Partner: addr=0x80 valid=Y  reconnect attempts=0
16:04:02.041   VT failover: switches=1 claim requests=6
16:04:02.041 --- Lightbar emulation (Ag Leader L160, PGN 65462) ---
16:04:02.041   Address claim: CLAIMED  address=0xDC
16:04:02.043   Display partner: 0xF5  identification requests=15 answered=15 unknown=0  last DID=0x8015  hello=Y
16:04:02.043   Sent: frames=535 failures=1 heartbeats=507 softwareId=Y  proprietary A from display=0
16:04:02.043   PGN 65462 XTE: frames=0 committed=0
16:04:02.043 --- Task Controller ---
16:04:02.045   Connected:    Y
16:04:02.045   TC-GEO (with/without pos): Y/N
16:04:02.046   Task active:  Y
16:04:02.046   DRP deviation (DDI 513): 0 mm, last 852429 ms ago
16:04:02.046   GNSS quality (DDI 514):  0, last 852429 ms ago
16:04:02.046   [via stack] Value cmds to handler: 0  last DDI=(none)
16:04:02.046   [via stack] Value req callbacks:  0   (mostly AgIsoStack's own re-polling -- NOT bus traffic)
16:04:02.048   [on bus] Requests for our values: 0
16:04:02.048   [on bus] Set-value commands:      0
16:04:02.049   [on bus] Measurement commands:    0  (none)
16:04:02.049   [on bus] Other, addressed to us:  12
16:04:02.049   Partner: addr=0xF7 valid=Y  reconnect attempts=4
16:04:02.049   Tramline setpoint (DDI 506): (none yet -- no Tramline Control seen on this terminal)
16:04:02.049   Guidance track (DDI 507-511): (none yet)
16:04:02.051 === ISOBUS DEBUG MENU ===
16:04:02.051 1. Full status dump
16:04:02.051 2. Periodic summary line (ON - press to toggle)
16:04:02.051 3. Reset message counters
16:04:02.053 4. Dump DDOP as hex (open in AgIsoDDOPGenerator)
16:04:02.053 5. Dump VT object pool as hex
16:04:02.053 q. Exit
16:04:02.053 Exiting.
16:04:02.053 W] [PR]: NACK-ing PGN request for PGN 60928 because no callback could handle it.
16:04:02.055 [ISOBUS] addr=0x81 claimed=Y load=14.8% msgs=28979 aiso=778(852790ms) xte=0.00m spd=0.00m/s q=0 ggaAge=91 vtgAge=91 xteAge=852790 xteraw=80:510302FF0F060DFF vt=Y(21/22) vtstat=1448/351ms tc=Y drp=0mm tcq=0
16:04:03.009 [ISOBUS] addr=0x81 claimed=Y load=14.6% msgs=29020 aiso=779(853790ms) xte=0.00m spd=0.00m/s q=0 ggaAge=91 vtgAge=91 xteAge=853790 xteraw=80:510302FF0F060DFF vt=Y(21/22) vtstat=1450/351ms tc=Y drp=0mm tcq=0
16:04:04.029 [ISOBUS] addr=0x81 claimed=Y load=14.7% msgs=29061 aiso=780(854790ms) xte=0.00m spd=0.00m/s q=0 ggaAge=91 vtgAge=91 xteAge=854790 xteraw=80:510302FF0F060DFF vt=Y(21/22) vtstat=1452/351ms tc=Y drp=0mm tcq=0
16:04:04.830 W] [PR]: NACK-ing PGN request for PGN 60928 because no callback could handle it.
16:04:05.020 [ISOBUS] addr=0x81 claimed=Y load=15.2% msgs=29106 aiso=781(855790ms) xte=0.00m spd=0.00m/s q=0 ggaAge=95 vtgAge=91 xteAge=855790 xteraw=80:510302FF0F060DFF vt=Y(21/22) vtstat=1454/351ms tc=Y drp=0mm tcq=0
16:04:06.030 [ISOBUS] addr=0x81 claimed=Y load=14.7% msgs=29147 aiso=782(856790ms) xte=0.00m spd=0.00m/s q=0 ggaAge=91 vtgAge=91 xteAge=856790 xteraw=80:510302FF0F060DFF vt=Y(21/22) vtstat=1456/351ms tc=Y drp=0mm tcq=0
16:04:06.812 W] [PR]: NACK-ing PGN request for PGN 60928 because no callback could handle it.
16:04:07.033 [ISOBUS] addr=0x81 claimed=Y load=14.7% msgs=29188 aiso=783(857790ms) xte=0.00m spd=0.00m/s q=0 ggaAge=91 vtgAge=91 xteAge=857790 xteraw=80:510302FF0F060DFF vt=Y(21/22) vtstat=1458/351ms tc=Y drp=0mm tcq=0
16:04:08.036 [ISOBUS] addr=0x81 claimed=Y load=14.7% msgs=29229 aiso=784(858790ms) xte=0.00m spd=0.00m/s q=0 ggaAge=91 vtgAge=91 xteAge=858790 xteraw=80:510302FF0F060DFF vt=Y(21/22) vtstat=1460/347ms tc=Y drp=0mm tcq=0
16:04:09.008 [ISOBUS] addr=0x81 claimed=Y load=14.6% msgs=29270 aiso=785(859790ms) xte=0.00m spd=0.00m/s q=0 ggaAge=95 vtgAge=91 xteAge=859790 xteraw=80:510302FF0F060DFF vt=Y(21/22) vtstat=1462/347ms tc=Y drp=0mm tcq=0
16:04:09.836 W] [PR]: NACK-ing PGN request for PGN 60928 because no callback could handle it.
16:04:10.040 [ISOBUS] addr=0x81 claimed=Y load=14.8% msgs=29311 aiso=786(860790ms) xte=0.00m spd=0.00m/s q=0 ggaAge=91 vtgAge=91 xteAge=860790 xteraw=80:510302FF0F060DFF vt=Y(21/22) vtstat=1464/347ms tc=Y drp=0mm tcq=0
16:04:11.003 [ISOBUS] addr=0x81 claimed=Y load=14.6% msgs=29352 aiso=787(861790ms) xte=0.00m spd=0.00m/s q=0 ggaAge=92 vtgAge=92 xteAge=861790 xteraw=80:510302FF0F060DFF vt=Y(21/22) vtstat=1466/348ms tc=Y drp=0mm tcq=0
16:04:11.812 W] [PR]: NACK-ing PGN request for PGN 60928 because no callback could handle it.
16:04:12.007 [ISOBUS] addr=0x81 claimed=Y load=14.8% msgs=29393 aiso=788(862790ms) xte=0.00m spd=0.00m/s q=0 ggaAge=92 vtgAge=92 xteAge=862790 xteraw=80:510302FF0F060DFF vt=Y(21/22) vtstat=1468/348ms tc=Y drp=0mm tcq=0
16:04:13.016 [ISOBUS] addr=0x81 claimed=Y load=14.6% msgs=29434 aiso=789(863790ms) xte=0.00m spd=0.00m/s q=0 ggaAge=92 vtgAge=92 xteAge=863790 xteraw=80:510302FF0F060DFF vt=Y(21/22) vtstat=1470/348ms tc=Y drp=0mm tcq=0
16:04:14.006 [ISOBUS] addr=0x81 claimed=Y load=14.7% msgs=29475 aiso=790(864790ms) xte=0.00m spd=0.00m/s q=0 ggaAge=96 vtgAge=92 xteAge=864790 xteraw=80:510302FF0F060DFF vt=Y(21/22) vtstat=1472/344ms tc=Y drp=0mm tcq=0
16:04:14.832 W] [PR]: NACK-ing PGN request for PGN 60928 because no callback could handle it.
16:04:15.012 [ISOBUS] addr=0x81 claimed=Y load=15.2% msgs=29520 aiso=791(865790ms) xte=0.00m spd=0.00m/s q=0 ggaAge=84 vtgAge=84 xteAge=865790 xteraw=80:510302FF0F060DFF vt=Y(21/22) vtstat=1474/344ms tc=Y drp=0mm tcq=0
16:04:16.029 [ISOBUS] addr=0x81 claimed=Y load=14.7% msgs=29561 aiso=792(866790ms) xte=0.00m spd=0.00m/s q=0 ggaAge=96 vtgAge=92 xteAge=866790 xteraw=80:510302FF0F060DFF vt=Y(21/22) vtstat=1476/344ms tc=Y drp=0mm tcq=0
16:04:16.824 W] [PR]: NACK-ing PGN request for PGN 60928 because no callback could handle it.
16:04:17.030 [ISOBUS] addr=0x81 claimed=Y load=14.7% msgs=29602 aiso=793(867790ms) xte=0.00m spd=0.00m/s q=0 ggaAge=92 vtgAge=92 xteAge=867790 xteraw=80:510302FF0F060DFF vt=Y(21/22) vtstat=1478/344ms tc=Y drp=0mm tcq=0
16:04:18.011 [ISOBUS] addr=0x81 claimed=Y load=14.7% msgs=29643 aiso=794(868790ms) xte=0.00m spd=0.00m/s q=0 ggaAge=92 vtgAge=92 xteAge=868790 xteraw=80:510302FF0F060DFF vt=Y(21/22) vtstat=1480/344ms tc=Y drp=0mm tcq=0
16:04:19.012 [ISOBUS] addr=0x81 claimed=Y load=14.6% msgs=29684 aiso=795(869790ms) xte=0.00m spd=0.00m/s q=0 ggaAge=92 vtgAge=92 xteAge=869790 xteraw=80:510302FF0F060DFF vt=Y(21/22) vtstat=1482/344ms tc=Y drp=0mm tcq=0
16:04:19.817 W] [PR]: NACK-ing PGN request for PGN 60928 because no callback could handle it.
16:04:20.004 [ISOBUS] addr=0x81 claimed=Y load=14.8% msgs=29725 aiso=796(870790ms) xte=0.00m spd=0.00m/s q=0 ggaAge=96 vtgAge=92 xteAge=870790 xteraw=80:510302FF0F060DFF vt=Y(21/22) vtstat=1484/344ms tc=Y drp=0mm tcq=0
16:04:21.008 [ISOBUS] addr=0x81 claimed=Y load=14.6% msgs=29766 aiso=797(871790ms) xte=0.00m spd=0.00m/s q=0 ggaAge=92 vtgAge=92 xteAge=871790 xteraw=80:510302FF0F060DFF vt=Y(21/22) vtstat=1486/340ms tc=Y drp=0mm tcq=0
16:04:21.813 W] [PR]: NACK-ing PGN request for PGN 60928 because no callback could handle it.
16:04:22.008 [ISOBUS] addr=0x81 claimed=Y load=14.8% msgs=29807 aiso=798(872790ms) xte=0.00m spd=0.00m/s q=0 ggaAge=96 vtgAge=96 xteAge=872790 xteraw=80:510302FF0F060DFF vt=Y(21/22) vtstat=1488/340ms tc=Y drp=0mm tcq=0
16:04:23.014 [ISOBUS] addr=0x81 claimed=Y load=14.6% msgs=29848 aiso=799(873790ms) xte=0.00m spd=0.00m/s q=0 ggaAge=96 vtgAge=92 xteAge=873790 xteraw=80:510302FF0F060DFF vt=Y(21/22) vtstat=1490/340ms tc=Y drp=0mm tcq=0
16:04:24.025 [ISOBUS] addr=0x81 claimed=Y load=14.7% msgs=29889 aiso=800(874790ms) xte=0.00m spd=0.00m/s q=0 ggaAge=96 vtgAge=96 xteAge=874790 xteraw=80:510302FF0F060DFF vt=Y(21/22) vtstat=1492/340ms tc=Y drp=0mm tcq=0
16:04:24.846 W] [PR]: NACK-ing PGN request for PGN 60928 because no callback could handle it.
16:04:25.013 [ISOBUS] addr=0x81 claimed=Y load=15.2% msgs=29934 aiso=801(875790ms) xte=0.00m spd=0.00m/s q=0 ggaAge=96 vtgAge=92 xteAge=875790 xteraw=80:510302FF0F060DFF vt=Y(21/22) vtstat=1494/340ms tc=Y drp=0mm tcq=0
16:04:26.029 [ISOBUS] addr=0x81 claimed=Y load=14.7% msgs=29975 aiso=802(876790ms) xte=0.00m spd=0.00m/s q=0 ggaAge=92 vtgAge=92 xteAge=876790 xteraw=80:510302FF0F060DFF vt=Y(21/22) vtstat=1496/340ms tc=Y drp=0mm tcq=0
16:04:26.844 W] [PR]: NACK-ing PGN request for PGN 60928 because no callback could handle it.
16:04:27.027 [ISOBUS] addr=0x81 claimed=Y load=14.7% msgs=30016 aiso=803(877790ms) xte=0.00m spd=0.00m/s q=0 ggaAge=92 vtgAge=92 xteAge=877790 xteraw=80:510302FF0F060DFF vt=Y(21/22) vtstat=1498/336ms tc=Y drp=0mm tcq=0
16:04:28.038 [ISOBUS] addr=0x81 claimed=Y load=14.7% msgs=30057 aiso=804(878790ms) xte=0.00m spd=0.00m/s q=0 ggaAge=92 vtgAge=92 xteAge=878790 xteraw=80:510302FF0F060DFF vt=Y(21/22) vtstat=1500/336ms tc=Y drp=0mm tcq=0
16:04:29.009 [ISOBUS] addr=0x81 claimed=Y load=14.6% msgs=30098 aiso=805(879790ms) xte=0.00m spd=0.00m/s q=0 ggaAge=92 vtgAge=92 xteAge=879790 xteraw=80:510302FF0F060DFF vt=Y(21/22) vtstat=1502/336ms tc=Y drp=0mm tcq=0
16:04:29.844 W] [PR]: NACK-ing PGN request for PGN 60928 because no callback could handle it.
16:04:30.007 [ISOBUS] addr=0x81 claimed=Y load=14.8% msgs=30139 aiso=806(880790ms) xte=0.00m spd=0.00m/s q=0 ggaAge=92 vtgAge=92 xteAge=880790 xteraw=80:510302FF0F060DFF vt=Y(21/22) vtstat=1504/336ms tc=Y drp=0mm tcq=0
16:04:31.039 [ISOBUS] addr=0x81 claimed=Y load=14.6% msgs=30180 aiso=807(881790ms) xte=0.00m spd=0.00m/s q=0 ggaAge=92 vtgAge=92 xteAge=881790 xteraw=80:510302FF0F060DFF vt=Y(21/22) vtstat=1506/336ms tc=Y drp=0mm tcq=0
16:04:31.815 W] [PR]: NACK-ing PGN request for PGN 60928 because no callback could handle it.
16:04:32.004 [ISOBUS] addr=0x81 claimed=Y load=14.8% msgs=30221 aiso=808(882790ms) xte=0.00m spd=0.00m/s q=0 ggaAge=92 vtgAge=92 xteAge=882790 xteraw=80:510302FF0F060DFF vt=Y(21/22) vtstat=1508/336ms tc=Y drp=0mm tcq=0
16:04:33.028 [ISOBUS] addr=0x81 claimed=Y load=14.6% msgs=30262 aiso=809(883790ms) xte=0.00m spd=0.00m/s q=0 ggaAge=96 vtgAge=92 xteAge=883790 xteraw=80:510302FF0F060DFF vt=Y(21/22) vtstat=1510/332ms tc=Y drp=0mm tcq=0
16:04:34.021 [ISOBUS] addr=0x81 claimed=Y load=14.7% msgs=30303 aiso=810(884790ms) xte=0.00m spd=0.00m/s q=0 ggaAge=96 vtgAge=92 xteAge=884790 xteraw=80:510302FF0F060DFF vt=Y(21/22) vtstat=1512/332ms tc=Y drp=0mm tcq=0
16:04:34.814 W] [PR]: NACK-ing PGN request for PGN 60928 because no callback could handle it.
16:04:35.015 [ISOBUS] addr=0x81 claimed=Y load=15.2% msgs=30348 aiso=811(885790ms) xte=0.00m spd=0.00m/s q=0 ggaAge=92 vtgAge=92 xteAge=885790 xteraw=80:510302FF0F060DFF vt=Y(21/22) vtstat=1514/332ms tc=Y drp=0mm tcq=0
16:04:36.030 [ISOBUS] addr=0x81 claimed=Y load=14.7% msgs=30389 aiso=812(886790ms) xte=0.00m spd=0.00m/s q=0 ggaAge=92 vtgAge=92 xteAge=886790 xteraw=80:510302FF0F060DFF vt=Y(21/22) vtstat=1516/332ms tc=Y drp=0mm tcq=0
16:04:36.844 W] [PR]: NACK-ing PGN request for PGN 60928 because no callback could handle it.
16:04:37.036 [ISOBUS] addr=0x81 claimed=Y load=14.7% msgs=30430 aiso=813(887790ms) xte=0.00m spd=0.00m/s q=0 ggaAge=92 vtgAge=92 xteAge=887790 xteraw=80:510302FF0F060DFF vt=Y(21/22) vtstat=1518/332ms tc=Y drp=0mm tcq=0
16:04:38.020 [ISOBUS] addr=0x81 claimed=Y load=14.7% msgs=30471 aiso=814(888790ms) xte=0.00m spd=0.00m/s q=0 ggaAge=92 vtgAge=92 xteAge=888790 xteraw=80:510302FF0F060DFF vt=Y(21/22) vtstat=1520/332ms tc=Y drp=0mm tcq=0
16:04:38.278 VT: Wider pressed
16:04:38.971 VT: Wider pressed
16:04:39.007 [ISOBUS] addr=0x81 claimed=Y load=15.1% msgs=30512 aiso=815(889790ms) xte=0.00m spd=0.00m/s q=0 ggaAge=92 vtgAge=92 xteAge=889790 xteraw=80:510302FF0F060DFF vt=Y(21/22) vtstat=1522/328ms tc=Y drp=0mm tcq=0
16:04:39.673 VT: Wider pressed
16:04:39.829 W] [PR]: NACK-ing PGN request for PGN 60928 because no callback could handle it.
16:04:40.013 [ISOBUS] addr=0x81 claimed=Y load=15.3% msgs=30553 aiso=816(890790ms) xte=0.00m spd=0.00m/s q=0 ggaAge=96 vtgAge=96 xteAge=890790 xteraw=80:510302FF0F060DFF vt=Y(21/22) vtstat=1524/328ms tc=Y drp=0mm tcq=0
16:04:40.125 VT: Wider pressed
16:04:40.577 VT: Wider pressed
16:04:40.887 VT: Wider pressed
16:04:41.014 [ISOBUS] addr=0x81 claimed=Y load=15.4% msgs=30594 aiso=817(891790ms) xte=0.00m spd=0.00m/s q=0 ggaAge=96 vtgAge=96 xteAge=891790 xteraw=80:510302FF0F060DFF vt=Y(21/22) vtstat=1526/328ms tc=Y drp=0mm tcq=0
16:04:41.610 VT: Narrower pressed
16:04:41.847 W] [PR]: NACK-ing PGN request for PGN 60928 because no callback could handle it.
16:04:42.030 [ISOBUS] addr=0x81 claimed=Y load=15.1% msgs=30635 aiso=818(892790ms) xte=0.00m spd=0.00m/s q=0 ggaAge=96 vtgAge=92 xteAge=892790 xteraw=80:510302FF0F060DFF vt=Y(21/22) vtstat=1528/328ms tc=Y drp=0mm tcq=0
16:04:42.032 VT: Narrower pressed
16:04:42.393 VT: Narrower pressed
16:04:42.613 VT: Narrower pressed
16:04:42.883 VT: Narrower pressed
16:04:43.015 [ISOBUS] addr=0x81 claimed=Y load=15.4% msgs=30676 aiso=819(893790ms) xte=0.00m spd=0.00m/s q=0 ggaAge=96 vtgAge=96 xteAge=893790 xteraw=80:510302FF0F060DFF vt=Y(21/22) vtstat=1530/328ms tc=Y drp=0mm tcq=0
16:04:43.083 VT: Narrower pressed
16:04:43.280 VT: Narrower pressed
16:04:44.013 [ISOBUS] addr=0x81 claimed=Y load=15.1% msgs=30717 aiso=820(894790ms) xte=0.00m spd=0.00m/s q=0 ggaAge=96 vtgAge=96 xteAge=894790 xteraw=80:510302FF0F060DFF vt=Y(21/22) vtstat=1532/328ms tc=Y drp=0mm tcq=0
16:04:44.832 W] [PR]: NACK-ing PGN request for PGN 60928 because no callback could handle it.
16:04:45.014 [ISOBUS] addr=0x81 claimed=Y load=15.2% msgs=30762 aiso=821(895790ms) xte=0.00m spd=0.00m/s q=0 ggaAge=88 vtgAge=88 xteAge=895790 xteraw=80:510302FF0F060DFF vt=Y(21/22) vtstat=1534/328ms tc=Y drp=0mm tcq=0
16:04:46.014 [ISOBUS] addr=0x81 claimed=Y load=14.7% msgs=30803 aiso=822(896790ms) xte=0.00m spd=0.00m/s q=0 ggaAge=96 vtgAge=96 xteAge=896790 xteraw=80:510302FF0F060DFF vt=Y(21/22) vtstat=1536/324ms tc=Y drp=0mm tcq=0
16:04:46.847 W] [PR]: NACK-ing PGN request for PGN 60928 because no callback could handle it.
16:04:47.012 [ISOBUS] addr=0x81 claimed=Y load=14.7% msgs=30844 aiso=823(897790ms) xte=0.00m spd=0.00m/s q=0 ggaAge=96 vtgAge=96 xteAge=897790 xteraw=80:510302FF0F060DFF vt=Y(21/22) vtstat=1538/324ms tc=Y drp=0mm tcq=0
16:04:48.031 [ISOBUS] addr=0x81 claimed=Y load=14.7% msgs=30885 aiso=824(898790ms) xte=0.00m spd=0.00m/s q=0 ggaAge=96 vtgAge=96 xteAge=898790 xteraw=80:510302FF0F060DFF vt=Y(21/22) vtstat=1540/324ms tc=Y drp=0mm tcq=0
16:04:49.031 [ISOBUS] addr=0x81 claimed=Y load=14.6% msgs=30926 aiso=825(899790ms) xte=0.00m spd=0.00m/s q=0 ggaAge=96 vtgAge=96 xteAge=899790 xteraw=80:510302FF0F060DFF vt=Y(21/22) vtstat=1542/324ms tc=Y drp=0mm tcq=0
16:04:49.827 W] [PR]: NACK-ing PGN request for PGN 60928 because no callback could handle it.
16:04:50.037 [ISOBUS] addr=0x81 claimed=Y load=14.8% msgs=30967 aiso=826(900790ms) xte=0.00m spd=0.00m/s q=0 ggaAge=96 vtgAge=96 xteAge=900790 xteraw=80:510302FF0F060DFF vt=Y(21/22) vtstat=1544/324ms tc=Y drp=0mm tcq=0
16:04:51.033 [ISOBUS] addr=0x81 claimed=Y load=14.6% msgs=31008 aiso=827(901790ms) xte=0.00m spd=0.00m/s q=0 ggaAge=96 vtgAge=96 xteAge=901790 xteraw=80:510302FF0F060DFF vt=Y(21/22) vtstat=1546/324ms tc=Y drp=0mm tcq=0
16:04:51.831 W] [PR]: NACK-ing PGN request for PGN 60928 because no callback could handle it.
16:04:52.011 [ISOBUS] addr=0x81 claimed=Y load=14.8% msgs=31049 aiso=828(902790ms) xte=0.00m spd=0.00m/s q=0 ggaAge=96 vtgAge=96 xteAge=902790 xteraw=80:510302FF0F060DFF vt=Y(21/22) vtstat=1548/320ms tc=Y drp=0mm tcq=0
16:04:53.032 [ISOBUS] addr=0x81 claimed=Y load=14.6% msgs=31090 aiso=829(903790ms) xte=0.00m spd=0.00m/s q=0 ggaAge=96 vtgAge=96 xteAge=903790 xteraw=80:510302FF0F060DFF vt=Y(21/22) vtstat=1550/320ms tc=Y drp=0mm tcq=0
16:04:54.017 [ISOBUS] addr=0x81 claimed=Y load=14.7% msgs=31131 aiso=830(904790ms) xte=0.00m spd=0.00m/s q=0 ggaAge=96 vtgAge=96 xteAge=904790 xteraw=80:510302FF0F060DFF vt=Y(21/22) vtstat=1552/320ms tc=Y drp=0mm tcq=0
16:04:54.821 W] [PR]: NACK-ing PGN request for PGN 60928 because no callback could handle it.
16:04:55.020 [ISOBUS] addr=0x81 claimed=Y load=15.2% msgs=31176 aiso=831(905790ms) xte=0.00m spd=0.00m/s q=0 ggaAge=96 vtgAge=96 xteAge=905790 xteraw=80:510302FF0F060DFF vt=Y(21/22) vtstat=1554/320ms tc=Y drp=0mm tcq=0
16:04:56.030 [ISOBUS] addr=0x81 claimed=Y load=14.7% msgs=31217 aiso=832(906790ms) xte=0.00m spd=0.00m/s q=0 ggaAge=96 vtgAge=96 xteAge=906790 xteraw=80:510302FF0F060DFF vt=Y(21/22) vtstat=1556/320ms tc=Y drp=0mm tcq=0
16:04:56.828 W] [PR]: NACK-ing PGN request for PGN 60928 because no callback could handle it.
16:04:57.031 [ISOBUS] addr=0x81 claimed=Y load=14.7% msgs=31258 aiso=833(907790ms) xte=0.00m spd=0.00m/s q=0 ggaAge=96 vtgAge=96 xteAge=907790 xteraw=80:510302FF0F060DFF vt=Y(21/22) vtstat=1558/320ms tc=Y drp=0mm tcq=0
16:04:58.031 [ISOBUS] addr=0x81 claimed=Y load=14.7% msgs=31299 aiso=834(908790ms) xte=0.00m spd=0.00m/s q=0 ggaAge=97 vtgAge=97 xteAge=908790 xteraw=80:510302FF0F060DFF vt=Y(21/22) vtstat=1560/321ms tc=Y drp=0mm tcq=0
16:04:59.036 [ISOBUS] addr=0x81 claimed=Y load=14.6% msgs=31340 aiso=835(909790ms) xte=0.00m spd=0.00m/s q=0 ggaAge=97 vtgAge=97 xteAge=909790 xteraw=80:510302FF0F060DFF vt=Y(21/22) vtstat=1562/317ms tc=Y drp=0mm tcq=0
16:04:59.828 W] [PR]: NACK-ing PGN request for PGN 60928 because no callback could handle it.
16:05:00.015 [ISOBUS] addr=0x81 claimed=Y load=14.8% msgs=31381 aiso=836(910790ms) xte=0.00m spd=0.00m/s q=0 ggaAge=97 vtgAge=97 xteAge=910790 xteraw=80:510302FF0F060DFF vt=Y(21/22) vtstat=1564/317ms tc=Y drp=0mm tcq=0
16:05:01.017 [ISOBUS] addr=0x81 claimed=Y load=14.6% msgs=31422 aiso=837(911790ms) xte=0.00m spd=0.00m/s q=0 ggaAge=97 vtgAge=97 xteAge=911790 xteraw=80:510302FF0F060DFF vt=Y(21/22) vtstat=1566/317ms tc=Y drp=0mm tcq=0
16:05:01.831 W] [PR]: NACK-ing PGN request for PGN 60928 because no callback could handle it.
16:05:02.010 [ISOBUS] addr=0x81 claimed=Y load=14.8% msgs=31463 aiso=838(912790ms) xte=0.00m spd=0.00m/s q=0 ggaAge=97 vtgAge=97 xteAge=912790 xteraw=80:510302FF0F060DFF vt=Y(21/22) vtstat=1568/317ms tc=Y drp=0mm tcq=0
16:05:03.021 [ISOBUS] addr=0x81 claimed=Y load=14.6% msgs=31504 aiso=839(913790ms) xte=0.00m spd=0.00m/s q=0 ggaAge=97 vtgAge=97 xteAge=913790 xteraw=80:510302FF0F060DFF vt=Y(21/22) vtstat=1570/317ms tc=Y drp=0mm tcq=0
16:05:04.018 [ISOBUS] addr=0x81 claimed=Y load=14.7% msgs=31545 aiso=840(914790ms) xte=0.00m spd=0.00m/s q=0 ggaAge=97 vtgAge=97 xteAge=914790 xteraw=80:510302FF0F060DFF vt=Y(21/22) vtstat=1572/317ms tc=Y drp=0mm tcq=0
16:05:04.842 W] [PR]: NACK-ing PGN request for PGN 60928 because no callback could handle it.
16:05:05.033 [ISOBUS] addr=0x81 claimed=Y load=15.2% msgs=31590 aiso=841(915790ms) xte=0.00m spd=0.00m/s q=0 ggaAge=97 vtgAge=97 xteAge=915790 xteraw=80:510302FF0F060DFF vt=Y(21/22) vtstat=1574/313ms tc=Y drp=0mm tcq=0
16:05:06.015 [ISOBUS] addr=0x81 claimed=Y load=14.7% msgs=31631 aiso=842(916790ms) xte=0.00m spd=0.00m/s q=0 ggaAge=97 vtgAge=97 xteAge=916790 xteraw=80:510302FF0F060DFF vt=Y(21/22) vtstat=1576/313ms tc=Y drp=0mm tcq=0
16:05:06.826 W] [PR]: NACK-ing PGN request for PGN 60928 because no callback could handle it.
16:05:07.009 [ISOBUS] addr=0x81 claimed=Y load=14.7% msgs=31672 aiso=843(917790ms) xte=0.00m spd=0.00m/s q=0 ggaAge=97 vtgAge=97 xteAge=917790 xteraw=80:510302FF0F060DFF vt=Y(21/22) vtstat=1578/313ms tc=Y drp=0mm tcq=0
16:05:08.039 [ISOBUS] addr=0x81 claimed=Y load=14.7% msgs=31713 aiso=844(918790ms) xte=0.00m spd=0.00m/s q=0 ggaAge=97 vtgAge=97 xteAge=918790 xteraw=80:510302FF0F060DFF vt=Y(21/22) vtstat=1580/313ms tc=Y drp=0mm tcq=0
16:05:09.032 [ISOBUS] addr=0x81 claimed=Y load=14.6% msgs=31754 aiso=845(919790ms) xte=0.00m spd=0.00m/s q=0 ggaAge=97 vtgAge=97 xteAge=919790 xteraw=80:510302FF0F060DFF vt=Y(21/22) vtstat=1582/313ms tc=Y drp=0mm tcq=0
16:05:09.823 W] [PR]: NACK-ing PGN request for PGN 60928 because no callback could handle it.
16:05:10.040 [ISOBUS] addr=0x81 claimed=Y load=14.8% msgs=31795 aiso=846(920790ms) xte=0.00m spd=0.00m/s q=0 ggaAge=97 vtgAge=97 xteAge=920790 xteraw=80:510302FF0F060DFF vt=Y(21/22) vtstat=1584/313ms tc=Y drp=0mm tcq=0
16:05:11.011 [ISOBUS] addr=0x81 claimed=Y load=14.6% msgs=31836 aiso=847(921790ms) xte=0.00m spd=0.00m/s q=0 ggaAge=97 vtgAge=97 xteAge=921790 xteraw=80:510302FF0F060DFF vt=Y(21/22) vtstat=1586/309ms tc=Y drp=0mm tcq=0
16:05:11.833 W] [PR]: NACK-ing PGN request for PGN 60928 because no callback could handle it.
16:05:12.024 [ISOBUS] addr=0x81 claimed=Y load=14.8% msgs=31877 aiso=848(922790ms) xte=0.00m spd=0.00m/s q=0 ggaAge=97 vtgAge=97 xteAge=922790 xteraw=80:510302FF0F060DFF vt=Y(21/22) vtstat=1588/309ms tc=Y drp=0mm tcq=0
16:05:13.039 [ISOBUS] addr=0x81 claimed=Y load=14.6% msgs=31918 aiso=849(923790ms) xte=0.00m spd=0.00m/s q=0 ggaAge=97 vtgAge=97 xteAge=923790 xteraw=80:510302FF0F060DFF vt=Y(21/22) vtstat=1590/309ms tc=Y drp=0mm tcq=0
16:05:14.013 [ISOBUS] addr=0x81 claimed=Y load=14.7% msgs=31959 aiso=850(924790ms) xte=0.00m spd=0.00m/s q=0 ggaAge=97 vtgAge=93 xteAge=924790 xteraw=80:510302FF0F060DFF vt=Y(21/22) vtstat=1592/309ms tc=Y drp=0mm tcq=0
16:05:14.817 W] [PR]: NACK-ing PGN request for PGN 60928 because no callback could handle it.
16:05:15.007 [ISOBUS] addr=0x81 claimed=Y load=15.2% msgs=32004 aiso=851(925790ms) xte=0.00m spd=0.00m/s q=0 ggaAge=97 vtgAge=97 xteAge=925790 xteraw=80:510302FF0F060DFF vt=Y(21/22) vtstat=1594/309ms tc=Y drp=0mm tcq=0
16:05:16.023 [ISOBUS] addr=0x81 claimed=Y load=14.7% msgs=32045 aiso=852(926790ms) xte=0.00m spd=0.00m/s q=0 ggaAge=97 vtgAge=97 xteAge=926790 xteraw=80:510302FF0F060DFF vt=Y(21/22) vtstat=1596/309ms tc=Y drp=0mm tcq=0
16:05:16.833 W] [PR]: NACK-ing PGN request for PGN 60928 because no callback could handle it.
16:05:17.016 [ISOBUS] addr=0x81 claimed=Y load=14.7% msgs=32086 aiso=853(927790ms) xte=0.00m spd=0.00m/s q=0 ggaAge=97 vtgAge=97 xteAge=927790 xteraw=80:510302FF0F060DFF vt=Y(21/22) vtstat=1598/309ms tc=Y drp=0mm tcq=0
16:05:18.025 [ISOBUS] addr=0x81 claimed=Y load=14.7% msgs=32127 aiso=854(928790ms) xte=0.00m spd=0.00m/s q=0 ggaAge=97 vtgAge=97 xteAge=928790 xteraw=80:510302FF0F060DFF vt=Y(21/22) vtstat=1600/305ms tc=Y drp=0mm tcq=0
16:05:19.030 [ISOBUS] addr=0x81 claimed=Y load=14.6% msgs=32168 aiso=855(929790ms) xte=0.00m spd=0.00m/s q=0 ggaAge=97 vtgAge=89 xteAge=929790 xteraw=80:510302FF0F060DFF vt=Y(21/22) vtstat=1602/305ms tc=Y drp=0mm tcq=0
16:05:19.844 W] [PR]: NACK-ing PGN request for PGN 60928 because no callback could handle it.
16:05:20.030 [ISOBUS] addr=0x81 claimed=Y load=14.8% msgs=32209 aiso=856(930790ms) xte=0.00m spd=0.00m/s q=0 ggaAge=97 vtgAge=97 xteAge=930790 xteraw=80:510302FF0F060DFF vt=Y(21/22) vtstat=1604/305ms tc=Y drp=0mm tcq=0
16:05:21.038 [ISOBUS] addr=0x81 claimed=Y load=14.6% msgs=32250 aiso=857(931790ms) xte=0.00m spd=0.00m/s q=0 ggaAge=97 vtgAge=97 xteAge=931790 xteraw=80:510302FF0F060DFF vt=Y(21/22) vtstat=1606/305ms tc=Y drp=0mm tcq=0
16:05:21.826 W] [PR]: NACK-ing PGN request for PGN 60928 because no callback could handle it.
16:05:22.025 [ISOBUS] addr=0x81 claimed=Y load=14.8% msgs=32291 aiso=858(932790ms) xte=0.00m spd=0.00m/s q=0 ggaAge=97 vtgAge=97 xteAge=932790 xteraw=80:510302FF0F060DFF vt=Y(21/22) vtstat=1608/305ms tc=Y drp=0mm tcq=0
16:05:23.009 [ISOBUS] addr=0x81 claimed=Y load=14.6% msgs=32332 aiso=859(933790ms) xte=0.00m spd=0.00m/s q=0 ggaAge=97 vtgAge=97 xteAge=933790 xteraw=80:510302FF0F060DFF vt=Y(21/22) vtstat=1610/305ms tc=Y drp=0mm tcq=0
16:05:24.024 [ISOBUS] addr=0x81 claimed=Y load=14.7% msgs=32373 aiso=860(934790ms) xte=0.00m spd=0.00m/s q=0 ggaAge=97 vtgAge=97 xteAge=934790 xteraw=80:510302FF0F060DFF vt=Y(21/22) vtstat=1612/301ms tc=Y drp=0mm tcq=0
16:05:24.848 W] [PR]: NACK-ing PGN request for PGN 60928 because no callback could handle it.
16:05:25.029 [ISOBUS] addr=0x81 claimed=Y load=15.2% msgs=32418 aiso=861(935790ms) xte=0.00m spd=0.00m/s q=0 ggaAge=97 vtgAge=97 xteAge=935790 xteraw=80:510302FF0F060DFF vt=Y(21/22) vtstat=1614/301ms tc=Y drp=0mm tcq=0
16:05:26.015 [ISOBUS] addr=0x81 claimed=Y load=14.7% msgs=32459 aiso=862(936790ms) xte=0.00m spd=0.00m/s q=0 ggaAge=97 vtgAge=97 xteAge=936790 xteraw=80:510302FF0F060DFF vt=Y(21/22) vtstat=1616/301ms tc=Y drp=0mm tcq=0
16:05:26.831 W] [PR]: NACK-ing PGN request for PGN 60928 because no callback could handle it.
16:05:27.013 [ISOBUS] addr=0x81 claimed=Y load=14.7% msgs=32500 aiso=863(937790ms) xte=0.00m spd=0.00m/s q=0 ggaAge=97 vtgAge=97 xteAge=937790 xteraw=80:510302FF0F060DFF vt=Y(21/22) vtstat=1618/301ms tc=Y drp=0mm tcq=0
16:05:28.016 [ISOBUS] addr=0x81 claimed=Y load=14.7% msgs=32541 aiso=864(938790ms) xte=0.00m spd=0.00m/s q=0 ggaAge=97 vtgAge=97 xteAge=938790 xteraw=80:510302FF0F060DFF vt=Y(21/22) vtstat=1620/301ms tc=Y drp=0mm tcq=0
16:05:29.024 [ISOBUS] addr=0x81 claimed=Y load=14.6% msgs=32582 aiso=865(939790ms) xte=0.00m spd=0.00m/s q=0 ggaAge=97 vtgAge=97 xteAge=939790 xteraw=80:510302FF0F060DFF vt=Y(21/22) vtstat=1622/301ms tc=Y drp=0mm tcq=0
16:05:29.825 W] [PR]: NACK-ing PGN request for PGN 60928 because no callback could handle it.
16:05:30.014 [ISOBUS] addr=0x81 claimed=Y load=14.8% msgs=32623 aiso=866(940790ms) xte=0.00m spd=0.00m/s q=0 ggaAge=97 vtgAge=97 xteAge=940790 xteraw=80:510302FF0F060DFF vt=Y(21/22) vtstat=1624/301ms tc=Y drp=0mm tcq=0
16:05:31.018 [ISOBUS] addr=0x81 claimed=Y load=14.6% msgs=32664 aiso=867(941790ms) xte=0.00m spd=0.00m/s q=0 ggaAge=97 vtgAge=97 xteAge=941790 xteraw=80:510302FF0F060DFF vt=Y(21/22) vtstat=1626/297ms tc=Y drp=0mm tcq=0
16:05:31.817 W] [PR]: NACK-ing PGN request for PGN 60928 because no callback could handle it.
16:05:32.017 [ISOBUS] addr=0x81 claimed=Y load=14.8% msgs=32705 aiso=868(942790ms) xte=0.00m spd=0.00m/s q=0 ggaAge=97 vtgAge=97 xteAge=942790 xteraw=80:510302FF0F060DFF vt=Y(21/22) vtstat=1628/297ms tc=Y drp=0mm tcq=0
16:05:33.023 [ISOBUS] addr=0x81 claimed=Y load=14.6% msgs=32746 aiso=869(943790ms) xte=0.00m spd=0.00m/s q=0 ggaAge=97 vtgAge=97 xteAge=943790 xteraw=80:510302FF0F060DFF vt=Y(21/22) vtstat=1630/293ms tc=Y drp=0mm tcq=0
16:05:34.010 [ISOBUS] addr=0x81 claimed=Y load=14.7% msgs=32787 aiso=870(944790ms) xte=0.00m spd=0.00m/s q=0 ggaAge=97 vtgAge=97 xteAge=944790 xteraw=80:510302FF0F060DFF vt=Y(21/22) vtstat=1632/297ms tc=Y drp=0mm tcq=0
16:05:34.840 W] [PR]: NACK-ing PGN request for PGN 60928 because no callback could handle it.
16:05:35.036 [ISOBUS] addr=0x81 claimed=Y load=15.2% msgs=32832 aiso=871(945790ms) xte=0.00m spd=0.00m/s q=0 ggaAge=97 vtgAge=97 xteAge=945790 xteraw=80:510302FF0F060DFF vt=Y(21/22) vtstat=1634/293ms tc=Y drp=0mm tcq=0
16:05:36.033 [ISOBUS] addr=0x81 claimed=Y load=14.7% msgs=32873 aiso=872(946790ms) xte=0.00m spd=0.00m/s q=0 ggaAge=97 vtgAge=97 xteAge=946790 xteraw=80:510302FF0F060DFF vt=Y(21/22) vtstat=1636/293ms tc=Y drp=0mm tcq=0
16:05:36.838 W] [PR]: NACK-ing PGN request for PGN 60928 because no callback could handle it.
16:05:37.026 [ISOBUS] addr=0x81 claimed=Y load=14.7% msgs=32914 aiso=873(947790ms) xte=0.00m spd=0.00m/s q=0 ggaAge=97 vtgAge=93 xteAge=947790 xteraw=80:510302FF0F060DFF vt=Y(21/22) vtstat=1638/293ms tc=Y drp=0mm tcq=0
16:05:38.017 [ISOBUS] addr=0x81 claimed=Y load=14.7% msgs=32955 aiso=874(948790ms) xte=0.00m spd=0.00m/s q=0 ggaAge=97 vtgAge=97 xteAge=948790 xteraw=80:510302FF0F060DFF vt=Y(21/22) vtstat=1640/293ms tc=Y drp=0mm tcq=0
16:05:39.038 [ISOBUS] addr=0x81 claimed=Y load=14.6% msgs=32996 aiso=875(949790ms) xte=0.00m spd=0.00m/s q=0 ggaAge=97 vtgAge=97 xteAge=949790 xteraw=80:510302FF0F060DFF vt=Y(21/22) vtstat=1642/293ms tc=Y drp=0mm tcq=0
16:05:39.831 W] [PR]: NACK-ing PGN request for PGN 60928 because no callback could handle it.
16:05:40.022 [ISOBUS] addr=0x81 claimed=Y load=14.8% msgs=33037 aiso=876(950790ms) xte=0.00m spd=0.00m/s q=0 ggaAge=97 vtgAge=97 xteAge=950790 xteraw=80:510302FF0F060DFF vt=Y(21/22) vtstat=1644/293ms tc=Y drp=0mm tcq=0
16:05:41.021 [ISOBUS] addr=0x81 claimed=Y load=14.6% msgs=33078 aiso=877(951790ms) xte=0.00m spd=0.00m/s q=0 ggaAge=97 vtgAge=97 xteAge=951790 xteraw=80:510302FF0F060DFF vt=Y(21/22) vtstat=1646/293ms tc=Y drp=0mm tcq=0
16:05:41.823 W] [PR]: NACK-ing PGN request for PGN 60928 because no callback could handle it.
16:05:42.021 [ISOBUS] addr=0x81 claimed=Y load=14.8% msgs=33119 aiso=878(952790ms) xte=0.00m spd=0.00m/s q=0 ggaAge=97 vtgAge=97 xteAge=952790 xteraw=80:510302FF0F060DFF vt=Y(21/22) vtstat=1648/293ms tc=Y drp=0mm tcq=0
16:05:43.040 [ISOBUS] addr=0x81 claimed=Y load=14.6% msgs=33160 aiso=879(953790ms) xte=0.00m spd=0.00m/s q=0 ggaAge=97 vtgAge=97 xteAge=953790 xteraw=80:510302FF0F060DFF vt=Y(21/22) vtstat=1650/289ms tc=Y drp=0mm tcq=0
16:05:44.025 [ISOBUS] addr=0x81 claimed=Y load=14.7% msgs=33201 aiso=880(954790ms) xte=0.00m spd=0.00m/s q=0 ggaAge=97 vtgAge=97 xteAge=954790 xteraw=80:510302FF0F060DFF vt=Y(21/22) vtstat=1652/289ms tc=Y drp=0mm tcq=0
16:05:44.832 W] [PR]: NACK-ing PGN request for PGN 60928 because no callback could handle it.
16:05:45.016 [ISOBUS] addr=0x81 claimed=Y load=15.2% msgs=33246 aiso=881(955790ms) xte=0.00m spd=0.00m/s q=0 ggaAge=97 vtgAge=97 xteAge=955790 xteraw=80:510302FF0F060DFF vt=Y(21/22) vtstat=1654/290ms tc=Y drp=0mm tcq=0
16:05:46.026 [ISOBUS] addr=0x81 claimed=Y load=14.7% msgs=33287 aiso=882(956790ms) xte=0.00m spd=0.00m/s q=0 ggaAge=98 vtgAge=94 xteAge=956790 xteraw=80:510302FF0F060DFF vt=Y(21/22) vtstat=1656/290ms tc=Y drp=0mm tcq=0
16:05:46.842 W] [PR]: NACK-ing PGN request for PGN 60928 because no callback could handle it.
16:05:47.030 [ISOBUS] addr=0x81 claimed=Y load=14.7% msgs=33328 aiso=883(957790ms) xte=0.00m spd=0.00m/s q=0 ggaAge=94 vtgAge=94 xteAge=957790 xteraw=80:510302FF0F060DFF vt=Y(21/22) vtstat=1658/290ms tc=Y drp=0mm tcq=0
16:05:48.010 [ISOBUS] addr=0x81 claimed=Y load=14.7% msgs=33369 aiso=884(958790ms) xte=0.00m spd=0.00m/s q=0 ggaAge=98 vtgAge=98 xteAge=958790 xteraw=80:510302FF0F060DFF vt=Y(21/22) vtstat=1660/290ms tc=Y drp=0mm tcq=0
16:05:49.029 [ISOBUS] addr=0x81 claimed=Y load=14.6% msgs=33410 aiso=885(959790ms) xte=0.00m spd=0.00m/s q=0 ggaAge=98 vtgAge=94 xteAge=959790 xteraw=80:510302FF0F060DFF vt=Y(21/22) vtstat=1662/286ms tc=Y drp=0mm tcq=0
16:05:49.843 W] [PR]: NACK-ing PGN request for PGN 60928 because no callback could handle it.
16:05:50.025 [ISOBUS] addr=0x81 claimed=Y load=14.8% msgs=33451 aiso=886(960790ms) xte=0.00m spd=0.00m/s q=0 ggaAge=98 vtgAge=98 xteAge=960790 xteraw=80:510302FF0F060DFF vt=Y(21/22) vtstat=1664/286ms tc=Y drp=0mm tcq=0
16:05:51.014 [ISOBUS] addr=0x81 claimed=Y load=14.6% msgs=33492 aiso=887(961790ms) xte=0.00m spd=0.00m/s q=0 ggaAge=98 vtgAge=98 xteAge=961790 xteraw=80:510302FF0F060DFF vt=Y(21/22) vtstat=1666/286ms tc=Y drp=0mm tcq=0
16:05:51.822 W] [PR]: NACK-ing PGN request for PGN 60928 because no callback could handle it.
16:05:52.030 [ISOBUS] addr=0x81 claimed=Y load=14.8% msgs=33533 aiso=888(962790ms) xte=0.00m spd=0.00m/s q=0 ggaAge=98 vtgAge=94 xteAge=962790 xteraw=80:510302FF0F060DFF vt=Y(21/22) vtstat=1668/286ms tc=Y drp=0mm tcq=0
16:05:53.027 [ISOBUS] addr=0x81 claimed=Y load=14.6% msgs=33574 aiso=889(963790ms) xte=0.00m spd=0.00m/s q=0 ggaAge=98 vtgAge=94 xteAge=963790 xteraw=80:510302FF0F060DFF vt=Y(21/22) vtstat=1670/286ms tc=Y drp=0mm tcq=0
16:05:54.025 [ISOBUS] addr=0x81 claimed=Y load=14.7% msgs=33615 aiso=890(964790ms) xte=0.00m spd=0.00m/s q=0 ggaAge=98 vtgAge=98 xteAge=964790 xteraw=80:510302FF0F060DFF vt=Y(21/22) vtstat=1672/286ms tc=Y drp=0mm tcq=0
16:05:54.830 W] [PR]: NACK-ing PGN request for PGN 60928 because no callback could handle it.
16:05:55.027 [ISOBUS] addr=0x81 claimed=Y load=15.2% msgs=33660 aiso=891(965790ms) xte=0.00m spd=0.00m/s q=0 ggaAge=94 vtgAge=94 xteAge=965790 xteraw=80:510302FF0F060DFF vt=Y(21/22) vtstat=1674/282ms tc=Y drp=0mm tcq=0
16:05:56.035 [ISOBUS] addr=0x81 claimed=Y load=14.7% msgs=33701 aiso=892(966790ms) xte=0.00m spd=0.00m/s q=0 ggaAge=98 vtgAge=94 xteAge=966790 xteraw=80:510302FF0F060DFF vt=Y(21/22) vtstat=1676/282ms tc=Y drp=0mm tcq=0
16:05:56.839 W] [PR]: NACK-ing PGN request for PGN 60928 because no callback could handle it.
16:05:57.032 [ISOBUS] addr=0x81 claimed=Y load=14.7% msgs=33742 aiso=893(967790ms) xte=0.00m spd=0.00m/s q=0 ggaAge=98 vtgAge=98 xteAge=967790 xteraw=80:510302FF0F060DFF vt=Y(21/22) vtstat=1678/282ms tc=Y drp=0mm tcq=0
16:05:58.039 [ISOBUS] addr=0x81 claimed=Y load=14.7% msgs=33783 aiso=894(968790ms) xte=0.00m spd=0.00m/s q=0 ggaAge=94 vtgAge=94 xteAge=968790 xteraw=80:510302FF0F060DFF vt=Y(21/22) vtstat=1680/282ms tc=Y drp=0mm tcq=0
16:05:59.027 [ISOBUS] addr=0x81 claimed=Y load=14.6% msgs=33824 aiso=895(969790ms) xte=0.00m spd=0.00m/s q=0 ggaAge=94 vtgAge=94 xteAge=969790 xteraw=80:510302FF0F060DFF vt=Y(21/22) vtstat=1682/282ms tc=Y drp=0mm tcq=0
16:05:59.844 W] [PR]: NACK-ing PGN request for PGN 60928 because no callback could handle it.
16:06:00.041 [ISOBUS] addr=0x81 claimed=Y load=14.8% msgs=33865 aiso=896(970790ms) xte=0.00m spd=0.00m/s q=0 ggaAge=98 vtgAge=94 xteAge=970790 xteraw=80:510302FF0F060DFF vt=Y(21/22) vtstat=1684/282ms tc=Y drp=0mm tcq=0
16:06:01.034 [ISOBUS] addr=0x81 claimed=Y load=14.6% msgs=33906 aiso=897(971790ms) xte=0.00m spd=0.00m/s q=0 ggaAge=94 vtgAge=94 xteAge=971790 xteraw=80:510302FF0F060DFF vt=Y(21/22) vtstat=1686/282ms tc=Y drp=0mm tcq=0
16:06:01.842 W] [PR]: NACK-ing PGN request for PGN 60928 because no callback could handle it.
16:06:02.041 [ISOBUS] addr=0x81 claimed=Y load=14.8% msgs=33947 aiso=898(972790ms) xte=0.00m spd=0.00m/s q=0 ggaAge=94 vtgAge=94 xteAge=972790 xteraw=80:510302FF0F060DFF vt=Y(21/22) vtstat=1688/278ms tc=Y drp=0mm tcq=0
16:06:03.014 [ISOBUS] addr=0x81 claimed=Y load=14.6% msgs=33988 aiso=899(973790ms) xte=0.00m spd=0.00m/s q=0 ggaAge=94 vtgAge=94 xteAge=973790 xteraw=80:510302FF0F060DFF vt=Y(21/22) vtstat=1690/278ms tc=Y drp=0mm tcq=0
16:06:04.012 [ISOBUS] addr=0x81 claimed=Y load=14.7% msgs=34029 aiso=900(974790ms) xte=0.00m spd=0.00m/s q=0 ggaAge=98 vtgAge=94 xteAge=974790 xteraw=80:510302FF0F060DFF vt=Y(21/22) vtstat=1692/278ms tc=Y drp=0mm tcq=0
16:06:04.839 W] [PR]: NACK-ing PGN request for PGN 60928 because no callback could handle it.
16:06:05.032 [ISOBUS] addr=0x81 claimed=Y load=15.2% msgs=34074 aiso=901(975790ms) xte=0.00m spd=0.00m/s q=0 ggaAge=94 vtgAge=94 xteAge=975790 xteraw=80:510302FF0F060DFF vt=Y(21/22) vtstat=1694/278ms tc=Y drp=0mm tcq=0
16:06:06.027 [ISOBUS] addr=0x81 claimed=Y load=14.7% msgs=34115 aiso=902(976790ms) xte=0.00m spd=0.00m/s q=0 ggaAge=94 vtgAge=94 xteAge=976790 xteraw=80:510302FF0F060DFF vt=Y(21/22) vtstat=1696/278ms tc=Y drp=0mm tcq=0
16:06:06.840 W] [PR]: NACK-ing PGN request for PGN 60928 because no callback could handle it.
16:06:07.034 [ISOBUS] addr=0x81 claimed=Y load=14.7% msgs=34156 aiso=903(977790ms) xte=0.00m spd=0.00m/s q=0 ggaAge=94 vtgAge=94 xteAge=977790 xteraw=80:510302FF0F060DFF vt=Y(21/22) vtstat=1698/274ms tc=Y drp=0mm tcq=0
16:06:08.041 [ISOBUS] addr=0x81 claimed=Y load=14.7% msgs=34197 aiso=904(978790ms) xte=0.00m spd=0.00m/s q=0 ggaAge=94 vtgAge=94 xteAge=978790 xteraw=80:510302FF0F060DFF vt=Y(21/22) vtstat=1700/274ms tc=Y drp=0mm tcq=0
16:06:09.012 [ISOBUS] addr=0x81 claimed=Y load=14.6% msgs=34238 aiso=905(979790ms) xte=0.00m spd=0.00m/s q=0 ggaAge=94 vtgAge=94 xteAge=979790 xteraw=80:510302FF0F060DFF vt=Y(21/22) vtstat=1702/274ms tc=Y drp=0mm tcq=0
16:06:09.840 W] [PR]: NACK-ing PGN request for PGN 60928 because no callback could handle it.
16:06:10.033 [ISOBUS] addr=0x81 claimed=Y load=14.8% msgs=34279 aiso=906(980790ms) xte=0.00m spd=0.00m/s q=0 ggaAge=94 vtgAge=94 xteAge=980790 xteraw=80:510302FF0F060DFF vt=Y(21/22) vtstat=1704/274ms tc=Y drp=0mm tcq=0
16:06:11.040 [ISOBUS] addr=0x81 claimed=Y load=14.6% msgs=34320 aiso=907(981790ms) xte=0.00m spd=0.00m/s q=0 ggaAge=94 vtgAge=94 xteAge=981790 xteraw=80:510302FF0F060DFF vt=Y(21/22) vtstat=1706/274ms tc=Y drp=0mm tcq=0
16:06:11.818 W] [PR]: NACK-ing PGN request for PGN 60928 because no callback could handle it.
16:06:12.028 [ISOBUS] addr=0x81 claimed=Y load=14.8% msgs=34361 aiso=908(982790ms) xte=0.00m spd=0.00m/s q=0 ggaAge=94 vtgAge=94 xteAge=982790 xteraw=80:510302FF0F060DFF vt=Y(21/22) vtstat=1708/274ms tc=Y drp=0mm tcq=0
16:06:13.040 [ISOBUS] addr=0x81 claimed=Y load=14.6% msgs=34402 aiso=909(983790ms) xte=0.00m spd=0.00m/s q=0 ggaAge=94 vtgAge=94 xteAge=983790 xteraw=80:510302FF0F060DFF vt=Y(21/22) vtstat=1710/274ms tc=Y drp=0mm tcq=0
16:06:14.029 [ISOBUS] addr=0x81 claimed=Y load=14.7% msgs=34443 aiso=910(984790ms) xte=0.00m spd=0.00m/s q=0 ggaAge=94 vtgAge=94 xteAge=984790 xteraw=80:510302FF0F060DFF vt=Y(21/22) vtstat=1712/270ms tc=Y drp=0mm tcq=0
16:06:14.830 W] [PR]: NACK-ing PGN request for PGN 60928 because no callback could handle it.
16:06:15.020 [ISOBUS] addr=0x81 claimed=Y load=15.2% msgs=34488 aiso=911(985790ms) xte=0.00m spd=0.00m/s q=0 ggaAge=94 vtgAge=94 xteAge=985790 xteraw=80:510302FF0F060DFF vt=Y(21/22) vtstat=1714/270ms tc=Y drp=0mm tcq=0
16:06:16.029 [ISOBUS] addr=0x81 claimed=Y load=14.7% msgs=34529 aiso=912(986790ms) xte=0.00m spd=0.00m/s q=0 ggaAge=94 vtgAge=94 xteAge=986790 xteraw=80:510302FF0F060DFF vt=Y(21/22) vtstat=1716/270ms tc=Y drp=0mm tcq=0
16:06:16.840 W] [PR]: NACK-ing PGN request for PGN 60928 because no callback could handle it.
16:06:17.037 [ISOBUS] addr=0x81 claimed=Y load=14.7% msgs=34570 aiso=913(987790ms) xte=0.00m spd=0.00m/s q=0 ggaAge=94 vtgAge=94 xteAge=987790 xteraw=80:510302FF0F060DFF vt=Y(21/22) vtstat=1718/270ms tc=Y drp=0mm tcq=0
16:06:18.034 [ISOBUS] addr=0x81 claimed=Y load=14.7% msgs=34611 aiso=914(988790ms) xte=0.00m spd=0.00m/s q=0 ggaAge=94 vtgAge=94 xteAge=988790 xteraw=80:510302FF0F060DFF vt=Y(21/22) vtstat=1720/270ms tc=Y drp=0mm tcq=0
16:06:19.018 [ISOBUS] addr=0x81 claimed=Y load=14.6% msgs=34652 aiso=915(989790ms) xte=0.00m spd=0.00m/s q=0 ggaAge=94 vtgAge=94 xteAge=989790 xteraw=80:510302FF0F060DFF vt=Y(21/22) vtstat=1722/270ms tc=Y drp=0mm tcq=0
16:06:19.837 W] [PR]: NACK-ing PGN request for PGN 60928 because no callback could handle it.
16:06:20.036 [ISOBUS] addr=0x81 claimed=Y load=14.8% msgs=34693 aiso=916(990790ms) xte=0.00m spd=0.00m/s q=0 ggaAge=94 vtgAge=94 xteAge=990790 xteraw=80:510302FF0F060DFF vt=Y(21/22) vtstat=1724/266ms tc=Y drp=0mm tcq=0
16:06:21.033 [ISOBUS] addr=0x81 claimed=Y load=14.6% msgs=34734 aiso=917(991790ms) xte=0.00m spd=0.00m/s q=0 ggaAge=94 vtgAge=94 xteAge=991790 xteraw=80:510302FF0F060DFF vt=Y(21/22) vtstat=1726/266ms tc=Y drp=0mm tcq=0
16:06:21.851 W] [PR]: NACK-ing PGN request for PGN 60928 because no callback could handle it.
16:06:22.019 [ISOBUS] addr=0x81 claimed=Y load=14.8% msgs=34775 aiso=918(992790ms) xte=0.00m spd=0.00m/s q=0 ggaAge=94 vtgAge=94 xteAge=992790 xteraw=80:510302FF0F060DFF vt=Y(21/22) vtstat=1728/266ms tc=Y drp=0mm tcq=0
16:06:23.034 [ISOBUS] addr=0x81 claimed=Y load=14.6% msgs=34816 aiso=919(993790ms) xte=0.00m spd=0.00m/s q=0 ggaAge=94 vtgAge=94 xteAge=993790 xteraw=80:510302FF0F060DFF vt=Y(21/22) vtstat=1730/266ms tc=Y drp=0mm tcq=0
16:06:24.027 [ISOBUS] addr=0x81 claimed=Y load=14.7% msgs=34857 aiso=920(994790ms) xte=0.00m spd=0.00m/s q=0 ggaAge=94 vtgAge=94 xteAge=994790 xteraw=80:510302FF0F060DFF vt=Y(21/22) vtstat=1732/266ms tc=Y drp=0mm tcq=0
16:06:24.832 W] [PR]: NACK-ing PGN request for PGN 60928 because no callback could handle it.
16:06:25.042 [ISOBUS] addr=0x81 claimed=Y load=15.2% msgs=34902 aiso=921(995790ms) xte=0.00m spd=0.00m/s q=0 ggaAge=94 vtgAge=94 xteAge=995790 xteraw=80:510302FF0F060DFF vt=Y(21/22) vtstat=1734/266ms tc=Y drp=0mm tcq=0
16:06:26.026 [ISOBUS] addr=0x81 claimed=Y load=14.7% msgs=34943 aiso=922(996790ms) xte=0.00m spd=0.00m/s q=0 ggaAge=94 vtgAge=94 xteAge=996790 xteraw=80:510302FF0F060DFF vt=Y(21/22) vtstat=1736/262ms tc=Y drp=0mm tcq=0
16:06:26.838 W] [PR]: NACK-ing PGN request for PGN 60928 because no callback could handle it.
16:06:27.044 [ISOBUS] addr=0x81 claimed=Y load=14.7% msgs=34984 aiso=923(997790ms) xte=0.00m spd=0.00m/s q=0 ggaAge=94 vtgAge=94 xteAge=997790 xteraw=80:510302FF0F060DFF vt=Y(21/22) vtstat=1738/262ms tc=Y drp=0mm tcq=0
16:06:28.034 [ISOBUS] addr=0x81 claimed=Y load=14.7% msgs=35025 aiso=924(998790ms) xte=0.00m spd=0.00m/s q=0 ggaAge=94 vtgAge=94 xteAge=998790 xteraw=80:510302FF0F060DFF vt=Y(21/22) vtstat=1740/262ms tc=Y drp=0mm tcq=0
16:06:29.036 [ISOBUS] addr=0x81 claimed=Y load=14.6% msgs=35066 aiso=925(999790ms) xte=0.00m spd=0.00m/s q=0 ggaAge=94 vtgAge=94 xteAge=999790 xteraw=80:510302FF0F060DFF vt=Y(21/22) vtstat=1742/262ms tc=Y drp=0mm tcq=0
16:06:29.826 W] [PR]: NACK-ing PGN request for PGN 60928 because no callback could handle it.
16:06:30.015 [ISOBUS] addr=0x81 claimed=Y load=14.8% msgs=35107 aiso=926(1000790ms) xte=0.00m spd=0.00m/s q=0 ggaAge=94 vtgAge=94 xteAge=1000790 xteraw=80:510302FF0F060DFF vt=Y(21/22) vtstat=1744/262ms tc=Y drp=0mm tcq=0
16:06:31.025 [ISOBUS] addr=0x81 claimed=Y load=14.6% msgs=35148 aiso=927(1001790ms) xte=0.00m spd=0.00m/s q=0 ggaAge=94 vtgAge=94 xteAge=1001790 xteraw=80:510302FF0F060DFF vt=Y(21/22) vtstat=1746/263ms tc=Y drp=0mm tcq=0
16:06:31.845 W] [PR]: NACK-ing PGN request for PGN 60928 because no callback could handle it.
16:06:32.036 [ISOBUS] addr=0x81 claimed=Y load=14.8% msgs=35189 aiso=928(1002790ms) xte=0.00m spd=0.00m/s q=0 ggaAge=94 vtgAge=94 xteAge=1002790 xteraw=80:510302FF0F060DFF vt=Y(21/22) vtstat=1748/263ms tc=Y drp=0mm tcq=0
16:06:33.028 [ISOBUS] addr=0x81 claimed=Y load=14.6% msgs=35230 aiso=929(1003790ms) xte=0.00m spd=0.00m/s q=0 ggaAge=94 vtgAge=94 xteAge=1003790 xteraw=80:510302FF0F060DFF vt=Y(21/22) vtstat=1750/259ms tc=Y drp=0mm tcq=0
16:06:34.030 [ISOBUS] addr=0x81 claimed=Y load=14.7% msgs=35271 aiso=930(1004790ms) xte=0.00m spd=0.00m/s q=0 ggaAge=95 vtgAge=95 xteAge=1004790 xteraw=80:510302FF0F060DFF vt=Y(21/22) vtstat=1752/259ms tc=Y drp=0mm tcq=0
16:06:34.853 W] [PR]: NACK-ing PGN request for PGN 60928 because no callback could handle it.
16:06:35.020 [ISOBUS] addr=0x81 claimed=Y load=15.2% msgs=35316 aiso=931(1005790ms) xte=0.00m spd=0.00m/s q=0 ggaAge=95 vtgAge=95 xteAge=1005790 xteraw=80:510302FF0F060DFF vt=Y(21/22) vtstat=1754/259ms tc=Y drp=0mm tcq=0
16:06:36.013 [ISOBUS] addr=0x81 claimed=Y load=14.6% msgs=35357 aiso=932(1006790ms) xte=0.00m spd=0.00m/s q=0 ggaAge=95 vtgAge=95 xteAge=1006790 xteraw=80:510302FF0F060DFF vt=Y(21/22) vtstat=1756/259ms tc=Y drp=0mm tcq=0
16:06:36.823 W] [PR]: NACK-ing PGN request for PGN 60928 because no callback could handle it.
16:06:37.020 [ISOBUS] addr=0x81 claimed=Y load=14.8% msgs=35398 aiso=933(1007790ms) xte=0.00m spd=0.00m/s q=0 ggaAge=95 vtgAge=95 xteAge=1007790 xteraw=80:510302FF0F060DFF vt=Y(21/22) vtstat=1758/259ms tc=Y drp=0mm tcq=0
16:06:38.038 [ISOBUS] addr=0x81 claimed=Y load=14.7% msgs=35439 aiso=934(1008790ms) xte=0.00m spd=0.00m/s q=0 ggaAge=95 vtgAge=95 xteAge=1008790 xteraw=80:510302FF0F060DFF vt=Y(21/22) vtstat=1760/259ms tc=Y drp=0mm tcq=0
16:06:39.017 [ISOBUS] addr=0x81 claimed=Y load=14.5% msgs=35480 aiso=935(1009790ms) xte=0.00m spd=0.00m/s q=0 ggaAge=95 vtgAge=91 xteAge=1009790 xteraw=80:510302FF0F060DFF vt=Y(21/22) vtstat=1762/255ms tc=Y drp=0mm tcq=0
16:06:39.853 W] [PR]: NACK-ing PGN request for PGN 60928 because no callback could handle it.
16:06:40.018 [ISOBUS] addr=0x81 claimed=Y load=14.8% msgs=35521 aiso=936(1010790ms) xte=0.00m spd=0.00m/s q=0 ggaAge=95 vtgAge=95 xteAge=1010790 xteraw=80:510302FF0F060DFF vt=Y(21/22) vtstat=1764/255ms tc=Y drp=0mm tcq=0
16:06:41.045 [ISOBUS] addr=0x81 claimed=Y load=14.6% msgs=35562 aiso=937(1011790ms) xte=0.00m spd=0.00m/s q=0 ggaAge=95 vtgAge=95 xteAge=1011790 xteraw=80:510302FF0F060DFF vt=Y(21/22) vtstat=1766/255ms tc=Y drp=0mm tcq=0
16:06:41.861 W] [PR]: NACK-ing PGN request for PGN 60928 because no callback could handle it.
16:06:42.020 [ISOBUS] addr=0x81 claimed=Y load=14.8% msgs=35603 aiso=938(1012790ms) xte=0.00m spd=0.00m/s q=0 ggaAge=91 vtgAge=91 xteAge=1012790 xteraw=80:510302FF0F060DFF vt=Y(21/22) vtstat=1768/255ms tc=Y drp=0mm tcq=0
16:06:43.028 [ISOBUS] addr=0x81 claimed=Y load=14.6% msgs=35644 aiso=939(1013790ms) xte=0.00m spd=0.00m/s q=0 ggaAge=95 vtgAge=95 xteAge=1013790 xteraw=80:510302FF0F060DFF vt=Y(21/22) vtstat=1770/255ms tc=Y drp=0mm tcq=0
16:06:44.016 [ISOBUS] addr=0x81 claimed=Y load=14.7% msgs=35685 aiso=940(1014790ms) xte=0.00m spd=0.00m/s q=0 ggaAge=95 vtgAge=95 xteAge=1014790 xteraw=80:510302FF0F060DFF vt=Y(21/22) vtstat=1772/255ms tc=Y drp=0mm tcq=0
16:06:44.840 W] [PR]: NACK-ing PGN request for PGN 60928 because no callback could handle it.
16:06:45.012 [ISOBUS] addr=0x81 claimed=Y load=15.1% msgs=35730 aiso=941(1015790ms) xte=0.00m spd=0.00m/s q=0 ggaAge=95 vtgAge=91 xteAge=1015790 xteraw=80:510302FF0F060DFF vt=Y(21/22) vtstat=1774/251ms tc=Y drp=0mm tcq=0
16:06:46.042 [ISOBUS] addr=0x81 claimed=Y load=14.8% msgs=35771 aiso=942(1016790ms) xte=0.00m spd=0.00m/s q=0 ggaAge=95 vtgAge=95 xteAge=1016790 xteraw=80:510302FF0F060DFF vt=Y(21/22) vtstat=1776/251ms tc=Y drp=0mm tcq=0
16:06:46.825 W] [PR]: NACK-ing PGN request for PGN 60928 because no callback could handle it.
16:06:47.017 [ISOBUS] addr=0x81 claimed=Y load=14.7% msgs=35812 aiso=943(1017790ms) xte=0.00m spd=0.00m/s q=0 ggaAge=95 vtgAge=91 xteAge=1017790 xteraw=80:510302FF0F060DFF vt=Y(21/22) vtstat=1778/251ms tc=Y drp=0mm tcq=0
16:06:48.027 [ISOBUS] addr=0x81 claimed=Y load=14.7% msgs=35853 aiso=944(1018790ms) xte=0.00m spd=0.00m/s q=0 ggaAge=83 vtgAge=83 xteAge=1018790 xteraw=80:510302FF0F060DFF vt=Y(21/22) vtstat=1780/251ms tc=Y drp=0mm tcq=0
16:06:49.037 [ISOBUS] addr=0x81 claimed=Y load=14.6% msgs=35894 aiso=945(1019790ms) xte=0.00m spd=0.00m/s q=0 ggaAge=91 vtgAge=91 xteAge=1019790 xteraw=80:510302FF0F060DFF vt=Y(21/22) vtstat=1782/251ms tc=Y drp=0mm tcq=0
16:06:49.823 W] [PR]: NACK-ing PGN request for PGN 60928 because no callback could handle it.
16:06:50.018 [ISOBUS] addr=0x81 claimed=Y load=14.8% msgs=35935 aiso=946(1020790ms) xte=0.00m spd=0.00m/s q=0 ggaAge=91 vtgAge=91 xteAge=1020790 xteraw=80:510302FF0F060DFF vt=Y(21/22) vtstat=1784/251ms tc=Y drp=0mm tcq=0
16:06:51.014 [ISOBUS] addr=0x81 claimed=Y load=14.5% msgs=35976 aiso=947(1021790ms) xte=0.00m spd=0.00m/s q=0 ggaAge=91 vtgAge=91 xteAge=1021790 xteraw=80:510302FF0F060DFF vt=Y(21/22) vtstat=1786/247ms tc=Y drp=0mm tcq=0
16:06:51.838 W] [PR]: NACK-ing PGN request for PGN 60928 because no callback could handle it.
16:06:52.025 [ISOBUS] addr=0x81 claimed=Y load=14.8% msgs=36017 aiso=948(1022790ms) xte=0.00m spd=0.00m/s q=0 ggaAge=95 vtgAge=91 xteAge=1022790 xteraw=80:510302FF0F060DFF vt=Y(21/22) vtstat=1788/247ms tc=Y drp=0mm tcq=0
16:06:53.026 [ISOBUS] addr=0x81 claimed=Y load=14.6% msgs=36058 aiso=949(1023790ms) xte=0.00m spd=0.00m/s q=0 ggaAge=91 vtgAge=91 xteAge=1023790 xteraw=80:510302FF0F060DFF vt=Y(21/22) vtstat=1790/247ms tc=Y drp=0mm tcq=0
16:06:54.023 [ISOBUS] addr=0x81 claimed=Y load=14.6% msgs=36099 aiso=950(1024790ms) xte=0.00m spd=0.00m/s q=0 ggaAge=95 vtgAge=91 xteAge=1024790 xteraw=80:510302FF0F060DFF vt=Y(21/22) vtstat=1792/247ms tc=Y drp=0mm tcq=0
16:06:54.842 W] [PR]: NACK-ing PGN request for PGN 60928 because no callback could handle it.
16:06:55.026 [ISOBUS] addr=0x81 claimed=Y load=15.2% msgs=36144 aiso=951(1025790ms) xte=0.00m spd=0.00m/s q=0 ggaAge=91 vtgAge=91 xteAge=1025790 xteraw=80:510302FF0F060DFF vt=Y(21/22) vtstat=1794/247ms tc=Y drp=0mm tcq=0
16:06:56.026 [ISOBUS] addr=0x81 claimed=Y load=15.2% msgs=36185 aiso=952(1026790ms) xte=0.00m spd=0.31m/s q=0 ggaAge=91 vtgAge=91 xteAge=1026790 xteraw=80:510302FF0F060DFF vt=Y(21/22) vtstat=1796/243ms tc=Y drp=0mm tcq=0
16:06:56.843 W] [PR]: NACK-ing PGN request for PGN 60928 because no callback could handle it.
16:06:57.040 [ISOBUS] addr=0x81 claimed=Y load=15.4% msgs=36226 aiso=953(1027790ms) xte=0.00m spd=0.58m/s q=0 ggaAge=91 vtgAge=91 xteAge=1027790 xteraw=80:510302FF0F060DFF vt=Y(21/22) vtstat=1798/243ms tc=Y drp=0mm tcq=0
16:06:58.037 [ISOBUS] addr=0x81 claimed=Y load=14.8% msgs=36267 aiso=954(1028790ms) xte=0.00m spd=0.56m/s q=0 ggaAge=91 vtgAge=91 xteAge=1028790 xteraw=80:510302FF0F060DFF vt=Y(21/22) vtstat=1800/243ms tc=Y drp=0mm tcq=0
16:06:59.036 [ISOBUS] addr=0x81 claimed=Y load=14.7% msgs=36308 aiso=955(1029790ms) xte=0.00m spd=0.58m/s q=0 ggaAge=95 vtgAge=91 xteAge=1029790 xteraw=80:510302FF0F060DFF vt=Y(21/22) vtstat=1802/243ms tc=Y drp=0mm tcq=0
16:06:59.844 W] [PR]: NACK-ing PGN request for PGN 60928 because no callback could handle it.
16:07:00.028 [ISOBUS] addr=0x81 claimed=Y load=14.7% msgs=36349 aiso=956(1030790ms) xte=0.00m spd=0.57m/s q=0 ggaAge=91 vtgAge=91 xteAge=1030790 xteraw=80:510302FF0F060DFF vt=Y(21/22) vtstat=1804/243ms tc=Y drp=0mm tcq=0
16:07:01.019 [ISOBUS] addr=0x81 claimed=Y load=14.7% msgs=36390 aiso=957(1031790ms) xte=0.00m spd=0.58m/s q=0 ggaAge=91 vtgAge=91 xteAge=1031790 xteraw=80:510302FF0F060DFF vt=Y(21/22) vtstat=1806/243ms tc=Y drp=0mm tcq=0
16:07:01.853 W] [PR]: NACK-ing PGN request for PGN 60928 because no callback could handle it.
16:07:02.017 [ISOBUS] addr=0x81 claimed=Y load=14.8% msgs=36431 aiso=958(1032790ms) xte=0.00m spd=0.57m/s q=0 ggaAge=91 vtgAge=91 xteAge=1032790 xteraw=80:510302FF0F060DFF vt=Y(21/22) vtstat=1808/243ms tc=Y drp=0mm tcq=0
16:07:03.036 [ISOBUS] addr=0x81 claimed=Y load=14.5% msgs=36472 aiso=959(1033790ms) xte=0.00m spd=0.57m/s q=0 ggaAge=91 vtgAge=91 xteAge=1033790 xteraw=80:510302FF0F060DFF vt=Y(21/22) vtstat=1810/239ms tc=Y drp=0mm tcq=0
16:07:04.044 [ISOBUS] addr=0x81 claimed=Y load=15.0% msgs=36513 aiso=960(1034790ms) xte=0.00m spd=0.58m/s q=0 ggaAge=91 vtgAge=91 xteAge=1034790 xteraw=80:510302FF0F060DFF vt=Y(21/22) vtstat=1812/239ms tc=Y drp=0mm tcq=0
16:07:04.844 W] [PR]: NACK-ing PGN request for PGN 60928 because no callback could handle it.
16:07:05.034 [ISOBUS] addr=0x81 claimed=Y load=15.3% msgs=36558 aiso=961(1035790ms) xte=0.00m spd=0.57m/s q=0 ggaAge=91 vtgAge=91 xteAge=1035790 xteraw=80:510302FF0F060DFF vt=Y(21/22) vtstat=1814/239ms tc=Y drp=0mm tcq=0
16:07:06.045 [ISOBUS] addr=0x81 claimed=Y load=14.8% msgs=36599 aiso=962(1036790ms) xte=0.00m spd=0.57m/s q=0 ggaAge=91 vtgAge=91 xteAge=1036790 xteraw=80:510302FF0F060DFF vt=Y(21/22) vtstat=1816/239ms tc=Y drp=0mm tcq=0
16:07:06.822 W] [PR]: NACK-ing PGN request for PGN 60928 because no callback could handle it.
16:07:07.020 [ISOBUS] addr=0x81 claimed=Y load=14.8% msgs=36640 aiso=963(1037790ms) xte=0.00m spd=0.58m/s q=0 ggaAge=91 vtgAge=91 xteAge=1037790 xteraw=80:510302FF0F060DFF vt=Y(21/22) vtstat=1818/239ms tc=Y drp=0mm tcq=0
16:07:08.035 [ISOBUS] addr=0x81 claimed=Y load=15.0% msgs=36681 aiso=964(1038790ms) xte=0.00m spd=0.57m/s q=0 ggaAge=91 vtgAge=91 xteAge=1038790 xteraw=80:510302FF0F060DFF vt=Y(21/22) vtstat=1820/239ms tc=Y drp=0mm tcq=0
16:07:09.028 [ISOBUS] addr=0x81 claimed=Y load=14.7% msgs=36722 aiso=965(1039790ms) xte=0.00m spd=0.57m/s q=0 ggaAge=91 vtgAge=91 xteAge=1039790 xteraw=80:510302FF0F060DFF vt=Y(21/22) vtstat=1822/239ms tc=Y drp=0mm tcq=0
16:07:09.839 W] [PR]: NACK-ing PGN request for PGN 60928 because no callback could handle it.
16:07:10.035 [ISOBUS] addr=0x81 claimed=Y load=15.0% msgs=36763 aiso=966(1040790ms) xte=0.00m spd=0.57m/s q=0 ggaAge=91 vtgAge=91 xteAge=1040790 xteraw=80:510302FF0F060DFF vt=Y(21/22) vtstat=1824/235ms tc=Y drp=0mm tcq=0
16:07:11.036 [ISOBUS] addr=0x81 claimed=Y load=14.7% msgs=36804 aiso=967(1041790ms) xte=0.00m spd=0.57m/s q=0 ggaAge=91 vtgAge=91 xteAge=1041790 xteraw=80:510302FF0F060DFF vt=Y(21/22) vtstat=1826/235ms tc=Y drp=0mm tcq=0
16:07:11.849 W] [PR]: NACK-ing PGN request for PGN 60928 because no callback could handle it.
16:07:12.013 [ISOBUS] addr=0x81 claimed=Y load=15.0% msgs=36845 aiso=968(1042790ms) xte=0.00m spd=0.58m/s q=0 ggaAge=91 vtgAge=91 xteAge=1042790 xteraw=80:510302FF0F060DFF vt=Y(21/22) vtstat=1828/235ms tc=Y drp=0mm tcq=0
16:07:13.045 [ISOBUS] addr=0x81 claimed=Y load=14.7% msgs=36886 aiso=969(1043790ms) xte=0.00m spd=0.57m/s q=0 ggaAge=91 vtgAge=91 xteAge=1043790 xteraw=80:510302FF0F060DFF vt=Y(21/22) vtstat=1830/235ms tc=Y drp=0mm tcq=0
16:07:14.015 [ISOBUS] addr=0x81 claimed=Y load=14.9% msgs=36927 aiso=970(1044790ms) xte=0.00m spd=0.57m/s q=0 ggaAge=91 vtgAge=91 xteAge=1044790 xteraw=80:510302FF0F060DFF vt=Y(21/22) vtstat=1832/235ms tc=Y drp=0mm tcq=0
16:07:14.854 W] [PR]: NACK-ing PGN request for PGN 60928 because no callback could handle it.
16:07:15.022 [ISOBUS] addr=0x81 claimed=Y load=15.4% msgs=36972 aiso=971(1045790ms) xte=0.00m spd=0.58m/s q=0 ggaAge=91 vtgAge=91 xteAge=1045790 xteraw=80:510302FF0F060DFF vt=Y(21/22) vtstat=1834/235ms tc=Y drp=0mm tcq=0
16:07:16.049 [ISOBUS] addr=0x81 claimed=Y load=14.9% msgs=37013 aiso=972(1046790ms) xte=0.00m spd=0.57m/s q=0 ggaAge=91 vtgAge=91 xteAge=1046790 xteraw=80:510302FF0F060DFF vt=Y(21/22) vtstat=1836/235ms tc=Y drp=0mm tcq=0
16:07:16.845 W] [PR]: NACK-ing PGN request for PGN 60928 because no callback could handle it.
16:07:17.040 [ISOBUS] addr=0x81 claimed=Y load=14.9% msgs=37054 aiso=973(1047790ms) xte=0.00m spd=0.58m/s q=0 ggaAge=91 vtgAge=91 xteAge=1047790 xteraw=80:510302FF0F060DFF vt=Y(21/22) vtstat=1838/231ms tc=Y drp=0mm tcq=0
16:07:18.016 [ISOBUS] addr=0x81 claimed=Y load=14.7% msgs=37095 aiso=974(1048790ms) xte=0.00m spd=0.58m/s q=0 ggaAge=91 vtgAge=91 xteAge=1048790 xteraw=80:510302FF0F060DFF vt=Y(21/22) vtstat=1840/232ms tc=Y drp=0mm tcq=0
16:07:19.019 [ISOBUS] addr=0x81 claimed=Y load=14.7% msgs=37136 aiso=975(1049790ms) xte=0.00m spd=0.57m/s q=0 ggaAge=92 vtgAge=92 xteAge=1049790 xteraw=80:510302FF0F060DFF vt=Y(21/22) vtstat=1842/231ms tc=Y drp=0mm tcq=0
16:07:19.839 W] [PR]: NACK-ing PGN request for PGN 60928 because no callback could handle it.
16:07:20.037 [ISOBUS] addr=0x81 claimed=Y load=14.8% msgs=37177 aiso=976(1050790ms) xte=0.00m spd=0.57m/s q=0 ggaAge=92 vtgAge=92 xteAge=1050790 xteraw=80:510302FF0F060DFF vt=Y(21/22) vtstat=1844/232ms tc=Y drp=0mm tcq=0
16:07:21.015 [ISOBUS] addr=0x81 claimed=Y load=14.6% msgs=37218 aiso=977(1051790ms) xte=0.00m spd=0.57m/s q=0 ggaAge=92 vtgAge=92 xteAge=1051790 xteraw=80:510302FF0F060DFF vt=Y(21/22) vtstat=1846/232ms tc=Y drp=0mm tcq=0
16:07:21.839 W] [PR]: NACK-ing PGN request for PGN 60928 because no callback could handle it.
16:07:22.032 [ISOBUS] addr=0x81 claimed=Y load=14.9% msgs=37259 aiso=978(1052790ms) xte=0.00m spd=0.57m/s q=0 ggaAge=92 vtgAge=92 xteAge=1052790 xteraw=80:510302FF0F060DFF vt=Y(21/22) vtstat=1848/232ms tc=Y drp=0mm tcq=0
16:07:23.039 [ISOBUS] addr=0x81 claimed=Y load=14.8% msgs=37300 aiso=979(1053790ms) xte=0.00m spd=0.58m/s q=0 ggaAge=92 vtgAge=92 xteAge=1053790 xteraw=80:510302FF0F060DFF vt=Y(21/22) vtstat=1850/228ms tc=Y drp=0mm tcq=0
16:07:24.044 [ISOBUS] addr=0x81 claimed=Y load=14.7% msgs=37341 aiso=980(1054790ms) xte=0.00m spd=0.58m/s q=0 ggaAge=92 vtgAge=92 xteAge=1054790 xteraw=80:510302FF0F060DFF vt=Y(21/22) vtstat=1852/228ms tc=Y drp=0mm tcq=0
16:07:24.830 W] [PR]: NACK-ing PGN request for PGN 60928 because no callback could handle it.
16:07:25.019 [ISOBUS] addr=0x81 claimed=Y load=15.2% msgs=37386 aiso=981(1055790ms) xte=0.00m spd=0.57m/s q=0 ggaAge=92 vtgAge=92 xteAge=1055790 xteraw=80:510302FF0F060DFF vt=Y(21/22) vtstat=1854/228ms tc=Y drp=0mm tcq=0
16:07:26.032 [ISOBUS] addr=0x81 claimed=Y load=15.0% msgs=37427 aiso=982(1056790ms) xte=0.00m spd=0.58m/s q=0 ggaAge=92 vtgAge=92 xteAge=1056790 xteraw=80:510302FF0F060DFF vt=Y(21/22) vtstat=1856/228ms tc=Y drp=0mm tcq=0
16:07:26.852 W] [PR]: NACK-ing PGN request for PGN 60928 because no callback could handle it.
16:07:27.044 [ISOBUS] addr=0x81 claimed=Y load=14.7% msgs=37468 aiso=983(1057790ms) xte=0.00m spd=0.57m/s q=0 ggaAge=92 vtgAge=92 xteAge=1057790 xteraw=80:510302FF0F060DFF vt=Y(21/22) vtstat=1858/228ms tc=Y drp=0mm tcq=0
16:07:28.019 [ISOBUS] addr=0x81 claimed=Y load=14.8% msgs=37509 aiso=984(1058790ms) xte=0.00m spd=0.57m/s q=0 ggaAge=92 vtgAge=92 xteAge=1058790 xteraw=80:510302FF0F060DFF vt=Y(21/22) vtstat=1860/228ms tc=Y drp=0mm tcq=0
16:07:29.039 [ISOBUS] addr=0x81 claimed=Y load=14.6% msgs=37550 aiso=985(1059790ms) xte=0.00m spd=0.57m/s q=0 ggaAge=92 vtgAge=92 xteAge=1059790 xteraw=80:510302FF0F060DFF vt=Y(21/22) vtstat=1862/228ms tc=Y drp=0mm tcq=0
16:07:29.848 W] [PR]: NACK-ing PGN request for PGN 60928 because no callback could handle it.
16:07:30.016 [ISOBUS] addr=0x81 claimed=Y load=14.8% msgs=37591 aiso=986(1060790ms) xte=0.00m spd=0.57m/s q=0 ggaAge=92 vtgAge=92 xteAge=1060790 xteraw=80:510302FF0F060DFF vt=Y(21/22) vtstat=1864/224ms tc=Y drp=0mm tcq=0
16:07:31.027 [ISOBUS] addr=0x81 claimed=Y load=14.7% msgs=37632 aiso=987(1061790ms) xte=0.00m spd=0.58m/s q=0 ggaAge=92 vtgAge=92 xteAge=1061790 xteraw=80:510302FF0F060DFF vt=Y(21/22) vtstat=1866/224ms tc=Y drp=0mm tcq=0
16:07:31.856 W] [PR]: NACK-ing PGN request for PGN 60928 because no callback could handle it.
16:07:32.042 [ISOBUS] addr=0x81 claimed=Y load=14.8% msgs=37673 aiso=988(1062790ms) xte=0.00m spd=0.57m/s q=0 ggaAge=88 vtgAge=88 xteAge=1062790 xteraw=80:510302FF0F060DFF vt=Y(21/22) vtstat=1868/224ms tc=Y drp=0mm tcq=0
16:07:33.021 [ISOBUS] addr=0x81 claimed=Y load=14.6% msgs=37714 aiso=989(1063790ms) xte=0.00m spd=0.58m/s q=0 ggaAge=88 vtgAge=88 xteAge=1063790 xteraw=80:510302FF0F060DFF vt=Y(21/22) vtstat=1870/224ms tc=Y drp=0mm tcq=0
16:07:34.025 [ISOBUS] addr=0x81 claimed=Y load=14.8% msgs=37755 aiso=990(1064790ms) xte=0.00m spd=0.57m/s q=0 ggaAge=92 vtgAge=88 xteAge=1064790 xteraw=80:510302FF0F060DFF vt=Y(21/22) vtstat=1872/224ms tc=Y drp=0mm tcq=0
16:07:34.858 W] [PR]: NACK-ing PGN request for PGN 60928 because no callback could handle it.
16:07:35.021 [ISOBUS] addr=0x81 claimed=Y load=15.2% msgs=37800 aiso=991(1065790ms) xte=0.00m spd=0.58m/s q=0 ggaAge=92 vtgAge=88 xteAge=1065790 xteraw=80:510302FF0F060DFF vt=Y(21/22) vtstat=1874/224ms tc=Y drp=0mm tcq=0
16:07:36.023 [ISOBUS] addr=0x81 claimed=Y load=14.9% msgs=37841 aiso=992(1066790ms) xte=0.00m spd=0.57m/s q=0 ggaAge=92 vtgAge=92 xteAge=1066790 xteraw=80:510302FF0F060DFF vt=Y(21/22) vtstat=1876/220ms tc=Y drp=0mm tcq=0
16:07:36.837 W] [PR]: NACK-ing PGN request for PGN 60928 because no callback could handle it.
16:07:37.015 [ISOBUS] addr=0x81 claimed=Y load=14.7% msgs=37882 aiso=993(1067790ms) xte=0.00m spd=0.57m/s q=0 ggaAge=88 vtgAge=88 xteAge=1067790 xteraw=80:510302FF0D050BFF vt=Y(21/22) vtstat=1878/220ms tc=Y drp=0mm tcq=0
16:07:38.045 [ISOBUS] addr=0x81 claimed=Y load=14.8% msgs=37923 aiso=994(1068790ms) xte=0.00m spd=0.57m/s q=0 ggaAge=92 vtgAge=88 xteAge=1068790 xteraw=80:510302FF0D050BFF vt=Y(21/22) vtstat=1880/220ms tc=Y drp=0mm tcq=0
16:07:39.041 [ISOBUS] addr=0x81 claimed=Y load=14.7% msgs=37964 aiso=995(1069790ms) xte=0.00m spd=0.57m/s q=0 ggaAge=88 vtgAge=88 xteAge=1069790 xteraw=80:510302FF0D050BFF vt=Y(21/22) vtstat=1882/220ms tc=Y drp=0mm tcq=0
16:07:39.829 W] [PR]: NACK-ing PGN request for PGN 60928 because no callback could handle it.
16:07:40.030 [ISOBUS] addr=0x81 claimed=Y load=15.0% msgs=38005 aiso=996(1070790ms) xte=0.00m spd=0.58m/s q=0 ggaAge=88 vtgAge=88 xteAge=1070790 xteraw=80:510302FF0D050BFF vt=Y(21/22) vtstat=1884/220ms tc=Y drp=0mm tcq=0
16:07:41.019 [ISOBUS] addr=0x81 claimed=Y load=14.6% msgs=38046 aiso=997(1071790ms) xte=0.00m spd=0.58m/s q=0 ggaAge=88 vtgAge=88 xteAge=1071790 xteraw=80:510302FF0D050BFF vt=Y(21/22) vtstat=1886/220ms tc=Y drp=0mm tcq=0
16:07:41.860 W] [PR]: NACK-ing PGN request for PGN 60928 because no callback could handle it.
16:07:42.041 [ISOBUS] addr=0x81 claimed=Y load=14.9% msgs=38087 aiso=998(1072790ms) xte=0.00m spd=0.57m/s q=0 ggaAge=88 vtgAge=88 xteAge=1072790 xteraw=80:510302FF0D050BFF vt=Y(21/22) vtstat=1888/216ms tc=Y drp=0mm tcq=0
16:07:43.022 [ISOBUS] addr=0x81 claimed=Y load=14.7% msgs=38128 aiso=999(1073790ms) xte=0.00m spd=0.57m/s q=0 ggaAge=88 vtgAge=88 xteAge=1073790 xteraw=80:510302FF0D050BFF vt=Y(21/22) vtstat=1890/216ms tc=Y drp=0mm tcq=0
16:07:44.023 [ISOBUS] addr=0x81 claimed=Y load=14.9% msgs=38169 aiso=1000(1074790ms) xte=0.00m spd=0.58m/s q=0 ggaAge=88 vtgAge=88 xteAge=1074790 xteraw=80:510302FF0D050BFF vt=Y(21/22) vtstat=1892/216ms tc=Y drp=0mm tcq=0
16:07:44.840 W] [PR]: NACK-ing PGN request for PGN 60928 because no callback could handle it.
16:07:45.030 [ISOBUS] addr=0x81 claimed=Y load=15.2% msgs=38214 aiso=1001(1075790ms) xte=0.00m spd=0.57m/s q=0 ggaAge=88 vtgAge=88 xteAge=1075790 xteraw=80:510302FF0D050BFF vt=Y(21/22) vtstat=1894/216ms tc=Y drp=0mm tcq=0
16:07:46.023 [ISOBUS] addr=0x81 claimed=Y load=14.9% msgs=38255 aiso=1002(1076790ms) xte=0.00m spd=0.58m/s q=0 ggaAge=88 vtgAge=88 xteAge=1076790 xteraw=80:510302FF0D050BFF vt=Y(21/22) vtstat=1896/216ms tc=Y drp=0mm tcq=0
16:07:46.830 W] [PR]: NACK-ing PGN request for PGN 60928 because no callback could handle it.
16:07:47.047 [ISOBUS] addr=0x81 claimed=Y load=14.8% msgs=38296 aiso=1003(1077790ms) xte=0.00m spd=0.57m/s q=0 ggaAge=88 vtgAge=88 xteAge=1077790 xteraw=80:510302FF0D050BFF vt=Y(21/22) vtstat=1898/216ms tc=Y drp=0mm tcq=0
16:07:48.044 [ISOBUS] addr=0x81 claimed=Y load=14.8% msgs=38337 aiso=1004(1078790ms) xte=0.00m spd=0.57m/s q=0 ggaAge=88 vtgAge=88 xteAge=1078790 xteraw=80:510302FF0D050BFF vt=Y(21/22) vtstat=1900/216ms tc=Y drp=0mm tcq=0
16:07:49.024 [ISOBUS] addr=0x81 claimed=Y load=14.8% msgs=38378 aiso=1005(1079790ms) xte=0.00m spd=0.57m/s q=0 ggaAge=88 vtgAge=88 xteAge=1079790 xteraw=80:510302FF0D050BFF vt=Y(21/22) vtstat=1902/212ms tc=Y drp=0mm tcq=0
16:07:49.847 W] [PR]: NACK-ing PGN request for PGN 60928 because no callback could handle it.
16:07:50.029 [ISOBUS] addr=0x81 claimed=Y load=15.0% msgs=38419 aiso=1006(1080790ms) xte=0.00m spd=0.57m/s q=0 ggaAge=88 vtgAge=88 xteAge=1080790 xteraw=80:510302FF0D050BFF vt=Y(21/22) vtstat=1904/212ms tc=Y drp=0mm tcq=0
16:07:51.025 [ISOBUS] addr=0x81 claimed=Y load=14.6% msgs=38460 aiso=1007(1081790ms) xte=0.00m spd=0.57m/s q=0 ggaAge=88 vtgAge=88 xteAge=1081790 xteraw=80:510302FF0D050BFF vt=Y(21/22) vtstat=1906/212ms tc=Y drp=0mm tcq=0
16:07:51.839 W] [PR]: NACK-ing PGN request for PGN 60928 because no callback could handle it.
16:07:52.024 [ISOBUS] addr=0x81 claimed=Y load=14.8% msgs=38501 aiso=1008(1082790ms) xte=0.00m spd=0.57m/s q=0 ggaAge=88 vtgAge=88 xteAge=1082790 xteraw=80:510302FF0D050BFF vt=Y(21/22) vtstat=1908/212ms tc=Y drp=0mm tcq=0
16:07:52.125 ### sending keys: x1q
16:07:53.040 === ISOBUS DEBUG MENU ===
16:07:53.040 1. Full status dump
16:07:53.044 2. Periodic summary line (ON - press to toggle)
16:07:53.044 3. Reset message counters
16:07:53.045 4. Dump DDOP as hex (open in AgIsoDDOPGenerator)
16:07:53.045 5. Dump VT object pool as hex
16:07:53.045 q. Exit
16:07:53.048 === ISOBUS STATUS ===
16:07:53.049 Address claim: CLAIMED  address=0x81
16:07:53.049 CAN controller: error-active  TX err 0 (peak 136)  RX err 0 (peak 4)
16:07:53.050   error-passive entries: 1  bus-off entries: 0  longest episode: 67055 ms
16:07:53.050 Bus load (ch0): 15.2 %
16:07:53.052 --- Message counters ---
16:07:53.052   PGN 129025 Position NMEA2000: 0
16:07:53.052   PGN 129026 Speed NMEA2000:    0
16:07:53.053   PGN 129283 XTE NMEA2000:      108
16:07:53.053   PGN 65267  Position legacy:   8996
16:07:53.055   PGN 65256  Speed legacy:      8996   last SA=0x80 raw=0x210
16:07:53.055   PGN 65535  all senders:       8996   last SA=0x80
16:07:53.057   PGN 65535  XTE carrier 0x2A:  0   (none decoded)
16:07:53.057              raw SA=0x80 word=0xDFF byte1=0x3 payload 510302FF0D050BFF  (54 ms ago)
16:07:53.058   PGN 60160  XTE Trimble legacy:324   last SA=0x26
16:07:53.058   PGN 64770  AISO stop:         1008   last 1083056 ms ago
16:07:53.058   TOTAL:                        38513
16:07:53.060 --- Guidance telemetry ---
16:07:53.060   XTE:          0.00 m
16:07:53.061   Speed:        0.57 m/s (1.11 kn)
16:07:53.061   Quality:      0   RTK quality=4  PGN 129029 GNSS position: (none received)
16:07:53.063   PGN 129027 position deltas: 0
16:07:53.063   Guidance machine info (PGN 44032): 10085 msgs, last 10 ms ago
16:07:53.064     lockout=YES/READY  steeringReady=n/a  remoteEngage=n/a  curvature=-12.50 1/km
16:07:53.064   IsRtkQuality=N
16:07:53.066   GGA fix age:  54 ms
16:07:53.066   VTG fix age:  54 ms
16:07:53.068   XTE fix age:  1083056 ms
16:07:53.068   Lat/Lon/Alt/Course: 53.442257 / 6.755432 / 1.1 m / 301.5 deg
16:07:53.068 --- Virtual Terminal ---
16:07:53.069   Connected:    Y
16:07:53.069   State:        21/22  Connected
16:07:53.069   VT version:  3
16:07:53.071   VT status msgs: 1908   last 478 ms ago
16:07:53.071   Partner: addr=0x80 valid=Y  reconnect attempts=0
16:07:53.072   VT failover: switches=1 claim requests=6
16:07:53.072 --- Lightbar emulation (Ag Leader L160, PGN 65462) ---
16:07:53.072   Address claim: CLAIMED  address=0xDC
16:07:53.072   Display partner: 0xF5  identification requests=15 answered=15 unknown=0  last DID=0x8015  hello=Y
16:07:53.074   Sent: frames=674 failures=1 heartbeats=646 softwareId=Y  proprietary A from display=0
16:07:53.074   PGN 65462 XTE: frames=0 committed=0
16:07:53.074 --- Task Controller ---
16:07:53.074   Connected:    Y
16:07:53.074   TC-GEO (with/without pos): Y/N
16:07:53.076   Task active:  Y
16:07:53.076   DRP deviation (DDI 513): 0 mm, last 1083056 ms ago
16:07:53.076   GNSS quality (DDI 514):  0, last 1083056 ms ago
16:07:53.076   [via stack] Value cmds to handler: 0  last DDI=(none)
16:07:53.076   [via stack] Value req callbacks:  0   (mostly AgIsoStack's own re-polling -- NOT bus traffic)
16:07:53.078   [on bus] Requests for our values: 0
16:07:53.078   [on bus] Set-value commands:      0
16:07:53.078   [on bus] Measurement commands:    0  (none)
16:07:53.078   [on bus] Other, addressed to us:  12
16:07:53.080   Partner: addr=0xF7 valid=Y  reconnect attempts=4
16:07:53.080   Tramline setpoint (DDI 506): (none yet -- no Tramline Control seen on this terminal)
16:07:53.080   Guidance track (DDI 507-511): (none yet)
16:07:53.080 === ISOBUS DEBUG MENU ===
16:07:53.080 1. Full status dump
16:07:53.082 2. Periodic summary line (ON - press to toggle)
16:07:53.082 3. Reset message counters
16:07:53.082 4. Dump DDOP as hex (open in AgIsoDDOPGenerator)
16:07:53.082 5. Dump VT object pool as hex
16:07:53.082 q. Exit
16:07:53.082 Exiting.
16:07:53.084 [ISOBUS] addr=0x81 claimed=Y load=14.8% msgs=38542 aiso=1009(1083790ms) xte=0.00m spd=0.57m/s q=0 ggaAge=88 vtgAge=88 xteAge=1083790 xteraw=80:510302FF0D050BFF vt=Y(21/22) vtstat=1910/212ms tc=Y drp=0mm tcq=0
16:07:54.031 [ISOBUS] addr=0x81 claimed=Y load=14.7% msgs=38583 aiso=1010(1084790ms) xte=0.00m spd=0.57m/s q=0 ggaAge=88 vtgAge=88 xteAge=1084790 xteraw=80:510302FF0D050BFF vt=Y(21/22) vtstat=1912/212ms tc=Y drp=0mm tcq=0
16:07:54.851 W] [PR]: NACK-ing PGN request for PGN 60928 because no callback could handle it.
16:07:55.050 [ISOBUS] addr=0x81 claimed=Y load=15.2% msgs=38628 aiso=1011(1085790ms) xte=0.00m spd=0.57m/s q=0 ggaAge=88 vtgAge=88 xteAge=1085790 xteraw=80:510302FF0D050BFF vt=Y(21/22) vtstat=1914/208ms tc=Y drp=0mm tcq=0
16:07:56.037 [ISOBUS] addr=0x81 claimed=Y load=14.7% msgs=38669 aiso=1012(1086790ms) xte=0.00m spd=0.57m/s q=0 ggaAge=88 vtgAge=88 xteAge=1086790 xteraw=80:510302FF0D050BFF vt=Y(21/22) vtstat=1916/208ms tc=Y drp=0mm tcq=0
16:07:56.864 W] [PR]: NACK-ing PGN request for PGN 60928 because no callback could handle it.
16:07:57.041 [ISOBUS] addr=0x81 claimed=Y load=14.7% msgs=38710 aiso=1013(1087790ms) xte=0.00m spd=0.57m/s q=0 ggaAge=88 vtgAge=88 xteAge=1087790 xteraw=80:510302FF0D050BFF vt=Y(21/22) vtstat=1918/208ms tc=Y drp=0mm tcq=0
16:07:58.019 [ISOBUS] addr=0x81 claimed=Y load=14.7% msgs=38751 aiso=1014(1088790ms) xte=0.00m spd=0.57m/s q=0 ggaAge=88 vtgAge=88 xteAge=1088790 xteraw=80:510302FF0D050BFF vt=Y(21/22) vtstat=1920/208ms tc=Y drp=0mm tcq=0
16:07:59.029 [ISOBUS] addr=0x81 claimed=Y load=14.6% msgs=38792 aiso=1015(1089790ms) xte=0.00m spd=0.57m/s q=0 ggaAge=88 vtgAge=88 xteAge=1089790 xteraw=80:510302FF0D050BFF vt=Y(21/22) vtstat=1922/208ms tc=Y drp=0mm tcq=0
16:07:59.839 W] [PR]: NACK-ing PGN request for PGN 60928 because no callback could handle it.
16:08:00.041 [ISOBUS] addr=0x81 claimed=Y load=14.8% msgs=38833 aiso=1016(1090790ms) xte=0.00m spd=0.58m/s q=0 ggaAge=88 vtgAge=76 xteAge=1090790 xteraw=80:510302FF0D050BFF vt=Y(21/22) vtstat=1924/208ms tc=Y drp=0mm tcq=0
16:08:01.042 [ISOBUS] addr=0x81 claimed=Y load=14.6% msgs=38874 aiso=1017(1091790ms) xte=0.00m spd=0.58m/s q=0 ggaAge=88 vtgAge=88 xteAge=1091790 xteraw=80:510302FF0D050BFF vt=Y(21/22) vtstat=1926/208ms tc=Y drp=0mm tcq=0
16:08:01.833 W] [PR]: NACK-ing PGN request for PGN 60928 because no callback could handle it.
16:08:02.025 [ISOBUS] addr=0x81 claimed=Y load=15.0% msgs=38915 aiso=1018(1092790ms) xte=0.00m spd=0.57m/s q=0 ggaAge=88 vtgAge=88 xteAge=1092790 xteraw=80:510302FF0D050BFF vt=Y(21/22) vtstat=1928/204ms tc=Y drp=0mm tcq=0
16:08:03.024 [ISOBUS] addr=0x81 claimed=Y load=14.6% msgs=38956 aiso=1019(1093790ms) xte=0.00m spd=0.57m/s q=0 ggaAge=88 vtgAge=88 xteAge=1093790 xteraw=80:510302FF0D050BFF vt=Y(21/22) vtstat=1930/204ms tc=Y drp=0mm tcq=0
16:08:04.017 [ISOBUS] addr=0x81 claimed=Y load=14.8% msgs=38997 aiso=1020(1094790ms) xte=0.00m spd=0.58m/s q=0 ggaAge=88 vtgAge=88 xteAge=1094790 xteraw=80:510302FF0D050BFF vt=Y(21/22) vtstat=1932/204ms tc=Y drp=0mm tcq=0
16:08:04.842 W] [PR]: NACK-ing PGN request for PGN 60928 because no callback could handle it.
16:08:05.041 [ISOBUS] addr=0x81 claimed=Y load=15.2% msgs=39042 aiso=1021(1095790ms) xte=0.00m spd=0.57m/s q=0 ggaAge=88 vtgAge=88 xteAge=1095790 xteraw=80:510302FF0D050BFF vt=Y(21/22) vtstat=1934/204ms tc=Y drp=0mm tcq=0
16:08:06.042 [ISOBUS] addr=0x81 claimed=Y load=14.7% msgs=39083 aiso=1022(1096790ms) xte=0.00m spd=0.57m/s q=0 ggaAge=88 vtgAge=88 xteAge=1096790 xteraw=80:510302FF0D050BFF vt=Y(21/22) vtstat=1936/204ms tc=Y drp=0mm tcq=0
16:08:06.841 W] [PR]: NACK-ing PGN request for PGN 60928 because no callback could handle it.
16:08:07.040 [ISOBUS] addr=0x81 claimed=Y load=14.7% msgs=39124 aiso=1023(1097790ms) xte=0.00m spd=0.58m/s q=0 ggaAge=89 vtgAge=88 xteAge=1097790 xteraw=80:510302FF0D050BFF vt=Y(21/22) vtstat=1938/205ms tc=Y drp=0mm tcq=0
16:08:08.024 [ISOBUS] addr=0x81 claimed=Y load=14.7% msgs=39165 aiso=1024(1098790ms) xte=0.00m spd=0.57m/s q=0 ggaAge=89 vtgAge=89 xteAge=1098790 xteraw=80:510302FF0D050BFF vt=Y(21/22) vtstat=1940/201ms tc=Y drp=0mm tcq=0
16:08:09.045 [ISOBUS] addr=0x81 claimed=Y load=14.8% msgs=39206 aiso=1025(1099790ms) xte=0.00m spd=0.58m/s q=0 ggaAge=89 vtgAge=89 xteAge=1099790 xteraw=80:510302FF0D050BFF vt=Y(21/22) vtstat=1942/201ms tc=Y drp=0mm tcq=0
16:08:09.856 W] [PR]: NACK-ing PGN request for PGN 60928 because no callback could handle it.
16:08:10.041 [ISOBUS] addr=0x81 claimed=Y load=14.8% msgs=39247 aiso=1026(1100790ms) xte=0.00m spd=0.57m/s q=0 ggaAge=89 vtgAge=89 xteAge=1100790 xteraw=80:510302FF0D050BFF vt=Y(21/22) vtstat=1944/201ms tc=Y drp=0mm tcq=0
16:08:11.055 [ISOBUS] addr=0x81 claimed=Y load=14.6% msgs=39288 aiso=1027(1101790ms) xte=0.00m spd=0.58m/s q=0 ggaAge=89 vtgAge=89 xteAge=1101790 xteraw=80:510302FF0D050BFF vt=Y(21/22) vtstat=1946/201ms tc=Y drp=0mm tcq=0
16:08:11.843 W] [PR]: NACK-ing PGN request for PGN 60928 because no callback could handle it.
16:08:12.042 [ISOBUS] addr=0x81 claimed=Y load=14.8% msgs=39329 aiso=1028(1102790ms) xte=0.00m spd=0.58m/s q=0 ggaAge=89 vtgAge=89 xteAge=1102790 xteraw=80:510302FF0D050BFF vt=Y(21/22) vtstat=1948/201ms tc=Y drp=0mm tcq=0
16:08:13.022 [ISOBUS] addr=0x81 claimed=Y load=14.6% msgs=39370 aiso=1029(1103790ms) xte=0.00m spd=0.57m/s q=0 ggaAge=89 vtgAge=89 xteAge=1103790 xteraw=80:510302FF0D050BFF vt=Y(21/22) vtstat=1950/201ms tc=Y drp=0mm tcq=0
16:08:14.026 [ISOBUS] addr=0x81 claimed=Y load=14.7% msgs=39411 aiso=1030(1104790ms) xte=0.00m spd=0.57m/s q=0 ggaAge=89 vtgAge=89 xteAge=1104790 xteraw=80:510302FF0D050BFF vt=Y(21/22) vtstat=1952/201ms tc=Y drp=0mm tcq=0
16:08:14.861 W] [PR]: NACK-ing PGN request for PGN 60928 because no callback could handle it.
16:08:15.043 [ISOBUS] addr=0x81 claimed=Y load=15.4% msgs=39456 aiso=1031(1105790ms) xte=0.00m spd=0.58m/s q=0 ggaAge=89 vtgAge=89 xteAge=1105790 xteraw=80:510302FF0D050BFF vt=Y(21/22) vtstat=1954/197ms tc=Y drp=0mm tcq=0
16:08:16.032 [ISOBUS] addr=0x81 claimed=Y load=14.7% msgs=39497 aiso=1032(1106790ms) xte=0.00m spd=0.57m/s q=0 ggaAge=89 vtgAge=85 xteAge=1106790 xteraw=80:510302FF0D050BFF vt=Y(21/22) vtstat=1956/197ms tc=Y drp=0mm tcq=0
16:08:16.860 W] [PR]: NACK-ing PGN request for PGN 60928 because no callback could handle it.
16:08:17.022 [ISOBUS] addr=0x81 claimed=Y load=14.7% msgs=39538 aiso=1033(1107790ms) xte=0.00m spd=0.58m/s q=0 ggaAge=89 vtgAge=89 xteAge=1107790 xteraw=80:510302FF0D050BFF vt=Y(21/22) vtstat=1958/197ms tc=Y drp=0mm tcq=0
16:08:18.025 [ISOBUS] addr=0x81 claimed=Y load=14.7% msgs=39579 aiso=1034(1108790ms) xte=0.00m spd=0.57m/s q=0 ggaAge=85 vtgAge=85 xteAge=1108790 xteraw=80:510302FF0D050BFF vt=Y(21/22) vtstat=1960/197ms tc=Y drp=0mm tcq=0
16:08:19.028 [ISOBUS] addr=0x81 claimed=Y load=14.6% msgs=39620 aiso=1035(1109790ms) xte=0.00m spd=0.57m/s q=0 ggaAge=89 vtgAge=89 xteAge=1109790 xteraw=80:510302FF0D050BFF vt=Y(21/22) vtstat=1962/197ms tc=Y drp=0mm tcq=0
16:08:19.840 W] [PR]: NACK-ing PGN request for PGN 60928 because no callback could handle it.
16:08:20.026 [ISOBUS] addr=0x81 claimed=Y load=14.8% msgs=39661 aiso=1036(1110790ms) xte=0.00m spd=0.57m/s q=0 ggaAge=89 vtgAge=89 xteAge=1110790 xteraw=80:510302FF0D050BFF vt=Y(21/22) vtstat=1964/197ms tc=Y drp=0mm tcq=0
16:08:21.019 [ISOBUS] addr=0x81 claimed=Y load=14.6% msgs=39702 aiso=1037(1111790ms) xte=0.00m spd=0.57m/s q=0 ggaAge=89 vtgAge=89 xteAge=1111790 xteraw=80:510302FF0D050BFF vt=Y(21/22) vtstat=1966/193ms tc=Y drp=0mm tcq=0
16:08:21.837 W] [PR]: NACK-ing PGN request for PGN 60928 because no callback could handle it.
16:08:22.042 [ISOBUS] addr=0x81 claimed=Y load=15.0% msgs=39743 aiso=1038(1112790ms) xte=0.00m spd=0.58m/s q=0 ggaAge=85 vtgAge=85 xteAge=1112790 xteraw=80:510302FF0D050BFF vt=Y(21/22) vtstat=1968/193ms tc=Y drp=0mm tcq=0
16:08:23.018 [ISOBUS] addr=0x81 claimed=Y load=14.6% msgs=39784 aiso=1039(1113790ms) xte=0.00m spd=0.57m/s q=0 ggaAge=85 vtgAge=85 xteAge=1113790 xteraw=80:510302FF0D050BFF vt=Y(21/22) vtstat=1970/193ms tc=Y drp=0mm tcq=0
16:08:24.021 [ISOBUS] addr=0x81 claimed=Y load=15.1% msgs=39825 aiso=1040(1114790ms) xte=0.00m spd=0.32m/s q=0 ggaAge=89 vtgAge=85 xteAge=1114790 xteraw=80:510302FF0D050BFF vt=Y(21/22) vtstat=1972/193ms tc=Y drp=0mm tcq=0
16:08:24.855 W] [PR]: NACK-ing PGN request for PGN 60928 because no callback could handle it.
16:08:25.046 [ISOBUS] addr=0x81 claimed=Y load=16.0% msgs=39870 aiso=1041(1115790ms) xte=0.00m spd=0.09m/s q=0 ggaAge=89 vtgAge=89 xteAge=1115790 xteraw=80:510302FF0D050BFF vt=Y(21/22) vtstat=1974/193ms tc=Y drp=0mm tcq=0
16:08:26.050 [ISOBUS] addr=0x81 claimed=Y load=15.5% msgs=39911 aiso=1042(1116790ms) xte=0.00m spd=0.43m/s q=0 ggaAge=89 vtgAge=89 xteAge=1116790 xteraw=80:510302FF0D050BFF vt=Y(21/22) vtstat=1976/193ms tc=Y drp=0mm tcq=0
16:08:26.848 W] [PR]: NACK-ing PGN request for PGN 60928 because no callback could handle it.
16:08:27.030 [ISOBUS] addr=0x81 claimed=Y load=15.3% msgs=39952 aiso=1043(1117790ms) xte=0.00m spd=0.54m/s q=0 ggaAge=89 vtgAge=85 xteAge=1117790 xteraw=80:510302FF0D050BFF vt=Y(21/22) vtstat=1978/189ms tc=Y drp=0mm tcq=0
16:08:28.041 [ISOBUS] addr=0x81 claimed=Y load=14.9% msgs=39993 aiso=1044(1118790ms) xte=0.00m spd=0.56m/s q=0 ggaAge=85 vtgAge=85 xteAge=1118790 xteraw=80:510302FF0D050BFF vt=Y(21/22) vtstat=1980/189ms tc=Y drp=0mm tcq=0
16:08:29.043 [ISOBUS] addr=0x81 claimed=Y load=14.6% msgs=40034 aiso=1045(1119790ms) xte=0.00m spd=0.57m/s q=0 ggaAge=85 vtgAge=85 xteAge=1119790 xteraw=80:510302FF0D050BFF vt=Y(21/22) vtstat=1982/189ms tc=Y drp=0mm tcq=0
16:08:29.868 W] [PR]: NACK-ing PGN request for PGN 60928 because no callback could handle it.
16:08:30.035 [ISOBUS] addr=0x81 claimed=Y load=15.1% msgs=40075 aiso=1046(1120790ms) xte=0.00m spd=0.57m/s q=0 ggaAge=85 vtgAge=85 xteAge=1120790 xteraw=80:510302FF0D050BFF vt=Y(21/22) vtstat=1984/189ms tc=Y drp=0mm tcq=0
16:08:31.026 [ISOBUS] addr=0x81 claimed=Y load=14.9% msgs=40116 aiso=1047(1121790ms) xte=0.00m spd=0.57m/s q=0 ggaAge=89 vtgAge=85 xteAge=1121790 xteraw=80:510302FF0D050BFF vt=Y(21/22) vtstat=1986/189ms tc=Y drp=0mm tcq=0
16:08:31.844 W] [PR]: NACK-ing PGN request for PGN 60928 because no callback could handle it.
16:08:32.033 [ISOBUS] addr=0x81 claimed=Y load=14.9% msgs=40157 aiso=1048(1122790ms) xte=0.00m spd=0.56m/s q=0 ggaAge=85 vtgAge=85 xteAge=1122790 xteraw=80:510302FF0D050BFF vt=Y(21/22) vtstat=1988/189ms tc=Y drp=0mm tcq=0
16:08:33.026 [ISOBUS] addr=0x81 claimed=Y load=15.2% msgs=40198 aiso=1049(1123790ms) xte=0.00m spd=0.57m/s q=0 ggaAge=85 vtgAge=85 xteAge=1123790 xteraw=80:510302FF0D050BFF vt=Y(21/22) vtstat=1990/185ms tc=Y drp=0mm tcq=0
16:08:34.024 [ISOBUS] addr=0x81 claimed=Y load=14.9% msgs=40239 aiso=1050(1124790ms) xte=0.00m spd=0.57m/s q=0 ggaAge=85 vtgAge=85 xteAge=1124790 xteraw=80:510302FF0D050BFF vt=Y(21/22) vtstat=1992/185ms tc=Y drp=0mm tcq=0
16:08:34.851 W] [PR]: NACK-ing PGN request for PGN 60928 because no callback could handle it.
16:08:35.030 [ISOBUS] addr=0x81 claimed=Y load=15.5% msgs=40284 aiso=1051(1125790ms) xte=0.00m spd=0.57m/s q=0 ggaAge=85 vtgAge=85 xteAge=1125790 xteraw=80:510302FF0D050BFF vt=Y(21/22) vtstat=1994/185ms tc=Y drp=0mm tcq=0
16:08:36.043 [ISOBUS] addr=0x81 claimed=Y load=15.2% msgs=40325 aiso=1052(1126790ms) xte=0.00m spd=0.57m/s q=0 ggaAge=85 vtgAge=85 xteAge=1126790 xteraw=80:510302FF0D050BFF vt=Y(21/22) vtstat=1996/185ms tc=Y drp=0mm tcq=0
16:08:36.848 W] [PR]: NACK-ing PGN request for PGN 60928 because no callback could handle it.
16:08:37.029 [ISOBUS] addr=0x81 claimed=Y load=14.9% msgs=40366 aiso=1053(1127790ms) xte=0.00m spd=0.57m/s q=0 ggaAge=85 vtgAge=85 xteAge=1127790 xteraw=80:510302FF0D050BFF vt=Y(21/22) vtstat=1998/185ms tc=Y drp=0mm tcq=0
16:08:38.048 [ISOBUS] addr=0x81 claimed=Y load=14.9% msgs=40407 aiso=1054(1128790ms) xte=0.00m spd=0.57m/s q=0 ggaAge=85 vtgAge=85 xteAge=1128790 xteraw=80:510302FF0D050BFF vt=Y(21/22) vtstat=2000/185ms tc=Y drp=0mm tcq=0
16:08:39.043 [ISOBUS] addr=0x81 claimed=Y load=14.9% msgs=40448 aiso=1055(1129790ms) xte=0.00m spd=0.56m/s q=0 ggaAge=85 vtgAge=85 xteAge=1129790 xteraw=80:510302FF0D050BFF vt=Y(21/22) vtstat=2002/181ms tc=Y drp=0mm tcq=0
16:08:39.848 W] [PR]: NACK-ing PGN request for PGN 60928 because no callback could handle it.
16:08:40.030 [ISOBUS] addr=0x81 claimed=Y load=14.8% msgs=40489 aiso=1056(1130790ms) xte=0.00m spd=0.57m/s q=0 ggaAge=85 vtgAge=85 xteAge=1130790 xteraw=80:510302FF0D050BFF vt=Y(21/22) vtstat=2004/181ms tc=Y drp=0mm tcq=0
16:08:41.027 [ISOBUS] addr=0x81 claimed=Y load=14.8% msgs=40530 aiso=1057(1131790ms) xte=0.00m spd=0.57m/s q=0 ggaAge=85 vtgAge=85 xteAge=1131790 xteraw=80:510302FF0D050BFF vt=Y(21/22) vtstat=2006/181ms tc=Y drp=0mm tcq=0
16:08:41.846 W] [PR]: NACK-ing PGN request for PGN 60928 because no callback could handle it.
16:08:42.026 [ISOBUS] addr=0x81 claimed=Y load=15.0% msgs=40571 aiso=1058(1132790ms) xte=0.00m spd=0.57m/s q=0 ggaAge=85 vtgAge=85 xteAge=1132790 xteraw=80:510302FF0D050BFF vt=Y(21/22) vtstat=2008/177ms tc=Y drp=0mm tcq=0
16:08:43.033 [ISOBUS] addr=0x81 claimed=Y load=15.1% msgs=40612 aiso=1059(1133790ms) xte=0.00m spd=0.57m/s q=0 ggaAge=85 vtgAge=85 xteAge=1133790 xteraw=80:510302FF0D050BFF vt=Y(21/22) vtstat=2010/181ms tc=Y drp=0mm tcq=0
16:08:44.026 [ISOBUS] addr=0x81 claimed=Y load=14.9% msgs=40653 aiso=1060(1134790ms) xte=0.00m spd=0.57m/s q=0 ggaAge=85 vtgAge=85 xteAge=1134790 xteraw=80:510302FF0D050BFF vt=Y(21/22) vtstat=2012/181ms tc=Y drp=0mm tcq=0
16:08:44.870 W] [PR]: NACK-ing PGN request for PGN 60928 because no callback could handle it.
16:08:45.029 [ISOBUS] addr=0x81 claimed=Y load=15.3% msgs=40698 aiso=1061(1135790ms) xte=0.00m spd=0.57m/s q=0 ggaAge=85 vtgAge=85 xteAge=1135790 xteraw=80:510302FF0D050BFF vt=Y(21/22) vtstat=2014/177ms tc=Y drp=0mm tcq=0
16:08:46.034 [ISOBUS] addr=0x81 claimed=Y load=15.0% msgs=40739 aiso=1062(1136790ms) xte=0.00m spd=0.57m/s q=0 ggaAge=85 vtgAge=85 xteAge=1136790 xteraw=80:510302FF0D050BFF vt=Y(21/22) vtstat=2016/177ms tc=Y drp=0mm tcq=0
16:08:46.858 W] [PR]: NACK-ing PGN request for PGN 60928 because no callback could handle it.
16:08:47.041 [ISOBUS] addr=0x81 claimed=Y load=15.0% msgs=40780 aiso=1063(1137790ms) xte=0.00m spd=0.56m/s q=0 ggaAge=85 vtgAge=85 xteAge=1137790 xteraw=80:510302FF0D050BFF vt=Y(21/22) vtstat=2018/177ms tc=Y drp=0mm tcq=0
16:08:48.026 [ISOBUS] addr=0x81 claimed=Y load=14.8% msgs=40821 aiso=1064(1138790ms) xte=0.00m spd=0.57m/s q=0 ggaAge=77 vtgAge=77 xteAge=1138790 xteraw=80:510302FF0D050BFF vt=Y(21/22) vtstat=2020/177ms tc=Y drp=0mm tcq=0
16:08:49.029 [ISOBUS] addr=0x81 claimed=Y load=14.8% msgs=40862 aiso=1065(1139790ms) xte=0.00m spd=0.57m/s q=0 ggaAge=85 vtgAge=85 xteAge=1139790 xteraw=80:510302FF0D050BFF vt=Y(21/22) vtstat=2022/177ms tc=Y drp=0mm tcq=0
16:08:49.855 W] [PR]: NACK-ing PGN request for PGN 60928 because no callback could handle it.
16:08:50.027 [ISOBUS] addr=0x81 claimed=Y load=15.2% msgs=40903 aiso=1066(1140790ms) xte=0.00m spd=0.57m/s q=0 ggaAge=85 vtgAge=85 xteAge=1140790 xteraw=80:510302FF0D050BFF vt=Y(21/22) vtstat=2024/177ms tc=Y drp=0mm tcq=0
16:08:51.035 [ISOBUS] addr=0x81 claimed=Y load=14.8% msgs=40944 aiso=1067(1141790ms) xte=0.00m spd=0.57m/s q=0 ggaAge=85 vtgAge=85 xteAge=1141790 xteraw=80:510302FF0D050BFF vt=Y(21/22) vtstat=2026/173ms tc=Y drp=0mm tcq=0
16:08:51.851 W] [PR]: NACK-ing PGN request for PGN 60928 because no callback could handle it.
16:08:52.041 [ISOBUS] addr=0x81 claimed=Y load=15.1% msgs=40985 aiso=1068(1142790ms) xte=0.00m spd=0.57m/s q=0 ggaAge=85 vtgAge=85 xteAge=1142790 xteraw=80:510302FF0D050BFF vt=Y(21/22) vtstat=2028/173ms tc=Y drp=0mm tcq=0
16:08:53.028 [ISOBUS] addr=0x81 claimed=Y load=14.9% msgs=41026 aiso=1069(1143790ms) xte=0.00m spd=0.57m/s q=0 ggaAge=85 vtgAge=85 xteAge=1143790 xteraw=80:510302FF0D050BFF vt=Y(21/22) vtstat=2030/174ms tc=Y drp=0mm tcq=0
16:08:54.029 [ISOBUS] addr=0x81 claimed=Y load=15.0% msgs=41067 aiso=1070(1144790ms) xte=0.00m spd=0.57m/s q=0 ggaAge=86 vtgAge=86 xteAge=1144790 xteraw=80:510302FF0D050BFF vt=Y(21/22) vtstat=2032/174ms tc=Y drp=0mm tcq=0
16:08:54.851 W] [PR]: NACK-ing PGN request for PGN 60928 because no callback could handle it.
16:08:55.045 [ISOBUS] addr=0x81 claimed=Y load=15.5% msgs=41112 aiso=1071(1145790ms) xte=0.00m spd=0.57m/s q=0 ggaAge=86 vtgAge=86 xteAge=1145790 xteraw=80:510302FF0D050BFF vt=Y(21/22) vtstat=2034/174ms tc=Y drp=0mm tcq=0
16:08:56.044 [ISOBUS] addr=0x81 claimed=Y load=14.9% msgs=41153 aiso=1072(1146790ms) xte=0.00m spd=0.57m/s q=0 ggaAge=86 vtgAge=86 xteAge=1146790 xteraw=80:510302FF0D050BFF vt=Y(21/22) vtstat=2036/174ms tc=Y drp=0mm tcq=0
16:08:56.839 W] [PR]: NACK-ing PGN request for PGN 60928 because no callback could handle it.
16:08:57.025 [ISOBUS] addr=0x81 claimed=Y load=15.1% msgs=41194 aiso=1073(1147790ms) xte=0.00m spd=0.57m/s q=0 ggaAge=86 vtgAge=86 xteAge=1147790 xteraw=80:510302FF0D050BFF vt=Y(21/22) vtstat=2038/170ms tc=Y drp=0mm tcq=0
16:08:58.022 [ISOBUS] addr=0x81 claimed=Y load=14.9% msgs=41235 aiso=1074(1148790ms) xte=0.00m spd=0.57m/s q=0 ggaAge=86 vtgAge=86 xteAge=1148790 xteraw=80:510302FF0D050BFF vt=Y(21/22) vtstat=2040/170ms tc=Y drp=0mm tcq=0
16:08:59.047 [ISOBUS] addr=0x81 claimed=Y load=14.8% msgs=41276 aiso=1075(1149790ms) xte=0.00m spd=0.57m/s q=0 ggaAge=86 vtgAge=86 xteAge=1149790 xteraw=80:510302FF0D050BFF vt=Y(21/22) vtstat=2042/170ms tc=Y drp=0mm tcq=0
16:08:59.836 W] [PR]: NACK-ing PGN request for PGN 60928 because no callback could handle it.
16:09:00.026 [ISOBUS] addr=0x81 claimed=Y load=15.0% msgs=41317 aiso=1076(1150790ms) xte=0.00m spd=0.58m/s q=0 ggaAge=86 vtgAge=86 xteAge=1150790 xteraw=80:510302FF0D050BFF vt=Y(21/22) vtstat=2044/170ms tc=Y drp=0mm tcq=0
16:09:01.049 [ISOBUS] addr=0x81 claimed=Y load=14.8% msgs=41358 aiso=1077(1151790ms) xte=0.00m spd=0.57m/s q=0 ggaAge=86 vtgAge=86 xteAge=1151790 xteraw=80:510302FF0D050BFF vt=Y(21/22) vtstat=2046/170ms tc=Y drp=0mm tcq=0
16:09:01.875 W] [PR]: NACK-ing PGN request for PGN 60928 because no callback could handle it.
16:09:02.026 [ISOBUS] addr=0x81 claimed=Y load=14.9% msgs=41399 aiso=1078(1152790ms) xte=0.00m spd=0.57m/s q=0 ggaAge=86 vtgAge=86 xteAge=1152790 xteraw=80:510302FF0D050BFF vt=Y(21/22) vtstat=2048/170ms tc=Y drp=0mm tcq=0
16:09:03.042 [ISOBUS] addr=0x81 claimed=Y load=14.9% msgs=41440 aiso=1079(1153790ms) xte=0.00m spd=0.57m/s q=0 ggaAge=86 vtgAge=86 xteAge=1153790 xteraw=80:510302FF0D050BFF vt=Y(21/22) vtstat=2050/170ms tc=Y drp=0mm tcq=0
16:09:03.863 W] [PR]: NACK-ing PGN request for PGN 60928 because no callback could handle it.
16:09:04.048 [ISOBUS] addr=0x81 claimed=Y load=15.3% msgs=41481 aiso=1080(1154790ms) xte=0.00m spd=0.57m/s q=0 ggaAge=86 vtgAge=86 xteAge=1154790 xteraw=80:510302FF0D050BFF vt=Y(21/22) vtstat=2052/166ms tc=Y drp=0mm tcq=0
16:09:05.048 [ISOBUS] addr=0x81 claimed=Y load=15.0% msgs=41526 aiso=1081(1155790ms) xte=0.00m spd=0.56m/s q=0 ggaAge=86 vtgAge=86 xteAge=1155790 xteraw=80:510302FF0D050BFF vt=Y(21/22) vtstat=2054/166ms tc=Y drp=0mm tcq=0
16:09:06.051 [ISOBUS] addr=0x81 claimed=Y load=14.9% msgs=41567 aiso=1082(1156790ms) xte=0.00m spd=0.57m/s q=0 ggaAge=86 vtgAge=86 xteAge=1156790 xteraw=80:510302FF0D050BFF vt=Y(21/22) vtstat=2056/166ms tc=Y drp=0mm tcq=0
16:09:06.855 W] [PR]: NACK-ing PGN request for PGN 60928 because no callback could handle it.
16:09:07.048 [ISOBUS] addr=0x81 claimed=Y load=14.9% msgs=41608 aiso=1083(1157790ms) xte=0.00m spd=0.57m/s q=0 ggaAge=86 vtgAge=86 xteAge=1157790 xteraw=80:510302FF0D050BFF vt=Y(21/22) vtstat=2058/166ms tc=Y drp=0mm tcq=0
16:09:08.028 [ISOBUS] addr=0x81 claimed=Y load=14.7% msgs=41649 aiso=1084(1158790ms) xte=0.00m spd=0.57m/s q=0 ggaAge=86 vtgAge=86 xteAge=1158790 xteraw=80:510302FF0D050BFF vt=Y(21/22) vtstat=2060/166ms tc=Y drp=0mm tcq=0
16:09:08.861 W] [PR]: NACK-ing PGN request for PGN 60928 because no callback could handle it.
16:09:09.050 [ISOBUS] addr=0x81 claimed=Y load=15.2% msgs=41690 aiso=1085(1159790ms) xte=0.00m spd=0.57m/s q=0 ggaAge=86 vtgAge=86 xteAge=1159790 xteraw=80:510302FF0D050BFF vt=Y(21/22) vtstat=2062/166ms tc=Y drp=0mm tcq=0
16:09:10.043 [ISOBUS] addr=0x81 claimed=Y load=14.8% msgs=41731 aiso=1086(1160790ms) xte=0.00m spd=0.57m/s q=0 ggaAge=86 vtgAge=86 xteAge=1160790 xteraw=80:510302FF0D050BFF vt=Y(21/22) vtstat=2064/166ms tc=Y drp=0mm tcq=0
16:09:11.034 [ISOBUS] addr=0x81 claimed=Y load=14.9% msgs=41772 aiso=1087(1161790ms) xte=0.00m spd=0.57m/s q=0 ggaAge=86 vtgAge=82 xteAge=1161790 xteraw=80:510302FF0D050BFF vt=Y(21/22) vtstat=2066/162ms tc=Y drp=0mm tcq=0
16:09:11.857 W] [PR]: NACK-ing PGN request for PGN 60928 because no callback could handle it.
16:09:12.050 [ISOBUS] addr=0x81 claimed=Y load=15.2% msgs=41813 aiso=1088(1162790ms) xte=0.00m spd=0.56m/s q=0 ggaAge=86 vtgAge=82 xteAge=1162790 xteraw=80:510302FF0D050BFF vt=Y(21/22) vtstat=2068/162ms tc=Y drp=0mm tcq=0
16:09:13.046 [ISOBUS] addr=0x81 claimed=Y load=14.8% msgs=41854 aiso=1089(1163790ms) xte=0.00m spd=0.57m/s q=0 ggaAge=86 vtgAge=82 xteAge=1163790 xteraw=80:510302FF0D050BFF vt=Y(21/22) vtstat=2070/162ms tc=Y drp=0mm tcq=0
16:09:13.845 W] [PR]: NACK-ing PGN request for PGN 60928 because no callback could handle it.
16:09:14.037 [ISOBUS] addr=0x81 claimed=Y load=14.9% msgs=41895 aiso=1090(1164790ms) xte=0.00m spd=0.57m/s q=0 ggaAge=86 vtgAge=82 xteAge=1164790 xteraw=80:510302FF0D050BFF vt=Y(21/22) vtstat=2072/162ms tc=Y drp=0mm tcq=0
16:09:15.029 [ISOBUS] addr=0x81 claimed=Y load=15.2% msgs=41940 aiso=1091(1165790ms) xte=0.00m spd=0.57m/s q=0 ggaAge=86 vtgAge=82 xteAge=1165790 xteraw=80:510302FF0D050BFF vt=Y(21/22) vtstat=2074/162ms tc=Y drp=0mm tcq=0
16:09:16.043 [ISOBUS] addr=0x81 claimed=Y load=15.0% msgs=41981 aiso=1092(1166790ms) xte=0.00m spd=0.57m/s q=0 ggaAge=86 vtgAge=82 xteAge=1166790 xteraw=80:510302FF0D050BFF vt=Y(21/22) vtstat=2076/162ms tc=Y drp=0mm tcq=0
16:09:16.854 W] [PR]: NACK-ing PGN request for PGN 60928 because no callback could handle it.
16:09:17.038 [ISOBUS] addr=0x81 claimed=Y load=14.8% msgs=42022 aiso=1093(1167790ms) xte=0.00m spd=0.57m/s q=0 ggaAge=86 vtgAge=82 xteAge=1167790 xteraw=80:510302FF0D050BFF vt=Y(21/22) vtstat=2078/158ms tc=Y drp=0mm tcq=0
16:09:18.033 [ISOBUS] addr=0x81 claimed=Y load=14.9% msgs=42063 aiso=1094(1168790ms) xte=0.00m spd=0.57m/s q=0 ggaAge=82 vtgAge=82 xteAge=1168790 xteraw=80:510302FF0D050BFF vt=Y(21/22) vtstat=2080/158ms tc=Y drp=0mm tcq=0
16:09:18.858 W] [PR]: NACK-ing PGN request for PGN 60928 because no callback could handle it.
16:09:19.042 [ISOBUS] addr=0x81 claimed=Y load=15.1% msgs=42104 aiso=1095(1169790ms) xte=0.00m spd=0.57m/s q=0 ggaAge=82 vtgAge=82 xteAge=1169790 xteraw=80:510302FF0D050BFF vt=Y(21/22) vtstat=2082/158ms tc=Y drp=0mm tcq=0
16:09:20.028 [ISOBUS] addr=0x81 claimed=Y load=14.7% msgs=42145 aiso=1096(1170790ms) xte=0.00m spd=0.56m/s q=0 ggaAge=82 vtgAge=82 xteAge=1170790 xteraw=80:510302FF0D050BFF vt=Y(21/22) vtstat=2084/158ms tc=Y drp=0mm tcq=0
16:09:21.027 [ISOBUS] addr=0x81 claimed=Y load=14.7% msgs=42186 aiso=1097(1171790ms) xte=0.00m spd=0.57m/s q=0 ggaAge=82 vtgAge=82 xteAge=1171790 xteraw=80:510302FF0D050BFF vt=Y(21/22) vtstat=2086/158ms tc=Y drp=0mm tcq=0
16:09:21.863 W] [PR]: NACK-ing PGN request for PGN 60928 because no callback could handle it.
16:09:22.051 [ISOBUS] addr=0x81 claimed=Y load=15.0% msgs=42227 aiso=1098(1172790ms) xte=0.00m spd=0.57m/s q=0 ggaAge=82 vtgAge=82 xteAge=1172790 xteraw=80:510302FF0D050BFF vt=Y(21/22) vtstat=2088/158ms tc=Y drp=0mm tcq=0
16:09:23.027 [ISOBUS] addr=0x81 claimed=Y load=14.8% msgs=42268 aiso=1099(1173790ms) xte=0.00m spd=0.57m/s q=0 ggaAge=82 vtgAge=82 xteAge=1173790 xteraw=80:510302FF0D050BFF vt=Y(21/22) vtstat=2090/154ms tc=Y drp=0mm tcq=0
16:09:23.847 W] [PR]: NACK-ing PGN request for PGN 60928 because no callback could handle it.
16:09:24.024 [ISOBUS] addr=0x81 claimed=Y load=15.1% msgs=42309 aiso=1100(1174790ms) xte=0.00m spd=0.57m/s q=0 ggaAge=78 vtgAge=78 xteAge=1174790 xteraw=80:510302FF0D050BFF vt=Y(21/22) vtstat=2092/154ms tc=Y drp=0mm tcq=0
16:09:25.031 [ISOBUS] addr=0x81 claimed=Y load=15.4% msgs=42354 aiso=1101(1175790ms) xte=0.00m spd=0.56m/s q=0 ggaAge=82 vtgAge=82 xteAge=1175790 xteraw=80:510302FF0D050BFF vt=Y(21/22) vtstat=2094/154ms tc=Y drp=0mm tcq=0
16:09:26.028 [ISOBUS] addr=0x81 claimed=Y load=14.9% msgs=42395 aiso=1102(1176790ms) xte=0.00m spd=0.57m/s q=0 ggaAge=82 vtgAge=82 xteAge=1176790 xteraw=80:510302FF0D050BFF vt=Y(21/22) vtstat=2096/154ms tc=Y drp=0mm tcq=0
16:09:26.848 W] [PR]: NACK-ing PGN request for PGN 60928 because no callback could handle it.
16:09:27.046 [ISOBUS] addr=0x81 claimed=Y load=14.8% msgs=42436 aiso=1103(1177790ms) xte=0.00m spd=0.56m/s q=0 ggaAge=82 vtgAge=82 xteAge=1177790 xteraw=80:510302FF0D050BFF vt=Y(21/22) vtstat=2098/154ms tc=Y drp=0mm tcq=0
16:09:28.057 [ISOBUS] addr=0x81 claimed=Y load=14.8% msgs=42477 aiso=1104(1178790ms) xte=0.00m spd=0.58m/s q=0 ggaAge=82 vtgAge=78 xteAge=1178790 xteraw=80:510302FF0D050BFF vt=Y(21/22) vtstat=2100/154ms tc=Y drp=0mm tcq=0
16:09:28.865 W] [PR]: NACK-ing PGN request for PGN 60928 because no callback could handle it.
16:09:29.051 [ISOBUS] addr=0x81 claimed=Y load=14.9% msgs=42518 aiso=1105(1179790ms) xte=0.00m spd=0.56m/s q=0 ggaAge=82 vtgAge=82 xteAge=1179790 xteraw=80:510302FF0D050BFF vt=Y(21/22) vtstat=2102/150ms tc=Y drp=0mm tcq=0
16:09:30.037 [ISOBUS] addr=0x81 claimed=Y load=14.8% msgs=42559 aiso=1106(1180790ms) xte=0.00m spd=0.57m/s q=0 ggaAge=82 vtgAge=82 xteAge=1180790 xteraw=80:510302FF0D050BFF vt=Y(21/22) vtstat=2104/150ms tc=Y drp=0mm tcq=0
16:09:31.050 [ISOBUS] addr=0x81 claimed=Y load=14.8% msgs=42600 aiso=1107(1181790ms) xte=0.00m spd=0.57m/s q=0 ggaAge=82 vtgAge=82 xteAge=1181790 xteraw=80:510302FF0D050BFF vt=Y(21/22) vtstat=2106/150ms tc=Y drp=0mm tcq=0
16:09:31.863 W] [PR]: NACK-ing PGN request for PGN 60928 because no callback could handle it.
16:09:32.026 [ISOBUS] addr=0x81 claimed=Y load=15.0% msgs=42641 aiso=1108(1182790ms) xte=0.00m spd=0.57m/s q=0 ggaAge=82 vtgAge=82 xteAge=1182790 xteraw=80:510302FF0D050BFF vt=Y(21/22) vtstat=2108/150ms tc=Y drp=0mm tcq=0
16:09:33.040 [ISOBUS] addr=0x81 claimed=Y load=14.7% msgs=42682 aiso=1109(1183790ms) xte=0.00m spd=0.56m/s q=0 ggaAge=82 vtgAge=82 xteAge=1183790 xteraw=80:510302FF0D050BFF vt=Y(21/22) vtstat=2110/150ms tc=Y drp=0mm tcq=0
16:09:33.859 W] [PR]: NACK-ing PGN request for PGN 60928 because no callback could handle it.
16:09:34.051 [ISOBUS] addr=0x81 claimed=Y load=14.9% msgs=42723 aiso=1110(1184790ms) xte=0.00m spd=0.57m/s q=0 ggaAge=82 vtgAge=82 xteAge=1184790 xteraw=80:510302FF0D050BFF vt=Y(21/22) vtstat=2112/150ms tc=Y drp=0mm tcq=0
16:09:35.053 [ISOBUS] addr=0x81 claimed=Y load=15.1% msgs=42768 aiso=1111(1185790ms) xte=0.00m spd=0.57m/s q=0 ggaAge=82 vtgAge=82 xteAge=1185790 xteraw=80:510302FF0D050BFF vt=Y(21/22) vtstat=2114/146ms tc=Y drp=0mm tcq=0
16:09:36.039 [ISOBUS] addr=0x81 claimed=Y load=14.7% msgs=42809 aiso=1112(1186790ms) xte=0.00m spd=0.57m/s q=0 ggaAge=82 vtgAge=82 xteAge=1186790 xteraw=80:510302FF0D050BFF vt=Y(21/22) vtstat=2116/146ms tc=Y drp=0mm tcq=0
16:09:36.868 W] [PR]: NACK-ing PGN request for PGN 60928 because no callback could handle it.
16:09:37.037 [ISOBUS] addr=0x81 claimed=Y load=15.1% msgs=42850 aiso=1113(1187790ms) xte=0.00m spd=0.57m/s q=0 ggaAge=82 vtgAge=82 xteAge=1187790 xteraw=80:510302FF0D050BFF vt=Y(21/22) vtstat=2118/146ms tc=Y drp=0mm tcq=0
16:09:38.029 [ISOBUS] addr=0x81 claimed=Y load=14.9% msgs=42891 aiso=1114(1188790ms) xte=0.00m spd=0.57m/s q=0 ggaAge=82 vtgAge=82 xteAge=1188790 xteraw=80:510302FF0D050BFF vt=Y(21/22) vtstat=2120/146ms tc=Y drp=0mm tcq=0
16:09:38.853 W] [PR]: NACK-ing PGN request for PGN 60928 because no callback could handle it.
16:09:39.047 [ISOBUS] addr=0x81 claimed=Y load=15.0% msgs=42932 aiso=1115(1189790ms) xte=0.00m spd=0.57m/s q=0 ggaAge=82 vtgAge=79 xteAge=1189790 xteraw=80:510302FF0D050BFF vt=Y(21/22) vtstat=2122/146ms tc=Y drp=0mm tcq=0
16:09:40.060 [ISOBUS] addr=0x81 claimed=Y load=15.1% msgs=42973 aiso=1116(1190790ms) xte=0.00m spd=0.57m/s q=0 ggaAge=83 vtgAge=79 xteAge=1190790 xteraw=80:510302FF0D050BFF vt=Y(21/22) vtstat=2124/146ms tc=Y drp=0mm tcq=0
16:09:41.040 [ISOBUS] addr=0x81 claimed=Y load=14.9% msgs=43014 aiso=1117(1191790ms) xte=0.00m spd=0.58m/s q=0 ggaAge=79 vtgAge=79 xteAge=1191790 xteraw=80:510302FF0D050BFF vt=Y(21/22) vtstat=2126/143ms tc=Y drp=0mm tcq=0
16:09:41.864 W] [PR]: NACK-ing PGN request for PGN 60928 because no callback could handle it.
16:09:42.034 [ISOBUS] addr=0x81 claimed=Y load=15.0% msgs=43055 aiso=1118(1192790ms) xte=0.00m spd=0.57m/s q=0 ggaAge=83 vtgAge=79 xteAge=1192790 xteraw=80:510302FF0D050BFF vt=Y(21/22) vtstat=2128/143ms tc=Y drp=0mm tcq=0
16:09:43.051 [ISOBUS] addr=0x81 claimed=Y load=15.1% msgs=43096 aiso=1119(1193790ms) xte=0.00m spd=0.57m/s q=0 ggaAge=83 vtgAge=83 xteAge=1193790 xteraw=80:510302FF0D050BFF vt=Y(21/22) vtstat=2130/143ms tc=Y drp=0mm tcq=0
16:09:43.870 W] [PR]: NACK-ing PGN request for PGN 60928 because no callback could handle it.
16:09:44.032 [ISOBUS] addr=0x81 claimed=Y load=15.4% msgs=43137 aiso=1120(1194790ms) xte=0.00m spd=0.57m/s q=0 ggaAge=83 vtgAge=83 xteAge=1194790 xteraw=80:510302FF0D050BFF vt=Y(21/22) vtstat=2132/143ms tc=Y drp=0mm tcq=0
16:09:45.052 [ISOBUS] addr=0x81 claimed=Y load=15.2% msgs=43182 aiso=1121(1195790ms) xte=0.00m spd=0.57m/s q=0 ggaAge=83 vtgAge=79 xteAge=1195790 xteraw=80:510302FF0D050BFF vt=Y(21/22) vtstat=2134/143ms tc=Y drp=0mm tcq=0
16:09:46.034 [ISOBUS] addr=0x81 claimed=Y load=15.1% msgs=43223 aiso=1122(1196790ms) xte=0.00m spd=0.57m/s q=0 ggaAge=83 vtgAge=79 xteAge=1196790 xteraw=80:510302FF0D050BFF vt=Y(21/22) vtstat=2136/143ms tc=Y drp=0mm tcq=0
16:09:46.863 W] [PR]: NACK-ing PGN request for PGN 60928 because no callback could handle it.
16:09:47.024 [ISOBUS] addr=0x81 claimed=Y load=14.9% msgs=43264 aiso=1123(1197790ms) xte=0.00m spd=0.57m/s q=0 ggaAge=79 vtgAge=79 xteAge=1197790 xteraw=80:510302FF0D050BFF vt=Y(21/22) vtstat=2138/139ms tc=Y drp=0mm tcq=0
16:09:48.054 [ISOBUS] addr=0x81 claimed=Y load=14.9% msgs=43305 aiso=1124(1198790ms) xte=0.00m spd=0.57m/s q=0 ggaAge=83 vtgAge=79 xteAge=1198790 xteraw=80:510302FF0D050BFF vt=Y(21/22) vtstat=2140/139ms tc=Y drp=0mm tcq=0
16:09:48.866 W] [PR]: NACK-ing PGN request for PGN 60928 because no callback could handle it.
16:09:49.024 [ISOBUS] addr=0x81 claimed=Y load=15.1% msgs=43346 aiso=1125(1199790ms) xte=0.00m spd=0.57m/s q=0 ggaAge=79 vtgAge=79 xteAge=1199790 xteraw=80:510302FF0D050BFF vt=Y(21/22) vtstat=2142/139ms tc=Y drp=0mm tcq=0
16:09:50.041 [ISOBUS] addr=0x81 claimed=Y load=15.1% msgs=43387 aiso=1126(1200790ms) xte=0.00m spd=0.57m/s q=0 ggaAge=83 vtgAge=79 xteAge=1200790 xteraw=80:510302FF0D050BFF vt=Y(21/22) vtstat=2144/139ms tc=Y drp=0mm tcq=0
16:09:51.051 [ISOBUS] addr=0x81 claimed=Y load=14.9% msgs=43428 aiso=1127(1201790ms) xte=0.00m spd=0.57m/s q=0 ggaAge=79 vtgAge=79 xteAge=1201790 xteraw=80:510302FF0D050BFF vt=Y(21/22) vtstat=2146/139ms tc=Y drp=0mm tcq=0
16:09:51.876 W] [PR]: NACK-ing PGN request for PGN 60928 because no callback could handle it.
16:09:52.038 [ISOBUS] addr=0x81 claimed=Y load=14.9% msgs=43469 aiso=1128(1202790ms) xte=0.00m spd=0.56m/s q=0 ggaAge=79 vtgAge=79 xteAge=1202790 xteraw=80:510302FF0D050BFF vt=Y(21/22) vtstat=2148/139ms tc=Y drp=0mm tcq=0
16:09:53.042 [ISOBUS] addr=0x81 claimed=Y load=14.8% msgs=43510 aiso=1129(1203790ms) xte=0.00m spd=0.57m/s q=0 ggaAge=83 vtgAge=79 xteAge=1203790 xteraw=80:510302FF0D050BFF vt=Y(21/22) vtstat=2150/139ms tc=Y drp=0mm tcq=0
16:09:53.859 W] [PR]: NACK-ing PGN request for PGN 60928 because no callback could handle it.
16:09:54.049 [ISOBUS] addr=0x81 claimed=Y load=14.9% msgs=43551 aiso=1130(1204790ms) xte=0.00m spd=0.58m/s q=0 ggaAge=79 vtgAge=79 xteAge=1204790 xteraw=80:510302FF0D050BFF vt=Y(21/22) vtstat=2152/135ms tc=Y drp=0mm tcq=0
16:09:55.034 [ISOBUS] addr=0x81 claimed=Y load=15.4% msgs=43596 aiso=1131(1205790ms) xte=0.00m spd=0.57m/s q=0 ggaAge=79 vtgAge=79 xteAge=1205790 xteraw=80:510302FF0D050BFF vt=Y(21/22) vtstat=2154/135ms tc=Y drp=0mm tcq=0
16:09:56.027 [ISOBUS] addr=0x81 claimed=Y load=14.7% msgs=43637 aiso=1132(1206790ms) xte=0.00m spd=0.57m/s q=0 ggaAge=83 vtgAge=79 xteAge=1206790 xteraw=80:510302FF0D050BFF vt=Y(21/22) vtstat=2156/135ms tc=Y drp=0mm tcq=0
16:09:56.853 W] [PR]: NACK-ing PGN request for PGN 60928 because no callback could handle it.
16:09:57.045 [ISOBUS] addr=0x81 claimed=Y load=15.0% msgs=43678 aiso=1133(1207790ms) xte=0.00m spd=0.53m/s q=0 ggaAge=79 vtgAge=79 xteAge=1207790 xteraw=80:510302FF0D050BFF vt=Y(21/22) vtstat=2158/135ms tc=Y drp=0mm tcq=0
16:09:58.053 [ISOBUS] addr=0x81 claimed=Y load=15.5% msgs=43719 aiso=1134(1208790ms) xte=0.00m spd=0.06m/s q=0 ggaAge=79 vtgAge=79 xteAge=1208790 xteraw=80:510302FF0D050BFF vt=Y(21/22) vtstat=2160/135ms tc=Y drp=0mm tcq=0
16:09:58.848 W] [PR]: NACK-ing PGN request for PGN 60928 because no callback could handle it.
16:09:59.036 [ISOBUS] addr=0x81 claimed=Y load=15.2% msgs=43760 aiso=1135(1209790ms) xte=0.00m spd=0.31m/s q=0 ggaAge=79 vtgAge=79 xteAge=1209790 xteraw=80:510302FF0D050BFF vt=Y(21/22) vtstat=2162/135ms tc=Y drp=0mm tcq=0
16:10:00.037 [ISOBUS] addr=0x81 claimed=Y load=15.0% msgs=43801 aiso=1136(1210790ms) xte=0.00m spd=0.56m/s q=0 ggaAge=83 vtgAge=79 xteAge=1210790 xteraw=80:510302FF0D050BFF vt=Y(21/22) vtstat=2164/135ms tc=Y drp=0mm tcq=0
16:10:01.048 [ISOBUS] addr=0x81 claimed=Y load=14.7% msgs=43842 aiso=1137(1211790ms) xte=0.00m spd=0.57m/s q=0 ggaAge=79 vtgAge=75 xteAge=1211790 xteraw=80:510302FF0D050BFF vt=Y(21/22) vtstat=2166/131ms tc=Y drp=0mm tcq=0
16:10:01.878 W] [PR]: NACK-ing PGN request for PGN 60928 because no callback could handle it.
16:10:02.031 [ISOBUS] addr=0x81 claimed=Y load=15.0% msgs=43883 aiso=1138(1212790ms) xte=0.00m spd=0.58m/s q=0 ggaAge=79 vtgAge=79 xteAge=1212790 xteraw=80:510302FF0D050BFF vt=Y(21/22) vtstat=2168/131ms tc=Y drp=0mm tcq=0
16:10:03.043 [ISOBUS] addr=0x81 claimed=Y load=15.1% msgs=43924 aiso=1139(1213790ms) xte=0.00m spd=0.70m/s q=0 ggaAge=79 vtgAge=75 xteAge=1213790 xteraw=80:510302FF0D050BFF vt=Y(21/22) vtstat=2170/131ms tc=Y drp=0mm tcq=0
16:10:03.872 W] [PR]: NACK-ing PGN request for PGN 60928 because no callback could handle it.
16:10:04.032 [ISOBUS] addr=0x81 claimed=Y load=15.4% msgs=43965 aiso=1140(1214790ms) xte=0.00m spd=0.88m/s q=0 ggaAge=83 vtgAge=79 xteAge=1214790 xteraw=80:510302FF0D050BFF vt=Y(21/22) vtstat=2172/131ms tc=Y drp=0mm tcq=0
16:10:05.039 [ISOBUS] addr=0x81 claimed=Y load=15.4% msgs=44010 aiso=1141(1215790ms) xte=0.00m spd=0.92m/s q=0 ggaAge=79 vtgAge=79 xteAge=1215790 xteraw=80:510302FF0D050BFF vt=Y(21/22) vtstat=2174/131ms tc=Y drp=0mm tcq=0
16:10:06.028 [ISOBUS] addr=0x81 claimed=Y load=15.1% msgs=44051 aiso=1142(1216790ms) xte=0.00m spd=1.10m/s q=0 ggaAge=79 vtgAge=79 xteAge=1216790 xteraw=80:510302FF0D050BFF vt=Y(21/22) vtstat=2176/131ms tc=Y drp=0mm tcq=0
16:10:06.869 W] [PR]: NACK-ing PGN request for PGN 60928 because no callback could handle it.
16:10:07.030 [ISOBUS] addr=0x81 claimed=Y load=15.3% msgs=44092 aiso=1143(1217790ms) xte=0.00m spd=1.28m/s q=0 ggaAge=79 vtgAge=79 xteAge=1217790 xteraw=80:510302FF0D050BFF vt=Y(21/22) vtstat=2178/127ms tc=Y drp=0mm tcq=0
16:10:08.050 [ISOBUS] addr=0x81 claimed=Y load=14.9% msgs=44133 aiso=1144(1218790ms) xte=0.00m spd=1.35m/s q=0 ggaAge=79 vtgAge=79 xteAge=1218790 xteraw=80:510302FF0D050BFF vt=Y(21/22) vtstat=2180/127ms tc=Y drp=0mm tcq=0
16:10:08.874 W] [PR]: NACK-ing PGN request for PGN 60928 because no callback could handle it.
16:10:09.038 [ISOBUS] addr=0x81 claimed=Y load=15.5% msgs=44174 aiso=1145(1219790ms) xte=0.00m spd=1.65m/s q=0 ggaAge=79 vtgAge=79 xteAge=1219790 xteraw=80:510302FF0D050BFF vt=Y(21/22) vtstat=2182/127ms tc=Y drp=0mm tcq=0
16:10:10.060 [ISOBUS] addr=0x81 claimed=Y load=14.8% msgs=44215 aiso=1146(1220790ms) xte=0.00m spd=1.62m/s q=0 ggaAge=79 vtgAge=79 xteAge=1220790 xteraw=80:510302FF0D050BFF vt=Y(21/22) vtstat=2184/127ms tc=Y drp=0mm tcq=0
16:10:11.049 [ISOBUS] addr=0x81 claimed=Y load=14.6% msgs=44256 aiso=1147(1221790ms) xte=0.00m spd=1.62m/s q=0 ggaAge=79 vtgAge=79 xteAge=1221790 xteraw=80:510302FF0D050BFF vt=Y(21/22) vtstat=2186/127ms tc=Y drp=0mm tcq=0
16:10:11.873 W] [PR]: NACK-ing PGN request for PGN 60928 because no callback could handle it.
16:10:12.032 [ISOBUS] addr=0x81 claimed=Y load=14.9% msgs=44297 aiso=1148(1222790ms) xte=0.00m spd=1.64m/s q=0 ggaAge=79 vtgAge=79 xteAge=1222790 xteraw=80:510302FF0D050BFF vt=Y(21/22) vtstat=2188/127ms tc=Y drp=0mm tcq=0
16:10:13.052 [ISOBUS] addr=0x81 claimed=Y load=14.6% msgs=44338 aiso=1149(1223790ms) xte=0.00m spd=1.64m/s q=0 ggaAge=79 vtgAge=79 xteAge=1223790 xteraw=80:510302FF0D050BFF vt=Y(21/22) vtstat=2190/123ms tc=Y drp=0mm tcq=0
16:10:13.874 W] [PR]: NACK-ing PGN request for PGN 60928 because no callback could handle it.
16:10:14.032 [ISOBUS] addr=0x81 claimed=Y load=14.9% msgs=44379 aiso=1150(1224790ms) xte=0.00m spd=1.62m/s q=0 ggaAge=79 vtgAge=79 xteAge=1224790 xteraw=80:510302FF0D050BFF vt=Y(21/22) vtstat=2192/123ms tc=Y drp=0mm tcq=0
16:10:15.044 [ISOBUS] addr=0x81 claimed=Y load=15.1% msgs=44424 aiso=1151(1225790ms) xte=0.00m spd=1.64m/s q=0 ggaAge=79 vtgAge=79 xteAge=1225790 xteraw=80:510302FF0D050BFF vt=Y(21/22) vtstat=2194/123ms tc=Y drp=0mm tcq=0
16:10:16.030 [ISOBUS] addr=0x81 claimed=Y load=14.8% msgs=44465 aiso=1152(1226790ms) xte=0.00m spd=1.64m/s q=0 ggaAge=79 vtgAge=79 xteAge=1226790 xteraw=80:510302FF0D050BFF vt=Y(21/22) vtstat=2196/123ms tc=Y drp=0mm tcq=0
16:10:16.865 W] [PR]: NACK-ing PGN request for PGN 60928 because no callback could handle it.
16:10:17.054 [ISOBUS] addr=0x81 claimed=Y load=14.9% msgs=44506 aiso=1153(1227790ms) xte=0.00m spd=1.64m/s q=0 ggaAge=79 vtgAge=79 xteAge=1227790 xteraw=80:510302FF0D050BFF vt=Y(21/22) vtstat=2198/123ms tc=Y drp=0mm tcq=0
16:10:18.037 [ISOBUS] addr=0x81 claimed=Y load=14.9% msgs=44547 aiso=1154(1228790ms) xte=0.00m spd=1.63m/s q=0 ggaAge=79 vtgAge=79 xteAge=1228790 xteraw=80:510302FF0D050BFF vt=Y(21/22) vtstat=2200/123ms tc=Y drp=0mm tcq=0
16:10:18.854 W] [PR]: NACK-ing PGN request for PGN 60928 because no callback could handle it.
16:10:19.045 [ISOBUS] addr=0x81 claimed=Y load=14.8% msgs=44588 aiso=1155(1229790ms) xte=0.00m spd=1.64m/s q=0 ggaAge=79 vtgAge=79 xteAge=1229790 xteraw=80:510302FF0D050BFF vt=Y(21/22) vtstat=2202/123ms tc=Y drp=0mm tcq=0
16:10:20.044 [ISOBUS] addr=0x81 claimed=Y load=14.8% msgs=44629 aiso=1156(1230790ms) xte=0.00m spd=1.63m/s q=0 ggaAge=79 vtgAge=79 xteAge=1230790 xteraw=80:510302FF0D050BFF vt=Y(21/22) vtstat=2204/119ms tc=Y drp=0mm tcq=0
16:10:21.032 [ISOBUS] addr=0x81 claimed=Y load=14.6% msgs=44670 aiso=1157(1231790ms) xte=0.00m spd=1.63m/s q=0 ggaAge=79 vtgAge=79 xteAge=1231790 xteraw=80:510302FF0D050BFF vt=Y(21/22) vtstat=2206/119ms tc=Y drp=0mm tcq=0
16:10:21.864 W] [PR]: NACK-ing PGN request for PGN 60928 because no callback could handle it.
16:10:22.047 [ISOBUS] addr=0x81 claimed=Y load=14.8% msgs=44711 aiso=1158(1232790ms) xte=0.00m spd=1.64m/s q=0 ggaAge=79 vtgAge=79 xteAge=1232790 xteraw=80:510302FF0D050BFF vt=Y(21/22) vtstat=2208/119ms tc=Y drp=0mm tcq=0
16:10:23.052 [ISOBUS] addr=0x81 claimed=Y load=14.6% msgs=44752 aiso=1159(1233790ms) xte=0.00m spd=1.63m/s q=0 ggaAge=79 vtgAge=75 xteAge=1233790 xteraw=80:510302FF0D050BFF vt=Y(21/22) vtstat=2210/119ms tc=Y drp=0mm tcq=0
16:10:23.851 W] [PR]: NACK-ing PGN request for PGN 60928 because no callback could handle it.
16:10:24.043 [ISOBUS] addr=0x81 claimed=Y load=15.1% msgs=44793 aiso=1160(1234790ms) xte=0.00m spd=1.64m/s q=0 ggaAge=79 vtgAge=79 xteAge=1234790 xteraw=80:510302FF0D050BFF vt=Y(21/22) vtstat=2212/119ms tc=Y drp=0mm tcq=0
16:10:25.043 [ISOBUS] addr=0x81 claimed=Y load=15.2% msgs=44838 aiso=1161(1235790ms) xte=0.00m spd=1.63m/s q=0 ggaAge=79 vtgAge=79 xteAge=1235790 xteraw=80:510302FF0D050BFF vt=Y(21/22) vtstat=2214/119ms tc=Y drp=0mm tcq=0
16:10:26.065 [ISOBUS] addr=0x81 claimed=Y load=14.7% msgs=44879 aiso=1162(1236790ms) xte=0.00m spd=1.65m/s q=0 ggaAge=79 vtgAge=79 xteAge=1236790 xteraw=80:510302FF0D050BFF vt=Y(21/22) vtstat=2216/119ms tc=Y drp=0mm tcq=0
16:10:26.858 W] [PR]: NACK-ing PGN request for PGN 60928 because no callback could handle it.
16:10:27.045 [ISOBUS] addr=0x81 claimed=Y load=14.8% msgs=44920 aiso=1163(1237790ms) xte=0.00m spd=1.62m/s q=0 ggaAge=79 vtgAge=79 xteAge=1237790 xteraw=80:510302FF0D050BFF vt=Y(21/22) vtstat=2218/116ms tc=Y drp=0mm tcq=0
16:10:28.044 [ISOBUS] addr=0x81 claimed=Y load=14.9% msgs=44961 aiso=1164(1238790ms) xte=0.00m spd=1.62m/s q=0 ggaAge=80 vtgAge=80 xteAge=1238790 xteraw=80:510302FF0D050BFF vt=Y(21/22) vtstat=2220/116ms tc=Y drp=0mm tcq=0
16:10:28.868 W] [PR]: NACK-ing PGN request for PGN 60928 because no callback could handle it.
16:10:29.041 [ISOBUS] addr=0x81 claimed=Y load=15.0% msgs=45002 aiso=1165(1239790ms) xte=0.00m spd=1.63m/s q=0 ggaAge=80 vtgAge=80 xteAge=1239790 xteraw=80:510302FF0D050BFF vt=Y(21/22) vtstat=2222/116ms tc=Y drp=0mm tcq=0
16:10:30.032 [ISOBUS] addr=0x81 claimed=Y load=15.1% msgs=45043 aiso=1166(1240790ms) xte=0.00m spd=1.37m/s q=0 ggaAge=80 vtgAge=80 xteAge=1240790 xteraw=80:510302FF0D050BFF vt=Y(21/22) vtstat=2224/116ms tc=Y drp=0mm tcq=0
16:10:31.030 [ISOBUS] addr=0x81 claimed=Y load=15.1% msgs=45084 aiso=1167(1241790ms) xte=0.00m spd=1.30m/s q=0 ggaAge=80 vtgAge=76 xteAge=1241790 xteraw=80:510302FF0D050BFF vt=Y(21/22) vtstat=2226/116ms tc=Y drp=0mm tcq=0
16:10:31.851 W] [PR]: NACK-ing PGN request for PGN 60928 because no callback could handle it.
16:10:32.041 [ISOBUS] addr=0x81 claimed=Y load=15.5% msgs=45125 aiso=1168(1242790ms) xte=0.00m spd=1.05m/s q=0 ggaAge=80 vtgAge=80 xteAge=1242790 xteraw=80:510302FF0D050BFF vt=Y(21/22) vtstat=2228/116ms tc=Y drp=0mm tcq=0
16:10:33.034 [ISOBUS] addr=0x81 claimed=Y load=15.2% msgs=45166 aiso=1169(1243790ms) xte=0.00m spd=0.89m/s q=0 ggaAge=80 vtgAge=80 xteAge=1243790 xteraw=80:510302FF0D050BFF vt=Y(21/22) vtstat=2230/112ms tc=Y drp=0mm tcq=0
16:10:33.884 W] [PR]: NACK-ing PGN request for PGN 60928 because no callback could handle it.
16:10:34.040 [ISOBUS] addr=0x81 claimed=Y load=15.2% msgs=45207 aiso=1170(1244790ms) xte=0.00m spd=0.68m/s q=0 ggaAge=80 vtgAge=80 xteAge=1244790 xteraw=80:510302FF0D050BFF vt=Y(21/22) vtstat=2232/112ms tc=Y drp=0mm tcq=0
16:10:35.036 [ISOBUS] addr=0x81 claimed=Y load=15.5% msgs=45252 aiso=1171(1245790ms) xte=0.00m spd=0.50m/s q=0 ggaAge=80 vtgAge=80 xteAge=1245790 xteraw=80:510302FF0D050BFF vt=Y(21/22) vtstat=2234/112ms tc=Y drp=0mm tcq=0
16:10:36.047 [ISOBUS] addr=0x81 claimed=Y load=15.2% msgs=45293 aiso=1172(1246790ms) xte=0.00m spd=0.48m/s q=0 ggaAge=80 vtgAge=76 xteAge=1246790 xteraw=80:510302FF0D050BFF vt=Y(21/22) vtstat=2236/112ms tc=Y drp=0mm tcq=0
16:10:36.878 W] [PR]: NACK-ing PGN request for PGN 60928 because no callback could handle it.
16:10:37.033 [ISOBUS] addr=0x81 claimed=Y load=14.6% msgs=45334 aiso=1173(1247790ms) xte=0.00m spd=0.48m/s q=0 ggaAge=80 vtgAge=80 xteAge=1247790 xteraw=80:510302FF0D050BFF vt=Y(21/22) vtstat=2238/112ms tc=Y drp=0mm tcq=0
16:10:38.034 [ISOBUS] addr=0x81 claimed=Y load=14.7% msgs=45375 aiso=1174(1248790ms) xte=0.00m spd=0.48m/s q=0 ggaAge=80 vtgAge=80 xteAge=1248790 xteraw=80:510302FF0D050BFF vt=Y(21/22) vtstat=2240/112ms tc=Y drp=0mm tcq=0
16:10:38.873 W] [PR]: NACK-ing PGN request for PGN 60928 because no callback could handle it.
16:10:39.030 [ISOBUS] addr=0x81 claimed=Y load=15.0% msgs=45416 aiso=1175(1249790ms) xte=0.00m spd=0.57m/s q=0 ggaAge=80 vtgAge=80 xteAge=1249790 xteraw=80:510302FF0D050BFF vt=Y(21/22) vtstat=2242/108ms tc=Y drp=0mm tcq=0
16:10:40.045 [ISOBUS] addr=0x81 claimed=Y load=14.8% msgs=45457 aiso=1176(1250790ms) xte=0.00m spd=0.58m/s q=0 ggaAge=80 vtgAge=80 xteAge=1250790 xteraw=80:510302FF0D050BFF vt=Y(21/22) vtstat=2244/108ms tc=Y drp=0mm tcq=0
16:10:41.042 [ISOBUS] addr=0x81 claimed=Y load=15.3% msgs=45498 aiso=1177(1251790ms) xte=0.00m spd=0.33m/s q=0 ggaAge=76 vtgAge=76 xteAge=1251790 xteraw=80:510302FF0D050BFF vt=Y(21/22) vtstat=2246/108ms tc=Y drp=0mm tcq=0
16:10:41.863 W] [PR]: NACK-ing PGN request for PGN 60928 because no callback could handle it.
16:10:42.057 [ISOBUS] addr=0x81 claimed=Y load=15.3% msgs=45539 aiso=1178(1252790ms) xte=0.00m spd=0.09m/s q=0 ggaAge=80 vtgAge=76 xteAge=1252790 xteraw=80:510302FF0D050BFF vt=Y(21/22) vtstat=2248/108ms tc=Y drp=0mm tcq=0
16:10:43.031 [ISOBUS] addr=0x81 claimed=Y load=15.4% msgs=45580 aiso=1179(1253790ms) xte=0.00m spd=0.40m/s q=0 ggaAge=80 vtgAge=80 xteAge=1253790 xteraw=80:510302FF0D050BFF vt=Y(21/22) vtstat=2250/108ms tc=Y drp=0mm tcq=0
16:10:43.877 W] [PR]: NACK-ing PGN request for PGN 60928 because no callback could handle it.
16:10:44.042 [ISOBUS] addr=0x81 claimed=Y load=15.4% msgs=45621 aiso=1180(1254790ms) xte=0.00m spd=0.54m/s q=0 ggaAge=80 vtgAge=76 xteAge=1254790 xteraw=80:510302FF0D050BFF vt=Y(21/22) vtstat=2252/108ms tc=Y drp=0mm tcq=0
16:10:45.035 [ISOBUS] addr=0x81 claimed=Y load=15.1% msgs=45666 aiso=1181(1255790ms) xte=0.00m spd=0.54m/s q=0 ggaAge=80 vtgAge=80 xteAge=1255790 xteraw=80:510302FF0D050BFF vt=Y(21/22) vtstat=2254/108ms tc=Y drp=0mm tcq=0
16:10:46.029 [ISOBUS] addr=0x81 claimed=Y load=14.7% msgs=45707 aiso=1182(1256790ms) xte=0.00m spd=0.56m/s q=0 ggaAge=80 vtgAge=80 xteAge=1256790 xteraw=80:510302FF0D050BFF vt=Y(21/22) vtstat=2256/104ms tc=Y drp=0mm tcq=0
16:10:46.864 W] [PR]: NACK-ing PGN request for PGN 60928 because no callback could handle it.
16:10:47.049 [ISOBUS] addr=0x81 claimed=Y load=14.7% msgs=45748 aiso=1183(1257790ms) xte=0.00m spd=0.58m/s q=0 ggaAge=80 vtgAge=80 xteAge=1257790 xteraw=80:510302FF0D050BFF vt=Y(21/22) vtstat=2258/104ms tc=Y drp=0mm tcq=0
16:10:48.053 [ISOBUS] addr=0x81 claimed=Y load=15.0% msgs=45789 aiso=1184(1258790ms) xte=0.00m spd=0.58m/s q=0 ggaAge=76 vtgAge=76 xteAge=1258790 xteraw=80:510302FF0D050BFF vt=Y(21/22) vtstat=2260/104ms tc=Y drp=0mm tcq=0
16:10:48.850 W] [PR]: NACK-ing PGN request for PGN 60928 because no callback could handle it.
16:10:49.042 [ISOBUS] addr=0x81 claimed=Y load=15.2% msgs=45830 aiso=1185(1259790ms) xte=0.00m spd=0.57m/s q=0 ggaAge=80 vtgAge=76 xteAge=1259790 xteraw=80:510302FF0D050BFF vt=Y(21/22) vtstat=2262/104ms tc=Y drp=0mm tcq=0
16:10:50.059 [ISOBUS] addr=0x81 claimed=Y load=15.0% msgs=45871 aiso=1186(1260790ms) xte=0.00m spd=0.58m/s q=0 ggaAge=80 vtgAge=76 xteAge=1260790 xteraw=80:510302FF0D050BFF vt=Y(21/22) vtstat=2264/104ms tc=Y drp=0mm tcq=0
16:10:51.031 [ISOBUS] addr=0x81 claimed=Y load=14.9% msgs=45912 aiso=1187(1261790ms) xte=0.00m spd=0.56m/s q=0 ggaAge=80 vtgAge=80 xteAge=1261790 xteraw=80:510302FF0D050BFF vt=Y(21/22) vtstat=2266/104ms tc=Y drp=0mm tcq=0
16:10:51.877 W] [PR]: NACK-ing PGN request for PGN 60928 because no callback could handle it.
16:10:52.029 [ISOBUS] addr=0x81 claimed=Y load=15.3% msgs=45953 aiso=1188(1262790ms) xte=0.00m spd=0.56m/s q=0 ggaAge=80 vtgAge=76 xteAge=1262790 xteraw=80:510302FF0D050BFF vt=Y(21/22) vtstat=2268/100ms tc=Y drp=0mm tcq=0
16:10:53.057 [ISOBUS] addr=0x81 claimed=Y load=14.9% msgs=45994 aiso=1189(1263790ms) xte=0.00m spd=0.57m/s q=0 ggaAge=80 vtgAge=80 xteAge=1263790 xteraw=80:510302FF0D050BFF vt=Y(21/22) vtstat=2270/100ms tc=Y drp=0mm tcq=0
16:10:53.858 W] [PR]: NACK-ing PGN request for PGN 60928 because no callback could handle it.
16:10:54.050 [ISOBUS] addr=0x81 claimed=Y load=15.1% msgs=46035 aiso=1190(1264790ms) xte=0.00m spd=0.57m/s q=0 ggaAge=80 vtgAge=80 xteAge=1264790 xteraw=80:510302FF0D050BFF vt=Y(21/22) vtstat=2272/100ms tc=Y drp=0mm tcq=0
16:10:55.046 [ISOBUS] addr=0x81 claimed=Y load=15.1% msgs=46080 aiso=1191(1265790ms) xte=0.00m spd=0.57m/s q=0 ggaAge=80 vtgAge=80 xteAge=1265790 xteraw=80:510302FF0D050BFF vt=Y(21/22) vtstat=2274/100ms tc=Y drp=0mm tcq=0
16:10:56.065 [ISOBUS] addr=0x81 claimed=Y load=15.0% msgs=46121 aiso=1192(1266790ms) xte=0.00m spd=0.57m/s q=0 ggaAge=80 vtgAge=80 xteAge=1266790 xteraw=80:510302FF0D050BFF vt=Y(21/22) vtstat=2276/100ms tc=Y drp=0mm tcq=0
16:10:56.880 W] [PR]: NACK-ing PGN request for PGN 60928 because no callback could handle it.
16:10:57.060 [ISOBUS] addr=0x81 claimed=Y load=15.3% msgs=46162 aiso=1193(1267790ms) xte=0.00m spd=0.57m/s q=0 ggaAge=80 vtgAge=76 xteAge=1267790 xteraw=80:510302FF0D050BFF vt=Y(21/22) vtstat=2278/100ms tc=Y drp=0mm tcq=0
16:10:58.050 [ISOBUS] addr=0x81 claimed=Y load=14.9% msgs=46203 aiso=1194(1268790ms) xte=0.00m spd=0.55m/s q=0 ggaAge=80 vtgAge=76 xteAge=1268790 xteraw=80:510302FF0D050BFF vt=Y(21/22) vtstat=2280/100ms tc=Y drp=0mm tcq=0
16:10:58.849 W] [PR]: NACK-ing PGN request for PGN 60928 because no callback could handle it.
16:10:59.059 [ISOBUS] addr=0x81 claimed=Y load=15.4% msgs=46244 aiso=1195(1269790ms) xte=0.00m spd=0.38m/s q=0 ggaAge=80 vtgAge=80 xteAge=1269790 xteraw=80:510302FF0D050BFF vt=Y(21/22) vtstat=2282/96ms tc=Y drp=0mm tcq=0
16:11:00.040 [ISOBUS] addr=0x81 claimed=Y load=15.0% msgs=46285 aiso=1196(1270790ms) xte=0.00m spd=0.22m/s q=0 ggaAge=80 vtgAge=80 xteAge=1270790 xteraw=80:510302FF0D050BFF vt=Y(21/22) vtstat=2284/96ms tc=Y drp=0mm tcq=0
16:11:01.069 [ISOBUS] addr=0x81 claimed=Y load=15.2% msgs=46326 aiso=1197(1271790ms) xte=0.00m spd=0.05m/s q=0 ggaAge=80 vtgAge=76 xteAge=1271790 xteraw=80:510302FF0D050BFF vt=Y(21/22) vtstat=2286/96ms tc=Y drp=0mm tcq=0
16:11:01.853 W] [PR]: NACK-ing PGN request for PGN 60928 because no callback could handle it.
16:11:02.052 [ISOBUS] addr=0x81 claimed=Y load=15.0% msgs=46367 aiso=1198(1272790ms) xte=0.00m spd=0.00m/s q=0 ggaAge=80 vtgAge=80 xteAge=1272790 xteraw=80:510302FF0D050BFF vt=Y(21/22) vtstat=2288/96ms tc=Y drp=0mm tcq=0
16:11:03.051 [ISOBUS] addr=0x81 claimed=Y load=14.6% msgs=46408 aiso=1199(1273790ms) xte=0.00m spd=0.00m/s q=0 ggaAge=80 vtgAge=80 xteAge=1273790 xteraw=80:510302FF0D050BFF vt=Y(21/22) vtstat=2290/96ms tc=Y drp=0mm tcq=0
16:11:03.880 W] [PR]: NACK-ing PGN request for PGN 60928 because no callback could handle it.
16:11:04.035 [ISOBUS] addr=0x81 claimed=Y load=14.8% msgs=46449 aiso=1200(1274790ms) xte=0.00m spd=0.00m/s q=0 ggaAge=80 vtgAge=76 xteAge=1274790 xteraw=80:510302FF0D050BFF vt=Y(21/22) vtstat=2292/96ms tc=Y drp=0mm tcq=0
16:11:05.041 [ISOBUS] addr=0x81 claimed=Y load=15.0% msgs=46494 aiso=1201(1275790ms) xte=0.00m spd=0.00m/s q=0 ggaAge=80 vtgAge=76 xteAge=1275790 xteraw=80:510302FF0D050BFF vt=Y(21/22) vtstat=2294/92ms tc=Y drp=0mm tcq=0
16:11:06.039 [ISOBUS] addr=0x81 claimed=Y load=14.7% msgs=46535 aiso=1202(1276790ms) xte=0.00m spd=0.00m/s q=0 ggaAge=80 vtgAge=76 xteAge=1276790 xteraw=80:510302FF0D050BFF vt=Y(21/22) vtstat=2296/92ms tc=Y drp=0mm tcq=0
16:11:06.857 W] [PR]: NACK-ing PGN request for PGN 60928 because no callback could handle it.
16:11:07.045 [ISOBUS] addr=0x81 claimed=Y load=14.7% msgs=46576 aiso=1203(1277790ms) xte=0.00m spd=0.00m/s q=0 ggaAge=80 vtgAge=76 xteAge=1277790 xteraw=80:510302FF0D050BFF vt=Y(21/22) vtstat=2298/92ms tc=Y drp=0mm tcq=0
16:11:08.039 [ISOBUS] addr=0x81 claimed=Y load=14.7% msgs=46617 aiso=1204(1278790ms) xte=0.00m spd=0.00m/s q=0 ggaAge=80 vtgAge=76 xteAge=1278790 xteraw=80:510302FF0D050BFF vt=Y(21/22) vtstat=2300/92ms tc=Y drp=0mm tcq=0
16:11:08.860 W] [PR]: NACK-ing PGN request for PGN 60928 because no callback could handle it.
16:11:09.045 [ISOBUS] addr=0x81 claimed=Y load=14.8% msgs=46658 aiso=1205(1279790ms) xte=0.00m spd=0.00m/s q=0 ggaAge=80 vtgAge=76 xteAge=1279790 xteraw=80:510302FF0D050BFF vt=Y(21/22) vtstat=2302/92ms tc=Y drp=0mm tcq=0
16:11:10.033 [ISOBUS] addr=0x81 claimed=Y load=14.6% msgs=46699 aiso=1206(1280790ms) xte=0.00m spd=0.00m/s q=0 ggaAge=80 vtgAge=80 xteAge=1280790 xteraw=80:510302FF0D050BFF vt=Y(21/22) vtstat=2304/92ms tc=Y drp=0mm tcq=0
16:11:11.032 [ISOBUS] addr=0x81 claimed=Y load=14.7% msgs=46740 aiso=1207(1281790ms) xte=0.00m spd=0.00m/s q=0 ggaAge=80 vtgAge=76 xteAge=1281790 xteraw=80:510302FF0D050BFF vt=Y(21/22) vtstat=2306/92ms tc=Y drp=0mm tcq=0
16:11:11.885 W] [PR]: NACK-ing PGN request for PGN 60928 because no callback could handle it.
16:11:12.050 [ISOBUS] addr=0x81 claimed=Y load=14.8% msgs=46781 aiso=1208(1282790ms) xte=0.00m spd=0.00m/s q=0 ggaAge=80 vtgAge=77 xteAge=1282790 xteraw=80:510302FF0D050BFF vt=Y(21/22) vtstat=2308/88ms tc=Y drp=0mm tcq=0
16:11:13.035 [ISOBUS] addr=0x81 claimed=Y load=11.3% msgs=46792 aiso=1209(1283790ms) xte=0.00m spd=0.00m/s q=0 ggaAge=1080 vtgAge=1077 xteAge=1283790 xteraw=80:510302FF0D050BFF vt=Y(21/22) vtstat=2309/88ms tc=Y drp=0mm tcq=0
16:11:14.041 [ISOBUS] addr=0x81 claimed=Y load=11.2% msgs=46803 aiso=1210(1284790ms) xte=0.00m spd=0.00m/s q=0 ggaAge=2080 vtgAge=2077 xteAge=1284790 xteraw=80:510302FF0D050BFF vt=Y(21/22) vtstat=2310/88ms tc=Y drp=0mm tcq=0
16:11:14.103 W] [VT]: Server response to a command timed out
16:11:15.049 [ISOBUS] addr=0x81 claimed=Y load=11.7% msgs=46818 aiso=1211(1285790ms) xte=0.00m spd=0.00m/s q=0 ggaAge=3080 vtgAge=3077 xteAge=1285790 xteraw=80:510302FF0D050BFF vt=Y(21/22) vtstat=2311/88ms tc=Y drp=0mm tcq=0
16:11:15.613 W] [VT]: Server response to a command timed out
16:11:16.043 [ISOBUS] addr=0x81 claimed=Y load=11.2% msgs=46829 aiso=1212(1286790ms) xte=0.00m spd=0.00m/s q=0 ggaAge=4080 vtgAge=4077 xteAge=1286790 xteraw=80:510302FF0D050BFF vt=Y(21/22) vtstat=2312/88ms tc=Y drp=0mm tcq=0
16:11:17.059 [ISOBUS] addr=0x81 claimed=Y load=11.2% msgs=46840 aiso=1213(1287790ms) xte=0.00m spd=0.00m/s q=0 ggaAge=5080 vtgAge=5077 xteAge=1287790 xteraw=80:510302FF0D050BFF vt=Y(21/22) vtstat=2313/88ms tc=Y drp=0mm tcq=0
16:11:17.091 W] [VT]: Server response to a command timed out
16:11:17.666 E] [TC]: Server Status Message Timeout. The TC may be offline.
16:11:18.045 [ISOBUS] addr=0x81 claimed=Y load=11.2% msgs=46851 aiso=1214(1288790ms) xte=0.00m spd=0.00m/s q=0 ggaAge=6080 vtgAge=6077 xteAge=1288790 xteraw=80:510302FF0D050BFF vt=Y(21/22) vtstat=2314/88ms tc=N drp=0mm tcq=0
16:11:18.592 W] [VT]: Server response to a command timed out
16:11:19.061 [ISOBUS] addr=0x81 claimed=Y load=11.2% msgs=46862 aiso=1215(1289790ms) xte=0.00m spd=0.00m/s q=0 ggaAge=7080 vtgAge=7077 xteAge=1289790 xteraw=80:510302FF0D050BFF vt=Y(21/22) vtstat=2315/84ms tc=N drp=0mm tcq=0
16:11:20.059 [ISOBUS] addr=0x81 claimed=Y load=11.2% msgs=46873 aiso=1216(1290790ms) xte=0.00m spd=0.00m/s q=0 ggaAge=8080 vtgAge=8077 xteAge=1290790 xteraw=80:510302FF0D050BFF vt=Y(21/22) vtstat=2316/84ms tc=N drp=0mm tcq=0
16:11:20.091 W] [VT]: Server response to a command timed out
16:11:21.030 [ISOBUS] addr=0x81 claimed=Y load=11.2% msgs=46884 aiso=1217(1291790ms) xte=0.00m spd=0.00m/s q=0 ggaAge=9080 vtgAge=9077 xteAge=1291790 xteraw=80:510302FF0D050BFF vt=Y(21/22) vtstat=2317/84ms tc=N drp=0mm tcq=0
16:11:21.602 W] [VT]: Server response to a command timed out
16:11:22.057 [ISOBUS] addr=0x81 claimed=Y load=11.2% msgs=46895 aiso=1218(1292790ms) xte=0.00m spd=0.00m/s q=0 ggaAge=10080 vtgAge=10077 xteAge=1292790 xteraw=80:510302FF0D050BFF vt=Y(21/22) vtstat=2318/84ms tc=N drp=0mm tcq=0
16:11:23.059 [ISOBUS] addr=0x81 claimed=Y load=11.2% msgs=46906 aiso=1219(1293790ms) xte=0.00m spd=0.00m/s q=0 ggaAge=11080 vtgAge=11077 xteAge=1293790 xteraw=80:510302FF0D050BFF vt=Y(21/22) vtstat=2319/84ms tc=N drp=0mm tcq=0
16:11:23.091 W] [VT]: Server response to a command timed out
16:11:24.053 [ISOBUS] addr=0x81 claimed=Y load=11.2% msgs=46917 aiso=1220(1294790ms) xte=0.00m spd=0.00m/s q=0 ggaAge=12080 vtgAge=12077 xteAge=1294790 xteraw=80:510302FF0D050BFF vt=Y(21/22) vtstat=2320/84ms tc=N drp=0mm tcq=0
16:11:24.596 W] [VT]: Server response to a command timed out
16:11:25.059 [ISOBUS] addr=0x81 claimed=Y load=11.7% msgs=46932 aiso=1221(1295790ms) xte=0.00m spd=0.00m/s q=0 ggaAge=13080 vtgAge=13077 xteAge=1295790 xteraw=80:510302FF0D050BFF vt=Y(21/22) vtstat=2321/84ms tc=N drp=0mm tcq=0
16:11:26.032 [ISOBUS] addr=0x81 claimed=Y load=11.2% msgs=46943 aiso=1222(1296790ms) xte=0.00m spd=0.00m/s q=0 ggaAge=14080 vtgAge=14077 xteAge=1296790 xteraw=80:510302FF0D050BFF vt=Y(21/22) vtstat=2322/80ms tc=N drp=0mm tcq=0
16:11:26.087 W] [VT]: Server response to a command timed out
16:11:27.062 [ISOBUS] addr=0x81 claimed=Y load=11.2% msgs=46954 aiso=1223(1297790ms) xte=0.00m spd=0.00m/s q=0 ggaAge=15080 vtgAge=15077 xteAge=1297790 xteraw=80:510302FF0D050BFF vt=Y(21/22) vtstat=2323/80ms tc=N drp=0mm tcq=0
16:11:27.582 W] [VT]: Server response to a command timed out
16:11:28.052 [ISOBUS] addr=0x81 claimed=Y load=11.2% msgs=46965 aiso=1224(1298790ms) xte=0.00m spd=0.00m/s q=0 ggaAge=16080 vtgAge=16077 xteAge=1298790 xteraw=80:510302FF0D050BFF vt=Y(21/22) vtstat=2324/80ms tc=N drp=0mm tcq=0
16:11:29.036 [ISOBUS] addr=0x81 claimed=Y load=11.2% msgs=46976 aiso=1225(1299790ms) xte=0.00m spd=0.00m/s q=0 ggaAge=17080 vtgAge=17077 xteAge=1299790 xteraw=80:510302FF0D050BFF vt=Y(21/22) vtstat=2325/80ms tc=N drp=0mm tcq=0
16:11:29.101 W] [VT]: Server response to a command timed out
16:11:30.030 [ISOBUS] addr=0x81 claimed=Y load=11.2% msgs=46987 aiso=1226(1300790ms) xte=0.00m spd=0.00m/s q=0 ggaAge=18080 vtgAge=18077 xteAge=1300790 xteraw=80:510302FF0D050BFF vt=Y(21/22) vtstat=2326/76ms tc=N drp=0mm tcq=0
16:11:30.582 W] [VT]: Server response to a command timed out
16:11:31.043 [ISOBUS] addr=0x81 claimed=Y load=11.2% msgs=46998 aiso=1227(1301790ms) xte=0.00m spd=0.00m/s q=0 ggaAge=19080 vtgAge=19077 xteAge=1301790 xteraw=80:510302FF0D050BFF vt=Y(21/22) vtstat=2327/76ms tc=N drp=0mm tcq=0
16:11:32.053 [ISOBUS] addr=0x81 claimed=Y load=11.1% msgs=47009 aiso=1228(1302790ms) xte=0.00m spd=0.00m/s q=0 ggaAge=20080 vtgAge=20077 xteAge=1302790 xteraw=80:510302FF0D050BFF vt=Y(21/22) vtstat=2328/76ms tc=N drp=0mm tcq=0
16:11:32.086 W] [VT]: Server response to a command timed out
16:11:32.659 TC: disconnected 15s after having been connected -- forcing restart 5 (partner addr=0xF7 valid=Y)
16:11:33.034 [ISOBUS] addr=0x81 claimed=Y load=11.2% msgs=47020 aiso=1229(1303790ms) xte=0.00m spd=0.00m/s q=0 ggaAge=21080 vtgAge=21077 xteAge=1303790 xteraw=80:510302FF0D050BFF vt=Y(21/22) vtstat=2329/76ms tc=N drp=0mm tcq=0
16:11:33.589 W] [VT]: Server response to a command timed out
16:11:34.033 [ISOBUS] addr=0x81 claimed=Y load=11.2% msgs=47031 aiso=1230(1304790ms) xte=0.00m spd=0.00m/s q=0 ggaAge=22080 vtgAge=22077 xteAge=1304790 xteraw=80:510302FF0D050BFF vt=Y(21/22) vtstat=2330/76ms tc=N drp=0mm tcq=0
16:11:35.045 [ISOBUS] addr=0x81 claimed=Y load=11.6% msgs=47046 aiso=1231(1305790ms) xte=0.00m spd=0.00m/s q=0 ggaAge=23080 vtgAge=23077 xteAge=1305790 xteraw=80:510302FF0D050BFF vt=Y(21/22) vtstat=2331/76ms tc=N drp=0mm tcq=0
16:11:35.103 W] [VT]: Server response to a command timed out
16:11:36.033 [ISOBUS] addr=0x81 claimed=Y load=11.2% msgs=47057 aiso=1232(1306790ms) xte=0.00m spd=0.00m/s q=0 ggaAge=24080 vtgAge=24077 xteAge=1306790 xteraw=80:510302FF0D050BFF vt=Y(21/22) vtstat=2332/76ms tc=N drp=0mm tcq=0
16:11:36.597 W] [VT]: Server response to a command timed out
16:11:37.053 [ISOBUS] addr=0x81 claimed=Y load=11.2% msgs=47068 aiso=1233(1307790ms) xte=0.00m spd=0.00m/s q=0 ggaAge=25080 vtgAge=25077 xteAge=1307790 xteraw=80:510302FF0D050BFF vt=Y(21/22) vtstat=2333/76ms tc=N drp=0mm tcq=0
16:11:38.031 [ISOBUS] addr=0x81 claimed=Y load=11.2% msgs=47079 aiso=1234(1308790ms) xte=0.00m spd=0.00m/s q=0 ggaAge=26080 vtgAge=26077 xteAge=1308790 xteraw=80:510302FF0D050BFF vt=Y(21/22) vtstat=2334/72ms tc=N drp=0mm tcq=0
16:11:38.095 W] [VT]: Server response to a command timed out
16:11:39.044 [ISOBUS] addr=0x81 claimed=Y load=11.2% msgs=47090 aiso=1235(1309790ms) xte=0.00m spd=0.00m/s q=0 ggaAge=27080 vtgAge=27077 xteAge=1309790 xteraw=80:510302FF0D050BFF vt=Y(21/22) vtstat=2335/72ms tc=N drp=0mm tcq=0
16:11:39.611 W] [VT]: Server response to a command timed out
16:11:40.059 [ISOBUS] addr=0x81 claimed=Y load=11.2% msgs=47101 aiso=1236(1310790ms) xte=0.00m spd=0.00m/s q=0 ggaAge=28080 vtgAge=28077 xteAge=1310790 xteraw=80:510302FF0D050BFF vt=Y(21/22) vtstat=2336/72ms tc=N drp=0mm tcq=0
16:11:41.031 [ISOBUS] addr=0x81 claimed=Y load=11.2% msgs=47112 aiso=1237(1311790ms) xte=0.00m spd=0.00m/s q=0 ggaAge=29080 vtgAge=29077 xteAge=1311790 xteraw=80:510302FF0D050BFF vt=Y(21/22) vtstat=2337/72ms tc=N drp=0mm tcq=0
16:11:41.103 W] [VT]: Server response to a command timed out
16:11:42.052 [ISOBUS] addr=0x81 claimed=Y load=11.2% msgs=47123 aiso=1238(1312790ms) xte=0.00m spd=0.00m/s q=0 ggaAge=30080 vtgAge=30077 xteAge=1312790 xteraw=80:510302FF0D050BFF vt=Y(21/22) vtstat=2338/72ms tc=N drp=0mm tcq=0
16:11:42.585 W] [VT]: Server response to a command timed out
16:11:43.066 [ISOBUS] addr=0x81 claimed=Y load=11.2% msgs=47134 aiso=1239(1313790ms) xte=0.00m spd=0.00m/s q=0 ggaAge=31080 vtgAge=31077 xteAge=1313790 xteraw=80:510302FF0D050BFF vt=Y(21/22) vtstat=2339/72ms tc=N drp=0mm tcq=0
16:11:44.052 [ISOBUS] addr=0x81 claimed=Y load=11.2% msgs=47145 aiso=1240(1314790ms) xte=0.00m spd=0.00m/s q=0 ggaAge=32080 vtgAge=32077 xteAge=1314790 xteraw=80:510302FF0D050BFF vt=Y(21/22) vtstat=2340/72ms tc=N drp=0mm tcq=0
16:11:44.084 W] [VT]: Server response to a command timed out
16:11:45.054 [ISOBUS] addr=0x81 claimed=Y load=11.6% msgs=47160 aiso=1241(1315790ms) xte=0.00m spd=0.00m/s q=0 ggaAge=33080 vtgAge=33077 xteAge=1315790 xteraw=80:510302FF0D050BFF vt=Y(21/22) vtstat=2341/68ms tc=N drp=0mm tcq=0
16:11:45.615 W] [VT]: Server response to a command timed out
16:11:46.037 [ISOBUS] addr=0x81 claimed=Y load=11.2% msgs=47171 aiso=1242(1316790ms) xte=0.00m spd=0.00m/s q=0 ggaAge=34080 vtgAge=34077 xteAge=1316790 xteraw=80:510302FF0D050BFF vt=Y(21/22) vtstat=2342/68ms tc=N drp=0mm tcq=0
16:11:47.043 [ISOBUS] addr=0x81 claimed=Y load=11.1% msgs=47182 aiso=1243(1317790ms) xte=0.00m spd=0.00m/s q=0 ggaAge=35080 vtgAge=35077 xteAge=1317790 xteraw=80:510302FF0D050BFF vt=Y(21/22) vtstat=2343/68ms tc=N drp=0mm tcq=0
16:11:47.103 W] [VT]: Server response to a command timed out
16:11:47.663 TC: disconnected 30s after having been connected -- forcing restart 6 (partner addr=0xF7 valid=Y)
16:11:48.058 [ISOBUS] addr=0x81 claimed=Y load=11.2% msgs=47193 aiso=1244(1318790ms) xte=0.00m spd=0.00m/s q=0 ggaAge=36080 vtgAge=36077 xteAge=1318790 xteraw=80:510302FF0D050BFF vt=Y(21/22) vtstat=2344/68ms tc=N drp=0mm tcq=0
16:11:48.603 W] [VT]: Server response to a command timed out
16:11:49.053 [ISOBUS] addr=0x81 claimed=Y load=11.2% msgs=47204 aiso=1245(1319790ms) xte=0.00m spd=0.00m/s q=0 ggaAge=37080 vtgAge=37077 xteAge=1319790 xteraw=80:510302FF0D050BFF vt=Y(21/22) vtstat=2345/68ms tc=N drp=0mm tcq=0
16:11:50.060 [ISOBUS] addr=0x81 claimed=Y load=11.1% msgs=47215 aiso=1246(1320790ms) xte=0.00m spd=0.00m/s q=0 ggaAge=38080 vtgAge=38077 xteAge=1320790 xteraw=80:510302FF0D050BFF vt=Y(21/22) vtstat=2346/68ms tc=N drp=0mm tcq=0
16:11:50.095 W] [VT]: Server response to a command timed out
16:11:51.067 [ISOBUS] addr=0x81 claimed=Y load=11.2% msgs=47226 aiso=1247(1321790ms) xte=0.00m spd=0.00m/s q=0 ggaAge=39080 vtgAge=39077 xteAge=1321790 xteraw=80:510302FF0D050BFF vt=Y(21/22) vtstat=2347/64ms tc=N drp=0mm tcq=0
16:11:51.585 W] [VT]: Server response to a command timed out
16:11:52.038 [ISOBUS] addr=0x81 claimed=Y load=11.2% msgs=47237 aiso=1248(1322790ms) xte=0.00m spd=0.00m/s q=0 ggaAge=40080 vtgAge=40077 xteAge=1322790 xteraw=80:510302FF0D050BFF vt=Y(21/22) vtstat=2348/64ms tc=N drp=0mm tcq=0
16:11:53.055 [ISOBUS] addr=0x81 claimed=Y load=11.2% msgs=47248 aiso=1249(1323790ms) xte=0.00m spd=0.00m/s q=0 ggaAge=41080 vtgAge=41077 xteAge=1323790 xteraw=80:510302FF0D050BFF vt=Y(21/22) vtstat=2349/64ms tc=N drp=0mm tcq=0
16:11:53.087 W] [VT]: Server response to a command timed out
16:11:54.059 [ISOBUS] addr=0x81 claimed=Y load=11.2% msgs=47259 aiso=1250(1324790ms) xte=0.00m spd=0.00m/s q=0 ggaAge=42080 vtgAge=42077 xteAge=1324790 xteraw=80:510302FF0D050BFF vt=Y(21/22) vtstat=2350/64ms tc=N drp=0mm tcq=0
16:11:54.599 W] [VT]: Server response to a command timed out
16:11:55.037 [ISOBUS] addr=0x81 claimed=Y load=11.7% msgs=47274 aiso=1251(1325790ms) xte=0.00m spd=0.00m/s q=0 ggaAge=43080 vtgAge=43077 xteAge=1325790 xteraw=80:510302FF0D050BFF vt=Y(21/22) vtstat=2351/64ms tc=N drp=0mm tcq=0
16:11:56.061 [ISOBUS] addr=0x81 claimed=Y load=11.2% msgs=47285 aiso=1252(1326790ms) xte=0.00m spd=0.00m/s q=0 ggaAge=44080 vtgAge=44077 xteAge=1326790 xteraw=80:510302FF0D050BFF vt=Y(21/22) vtstat=2352/64ms tc=N drp=0mm tcq=0
16:11:56.100 W] [VT]: Server response to a command timed out
16:11:57.032 [ISOBUS] addr=0x81 claimed=Y load=11.2% msgs=47296 aiso=1253(1327790ms) xte=0.00m spd=0.00m/s q=0 ggaAge=45080 vtgAge=45077 xteAge=1327790 xteraw=80:510302FF0D050BFF vt=Y(21/22) vtstat=2353/60ms tc=N drp=0mm tcq=0
16:11:57.582 W] [VT]: Server response to a command timed out
16:11:58.040 [ISOBUS] addr=0x81 claimed=Y load=11.3% msgs=47307 aiso=1254(1328790ms) xte=0.00m spd=0.00m/s q=0 ggaAge=46080 vtgAge=46077 xteAge=1328790 xteraw=80:510302FF0D050BFF vt=Y(21/22) vtstat=2354/860ms tc=N drp=0mm tcq=0
16:11:59.044 [ISOBUS] addr=0x81 claimed=Y load=11.2% msgs=47318 aiso=1255(1329790ms) xte=0.00m spd=0.00m/s q=0 ggaAge=47080 vtgAge=47077 xteAge=1329790 xteraw=80:510302FF0D050BFF vt=Y(21/22) vtstat=2355/860ms tc=N drp=0mm tcq=0
16:11:59.104 W] [VT]: Server response to a command timed out
16:12:00.066 [ISOBUS] addr=0x81 claimed=Y load=11.2% msgs=47329 aiso=1256(1330790ms) xte=0.00m spd=0.00m/s q=0 ggaAge=48080 vtgAge=48077 xteAge=1330790 xteraw=80:510302FF0D050BFF vt=Y(21/22) vtstat=2356/860ms tc=N drp=0mm tcq=0
16:12:00.604 W] [VT]: Server response to a command timed out
16:12:01.035 [ISOBUS] addr=0x81 claimed=Y load=11.2% msgs=47340 aiso=1257(1331790ms) xte=0.00m spd=0.00m/s q=0 ggaAge=49080 vtgAge=49077 xteAge=1331790 xteraw=80:510302FF0D050BFF vt=Y(21/22) vtstat=2357/860ms tc=N drp=0mm tcq=0
16:12:02.049 [ISOBUS] addr=0x81 claimed=Y load=11.1% msgs=47351 aiso=1258(1332790ms) xte=0.00m spd=0.00m/s q=0 ggaAge=50080 vtgAge=50077 xteAge=1332790 xteraw=80:510302FF0D050BFF vt=Y(21/22) vtstat=2358/861ms tc=N drp=0mm tcq=0
16:12:02.109 W] [VT]: Server response to a command timed out
16:12:02.668 TC: disconnected 45s after having been connected -- forcing restart 7 (partner addr=0xF7 valid=Y)
16:12:03.051 [ISOBUS] addr=0x81 claimed=Y load=11.2% msgs=47362 aiso=1259(1333790ms) xte=0.00m spd=0.00m/s q=0 ggaAge=51080 vtgAge=51077 xteAge=1333790 xteraw=80:510302FF0D050BFF vt=Y(21/22) vtstat=2359/857ms tc=N drp=0mm tcq=0
16:12:03.583 W] [VT]: Server response to a command timed out
16:12:04.046 [ISOBUS] addr=0x81 claimed=Y load=11.2% msgs=47373 aiso=1260(1334790ms) xte=0.00m spd=0.00m/s q=0 ggaAge=52080 vtgAge=52077 xteAge=1334790 xteraw=80:510302FF0D050BFF vt=Y(21/22) vtstat=2360/857ms tc=N drp=0mm tcq=0
16:12:05.037 [ISOBUS] addr=0x81 claimed=Y load=11.6% msgs=47388 aiso=1261(1335790ms) xte=0.00m spd=0.00m/s q=0 ggaAge=53080 vtgAge=53077 xteAge=1335790 xteraw=80:510302FF0D050BFF vt=Y(21/22) vtstat=2361/857ms tc=N drp=0mm tcq=0
16:12:05.102 W] [VT]: Server response to a command timed out
16:12:06.040 [ISOBUS] addr=0x81 claimed=Y load=11.2% msgs=47399 aiso=1262(1336790ms) xte=0.00m spd=0.00m/s q=0 ggaAge=54080 vtgAge=54077 xteAge=1336790 xteraw=80:510302FF0D050BFF vt=Y(21/22) vtstat=2362/857ms tc=N drp=0mm tcq=0
16:12:06.588 W] [VT]: Server response to a command timed out
16:12:07.035 [ISOBUS] addr=0x81 claimed=Y load=11.2% msgs=47410 aiso=1263(1337790ms) xte=0.00m spd=0.00m/s q=0 ggaAge=55080 vtgAge=55077 xteAge=1337790 xteraw=80:510302FF0D050BFF vt=Y(21/22) vtstat=2363/857ms tc=N drp=0mm tcq=0
16:12:08.041 [ISOBUS] addr=0x81 claimed=Y load=11.2% msgs=47421 aiso=1264(1338790ms) xte=0.00m spd=0.00m/s q=0 ggaAge=56080 vtgAge=56077 xteAge=1338790 xteraw=80:510302FF0D050BFF vt=Y(21/22) vtstat=2364/857ms tc=N drp=0mm tcq=0
16:12:08.104 W] [VT]: Server response to a command timed out
16:12:09.056 [ISOBUS] addr=0x81 claimed=Y load=11.2% msgs=47432 aiso=1265(1339790ms) xte=0.00m spd=0.00m/s q=0 ggaAge=57080 vtgAge=57077 xteAge=1339790 xteraw=80:510302FF0D050BFF vt=Y(21/22) vtstat=2365/853ms tc=N drp=0mm tcq=0
16:12:09.602 W] [VT]: Server response to a command timed out
16:12:10.041 [ISOBUS] addr=0x81 claimed=Y load=11.2% msgs=47443 aiso=1266(1340790ms) xte=0.00m spd=0.00m/s q=0 ggaAge=58080 vtgAge=58077 xteAge=1340790 xteraw=80:510302FF0D050BFF vt=Y(21/22) vtstat=2366/853ms tc=N drp=0mm tcq=0
16:12:11.038 [ISOBUS] addr=0x81 claimed=Y load=11.2% msgs=47454 aiso=1267(1341790ms) xte=0.00m spd=0.00m/s q=0 ggaAge=59080 vtgAge=59077 xteAge=1341790 xteraw=80:510302FF0D050BFF vt=Y(21/22) vtstat=2367/853ms tc=N drp=0mm tcq=0
16:12:11.103 W] [VT]: Server response to a command timed out
16:12:12.035 [ISOBUS] addr=0x81 claimed=Y load=11.2% msgs=47465 aiso=1268(1342790ms) xte=0.00m spd=0.00m/s q=0 ggaAge=60080 vtgAge=60077 xteAge=1342790 xteraw=80:510302FF0D050BFF vt=Y(21/22) vtstat=2368/853ms tc=N drp=0mm tcq=0
16:12:12.611 W] [VT]: Server response to a command timed out
16:12:13.036 [ISOBUS] addr=0x81 claimed=Y load=11.2% msgs=47476 aiso=1269(1343790ms) xte=0.00m spd=0.00m/s q=0 ggaAge=61080 vtgAge=61077 xteAge=1343790 xteraw=80:510302FF0D050BFF vt=Y(21/22) vtstat=2369/853ms tc=N drp=0mm tcq=0
16:12:14.044 [ISOBUS] addr=0x81 claimed=Y load=11.2% msgs=47487 aiso=1270(1344790ms) xte=0.00m spd=0.00m/s q=0 ggaAge=62080 vtgAge=62077 xteAge=1344790 xteraw=80:510302FF0D050BFF vt=Y(21/22) vtstat=2370/853ms tc=N drp=0mm tcq=0
16:12:14.105 W] [VT]: Server response to a command timed out
16:12:15.069 [ISOBUS] addr=0x81 claimed=Y load=11.7% msgs=47502 aiso=1271(1345790ms) xte=0.00m spd=0.00m/s q=0 ggaAge=63080 vtgAge=63077 xteAge=1345790 xteraw=80:510302FF0D050BFF vt=Y(21/22) vtstat=2371/849ms tc=N drp=0mm tcq=0
16:12:15.605 W] [VT]: Server response to a command timed out
16:12:16.045 [ISOBUS] addr=0x81 claimed=Y load=11.2% msgs=47513 aiso=1272(1346790ms) xte=0.00m spd=0.00m/s q=0 ggaAge=64080 vtgAge=64077 xteAge=1346790 xteraw=80:510302FF0D050BFF vt=Y(21/22) vtstat=2372/849ms tc=N drp=0mm tcq=0
16:12:17.061 [ISOBUS] addr=0x81 claimed=Y load=11.1% msgs=47524 aiso=1273(1347790ms) xte=0.00m spd=0.00m/s q=0 ggaAge=65080 vtgAge=65077 xteAge=1347790 xteraw=80:510302FF0D050BFF vt=Y(21/22) vtstat=2373/849ms tc=N drp=0mm tcq=0
16:12:17.094 W] [VT]: Server response to a command timed out
16:12:17.675 TC: disconnected 60s after having been connected -- forcing restart 8 (partner addr=0xF7 valid=Y)
16:12:18.047 [ISOBUS] addr=0x81 claimed=Y load=11.2% msgs=47535 aiso=1274(1348790ms) xte=0.00m spd=0.00m/s q=0 ggaAge=66080 vtgAge=66077 xteAge=1348790 xteraw=80:510302FF0D050BFF vt=Y(21/22) vtstat=2374/849ms tc=N drp=0mm tcq=0
16:12:18.595 W] [VT]: Server response to a command timed out
16:12:19.038 [ISOBUS] addr=0x81 claimed=Y load=11.2% msgs=47546 aiso=1275(1349790ms) xte=0.00m spd=0.00m/s q=0 ggaAge=67080 vtgAge=67077 xteAge=1349790 xteraw=80:510302FF0D050BFF vt=Y(21/22) vtstat=2375/849ms tc=N drp=0mm tcq=0
16:12:20.055 [ISOBUS] addr=0x81 claimed=Y load=11.1% msgs=47557 aiso=1276(1350790ms) xte=0.00m spd=0.00m/s q=0 ggaAge=68080 vtgAge=68077 xteAge=1350790 xteraw=80:510302FF0D050BFF vt=Y(21/22) vtstat=2376/849ms tc=N drp=0mm tcq=0
16:12:20.089 W] [VT]: Server response to a command timed out
16:12:21.037 [ISOBUS] addr=0x81 claimed=Y load=11.2% msgs=47568 aiso=1277(1351790ms) xte=0.00m spd=0.00m/s q=0 ggaAge=69080 vtgAge=69077 xteAge=1351790 xteraw=80:510302FF0D050BFF vt=Y(21/22) vtstat=2377/845ms tc=N drp=0mm tcq=0
16:12:21.619 W] [VT]: Server response to a command timed out
16:12:22.046 [ISOBUS] addr=0x81 claimed=Y load=11.2% msgs=47579 aiso=1278(1352790ms) xte=0.00m spd=0.00m/s q=0 ggaAge=70080 vtgAge=70077 xteAge=1352790 xteraw=80:510302FF0D050BFF vt=Y(21/22) vtstat=2378/845ms tc=N drp=0mm tcq=0
16:12:23.058 [ISOBUS] addr=0x81 claimed=Y load=11.2% msgs=47590 aiso=1279(1353790ms) xte=0.00m spd=0.00m/s q=0 ggaAge=71080 vtgAge=71077 xteAge=1353790 xteraw=80:510302FF0D050BFF vt=Y(21/22) vtstat=2379/845ms tc=N drp=0mm tcq=0
16:12:23.091 W] [VT]: Server response to a command timed out
16:12:24.047 [ISOBUS] addr=0x81 claimed=Y load=11.2% msgs=47601 aiso=1280(1354790ms) xte=0.00m spd=0.00m/s q=0 ggaAge=72080 vtgAge=72077 xteAge=1354790 xteraw=80:510302FF0D050BFF vt=Y(21/22) vtstat=2380/845ms tc=N drp=0mm tcq=0
16:12:24.586 W] [VT]: Server response to a command timed out
16:12:25.040 [ISOBUS] addr=0x81 claimed=Y load=11.7% msgs=47616 aiso=1281(1355790ms) xte=0.00m spd=0.00m/s q=0 ggaAge=73080 vtgAge=73077 xteAge=1355790 xteraw=80:510302FF0D050BFF vt=Y(21/22) vtstat=2381/845ms tc=N drp=0mm tcq=0
16:12:26.059 [ISOBUS] addr=0x81 claimed=Y load=11.2% msgs=47627 aiso=1282(1356790ms) xte=0.00m spd=0.00m/s q=0 ggaAge=74080 vtgAge=74077 xteAge=1356790 xteraw=80:510302FF0D050BFF vt=Y(21/22) vtstat=2382/845ms tc=N drp=0mm tcq=0
16:12:26.095 W] [VT]: Server response to a command timed out
16:12:27.057 [ISOBUS] addr=0x81 claimed=Y load=11.2% msgs=47638 aiso=1283(1357790ms) xte=0.00m spd=0.00m/s q=0 ggaAge=75080 vtgAge=75077 xteAge=1357790 xteraw=80:510302FF0D050BFF vt=Y(21/22) vtstat=2383/841ms tc=N drp=0mm tcq=0
16:12:27.607 W] [VT]: Server response to a command timed out
16:12:28.055 [ISOBUS] addr=0x81 claimed=Y load=11.2% msgs=47649 aiso=1284(1358790ms) xte=0.00m spd=0.00m/s q=0 ggaAge=76080 vtgAge=76077 xteAge=1358790 xteraw=80:510302FF0D050BFF vt=Y(21/22) vtstat=2384/841ms tc=N drp=0mm tcq=0
16:12:29.052 [ISOBUS] addr=0x81 claimed=Y load=11.2% msgs=47660 aiso=1285(1359790ms) xte=0.00m spd=0.00m/s q=0 ggaAge=77080 vtgAge=77077 xteAge=1359790 xteraw=80:510302FF0D050BFF vt=Y(21/22) vtstat=2385/841ms tc=N drp=0mm tcq=0
16:12:29.106 W] [VT]: Server response to a command timed out
16:12:30.062 [ISOBUS] addr=0x81 claimed=Y load=11.2% msgs=47671 aiso=1286(1360790ms) xte=0.00m spd=0.00m/s q=0 ggaAge=78080 vtgAge=78077 xteAge=1360790 xteraw=80:510302FF0D050BFF vt=Y(21/22) vtstat=2386/841ms tc=N drp=0mm tcq=0
16:12:30.602 W] [VT]: Server response to a command timed out
16:12:31.034 [ISOBUS] addr=0x81 claimed=Y load=11.2% msgs=47682 aiso=1287(1361790ms) xte=0.00m spd=0.00m/s q=0 ggaAge=79080 vtgAge=79077 xteAge=1361790 xteraw=80:510302FF0D050BFF vt=Y(21/22) vtstat=2387/841ms tc=N drp=0mm tcq=0
16:12:32.065 [ISOBUS] addr=0x81 claimed=Y load=11.1% msgs=47693 aiso=1288(1362790ms) xte=0.00m spd=0.00m/s q=0 ggaAge=80080 vtgAge=80077 xteAge=1362790 xteraw=80:510302FF0D050BFF vt=Y(21/22) vtstat=2388/841ms tc=N drp=0mm tcq=0
16:12:32.098 W] [VT]: Server response to a command timed out
16:12:32.679 TC: disconnected 75s after having been connected -- forcing restart 9 (partner addr=0xF7 valid=Y)
16:12:33.041 [ISOBUS] addr=0x81 claimed=Y load=11.2% msgs=47704 aiso=1289(1363790ms) xte=0.00m spd=0.00m/s q=0 ggaAge=81080 vtgAge=81077 xteAge=1363790 xteraw=80:510302FF0D050BFF vt=Y(21/22) vtstat=2389/837ms tc=N drp=0mm tcq=0
16:12:33.599 W] [VT]: Server response to a command timed out
16:12:34.037 [ISOBUS] addr=0x81 claimed=Y load=11.2% msgs=47715 aiso=1290(1364790ms) xte=0.00m spd=0.00m/s q=0 ggaAge=82080 vtgAge=82077 xteAge=1364790 xteraw=80:510302FF0D050BFF vt=Y(21/22) vtstat=2390/837ms tc=N drp=0mm tcq=0
16:12:35.047 [ISOBUS] addr=0x81 claimed=Y load=11.6% msgs=47730 aiso=1291(1365790ms) xte=0.00m spd=0.00m/s q=0 ggaAge=83080 vtgAge=83077 xteAge=1365790 xteraw=80:510302FF0D050BFF vt=Y(21/22) vtstat=2391/837ms tc=N drp=0mm tcq=0
16:12:35.106 W] [VT]: Server response to a command timed out
16:12:36.034 [ISOBUS] addr=0x81 claimed=Y load=11.2% msgs=47741 aiso=1292(1366790ms) xte=0.00m spd=0.00m/s q=0 ggaAge=84080 vtgAge=84077 xteAge=1366790 xteraw=80:510302FF0D050BFF vt=Y(21/22) vtstat=2392/837ms tc=N drp=0mm tcq=0
16:12:36.584 W] [VT]: Server response to a command timed out
16:12:37.034 [ISOBUS] addr=0x81 claimed=Y load=11.2% msgs=47752 aiso=1293(1367790ms) xte=0.00m spd=0.00m/s q=0 ggaAge=85080 vtgAge=85077 xteAge=1367790 xteraw=80:510302FF0D050BFF vt=Y(21/22) vtstat=2393/837ms tc=N drp=0mm tcq=0
16:12:38.059 [ISOBUS] addr=0x81 claimed=Y load=11.2% msgs=47763 aiso=1294(1368790ms) xte=0.00m spd=0.00m/s q=0 ggaAge=86080 vtgAge=86077 xteAge=1368790 xteraw=80:510302FF0D050BFF vt=Y(21/22) vtstat=2394/837ms tc=N drp=0mm tcq=0
16:12:38.092 W] [VT]: Server response to a command timed out
16:12:39.058 [ISOBUS] addr=0x81 claimed=Y load=11.2% msgs=47774 aiso=1295(1369790ms) xte=0.00m spd=0.00m/s q=0 ggaAge=87080 vtgAge=87077 xteAge=1369790 xteraw=80:510302FF0D050BFF vt=Y(21/22) vtstat=2395/837ms tc=N drp=0mm tcq=0
16:12:39.597 W] [VT]: Server response to a command timed out
16:12:40.040 [ISOBUS] addr=0x81 claimed=Y load=11.2% msgs=47785 aiso=1296(1370790ms) xte=0.00m spd=0.00m/s q=0 ggaAge=88080 vtgAge=88077 xteAge=1370790 xteraw=80:510302FF0D050BFF vt=Y(21/22) vtstat=2396/833ms tc=N drp=0mm tcq=0
16:12:41.036 [ISOBUS] addr=0x81 claimed=Y load=11.2% msgs=47796 aiso=1297(1371790ms) xte=0.00m spd=0.00m/s q=0 ggaAge=89080 vtgAge=89077 xteAge=1371790 xteraw=80:510302FF0D050BFF vt=Y(21/22) vtstat=2397/833ms tc=N drp=0mm tcq=0
16:12:41.093 W] [VT]: Server response to a command timed out
16:12:42.071 [ISOBUS] addr=0x81 claimed=Y load=11.2% msgs=47807 aiso=1298(1372790ms) xte=0.00m spd=0.00m/s q=0 ggaAge=90080 vtgAge=90077 xteAge=1372790 xteraw=80:510302FF0D050BFF vt=Y(21/22) vtstat=2398/833ms tc=N drp=0mm tcq=0
16:12:42.590 W] [VT]: Server response to a command timed out
16:12:43.040 [ISOBUS] addr=0x81 claimed=Y load=11.2% msgs=47818 aiso=1299(1373790ms) xte=0.00m spd=0.00m/s q=0 ggaAge=91080 vtgAge=91077 xteAge=1373790 xteraw=80:510302FF0D050BFF vt=Y(21/22) vtstat=2399/833ms tc=N drp=0mm tcq=0
16:12:44.045 [ISOBUS] addr=0x81 claimed=Y load=11.2% msgs=47829 aiso=1300(1374790ms) xte=0.00m spd=0.00m/s q=0 ggaAge=92080 vtgAge=92077 xteAge=1374790 xteraw=80:510302FF0D050BFF vt=Y(21/22) vtstat=2400/833ms tc=N drp=0mm tcq=0
16:12:44.108 W] [VT]: Server response to a command timed out
16:12:45.042 [ISOBUS] addr=0x81 claimed=Y load=11.7% msgs=47844 aiso=1301(1375790ms) xte=0.00m spd=0.00m/s q=0 ggaAge=93080 vtgAge=93077 xteAge=1375790 xteraw=80:510302FF0D050BFF vt=Y(21/22) vtstat=2401/833ms tc=N drp=0mm tcq=0
16:12:45.585 W] [VT]: Server response to a command timed out
16:12:46.070 [ISOBUS] addr=0x81 claimed=Y load=11.2% msgs=47855 aiso=1302(1376790ms) xte=0.00m spd=0.00m/s q=0 ggaAge=94080 vtgAge=94077 xteAge=1376790 xteraw=80:510302FF0D050BFF vt=Y(21/22) vtstat=2402/833ms tc=N drp=0mm tcq=0
16:12:47.056 [ISOBUS] addr=0x81 claimed=Y load=11.1% msgs=47866 aiso=1303(1377790ms) xte=0.00m spd=0.00m/s q=0 ggaAge=95080 vtgAge=95077 xteAge=1377790 xteraw=80:510302FF0D050BFF vt=Y(21/22) vtstat=2403/829ms tc=N drp=0mm tcq=0
16:12:47.089 W] [VT]: Server response to a command timed out
16:12:47.679 TC: disconnected 90s after having been connected -- forcing restart 10 (partner addr=0xF7 valid=Y)
16:12:48.069 [ISOBUS] addr=0x81 claimed=Y load=11.2% msgs=47877 aiso=1304(1378790ms) xte=0.00m spd=0.00m/s q=0 ggaAge=96080 vtgAge=96077 xteAge=1378790 xteraw=80:510302FF0D050BFF vt=Y(21/22) vtstat=2404/830ms tc=N drp=0mm tcq=0
16:12:48.598 W] [VT]: Server response to a command timed out
16:12:49.040 [ISOBUS] addr=0x81 claimed=Y load=11.2% msgs=47888 aiso=1305(1379790ms) xte=0.00m spd=0.00m/s q=0 ggaAge=97080 vtgAge=97077 xteAge=1379790 xteraw=80:510302FF0D050BFF vt=Y(21/22) vtstat=2405/830ms tc=N drp=0mm tcq=0
16:12:50.060 [ISOBUS] addr=0x81 claimed=Y load=11.1% msgs=47899 aiso=1306(1380790ms) xte=0.00m spd=0.00m/s q=0 ggaAge=98080 vtgAge=98077 xteAge=1380790 xteraw=80:510302FF0D050BFF vt=Y(21/22) vtstat=2406/830ms tc=N drp=0mm tcq=0
16:12:50.093 W] [VT]: Server response to a command timed out
16:12:51.055 [ISOBUS] addr=0x81 claimed=Y load=11.2% msgs=47910 aiso=1307(1381790ms) xte=0.00m spd=0.00m/s q=0 ggaAge=99080 vtgAge=99077 xteAge=1381790 xteraw=80:510302FF0D050BFF vt=Y(21/22) vtstat=2407/830ms tc=N drp=0mm tcq=0
16:12:51.586 W] [VT]: Server response to a command timed out
16:12:52.047 [ISOBUS] addr=0x81 claimed=Y load=11.2% msgs=47921 aiso=1308(1382790ms) xte=0.00m spd=0.00m/s q=0 ggaAge=100080 vtgAge=100077 xteAge=1382790 xteraw=80:510302FF0D050BFF vt=Y(21/22) vtstat=2408/830ms tc=N drp=0mm tcq=0
16:12:53.044 [ISOBUS] addr=0x81 claimed=Y load=11.2% msgs=47932 aiso=1309(1383790ms) xte=0.00m spd=0.00m/s q=0 ggaAge=101080 vtgAge=101077 xteAge=1383790 xteraw=80:510302FF0D050BFF vt=Y(21/22) vtstat=2409/826ms tc=N drp=0mm tcq=0
16:12:53.108 W] [VT]: Server response to a command timed out
16:12:54.038 [ISOBUS] addr=0x81 claimed=Y load=11.2% msgs=47943 aiso=1310(1384790ms) xte=0.00m spd=0.00m/s q=0 ggaAge=102080 vtgAge=102077 xteAge=1384790 xteraw=80:510302FF0D050BFF vt=Y(21/22) vtstat=2410/826ms tc=N drp=0mm tcq=0
16:12:54.614 W] [VT]: Server response to a command timed out
16:12:55.046 [ISOBUS] addr=0x81 claimed=Y load=11.7% msgs=47958 aiso=1311(1385790ms) xte=0.00m spd=0.00m/s q=0 ggaAge=103080 vtgAge=103077 xteAge=1385790 xteraw=80:510302FF0D050BFF vt=Y(21/22) vtstat=2411/826ms tc=N drp=0mm tcq=0
16:12:56.069 [ISOBUS] addr=0x81 claimed=Y load=11.2% msgs=47969 aiso=1312(1386790ms) xte=0.00m spd=0.00m/s q=0 ggaAge=104080 vtgAge=104077 xteAge=1386790 xteraw=80:510302FF0D050BFF vt=Y(21/22) vtstat=2412/826ms tc=N drp=0mm tcq=0
16:12:56.093 W] [VT]: Server response to a command timed out
16:12:57.061 [ISOBUS] addr=0x81 claimed=Y load=11.2% msgs=47980 aiso=1313(1387790ms) xte=0.00m spd=0.00m/s q=0 ggaAge=105080 vtgAge=105077 xteAge=1387790 xteraw=80:510302FF0D050BFF vt=Y(21/22) vtstat=2413/826ms tc=N drp=0mm tcq=0
16:12:57.592 W] [VT]: Server response to a command timed out
16:12:58.039 [ISOBUS] addr=0x81 claimed=Y load=11.2% msgs=47991 aiso=1314(1388790ms) xte=0.00m spd=0.00m/s q=0 ggaAge=106080 vtgAge=106077 xteAge=1388790 xteraw=80:510302FF0D050BFF vt=Y(21/22) vtstat=2414/826ms tc=N drp=0mm tcq=0
16:12:59.048 [ISOBUS] addr=0x81 claimed=Y load=11.2% msgs=48002 aiso=1315(1389790ms) xte=0.00m spd=0.00m/s q=0 ggaAge=107080 vtgAge=107077 xteAge=1389790 xteraw=80:510302FF0D050BFF vt=Y(21/22) vtstat=2415/822ms tc=N drp=0mm tcq=0
16:12:59.107 W] [VT]: Server response to a command timed out
16:13:00.059 [ISOBUS] addr=0x81 claimed=Y load=11.2% msgs=48013 aiso=1316(1390790ms) xte=0.00m spd=0.00m/s q=0 ggaAge=108080 vtgAge=108077 xteAge=1390790 xteraw=80:510302FF0D050BFF vt=Y(21/22) vtstat=2416/822ms tc=N drp=0mm tcq=0
16:13:00.609 W] [VT]: Server response to a command timed out
16:13:01.065 [ISOBUS] addr=0x81 claimed=Y load=11.2% msgs=48024 aiso=1317(1391790ms) xte=0.00m spd=0.00m/s q=0 ggaAge=109080 vtgAge=109077 xteAge=1391790 xteraw=80:510302FF0D050BFF vt=Y(21/22) vtstat=2417/822ms tc=N drp=0mm tcq=0
16:13:02.048 [ISOBUS] addr=0x81 claimed=Y load=11.1% msgs=48035 aiso=1318(1392790ms) xte=0.00m spd=0.00m/s q=0 ggaAge=110080 vtgAge=110077 xteAge=1392790 xteraw=80:510302FF0D050BFF vt=Y(21/22) vtstat=2418/822ms tc=N drp=0mm tcq=0
16:13:02.112 W] [VT]: Server response to a command timed out
16:13:02.662 TC: disconnected 105s after having been connected -- forcing restart 11 (partner addr=0xF7 valid=Y)
16:13:03.039 [ISOBUS] addr=0x81 claimed=Y load=11.2% msgs=48046 aiso=1319(1393790ms) xte=0.00m spd=0.00m/s q=0 ggaAge=111080 vtgAge=111077 xteAge=1393790 xteraw=80:510302FF0D050BFF vt=Y(21/22) vtstat=2419/822ms tc=N drp=0mm tcq=0
16:13:03.590 W] [VT]: Server response to a command timed out
16:13:04.071 [ISOBUS] addr=0x81 claimed=Y load=11.2% msgs=48057 aiso=1320(1394790ms) xte=0.00m spd=0.00m/s q=0 ggaAge=112080 vtgAge=112077 xteAge=1394790 xteraw=80:510302FF0D050BFF vt=Y(21/22) vtstat=2420/822ms tc=N drp=0mm tcq=0
16:13:05.057 [ISOBUS] addr=0x81 claimed=Y load=11.6% msgs=48072 aiso=1321(1395790ms) xte=0.00m spd=0.00m/s q=0 ggaAge=113080 vtgAge=113077 xteAge=1395790 xteraw=80:510302FF0D050BFF vt=Y(21/22) vtstat=2421/822ms tc=N drp=0mm tcq=0
16:13:05.089 W] [VT]: Server response to a command timed out
16:13:06.044 [ISOBUS] addr=0x81 claimed=Y load=11.2% msgs=48083 aiso=1322(1396790ms) xte=0.00m spd=0.00m/s q=0 ggaAge=114080 vtgAge=114077 xteAge=1396790 xteraw=80:510302FF0D050BFF vt=Y(21/22) vtstat=2422/818ms tc=N drp=0mm tcq=0
16:13:06.606 W] [VT]: Server response to a command timed out
16:13:07.056 [ISOBUS] addr=0x81 claimed=Y load=11.2% msgs=48094 aiso=1323(1397790ms) xte=0.00m spd=0.00m/s q=0 ggaAge=115080 vtgAge=115077 xteAge=1397790 xteraw=80:510302FF0D050BFF vt=Y(21/22) vtstat=2424/18ms tc=N drp=0mm tcq=0
16:13:08.044 [ISOBUS] addr=0x81 claimed=Y load=11.2% msgs=48105 aiso=1324(1398790ms) xte=0.00m spd=0.00m/s q=0 ggaAge=116080 vtgAge=116077 xteAge=1398790 xteraw=80:510302FF0D050BFF vt=Y(21/22) vtstat=2425/18ms tc=N drp=0mm tcq=0
16:13:08.108 W] [VT]: Server response to a command timed out
16:13:09.037 [ISOBUS] addr=0x81 claimed=Y load=11.2% msgs=48116 aiso=1325(1399790ms) xte=0.00m spd=0.00m/s q=0 ggaAge=117080 vtgAge=117077 xteAge=1399790 xteraw=80:510302FF0D050BFF vt=Y(21/22) vtstat=2426/18ms tc=N drp=0mm tcq=0
16:13:09.598 W] [VT]: Server response to a command timed out
16:13:10.061 [ISOBUS] addr=0x81 claimed=Y load=11.2% msgs=48127 aiso=1326(1400790ms) xte=0.00m spd=0.00m/s q=0 ggaAge=118080 vtgAge=118077 xteAge=1400790 xteraw=80:510302FF0D050BFF vt=Y(21/22) vtstat=2427/18ms tc=N drp=0mm tcq=0
16:13:11.058 [ISOBUS] addr=0x81 claimed=Y load=11.2% msgs=48138 aiso=1327(1401790ms) xte=0.00m spd=0.00m/s q=0 ggaAge=119080 vtgAge=119077 xteAge=1401790 xteraw=80:510302FF0D050BFF vt=Y(21/22) vtstat=2428/18ms tc=N drp=0mm tcq=0
16:13:11.093 W] [VT]: Server response to a command timed out
16:13:12.036 [ISOBUS] addr=0x81 claimed=Y load=11.2% msgs=48149 aiso=1328(1402790ms) xte=0.00m spd=0.00m/s q=0 ggaAge=120080 vtgAge=120077 xteAge=1402790 xteraw=80:510302FF0D050BFF vt=Y(21/22) vtstat=2429/14ms tc=N drp=0mm tcq=0
16:13:12.592 W] [VT]: Server response to a command timed out
16:13:13.074 [ISOBUS] addr=0x81 claimed=Y load=11.2% msgs=48160 aiso=1329(1403790ms) xte=0.00m spd=0.00m/s q=0 ggaAge=121080 vtgAge=121077 xteAge=1403790 xteraw=80:510302FF0D050BFF vt=Y(21/22) vtstat=2430/14ms tc=N drp=0mm tcq=0
16:13:14.044 [ISOBUS] addr=0x81 claimed=Y load=11.2% msgs=48171 aiso=1330(1404790ms) xte=0.00m spd=0.00m/s q=0 ggaAge=122080 vtgAge=122077 xteAge=1404790 xteraw=80:510302FF0D050BFF vt=Y(21/22) vtstat=2431/14ms tc=N drp=0mm tcq=0
16:13:14.113 W] [VT]: Server response to a command timed out
16:13:15.045 [ISOBUS] addr=0x81 claimed=Y load=11.7% msgs=48186 aiso=1331(1405790ms) xte=0.00m spd=0.00m/s q=0 ggaAge=123080 vtgAge=123077 xteAge=1405790 xteraw=80:510302FF0D050BFF vt=Y(21/22) vtstat=2432/14ms tc=N drp=0mm tcq=0
16:13:15.591 W] [VT]: Server response to a command timed out
16:13:16.036 [ISOBUS] addr=0x81 claimed=Y load=11.2% msgs=48197 aiso=1332(1406790ms) xte=0.00m spd=0.00m/s q=0 ggaAge=124080 vtgAge=124077 xteAge=1406790 xteraw=80:510302FF0D050BFF vt=Y(21/22) vtstat=2433/14ms tc=N drp=0mm tcq=0
16:13:17.066 [ISOBUS] addr=0x81 claimed=Y load=11.1% msgs=48208 aiso=1333(1407790ms) xte=0.00m spd=0.00m/s q=0 ggaAge=125080 vtgAge=125077 xteAge=1407790 xteraw=80:510302FF0D050BFF vt=Y(21/22) vtstat=2434/14ms tc=N drp=0mm tcq=0
16:13:17.099 W] [VT]: Server response to a command timed out
16:13:17.678 TC: disconnected 120s after having been connected -- forcing restart 12 (partner addr=0xF7 valid=Y)
16:13:18.058 [ISOBUS] addr=0x81 claimed=Y load=11.2% msgs=48219 aiso=1334(1408790ms) xte=0.00m spd=0.00m/s q=0 ggaAge=126080 vtgAge=126077 xteAge=1408790 xteraw=80:510302FF0D050BFF vt=Y(21/22) vtstat=2435/10ms tc=N drp=0mm tcq=0
16:13:18.617 W] [VT]: Server response to a command timed out
16:13:19.059 [ISOBUS] addr=0x81 claimed=Y load=11.2% msgs=48230 aiso=1335(1409790ms) xte=0.00m spd=0.00m/s q=0 ggaAge=127080 vtgAge=127077 xteAge=1409790 xteraw=80:510302FF0D050BFF vt=Y(21/22) vtstat=2436/10ms tc=N drp=0mm tcq=0
16:13:20.052 [ISOBUS] addr=0x81 claimed=Y load=11.1% msgs=48241 aiso=1336(1410790ms) xte=0.00m spd=0.00m/s q=0 ggaAge=128080 vtgAge=128077 xteAge=1410790 xteraw=80:510302FF0D050BFF vt=Y(21/22) vtstat=2437/10ms tc=N drp=0mm tcq=0
16:13:20.090 W] [VT]: Server response to a command timed out
16:13:21.056 [ISOBUS] addr=0x81 claimed=Y load=11.2% msgs=48252 aiso=1337(1411790ms) xte=0.00m spd=0.00m/s q=0 ggaAge=129080 vtgAge=129077 xteAge=1411790 xteraw=80:510302FF0D050BFF vt=Y(21/22) vtstat=2438/10ms tc=N drp=0mm tcq=0
16:13:21.588 W] [VT]: Server response to a command timed out
16:13:22.054 [ISOBUS] addr=0x81 claimed=Y load=11.2% msgs=48263 aiso=1338(1412790ms) xte=0.00m spd=0.00m/s q=0 ggaAge=130080 vtgAge=130077 xteAge=1412790 xteraw=80:510302FF0D050BFF vt=Y(21/22) vtstat=2439/10ms tc=N drp=0mm tcq=0
16:13:23.065 [ISOBUS] addr=0x81 claimed=Y load=11.2% msgs=48274 aiso=1339(1413790ms) xte=0.00m spd=0.00m/s q=0 ggaAge=131080 vtgAge=131077 xteAge=1413790 xteraw=80:510302FF0D050BFF vt=Y(21/22) vtstat=2440/10ms tc=N drp=0mm tcq=0
16:13:23.097 W] [VT]: Server response to a command timed out
16:13:24.042 [ISOBUS] addr=0x81 claimed=Y load=11.2% msgs=48285 aiso=1340(1414790ms) xte=0.00m spd=0.00m/s q=0 ggaAge=132080 vtgAge=132077 xteAge=1414790 xteraw=80:510302FF0D050BFF vt=Y(21/22) vtstat=2441/10ms tc=N drp=0mm tcq=0
16:13:24.608 W] [VT]: Server response to a command timed out
16:13:25.039 [ISOBUS] addr=0x81 claimed=Y load=11.7% msgs=48300 aiso=1341(1415790ms) xte=0.00m spd=0.00m/s q=0 ggaAge=133080 vtgAge=133077 xteAge=1415790 xteraw=80:510302FF0D050BFF vt=Y(21/22) vtstat=2442/6ms tc=N drp=0mm tcq=0
16:13:26.062 [ISOBUS] addr=0x81 claimed=Y load=11.2% msgs=48311 aiso=1342(1416790ms) xte=0.00m spd=0.00m/s q=0 ggaAge=134080 vtgAge=134077 xteAge=1416790 xteraw=80:510302FF0D050BFF vt=Y(21/22) vtstat=2443/6ms tc=N drp=0mm tcq=0
16:13:26.093 W] [VT]: Server response to a command timed out
16:13:27.039 [ISOBUS] addr=0x81 claimed=Y load=11.2% msgs=48322 aiso=1343(1417790ms) xte=0.00m spd=0.00m/s q=0 ggaAge=135080 vtgAge=135077 xteAge=1417790 xteraw=80:510302FF0D050BFF vt=Y(21/22) vtstat=2444/6ms tc=N drp=0mm tcq=0
16:13:27.600 W] [VT]: Server response to a command timed out
16:13:28.070 [ISOBUS] addr=0x81 claimed=Y load=11.2% msgs=48333 aiso=1344(1418790ms) xte=0.00m spd=0.00m/s q=0 ggaAge=136080 vtgAge=136077 xteAge=1418790 xteraw=80:510302FF0D050BFF vt=Y(21/22) vtstat=2445/6ms tc=N drp=0mm tcq=0
16:13:29.049 [ISOBUS] addr=0x81 claimed=Y load=11.2% msgs=48344 aiso=1345(1419790ms) xte=0.00m spd=0.00m/s q=0 ggaAge=137080 vtgAge=137077 xteAge=1419790 xteraw=80:510302FF0D050BFF vt=Y(21/22) vtstat=2446/6ms tc=N drp=0mm tcq=0
16:13:29.109 W] [VT]: Server response to a command timed out
16:13:30.061 [ISOBUS] addr=0x81 claimed=Y load=11.2% msgs=48355 aiso=1346(1420790ms) xte=0.00m spd=0.00m/s q=0 ggaAge=138080 vtgAge=138077 xteAge=1420790 xteraw=80:510302FF0D050BFF vt=Y(21/22) vtstat=2447/6ms tc=N drp=0mm tcq=0
16:13:30.616 W] [VT]: Server response to a command timed out
16:13:31.064 [ISOBUS] addr=0x81 claimed=Y load=11.2% msgs=48366 aiso=1347(1421790ms) xte=0.00m spd=0.00m/s q=0 ggaAge=139080 vtgAge=139077 xteAge=1421790 xteraw=80:510302FF0D050BFF vt=Y(21/22) vtstat=2448/2ms tc=N drp=0mm tcq=0
16:13:32.066 [ISOBUS] addr=0x81 claimed=Y load=11.1% msgs=48377 aiso=1348(1422790ms) xte=0.00m spd=0.00m/s q=0 ggaAge=140080 vtgAge=140077 xteAge=1422790 xteraw=80:510302FF0D050BFF vt=Y(21/22) vtstat=2449/2ms tc=N drp=0mm tcq=0
16:13:32.096 W] [VT]: Server response to a command timed out
16:13:32.688 TC: disconnected 135s after having been connected -- forcing restart 13 (partner addr=0xF7 valid=Y)
16:13:33.045 [ISOBUS] addr=0x81 claimed=Y load=11.2% msgs=48388 aiso=1349(1423790ms) xte=0.00m spd=0.00m/s q=0 ggaAge=141080 vtgAge=141077 xteAge=1423790 xteraw=80:510302FF0D050BFF vt=Y(21/22) vtstat=2450/2ms tc=N drp=0mm tcq=0
16:13:33.614 W] [VT]: Server response to a command timed out
16:13:34.040 [ISOBUS] addr=0x81 claimed=Y load=11.2% msgs=48399 aiso=1350(1424790ms) xte=0.00m spd=0.00m/s q=0 ggaAge=142080 vtgAge=142077 xteAge=1424790 xteraw=80:510302FF0D050BFF vt=Y(21/22) vtstat=2451/3ms tc=N drp=0mm tcq=0
16:13:35.050 [ISOBUS] addr=0x81 claimed=Y load=11.6% msgs=48414 aiso=1351(1425790ms) xte=0.00m spd=0.00m/s q=0 ggaAge=143080 vtgAge=143077 xteAge=1425790 xteraw=80:510302FF0D050BFF vt=Y(21/22) vtstat=2452/3ms tc=N drp=0mm tcq=0
16:13:35.108 W] [VT]: Server response to a command timed out
16:13:36.038 [ISOBUS] addr=0x81 claimed=Y load=11.2% msgs=48425 aiso=1352(1426790ms) xte=0.00m spd=0.00m/s q=0 ggaAge=144080 vtgAge=144077 xteAge=1426790 xteraw=80:510302FF0D050BFF vt=Y(21/22) vtstat=2453/3ms tc=N drp=0mm tcq=0
16:13:36.593 W] [VT]: Server response to a command timed out
16:13:37.063 [ISOBUS] addr=0x81 claimed=Y load=11.2% msgs=48436 aiso=1353(1427790ms) xte=0.00m spd=0.00m/s q=0 ggaAge=145080 vtgAge=145077 xteAge=1427790 xteraw=80:510302FF0D050BFF vt=Y(21/22) vtstat=2454/3ms tc=N drp=0mm tcq=0
16:13:38.063 [ISOBUS] addr=0x81 claimed=Y load=11.2% msgs=48447 aiso=1354(1428790ms) xte=0.00m spd=0.00m/s q=0 ggaAge=146080 vtgAge=146077 xteAge=1428790 xteraw=80:510302FF0D050BFF vt=Y(21/22) vtstat=2454/1003ms tc=N drp=0mm tcq=0
16:13:38.097 W] [VT]: Server response to a command timed out
16:13:39.048 [ISOBUS] addr=0x81 claimed=Y load=11.2% msgs=48458 aiso=1355(1429790ms) xte=0.00m spd=0.00m/s q=0 ggaAge=147080 vtgAge=147077 xteAge=1429790 xteraw=80:510302FF0D050BFF vt=Y(21/22) vtstat=2455/999ms tc=N drp=0mm tcq=0
16:13:39.609 W] [VT]: Server response to a command timed out
16:13:40.053 [ISOBUS] addr=0x81 claimed=Y load=11.2% msgs=48469 aiso=1356(1430790ms) xte=0.00m spd=0.00m/s q=0 ggaAge=148080 vtgAge=148077 xteAge=1430790 xteraw=80:510302FF0D050BFF vt=Y(21/22) vtstat=2456/999ms tc=N drp=0mm tcq=0
16:13:41.043 [ISOBUS] addr=0x81 claimed=Y load=11.2% msgs=48480 aiso=1357(1431790ms) xte=0.00m spd=0.00m/s q=0 ggaAge=149080 vtgAge=149077 xteAge=1431790 xteraw=80:510302FF0D050BFF vt=Y(21/22) vtstat=2457/999ms tc=N drp=0mm tcq=0
16:13:41.106 W] [VT]: Server response to a command timed out
16:13:42.048 [ISOBUS] addr=0x81 claimed=Y load=11.2% msgs=48491 aiso=1358(1432790ms) xte=0.00m spd=0.00m/s q=0 ggaAge=150080 vtgAge=150077 xteAge=1432790 xteraw=80:510302FF0D050BFF vt=Y(21/22) vtstat=2458/999ms tc=N drp=0mm tcq=0
16:13:42.616 W] [VT]: Server response to a command timed out
16:13:43.062 [ISOBUS] addr=0x81 claimed=Y load=11.2% msgs=48502 aiso=1359(1433790ms) xte=0.00m spd=0.00m/s q=0 ggaAge=151080 vtgAge=151077 xteAge=1433790 xteraw=80:510302FF0D050BFF vt=Y(21/22) vtstat=2459/999ms tc=N drp=0mm tcq=0
16:13:44.047 [ISOBUS] addr=0x81 claimed=Y load=11.2% msgs=48513 aiso=1360(1434790ms) xte=0.00m spd=0.00m/s q=0 ggaAge=152080 vtgAge=152077 xteAge=1434790 xteraw=80:510302FF0D050BFF vt=Y(21/22) vtstat=2460/999ms tc=N drp=0mm tcq=0
16:13:44.110 W] [VT]: Server response to a command timed out
16:13:45.049 [ISOBUS] addr=0x81 claimed=Y load=11.7% msgs=48528 aiso=1361(1435790ms) xte=0.00m spd=0.00m/s q=0 ggaAge=153080 vtgAge=153077 xteAge=1435790 xteraw=80:510302FF0D050BFF vt=Y(21/22) vtstat=2461/999ms tc=N drp=0mm tcq=0
16:13:45.587 W] [VT]: Server response to a command timed out
16:13:46.045 [ISOBUS] addr=0x81 claimed=Y load=11.2% msgs=48539 aiso=1362(1436790ms) xte=0.00m spd=0.00m/s q=0 ggaAge=154080 vtgAge=154077 xteAge=1436790 xteraw=80:510302FF0D050BFF vt=Y(21/22) vtstat=2462/995ms tc=N drp=0mm tcq=0
16:13:47.064 [ISOBUS] addr=0x81 claimed=Y load=11.1% msgs=48550 aiso=1363(1437790ms) xte=0.00m spd=0.00m/s q=0 ggaAge=155080 vtgAge=155077 xteAge=1437790 xteraw=80:510302FF0D050BFF vt=Y(21/22) vtstat=2463/995ms tc=N drp=0mm tcq=0
16:13:47.097 W] [VT]: Server response to a command timed out
16:13:47.663 TC: disconnected 150s after having been connected -- forcing restart 14 (partner addr=0xF7 valid=Y)
16:13:48.060 [ISOBUS] addr=0x81 claimed=Y load=11.2% msgs=48561 aiso=1364(1438790ms) xte=0.00m spd=0.00m/s q=0 ggaAge=156080 vtgAge=156077 xteAge=1438790 xteraw=80:510302FF0D050BFF vt=Y(21/22) vtstat=2464/995ms tc=N drp=0mm tcq=0
16:13:48.615 W] [VT]: Server response to a command timed out
16:13:49.044 [ISOBUS] addr=0x81 claimed=Y load=11.2% msgs=48572 aiso=1365(1439790ms) xte=0.00m spd=0.00m/s q=0 ggaAge=157080 vtgAge=157077 xteAge=1439790 xteraw=80:510302FF0D050BFF vt=Y(21/22) vtstat=2465/995ms tc=N drp=0mm tcq=0
16:13:50.042 [ISOBUS] addr=0x81 claimed=Y load=11.1% msgs=48583 aiso=1366(1440790ms) xte=0.00m spd=0.00m/s q=0 ggaAge=158080 vtgAge=158077 xteAge=1440790 xteraw=80:510302FF0D050BFF vt=Y(21/22) vtstat=2466/995ms tc=N drp=0mm tcq=0
16:13:50.108 W] [VT]: Server response to a command timed out
16:13:51.057 [ISOBUS] addr=0x81 claimed=Y load=11.2% msgs=48594 aiso=1367(1441790ms) xte=0.00m spd=0.00m/s q=0 ggaAge=159080 vtgAge=159077 xteAge=1441790 xteraw=80:510302FF0D050BFF vt=Y(21/22) vtstat=2467/995ms tc=N drp=0mm tcq=0
16:13:51.594 W] [VT]: Server response to a command timed out
16:13:52.039 [ISOBUS] addr=0x81 claimed=Y load=11.2% msgs=48605 aiso=1368(1442790ms) xte=0.00m spd=0.00m/s q=0 ggaAge=160080 vtgAge=160077 xteAge=1442790 xteraw=80:510302FF0D050BFF vt=Y(21/22) vtstat=2468/991ms tc=N drp=0mm tcq=0
16:13:53.068 [ISOBUS] addr=0x81 claimed=Y load=11.2% msgs=48616 aiso=1369(1443790ms) xte=0.00m spd=0.00m/s q=0 ggaAge=161080 vtgAge=161077 xteAge=1443790 xteraw=80:510302FF0D050BFF vt=Y(21/22) vtstat=2469/991ms tc=N drp=0mm tcq=0
16:13:53.110 W] [VT]: Server response to a command timed out
16:13:54.039 [ISOBUS] addr=0x81 claimed=Y load=11.2% msgs=48627 aiso=1370(1444790ms) xte=0.00m spd=0.00m/s q=0 ggaAge=162080 vtgAge=162077 xteAge=1444790 xteraw=80:510302FF0D050BFF vt=Y(21/22) vtstat=2470/991ms tc=N drp=0mm tcq=0
16:13:54.596 W] [VT]: Server response to a command timed out
16:13:55.044 [ISOBUS] addr=0x81 claimed=Y load=11.7% msgs=48642 aiso=1371(1445790ms) xte=0.00m spd=0.00m/s q=0 ggaAge=163080 vtgAge=163077 xteAge=1445790 xteraw=80:510302FF0D050BFF vt=Y(21/22) vtstat=2471/991ms tc=N drp=0mm tcq=0
16:13:56.057 [ISOBUS] addr=0x81 claimed=Y load=11.2% msgs=48653 aiso=1372(1446790ms) xte=0.00m spd=0.00m/s q=0 ggaAge=164080 vtgAge=164077 xteAge=1446790 xteraw=80:510302FF0D050BFF vt=Y(21/22) vtstat=2472/991ms tc=N drp=0mm tcq=0
16:13:56.098 W] [VT]: Server response to a command timed out
16:13:57.042 [ISOBUS] addr=0x81 claimed=Y load=11.2% msgs=48664 aiso=1373(1447790ms) xte=0.00m spd=0.00m/s q=0 ggaAge=165080 vtgAge=165077 xteAge=1447790 xteraw=80:510302FF0D050BFF vt=Y(21/22) vtstat=2473/991ms tc=N drp=0mm tcq=0
16:13:57.597 W] [VT]: Server response to a command timed out
16:13:58.046 [ISOBUS] addr=0x81 claimed=Y load=11.2% msgs=48675 aiso=1374(1448790ms) xte=0.00m spd=0.00m/s q=0 ggaAge=166080 vtgAge=166077 xteAge=1448790 xteraw=80:510302FF0D050BFF vt=Y(21/22) vtstat=2474/987ms tc=N drp=0mm tcq=0
16:13:59.049 [ISOBUS] addr=0x81 claimed=Y load=11.2% msgs=48686 aiso=1375(1449790ms) xte=0.00m spd=0.00m/s q=0 ggaAge=167080 vtgAge=167077 xteAge=1449790 xteraw=80:510302FF0D050BFF vt=Y(21/22) vtstat=2475/987ms tc=N drp=0mm tcq=0
16:13:59.102 W] [VT]: Server response to a command timed out
16:14:00.070 [ISOBUS] addr=0x81 claimed=Y load=11.2% msgs=48697 aiso=1376(1450790ms) xte=0.00m spd=0.00m/s q=0 ggaAge=168080 vtgAge=168077 xteAge=1450790 xteraw=80:510302FF0D050BFF vt=Y(21/22) vtstat=2476/987ms tc=N drp=0mm tcq=0
16:14:00.600 W] [VT]: Server response to a command timed out
16:14:01.068 [ISOBUS] addr=0x81 claimed=Y load=11.2% msgs=48708 aiso=1377(1451790ms) xte=0.00m spd=0.00m/s q=0 ggaAge=169080 vtgAge=169077 xteAge=1451790 xteraw=80:510302FF0D050BFF vt=Y(21/22) vtstat=2477/987ms tc=N drp=0mm tcq=0
16:14:02.066 [ISOBUS] addr=0x81 claimed=Y load=11.1% msgs=48719 aiso=1378(1452790ms) xte=0.00m spd=0.00m/s q=0 ggaAge=170080 vtgAge=170077 xteAge=1452790 xteraw=80:510302FF0D050BFF vt=Y(21/22) vtstat=2478/987ms tc=N drp=0mm tcq=0
16:14:02.099 W] [VT]: Server response to a command timed out
16:14:02.690 TC: disconnected 165s after having been connected -- forcing restart 15 (partner addr=0xF7 valid=Y)
16:14:03.061 [ISOBUS] addr=0x81 claimed=Y load=11.2% msgs=48730 aiso=1379(1453790ms) xte=0.00m spd=0.00m/s q=0 ggaAge=171080 vtgAge=171077 xteAge=1453790 xteraw=80:510302FF0D050BFF vt=Y(21/22) vtstat=2479/987ms tc=N drp=0mm tcq=0
16:14:03.600 W] [VT]: Server response to a command timed out
16:14:04.056 [ISOBUS] addr=0x81 claimed=Y load=11.2% msgs=48741 aiso=1380(1454790ms) xte=0.00m spd=0.00m/s q=0 ggaAge=172080 vtgAge=172077 xteAge=1454790 xteraw=80:510302FF0D050BFF vt=Y(21/22) vtstat=2480/983ms tc=N drp=0mm tcq=0
16:14:05.066 [ISOBUS] addr=0x81 claimed=Y load=11.6% msgs=48756 aiso=1381(1455790ms) xte=0.00m spd=0.00m/s q=0 ggaAge=173080 vtgAge=173077 xteAge=1455790 xteraw=80:510302FF0D050BFF vt=Y(21/22) vtstat=2481/983ms tc=N drp=0mm tcq=0
16:14:05.099 W] [VT]: Server response to a command timed out
16:14:06.056 [ISOBUS] addr=0x81 claimed=Y load=11.2% msgs=48767 aiso=1382(1456790ms) xte=0.00m spd=0.00m/s q=0 ggaAge=174080 vtgAge=174077 xteAge=1456790 xteraw=80:510302FF0D050BFF vt=Y(21/22) vtstat=2482/983ms tc=N drp=0mm tcq=0
16:14:06.616 W] [VT]: Server response to a command timed out
16:14:07.048 [ISOBUS] addr=0x81 claimed=Y load=11.2% msgs=48778 aiso=1383(1457790ms) xte=0.00m spd=0.00m/s q=0 ggaAge=175080 vtgAge=175077 xteAge=1457790 xteraw=80:510302FF0D050BFF vt=Y(21/22) vtstat=2483/983ms tc=N drp=0mm tcq=0
16:14:08.050 [ISOBUS] addr=0x81 claimed=Y load=11.2% msgs=48789 aiso=1384(1458790ms) xte=0.00m spd=0.00m/s q=0 ggaAge=176080 vtgAge=176077 xteAge=1458790 xteraw=80:510302FF0D050BFF vt=Y(21/22) vtstat=2484/983ms tc=N drp=0mm tcq=0
16:14:08.100 W] [VT]: Server response to a command timed out
16:14:09.044 [ISOBUS] addr=0x81 claimed=Y load=11.2% msgs=48800 aiso=1385(1459790ms) xte=0.00m spd=0.00m/s q=0 ggaAge=177080 vtgAge=177077 xteAge=1459790 xteraw=80:510302FF0D050BFF vt=Y(21/22) vtstat=2485/983ms tc=N drp=0mm tcq=0
16:14:09.602 W] [VT]: Server response to a command timed out
16:14:10.040 [ISOBUS] addr=0x81 claimed=Y load=11.2% msgs=48811 aiso=1386(1460790ms) xte=0.00m spd=0.00m/s q=0 ggaAge=178080 vtgAge=178077 xteAge=1460790 xteraw=80:510302FF0D050BFF vt=Y(21/22) vtstat=2486/983ms tc=N drp=0mm tcq=0
16:14:11.044 [ISOBUS] addr=0x81 claimed=Y load=11.2% msgs=48822 aiso=1387(1461790ms) xte=0.00m spd=0.00m/s q=0 ggaAge=179080 vtgAge=179077 xteAge=1461790 xteraw=80:510302FF0D050BFF vt=Y(21/22) vtstat=2487/979ms tc=N drp=0mm tcq=0
16:14:11.102 W] [VT]: Server response to a command timed out
16:14:12.041 [ISOBUS] addr=0x81 claimed=Y load=11.2% msgs=48833 aiso=1388(1462790ms) xte=0.00m spd=0.00m/s q=0 ggaAge=180080 vtgAge=180077 xteAge=1462790 xteraw=80:510302FF0D050BFF vt=Y(21/22) vtstat=2488/979ms tc=N drp=0mm tcq=0
16:14:12.611 W] [VT]: Server response to a command timed out
16:14:13.069 [ISOBUS] addr=0x81 claimed=Y load=11.2% msgs=48844 aiso=1389(1463790ms) xte=0.00m spd=0.00m/s q=0 ggaAge=181080 vtgAge=181077 xteAge=1463790 xteraw=80:510302FF0D050BFF vt=Y(21/22) vtstat=2489/979ms tc=N drp=0mm tcq=0
16:14:14.047 [ISOBUS] addr=0x81 claimed=Y load=11.2% msgs=48855 aiso=1390(1464790ms) xte=0.00m spd=0.00m/s q=0 ggaAge=182080 vtgAge=182077 xteAge=1464790 xteraw=80:510302FF0D050BFF vt=Y(21/22) vtstat=2490/979ms tc=N drp=0mm tcq=0
16:14:14.110 W] [VT]: Server response to a command timed out
16:14:15.063 [ISOBUS] addr=0x81 claimed=Y load=11.7% msgs=48870 aiso=1391(1465790ms) xte=0.00m spd=0.00m/s q=0 ggaAge=183080 vtgAge=183077 xteAge=1465790 xteraw=80:510302FF0D050BFF vt=Y(21/22) vtstat=2491/979ms tc=N drp=0mm tcq=0
16:14:15.614 W] [VT]: Server response to a command timed out
16:14:16.059 [ISOBUS] addr=0x81 claimed=Y load=11.2% msgs=48881 aiso=1392(1466790ms) xte=0.00m spd=0.00m/s q=0 ggaAge=184080 vtgAge=184077 xteAge=1466790 xteraw=80:510302FF0D050BFF vt=Y(21/22) vtstat=2492/979ms tc=N drp=0mm tcq=0
16:14:17.055 [ISOBUS] addr=0x81 claimed=Y load=11.1% msgs=48892 aiso=1393(1467790ms) xte=0.00m spd=0.00m/s q=0 ggaAge=185080 vtgAge=185077 xteAge=1467790 xteraw=80:510302FF0D050BFF vt=Y(21/22) vtstat=2493/975ms tc=N drp=0mm tcq=0
16:14:17.088 W] [VT]: Server response to a command timed out
16:14:17.664 TC: disconnected 180s after having been connected -- forcing restart 16 (partner addr=0xF7 valid=Y)
16:14:18.063 [ISOBUS] addr=0x81 claimed=Y load=11.2% msgs=48903 aiso=1394(1468790ms) xte=0.00m spd=0.00m/s q=0 ggaAge=186080 vtgAge=186077 xteAge=1468790 xteraw=80:510302FF0D050BFF vt=Y(21/22) vtstat=2494/975ms tc=N drp=0mm tcq=0
16:14:18.599 W] [VT]: Server response to a command timed out
16:14:19.045 [ISOBUS] addr=0x81 claimed=Y load=11.2% msgs=48914 aiso=1395(1469790ms) xte=0.00m spd=0.00m/s q=0 ggaAge=187080 vtgAge=187077 xteAge=1469790 xteraw=80:510302FF0D050BFF vt=Y(21/22) vtstat=2495/975ms tc=N drp=0mm tcq=0
16:14:20.059 [ISOBUS] addr=0x81 claimed=Y load=11.1% msgs=48925 aiso=1396(1470790ms) xte=0.00m spd=0.00m/s q=0 ggaAge=188080 vtgAge=188077 xteAge=1470790 xteraw=80:510302FF0D050BFF vt=Y(21/22) vtstat=2496/971ms tc=N drp=0mm tcq=0
16:14:20.092 W] [VT]: Server response to a command timed out
16:14:21.061 [ISOBUS] addr=0x81 claimed=Y load=11.3% msgs=48936 aiso=1397(1471790ms) xte=0.00m spd=0.00m/s q=0 ggaAge=189080 vtgAge=189077 xteAge=1471790 xteraw=80:510302FF0D050BFF vt=Y(21/22) vtstat=2497/971ms tc=N drp=0mm tcq=0
16:14:21.590 W] [VT]: Server response to a command timed out
16:14:22.043 [ISOBUS] addr=0x81 claimed=Y load=11.2% msgs=48947 aiso=1398(1472790ms) xte=0.00m spd=0.00m/s q=0 ggaAge=190080 vtgAge=190077 xteAge=1472790 xteraw=80:510302FF0D050BFF vt=Y(21/22) vtstat=2498/972ms tc=N drp=0mm tcq=0
16:14:23.064 [ISOBUS] addr=0x81 claimed=Y load=11.2% msgs=48958 aiso=1399(1473790ms) xte=0.00m spd=0.00m/s q=0 ggaAge=191080 vtgAge=191077 xteAge=1473790 xteraw=80:510302FF0D050BFF vt=Y(21/22) vtstat=2499/972ms tc=N drp=0mm tcq=0
16:14:23.097 W] [VT]: Server response to a command timed out
16:14:24.051 [ISOBUS] addr=0x81 claimed=Y load=11.2% msgs=48969 aiso=1400(1474790ms) xte=0.00m spd=0.00m/s q=0 ggaAge=192080 vtgAge=192077 xteAge=1474790 xteraw=80:510302FF0D050BFF vt=Y(21/22) vtstat=2500/972ms tc=N drp=0mm tcq=0
16:14:24.604 W] [VT]: Server response to a command timed out
16:14:25.061 [ISOBUS] addr=0x81 claimed=Y load=11.7% msgs=48984 aiso=1401(1475790ms) xte=0.00m spd=0.00m/s q=0 ggaAge=193080 vtgAge=193077 xteAge=1475790 xteraw=80:510302FF0D050BFF vt=Y(21/22) vtstat=2501/972ms tc=N drp=0mm tcq=0
16:14:26.057 [ISOBUS] addr=0x81 claimed=Y load=11.2% msgs=48995 aiso=1402(1476790ms) xte=0.00m spd=0.00m/s q=0 ggaAge=194080 vtgAge=194077 xteAge=1476790 xteraw=80:510302FF0D050BFF vt=Y(21/22) vtstat=2502/972ms tc=N drp=0mm tcq=0
16:14:26.095 W] [VT]: Server response to a command timed out
16:14:27.045 [ISOBUS] addr=0x81 claimed=Y load=11.2% msgs=49006 aiso=1403(1477790ms) xte=0.00m spd=0.00m/s q=0 ggaAge=195080 vtgAge=195077 xteAge=1477790 xteraw=80:510302FF0D050BFF vt=Y(21/22) vtstat=2503/972ms tc=N drp=0mm tcq=0
16:14:27.595 W] [VT]: Server response to a command timed out
16:14:28.064 [ISOBUS] addr=0x81 claimed=Y load=11.2% msgs=49017 aiso=1404(1478790ms) xte=0.00m spd=0.00m/s q=0 ggaAge=196080 vtgAge=196077 xteAge=1478790 xteraw=80:510302FF0D050BFF vt=Y(21/22) vtstat=2504/972ms tc=N drp=0mm tcq=0
16:14:29.052 [ISOBUS] addr=0x81 claimed=Y load=11.1% msgs=49028 aiso=1405(1479790ms) xte=0.00m spd=0.00m/s q=0 ggaAge=197080 vtgAge=197077 xteAge=1479790 xteraw=80:510302FF0D050BFF vt=Y(21/22) vtstat=2505/972ms tc=N drp=0mm tcq=0
16:14:29.113 W] [VT]: Server response to a command timed out
16:14:30.069 [ISOBUS] addr=0x81 claimed=Y load=11.2% msgs=49039 aiso=1406(1480790ms) xte=0.00m spd=0.00m/s q=0 ggaAge=198080 vtgAge=198077 xteAge=1480790 xteraw=80:510302FF0D050BFF vt=Y(21/22) vtstat=2506/968ms tc=N drp=0mm tcq=0
16:14:30.587 W] [VT]: Server response to a command timed out
16:14:31.062 [ISOBUS] addr=0x81 claimed=Y load=11.2% msgs=49050 aiso=1407(1481790ms) xte=0.00m spd=0.00m/s q=0 ggaAge=199080 vtgAge=199077 xteAge=1481790 xteraw=80:510302FF0D050BFF vt=Y(21/22) vtstat=2507/968ms tc=N drp=0mm tcq=0
16:14:32.041 [ISOBUS] addr=0x81 claimed=Y load=11.1% msgs=49061 aiso=1408(1482790ms) xte=0.00m spd=0.00m/s q=0 ggaAge=200080 vtgAge=200077 xteAge=1482790 xteraw=80:510302FF0D050BFF vt=Y(21/22) vtstat=2508/968ms tc=N drp=0mm tcq=0
16:14:32.104 W] [VT]: Server response to a command timed out
16:14:32.675 TC: disconnected 195s after having been connected -- forcing restart 17 (partner addr=0xF7 valid=Y)
16:14:33.051 [ISOBUS] addr=0x81 claimed=Y load=11.2% msgs=49072 aiso=1409(1483790ms) xte=0.00m spd=0.00m/s q=0 ggaAge=201080 vtgAge=201077 xteAge=1483790 xteraw=80:510302FF0D050BFF vt=Y(21/22) vtstat=2509/968ms tc=N drp=0mm tcq=0
16:14:33.614 W] [VT]: Server response to a command timed out
16:14:34.046 [ISOBUS] addr=0x81 claimed=Y load=11.2% msgs=49083 aiso=1410(1484790ms) xte=0.00m spd=0.00m/s q=0 ggaAge=202080 vtgAge=202077 xteAge=1484790 xteraw=80:510302FF0D050BFF vt=Y(21/22) vtstat=2510/968ms tc=N drp=0mm tcq=0
16:14:35.066 [ISOBUS] addr=0x81 claimed=Y load=11.7% msgs=49098 aiso=1411(1485790ms) xte=0.00m spd=0.00m/s q=0 ggaAge=203080 vtgAge=203077 xteAge=1485790 xteraw=80:510302FF0D050BFF vt=Y(21/22) vtstat=2511/968ms tc=N drp=0mm tcq=0
16:14:35.099 W] [VT]: Server response to a command timed out
16:14:36.046 [ISOBUS] addr=0x81 claimed=Y load=11.2% msgs=49109 aiso=1412(1486790ms) xte=0.00m spd=0.00m/s q=0 ggaAge=204080 vtgAge=204077 xteAge=1486790 xteraw=80:510302FF0D050BFF vt=Y(21/22) vtstat=2512/964ms tc=N drp=0mm tcq=0
16:14:36.594 W] [VT]: Server response to a command timed out
16:14:37.057 [ISOBUS] addr=0x81 claimed=Y load=11.2% msgs=49120 aiso=1413(1487790ms) xte=0.00m spd=0.00m/s q=0 ggaAge=205080 vtgAge=205077 xteAge=1487790 xteraw=80:510302FF0D050BFF vt=Y(21/22) vtstat=2513/964ms tc=N drp=0mm tcq=0
16:14:38.044 [ISOBUS] addr=0x81 claimed=Y load=11.1% msgs=49131 aiso=1414(1488790ms) xte=0.00m spd=0.00m/s q=0 ggaAge=206080 vtgAge=206077 xteAge=1488790 xteraw=80:510302FF0D050BFF vt=Y(21/22) vtstat=2514/964ms tc=N drp=0mm tcq=0
16:14:38.108 W] [VT]: Server response to a command timed out
16:14:39.049 [ISOBUS] addr=0x81 claimed=Y load=11.2% msgs=49142 aiso=1415(1489790ms) xte=0.00m spd=0.00m/s q=0 ggaAge=207080 vtgAge=207077 xteAge=1489790 xteraw=80:510302FF0D050BFF vt=Y(21/22) vtstat=2515/964ms tc=N drp=0mm tcq=0
16:14:39.615 W] [VT]: Server response to a command timed out
16:14:40.060 [ISOBUS] addr=0x81 claimed=Y load=11.2% msgs=49153 aiso=1416(1490790ms) xte=0.00m spd=0.00m/s q=0 ggaAge=208080 vtgAge=208077 xteAge=1490790 xteraw=80:510302FF0D050BFF vt=Y(21/22) vtstat=2516/964ms tc=N drp=0mm tcq=0
16:14:41.062 [ISOBUS] addr=0x81 claimed=Y load=11.1% msgs=49164 aiso=1417(1491790ms) xte=0.00m spd=0.00m/s q=0 ggaAge=209080 vtgAge=209077 xteAge=1491790 xteraw=80:510302FF0D050BFF vt=Y(21/22) vtstat=2517/964ms tc=N drp=0mm tcq=0
16:14:41.087 W] [VT]: Server response to a command timed out
16:14:42.045 [ISOBUS] addr=0x81 claimed=Y load=11.2% msgs=49175 aiso=1418(1492790ms) xte=0.00m spd=0.00m/s q=0 ggaAge=210080 vtgAge=210077 xteAge=1492790 xteraw=80:510302FF0D050BFF vt=Y(21/22) vtstat=2518/960ms tc=N drp=0mm tcq=0
16:14:42.603 W] [VT]: Server response to a command timed out
16:14:43.062 [ISOBUS] addr=0x81 claimed=Y load=11.2% msgs=49186 aiso=1419(1493790ms) xte=0.00m spd=0.00m/s q=0 ggaAge=211080 vtgAge=211077 xteAge=1493790 xteraw=80:510302FF0D050BFF vt=Y(21/22) vtstat=2519/960ms tc=N drp=0mm tcq=0
16:14:44.060 [ISOBUS] addr=0x81 claimed=Y load=11.1% msgs=49197 aiso=1420(1494790ms) xte=0.00m spd=0.00m/s q=0 ggaAge=212080 vtgAge=212077 xteAge=1494790 xteraw=80:510302FF0D050BFF vt=Y(21/22) vtstat=2520/960ms tc=N drp=0mm tcq=0
16:14:44.094 W] [VT]: Server response to a command timed out
16:14:45.052 [ISOBUS] addr=0x81 claimed=Y load=11.7% msgs=49212 aiso=1421(1495790ms) xte=0.00m spd=0.00m/s q=0 ggaAge=213080 vtgAge=213077 xteAge=1495790 xteraw=80:510302FF0D050BFF vt=Y(21/22) vtstat=2521/960ms tc=N drp=0mm tcq=0
16:14:45.612 W] [VT]: Server response to a command timed out
16:14:46.041 [ISOBUS] addr=0x81 claimed=Y load=11.2% msgs=49223 aiso=1422(1496790ms) xte=0.00m spd=0.00m/s q=0 ggaAge=214080 vtgAge=214077 xteAge=1496790 xteraw=80:510302FF0D050BFF vt=Y(21/22) vtstat=2522/960ms tc=N drp=0mm tcq=0
16:14:47.058 [ISOBUS] addr=0x81 claimed=Y load=11.1% msgs=49234 aiso=1423(1497790ms) xte=0.00m spd=0.00m/s q=0 ggaAge=215080 vtgAge=215077 xteAge=1497790 xteraw=80:510302FF0D050BFF vt=Y(21/22) vtstat=2523/960ms tc=N drp=0mm tcq=0
16:14:47.090 W] [VT]: Server response to a command timed out
16:14:47.666 TC: disconnected 210s after having been connected -- forcing restart 18 (partner addr=0xF7 valid=Y)
16:14:48.053 [ISOBUS] addr=0x81 claimed=Y load=11.3% msgs=49245 aiso=1424(1498790ms) xte=0.00m spd=0.00m/s q=0 ggaAge=216080 vtgAge=216077 xteAge=1498790 xteraw=80:510302FF0D050BFF vt=Y(21/22) vtstat=2524/956ms tc=N drp=0mm tcq=0
16:14:48.588 W] [VT]: Server response to a command timed out
16:14:49.046 [ISOBUS] addr=0x81 claimed=Y load=11.2% msgs=49256 aiso=1425(1499790ms) xte=0.00m spd=0.00m/s q=0 ggaAge=217080 vtgAge=217077 xteAge=1499790 xteraw=80:510302FF0D050BFF vt=Y(21/22) vtstat=2525/956ms tc=N drp=0mm tcq=0
16:14:50.059 [ISOBUS] addr=0x81 claimed=Y load=11.1% msgs=49267 aiso=1426(1500790ms) xte=0.00m spd=0.00m/s q=0 ggaAge=218080 vtgAge=218077 xteAge=1500790 xteraw=80:510302FF0D050BFF vt=Y(21/22) vtstat=2526/956ms tc=N drp=0mm tcq=0
16:14:50.091 W] [VT]: Server response to a command timed out
16:14:51.062 [ISOBUS] addr=0x81 claimed=Y load=11.3% msgs=49278 aiso=1427(1501790ms) xte=0.00m spd=0.00m/s q=0 ggaAge=219080 vtgAge=219077 xteAge=1501790 xteraw=80:510302FF0D050BFF vt=Y(21/22) vtstat=2527/956ms tc=N drp=0mm tcq=0
16:14:51.604 W] [VT]: Server response to a command timed out
16:14:52.063 [ISOBUS] addr=0x81 claimed=Y load=11.1% msgs=49289 aiso=1428(1502790ms) xte=0.00m spd=0.00m/s q=0 ggaAge=220080 vtgAge=220077 xteAge=1502790 xteraw=80:510302FF0D050BFF vt=Y(21/22) vtstat=2528/952ms tc=N drp=0mm tcq=0
16:14:53.071 [ISOBUS] addr=0x81 claimed=Y load=11.2% msgs=49300 aiso=1429(1503790ms) xte=0.00m spd=0.00m/s q=0 ggaAge=221080 vtgAge=221077 xteAge=1503790 xteraw=80:510302FF0D050BFF vt=Y(21/22) vtstat=2529/952ms tc=N drp=0mm tcq=0
16:14:53.115 W] [VT]: Server response to a command timed out
16:14:54.053 [ISOBUS] addr=0x81 claimed=Y load=11.2% msgs=49311 aiso=1430(1504790ms) xte=0.00m spd=0.00m/s q=0 ggaAge=222080 vtgAge=222077 xteAge=1504790 xteraw=80:510302FF0D050BFF vt=Y(21/22) vtstat=2530/952ms tc=N drp=0mm tcq=0
16:14:54.598 W] [VT]: Server response to a command timed out
16:14:55.048 [ISOBUS] addr=0x81 claimed=Y load=11.7% msgs=49326 aiso=1431(1505790ms) xte=0.00m spd=0.00m/s q=0 ggaAge=223080 vtgAge=223077 xteAge=1505790 xteraw=80:510302FF0D050BFF vt=Y(21/22) vtstat=2531/952ms tc=N drp=0mm tcq=0
16:14:56.059 [ISOBUS] addr=0x81 claimed=Y load=11.1% msgs=49337 aiso=1432(1506790ms) xte=0.00m spd=0.00m/s q=0 ggaAge=224080 vtgAge=224077 xteAge=1506790 xteraw=80:510302FF0D050BFF vt=Y(21/22) vtstat=2532/952ms tc=N drp=0mm tcq=0
16:14:56.101 W] [VT]: Server response to a command timed out
16:14:57.060 [ISOBUS] addr=0x81 claimed=Y load=11.2% msgs=49348 aiso=1433(1507790ms) xte=0.00m spd=0.00m/s q=0 ggaAge=225080 vtgAge=225077 xteAge=1507790 xteraw=80:510302FF0D050BFF vt=Y(21/22) vtstat=2533/952ms tc=N drp=0mm tcq=0
16:14:57.590 W] [VT]: Server response to a command timed out
16:14:58.064 [ISOBUS] addr=0x81 claimed=Y load=11.2% msgs=49359 aiso=1434(1508790ms) xte=0.00m spd=0.00m/s q=0 ggaAge=226080 vtgAge=226077 xteAge=1508790 xteraw=80:510302FF0D050BFF vt=Y(21/22) vtstat=2534/952ms tc=N drp=0mm tcq=0
16:14:59.070 [ISOBUS] addr=0x81 claimed=Y load=11.1% msgs=49370 aiso=1435(1509790ms) xte=0.00m spd=0.00m/s q=0 ggaAge=227080 vtgAge=227077 xteAge=1509790 xteraw=80:510302FF0D050BFF vt=Y(21/22) vtstat=2535/952ms tc=N drp=0mm tcq=0
16:14:59.112 W] [VT]: Server response to a command timed out
16:15:00.066 [ISOBUS] addr=0x81 claimed=Y load=11.2% msgs=49381 aiso=1436(1510790ms) xte=0.00m spd=0.00m/s q=0 ggaAge=228080 vtgAge=228077 xteAge=1510790 xteraw=80:510302FF0D050BFF vt=Y(21/22) vtstat=2536/948ms tc=N drp=0mm tcq=0
16:15:00.621 W] [VT]: Server response to a command timed out
16:15:01.064 [ISOBUS] addr=0x81 claimed=Y load=11.2% msgs=49392 aiso=1437(1511790ms) xte=0.00m spd=0.00m/s q=0 ggaAge=229080 vtgAge=229077 xteAge=1511790 xteraw=80:510302FF0D050BFF vt=Y(21/22) vtstat=2537/948ms tc=N drp=0mm tcq=0
16:15:02.054 [ISOBUS] addr=0x81 claimed=Y load=11.1% msgs=49403 aiso=1438(1512790ms) xte=0.00m spd=0.00m/s q=0 ggaAge=230080 vtgAge=230077 xteAge=1512790 xteraw=80:510302FF0D050BFF vt=Y(21/22) vtstat=2538/948ms tc=N drp=0mm tcq=0
16:15:02.095 W] [VT]: Server response to a command timed out
16:15:02.686 TC: disconnected 225s after having been connected -- forcing restart 19 (partner addr=0xF7 valid=Y)
16:15:03.053 [ISOBUS] addr=0x81 claimed=Y load=11.5% msgs=49414 aiso=1439(1513790ms) xte=0.00m spd=0.00m/s q=0 ggaAge=231080 vtgAge=231077 xteAge=1513790 xteraw=80:510302FF0D050BFF vt=Y(21/22) vtstat=2540/548ms tc=N drp=0mm tcq=0
16:15:03.605 W] [VT]: Server response to a command timed out
16:15:04.072 [ISOBUS] addr=0x81 claimed=Y load=11.2% msgs=49425 aiso=1440(1514790ms) xte=0.00m spd=0.00m/s q=0 ggaAge=232080 vtgAge=232077 xteAge=1514790 xteraw=80:510302FF0D050BFF vt=Y(21/22) vtstat=2541/548ms tc=N drp=0mm tcq=0
16:15:05.055 [ISOBUS] addr=0x81 claimed=Y load=11.6% msgs=49440 aiso=1441(1515790ms) xte=0.00m spd=0.00m/s q=0 ggaAge=233080 vtgAge=233077 xteAge=1515790 xteraw=80:510302FF0D050BFF vt=Y(21/22) vtstat=2542/548ms tc=N drp=0mm tcq=0
16:15:05.097 W] [VT]: Server response to a command timed out
16:15:06.055 [ISOBUS] addr=0x81 claimed=Y load=11.5% msgs=49451 aiso=1442(1516790ms) xte=0.00m spd=0.00m/s q=0 ggaAge=234080 vtgAge=234077 xteAge=1516790 xteraw=80:510302FF0D050BFF vt=Y(21/22) vtstat=2544/144ms tc=N drp=0mm tcq=0
16:15:06.595 W] [VT]: Server response to a command timed out
16:15:07.057 [ISOBUS] addr=0x81 claimed=Y load=11.2% msgs=49462 aiso=1443(1517790ms) xte=0.00m spd=0.00m/s q=0 ggaAge=235080 vtgAge=235077 xteAge=1517790 xteraw=80:510302FF0D050BFF vt=Y(21/22) vtstat=2545/145ms tc=N drp=0mm tcq=0
16:15:08.067 [ISOBUS] addr=0x81 claimed=Y load=11.1% msgs=49473 aiso=1444(1518790ms) xte=0.00m spd=0.00m/s q=0 ggaAge=236080 vtgAge=236077 xteAge=1518790 xteraw=80:510302FF0D050BFF vt=Y(21/22) vtstat=2546/145ms tc=N drp=0mm tcq=0
16:15:08.097 W] [VT]: Server response to a command timed out
16:15:09.051 [ISOBUS] addr=0x81 claimed=Y load=11.3% msgs=49484 aiso=1445(1519790ms) xte=0.00m spd=0.00m/s q=0 ggaAge=237080 vtgAge=237077 xteAge=1519790 xteraw=80:510302FF0D050BFF vt=Y(21/22) vtstat=2547/145ms tc=N drp=0mm tcq=0
16:15:09.614 W] [VT]: Server response to a command timed out
16:15:10.058 [ISOBUS] addr=0x81 claimed=Y load=11.1% msgs=49495 aiso=1446(1520790ms) xte=0.00m spd=0.00m/s q=0 ggaAge=238080 vtgAge=238077 xteAge=1520790 xteraw=80:510302FF0D050BFF vt=Y(21/22) vtstat=2548/145ms tc=N drp=0mm tcq=0
16:15:11.068 [ISOBUS] addr=0x81 claimed=Y load=11.2% msgs=49506 aiso=1447(1521790ms) xte=0.00m spd=0.00m/s q=0 ggaAge=239080 vtgAge=239077 xteAge=1521790 xteraw=80:510302FF0D050BFF vt=Y(21/22) vtstat=2549/141ms tc=N drp=0mm tcq=0
16:15:11.099 W] [VT]: Server response to a command timed out
16:15:12.062 [ISOBUS] addr=0x81 claimed=Y load=11.2% msgs=49517 aiso=1448(1522790ms) xte=0.00m spd=0.00m/s q=0 ggaAge=240080 vtgAge=240077 xteAge=1522790 xteraw=80:510302FF0D050BFF vt=Y(21/22) vtstat=2550/141ms tc=N drp=0mm tcq=0
16:15:12.605 W] [VT]: Server response to a command timed out
16:15:13.065 [ISOBUS] addr=0x81 claimed=Y load=11.2% msgs=49528 aiso=1449(1523790ms) xte=0.00m spd=0.00m/s q=0 ggaAge=241080 vtgAge=241077 xteAge=1523790 xteraw=80:510302FF0D050BFF vt=Y(21/22) vtstat=2551/141ms tc=N drp=0mm tcq=0
16:15:14.054 [ISOBUS] addr=0x81 claimed=Y load=11.2% msgs=49539 aiso=1450(1524790ms) xte=0.00m spd=0.00m/s q=0 ggaAge=242080 vtgAge=242077 xteAge=1524790 xteraw=80:510302FF0D050BFF vt=Y(21/22) vtstat=2552/141ms tc=N drp=0mm tcq=0
16:15:14.132 W] [VT]: Server response to a command timed out
16:15:15.065 [ISOBUS] addr=0x81 claimed=Y load=11.7% msgs=49554 aiso=1451(1525790ms) xte=0.00m spd=0.00m/s q=0 ggaAge=243080 vtgAge=243077 xteAge=1525790 xteraw=80:510302FF0D050BFF vt=Y(21/22) vtstat=2553/141ms tc=N drp=0mm tcq=0
16:15:15.605 W] [VT]: Server response to a command timed out
16:15:16.051 [ISOBUS] addr=0x81 claimed=Y load=11.2% msgs=49565 aiso=1452(1526790ms) xte=0.00m spd=0.00m/s q=0 ggaAge=244080 vtgAge=244077 xteAge=1526790 xteraw=80:510302FF0D050BFF vt=Y(21/22) vtstat=2554/141ms tc=N drp=0mm tcq=0
16:15:17.072 [ISOBUS] addr=0x81 claimed=Y load=11.1% msgs=49576 aiso=1453(1527790ms) xte=0.00m spd=0.00m/s q=0 ggaAge=245080 vtgAge=245077 xteAge=1527790 xteraw=80:510302FF0D050BFF vt=Y(21/22) vtstat=2555/137ms tc=N drp=0mm tcq=0
16:15:17.116 W] [VT]: Server response to a command timed out
16:15:17.688 TC: disconnected 240s after having been connected -- forcing restart 20 (partner addr=0xF7 valid=Y)
16:15:18.048 [ISOBUS] addr=0x81 claimed=Y load=11.2% msgs=49587 aiso=1454(1528790ms) xte=0.00m spd=0.00m/s q=0 ggaAge=246080 vtgAge=246077 xteAge=1528790 xteraw=80:510302FF0D050BFF vt=Y(21/22) vtstat=2556/137ms tc=N drp=0mm tcq=0
16:15:18.628 W] [VT]: Server response to a command timed out
16:15:19.070 [ISOBUS] addr=0x81 claimed=Y load=11.2% msgs=49598 aiso=1455(1529790ms) xte=0.00m spd=0.00m/s q=0 ggaAge=247080 vtgAge=247077 xteAge=1529790 xteraw=80:510302FF0D050BFF vt=Y(21/22) vtstat=2557/137ms tc=N drp=0mm tcq=0
16:15:20.052 [ISOBUS] addr=0x81 claimed=Y load=11.1% msgs=49609 aiso=1456(1530790ms) xte=0.00m spd=0.00m/s q=0 ggaAge=248080 vtgAge=248077 xteAge=1530790 xteraw=80:510302FF0D050BFF vt=Y(21/22) vtstat=2558/137ms tc=N drp=0mm tcq=0
16:15:20.109 W] [VT]: Server response to a command timed out
16:15:21.065 [ISOBUS] addr=0x81 claimed=Y load=11.2% msgs=49620 aiso=1457(1531790ms) xte=0.00m spd=0.00m/s q=0 ggaAge=249080 vtgAge=249077 xteAge=1531790 xteraw=80:510302FF0D050BFF vt=Y(21/22) vtstat=2559/137ms tc=N drp=0mm tcq=0
16:15:21.614 W] [VT]: Server response to a command timed out
16:15:22.045 [ISOBUS] addr=0x81 claimed=Y load=11.2% msgs=49631 aiso=1458(1532790ms) xte=0.00m spd=0.00m/s q=0 ggaAge=250080 vtgAge=250077 xteAge=1532790 xteraw=80:510302FF0D050BFF vt=Y(21/22) vtstat=2560/137ms tc=N drp=0mm tcq=0
16:15:23.066 [ISOBUS] addr=0x81 claimed=Y load=11.2% msgs=49642 aiso=1459(1533790ms) xte=0.00m spd=0.00m/s q=0 ggaAge=251080 vtgAge=251077 xteAge=1533790 xteraw=80:510302FF0D050BFF vt=Y(21/22) vtstat=2561/137ms tc=N drp=0mm tcq=0
16:15:23.099 W] [VT]: Server response to a command timed out
16:15:24.068 [ISOBUS] addr=0x81 claimed=Y load=11.2% msgs=49653 aiso=1460(1534790ms) xte=0.00m spd=0.00m/s q=0 ggaAge=252080 vtgAge=252077 xteAge=1534790 xteraw=80:510302FF0D050BFF vt=Y(21/22) vtstat=2562/133ms tc=N drp=0mm tcq=0
16:15:24.605 W] [VT]: Server response to a command timed out
16:15:25.085 [ISOBUS] addr=0x81 claimed=Y load=11.7% msgs=49668 aiso=1461(1535790ms) xte=0.00m spd=0.00m/s q=0 ggaAge=253080 vtgAge=253077 xteAge=1535790 xteraw=80:510302FF0D050BFF vt=Y(21/22) vtstat=2563/133ms tc=N drp=0mm tcq=0
16:15:26.048 [ISOBUS] addr=0x81 claimed=Y load=11.2% msgs=49679 aiso=1462(1536790ms) xte=0.00m spd=0.00m/s q=0 ggaAge=254080 vtgAge=254077 xteAge=1536790 xteraw=80:510302FF0D050BFF vt=Y(21/22) vtstat=2564/133ms tc=N drp=0mm tcq=0
16:15:26.111 W] [VT]: Server response to a command timed out
16:15:27.043 [ISOBUS] addr=0x81 claimed=Y load=11.2% msgs=49690 aiso=1463(1537790ms) xte=0.00m spd=0.00m/s q=0 ggaAge=255080 vtgAge=255077 xteAge=1537790 xteraw=80:510302FF0D050BFF vt=Y(21/22) vtstat=2565/133ms tc=N drp=0mm tcq=0
16:15:27.608 W] [VT]: Server response to a command timed out
16:15:28.059 [ISOBUS] addr=0x81 claimed=Y load=11.2% msgs=49701 aiso=1464(1538790ms) xte=0.00m spd=0.00m/s q=0 ggaAge=256080 vtgAge=256077 xteAge=1538790 xteraw=80:510302FF0D050BFF vt=Y(21/22) vtstat=2566/133ms tc=N drp=0mm tcq=0
16:15:29.089 [ISOBUS] addr=0x81 claimed=Y load=11.2% msgs=49712 aiso=1465(1539790ms) xte=0.00m spd=0.00m/s q=0 ggaAge=257080 vtgAge=257077 xteAge=1539790 xteraw=80:510302FF0D050BFF vt=Y(21/22) vtstat=2567/133ms tc=N drp=0mm tcq=0
16:15:29.091 W] [VT]: Server response to a command timed out
16:15:30.065 [ISOBUS] addr=0x81 claimed=Y load=11.2% msgs=49723 aiso=1466(1540790ms) xte=0.00m spd=0.00m/s q=0 ggaAge=258080 vtgAge=258077 xteAge=1540790 xteraw=80:510302FF0D050BFF vt=Y(21/22) vtstat=2568/129ms tc=N drp=0mm tcq=0
16:15:30.605 W] [VT]: Server response to a command timed out
16:15:31.081 [ISOBUS] addr=0x81 claimed=Y load=11.2% msgs=49734 aiso=1467(1541790ms) xte=0.00m spd=0.00m/s q=0 ggaAge=259080 vtgAge=259077 xteAge=1541790 xteraw=80:510302FF0D050BFF vt=Y(21/22) vtstat=2569/129ms tc=N drp=0mm tcq=0
16:15:32.044 [ISOBUS] addr=0x81 claimed=Y load=11.1% msgs=49745 aiso=1468(1542790ms) xte=0.00m spd=0.00m/s q=0 ggaAge=260080 vtgAge=260077 xteAge=1542790 xteraw=80:510302FF0D050BFF vt=Y(21/22) vtstat=2570/129ms tc=N drp=0mm tcq=0
16:15:32.117 W] [VT]: Server response to a command timed out
16:15:32.690 TC: disconnected 255s after having been connected -- forcing restart 21 (partner addr=0xF7 valid=Y)
16:15:33.066 [ISOBUS] addr=0x81 claimed=Y load=11.2% msgs=49756 aiso=1469(1543790ms) xte=0.00m spd=0.00m/s q=0 ggaAge=261080 vtgAge=261077 xteAge=1543790 xteraw=80:510302FF0D050BFF vt=Y(21/22) vtstat=2571/129ms tc=N drp=0mm tcq=0
16:15:33.601 W] [VT]: Server response to a command timed out
16:15:34.043 [ISOBUS] addr=0x81 claimed=Y load=11.2% msgs=49767 aiso=1470(1544790ms) xte=0.00m spd=0.00m/s q=0 ggaAge=262080 vtgAge=262077 xteAge=1544790 xteraw=80:510302FF0D050BFF vt=Y(21/22) vtstat=2572/129ms tc=N drp=0mm tcq=0
16:15:35.047 [ISOBUS] addr=0x81 claimed=Y load=11.6% msgs=49782 aiso=1471(1545790ms) xte=0.00m spd=0.00m/s q=0 ggaAge=263080 vtgAge=263077 xteAge=1545790 xteraw=80:510302FF0D050BFF vt=Y(21/22) vtstat=2573/129ms tc=N drp=0mm tcq=0
16:15:35.111 W] [VT]: Server response to a command timed out
16:15:36.063 [ISOBUS] addr=0x81 claimed=Y load=11.2% msgs=49793 aiso=1472(1546790ms) xte=0.00m spd=0.00m/s q=0 ggaAge=264080 vtgAge=264077 xteAge=1546790 xteraw=80:510302FF0D050BFF vt=Y(21/22) vtstat=2574/129ms tc=N drp=0mm tcq=0
16:15:36.623 W] [VT]: Server response to a command timed out
16:15:37.073 [ISOBUS] addr=0x81 claimed=Y load=11.2% msgs=49804 aiso=1473(1547790ms) xte=0.00m spd=0.00m/s q=0 ggaAge=265080 vtgAge=265077 xteAge=1547790 xteraw=80:510302FF0D050BFF vt=Y(21/22) vtstat=2575/125ms tc=N drp=0mm tcq=0
16:15:38.077 [ISOBUS] addr=0x81 claimed=Y load=11.2% msgs=49815 aiso=1474(1548790ms) xte=0.00m spd=0.00m/s q=0 ggaAge=266080 vtgAge=266077 xteAge=1548790 xteraw=80:510302FF0D050BFF vt=Y(21/22) vtstat=2576/125ms tc=N drp=0mm tcq=0
16:15:38.102 W] [VT]: Server response to a command timed out
16:15:39.070 [ISOBUS] addr=0x81 claimed=Y load=11.2% msgs=49826 aiso=1475(1549790ms) xte=0.00m spd=0.00m/s q=0 ggaAge=267080 vtgAge=267077 xteAge=1549790 xteraw=80:510302FF0D050BFF vt=Y(21/22) vtstat=2577/125ms tc=N drp=0mm tcq=0
16:15:39.617 W] [VT]: Server response to a command timed out
16:15:40.064 [ISOBUS] addr=0x81 claimed=Y load=11.2% msgs=49837 aiso=1476(1550790ms) xte=0.00m spd=0.00m/s q=0 ggaAge=268080 vtgAge=268077 xteAge=1550790 xteraw=80:510302FF0D050BFF vt=Y(21/22) vtstat=2578/125ms tc=N drp=0mm tcq=0
16:15:41.056 [ISOBUS] addr=0x81 claimed=Y load=11.2% msgs=49848 aiso=1477(1551790ms) xte=0.00m spd=0.00m/s q=0 ggaAge=269080 vtgAge=269077 xteAge=1551790 xteraw=80:510302FF0D050BFF vt=Y(21/22) vtstat=2579/125ms tc=N drp=0mm tcq=0
16:15:41.096 W] [VT]: Server response to a command timed out
16:15:42.083 [ISOBUS] addr=0x81 claimed=Y load=11.2% msgs=49859 aiso=1478(1552790ms) xte=0.00m spd=0.00m/s q=0 ggaAge=270080 vtgAge=270077 xteAge=1552790 xteraw=80:510302FF0D050BFF vt=Y(21/22) vtstat=2580/125ms tc=N drp=0mm tcq=0
16:15:42.608 W] [VT]: Server response to a command timed out
16:15:43.049 [ISOBUS] addr=0x81 claimed=Y load=11.2% msgs=49870 aiso=1479(1553790ms) xte=0.00m spd=0.00m/s q=0 ggaAge=271080 vtgAge=271077 xteAge=1553790 xteraw=80:510302FF0D050BFF vt=Y(21/22) vtstat=2581/121ms tc=N drp=0mm tcq=0
16:15:44.051 [ISOBUS] addr=0x81 claimed=Y load=11.2% msgs=49881 aiso=1480(1554790ms) xte=0.00m spd=0.00m/s q=0 ggaAge=272080 vtgAge=272077 xteAge=1554790 xteraw=80:510302FF0D050BFF vt=Y(21/22) vtstat=2582/121ms tc=N drp=0mm tcq=0
16:15:44.111 W] [VT]: Server response to a command timed out
16:15:45.083 [ISOBUS] addr=0x81 claimed=Y load=11.7% msgs=49896 aiso=1481(1555790ms) xte=0.00m spd=0.00m/s q=0 ggaAge=273080 vtgAge=273077 xteAge=1555790 xteraw=80:510302FF0D050BFF vt=Y(21/22) vtstat=2583/121ms tc=N drp=0mm tcq=0
16:15:45.612 W] [VT]: Server response to a command timed out
16:15:46.046 [ISOBUS] addr=0x81 claimed=Y load=11.2% msgs=49907 aiso=1482(1556790ms) xte=0.00m spd=0.00m/s q=0 ggaAge=274080 vtgAge=274077 xteAge=1556790 xteraw=80:510302FF0D050BFF vt=Y(21/22) vtstat=2584/121ms tc=N drp=0mm tcq=0
16:15:47.050 [ISOBUS] addr=0x81 claimed=Y load=11.1% msgs=49918 aiso=1483(1557790ms) xte=0.00m spd=0.00m/s q=0 ggaAge=275080 vtgAge=275077 xteAge=1557790 xteraw=80:510302FF0D050BFF vt=Y(21/22) vtstat=2585/121ms tc=N drp=0mm tcq=0
16:15:47.113 W] [VT]: Server response to a command timed out
16:15:47.697 TC: disconnected 270s after having been connected -- forcing restart 22 (partner addr=0xF7 valid=Y)
16:15:48.066 [ISOBUS] addr=0x81 claimed=Y load=11.2% msgs=49929 aiso=1484(1558790ms) xte=0.00m spd=0.00m/s q=0 ggaAge=276080 vtgAge=276077 xteAge=1558790 xteraw=80:510302FF0D050BFF vt=Y(21/22) vtstat=2586/121ms tc=N drp=0mm tcq=0
16:15:48.621 W] [VT]: Server response to a command timed out
16:15:49.050 [ISOBUS] addr=0x81 claimed=Y load=11.2% msgs=49940 aiso=1485(1559790ms) xte=0.00m spd=0.00m/s q=0 ggaAge=277080 vtgAge=277077 xteAge=1559790 xteraw=80:510302FF0D050BFF vt=Y(21/22) vtstat=2587/117ms tc=N drp=0mm tcq=0
16:15:50.061 [ISOBUS] addr=0x81 claimed=Y load=11.1% msgs=49951 aiso=1486(1560790ms) xte=0.00m spd=0.00m/s q=0 ggaAge=278080 vtgAge=278077 xteAge=1560790 xteraw=80:510302FF0D050BFF vt=Y(21/22) vtstat=2588/117ms tc=N drp=0mm tcq=0
16:15:50.093 W] [VT]: Server response to a command timed out
16:15:51.046 [ISOBUS] addr=0x81 claimed=Y load=11.2% msgs=49962 aiso=1487(1561790ms) xte=0.00m spd=0.00m/s q=0 ggaAge=279080 vtgAge=279077 xteAge=1561790 xteraw=80:510302FF0D050BFF vt=Y(21/22) vtstat=2589/117ms tc=N drp=0mm tcq=0
16:15:51.591 W] [VT]: Server response to a command timed out
16:15:52.056 [ISOBUS] addr=0x81 claimed=Y load=11.2% msgs=49973 aiso=1488(1562790ms) xte=0.00m spd=0.00m/s q=0 ggaAge=280080 vtgAge=280077 xteAge=1562790 xteraw=80:510302FF0D050BFF vt=Y(21/22) vtstat=2590/118ms tc=N drp=0mm tcq=0
16:15:53.056 [ISOBUS] addr=0x81 claimed=Y load=11.2% msgs=49984 aiso=1489(1563790ms) xte=0.00m spd=0.00m/s q=0 ggaAge=281080 vtgAge=281077 xteAge=1563790 xteraw=80:510302FF0D050BFF vt=Y(21/22) vtstat=2591/117ms tc=N drp=0mm tcq=0
16:15:53.118 W] [VT]: Server response to a command timed out
16:15:54.049 [ISOBUS] addr=0x81 claimed=Y load=11.2% msgs=49995 aiso=1490(1564790ms) xte=0.00m spd=0.00m/s q=0 ggaAge=282080 vtgAge=282077 xteAge=1564790 xteraw=80:510302FF0D050BFF vt=Y(21/22) vtstat=2592/118ms tc=N drp=0mm tcq=0
16:15:54.607 W] [VT]: Server response to a command timed out
16:15:55.069 [ISOBUS] addr=0x81 claimed=Y load=11.7% msgs=50010 aiso=1491(1565790ms) xte=0.00m spd=0.00m/s q=0 ggaAge=283080 vtgAge=283077 xteAge=1565790 xteraw=80:510302FF0D050BFF vt=Y(21/22) vtstat=2593/118ms tc=N drp=0mm tcq=0
16:15:56.064 [ISOBUS] addr=0x81 claimed=Y load=11.2% msgs=50021 aiso=1492(1566790ms) xte=0.00m spd=0.00m/s q=0 ggaAge=284080 vtgAge=284077 xteAge=1566790 xteraw=80:510302FF0D050BFF vt=Y(21/22) vtstat=2594/114ms tc=N drp=0mm tcq=0
16:15:56.120 W] [VT]: Server response to a command timed out
16:15:57.046 [ISOBUS] addr=0x81 claimed=Y load=11.2% msgs=50032 aiso=1493(1567790ms) xte=0.00m spd=0.00m/s q=0 ggaAge=285080 vtgAge=285077 xteAge=1567790 xteraw=80:510302FF0D050BFF vt=Y(21/22) vtstat=2595/114ms tc=N drp=0mm tcq=0
16:15:57.602 W] [VT]: Server response to a command timed out
16:15:58.047 [ISOBUS] addr=0x81 claimed=Y load=11.2% msgs=50043 aiso=1494(1568790ms) xte=0.00m spd=0.00m/s q=0 ggaAge=286080 vtgAge=286077 xteAge=1568790 xteraw=80:510302FF0D050BFF vt=Y(21/22) vtstat=2596/114ms tc=N drp=0mm tcq=0
16:15:59.072 [ISOBUS] addr=0x81 claimed=Y load=11.2% msgs=50054 aiso=1495(1569790ms) xte=0.00m spd=0.00m/s q=0 ggaAge=287080 vtgAge=287077 xteAge=1569790 xteraw=80:510302FF0D050BFF vt=Y(21/22) vtstat=2597/114ms tc=N drp=0mm tcq=0
16:15:59.110 W] [VT]: Server response to a command timed out
16:16:00.061 [ISOBUS] addr=0x81 claimed=Y load=11.2% msgs=50065 aiso=1496(1570790ms) xte=0.00m spd=0.00m/s q=0 ggaAge=288080 vtgAge=288077 xteAge=1570790 xteraw=80:510302FF0D050BFF vt=Y(21/22) vtstat=2598/114ms tc=N drp=0mm tcq=0
16:16:00.607 W] [VT]: Server response to a command timed out
16:16:01.068 [ISOBUS] addr=0x81 claimed=Y load=11.2% msgs=50076 aiso=1497(1571790ms) xte=0.00m spd=0.00m/s q=0 ggaAge=289080 vtgAge=289077 xteAge=1571790 xteraw=80:510302FF0D050BFF vt=Y(21/22) vtstat=2599/114ms tc=N drp=0mm tcq=0
16:16:02.067 [ISOBUS] addr=0x81 claimed=Y load=11.1% msgs=50087 aiso=1498(1572790ms) xte=0.00m spd=0.00m/s q=0 ggaAge=290080 vtgAge=290077 xteAge=1572790 xteraw=80:510302FF0D050BFF vt=Y(21/22) vtstat=2600/114ms tc=N drp=0mm tcq=0
16:16:02.098 W] [VT]: Server response to a command timed out
16:16:02.690 TC: disconnected 285s after having been connected -- forcing restart 23 (partner addr=0xF7 valid=Y)
16:16:03.047 [ISOBUS] addr=0x81 claimed=Y load=11.2% msgs=50098 aiso=1499(1573790ms) xte=0.00m spd=0.00m/s q=0 ggaAge=291080 vtgAge=291077 xteAge=1573790 xteraw=80:510302FF0D050BFF vt=Y(21/22) vtstat=2601/110ms tc=N drp=0mm tcq=0
16:16:03.597 W] [VT]: Server response to a command timed out
16:16:04.068 [ISOBUS] addr=0x81 claimed=Y load=11.2% msgs=50109 aiso=1500(1574790ms) xte=0.00m spd=0.00m/s q=0 ggaAge=292080 vtgAge=292077 xteAge=1574790 xteraw=80:510302FF0D050BFF vt=Y(21/22) vtstat=2602/110ms tc=N drp=0mm tcq=0
16:16:05.071 [ISOBUS] addr=0x81 claimed=Y load=11.6% msgs=50124 aiso=1501(1575790ms) xte=0.00m spd=0.00m/s q=0 ggaAge=293080 vtgAge=293077 xteAge=1575790 xteraw=80:510302FF0D050BFF vt=Y(21/22) vtstat=2603/110ms tc=N drp=0mm tcq=0
16:16:05.119 W] [VT]: Server response to a command timed out
16:16:06.079 [ISOBUS] addr=0x81 claimed=Y load=11.2% msgs=50135 aiso=1502(1576790ms) xte=0.00m spd=0.00m/s q=0 ggaAge=294080 vtgAge=294077 xteAge=1576790 xteraw=80:510302FF0D050BFF vt=Y(21/22) vtstat=2604/110ms tc=N drp=0mm tcq=0
16:16:06.606 W] [VT]: Server response to a command timed out
16:16:07.084 [ISOBUS] addr=0x81 claimed=Y load=11.2% msgs=50146 aiso=1503(1577790ms) xte=0.00m spd=0.00m/s q=0 ggaAge=295080 vtgAge=295077 xteAge=1577790 xteraw=80:510302FF0D050BFF vt=Y(21/22) vtstat=2605/110ms tc=N drp=0mm tcq=0
16:16:08.083 [ISOBUS] addr=0x81 claimed=Y load=11.2% msgs=50157 aiso=1504(1578790ms) xte=0.00m spd=0.00m/s q=0 ggaAge=296080 vtgAge=296077 xteAge=1578790 xteraw=80:510302FF0D050BFF vt=Y(21/22) vtstat=2606/110ms tc=N drp=0mm tcq=0
16:16:08.114 W] [VT]: Server response to a command timed out
16:16:09.054 [ISOBUS] addr=0x81 claimed=Y load=11.2% msgs=50168 aiso=1505(1579790ms) xte=0.00m spd=0.00m/s q=0 ggaAge=297080 vtgAge=297077 xteAge=1579790 xteraw=80:510302FF0D050BFF vt=Y(21/22) vtstat=2607/106ms tc=N drp=0mm tcq=0
16:16:09.617 W] [VT]: Server response to a command timed out
16:16:10.076 [ISOBUS] addr=0x81 claimed=Y load=11.2% msgs=50179 aiso=1506(1580790ms) xte=0.00m spd=0.00m/s q=0 ggaAge=298080 vtgAge=298077 xteAge=1580790 xteraw=80:510302FF0D050BFF vt=Y(21/22) vtstat=2608/106ms tc=N drp=0mm tcq=0
16:16:11.051 [ISOBUS] addr=0x81 claimed=Y load=11.2% msgs=50190 aiso=1507(1581790ms) xte=0.00m spd=0.00m/s q=0 ggaAge=299080 vtgAge=299077 xteAge=1581790 xteraw=80:510302FF0D050BFF vt=Y(21/22) vtstat=2609/106ms tc=N drp=0mm tcq=0
16:16:11.109 W] [VT]: Server response to a command timed out
16:16:12.067 [ISOBUS] addr=0x81 claimed=Y load=11.2% msgs=50201 aiso=1508(1582790ms) xte=0.00m spd=0.00m/s q=0 ggaAge=300080 vtgAge=300077 xteAge=1582790 xteraw=80:510302FF0D050BFF vt=Y(21/22) vtstat=2610/106ms tc=N drp=0mm tcq=0
16:16:12.592 W] [VT]: Server response to a command timed out
16:16:13.067 [ISOBUS] addr=0x81 claimed=Y load=11.2% msgs=50212 aiso=1509(1583790ms) xte=0.00m spd=0.00m/s q=0 ggaAge=301080 vtgAge=301077 xteAge=1583790 xteraw=80:510302FF0D050BFF vt=Y(21/22) vtstat=2611/106ms tc=N drp=0mm tcq=0
16:16:14.051 [ISOBUS] addr=0x81 claimed=Y load=11.2% msgs=50223 aiso=1510(1584790ms) xte=0.00m spd=0.00m/s q=0 ggaAge=302080 vtgAge=302077 xteAge=1584790 xteraw=80:510302FF0D050BFF vt=Y(21/22) vtstat=2612/106ms tc=N drp=0mm tcq=0
16:16:14.115 W] [VT]: Server response to a command timed out
16:16:15.051 [ISOBUS] addr=0x81 claimed=Y load=11.7% msgs=50238 aiso=1511(1585790ms) xte=0.00m spd=0.00m/s q=0 ggaAge=303080 vtgAge=303077 xteAge=1585790 xteraw=80:510302FF0D050BFF vt=Y(21/22) vtstat=2613/106ms tc=N drp=0mm tcq=0
16:16:15.613 W] [VT]: Server response to a command timed out
16:16:16.047 [ISOBUS] addr=0x81 claimed=Y load=11.2% msgs=50249 aiso=1512(1586790ms) xte=0.00m spd=0.00m/s q=0 ggaAge=304080 vtgAge=304077 xteAge=1586790 xteraw=80:510302FF0D050BFF vt=Y(21/22) vtstat=2614/102ms tc=N drp=0mm tcq=0
16:16:17.065 [ISOBUS] addr=0x81 claimed=Y load=11.1% msgs=50260 aiso=1513(1587790ms) xte=0.00m spd=0.00m/s q=0 ggaAge=305080 vtgAge=305077 xteAge=1587790 xteraw=80:510302FF0D050BFF vt=Y(21/22) vtstat=2615/102ms tc=N drp=0mm tcq=0
16:16:17.097 W] [VT]: Server response to a command timed out
16:16:17.691 TC: disconnected 300s after having been connected -- forcing restart 24 (partner addr=0xF7 valid=Y)
16:16:18.049 [ISOBUS] addr=0x81 claimed=Y load=11.2% msgs=50271 aiso=1514(1588790ms) xte=0.00m spd=0.00m/s q=0 ggaAge=306080 vtgAge=306077 xteAge=1588790 xteraw=80:510302FF0D050BFF vt=Y(21/22) vtstat=2616/102ms tc=N drp=0mm tcq=0
16:16:18.609 W] [VT]: Server response to a command timed out
16:16:19.049 [ISOBUS] addr=0x81 claimed=Y load=11.2% msgs=50282 aiso=1515(1589790ms) xte=0.00m spd=0.00m/s q=0 ggaAge=307080 vtgAge=307077 xteAge=1589790 xteraw=80:510302FF0D050BFF vt=Y(21/22) vtstat=2617/102ms tc=N drp=0mm tcq=0
16:16:20.061 [ISOBUS] addr=0x81 claimed=Y load=11.1% msgs=50293 aiso=1516(1590790ms) xte=0.00m spd=0.00m/s q=0 ggaAge=308080 vtgAge=308077 xteAge=1590790 xteraw=80:510302FF0D050BFF vt=Y(21/22) vtstat=2618/102ms tc=N drp=0mm tcq=0
16:16:20.094 W] [VT]: Server response to a command timed out
16:16:21.053 [ISOBUS] addr=0x81 claimed=Y load=11.2% msgs=50304 aiso=1517(1591790ms) xte=0.00m spd=0.00m/s q=0 ggaAge=309080 vtgAge=309077 xteAge=1591790 xteraw=80:510302FF0D050BFF vt=Y(21/22) vtstat=2619/98ms tc=N drp=0mm tcq=0
16:16:21.614 W] [VT]: Server response to a command timed out
16:16:22.069 [ISOBUS] addr=0x81 claimed=Y load=11.2% msgs=50315 aiso=1518(1592790ms) xte=0.00m spd=0.00m/s q=0 ggaAge=310080 vtgAge=310077 xteAge=1592790 xteraw=80:510302FF0D050BFF vt=Y(21/22) vtstat=2620/98ms tc=N drp=0mm tcq=0
16:16:23.064 [ISOBUS] addr=0x81 claimed=Y load=11.2% msgs=50326 aiso=1519(1593790ms) xte=0.00m spd=0.00m/s q=0 ggaAge=311080 vtgAge=311077 xteAge=1593790 xteraw=80:510302FF0D050BFF vt=Y(21/22) vtstat=2621/98ms tc=N drp=0mm tcq=0
16:16:23.097 W] [VT]: Server response to a command timed out
16:16:24.051 [ISOBUS] addr=0x81 claimed=Y load=11.2% msgs=50337 aiso=1520(1594790ms) xte=0.00m spd=0.00m/s q=0 ggaAge=312080 vtgAge=312077 xteAge=1594790 xteraw=80:510302FF0D050BFF vt=Y(21/22) vtstat=2622/98ms tc=N drp=0mm tcq=0
16:16:24.592 W] [VT]: Server response to a command timed out
16:16:25.076 [ISOBUS] addr=0x81 claimed=Y load=11.7% msgs=50352 aiso=1521(1595790ms) xte=0.00m spd=0.00m/s q=0 ggaAge=313080 vtgAge=313077 xteAge=1595790 xteraw=80:510302FF0D050BFF vt=Y(21/22) vtstat=2623/98ms tc=N drp=0mm tcq=0
16:16:26.069 [ISOBUS] addr=0x81 claimed=Y load=11.2% msgs=50363 aiso=1522(1596790ms) xte=0.00m spd=0.00m/s q=0 ggaAge=314080 vtgAge=314077 xteAge=1596790 xteraw=80:510302FF0D050BFF vt=Y(21/22) vtstat=2624/98ms tc=N drp=0mm tcq=0
16:16:26.113 W] [VT]: Server response to a command timed out
16:16:27.063 [ISOBUS] addr=0x81 claimed=Y load=11.2% msgs=50374 aiso=1523(1597790ms) xte=0.00m spd=0.00m/s q=0 ggaAge=315080 vtgAge=315077 xteAge=1597790 xteraw=80:510302FF0D050BFF vt=Y(21/22) vtstat=2625/98ms tc=N drp=0mm tcq=0
16:16:27.604 W] [VT]: Server response to a command timed out
16:16:28.058 [ISOBUS] addr=0x81 claimed=Y load=11.2% msgs=50385 aiso=1524(1598790ms) xte=0.00m spd=0.00m/s q=0 ggaAge=316080 vtgAge=316077 xteAge=1598790 xteraw=80:510302FF0D050BFF vt=Y(21/22) vtstat=2626/98ms tc=N drp=0mm tcq=0
16:16:29.077 [ISOBUS] addr=0x81 claimed=Y load=11.2% msgs=50396 aiso=1525(1599790ms) xte=0.00m spd=0.00m/s q=0 ggaAge=317080 vtgAge=317077 xteAge=1599790 xteraw=80:510302FF0D050BFF vt=Y(21/22) vtstat=2627/94ms tc=N drp=0mm tcq=0
16:16:29.104 W] [VT]: Server response to a command timed out
16:16:30.063 [ISOBUS] addr=0x81 claimed=Y load=11.2% msgs=50407 aiso=1526(1600790ms) xte=0.00m spd=0.00m/s q=0 ggaAge=318080 vtgAge=318077 xteAge=1600790 xteraw=80:510302FF0D050BFF vt=Y(21/22) vtstat=2628/94ms tc=N drp=0mm tcq=0
16:16:30.591 W] [VT]: Server response to a command timed out
16:16:31.067 [ISOBUS] addr=0x81 claimed=Y load=11.2% msgs=50418 aiso=1527(1601790ms) xte=0.00m spd=0.00m/s q=0 ggaAge=319080 vtgAge=319077 xteAge=1601790 xteraw=80:510302FF0D050BFF vt=Y(21/22) vtstat=2629/94ms tc=N drp=0mm tcq=0
16:16:32.070 [ISOBUS] addr=0x81 claimed=Y load=4.0% msgs=50420 aiso=1527(1602790ms) xte=0.00m spd=0.00m/s q=0 ggaAge=320080 vtgAge=320077 xteAge=1602790 xteraw=80:510302FF0D050BFF vt=Y(21/22) vtstat=2629/1094ms tc=N drp=0mm tcq=0
16:16:32.116 W] [VT]: Server response to a command timed out
16:16:32.691 TC: disconnected 315s after having been connected -- forcing restart 25 (partner addr=0xF7 valid=Y)
16:16:33.072 [ISOBUS] addr=0x81 claimed=Y load=5.2% msgs=50427 aiso=1528(1603790ms) xte=0.00m spd=0.00m/s q=0 ggaAge=321080 vtgAge=321077 xteAge=1603790 xteraw=80:510302FF0D050BFF vt=Y(21/22) vtstat=2630/90ms tc=N drp=0mm tcq=0
16:16:33.606 W] [VT]: Server response to a command timed out
16:16:34.065 [ISOBUS] addr=0x81 claimed=Y load=11.2% msgs=50438 aiso=1529(1604790ms) xte=0.00m spd=0.00m/s q=0 ggaAge=322080 vtgAge=322077 xteAge=1604790 xteraw=80:510302FF0D050BFF vt=Y(21/22) vtstat=2631/90ms tc=N drp=0mm tcq=0
16:16:35.087 [ISOBUS] addr=0x81 claimed=Y load=11.6% msgs=50453 aiso=1530(1605790ms) xte=0.00m spd=0.00m/s q=0 ggaAge=323080 vtgAge=323077 xteAge=1605790 xteraw=80:510302FF0D050BFF vt=Y(21/22) vtstat=2632/90ms tc=N drp=0mm tcq=0
16:16:35.119 W] [VT]: Server response to a command timed out
16:16:36.087 [ISOBUS] addr=0x81 claimed=Y load=11.2% msgs=50464 aiso=1531(1606790ms) xte=0.00m spd=0.00m/s q=0 ggaAge=324080 vtgAge=324077 xteAge=1606790 xteraw=80:510302FF0D050BFF vt=Y(21/22) vtstat=2633/90ms tc=N drp=0mm tcq=0
16:16:36.603 W] [VT]: Server response to a command timed out
16:16:37.069 [ISOBUS] addr=0x81 claimed=Y load=11.2% msgs=50475 aiso=1532(1607790ms) xte=0.00m spd=0.00m/s q=0 ggaAge=325080 vtgAge=325077 xteAge=1607790 xteraw=80:510302FF0D050BFF vt=Y(21/22) vtstat=2634/90ms tc=N drp=0mm tcq=0
16:16:38.059 [ISOBUS] addr=0x81 claimed=Y load=11.2% msgs=50486 aiso=1533(1608790ms) xte=0.00m spd=0.00m/s q=0 ggaAge=326080 vtgAge=326077 xteAge=1608790 xteraw=80:510302FF0D050BFF vt=Y(21/22) vtstat=2635/90ms tc=N drp=0mm tcq=0
16:16:38.098 W] [VT]: Server response to a command timed out
16:16:39.086 [ISOBUS] addr=0x81 claimed=Y load=11.2% msgs=50497 aiso=1534(1609790ms) xte=0.00m spd=0.00m/s q=0 ggaAge=327080 vtgAge=327077 xteAge=1609790 xteraw=80:510302FF0D050BFF vt=Y(21/22) vtstat=2636/86ms tc=N drp=0mm tcq=0
16:16:39.603 W] [VT]: Server response to a command timed out
16:16:40.071 [ISOBUS] addr=0x81 claimed=Y load=11.2% msgs=50508 aiso=1535(1610790ms) xte=0.00m spd=0.00m/s q=0 ggaAge=328080 vtgAge=328077 xteAge=1610790 xteraw=80:510302FF0D050BFF vt=Y(21/22) vtstat=2637/87ms tc=N drp=0mm tcq=0
16:16:41.069 [ISOBUS] addr=0x81 claimed=Y load=11.2% msgs=50519 aiso=1536(1611790ms) xte=0.00m spd=0.00m/s q=0 ggaAge=329080 vtgAge=329077 xteAge=1611790 xteraw=80:510302FF0D050BFF vt=Y(21/22) vtstat=2638/87ms tc=N drp=0mm tcq=0
16:16:41.102 W] [VT]: Server response to a command timed out
16:16:42.058 [ISOBUS] addr=0x81 claimed=Y load=11.2% msgs=50530 aiso=1537(1612790ms) xte=0.00m spd=0.00m/s q=0 ggaAge=330080 vtgAge=330077 xteAge=1612790 xteraw=80:510302FF0D050BFF vt=Y(21/22) vtstat=2639/87ms tc=N drp=0mm tcq=0
16:16:42.603 W] [VT]: Server response to a command timed out
16:16:43.066 [ISOBUS] addr=0x81 claimed=Y load=11.2% msgs=50541 aiso=1538(1613790ms) xte=0.00m spd=0.00m/s q=0 ggaAge=331080 vtgAge=331077 xteAge=1613790 xteraw=80:510302FF0D050BFF vt=Y(21/22) vtstat=2640/87ms tc=N drp=0mm tcq=0
16:16:44.054 [ISOBUS] addr=0x81 claimed=Y load=11.2% msgs=50552 aiso=1539(1614790ms) xte=0.00m spd=0.00m/s q=0 ggaAge=332080 vtgAge=332077 xteAge=1614790 xteraw=80:510302FF0D050BFF vt=Y(21/22) vtstat=2641/87ms tc=N drp=0mm tcq=0
16:16:44.100 W] [VT]: Server response to a command timed out
16:16:45.064 [ISOBUS] addr=0x81 claimed=Y load=11.7% msgs=50567 aiso=1540(1615790ms) xte=0.00m spd=0.00m/s q=0 ggaAge=333080 vtgAge=333077 xteAge=1615790 xteraw=80:510302FF0D050BFF vt=Y(21/22) vtstat=2642/83ms tc=N drp=0mm tcq=0
16:16:45.632 W] [VT]: Server response to a command timed out
16:16:46.050 [ISOBUS] addr=0x81 claimed=Y load=11.2% msgs=50578 aiso=1541(1616790ms) xte=0.00m spd=0.00m/s q=0 ggaAge=334080 vtgAge=334077 xteAge=1616790 xteraw=80:510302FF0D050BFF vt=Y(21/22) vtstat=2643/83ms tc=N drp=0mm tcq=0
16:16:47.060 [ISOBUS] addr=0x81 claimed=Y load=11.1% msgs=50589 aiso=1542(1617790ms) xte=0.00m spd=0.00m/s q=0 ggaAge=335080 vtgAge=335077 xteAge=1617790 xteraw=80:510302FF0D050BFF vt=Y(21/22) vtstat=2644/83ms tc=N drp=0mm tcq=0
16:16:47.094 W] [VT]: Server response to a command timed out
16:16:47.684 TC: disconnected 330s after having been connected -- forcing restart 26 (partner addr=0xF7 valid=Y)
16:16:48.062 [ISOBUS] addr=0x81 claimed=Y load=11.2% msgs=50600 aiso=1543(1618790ms) xte=0.00m spd=0.00m/s q=0 ggaAge=336080 vtgAge=336077 xteAge=1618790 xteraw=80:510302FF0D050BFF vt=Y(21/22) vtstat=2645/83ms tc=N drp=0mm tcq=0
16:16:48.615 W] [VT]: Server response to a command timed out
16:16:49.070 [ISOBUS] addr=0x81 claimed=Y load=11.2% msgs=50611 aiso=1544(1619790ms) xte=0.00m spd=0.00m/s q=0 ggaAge=337080 vtgAge=337077 xteAge=1619790 xteraw=80:510302FF0D050BFF vt=Y(21/22) vtstat=2646/83ms tc=N drp=0mm tcq=0
16:16:50.077 [ISOBUS] addr=0x81 claimed=Y load=11.1% msgs=50622 aiso=1545(1620790ms) xte=0.00m spd=0.00m/s q=0 ggaAge=338080 vtgAge=338077 xteAge=1620790 xteraw=80:510302FF0D050BFF vt=Y(21/22) vtstat=2647/79ms tc=N drp=0mm tcq=0
16:16:50.107 W] [VT]: Server response to a command timed out
16:16:51.071 [ISOBUS] addr=0x81 claimed=Y load=11.2% msgs=50633 aiso=1546(1621790ms) xte=0.00m spd=0.00m/s q=0 ggaAge=339080 vtgAge=339077 xteAge=1621790 xteraw=80:510302FF0D050BFF vt=Y(21/22) vtstat=2648/79ms tc=N drp=0mm tcq=0
16:16:51.617 W] [VT]: Server response to a command timed out
16:16:52.070 [ISOBUS] addr=0x81 claimed=Y load=11.2% msgs=50644 aiso=1547(1622790ms) xte=0.00m spd=0.00m/s q=0 ggaAge=340080 vtgAge=340077 xteAge=1622790 xteraw=80:510302FF0D050BFF vt=Y(21/22) vtstat=2649/79ms tc=N drp=0mm tcq=0
16:16:53.055 [ISOBUS] addr=0x81 claimed=Y load=11.2% msgs=50655 aiso=1548(1623790ms) xte=0.00m spd=0.00m/s q=0 ggaAge=341080 vtgAge=341077 xteAge=1623790 xteraw=80:510302FF0D050BFF vt=Y(21/22) vtstat=2650/79ms tc=N drp=0mm tcq=0
16:16:53.103 W] [VT]: Server response to a command timed out
16:16:54.074 [ISOBUS] addr=0x81 claimed=Y load=11.2% msgs=50666 aiso=1549(1624790ms) xte=0.00m spd=0.00m/s q=0 ggaAge=342080 vtgAge=342077 xteAge=1624790 xteraw=80:510302FF0D050BFF vt=Y(21/22) vtstat=2651/79ms tc=N drp=0mm tcq=0
16:16:54.608 W] [VT]: Server response to a command timed out
16:16:55.064 [ISOBUS] addr=0x81 claimed=Y load=11.7% msgs=50681 aiso=1550(1625790ms) xte=0.00m spd=0.00m/s q=0 ggaAge=343080 vtgAge=343077 xteAge=1625790 xteraw=80:510302FF0D050BFF vt=Y(21/22) vtstat=2652/79ms tc=N drp=0mm tcq=0
16:16:56.057 [ISOBUS] addr=0x81 claimed=Y load=11.2% msgs=50692 aiso=1551(1626790ms) xte=0.00m spd=0.00m/s q=0 ggaAge=344080 vtgAge=344077 xteAge=1626790 xteraw=80:510302FF0D050BFF vt=Y(21/22) vtstat=2653/79ms tc=N drp=0mm tcq=0
16:16:56.117 W] [VT]: Server response to a command timed out
16:16:57.069 [ISOBUS] addr=0x81 claimed=Y load=11.2% msgs=50703 aiso=1552(1627790ms) xte=0.00m spd=0.00m/s q=0 ggaAge=345080 vtgAge=345077 xteAge=1627790 xteraw=80:510302FF0D050BFF vt=Y(21/22) vtstat=2654/79ms tc=N drp=0mm tcq=0
16:16:57.616 W] [VT]: Server response to a command timed out
16:16:58.065 [ISOBUS] addr=0x81 claimed=Y load=11.2% msgs=50714 aiso=1553(1628790ms) xte=0.00m spd=0.00m/s q=0 ggaAge=346080 vtgAge=346077 xteAge=1628790 xteraw=80:510302FF0D050BFF vt=Y(21/22) vtstat=2655/75ms tc=N drp=0mm tcq=0
16:16:59.083 [ISOBUS] addr=0x81 claimed=Y load=11.2% msgs=50725 aiso=1554(1629790ms) xte=0.00m spd=0.00m/s q=0 ggaAge=347080 vtgAge=347077 xteAge=1629790 xteraw=80:510302FF0D050BFF vt=Y(21/22) vtstat=2656/75ms tc=N drp=0mm tcq=0
16:16:59.113 W] [VT]: Server response to a command timed out
16:17:00.062 [ISOBUS] addr=0x81 claimed=Y load=11.2% msgs=50736 aiso=1555(1630790ms) xte=0.00m spd=0.00m/s q=0 ggaAge=348080 vtgAge=348077 xteAge=1630790 xteraw=80:510302FF0D050BFF vt=Y(21/22) vtstat=2657/75ms tc=N drp=0mm tcq=0
16:17:00.593 W] [VT]: Server response to a command timed out
16:17:01.051 [ISOBUS] addr=0x81 claimed=Y load=11.2% msgs=50747 aiso=1556(1631790ms) xte=0.00m spd=0.00m/s q=0 ggaAge=349080 vtgAge=349077 xteAge=1631790 xteraw=80:510302FF0D050BFF vt=Y(21/22) vtstat=2658/75ms tc=N drp=0mm tcq=0
16:17:02.054 [ISOBUS] addr=0x81 claimed=Y load=11.1% msgs=50758 aiso=1557(1632790ms) xte=0.00m spd=0.00m/s q=0 ggaAge=350080 vtgAge=350077 xteAge=1632790 xteraw=80:510302FF0D050BFF vt=Y(21/22) vtstat=2659/75ms tc=N drp=0mm tcq=0
16:17:02.095 W] [VT]: Server response to a command timed out
16:17:02.699 TC: disconnected 345s after having been connected -- forcing restart 27 (partner addr=0xF7 valid=Y)
16:17:03.053 [ISOBUS] addr=0x81 claimed=Y load=11.2% msgs=50769 aiso=1558(1633790ms) xte=0.00m spd=0.00m/s q=0 ggaAge=351080 vtgAge=351077 xteAge=1633790 xteraw=80:510302FF0D050BFF vt=Y(21/22) vtstat=2660/75ms tc=N drp=0mm tcq=0
16:17:03.604 W] [VT]: Server response to a command timed out
16:17:04.077 [ISOBUS] addr=0x81 claimed=Y load=11.2% msgs=50780 aiso=1559(1634790ms) xte=0.00m spd=0.00m/s q=0 ggaAge=352080 vtgAge=352077 xteAge=1634790 xteraw=80:510302FF0D050BFF vt=Y(21/22) vtstat=2661/75ms tc=N drp=0mm tcq=0
16:17:05.049 [ISOBUS] addr=0x81 claimed=Y load=11.6% msgs=50795 aiso=1560(1635790ms) xte=0.00m spd=0.00m/s q=0 ggaAge=353080 vtgAge=353077 xteAge=1635790 xteraw=80:510302FF0D050BFF vt=Y(21/22) vtstat=2662/71ms tc=N drp=0mm tcq=0
16:17:05.112 W] [VT]: Server response to a command timed out
16:17:06.051 [ISOBUS] addr=0x81 claimed=Y load=2.7% msgs=50796 aiso=1560(1636790ms) xte=0.00m spd=0.00m/s q=0 ggaAge=354080 vtgAge=354077 xteAge=1636790 xteraw=80:510302FF0D050BFF vt=Y(21/22) vtstat=2662/1071ms tc=N drp=0mm tcq=0
16:17:06.631 W] [VT]: Server response to a command timed out
16:17:07.051 [ISOBUS] addr=0x81 claimed=Y load=0.2% msgs=50796 aiso=1560(1637790ms) xte=0.00m spd=0.00m/s q=0 ggaAge=355080 vtgAge=355077 xteAge=1637790 xteraw=80:510302FF0D050BFF vt=Y(21/22) vtstat=2662/2071ms tc=N drp=0mm tcq=0
16:17:07.992 E] [VT]: Status Timeout
16:17:07.992 VT: partner 0x80 silent, VT at 0x26 alive -- switching to it
16:17:07.992 I] [VT]: VT Client connection has been terminated.
16:17:07.992 I] [NM]: A partner with name 000000000000000lx has claimed address 2684361992 on channel 197275905.
16:17:08.069 [ISOBUS] addr=0x81 claimed=Y load=0.2% msgs=50796 aiso=1560(1638790ms) xte=0.00m spd=0.00m/s q=0 ggaAge=356080 vtgAge=356077 xteAge=1638790 xteraw=80:510302FF0D050BFF vt=N(1/22) vtstat=2662/3071ms tc=N drp=0mm tcq=0
16:17:09.050 I] [VT]: VT Server has a matching label for MW08   . It will be loaded and upload will be skipped.
16:17:09.050 [ISOBUS] addr=0x81 claimed=Y load=1.5% msgs=50800 aiso=1560(1639790ms) xte=0.00m spd=0.00m/s q=0 ggaAge=357080 vtgAge=357077 xteAge=1639790 xteraw=80:510302FF0D050BFF vt=N(17/22) vtstat=2663/71ms tc=N drp=0mm tcq=0
16:17:09.214 I] [VT]: Loaded object pool version from VT non-volatile memory with no errors.
16:17:10.057 [ISOBUS] addr=0x81 claimed=Y load=13.0% msgs=50811 aiso=1561(1640790ms) xte=0.00m spd=0.00m/s q=0 ggaAge=358080 vtgAge=358077 xteAge=1640790 xteraw=80:510302FF0D050BFF vt=Y(21/22) vtstat=2664/67ms tc=N drp=0mm tcq=0
16:17:11.069 [ISOBUS] addr=0x81 claimed=Y load=12.1% msgs=50822 aiso=1562(1641790ms) xte=0.00m spd=0.00m/s q=0 ggaAge=359080 vtgAge=359077 xteAge=1641790 xteraw=80:510302FF0D050BFF vt=Y(21/22) vtstat=2665/67ms tc=N drp=0mm tcq=0
16:17:12.057 [ISOBUS] addr=0x81 claimed=Y load=12.0% msgs=50833 aiso=1563(1642790ms) xte=0.00m spd=0.00m/s q=0 ggaAge=360080 vtgAge=360077 xteAge=1642790 xteraw=80:510302FF0D050BFF vt=Y(21/22) vtstat=2666/67ms tc=N drp=0mm tcq=0
16:17:13.051 [ISOBUS] addr=0x81 claimed=Y load=12.1% msgs=50844 aiso=1564(1643790ms) xte=0.00m spd=0.00m/s q=0 ggaAge=361080 vtgAge=361077 xteAge=1643790 xteraw=80:510302FF0D050BFF vt=Y(21/22) vtstat=2667/67ms tc=N drp=0mm tcq=0
16:17:14.050 [ISOBUS] addr=0x81 claimed=Y load=12.1% msgs=50855 aiso=1565(1644790ms) xte=0.00m spd=0.00m/s q=0 ggaAge=362080 vtgAge=362077 xteAge=1644790 xteraw=80:510302FF0D050BFF vt=Y(21/22) vtstat=2668/67ms tc=N drp=0mm tcq=0
16:17:15.072 [ISOBUS] addr=0x81 claimed=Y load=12.5% msgs=50870 aiso=1566(1645790ms) xte=0.00m spd=0.00m/s q=0 ggaAge=363080 vtgAge=363077 xteAge=1645790 xteraw=80:510302FF0D050BFF vt=Y(21/22) vtstat=2669/67ms tc=N drp=0mm tcq=0
16:17:16.054 [ISOBUS] addr=0x81 claimed=Y load=12.1% msgs=50881 aiso=1567(1646790ms) xte=0.00m spd=0.00m/s q=0 ggaAge=364080 vtgAge=364077 xteAge=1646790 xteraw=80:510302FF0D050BFF vt=Y(21/22) vtstat=2670/67ms tc=N drp=0mm tcq=0
16:17:17.059 [ISOBUS] addr=0x81 claimed=Y load=12.0% msgs=50892 aiso=1568(1647790ms) xte=0.00m spd=0.00m/s q=0 ggaAge=365080 vtgAge=365077 xteAge=1647790 xteraw=80:510302FF0D050BFF vt=Y(21/22) vtstat=2671/63ms tc=N drp=0mm tcq=0
16:17:17.681 TC: disconnected 360s after having been connected -- forcing restart 28 (partner addr=0xF7 valid=Y)
16:17:18.051 [ISOBUS] addr=0x81 claimed=Y load=12.1% msgs=50903 aiso=1569(1648790ms) xte=0.00m spd=0.00m/s q=0 ggaAge=366080 vtgAge=366077 xteAge=1648790 xteraw=80:510302FF0D050BFF vt=Y(21/22) vtstat=2672/63ms tc=N drp=0mm tcq=0
16:17:19.066 [ISOBUS] addr=0x81 claimed=Y load=12.1% msgs=50914 aiso=1570(1649790ms) xte=0.00m spd=0.00m/s q=0 ggaAge=367080 vtgAge=367077 xteAge=1649790 xteraw=80:510302FF0D050BFF vt=Y(21/22) vtstat=2673/63ms tc=N drp=0mm tcq=0
16:17:20.060 [ISOBUS] addr=0x81 claimed=Y load=12.0% msgs=50925 aiso=1571(1650790ms) xte=0.00m spd=0.00m/s q=0 ggaAge=368080 vtgAge=368077 xteAge=1650790 xteraw=80:510302FF0D050BFF vt=Y(21/22) vtstat=2674/63ms tc=N drp=0mm tcq=0
16:17:21.060 [ISOBUS] addr=0x81 claimed=Y load=12.1% msgs=50936 aiso=1572(1651790ms) xte=0.00m spd=0.00m/s q=0 ggaAge=369080 vtgAge=369077 xteAge=1651790 xteraw=80:510302FF0D050BFF vt=Y(21/22) vtstat=2675/63ms tc=N drp=0mm tcq=0
16:17:22.073 [ISOBUS] addr=0x81 claimed=Y load=12.0% msgs=50947 aiso=1573(1652790ms) xte=0.00m spd=0.00m/s q=0 ggaAge=370080 vtgAge=370077 xteAge=1652790 xteraw=80:510302FF0D050BFF vt=Y(21/22) vtstat=2676/63ms tc=N drp=0mm tcq=0
16:17:23.074 [ISOBUS] addr=0x81 claimed=Y load=12.1% msgs=50958 aiso=1574(1653790ms) xte=0.00m spd=0.00m/s q=0 ggaAge=371080 vtgAge=371077 xteAge=1653790 xteraw=80:510302FF0D050BFF vt=Y(21/22) vtstat=2677/59ms tc=N drp=0mm tcq=0
16:17:24.067 [ISOBUS] addr=0x81 claimed=Y load=12.1% msgs=50969 aiso=1575(1654790ms) xte=0.00m spd=0.00m/s q=0 ggaAge=372080 vtgAge=372077 xteAge=1654790 xteraw=80:510302FF0D050BFF vt=Y(21/22) vtstat=2678/59ms tc=N drp=0mm tcq=0
16:17:25.063 [ISOBUS] addr=0x81 claimed=Y load=12.5% msgs=50984 aiso=1576(1655790ms) xte=0.00m spd=0.00m/s q=0 ggaAge=373080 vtgAge=373077 xteAge=1655790 xteraw=80:510302FF0D050BFF vt=Y(21/22) vtstat=2679/59ms tc=N drp=0mm tcq=0
16:17:26.072 [ISOBUS] addr=0x81 claimed=Y load=12.1% msgs=50995 aiso=1577(1656790ms) xte=0.00m spd=0.00m/s q=0 ggaAge=374080 vtgAge=374077 xteAge=1656790 xteraw=80:510302FF0D050BFF vt=Y(21/22) vtstat=2680/60ms tc=N drp=0mm tcq=0
16:17:27.052 [ISOBUS] addr=0x81 claimed=Y load=12.0% msgs=51006 aiso=1578(1657790ms) xte=0.00m spd=0.00m/s q=0 ggaAge=375080 vtgAge=375077 xteAge=1657790 xteraw=80:510302FF0D050BFF vt=Y(21/22) vtstat=2681/60ms tc=N drp=0mm tcq=0
16:17:28.080 [ISOBUS] addr=0x81 claimed=Y load=12.1% msgs=51017 aiso=1579(1658790ms) xte=0.00m spd=0.00m/s q=0 ggaAge=376080 vtgAge=376077 xteAge=1658790 xteraw=80:510302FF0D050BFF vt=Y(21/22) vtstat=2682/60ms tc=N drp=0mm tcq=0
16:17:29.073 [ISOBUS] addr=0x81 claimed=Y load=12.1% msgs=51028 aiso=1580(1659790ms) xte=0.00m spd=0.00m/s q=0 ggaAge=377080 vtgAge=377077 xteAge=1659790 xteraw=80:510302FF0D050BFF vt=Y(21/22) vtstat=2683/56ms tc=N drp=0mm tcq=0
16:17:30.061 [ISOBUS] addr=0x81 claimed=Y load=12.0% msgs=51039 aiso=1581(1660790ms) xte=0.00m spd=0.00m/s q=0 ggaAge=378080 vtgAge=378077 xteAge=1660790 xteraw=80:510302FF0D050BFF vt=Y(21/22) vtstat=2684/56ms tc=N drp=0mm tcq=0
16:17:31.053 [ISOBUS] addr=0x81 claimed=Y load=12.1% msgs=51050 aiso=1582(1661790ms) xte=0.00m spd=0.00m/s q=0 ggaAge=379080 vtgAge=379077 xteAge=1661790 xteraw=80:510302FF0D050BFF vt=Y(21/22) vtstat=2685/56ms tc=N drp=0mm tcq=0
16:17:32.064 [ISOBUS] addr=0x81 claimed=Y load=12.0% msgs=51061 aiso=1583(1662790ms) xte=0.00m spd=0.00m/s q=0 ggaAge=380080 vtgAge=380077 xteAge=1662790 xteraw=80:510302FF0D050BFF vt=Y(21/22) vtstat=2686/56ms tc=N drp=0mm tcq=0
16:17:32.700 TC: disconnected 375s after having been connected -- forcing restart 29 (partner addr=0xF7 valid=Y)
16:17:33.069 [ISOBUS] addr=0x81 claimed=Y load=12.1% msgs=51072 aiso=1584(1663790ms) xte=0.00m spd=0.00m/s q=0 ggaAge=381080 vtgAge=381077 xteAge=1663790 xteraw=80:510302FF0D050BFF vt=Y(21/22) vtstat=2687/56ms tc=N drp=0mm tcq=0
16:17:34.069 [ISOBUS] addr=0x81 claimed=Y load=12.1% msgs=51083 aiso=1585(1664790ms) xte=0.00m spd=0.00m/s q=0 ggaAge=382080 vtgAge=382077 xteAge=1664790 xteraw=80:510302FF0D050BFF vt=Y(21/22) vtstat=2688/56ms tc=N drp=0mm tcq=0
16:17:35.070 [ISOBUS] addr=0x81 claimed=Y load=12.5% msgs=51098 aiso=1586(1665790ms) xte=0.00m spd=0.00m/s q=0 ggaAge=383080 vtgAge=383077 xteAge=1665790 xteraw=80:510302FF0D050BFF vt=Y(21/22) vtstat=2689/52ms tc=N drp=0mm tcq=0
16:17:35.267 ### sending keys: x1q
16:17:36.085 === ISOBUS DEBUG MENU ===
16:17:36.089 1. Full status dump
16:17:36.090 2. Periodic summary line (ON - press to toggle)
16:17:36.091 3. Reset message counters
16:17:36.093 4. Dump DDOP as hex (open in AgIsoDDOPGenerator)
16:17:36.094 5. Dump VT object pool as hex
16:17:36.097 q. Exit
16:17:36.098 === ISOBUS STATUS ===
16:17:36.098 Address claim: CLAIMED  address=0x81
16:17:36.098 CAN controller: error-active  TX err 0 (peak 245)  RX err 0 (peak 69)
16:17:36.098   error-passive entries: 3  bus-off entries: 0  longest episode: 67055 ms
16:17:36.098 Bus load (ch0): 12.5 %
16:17:36.098 --- Message counters ---
16:17:36.106   PGN 129025 Position NMEA2000: 0
16:17:36.106   PGN 129026 Speed NMEA2000:    0
16:17:36.106   PGN 129283 XTE NMEA2000:      167
16:17:36.109   PGN 65267  Position legacy:   10993
16:17:36.109   PGN 65256  Speed legacy:      10993   last SA=0x80 raw=0x0
16:17:36.109   PGN 65535  all senders:       10993   last SA=0x80
16:17:36.109   PGN 65535  XTE carrier 0x2A:  0   (none decoded)
16:17:36.114              raw SA=0x80 word=0xDFF byte1=0x3 payload 510302FF0D050BFF  (383453 ms ago)
16:17:36.114   PGN 60160  XTE Trimble legacy:503   last SA=0x26
16:17:36.114   PGN 64770  AISO stop:         1586   last 1666167 ms ago
16:17:36.114   TOTAL:                        51102
16:17:36.114 --- Guidance telemetry ---
16:17:36.121   XTE:          0.00 m
16:17:36.122   Speed:        0.00 m/s (0.00 kn)
16:17:36.122   Quality:      0   RTK quality=4  PGN 129029 GNSS position: (none received)
16:17:36.122   PGN 129027 position deltas: 0
16:17:36.122   Guidance machine info (PGN 44032): 15867 msgs, last 9 ms ago
16:17:36.122     lockout=YES/READY  steeringReady=n/a  remoteEngage=n/a  curvature=-17.00 1/km
16:17:36.122   IsRtkQuality=N
16:17:36.130   GGA fix age:  383457 ms
16:17:36.130   VTG fix age:  383454 ms
16:17:36.132   XTE fix age:  1666167 ms
16:17:36.134   Lat/Lon/Alt/Course: 53.442295 / 6.755335 / 1.3 m / 301.5 deg
16:17:36.134 --- Virtual Terminal ---
16:17:36.134   Connected:    Y
16:17:36.134   State:        21/22  Connected
16:17:36.139   VT version:  4
16:17:36.139   VT status msgs: 2689   last 429 ms ago
16:17:36.142   Partner: addr=0x26 valid=Y  reconnect attempts=0
16:17:36.142   VT failover: switches=2 claim requests=6
16:17:36.142 --- Lightbar emulation (Ag Leader L160, PGN 65462) ---
16:17:36.146   Address claim: CLAIMED  address=0xDC
16:17:36.146   Display partner: 0xF5  identification requests=15 answered=15 unknown=0  last DID=0x8015  hello=Y
16:17:36.148   Sent: frames=1023 failures=1 heartbeats=995 softwareId=Y  proprietary A from display=0
16:17:36.150   PGN 65462 XTE: frames=0 committed=0
16:17:36.151 --- Task Controller ---
16:17:36.152   Connected:    N
16:17:36.153   TC-GEO (with/without pos): (not connected)
16:17:36.155   Task active:  N
16:17:36.157   DRP deviation (DDI 513): 0 mm, last 1666167 ms ago
16:17:36.157   GNSS quality (DDI 514):  0, last 1666167 ms ago
16:17:36.157   [via stack] Value cmds to handler: 0  last DDI=(none)
16:17:36.157   [via stack] Value req callbacks:  0   (mostly AgIsoStack's own re-polling -- NOT bus traffic)
16:17:36.162   [on bus] Requests for our values: 0
16:17:36.162   [on bus] Set-value commands:      0
16:17:36.162   [on bus] Measurement commands:    0  (none)
16:17:36.162   [on bus] Other, addressed to us:  12
16:17:36.162   Partner: addr=0xF7 valid=Y  reconnect attempts=29
16:17:36.162   Tramline setpoint (DDI 506): (not connected)
16:17:36.169   Guidance track (DDI 507-511): (not connected)
16:17:36.171 === ISOBUS DEBUG MENU ===
16:17:36.173 1. Full status dump
16:17:36.175 2. Periodic summary line (ON - press to toggle)
16:17:36.177 3. Reset message counters
16:17:36.179 4. Dump DDOP as hex (open in AgIsoDDOPGenerator)
16:17:36.180 5. Dump VT object pool as hex
16:17:36.184 q. Exit
16:17:36.185 Exiting.
16:17:36.187 [ISOBUS] addr=0x81 claimed=Y load=12.1% msgs=51109 aiso=1587(1666790ms) xte=0.00m spd=0.00m/s q=0 ggaAge=384080 vtgAge=384077 xteAge=1666790 xteraw=80:510302FF0D050BFF vt=Y(21/22) vtstat=2690/52ms tc=N drp=0mm tcq=0
16:17:37.072 [ISOBUS] addr=0x81 claimed=Y load=12.0% msgs=51120 aiso=1588(1667790ms) xte=0.00m spd=0.00m/s q=0 ggaAge=385080 vtgAge=385077 xteAge=1667790 xteraw=80:510302FF0D050BFF vt=Y(21/22) vtstat=2691/52ms tc=N drp=0mm tcq=0
16:17:38.072 [ISOBUS] addr=0x81 claimed=Y load=12.1% msgs=51131 aiso=1589(1668790ms) xte=0.00m spd=0.00m/s q=0 ggaAge=386080 vtgAge=386077 xteAge=1668790 xteraw=80:510302FF0D050BFF vt=Y(21/22) vtstat=2692/52ms tc=N drp=0mm tcq=0
16:17:39.079 [ISOBUS] addr=0x81 claimed=Y load=12.1% msgs=51142 aiso=1590(1669790ms) xte=0.00m spd=0.00m/s q=0 ggaAge=387080 vtgAge=387077 xteAge=1669790 xteraw=80:510302FF0D050BFF vt=Y(21/22) vtstat=2693/52ms tc=N drp=0mm tcq=0
16:17:40.061 [ISOBUS] addr=0x81 claimed=Y load=12.0% msgs=51153 aiso=1591(1670790ms) xte=0.00m spd=0.00m/s q=0 ggaAge=388080 vtgAge=388077 xteAge=1670790 xteraw=80:510302FF0D050BFF vt=Y(21/22) vtstat=2694/48ms tc=N drp=0mm tcq=0
16:17:41.054 [ISOBUS] addr=0x81 claimed=Y load=12.1% msgs=51164 aiso=1592(1671790ms) xte=0.00m spd=0.00m/s q=0 ggaAge=389080 vtgAge=389077 xteAge=1671790 xteraw=80:510302FF0D050BFF vt=Y(21/22) vtstat=2695/48ms tc=N drp=0mm tcq=0
16:17:42.081 [ISOBUS] addr=0x81 claimed=Y load=12.0% msgs=51175 aiso=1593(1672790ms) xte=0.00m spd=0.00m/s q=0 ggaAge=390080 vtgAge=390077 xteAge=1672790 xteraw=80:510302FF0D050BFF vt=Y(21/22) vtstat=2696/48ms tc=N drp=0mm tcq=0
16:17:43.056 [ISOBUS] addr=0x81 claimed=Y load=12.1% msgs=51186 aiso=1594(1673790ms) xte=0.00m spd=0.00m/s q=0 ggaAge=391080 vtgAge=391077 xteAge=1673790 xteraw=80:510302FF0D050BFF vt=Y(21/22) vtstat=2697/48ms tc=N drp=0mm tcq=0
16:17:44.051 [ISOBUS] addr=0x81 claimed=Y load=12.1% msgs=51197 aiso=1595(1674790ms) xte=0.00m spd=0.00m/s q=0 ggaAge=392080 vtgAge=392077 xteAge=1674790 xteraw=80:510302FF0D050BFF vt=Y(21/22) vtstat=2698/48ms tc=N drp=0mm tcq=0
16:17:45.073 [ISOBUS] addr=0x81 claimed=Y load=12.5% msgs=51212 aiso=1596(1675790ms) xte=0.00m spd=0.00m/s q=0 ggaAge=393080 vtgAge=393077 xteAge=1675790 xteraw=80:510302FF0D050BFF vt=Y(21/22) vtstat=2699/48ms tc=N drp=0mm tcq=0
16:17:46.062 [ISOBUS] addr=0x81 claimed=Y load=12.1% msgs=51223 aiso=1597(1676790ms) xte=0.00m spd=0.00m/s q=0 ggaAge=394080 vtgAge=394077 xteAge=1676790 xteraw=80:510302FF0D050BFF vt=Y(21/22) vtstat=2700/48ms tc=N drp=0mm tcq=0
16:17:47.067 [ISOBUS] addr=0x81 claimed=Y load=12.0% msgs=51234 aiso=1598(1677790ms) xte=0.00m spd=0.00m/s q=0 ggaAge=395080 vtgAge=395077 xteAge=1677790 xteraw=80:510302FF0D050BFF vt=Y(21/22) vtstat=2701/44ms tc=N drp=0mm tcq=0
16:17:47.696 TC: disconnected 390s after having been connected -- forcing restart 30 (partner addr=0xF7 valid=Y)
16:17:48.055 [ISOBUS] addr=0x81 claimed=Y load=12.1% msgs=51245 aiso=1599(1678790ms) xte=0.00m spd=0.00m/s q=0 ggaAge=396080 vtgAge=396077 xteAge=1678790 xteraw=80:510302FF0D050BFF vt=Y(21/22) vtstat=2702/44ms tc=N drp=0mm tcq=0
16:17:49.071 [ISOBUS] addr=0x81 claimed=Y load=12.1% msgs=51256 aiso=1600(1679790ms) xte=0.00m spd=0.00m/s q=0 ggaAge=397080 vtgAge=397077 xteAge=1679790 xteraw=80:510302FF0D050BFF vt=Y(21/22) vtstat=2703/44ms tc=N drp=0mm tcq=0
16:17:50.070 [ISOBUS] addr=0x81 claimed=Y load=12.0% msgs=51267 aiso=1601(1680790ms) xte=0.00m spd=0.00m/s q=0 ggaAge=398080 vtgAge=398077 xteAge=1680790 xteraw=80:510302FF0D050BFF vt=Y(21/22) vtstat=2704/44ms tc=N drp=0mm tcq=0
16:17:51.062 [ISOBUS] addr=0x81 claimed=Y load=12.1% msgs=51278 aiso=1602(1681790ms) xte=0.00m spd=0.00m/s q=0 ggaAge=399080 vtgAge=399077 xteAge=1681790 xteraw=80:510302FF0D050BFF vt=Y(21/22) vtstat=2705/44ms tc=N drp=0mm tcq=0
16:17:52.056 [ISOBUS] addr=0x81 claimed=Y load=12.0% msgs=51289 aiso=1603(1682790ms) xte=0.00m spd=0.00m/s q=0 ggaAge=400080 vtgAge=400077 xteAge=1682790 xteraw=80:510302FF0D050BFF vt=Y(21/22) vtstat=2706/44ms tc=N drp=0mm tcq=0
16:17:53.072 [ISOBUS] addr=0x81 claimed=Y load=12.2% msgs=51300 aiso=1604(1683790ms) xte=0.00m spd=0.00m/s q=0 ggaAge=401080 vtgAge=401077 xteAge=1683790 xteraw=80:510302FF0D050BFF vt=Y(21/22) vtstat=2707/844ms tc=N drp=0mm tcq=0
16:17:54.074 [ISOBUS] addr=0x81 claimed=Y load=12.1% msgs=51311 aiso=1605(1684790ms) xte=0.00m spd=0.00m/s q=0 ggaAge=402080 vtgAge=402077 xteAge=1684790 xteraw=80:510302FF0D050BFF vt=Y(21/22) vtstat=2708/840ms tc=N drp=0mm tcq=0
16:17:55.058 [ISOBUS] addr=0x81 claimed=Y load=12.5% msgs=51326 aiso=1606(1685790ms) xte=0.00m spd=0.00m/s q=0 ggaAge=403080 vtgAge=403077 xteAge=1685790 xteraw=80:510302FF0D050BFF vt=Y(21/22) vtstat=2709/840ms tc=N drp=0mm tcq=0
16:17:56.069 [ISOBUS] addr=0x81 claimed=Y load=12.1% msgs=51337 aiso=1607(1686790ms) xte=0.00m spd=0.00m/s q=0 ggaAge=404080 vtgAge=404077 xteAge=1686790 xteraw=80:510302FF0D050BFF vt=Y(21/22) vtstat=2710/840ms tc=N drp=0mm tcq=0
16:17:57.071 [ISOBUS] addr=0x81 claimed=Y load=12.0% msgs=51348 aiso=1608(1687790ms) xte=0.00m spd=0.00m/s q=0 ggaAge=405080 vtgAge=405077 xteAge=1687790 xteraw=80:510302FF0D050BFF vt=Y(21/22) vtstat=2711/840ms tc=N drp=0mm tcq=0
16:17:58.062 [ISOBUS] addr=0x81 claimed=Y load=12.1% msgs=51359 aiso=1609(1688790ms) xte=0.00m spd=0.00m/s q=0 ggaAge=406080 vtgAge=406077 xteAge=1688790 xteraw=80:510302FF0D050BFF vt=Y(21/22) vtstat=2712/840ms tc=N drp=0mm tcq=0
16:17:59.075 [ISOBUS] addr=0x81 claimed=Y load=12.1% msgs=51370 aiso=1610(1689790ms) xte=0.00m spd=0.00m/s q=0 ggaAge=407080 vtgAge=407077 xteAge=1689790 xteraw=80:510302FF0D050BFF vt=Y(21/22) vtstat=2713/840ms tc=N drp=0mm tcq=0
16:18:00.055 [ISOBUS] addr=0x81 claimed=Y load=12.0% msgs=51381 aiso=1611(1690790ms) xte=0.00m spd=0.00m/s q=0 ggaAge=408080 vtgAge=408077 xteAge=1690790 xteraw=80:510302FF0D050BFF vt=Y(21/22) vtstat=2714/840ms tc=N drp=0mm tcq=0
16:18:01.058 [ISOBUS] addr=0x81 claimed=Y load=12.1% msgs=51392 aiso=1612(1691790ms) xte=0.00m spd=0.00m/s q=0 ggaAge=409080 vtgAge=409077 xteAge=1691790 xteraw=80:510302FF0D050BFF vt=Y(21/22) vtstat=2715/836ms tc=N drp=0mm tcq=0
16:18:02.065 [ISOBUS] addr=0x81 claimed=Y load=12.0% msgs=51403 aiso=1613(1692790ms) xte=0.00m spd=0.00m/s q=0 ggaAge=410080 vtgAge=410077 xteAge=1692790 xteraw=80:510302FF0D050BFF vt=Y(21/22) vtstat=2716/836ms tc=N drp=0mm tcq=0
16:18:02.696 TC: disconnected 405s after having been connected -- forcing restart 31 (partner addr=0xF7 valid=Y)
16:18:03.080 [ISOBUS] addr=0x81 claimed=Y load=12.1% msgs=51414 aiso=1614(1693790ms) xte=0.00m spd=0.00m/s q=0 ggaAge=411080 vtgAge=411077 xteAge=1693790 xteraw=80:510302FF0D050BFF vt=Y(21/22) vtstat=2717/836ms tc=N drp=0mm tcq=0
16:18:04.053 [ISOBUS] addr=0x81 claimed=Y load=12.1% msgs=51425 aiso=1615(1694790ms) xte=0.00m spd=0.00m/s q=0 ggaAge=412080 vtgAge=412077 xteAge=1694790 xteraw=80:510302FF0D050BFF vt=Y(21/22) vtstat=2718/836ms tc=N drp=0mm tcq=0
16:18:05.059 [ISOBUS] addr=0x81 claimed=Y load=12.5% msgs=51440 aiso=1616(1695790ms) xte=0.00m spd=0.00m/s q=0 ggaAge=413080 vtgAge=413077 xteAge=1695790 xteraw=80:510302FF0D050BFF vt=Y(21/22) vtstat=2719/836ms tc=N drp=0mm tcq=0
16:18:06.063 [ISOBUS] addr=0x81 claimed=Y load=12.1% msgs=51451 aiso=1617(1696790ms) xte=0.00m spd=0.00m/s q=0 ggaAge=414080 vtgAge=414077 xteAge=1696790 xteraw=80:510302FF0D050BFF vt=Y(21/22) vtstat=2720/836ms tc=N drp=0mm tcq=0
16:18:07.073 [ISOBUS] addr=0x81 claimed=Y load=12.0% msgs=51462 aiso=1618(1697790ms) xte=0.00m spd=0.00m/s q=0 ggaAge=415080 vtgAge=415077 xteAge=1697790 xteraw=80:510302FF0D050BFF vt=Y(21/22) vtstat=2721/836ms tc=N drp=0mm tcq=0
16:18:08.064 [ISOBUS] addr=0x81 claimed=Y load=12.1% msgs=51473 aiso=1619(1698790ms) xte=0.00m spd=0.00m/s q=0 ggaAge=416080 vtgAge=416077 xteAge=1698790 xteraw=80:510302FF0D050BFF vt=Y(21/22) vtstat=2722/832ms tc=N drp=0mm tcq=0
16:18:09.061 [ISOBUS] addr=0x81 claimed=Y load=12.0% msgs=51484 aiso=1620(1699790ms) xte=0.00m spd=0.00m/s q=0 ggaAge=417080 vtgAge=417077 xteAge=1699790 xteraw=80:510302FF0D050BFF vt=Y(21/22) vtstat=2723/832ms tc=N drp=0mm tcq=0
16:18:10.075 [ISOBUS] addr=0x81 claimed=Y load=12.1% msgs=51495 aiso=1621(1700790ms) xte=0.00m spd=0.00m/s q=0 ggaAge=418080 vtgAge=418077 xteAge=1700790 xteraw=80:510302FF0D050BFF vt=Y(21/22) vtstat=2724/832ms tc=N drp=0mm tcq=0
16:18:11.072 [ISOBUS] addr=0x81 claimed=Y load=12.1% msgs=51506 aiso=1622(1701790ms) xte=0.00m spd=0.00m/s q=0 ggaAge=419080 vtgAge=419077 xteAge=1701790 xteraw=80:510302FF0D050BFF vt=Y(21/22) vtstat=2725/832ms tc=N drp=0mm tcq=0
16:18:12.075 [ISOBUS] addr=0x81 claimed=Y load=12.0% msgs=51517 aiso=1623(1702790ms) xte=0.00m spd=0.00m/s q=0 ggaAge=420080 vtgAge=420077 xteAge=1702790 xteraw=80:510302FF0D050BFF vt=Y(21/22) vtstat=2726/832ms tc=N drp=0mm tcq=0
16:18:13.063 [ISOBUS] addr=0x81 claimed=Y load=12.1% msgs=51528 aiso=1624(1703790ms) xte=0.00m spd=0.00m/s q=0 ggaAge=421080 vtgAge=421077 xteAge=1703790 xteraw=80:510302FF0D050BFF vt=Y(21/22) vtstat=2727/832ms tc=N drp=0mm tcq=0
16:18:14.065 [ISOBUS] addr=0x81 claimed=Y load=12.0% msgs=51539 aiso=1625(1704790ms) xte=0.00m spd=0.00m/s q=0 ggaAge=422080 vtgAge=422077 xteAge=1704790 xteraw=80:510302FF0D050BFF vt=Y(21/22) vtstat=2728/829ms tc=N drp=0mm tcq=0
16:18:15.065 [ISOBUS] addr=0x81 claimed=Y load=12.6% msgs=51554 aiso=1626(1705790ms) xte=0.00m spd=0.00m/s q=0 ggaAge=423080 vtgAge=423077 xteAge=1705790 xteraw=80:510302FF0D050BFF vt=Y(21/22) vtstat=2729/829ms tc=N drp=0mm tcq=0
16:18:16.066 [ISOBUS] addr=0x81 claimed=Y load=12.1% msgs=51565 aiso=1627(1706790ms) xte=0.00m spd=0.00m/s q=0 ggaAge=424080 vtgAge=424077 xteAge=1706790 xteraw=80:510302FF0D050BFF vt=Y(21/22) vtstat=2730/829ms tc=N drp=0mm tcq=0
16:18:17.070 [ISOBUS] addr=0x81 claimed=Y load=12.0% msgs=51576 aiso=1628(1707790ms) xte=0.00m spd=0.00m/s q=0 ggaAge=425080 vtgAge=425077 xteAge=1707790 xteraw=80:510302FF0D050BFF vt=Y(21/22) vtstat=2731/829ms tc=N drp=0mm tcq=0
16:18:17.683 TC: disconnected 420s after having been connected -- forcing restart 32 (partner addr=0xF7 valid=Y)
16:18:18.069 [ISOBUS] addr=0x81 claimed=Y load=12.1% msgs=51587 aiso=1629(1708790ms) xte=0.00m spd=0.00m/s q=0 ggaAge=426080 vtgAge=426077 xteAge=1708790 xteraw=80:510302FF0D050BFF vt=Y(21/22) vtstat=2732/829ms tc=N drp=0mm tcq=0
16:18:19.061 [ISOBUS] addr=0x81 claimed=Y load=12.0% msgs=51598 aiso=1630(1709790ms) xte=0.00m spd=0.00m/s q=0 ggaAge=427080 vtgAge=427077 xteAge=1709790 xteraw=80:510302FF0D050BFF vt=Y(21/22) vtstat=2733/829ms tc=N drp=0mm tcq=0
16:18:20.060 [ISOBUS] addr=0x81 claimed=Y load=12.1% msgs=51609 aiso=1631(1710790ms) xte=0.00m spd=0.00m/s q=0 ggaAge=428080 vtgAge=428077 xteAge=1710790 xteraw=80:510302FF0D050BFF vt=Y(21/22) vtstat=2734/825ms tc=N drp=0mm tcq=0
16:18:21.062 [ISOBUS] addr=0x81 claimed=Y load=12.1% msgs=51620 aiso=1632(1711790ms) xte=0.00m spd=0.00m/s q=0 ggaAge=429080 vtgAge=429077 xteAge=1711790 xteraw=80:510302FF0D050BFF vt=Y(21/22) vtstat=2735/825ms tc=N drp=0mm tcq=0
16:18:22.085 [ISOBUS] addr=0x81 claimed=Y load=12.0% msgs=51631 aiso=1633(1712790ms) xte=0.00m spd=0.00m/s q=0 ggaAge=430080 vtgAge=430077 xteAge=1712790 xteraw=80:510302FF0D050BFF vt=Y(21/22) vtstat=2736/825ms tc=N drp=0mm tcq=0
16:18:23.073 [ISOBUS] addr=0x81 claimed=Y load=12.1% msgs=51642 aiso=1634(1713790ms) xte=0.00m spd=0.00m/s q=0 ggaAge=431080 vtgAge=431077 xteAge=1713790 xteraw=80:510302FF0D050BFF vt=Y(21/22) vtstat=2737/825ms tc=N drp=0mm tcq=0
16:18:24.077 [ISOBUS] addr=0x81 claimed=Y load=12.0% msgs=51653 aiso=1635(1714790ms) xte=0.00m spd=0.00m/s q=0 ggaAge=432080 vtgAge=432077 xteAge=1714790 xteraw=80:510302FF0D050BFF vt=Y(21/22) vtstat=2738/825ms tc=N drp=0mm tcq=0
16:18:25.056 [ISOBUS] addr=0x81 claimed=Y load=12.6% msgs=51668 aiso=1636(1715790ms) xte=0.00m spd=0.00m/s q=0 ggaAge=433080 vtgAge=433077 xteAge=1715790 xteraw=80:510302FF0D050BFF vt=Y(21/22) vtstat=2739/825ms tc=N drp=0mm tcq=0
16:18:26.059 [ISOBUS] addr=0x81 claimed=Y load=12.1% msgs=51679 aiso=1637(1716790ms) xte=0.00m spd=0.00m/s q=0 ggaAge=434080 vtgAge=434077 xteAge=1716790 xteraw=80:510302FF0D050BFF vt=Y(21/22) vtstat=2740/821ms tc=N drp=0mm tcq=0
16:18:27.081 [ISOBUS] addr=0x81 claimed=Y load=12.0% msgs=51690 aiso=1638(1717790ms) xte=0.00m spd=0.00m/s q=0 ggaAge=435080 vtgAge=435077 xteAge=1717790 xteraw=80:510302FF0D050BFF vt=Y(21/22) vtstat=2741/821ms tc=N drp=0mm tcq=0
16:18:28.072 [ISOBUS] addr=0x81 claimed=Y load=12.2% msgs=51701 aiso=1639(1718790ms) xte=0.00m spd=0.00m/s q=0 ggaAge=436080 vtgAge=436077 xteAge=1718790 xteraw=80:510302FF0D050BFF vt=Y(21/22) vtstat=2742/821ms tc=N drp=0mm tcq=0
16:18:29.066 [ISOBUS] addr=0x81 claimed=Y load=11.9% msgs=51712 aiso=1640(1719790ms) xte=0.00m spd=0.00m/s q=0 ggaAge=437080 vtgAge=437077 xteAge=1719790 xteraw=80:510302FF0D050BFF vt=Y(21/22) vtstat=2743/821ms tc=N drp=0mm tcq=0
16:18:30.061 [ISOBUS] addr=0x81 claimed=Y load=12.2% msgs=51723 aiso=1641(1720790ms) xte=0.00m spd=0.00m/s q=0 ggaAge=438080 vtgAge=438077 xteAge=1720790 xteraw=80:510302FF0D050BFF vt=Y(21/22) vtstat=2744/821ms tc=N drp=0mm tcq=0
16:18:31.060 [ISOBUS] addr=0x81 claimed=Y load=12.2% msgs=51734 aiso=1642(1721790ms) xte=0.00m spd=0.00m/s q=0 ggaAge=439080 vtgAge=439077 xteAge=1721790 xteraw=80:510302FF0D050BFF vt=Y(21/22) vtstat=2745/821ms tc=N drp=0mm tcq=0
16:18:32.066 [ISOBUS] addr=0x81 claimed=Y load=12.0% msgs=51745 aiso=1643(1722790ms) xte=0.00m spd=0.00m/s q=0 ggaAge=440080 vtgAge=440077 xteAge=1722790 xteraw=80:510302FF0D050BFF vt=Y(21/22) vtstat=2746/817ms tc=N drp=0mm tcq=0
16:18:32.692 TC: disconnected 435s after having been connected -- forcing restart 33 (partner addr=0xF7 valid=Y)
16:18:33.057 [ISOBUS] addr=0x81 claimed=Y load=12.1% msgs=51756 aiso=1644(1723790ms) xte=0.00m spd=0.00m/s q=0 ggaAge=441080 vtgAge=441077 xteAge=1723790 xteraw=80:510302FF0D050BFF vt=Y(21/22) vtstat=2747/817ms tc=N drp=0mm tcq=0
16:18:34.086 [ISOBUS] addr=0x81 claimed=Y load=12.0% msgs=51767 aiso=1645(1724790ms) xte=0.00m spd=0.00m/s q=0 ggaAge=442080 vtgAge=442077 xteAge=1724790 xteraw=80:510302FF0D050BFF vt=Y(21/22) vtstat=2748/817ms tc=N drp=0mm tcq=0
16:18:35.080 [ISOBUS] addr=0x81 claimed=Y load=12.6% msgs=51782 aiso=1646(1725790ms) xte=0.00m spd=0.00m/s q=0 ggaAge=443080 vtgAge=443077 xteAge=1725790 xteraw=80:510302FF0D050BFF vt=Y(21/22) vtstat=2749/817ms tc=N drp=0mm tcq=0
16:18:36.055 [ISOBUS] addr=0x81 claimed=Y load=12.1% msgs=51793 aiso=1647(1726790ms) xte=0.00m spd=0.00m/s q=0 ggaAge=444080 vtgAge=444077 xteAge=1726790 xteraw=80:510302FF0D050BFF vt=Y(21/22) vtstat=2750/817ms tc=N drp=0mm tcq=0
16:18:37.076 [ISOBUS] addr=0x81 claimed=Y load=12.0% msgs=51804 aiso=1648(1727790ms) xte=0.00m spd=0.00m/s q=0 ggaAge=445080 vtgAge=445077 xteAge=1727790 xteraw=80:510302FF0D050BFF vt=Y(21/22) vtstat=2751/817ms tc=N drp=0mm tcq=0
16:18:38.075 [ISOBUS] addr=0x81 claimed=Y load=12.1% msgs=51815 aiso=1649(1728790ms) xte=0.00m spd=0.00m/s q=0 ggaAge=446080 vtgAge=446077 xteAge=1728790 xteraw=80:510302FF0D050BFF vt=Y(21/22) vtstat=2752/817ms tc=N drp=0mm tcq=0
16:18:39.056 [ISOBUS] addr=0x81 claimed=Y load=12.0% msgs=51826 aiso=1650(1729790ms) xte=0.00m spd=0.00m/s q=0 ggaAge=447080 vtgAge=447077 xteAge=1729790 xteraw=80:510302FF0D050BFF vt=Y(21/22) vtstat=2753/813ms tc=N drp=0mm tcq=0
16:18:40.079 [ISOBUS] addr=0x81 claimed=Y load=12.1% msgs=51837 aiso=1651(1730790ms) xte=0.00m spd=0.00m/s q=0 ggaAge=448080 vtgAge=448077 xteAge=1730790 xteraw=80:510302FF0D050BFF vt=Y(21/22) vtstat=2754/813ms tc=N drp=0mm tcq=0
16:18:41.070 [ISOBUS] addr=0x81 claimed=Y load=12.1% msgs=51848 aiso=1652(1731790ms) xte=0.00m spd=0.00m/s q=0 ggaAge=449080 vtgAge=449077 xteAge=1731790 xteraw=80:510302FF0D050BFF vt=Y(21/22) vtstat=2755/813ms tc=N drp=0mm tcq=0
16:18:42.077 [ISOBUS] addr=0x81 claimed=Y load=12.0% msgs=51859 aiso=1653(1732790ms) xte=0.00m spd=0.00m/s q=0 ggaAge=450080 vtgAge=450077 xteAge=1732790 xteraw=80:510302FF0D050BFF vt=Y(21/22) vtstat=2756/813ms tc=N drp=0mm tcq=0
16:18:43.075 [ISOBUS] addr=0x81 claimed=Y load=12.1% msgs=51870 aiso=1654(1733790ms) xte=0.00m spd=0.00m/s q=0 ggaAge=451080 vtgAge=451077 xteAge=1733790 xteraw=80:510302FF0D050BFF vt=Y(21/22) vtstat=2757/813ms tc=N drp=0mm tcq=0
16:18:44.061 [ISOBUS] addr=0x81 claimed=Y load=12.0% msgs=51881 aiso=1655(1734790ms) xte=0.00m spd=0.00m/s q=0 ggaAge=452080 vtgAge=452077 xteAge=1734790 xteraw=80:510302FF0D050BFF vt=Y(21/22) vtstat=2758/813ms tc=N drp=0mm tcq=0
16:18:45.080 [ISOBUS] addr=0x81 claimed=Y load=12.6% msgs=51896 aiso=1656(1735790ms) xte=0.00m spd=0.00m/s q=0 ggaAge=453080 vtgAge=453077 xteAge=1735790 xteraw=80:510302FF0D050BFF vt=Y(21/22) vtstat=2759/813ms tc=N drp=0mm tcq=0
16:18:46.076 [ISOBUS] addr=0x81 claimed=Y load=12.1% msgs=51907 aiso=1657(1736790ms) xte=0.00m spd=0.00m/s q=0 ggaAge=454080 vtgAge=454077 xteAge=1736790 xteraw=80:510302FF0D050BFF vt=Y(21/22) vtstat=2760/809ms tc=N drp=0mm tcq=0
16:18:47.057 [ISOBUS] addr=0x81 claimed=Y load=12.0% msgs=51918 aiso=1658(1737790ms) xte=0.00m spd=0.00m/s q=0 ggaAge=455080 vtgAge=455077 xteAge=1737790 xteraw=80:510302FF0D050BFF vt=Y(21/22) vtstat=2761/809ms tc=N drp=0mm tcq=0
16:18:47.690 TC: disconnected 450s after having been connected -- forcing restart 34 (partner addr=0xF7 valid=Y)
16:18:48.080 [ISOBUS] addr=0x81 claimed=Y load=12.1% msgs=51929 aiso=1659(1738790ms) xte=0.00m spd=0.00m/s q=0 ggaAge=456080 vtgAge=456077 xteAge=1738790 xteraw=80:510302FF0D050BFF vt=Y(21/22) vtstat=2762/809ms tc=N drp=0mm tcq=0
16:18:49.068 [ISOBUS] addr=0x81 claimed=Y load=12.0% msgs=51940 aiso=1660(1739790ms) xte=0.00m spd=0.00m/s q=0 ggaAge=457080 vtgAge=457077 xteAge=1739790 xteraw=80:510302FF0D050BFF vt=Y(21/22) vtstat=2763/809ms tc=N drp=0mm tcq=0
16:18:50.061 [ISOBUS] addr=0x81 claimed=Y load=12.1% msgs=51951 aiso=1661(1740790ms) xte=0.00m spd=0.00m/s q=0 ggaAge=458080 vtgAge=458077 xteAge=1740790 xteraw=80:510302FF0D050BFF vt=Y(21/22) vtstat=2764/809ms tc=N drp=0mm tcq=0
16:18:51.076 [ISOBUS] addr=0x81 claimed=Y load=12.1% msgs=51962 aiso=1662(1741790ms) xte=0.00m spd=0.00m/s q=0 ggaAge=459080 vtgAge=459077 xteAge=1741790 xteraw=80:510302FF0D050BFF vt=Y(21/22) vtstat=2765/809ms tc=N drp=0mm tcq=0
16:18:52.071 [ISOBUS] addr=0x81 claimed=Y load=12.0% msgs=51973 aiso=1663(1742790ms) xte=0.00m spd=0.00m/s q=0 ggaAge=460080 vtgAge=460077 xteAge=1742790 xteraw=80:510302FF0D050BFF vt=Y(21/22) vtstat=2766/805ms tc=N drp=0mm tcq=0
16:18:53.056 [ISOBUS] addr=0x81 claimed=Y load=12.1% msgs=51984 aiso=1664(1743790ms) xte=0.00m spd=0.00m/s q=0 ggaAge=461080 vtgAge=461077 xteAge=1743790 xteraw=80:510302FF0D050BFF vt=Y(21/22) vtstat=2767/805ms tc=N drp=0mm tcq=0
16:18:54.064 [ISOBUS] addr=0x81 claimed=Y load=12.0% msgs=51995 aiso=1665(1744790ms) xte=0.00m spd=0.00m/s q=0 ggaAge=462080 vtgAge=462077 xteAge=1744790 xteraw=80:510302FF0D050BFF vt=Y(21/22) vtstat=2768/805ms tc=N drp=0mm tcq=0
16:18:55.083 [ISOBUS] addr=0x81 claimed=Y load=12.6% msgs=52010 aiso=1666(1745790ms) xte=0.00m spd=0.00m/s q=0 ggaAge=463080 vtgAge=463077 xteAge=1745790 xteraw=80:510302FF0D050BFF vt=Y(21/22) vtstat=2769/805ms tc=N drp=0mm tcq=0
16:18:56.082 [ISOBUS] addr=0x81 claimed=Y load=12.1% msgs=52021 aiso=1667(1746790ms) xte=0.00m spd=0.00m/s q=0 ggaAge=464080 vtgAge=464077 xteAge=1746790 xteraw=80:510302FF0D050BFF vt=Y(21/22) vtstat=2770/805ms tc=N drp=0mm tcq=0
16:18:57.060 [ISOBUS] addr=0x81 claimed=Y load=12.0% msgs=52032 aiso=1668(1747790ms) xte=0.00m spd=0.00m/s q=0 ggaAge=465080 vtgAge=465077 xteAge=1747790 xteraw=80:510302FF0D050BFF vt=Y(21/22) vtstat=2771/805ms tc=N drp=0mm tcq=0
16:18:58.064 [ISOBUS] addr=0x81 claimed=Y load=12.2% msgs=52043 aiso=1669(1748790ms) xte=0.00m spd=0.00m/s q=0 ggaAge=466080 vtgAge=466077 xteAge=1748790 xteraw=80:510302FF0D050BFF vt=Y(21/22) vtstat=2772/801ms tc=N drp=0mm tcq=0
16:18:59.087 [ISOBUS] addr=0x81 claimed=Y load=12.0% msgs=52054 aiso=1670(1749790ms) xte=0.00m spd=0.00m/s q=0 ggaAge=467080 vtgAge=467077 xteAge=1749790 xteraw=80:510302FF0D050BFF vt=Y(21/22) vtstat=2773/801ms tc=N drp=0mm tcq=0
16:19:00.078 [ISOBUS] addr=0x81 claimed=Y load=12.1% msgs=52065 aiso=1671(1750790ms) xte=0.00m spd=0.00m/s q=0 ggaAge=468080 vtgAge=468077 xteAge=1750790 xteraw=80:510302FF0D050BFF vt=Y(21/22) vtstat=2774/801ms tc=N drp=0mm tcq=0
16:19:01.080 [ISOBUS] addr=0x81 claimed=Y load=12.1% msgs=52076 aiso=1672(1751790ms) xte=0.00m spd=0.00m/s q=0 ggaAge=469080 vtgAge=469077 xteAge=1751790 xteraw=80:510302FF0D050BFF vt=Y(21/22) vtstat=2775/802ms tc=N drp=0mm tcq=0
16:19:02.060 [ISOBUS] addr=0x81 claimed=Y load=12.0% msgs=52087 aiso=1673(1752790ms) xte=0.00m spd=0.00m/s q=0 ggaAge=470080 vtgAge=470077 xteAge=1752790 xteraw=80:510302FF0D050BFF vt=Y(21/22) vtstat=2776/802ms tc=N drp=0mm tcq=0
16:19:02.694 TC: disconnected 465s after having been connected -- forcing restart 35 (partner addr=0xF7 valid=Y)
16:19:03.066 [ISOBUS] addr=0x81 claimed=Y load=12.1% msgs=52098 aiso=1674(1753790ms) xte=0.00m spd=0.00m/s q=0 ggaAge=471080 vtgAge=471077 xteAge=1753790 xteraw=80:510302FF0D050BFF vt=Y(21/22) vtstat=2777/802ms tc=N drp=0mm tcq=0
16:19:04.046 W] [PR]: NACK-ing PGN request for PGN 65242 because no callback could handle it.
16:19:04.083 W] [TP]: Received a Request to Send (RTS) message with a global destination, ignoring
16:19:04.083 [ISOBUS] addr=0x81 claimed=Y load=14.4% msgs=52127 aiso=1675(1754790ms) xte=0.00m spd=0.00m/s q=0 ggaAge=34 vtgAge=34 xteAge=1754790 xteraw=80:510100FF000000FF vt=Y(21/22) vtstat=2778/802ms tc=N drp=0mm tcq=0
16:19:05.075 [ISOBUS] addr=0x81 claimed=Y load=17.9% msgs=52172 aiso=1676(1755790ms) xte=0.00m spd=0.00m/s q=0 ggaAge=34 vtgAge=34 xteAge=1755790 xteraw=80:510100FF000000FF vt=Y(21/22) vtstat=2779/798ms tc=N drp=0mm tcq=0
16:19:05.106 W] [PR]: NACK-ing PGN request for PGN 64965 because no callback could handle it.
16:19:05.335 W] [TP]: Received a Request to Send (RTS) message with a global destination, ignoring
16:19:06.074 [ISOBUS] addr=0x81 claimed=Y load=16.8% msgs=52213 aiso=1677(1756790ms) xte=0.00m spd=0.00m/s q=0 ggaAge=38 vtgAge=34 xteAge=1756790 xteraw=80:510301FF0B000BFF vt=Y(21/22) vtstat=2780/798ms tc=N drp=0mm tcq=0
16:19:06.144 W] [PR]: NACK-ing PGN request for PGN 64653 because no callback could handle it.
16:19:06.585 W] [TP]: Received a Request to Send (RTS) message with a global destination, ignoring
16:19:07.077 [ISOBUS] addr=0x81 claimed=Y load=16.5% msgs=52254 aiso=1678(1757790ms) xte=0.00m spd=0.00m/s q=0 ggaAge=34 vtgAge=34 xteAge=1757790 xteraw=80:510301FF0B000BFF vt=Y(21/22) vtstat=2782/694ms tc=N drp=0mm tcq=0
16:19:07.884 W] [TP]: Received an Abort message with a global destination, ignoring
16:19:07.886 W] [TP]: Received a Request to Send (RTS) message with a global destination, ignoring
16:19:08.067 [ISOBUS] addr=0x81 claimed=Y load=15.2% msgs=52295 aiso=1679(1758790ms) xte=0.00m spd=0.00m/s q=0 ggaAge=34 vtgAge=34 xteAge=1758790 xteraw=80:510301FF0B000BFF vt=Y(21/22) vtstat=2784/738ms tc=N drp=0mm tcq=0
16:19:08.731 W] [PR]: NACK-ing PGN request for PGN 60928 because no callback could handle it.
16:19:09.061 [ISOBUS] addr=0x81 claimed=Y load=14.9% msgs=52336 aiso=1680(1759790ms) xte=0.00m spd=0.00m/s q=0 ggaAge=34 vtgAge=34 xteAge=1759790 xteraw=80:510301FF0B000BFF vt=Y(21/22) vtstat=2786/734ms tc=N drp=0mm tcq=0
16:19:09.194 W] [TP]: Received a Request to Send (RTS) message with a global destination, ignoring
16:19:10.059 [ISOBUS] addr=0x81 claimed=Y load=15.0% msgs=52377 aiso=1681(1760790ms) xte=0.00m spd=0.00m/s q=0 ggaAge=34 vtgAge=34 xteAge=1760790 xteraw=80:510301FF0B000BFF vt=Y(21/22) vtstat=2788/730ms tc=N drp=0mm tcq=0
16:19:10.506 W] [TP]: Received a Request to Send (RTS) message with a global destination, ignoring
16:19:10.619 I] [TC]: DDOP Activated without error.
16:19:11.061 [ISOBUS] addr=0x81 claimed=Y load=20.7% msgs=52418 aiso=1682(1761790ms) xte=0.00m spd=0.00m/s q=0 ggaAge=38 vtgAge=30 xteAge=1761790 xteraw=80:510301FF0B000BFF vt=Y(21/22) vtstat=2790/734ms tc=Y drp=0mm tcq=0
16:19:11.755 W] [PR]: NACK-ing PGN request for PGN 60928 because no callback could handle it.
16:19:11.821 W] [TP]: Received an Abort message with a global destination, ignoring
16:19:11.821 W] [TP]: Received a Request to Send (RTS) message with a global destination, ignoring
16:19:12.077 [ISOBUS] addr=0x81 claimed=Y load=15.3% msgs=52459 aiso=1683(1762790ms) xte=0.00m spd=0.00m/s q=0 ggaAge=34 vtgAge=34 xteAge=1762790 xteraw=80:510301FF0B000BFF vt=Y(21/22) vtstat=2792/738ms tc=Y drp=0mm tcq=0
16:19:13.083 [ISOBUS] addr=0x81 claimed=Y load=14.9% msgs=52500 aiso=1684(1763790ms) xte=0.00m spd=0.00m/s q=0 ggaAge=34 vtgAge=34 xteAge=1763790 xteraw=80:510301FF0B000BFF vt=Y(21/22) vtstat=2794/730ms tc=Y drp=0mm tcq=0
16:19:13.111 W] [TP]: Received a Request to Send (RTS) message with a global destination, ignoring
16:19:13.737 W] [PR]: NACK-ing PGN request for PGN 60928 because no callback could handle it.
16:19:14.079 [ISOBUS] addr=0x81 claimed=Y load=15.1% msgs=52541 aiso=1685(1764790ms) xte=0.00m spd=0.00m/s q=0 ggaAge=34 vtgAge=34 xteAge=1764790 xteraw=80:510301FF0B000BFF vt=Y(21/22) vtstat=2796/738ms tc=Y drp=0mm tcq=0
16:19:14.401 W] [TP]: Received a Request to Send (RTS) message with a global destination, ignoring
16:19:15.078 [ISOBUS] addr=0x81 claimed=Y load=15.5% msgs=52586 aiso=1686(1765790ms) xte=0.00m spd=0.00m/s q=0 ggaAge=34 vtgAge=34 xteAge=1765790 xteraw=80:510301FF0B000AFF vt=Y(21/22) vtstat=2798/730ms tc=Y drp=0mm tcq=0
16:19:15.653 W] [TP]: Received an Abort message with a global destination, ignoring
16:19:15.692 W] [TP]: Received a Request to Send (RTS) message with a global destination, ignoring
16:19:16.063 [ISOBUS] addr=0x81 claimed=Y load=15.1% msgs=52627 aiso=1687(1766790ms) xte=0.00m spd=0.00m/s q=0 ggaAge=34 vtgAge=34 xteAge=1766790 xteraw=80:510301FF0B000AFF vt=Y(21/22) vtstat=2800/738ms tc=Y drp=0mm tcq=0
16:19:16.725 W] [PR]: NACK-ing PGN request for PGN 60928 because no callback could handle it.
16:19:16.975 W] [TP]: Received a Request to Send (RTS) message with a global destination, ignoring
16:19:17.093 [ISOBUS] addr=0x81 claimed=Y load=15.2% msgs=52668 aiso=1688(1767790ms) xte=0.00m spd=0.00m/s q=0 ggaAge=34 vtgAge=34 xteAge=1767790 xteraw=80:510301FF0B000AFF vt=Y(21/22) vtstat=2802/734ms tc=Y drp=0mm tcq=0
16:19:18.086 [ISOBUS] addr=0x81 claimed=Y load=14.9% msgs=52709 aiso=1689(1768790ms) xte=0.00m spd=0.00m/s q=0 ggaAge=34 vtgAge=34 xteAge=1768790 xteraw=80:510301FF0B000AFF vt=Y(21/22) vtstat=2804/726ms tc=Y drp=0mm tcq=0
16:19:18.241 W] [TP]: Received a Request to Send (RTS) message with a global destination, ignoring
16:19:18.725 W] [PR]: NACK-ing PGN request for PGN 60928 because no callback could handle it.
16:19:19.081 [ISOBUS] addr=0x81 claimed=Y load=15.1% msgs=52750 aiso=1690(1769790ms) xte=0.00m spd=0.00m/s q=0 ggaAge=34 vtgAge=34 xteAge=1769790 xteraw=80:510301FF0B050AFF vt=Y(21/22) vtstat=2806/734ms tc=Y drp=0mm tcq=0
16:19:19.527 W] [TP]: Received an Abort message with a global destination, ignoring
16:19:19.530 W] [TP]: Received a Request to Send (RTS) message with a global destination, ignoring
16:19:20.063 [ISOBUS] addr=0x81 claimed=Y load=15.1% msgs=52791 aiso=1691(1770790ms) xte=0.00m spd=0.00m/s q=0 ggaAge=34 vtgAge=34 xteAge=1770790 xteraw=80:510301FF0A0509FF vt=Y(21/22) vtstat=2808/734ms tc=Y drp=0mm tcq=0
16:19:20.823 W] [TP]: Received a Request to Send (RTS) message with a global destination, ignoring
16:19:21.063 [ISOBUS] addr=0x81 claimed=Y load=15.1% msgs=52832 aiso=1692(1771790ms) xte=0.00m spd=0.00m/s q=0 ggaAge=34 vtgAge=34 xteAge=1771790 xteraw=80:510301FF090508FF vt=Y(21/22) vtstat=2810/734ms tc=Y drp=0mm tcq=0
16:19:21.745 W] [PR]: NACK-ing PGN request for PGN 60928 because no callback could handle it.
16:19:22.061 [ISOBUS] addr=0x81 claimed=Y load=15.0% msgs=52873 aiso=1693(1772790ms) xte=0.00m spd=0.00m/s q=0 ggaAge=34 vtgAge=34 xteAge=1772790 xteraw=80:510301FF090508FF vt=Y(21/22) vtstat=2812/734ms tc=Y drp=0mm tcq=0
16:19:22.125 W] [TP]: Received a Request to Send (RTS) message with a global destination, ignoring
16:19:23.089 [ISOBUS] addr=0x81 claimed=Y load=15.0% msgs=52914 aiso=1694(1773790ms) xte=0.00m spd=0.00m/s q=0 ggaAge=34 vtgAge=34 xteAge=1773790 xteraw=80:510301FF090508FF vt=Y(21/22) vtstat=2814/734ms tc=Y drp=0mm tcq=0
16:19:23.403 W] [TP]: Received an Abort message with a global destination, ignoring
16:19:23.436 W] [TP]: Received a Request to Send (RTS) message with a global destination, ignoring
16:19:23.729 W] [PR]: NACK-ing PGN request for PGN 60928 because no callback could handle it.
16:19:24.083 [ISOBUS] addr=0x81 claimed=Y load=15.2% msgs=52955 aiso=1695(1774790ms) xte=0.00m spd=0.00m/s q=0 ggaAge=34 vtgAge=34 xteAge=1774790 xteraw=80:510301FF090508FF vt=Y(21/22) vtstat=2816/734ms tc=Y drp=0mm tcq=0
16:19:24.704 W] [TP]: Received a Request to Send (RTS) message with a global destination, ignoring
16:19:25.062 [ISOBUS] addr=0x81 claimed=Y load=15.5% msgs=53000 aiso=1696(1775790ms) xte=0.00m spd=0.00m/s q=0 ggaAge=34 vtgAge=34 xteAge=1775790 xteraw=80:510301FF090508FF vt=Y(21/22) vtstat=2818/734ms tc=Y drp=0mm tcq=0
16:19:25.997 W] [TP]: Received a Request to Send (RTS) message with a global destination, ignoring
16:19:26.061 [ISOBUS] addr=0x81 claimed=Y load=15.0% msgs=53041 aiso=1697(1776790ms) xte=0.00m spd=0.00m/s q=0 ggaAge=34 vtgAge=34 xteAge=1776790 xteraw=80:510301FF090508FF vt=Y(21/22) vtstat=2820/734ms tc=Y drp=0mm tcq=0
16:19:26.745 W] [PR]: NACK-ing PGN request for PGN 60928 because no callback could handle it.
16:19:27.090 [ISOBUS] addr=0x81 claimed=Y load=15.0% msgs=53082 aiso=1698(1777790ms) xte=0.00m spd=0.00m/s q=0 ggaAge=34 vtgAge=34 xteAge=1777790 xteraw=80:510301FF090508FF vt=Y(21/22) vtstat=2822/730ms tc=Y drp=0mm tcq=0
16:19:27.276 W] [TP]: Received an Abort message with a global destination, ignoring
16:19:27.278 W] [TP]: Received a Request to Send (RTS) message with a global destination, ignoring
16:19:28.075 [ISOBUS] addr=0x81 claimed=Y load=15.1% msgs=53123 aiso=1699(1778790ms) xte=0.00m spd=0.00m/s q=0 ggaAge=34 vtgAge=34 xteAge=1778790 xteraw=80:510301FF090508FF vt=Y(21/22) vtstat=2824/726ms tc=Y drp=0mm tcq=0
16:19:28.564 W] [TP]: Received a Request to Send (RTS) message with a global destination, ignoring
16:19:28.759 W] [PR]: NACK-ing PGN request for PGN 60928 because no callback could handle it.
16:19:29.081 [ISOBUS] addr=0x81 claimed=Y load=15.1% msgs=53164 aiso=1700(1779790ms) xte=0.00m spd=0.00m/s q=0 ggaAge=34 vtgAge=26 xteAge=1779790 xteraw=80:510301FF090508FF vt=Y(21/22) vtstat=2826/730ms tc=Y drp=0mm tcq=0
16:19:29.829 W] [TP]: Received a Request to Send (RTS) message with a global destination, ignoring
16:19:30.085 [ISOBUS] addr=0x81 claimed=Y load=15.1% msgs=53205 aiso=1701(1780790ms) xte=0.00m spd=0.00m/s q=0 ggaAge=34 vtgAge=34 xteAge=1780790 xteraw=80:510301FF090508FF vt=Y(21/22) vtstat=2828/734ms tc=Y drp=0mm tcq=0
16:19:31.064 [ISOBUS] addr=0x81 claimed=Y load=14.9% msgs=53246 aiso=1702(1781790ms) xte=0.00m spd=0.00m/s q=0 ggaAge=34 vtgAge=34 xteAge=1781790 xteraw=80:510301FF090508FF vt=Y(21/22) vtstat=2830/730ms tc=Y drp=0mm tcq=0
16:19:31.127 W] [TP]: Received an Abort message with a global destination, ignoring
16:19:31.129 W] [TP]: Received a Request to Send (RTS) message with a global destination, ignoring
16:19:31.746 W] [PR]: NACK-ing PGN request for PGN 60928 because no callback could handle it.
16:19:32.058 [ISOBUS] addr=0x81 claimed=Y load=15.0% msgs=53287 aiso=1703(1782790ms) xte=0.00m spd=0.00m/s q=0 ggaAge=34 vtgAge=34 xteAge=1782790 xteraw=80:510301FF090508FF vt=Y(21/22) vtstat=2832/734ms tc=Y drp=0mm tcq=0
16:19:32.433 W] [TP]: Received a Request to Send (RTS) message with a global destination, ignoring
16:19:33.061 [ISOBUS] addr=0x81 claimed=Y load=14.8% msgs=53328 aiso=1704(1783790ms) xte=0.00m spd=0.00m/s q=0 ggaAge=34 vtgAge=34 xteAge=1783790 xteraw=80:510301FF090508FF vt=Y(21/22) vtstat=2834/730ms tc=Y drp=0mm tcq=0
16:19:33.698 W] [TP]: Received a Request to Send (RTS) message with a global destination, ignoring
16:19:33.737 W] [PR]: NACK-ing PGN request for PGN 60928 because no callback could handle it.
16:19:34.073 [ISOBUS] addr=0x81 claimed=Y load=14.9% msgs=53369 aiso=1705(1784790ms) xte=0.00m spd=0.00m/s q=0 ggaAge=34 vtgAge=34 xteAge=1784790 xteraw=80:510301FF090508FF vt=Y(21/22) vtstat=2836/734ms tc=Y drp=0mm tcq=0
16:19:34.980 W] [TP]: Received an Abort message with a global destination, ignoring
16:19:35.020 W] [TP]: Received a Request to Send (RTS) message with a global destination, ignoring
16:19:35.079 [ISOBUS] addr=0x81 claimed=Y load=15.3% msgs=53414 aiso=1706(1785790ms) xte=0.00m spd=0.00m/s q=0 ggaAge=34 vtgAge=34 xteAge=1785790 xteraw=80:510301FF090508FF vt=Y(21/22) vtstat=2838/734ms tc=Y drp=0mm tcq=0
16:19:36.075 [ISOBUS] addr=0x81 claimed=Y load=14.8% msgs=53455 aiso=1707(1786790ms) xte=0.00m spd=0.00m/s q=0 ggaAge=34 vtgAge=34 xteAge=1786790 xteraw=80:510302FF0F060DFF vt=Y(21/22) vtstat=2840/734ms tc=Y drp=0mm tcq=0
16:19:36.299 W] [TP]: Received a Request to Send (RTS) message with a global destination, ignoring
16:19:36.738 W] [PR]: NACK-ing PGN request for PGN 60928 because no callback could handle it.
16:19:37.090 [ISOBUS] addr=0x81 claimed=Y load=14.9% msgs=53496 aiso=1708(1787790ms) xte=0.00m spd=0.00m/s q=0 ggaAge=34 vtgAge=34 xteAge=1787790 xteraw=80:510302FF0F060DFF vt=Y(21/22) vtstat=2842/734ms tc=Y drp=0mm tcq=0
16:19:37.563 W] [TP]: Received a Request to Send (RTS) message with a global destination, ignoring
16:19:38.080 [ISOBUS] addr=0x81 claimed=Y load=14.8% msgs=53537 aiso=1709(1788790ms) xte=0.00m spd=0.00m/s q=0 ggaAge=34 vtgAge=34 xteAge=1788790 xteraw=80:510302FF0F060DFF vt=Y(21/22) vtstat=2844/734ms tc=Y drp=0mm tcq=0
16:19:38.752 W] [PR]: NACK-ing PGN request for PGN 60928 because no callback could handle it.
16:19:38.852 W] [TP]: Received an Abort message with a global destination, ignoring
16:19:39.062 [ISOBUS] addr=0x81 claimed=Y load=15.0% msgs=53578 aiso=1710(1789790ms) xte=0.00m spd=0.00m/s q=0 ggaAge=34 vtgAge=34 xteAge=1789790 xteraw=80:510302FF0F060DFF vt=Y(21/22) vtstat=2846/730ms tc=Y drp=0mm tcq=0
16:19:40.076 [ISOBUS] addr=0x81 claimed=Y load=14.6% msgs=53619 aiso=1711(1790790ms) xte=0.00m spd=0.00m/s q=0 ggaAge=34 vtgAge=34 xteAge=1790790 xteraw=80:510302FF0F060DFF vt=Y(21/22) vtstat=2848/734ms tc=Y drp=0mm tcq=0
16:19:41.060 [ISOBUS] addr=0x81 claimed=Y load=14.7% msgs=53660 aiso=1712(1791790ms) xte=0.00m spd=0.00m/s q=0 ggaAge=34 vtgAge=34 xteAge=1791790 xteraw=80:510302FF0F060DFF vt=Y(21/22) vtstat=2850/730ms tc=Y drp=0mm tcq=0
16:19:41.733 W] [PR]: NACK-ing PGN request for PGN 60928 because no callback could handle it.
16:19:42.078 [ISOBUS] addr=0x81 claimed=Y load=14.7% msgs=53701 aiso=1713(1792790ms) xte=0.00m spd=0.00m/s q=0 ggaAge=26 vtgAge=26 xteAge=1792790 xteraw=80:510302FF0F060DFF vt=Y(21/22) vtstat=2852/734ms tc=Y drp=0mm tcq=0
16:19:43.063 [ISOBUS] addr=0x81 claimed=Y load=14.7% msgs=53742 aiso=1714(1793790ms) xte=0.00m spd=0.00m/s q=0 ggaAge=34 vtgAge=34 xteAge=1793790 xteraw=80:510302FF0F060DFF vt=Y(21/22) vtstat=2854/730ms tc=Y drp=0mm tcq=0
16:19:43.742 W] [PR]: NACK-ing PGN request for PGN 60928 because no callback could handle it.
16:19:44.065 [ISOBUS] addr=0x81 claimed=Y load=14.7% msgs=53783 aiso=1715(1794790ms) xte=0.00m spd=0.00m/s q=0 ggaAge=34 vtgAge=34 xteAge=1794790 xteraw=80:510302FF0F060DFF vt=Y(21/22) vtstat=2856/734ms tc=Y drp=0mm tcq=0
16:19:45.066 [ISOBUS] addr=0x81 claimed=Y load=15.2% msgs=53828 aiso=1716(1795790ms) xte=0.00m spd=0.17m/s q=0 ggaAge=34 vtgAge=34 xteAge=1795790 xteraw=80:510302FF0F060DFF vt=Y(21/22) vtstat=2858/734ms tc=Y drp=0mm tcq=0
16:19:46.060 [ISOBUS] addr=0x81 claimed=Y load=15.2% msgs=53869 aiso=1717(1796790ms) xte=0.00m spd=0.62m/s q=0 ggaAge=35 vtgAge=35 xteAge=1796790 xteraw=80:510302FF0F060DFF vt=Y(21/22) vtstat=2860/734ms tc=Y drp=0mm tcq=0
16:19:46.740 W] [PR]: NACK-ing PGN request for PGN 60928 because no callback could handle it.
16:19:47.067 [ISOBUS] addr=0x81 claimed=Y load=15.6% msgs=53910 aiso=1718(1797790ms) xte=0.00m spd=0.49m/s q=0 ggaAge=35 vtgAge=35 xteAge=1797790 xteraw=80:510302FF0F060DFF vt=Y(21/22) vtstat=2862/731ms tc=Y drp=0mm tcq=0
16:19:48.095 [ISOBUS] addr=0x81 claimed=Y load=15.5% msgs=53951 aiso=1719(1798790ms) xte=0.00m spd=0.24m/s q=0 ggaAge=35 vtgAge=35 xteAge=1798790 xteraw=80:510302FF0F060DFF vt=Y(21/22) vtstat=2864/735ms tc=Y drp=0mm tcq=0
16:19:48.727 W] [PR]: NACK-ing PGN request for PGN 60928 because no callback could handle it.
16:19:49.067 [ISOBUS] addr=0x81 claimed=Y load=15.4% msgs=53992 aiso=1720(1799790ms) xte=0.00m spd=0.00m/s q=0 ggaAge=35 vtgAge=35 xteAge=1799790 xteraw=80:510302FF0F060DFF vt=Y(21/22) vtstat=2866/731ms tc=Y drp=0mm tcq=0
16:19:50.076 [ISOBUS] addr=0x81 claimed=Y load=14.7% msgs=54033 aiso=1721(1800790ms) xte=0.00m spd=0.00m/s q=0 ggaAge=35 vtgAge=35 xteAge=1800790 xteraw=80:510302FF0F060DFF vt=Y(21/22) vtstat=2868/731ms tc=Y drp=0mm tcq=0
16:19:51.082 [ISOBUS] addr=0x81 claimed=Y load=14.6% msgs=54074 aiso=1722(1801790ms) xte=0.00m spd=0.00m/s q=0 ggaAge=35 vtgAge=35 xteAge=1801790 xteraw=80:510302FF0F060DFF vt=Y(21/22) vtstat=2870/735ms tc=Y drp=0mm tcq=0
16:19:51.730 W] [PR]: NACK-ing PGN request for PGN 60928 because no callback could handle it.
16:19:52.063 [ISOBUS] addr=0x81 claimed=Y load=14.8% msgs=54115 aiso=1723(1802790ms) xte=0.00m spd=0.00m/s q=0 ggaAge=35 vtgAge=35 xteAge=1802790 xteraw=80:510302FF0F060DFF vt=Y(21/22) vtstat=2872/735ms tc=Y drp=0mm tcq=0
16:19:53.090 [ISOBUS] addr=0x81 claimed=Y load=14.6% msgs=54156 aiso=1724(1803790ms) xte=0.00m spd=0.00m/s q=0 ggaAge=35 vtgAge=35 xteAge=1803790 xteraw=80:510302FF0F060DFF vt=Y(21/22) vtstat=2874/735ms tc=Y drp=0mm tcq=0
16:19:53.743 W] [PR]: NACK-ing PGN request for PGN 60928 because no callback could handle it.
16:19:54.062 [ISOBUS] addr=0x81 claimed=Y load=14.8% msgs=54197 aiso=1725(1804790ms) xte=0.00m spd=0.00m/s q=0 ggaAge=35 vtgAge=35 xteAge=1804790 xteraw=80:510302FF0F060DFF vt=Y(21/22) vtstat=2876/735ms tc=Y drp=0mm tcq=0
16:19:55.082 [ISOBUS] addr=0x81 claimed=Y load=15.1% msgs=54242 aiso=1726(1805790ms) xte=0.00m spd=0.00m/s q=0 ggaAge=35 vtgAge=35 xteAge=1805790 xteraw=80:510302FF0F060DFF vt=Y(21/22) vtstat=2878/731ms tc=Y drp=0mm tcq=0
16:19:56.063 [ISOBUS] addr=0x81 claimed=Y load=14.7% msgs=54283 aiso=1727(1806790ms) xte=0.00m spd=0.00m/s q=0 ggaAge=35 vtgAge=35 xteAge=1806790 xteraw=80:510302FF0F060DFF vt=Y(21/22) vtstat=2880/735ms tc=Y drp=0mm tcq=0
16:19:56.747 W] [PR]: NACK-ing PGN request for PGN 60928 because no callback could handle it.
16:19:57.060 [ISOBUS] addr=0x81 claimed=Y load=14.7% msgs=54324 aiso=1728(1807790ms) xte=0.00m spd=0.00m/s q=0 ggaAge=35 vtgAge=35 xteAge=1807790 xteraw=80:510302FF0F060DFF vt=Y(21/22) vtstat=2882/731ms tc=Y drp=0mm tcq=0
16:19:58.076 [ISOBUS] addr=0x81 claimed=Y load=14.7% msgs=54365 aiso=1729(1808790ms) xte=0.00m spd=0.00m/s q=0 ggaAge=35 vtgAge=35 xteAge=1808790 xteraw=80:510302FF0F060DFF vt=Y(21/22) vtstat=2884/735ms tc=Y drp=0mm tcq=0
16:19:58.730 W] [PR]: NACK-ing PGN request for PGN 60928 because no callback could handle it.
16:19:59.077 [ISOBUS] addr=0x81 claimed=Y load=14.7% msgs=54406 aiso=1730(1809790ms) xte=0.00m spd=0.00m/s q=0 ggaAge=35 vtgAge=35 xteAge=1809790 xteraw=80:510302FF0F060DFF vt=Y(21/22) vtstat=2886/731ms tc=Y drp=0mm tcq=0
16:20:00.060 [ISOBUS] addr=0x81 claimed=Y load=14.7% msgs=54447 aiso=1731(1810790ms) xte=0.00m spd=0.00m/s q=0 ggaAge=19 vtgAge=19 xteAge=1810790 xteraw=80:510302FF0F060DFF vt=Y(21/22) vtstat=2888/731ms tc=Y drp=0mm tcq=0
16:20:01.075 [ISOBUS] addr=0x81 claimed=Y load=14.6% msgs=54488 aiso=1732(1811790ms) xte=0.00m spd=0.00m/s q=0 ggaAge=35 vtgAge=35 xteAge=1811790 xteraw=80:510302FF0F060DFF vt=Y(21/22) vtstat=2890/735ms tc=Y drp=0mm tcq=0
16:20:01.754 W] [PR]: NACK-ing PGN request for PGN 60928 because no callback could handle it.
16:20:02.088 [ISOBUS] addr=0x81 claimed=Y load=14.8% msgs=54529 aiso=1733(1812790ms) xte=0.00m spd=0.00m/s q=0 ggaAge=35 vtgAge=35 xteAge=1812790 xteraw=80:510302FF0F060DFF vt=Y(21/22) vtstat=2892/731ms tc=Y drp=0mm tcq=0
16:20:03.070 [ISOBUS] addr=0x81 claimed=Y load=14.6% msgs=54570 aiso=1734(1813790ms) xte=0.00m spd=0.00m/s q=0 ggaAge=35 vtgAge=35 xteAge=1813790 xteraw=80:510302FF0F060DFF vt=Y(21/22) vtstat=2894/735ms tc=Y drp=0mm tcq=0
16:20:03.749 W] [PR]: NACK-ing PGN request for PGN 60928 because no callback could handle it.
16:20:04.077 [ISOBUS] addr=0x81 claimed=Y load=14.8% msgs=54611 aiso=1735(1814790ms) xte=0.00m spd=0.00m/s q=0 ggaAge=35 vtgAge=35 xteAge=1814790 xteraw=80:510302FF0F060DFF vt=Y(21/22) vtstat=2896/731ms tc=Y drp=0mm tcq=0
16:20:05.068 [ISOBUS] addr=0x81 claimed=Y load=15.1% msgs=54656 aiso=1736(1815790ms) xte=0.00m spd=0.00m/s q=0 ggaAge=35 vtgAge=35 xteAge=1815790 xteraw=80:510302FF0F060DFF vt=Y(21/22) vtstat=2898/727ms tc=Y drp=0mm tcq=0
16:20:06.082 [ISOBUS] addr=0x81 claimed=Y load=14.7% msgs=54697 aiso=1737(1816790ms) xte=0.00m spd=0.00m/s q=0 ggaAge=35 vtgAge=35 xteAge=1816790 xteraw=80:510302FF0F060DFF vt=Y(21/22) vtstat=2900/735ms tc=Y drp=0mm tcq=0
16:20:06.751 W] [PR]: NACK-ing PGN request for PGN 60928 because no callback could handle it.
16:20:07.082 [ISOBUS] addr=0x81 claimed=Y load=14.7% msgs=54738 aiso=1738(1817790ms) xte=0.00m spd=0.00m/s q=0 ggaAge=35 vtgAge=35 xteAge=1817790 xteraw=80:510302FF0F060DFF vt=Y(21/22) vtstat=2902/731ms tc=Y drp=0mm tcq=0
16:20:08.080 [ISOBUS] addr=0x81 claimed=Y load=14.7% msgs=54779 aiso=1739(1818790ms) xte=0.00m spd=0.00m/s q=0 ggaAge=35 vtgAge=35 xteAge=1818790 xteraw=80:510302FF0D050BFF vt=Y(21/22) vtstat=2904/735ms tc=Y drp=0mm tcq=0
16:20:08.764 W] [PR]: NACK-ing PGN request for PGN 60928 because no callback could handle it.
16:20:09.086 [ISOBUS] addr=0x81 claimed=Y load=14.7% msgs=54820 aiso=1740(1819790ms) xte=0.00m spd=0.00m/s q=0 ggaAge=35 vtgAge=35 xteAge=1819790 xteraw=80:510302FF0F060DFF vt=Y(21/22) vtstat=2906/735ms tc=Y drp=0mm tcq=0
16:20:10.061 [ISOBUS] addr=0x81 claimed=Y load=14.7% msgs=54861 aiso=1741(1820790ms) xte=0.00m spd=0.00m/s q=0 ggaAge=35 vtgAge=35 xteAge=1820790 xteraw=80:510302FF0F060DFF vt=Y(21/22) vtstat=2908/735ms tc=Y drp=0mm tcq=0
16:20:11.060 [ISOBUS] addr=0x81 claimed=Y load=14.6% msgs=54902 aiso=1742(1821790ms) xte=0.00m spd=0.00m/s q=0 ggaAge=35 vtgAge=35 xteAge=1821790 xteraw=80:510302FF0F060DFF vt=Y(21/22) vtstat=2910/731ms tc=Y drp=0mm tcq=0
16:20:11.747 W] [PR]: NACK-ing PGN request for PGN 60928 because no callback could handle it.
16:20:12.065 [ISOBUS] addr=0x81 claimed=Y load=14.8% msgs=54943 aiso=1743(1822790ms) xte=0.00m spd=0.00m/s q=0 ggaAge=35 vtgAge=35 xteAge=1822790 xteraw=80:510302FF0F060DFF vt=Y(21/22) vtstat=2912/731ms tc=Y drp=0mm tcq=0
16:20:13.064 [ISOBUS] addr=0x81 claimed=Y load=14.6% msgs=54984 aiso=1744(1823790ms) xte=0.00m spd=0.00m/s q=0 ggaAge=35 vtgAge=35 xteAge=1823790 xteraw=80:510302FF0F060DFF vt=Y(21/22) vtstat=2914/735ms tc=Y drp=0mm tcq=0
16:20:13.747 W] [PR]: NACK-ing PGN request for PGN 60928 because no callback could handle it.
16:20:14.065 [ISOBUS] addr=0x81 claimed=Y load=14.8% msgs=55025 aiso=1745(1824790ms) xte=0.00m spd=0.00m/s q=0 ggaAge=35 vtgAge=35 xteAge=1824790 xteraw=80:510302FF0D050BFF vt=Y(21/22) vtstat=2916/731ms tc=Y drp=0mm tcq=0
16:20:15.064 [ISOBUS] addr=0x81 claimed=Y load=15.1% msgs=55070 aiso=1746(1825790ms) xte=0.00m spd=0.00m/s q=0 ggaAge=35 vtgAge=27 xteAge=1825790 xteraw=80:510302FF0F060DFF vt=Y(21/22) vtstat=2918/731ms tc=Y drp=0mm tcq=0
16:20:15.220 ### sending keys: x1q
16:20:16.073 === ISOBUS DEBUG MENU ===
16:20:16.073 1. Full status dump
16:20:16.076 2. Periodic summary line (ON - press to toggle)
16:20:16.077 3. Reset message counters
16:20:16.080 4. Dump DDOP as hex (open in AgIsoDDOPGenerator)
16:20:16.080 5. Dump VT object pool as hex
16:20:16.080 q. Exit
16:20:16.080 === ISOBUS STATUS ===
16:20:16.084 Address claim: CLAIMED  address=0x81
16:20:16.084 CAN controller: error-active  TX err 0 (peak 245)  RX err 0 (peak 69)
16:20:16.084   error-passive entries: 3  bus-off entries: 0  longest episode: 67055 ms
16:20:16.089 Bus load (ch0): 15.0 %
16:20:16.091 --- Message counters ---
16:20:16.093   PGN 129025 Position NMEA2000: 0
16:20:16.095   PGN 129026 Speed NMEA2000:    0
16:20:16.095   PGN 129283 XTE NMEA2000:      183
16:20:16.097   PGN 65267  Position legacy:   11712
16:20:16.100   PGN 65256  Speed legacy:      11712   last SA=0x80 raw=0x0
16:20:16.102   PGN 65535  all senders:       11712   last SA=0x80
16:20:16.102   PGN 65535  XTE carrier 0x2A:  0   (none decoded)
16:20:16.105              raw SA=0x80 word=0xFFF byte1=0x3 payload 510302FF0F060DFF  (58 ms ago)
16:20:16.105   PGN 60160  XTE Trimble legacy:551   last SA=0x26
16:20:16.105   PGN 64770  AISO stop:         1746   last 1826113 ms ago
16:20:16.105   TOTAL:                        55082
16:20:16.111 --- Guidance telemetry ---
16:20:16.112   XTE:          0.00 m
16:20:16.114   Speed:        0.00 m/s (0.00 kn)
16:20:16.115   Quality:      0   RTK quality=4  PGN 129029 GNSS position: (none received)
16:20:16.117   PGN 129027 position deltas: 0
16:20:16.118   Guidance machine info (PGN 44032): 17466 msgs, last 51 ms ago
16:20:16.118     lockout=YES/READY  steeringReady=n/a  remoteEngage=n/a  curvature=-17.00 1/km
16:20:16.122   IsRtkQuality=N
16:20:16.122   GGA fix age:  59 ms
16:20:16.122   VTG fix age:  59 ms
16:20:16.122   XTE fix age:  1826114 ms
16:20:16.128   Lat/Lon/Alt/Course: 53.442230 / 6.755487 / 4.4 m / 301.7 deg
16:20:16.130 --- Virtual Terminal ---
16:20:16.130   Connected:    Y
16:20:16.132   State:        21/22  Connected
16:20:16.135   VT version:  4
16:20:16.135   VT status msgs: 2920   last 55 ms ago
16:20:16.139   Partner: addr=0x26 valid=Y  reconnect attempts=0
16:20:16.139   VT failover: switches=2 claim requests=6
16:20:16.141 --- Lightbar emulation (Ag Leader L160, PGN 65462) ---
16:20:16.141   Address claim: CLAIMED  address=0xDC
16:20:16.143   Display partner: 0xF5  identification requests=22 answered=22 unknown=0  last DID=0x8015  hello=Y
16:20:16.145   Sent: frames=1132 failures=1 heartbeats=1091 softwareId=Y  proprietary A from display=0
16:20:16.147   PGN 65462 XTE: frames=0 committed=0
16:20:16.148 --- Task Controller ---
16:20:16.149   Connected:    Y
16:20:16.150   TC-GEO (with/without pos): Y/N
16:20:16.150   Task active:  Y
16:20:16.150   DRP deviation (DDI 513): 0 mm, last 1826114 ms ago
16:20:16.150   GNSS quality (DDI 514):  0, last 1826114 ms ago
16:20:16.150   [via stack] Value cmds to handler: 0  last DDI=(none)
16:20:16.155   [via stack] Value req callbacks:  0   (mostly AgIsoStack's own re-polling -- NOT bus traffic)
16:20:16.155   [on bus] Requests for our values: 0
16:20:16.158   [on bus] Set-value commands:      0
16:20:16.187   [on bus] Measurement commands:    0  (none)
16:20:16.187   [on bus] Other, addressed to us:  18
16:20:16.187   Partner: addr=0xF7 valid=Y  reconnect attempts=35
16:20:16.187   Tramline setpoint (DDI 506): (none yet -- no Tramline Control seen on this terminal)
16:20:16.187   Guidance track (DDI 507-511): (none yet)
16:20:16.187 === ISOBUS DEBUG MENU ===
16:20:16.187 1. Full status dump
16:20:16.197 2. Periodic summary line (ON - press to toggle)
16:20:16.197 3. Reset message counters
16:20:16.197 4. Dump DDOP as hex (open in AgIsoDDOPGenerator)
16:20:16.197 5. Dump VT object pool as hex
16:20:16.197 q. Exit
16:20:16.197 Exiting.
16:20:16.197 [ISOBUS] addr=0x81 claimed=Y load=14.7% msgs=55111 aiso=1747(1826790ms) xte=0.00m spd=0.00m/s q=0 ggaAge=27 vtgAge=27 xteAge=1826790 xteraw=80:510302FF0F060DFF vt=Y(21/22) vtstat=2920/731ms tc=Y drp=0mm tcq=0
16:20:16.744 W] [PR]: NACK-ing PGN request for PGN 60928 because no callback could handle it.
16:20:17.090 [ISOBUS] addr=0x81 claimed=Y load=14.7% msgs=55152 aiso=1748(1827790ms) xte=0.00m spd=0.00m/s q=0 ggaAge=35 vtgAge=35 xteAge=1827790 xteraw=80:510302FF0F060DFF vt=Y(21/22) vtstat=2922/735ms tc=Y drp=0mm tcq=0
16:20:18.076 [ISOBUS] addr=0x81 claimed=Y load=14.7% msgs=55193 aiso=1749(1828790ms) xte=0.00m spd=0.00m/s q=0 ggaAge=35 vtgAge=35 xteAge=1828790 xteraw=80:510302FF0F060DFF vt=Y(21/22) vtstat=2924/731ms tc=Y drp=0mm tcq=0
16:20:18.732 W] [PR]: NACK-ing PGN request for PGN 60928 because no callback could handle it.
16:20:19.090 [ISOBUS] addr=0x81 claimed=Y load=14.7% msgs=55234 aiso=1750(1829790ms) xte=0.00m spd=0.00m/s q=0 ggaAge=35 vtgAge=35 xteAge=1829790 xteraw=80:510302FF0F060DFF vt=Y(21/22) vtstat=2926/735ms tc=Y drp=0mm tcq=0
16:20:20.078 [ISOBUS] addr=0x81 claimed=Y load=14.7% msgs=55275 aiso=1751(1830790ms) xte=0.00m spd=0.00m/s q=0 ggaAge=35 vtgAge=35 xteAge=1830790 xteraw=80:510302FF0F060DFF vt=Y(21/22) vtstat=2928/731ms tc=Y drp=0mm tcq=0
16:20:21.063 [ISOBUS] addr=0x81 claimed=Y load=14.6% msgs=55316 aiso=1752(1831790ms) xte=0.00m spd=0.00m/s q=0 ggaAge=35 vtgAge=35 xteAge=1831790 xteraw=80:510302FF0F060DFF vt=Y(21/22) vtstat=2930/731ms tc=Y drp=0mm tcq=0
16:20:21.729 W] [PR]: NACK-ing PGN request for PGN 60928 because no callback could handle it.
16:20:22.062 [ISOBUS] addr=0x81 claimed=Y load=14.8% msgs=55357 aiso=1753(1832790ms) xte=0.00m spd=0.00m/s q=0 ggaAge=35 vtgAge=35 xteAge=1832790 xteraw=80:510302FF0F060DFF vt=Y(21/22) vtstat=2932/731ms tc=Y drp=0mm tcq=0
16:20:23.080 [ISOBUS] addr=0x81 claimed=Y load=14.6% msgs=55398 aiso=1754(1833790ms) xte=0.00m spd=0.00m/s q=0 ggaAge=35 vtgAge=35 xteAge=1833790 xteraw=80:510302FF0F060DFF vt=Y(21/22) vtstat=2934/731ms tc=Y drp=0mm tcq=0
16:20:23.745 W] [PR]: NACK-ing PGN request for PGN 60928 because no callback could handle it.
16:20:24.066 [ISOBUS] addr=0x81 claimed=Y load=14.8% msgs=55439 aiso=1755(1834790ms) xte=0.00m spd=0.00m/s q=0 ggaAge=35 vtgAge=35 xteAge=1834790 xteraw=80:510302FF0F060DFF vt=Y(21/22) vtstat=2936/735ms tc=Y drp=0mm tcq=0
16:20:25.073 [ISOBUS] addr=0x81 claimed=Y load=15.1% msgs=55484 aiso=1756(1835790ms) xte=0.00m spd=0.00m/s q=0 ggaAge=35 vtgAge=35 xteAge=1835790 xteraw=80:510302FF0F060DFF vt=Y(21/22) vtstat=2938/735ms tc=Y drp=0mm tcq=0
16:20:26.081 [ISOBUS] addr=0x81 claimed=Y load=14.7% msgs=55525 aiso=1757(1836790ms) xte=0.00m spd=0.00m/s q=0 ggaAge=35 vtgAge=35 xteAge=1836790 xteraw=80:510302FF0F060DFF vt=Y(21/22) vtstat=2940/731ms tc=Y drp=0mm tcq=0
16:20:26.766 W] [PR]: NACK-ing PGN request for PGN 60928 because no callback could handle it.
16:20:27.074 [ISOBUS] addr=0x81 claimed=Y load=14.7% msgs=55566 aiso=1758(1837790ms) xte=0.00m spd=0.00m/s q=0 ggaAge=35 vtgAge=35 xteAge=1837790 xteraw=80:510302FF0F060DFF vt=Y(21/22) vtstat=2942/735ms tc=Y drp=0mm tcq=0
16:20:28.061 [ISOBUS] addr=0x81 claimed=Y load=14.7% msgs=55607 aiso=1759(1838790ms) xte=0.00m spd=0.00m/s q=0 ggaAge=35 vtgAge=35 xteAge=1838790 xteraw=80:510302FF0F060DFF vt=Y(21/22) vtstat=2944/731ms tc=Y drp=0mm tcq=0
16:20:28.755 W] [PR]: NACK-ing PGN request for PGN 60928 because no callback could handle it.
16:20:29.083 [ISOBUS] addr=0x81 claimed=Y load=14.7% msgs=55648 aiso=1760(1839790ms) xte=0.00m spd=0.00m/s q=0 ggaAge=35 vtgAge=35 xteAge=1839790 xteraw=80:510302FF0F060DFF vt=Y(21/22) vtstat=2946/731ms tc=Y drp=0mm tcq=0
16:20:30.100 [ISOBUS] addr=0x81 claimed=Y load=14.7% msgs=55689 aiso=1761(1840790ms) xte=0.00m spd=0.00m/s q=0 ggaAge=35 vtgAge=35 xteAge=1840790 xteraw=80:510302FF0F060DFF vt=Y(21/22) vtstat=2948/735ms tc=Y drp=0mm tcq=0
16:20:31.065 [ISOBUS] addr=0x81 claimed=Y load=14.6% msgs=55730 aiso=1762(1841790ms) xte=0.00m spd=0.00m/s q=0 ggaAge=35 vtgAge=35 xteAge=1841790 xteraw=80:510302FF0F060DFF vt=Y(21/22) vtstat=2950/731ms tc=Y drp=0mm tcq=0
16:20:31.746 W] [PR]: NACK-ing PGN request for PGN 60928 because no callback could handle it.
16:20:32.062 [ISOBUS] addr=0x81 claimed=Y load=14.8% msgs=55771 aiso=1763(1842790ms) xte=0.00m spd=0.00m/s q=0 ggaAge=35 vtgAge=32 xteAge=1842790 xteraw=80:510302FF0F060DFF vt=Y(21/22) vtstat=2952/735ms tc=Y drp=0mm tcq=0
16:20:33.084 [ISOBUS] addr=0x81 claimed=Y load=14.6% msgs=55812 aiso=1764(1843790ms) xte=0.00m spd=0.00m/s q=0 ggaAge=36 vtgAge=36 xteAge=1843790 xteraw=80:510302FF0F060DFF vt=Y(21/22) vtstat=2954/736ms tc=Y drp=0mm tcq=0
16:20:33.749 W] [PR]: NACK-ing PGN request for PGN 60928 because no callback could handle it.
16:20:34.090 [ISOBUS] addr=0x81 claimed=Y load=14.8% msgs=55853 aiso=1765(1844790ms) xte=0.00m spd=0.00m/s q=0 ggaAge=36 vtgAge=32 xteAge=1844790 xteraw=80:510302FF0F060DFF vt=Y(21/22) vtstat=2956/732ms tc=Y drp=0mm tcq=0
16:20:35.066 [ISOBUS] addr=0x81 claimed=Y load=15.1% msgs=55898 aiso=1766(1845790ms) xte=0.00m spd=0.00m/s q=0 ggaAge=36 vtgAge=32 xteAge=1845790 xteraw=80:510302FF0F060DFF vt=Y(21/22) vtstat=2958/736ms tc=Y drp=0mm tcq=0
16:20:36.072 [ISOBUS] addr=0x81 claimed=Y load=14.7% msgs=55939 aiso=1767(1846790ms) xte=0.00m spd=0.00m/s q=0 ggaAge=36 vtgAge=36 xteAge=1846790 xteraw=80:510302FF0F060DFF vt=Y(21/22) vtstat=2960/736ms tc=Y drp=0mm tcq=0
16:20:36.753 W] [PR]: NACK-ing PGN request for PGN 60928 because no callback could handle it.
16:20:37.072 [ISOBUS] addr=0x81 claimed=Y load=14.7% msgs=55980 aiso=1768(1847790ms) xte=0.00m spd=0.00m/s q=0 ggaAge=36 vtgAge=32 xteAge=1847790 xteraw=80:510302FF0F060DFF vt=Y(21/22) vtstat=2962/732ms tc=Y drp=0mm tcq=0
16:20:38.083 [ISOBUS] addr=0x81 claimed=Y load=14.7% msgs=56021 aiso=1769(1848790ms) xte=0.00m spd=0.00m/s q=0 ggaAge=36 vtgAge=36 xteAge=1848790 xteraw=80:510302FF0F060DFF vt=Y(21/22) vtstat=2964/732ms tc=Y drp=0mm tcq=0
16:20:38.758 W] [PR]: NACK-ing PGN request for PGN 60928 because no callback could handle it.
16:20:39.082 [ISOBUS] addr=0x81 claimed=Y load=14.7% msgs=56062 aiso=1770(1849790ms) xte=0.00m spd=0.00m/s q=0 ggaAge=36 vtgAge=36 xteAge=1849790 xteraw=80:510302FF0F060DFF vt=Y(21/22) vtstat=2966/732ms tc=Y drp=0mm tcq=0
16:20:40.083 [ISOBUS] addr=0x81 claimed=Y load=14.7% msgs=56103 aiso=1771(1850790ms) xte=0.00m spd=0.00m/s q=0 ggaAge=36 vtgAge=32 xteAge=1850790 xteraw=80:510302FF0F060DFF vt=Y(21/22) vtstat=2968/736ms tc=Y drp=0mm tcq=0
16:20:41.079 [ISOBUS] addr=0x81 claimed=Y load=14.6% msgs=56144 aiso=1772(1851790ms) xte=0.00m spd=0.00m/s q=0 ggaAge=36 vtgAge=32 xteAge=1851790 xteraw=80:510302FF0F060DFF vt=Y(21/22) vtstat=2970/736ms tc=Y drp=0mm tcq=0
16:20:41.750 W] [PR]: NACK-ing PGN request for PGN 60928 because no callback could handle it.
16:20:42.071 [ISOBUS] addr=0x81 claimed=Y load=14.8% msgs=56185 aiso=1773(1852790ms) xte=0.00m spd=0.00m/s q=0 ggaAge=36 vtgAge=36 xteAge=1852790 xteraw=80:510302FF0F060DFF vt=Y(21/22) vtstat=2972/732ms tc=Y drp=0mm tcq=0
16:20:43.089 [ISOBUS] addr=0x81 claimed=Y load=14.6% msgs=56226 aiso=1774(1853790ms) xte=0.00m spd=0.00m/s q=0 ggaAge=36 vtgAge=36 xteAge=1853790 xteraw=80:510302FF0F060DFF vt=Y(21/22) vtstat=2974/732ms tc=Y drp=0mm tcq=0
16:20:43.735 W] [PR]: NACK-ing PGN request for PGN 60928 because no callback could handle it.
16:20:44.084 [ISOBUS] addr=0x81 claimed=Y load=14.8% msgs=56267 aiso=1775(1854790ms) xte=0.00m spd=0.00m/s q=0 ggaAge=36 vtgAge=36 xteAge=1854790 xteraw=80:510302FF0F060DFF vt=Y(21/22) vtstat=2976/736ms tc=Y drp=0mm tcq=0
16:20:45.066 [ISOBUS] addr=0x81 claimed=Y load=15.1% msgs=56312 aiso=1776(1855790ms) xte=0.00m spd=0.00m/s q=0 ggaAge=36 vtgAge=36 xteAge=1855790 xteraw=80:510302FF0F060DFF vt=Y(21/22) vtstat=2978/736ms tc=Y drp=0mm tcq=0
16:20:46.082 [ISOBUS] addr=0x81 claimed=Y load=14.7% msgs=56353 aiso=1777(1856790ms) xte=0.00m spd=0.00m/s q=0 ggaAge=36 vtgAge=36 xteAge=1856790 xteraw=80:510302FF0F060DFF vt=Y(21/22) vtstat=2980/736ms tc=Y drp=0mm tcq=0
16:20:46.743 W] [PR]: NACK-ing PGN request for PGN 60928 because no callback could handle it.
16:20:47.064 [ISOBUS] addr=0x81 claimed=Y load=14.7% msgs=56394 aiso=1778(1857790ms) xte=0.00m spd=0.00m/s q=0 ggaAge=36 vtgAge=36 xteAge=1857790 xteraw=80:510302FF0F060DFF vt=Y(21/22) vtstat=2982/732ms tc=Y drp=0mm tcq=0
16:20:48.098 [ISOBUS] addr=0x81 claimed=Y load=14.7% msgs=56435 aiso=1779(1858790ms) xte=0.00m spd=0.00m/s q=0 ggaAge=36 vtgAge=36 xteAge=1858790 xteraw=80:510302FF0F060DFF vt=Y(21/22) vtstat=2984/732ms tc=Y drp=0mm tcq=0
16:20:48.751 W] [PR]: NACK-ing PGN request for PGN 60928 because no callback could handle it.
16:20:49.094 [ISOBUS] addr=0x81 claimed=Y load=14.7% msgs=56476 aiso=1780(1859790ms) xte=0.00m spd=0.00m/s q=0 ggaAge=36 vtgAge=36 xteAge=1859790 xteraw=80:510302FF0F060DFF vt=Y(21/22) vtstat=2986/732ms tc=Y drp=0mm tcq=0
16:20:50.070 [ISOBUS] addr=0x81 claimed=Y load=14.7% msgs=56517 aiso=1781(1860790ms) xte=0.00m spd=0.00m/s q=0 ggaAge=36 vtgAge=32 xteAge=1860790 xteraw=80:510302FF0F060DFF vt=Y(21/22) vtstat=2988/732ms tc=Y drp=0mm tcq=0
16:20:51.090 [ISOBUS] addr=0x81 claimed=Y load=14.6% msgs=56558 aiso=1782(1861790ms) xte=0.00m spd=0.00m/s q=0 ggaAge=36 vtgAge=32 xteAge=1861790 xteraw=80:510302FF0F060DFF vt=Y(21/22) vtstat=2990/732ms tc=Y drp=0mm tcq=0
16:20:51.758 W] [PR]: NACK-ing PGN request for PGN 60928 because no callback could handle it.
16:20:52.077 [ISOBUS] addr=0x81 claimed=Y load=14.8% msgs=56599 aiso=1783(1862790ms) xte=0.00m spd=0.00m/s q=0 ggaAge=36 vtgAge=32 xteAge=1862790 xteraw=80:510302FF0F060DFF vt=Y(21/22) vtstat=2992/732ms tc=Y drp=0mm tcq=0
16:20:53.066 [ISOBUS] addr=0x81 claimed=Y load=14.6% msgs=56640 aiso=1784(1863790ms) xte=0.00m spd=0.00m/s q=0 ggaAge=36 vtgAge=32 xteAge=1863790 xteraw=80:510302FF0F060DFF vt=Y(21/22) vtstat=2994/732ms tc=Y drp=0mm tcq=0
16:20:53.755 W] [PR]: NACK-ing PGN request for PGN 60928 because no callback could handle it.
16:20:54.075 [ISOBUS] addr=0x81 claimed=Y load=14.8% msgs=56681 aiso=1785(1864790ms) xte=0.00m spd=0.00m/s q=0 ggaAge=36 vtgAge=32 xteAge=1864790 xteraw=80:510302FF0F060DFF vt=Y(21/22) vtstat=2996/732ms tc=Y drp=0mm tcq=0
16:20:55.077 [ISOBUS] addr=0x81 claimed=Y load=15.1% msgs=56726 aiso=1786(1865790ms) xte=0.00m spd=0.00m/s q=0 ggaAge=36 vtgAge=36 xteAge=1865790 xteraw=80:510302FF0F060DFF vt=Y(21/22) vtstat=2998/732ms tc=Y drp=0mm tcq=0
16:20:56.083 [ISOBUS] addr=0x81 claimed=Y load=14.7% msgs=56767 aiso=1787(1866790ms) xte=0.00m spd=0.00m/s q=0 ggaAge=36 vtgAge=32 xteAge=1866790 xteraw=80:510302FF0F060DFF vt=Y(21/22) vtstat=3000/732ms tc=Y drp=0mm tcq=0
16:20:56.747 W] [PR]: NACK-ing PGN request for PGN 60928 because no callback could handle it.
16:20:57.094 [ISOBUS] addr=0x81 claimed=Y load=14.7% msgs=56808 aiso=1788(1867790ms) xte=0.00m spd=0.00m/s q=0 ggaAge=36 vtgAge=32 xteAge=1867790 xteraw=80:510302FF0F060DFF vt=Y(21/22) vtstat=3002/732ms tc=Y drp=0mm tcq=0
16:20:58.093 [ISOBUS] addr=0x81 claimed=Y load=14.7% msgs=56849 aiso=1789(1868790ms) xte=0.00m spd=0.00m/s q=0 ggaAge=32 vtgAge=32 xteAge=1868790 xteraw=80:510302FF0F060DFF vt=Y(21/22) vtstat=3004/728ms tc=Y drp=0mm tcq=0
16:20:58.731 W] [PR]: NACK-ing PGN request for PGN 60928 because no callback could handle it.
16:20:59.088 [ISOBUS] addr=0x81 claimed=Y load=14.7% msgs=56890 aiso=1790(1869790ms) xte=0.00m spd=0.00m/s q=0 ggaAge=32 vtgAge=32 xteAge=1869790 xteraw=80:510302FF0F060DFF vt=Y(21/22) vtstat=3006/728ms tc=Y drp=0mm tcq=0
16:21:00.084 [ISOBUS] addr=0x81 claimed=Y load=14.7% msgs=56931 aiso=1791(1870790ms) xte=0.00m spd=0.00m/s q=0 ggaAge=36 vtgAge=32 xteAge=1870790 xteraw=80:510302FF0F060DFF vt=Y(21/22) vtstat=3008/728ms tc=Y drp=0mm tcq=0
16:21:01.094 [ISOBUS] addr=0x81 claimed=Y load=14.6% msgs=56972 aiso=1792(1871790ms) xte=0.00m spd=0.00m/s q=0 ggaAge=36 vtgAge=32 xteAge=1871790 xteraw=80:510302FF0F060DFF vt=Y(21/22) vtstat=3010/728ms tc=Y drp=0mm tcq=0
16:21:01.750 W] [PR]: NACK-ing PGN request for PGN 60928 because no callback could handle it.
16:21:02.070 [ISOBUS] addr=0x81 claimed=Y load=14.8% msgs=57013 aiso=1793(1872790ms) xte=0.00m spd=0.00m/s q=0 ggaAge=36 vtgAge=32 xteAge=1872790 xteraw=80:510302FF0F060DFF vt=Y(21/22) vtstat=3012/728ms tc=Y drp=0mm tcq=0
16:21:03.069 [ISOBUS] addr=0x81 claimed=Y load=14.6% msgs=57054 aiso=1794(1873790ms) xte=0.00m spd=0.00m/s q=0 ggaAge=36 vtgAge=36 xteAge=1873790 xteraw=80:510302FF0F060DFF vt=Y(21/22) vtstat=3014/724ms tc=Y drp=0mm tcq=0
16:21:03.748 W] [PR]: NACK-ing PGN request for PGN 60928 because no callback could handle it.
16:21:04.067 [ISOBUS] addr=0x81 claimed=Y load=14.8% msgs=57095 aiso=1795(1874790ms) xte=0.00m spd=0.00m/s q=0 ggaAge=36 vtgAge=32 xteAge=1874790 xteraw=80:510302FF0F060DFF vt=Y(21/22) vtstat=3016/724ms tc=Y drp=0mm tcq=0
16:21:05.072 [ISOBUS] addr=0x81 claimed=Y load=15.1% msgs=57140 aiso=1796(1875790ms) xte=0.00m spd=0.00m/s q=0 ggaAge=36 vtgAge=32 xteAge=1875790 xteraw=80:510302FF0F060DFF vt=Y(21/22) vtstat=3018/724ms tc=Y drp=0mm tcq=0
16:21:06.081 [ISOBUS] addr=0x81 claimed=Y load=14.7% msgs=57181 aiso=1797(1876790ms) xte=0.00m spd=0.00m/s q=0 ggaAge=36 vtgAge=32 xteAge=1876790 xteraw=80:510302FF0F060DFF vt=Y(21/22) vtstat=3020/724ms tc=Y drp=0mm tcq=0
16:21:06.746 W] [PR]: NACK-ing PGN request for PGN 60928 because no callback could handle it.
16:21:07.088 [ISOBUS] addr=0x81 claimed=Y load=14.7% msgs=57222 aiso=1798(1877790ms) xte=0.00m spd=0.00m/s q=0 ggaAge=36 vtgAge=32 xteAge=1877790 xteraw=80:510302FF0F060DFF vt=Y(21/22) vtstat=3022/724ms tc=Y drp=0mm tcq=0
16:21:08.088 [ISOBUS] addr=0x81 claimed=Y load=14.7% msgs=57263 aiso=1799(1878790ms) xte=0.00m spd=0.00m/s q=0 ggaAge=32 vtgAge=32 xteAge=1878790 xteraw=80:510302FF0F060DFF vt=Y(21/22) vtstat=3024/724ms tc=Y drp=0mm tcq=0
16:21:08.751 W] [PR]: NACK-ing PGN request for PGN 60928 because no callback could handle it.
16:21:09.090 [ISOBUS] addr=0x81 claimed=Y load=14.7% msgs=57304 aiso=1800(1879790ms) xte=0.00m spd=0.00m/s q=0 ggaAge=36 vtgAge=32 xteAge=1879790 xteraw=80:510302FF0F060DFF vt=Y(21/22) vtstat=3026/724ms tc=Y drp=0mm tcq=0
16:21:10.093 [ISOBUS] addr=0x81 claimed=Y load=14.7% msgs=57345 aiso=1801(1880790ms) xte=0.00m spd=0.00m/s q=0 ggaAge=32 vtgAge=32 xteAge=1880790 xteraw=80:510302FF0F060DFF vt=Y(21/22) vtstat=3028/720ms tc=Y drp=0mm tcq=0
16:21:11.094 [ISOBUS] addr=0x81 claimed=Y load=14.6% msgs=57386 aiso=1802(1881790ms) xte=0.00m spd=0.00m/s q=0 ggaAge=32 vtgAge=32 xteAge=1881790 xteraw=80:510302FF0F060DFF vt=Y(21/22) vtstat=3030/720ms tc=Y drp=0mm tcq=0
16:21:11.749 W] [PR]: NACK-ing PGN request for PGN 60928 because no callback could handle it.
16:21:12.071 [ISOBUS] addr=0x81 claimed=Y load=14.8% msgs=57427 aiso=1803(1882790ms) xte=0.00m spd=0.00m/s q=0 ggaAge=32 vtgAge=32 xteAge=1882790 xteraw=80:510302FF0F060DFF vt=Y(21/22) vtstat=3032/720ms tc=Y drp=0mm tcq=0
16:21:13.094 [ISOBUS] addr=0x81 claimed=Y load=14.6% msgs=57468 aiso=1804(1883790ms) xte=0.00m spd=0.00m/s q=0 ggaAge=24 vtgAge=24 xteAge=1883790 xteraw=80:510302FF0F060DFF vt=Y(21/22) vtstat=3034/720ms tc=Y drp=0mm tcq=0
16:21:13.762 W] [PR]: NACK-ing PGN request for PGN 60928 because no callback could handle it.
16:21:14.065 [ISOBUS] addr=0x81 claimed=Y load=14.8% msgs=57509 aiso=1805(1884790ms) xte=0.00m spd=0.00m/s q=0 ggaAge=24 vtgAge=24 xteAge=1884790 xteraw=80:510302FF0F060DFF vt=Y(21/22) vtstat=3036/720ms tc=Y drp=0mm tcq=0
16:21:15.066 [ISOBUS] addr=0x81 claimed=Y load=15.1% msgs=57554 aiso=1806(1885790ms) xte=0.00m spd=0.00m/s q=0 ggaAge=32 vtgAge=32 xteAge=1885790 xteraw=80:510302FF0F060DFF vt=Y(21/22) vtstat=3038/720ms tc=Y drp=0mm tcq=0
16:21:16.094 [ISOBUS] addr=0x81 claimed=Y load=14.7% msgs=57595 aiso=1807(1886790ms) xte=0.00m spd=0.00m/s q=0 ggaAge=24 vtgAge=24 xteAge=1886790 xteraw=80:510302FF0F060DFF vt=Y(21/22) vtstat=3040/716ms tc=Y drp=0mm tcq=0
16:21:16.750 W] [PR]: NACK-ing PGN request for PGN 60928 because no callback could handle it.
16:21:17.066 [ISOBUS] addr=0x81 claimed=Y load=14.7% msgs=57636 aiso=1808(1887790ms) xte=0.00m spd=0.00m/s q=0 ggaAge=24 vtgAge=24 xteAge=1887790 xteraw=80:510302FF0F060DFF vt=Y(21/22) vtstat=3042/717ms tc=Y drp=0mm tcq=0
16:21:18.075 [ISOBUS] addr=0x81 claimed=Y load=14.7% msgs=57677 aiso=1809(1888790ms) xte=0.00m spd=0.00m/s q=0 ggaAge=32 vtgAge=32 xteAge=1888790 xteraw=80:510302FF0F060DFF vt=Y(21/22) vtstat=3044/717ms tc=Y drp=0mm tcq=0
16:21:18.737 W] [PR]: NACK-ing PGN request for PGN 60928 because no callback could handle it.
16:21:19.091 [ISOBUS] addr=0x81 claimed=Y load=14.7% msgs=57718 aiso=1810(1889790ms) xte=0.00m spd=0.00m/s q=0 ggaAge=33 vtgAge=33 xteAge=1889790 xteraw=80:510302FF0F060DFF vt=Y(21/22) vtstat=3046/717ms tc=Y drp=0mm tcq=0
16:21:20.094 [ISOBUS] addr=0x81 claimed=Y load=14.7% msgs=57759 aiso=1811(1890790ms) xte=0.00m spd=0.00m/s q=0 ggaAge=33 vtgAge=33 xteAge=1890790 xteraw=80:510302FF0F060DFF vt=Y(21/22) vtstat=3048/717ms tc=Y drp=0mm tcq=0
16:21:21.077 [ISOBUS] addr=0x81 claimed=Y load=14.6% msgs=57800 aiso=1812(1891790ms) xte=0.00m spd=0.00m/s q=0 ggaAge=33 vtgAge=33 xteAge=1891790 xteraw=80:510302FF0F060DFF vt=Y(21/22) vtstat=3050/717ms tc=Y drp=0mm tcq=0
16:21:21.736 W] [PR]: NACK-ing PGN request for PGN 60928 because no callback could handle it.
16:21:22.077 [ISOBUS] addr=0x81 claimed=Y load=14.8% msgs=57841 aiso=1813(1892790ms) xte=0.00m spd=0.00m/s q=0 ggaAge=33 vtgAge=33 xteAge=1892790 xteraw=80:510302FF0F060DFF vt=Y(21/22) vtstat=3052/717ms tc=Y drp=0mm tcq=0
16:21:23.093 [ISOBUS] addr=0x81 claimed=Y load=14.6% msgs=57882 aiso=1814(1893790ms) xte=0.00m spd=0.00m/s q=0 ggaAge=33 vtgAge=33 xteAge=1893790 xteraw=80:510302FF0F060DFF vt=Y(21/22) vtstat=3054/713ms tc=Y drp=0mm tcq=0
16:21:23.762 W] [PR]: NACK-ing PGN request for PGN 60928 because no callback could handle it.
16:21:24.095 [ISOBUS] addr=0x81 claimed=Y load=14.8% msgs=57923 aiso=1815(1894790ms) xte=0.00m spd=0.00m/s q=0 ggaAge=33 vtgAge=33 xteAge=1894790 xteraw=80:510302FF0F060DFF vt=Y(21/22) vtstat=3056/713ms tc=Y drp=0mm tcq=0
16:21:25.097 [ISOBUS] addr=0x81 claimed=Y load=15.1% msgs=57968 aiso=1816(1895790ms) xte=0.00m spd=0.00m/s q=0 ggaAge=33 vtgAge=33 xteAge=1895790 xteraw=80:510302FF0F060DFF vt=Y(21/22) vtstat=3058/713ms tc=Y drp=0mm tcq=0
16:21:26.074 [ISOBUS] addr=0x81 claimed=Y load=14.6% msgs=58009 aiso=1817(1896790ms) xte=0.00m spd=0.00m/s q=0 ggaAge=33 vtgAge=33 xteAge=1896790 xteraw=80:510302FF0F060DFF vt=Y(21/22) vtstat=3059/733ms tc=Y drp=0mm tcq=0
16:21:26.757 W] [PR]: NACK-ing PGN request for PGN 60928 because no callback could handle it.
16:21:27.068 [ISOBUS] addr=0x81 claimed=Y load=14.6% msgs=58050 aiso=1818(1897790ms) xte=0.00m spd=0.00m/s q=0 ggaAge=33 vtgAge=33 xteAge=1897790 xteraw=80:510302FF0F060DFF vt=Y(21/22) vtstat=3060/733ms tc=Y drp=0mm tcq=0
16:21:28.090 [ISOBUS] addr=0x81 claimed=Y load=14.6% msgs=58091 aiso=1819(1898790ms) xte=0.00m spd=0.00m/s q=0 ggaAge=33 vtgAge=33 xteAge=1898790 xteraw=80:510302FF0F060DFF vt=Y(21/22) vtstat=3061/733ms tc=Y drp=0mm tcq=0
16:21:28.752 W] [PR]: NACK-ing PGN request for PGN 60928 because no callback could handle it.
16:21:29.093 [ISOBUS] addr=0x81 claimed=Y load=14.6% msgs=58132 aiso=1820(1899790ms) xte=0.00m spd=0.00m/s q=0 ggaAge=33 vtgAge=33 xteAge=1899790 xteraw=80:510302FF0F060DFF vt=Y(21/22) vtstat=3062/733ms tc=Y drp=0mm tcq=0
16:21:30.085 [ISOBUS] addr=0x81 claimed=Y load=14.6% msgs=58173 aiso=1821(1900790ms) xte=0.00m spd=0.00m/s q=0 ggaAge=33 vtgAge=33 xteAge=1900790 xteraw=80:510302FF0F060DFF vt=Y(21/22) vtstat=3063/733ms tc=Y drp=0mm tcq=0
16:21:31.078 [ISOBUS] addr=0x81 claimed=Y load=14.5% msgs=58214 aiso=1822(1901790ms) xte=0.00m spd=0.00m/s q=0 ggaAge=33 vtgAge=33 xteAge=1901790 xteraw=80:510302FF0F060DFF vt=Y(21/22) vtstat=3064/733ms tc=Y drp=0mm tcq=0
16:21:31.760 W] [PR]: NACK-ing PGN request for PGN 60928 because no callback could handle it.
16:21:32.086 [ISOBUS] addr=0x81 claimed=Y load=14.5% msgs=58255 aiso=1823(1902790ms) xte=0.00m spd=0.00m/s q=0 ggaAge=33 vtgAge=33 xteAge=1902790 xteraw=80:510302FF0F060DFF vt=Y(21/22) vtstat=3065/733ms tc=Y drp=0mm tcq=0
16:21:33.085 [ISOBUS] addr=0x81 claimed=Y load=13.7% msgs=58296 aiso=1824(1903790ms) xte=0.00m spd=0.00m/s q=0 ggaAge=33 vtgAge=33 xteAge=1903790 xteraw=80:510302FF0F060DFF vt=Y(21/22) vtstat=3066/733ms tc=Y drp=0mm tcq=0
16:21:33.759 W] [PR]: NACK-ing PGN request for PGN 60928 because no callback could handle it.
16:21:33.829 W] [VT]: Server response to a command timed out
16:21:34.076 [ISOBUS] addr=0x81 claimed=Y load=13.7% msgs=58337 aiso=1825(1904790ms) xte=0.00m spd=0.00m/s q=0 ggaAge=33 vtgAge=33 xteAge=1904790 xteraw=80:510302FF0F060DFF vt=Y(21/22) vtstat=3067/733ms tc=Y drp=0mm tcq=0
16:21:35.080 [ISOBUS] addr=0x81 claimed=Y load=13.8% msgs=58378 aiso=1826(1905790ms) xte=0.00m spd=0.00m/s q=0 ggaAge=33 vtgAge=33 xteAge=1905790 xteraw=80:510302FF0F060DFF vt=Y(21/22) vtstat=3068/733ms tc=Y drp=0mm tcq=0
16:21:35.326 W] [VT]: Server response to a command timed out
16:21:36.098 [ISOBUS] addr=0x81 claimed=Y load=13.5% msgs=58419 aiso=1827(1906790ms) xte=0.00m spd=0.00m/s q=0 ggaAge=33 vtgAge=33 xteAge=1906790 xteraw=80:510302FF0F060DFF vt=Y(21/22) vtstat=3069/733ms tc=Y drp=0mm tcq=0
16:21:36.734 W] [PR]: NACK-ing PGN request for PGN 60928 because no callback could handle it.
16:21:36.823 W] [VT]: Server response to a command timed out
16:21:37.082 [ISOBUS] addr=0x81 claimed=Y load=13.7% msgs=58460 aiso=1828(1907790ms) xte=0.00m spd=0.00m/s q=0 ggaAge=33 vtgAge=33 xteAge=1907790 xteraw=80:510302FF0F060DFF vt=Y(21/22) vtstat=3070/733ms tc=Y drp=0mm tcq=0
16:21:38.091 [ISOBUS] addr=0x81 claimed=Y load=13.5% msgs=58501 aiso=1829(1908790ms) xte=0.00m spd=0.00m/s q=0 ggaAge=25 vtgAge=25 xteAge=1908790 xteraw=80:510302FF0F060DFF vt=Y(21/22) vtstat=3071/733ms tc=Y drp=0mm tcq=0
16:21:38.342 W] [VT]: Server response to a command timed out
16:21:38.753 W] [PR]: NACK-ing PGN request for PGN 60928 because no callback could handle it.
16:21:39.071 [ISOBUS] addr=0x81 claimed=Y load=13.7% msgs=58542 aiso=1830(1909790ms) xte=0.00m spd=0.00m/s q=0 ggaAge=33 vtgAge=33 xteAge=1909790 xteraw=80:510302FF0F060DFF vt=Y(21/22) vtstat=3072/733ms tc=Y drp=0mm tcq=0
16:21:39.818 W] [VT]: Server response to a command timed out
16:21:40.085 [ISOBUS] addr=0x81 claimed=Y load=13.5% msgs=58583 aiso=1831(1910790ms) xte=0.00m spd=0.00m/s q=0 ggaAge=33 vtgAge=33 xteAge=1910790 xteraw=80:510302FF0F060DFF vt=Y(21/22) vtstat=3073/733ms tc=Y drp=0mm tcq=0
16:21:41.101 [ISOBUS] addr=0x81 claimed=Y load=13.6% msgs=58624 aiso=1832(1911790ms) xte=0.00m spd=0.00m/s q=0 ggaAge=25 vtgAge=25 xteAge=1911790 xteraw=80:510302FF0F060DFF vt=Y(21/22) vtstat=3074/733ms tc=Y drp=0mm tcq=0
16:21:41.335 W] [VT]: Server response to a command timed out
16:21:41.754 W] [PR]: NACK-ing PGN request for PGN 60928 because no callback could handle it.
16:21:42.099 [ISOBUS] addr=0x81 claimed=Y load=13.6% msgs=58665 aiso=1833(1912790ms) xte=0.00m spd=0.00m/s q=0 ggaAge=33 vtgAge=33 xteAge=1912790 xteraw=80:510302FF0F060DFF vt=Y(21/22) vtstat=3075/733ms tc=Y drp=0mm tcq=0
16:21:42.816 W] [VT]: Server response to a command timed out
16:21:43.066 [ISOBUS] addr=0x81 claimed=Y load=13.6% msgs=58706 aiso=1834(1913790ms) xte=0.00m spd=0.00m/s q=0 ggaAge=33 vtgAge=33 xteAge=1913790 xteraw=80:510302FF0F060DFF vt=Y(21/22) vtstat=3076/733ms tc=Y drp=0mm tcq=0
16:21:43.752 W] [PR]: NACK-ing PGN request for PGN 60928 because no callback could handle it.
16:21:44.068 [ISOBUS] addr=0x81 claimed=Y load=13.6% msgs=58747 aiso=1835(1914790ms) xte=0.00m spd=0.00m/s q=0 ggaAge=33 vtgAge=33 xteAge=1914790 xteraw=80:510302FF0F060DFF vt=Y(21/22) vtstat=3077/733ms tc=Y drp=0mm tcq=0
16:21:44.325 W] [VT]: Server response to a command timed out
16:21:45.090 [ISOBUS] addr=0x81 claimed=Y load=13.9% msgs=58788 aiso=1836(1915790ms) xte=0.00m spd=0.00m/s q=0 ggaAge=33 vtgAge=33 xteAge=1915790 xteraw=80:510302FF0F060DFF vt=Y(21/22) vtstat=3078/733ms tc=Y drp=0mm tcq=0
16:21:45.847 W] [VT]: Server response to a command timed out
16:21:46.086 [ISOBUS] addr=0x81 claimed=Y load=13.5% msgs=58829 aiso=1837(1916790ms) xte=0.00m spd=0.00m/s q=0 ggaAge=33 vtgAge=33 xteAge=1916790 xteraw=80:510302FF0F060DFF vt=Y(21/22) vtstat=3079/733ms tc=Y drp=0mm tcq=0
16:21:46.767 W] [PR]: NACK-ing PGN request for PGN 60928 because no callback could handle it.
16:21:47.076 [ISOBUS] addr=0x81 claimed=Y load=13.7% msgs=58870 aiso=1838(1917790ms) xte=0.00m spd=0.00m/s q=0 ggaAge=33 vtgAge=33 xteAge=1917790 xteraw=80:510302FF0F060DFF vt=Y(21/22) vtstat=3080/733ms tc=Y drp=0mm tcq=0
16:21:47.326 W] [VT]: Server response to a command timed out
16:21:48.090 [ISOBUS] addr=0x81 claimed=Y load=13.5% msgs=58911 aiso=1839(1918790ms) xte=0.00m spd=0.00m/s q=0 ggaAge=33 vtgAge=33 xteAge=1918790 xteraw=80:510302FF0F060DFF vt=Y(21/22) vtstat=3081/733ms tc=Y drp=0mm tcq=0
16:21:48.736 W] [PR]: NACK-ing PGN request for PGN 60928 because no callback could handle it.
16:21:48.831 W] [VT]: Server response to a command timed out
16:21:49.086 [ISOBUS] addr=0x81 claimed=Y load=13.7% msgs=58952 aiso=1840(1919790ms) xte=0.00m spd=0.00m/s q=0 ggaAge=33 vtgAge=33 xteAge=1919790 xteraw=80:510302FF0F060DFF vt=Y(21/22) vtstat=3082/733ms tc=Y drp=0mm tcq=0
16:21:50.069 [ISOBUS] addr=0x81 claimed=Y load=13.5% msgs=58993 aiso=1841(1920790ms) xte=0.00m spd=0.00m/s q=0 ggaAge=33 vtgAge=33 xteAge=1920790 xteraw=80:510302FF0F060DFF vt=Y(21/22) vtstat=3083/733ms tc=Y drp=0mm tcq=0
16:21:50.338 W] [VT]: Server response to a command timed out
16:21:51.079 [ISOBUS] addr=0x81 claimed=Y load=13.9% msgs=59034 aiso=1842(1921790ms) xte=0.00m spd=0.00m/s q=0 ggaAge=33 vtgAge=33 xteAge=1921790 xteraw=80:510302FF0F060DFF vt=Y(21/22) vtstat=3084/729ms tc=Y drp=0mm tcq=0
16:21:51.235 I] [NM]: Control function with address 128 and NAME 000000000000000lx is now offline on channel 203452081.
16:21:51.237 I] [NM]: Control function with address 172 and NAME 000000000000000lx is now offline on channel 197275905.
16:21:51.239 I] [NM]: Control function with address 205 and NAME 000000000000000lx is now offline on channel 198344577.
16:21:51.239 I] [NM]: Control function with address 233 and NAME 000000000000000lx is now offline on channel 203452081.
16:21:51.241 I] [NM]: Control function with address 245 and NAME 000000000000000lx is now offline on channel 203452081.
16:21:51.753 W] [PR]: NACK-ing PGN request for PGN 60928 because no callback could handle it.
16:21:51.836 W] [VT]: Server response to a command timed out
16:21:52.086 [ISOBUS] addr=0x81 claimed=Y load=13.6% msgs=59075 aiso=1843(1922790ms) xte=0.00m spd=0.00m/s q=0 ggaAge=33 vtgAge=33 xteAge=1922790 xteraw=80:510302FF0F060DFF vt=Y(21/22) vtstat=3084/1729ms tc=Y drp=0mm tcq=0
16:21:53.089 [ISOBUS] addr=0x81 claimed=Y load=13.6% msgs=59116 aiso=1844(1923790ms) xte=0.00m spd=0.00m/s q=0 ggaAge=33 vtgAge=33 xteAge=1923790 xteraw=80:510302FF0F060DFF vt=Y(21/22) vtstat=3084/2729ms tc=Y drp=0mm tcq=0
16:21:53.318 W] [VT]: Server response to a command timed out
16:21:53.350 E] [VT]: Status Timeout
16:21:53.350 VT: partner 0x26 silent -- requesting address claims to find another VT
16:21:53.350 I] [NM]: External control function with name 000000000000000lx has claimed address 203452081 on channel 2147516416.
16:21:53.350 W] [AC]: Address violation for address 129
16:21:53.350 I] [NM]: External control function with name 000000000000000lx has claimed address 203452081 on channel 536903720.
16:21:53.350 I] [NM]: External control function with name 000000000000000lx has claimed address 203452081 on channel 2147491072.
16:21:54.072 [ISOBUS] addr=0x81 claimed=Y load=14.0% msgs=59157 aiso=1845(1924790ms) xte=0.00m spd=0.00m/s q=0 ggaAge=33 vtgAge=33 xteAge=1924790 xteraw=80:510302FF0F060DFF vt=N(1/22) vtstat=3084/3729ms tc=Y drp=0mm tcq=0
16:21:54.353 VT: partner 0x26 silent, VT at 0x80 alive -- switching to it
16:21:54.370 I] [VT]: VT Client connection has been terminated.
16:21:54.371 I] [NM]: A partner with name 000000000000000lx has claimed address 2147491072 on channel 203452081.
16:21:55.086 [ISOBUS] addr=0x81 claimed=Y load=13.8% msgs=59198 aiso=1846(1925790ms) xte=0.00m spd=0.00m/s q=0 ggaAge=33 vtgAge=33 xteAge=1925790 xteraw=80:510302FF0F060DFF vt=N(1/22) vtstat=3085/729ms tc=Y drp=0mm tcq=0
16:21:55.387 I] [VT]: VT Server has a matching label for MW08   . It will be loaded and upload will be skipped.
16:21:55.389 I] [VT]: Loaded object pool version from VT non-volatile memory with no errors.
16:21:56.075 [ISOBUS] addr=0x81 claimed=Y load=15.4% msgs=59241 aiso=1847(1926790ms) xte=0.00m spd=0.00m/s q=0 ggaAge=33 vtgAge=33 xteAge=1926790 xteraw=80:510302FF0F060DFF vt=Y(21/22) vtstat=3087/533ms tc=Y drp=0mm tcq=0
16:21:56.744 W] [PR]: NACK-ing PGN request for PGN 60928 because no callback could handle it.
16:21:57.086 [ISOBUS] addr=0x81 claimed=Y load=14.6% msgs=59282 aiso=1848(1927790ms) xte=0.00m spd=0.00m/s q=0 ggaAge=25 vtgAge=25 xteAge=1927790 xteraw=80:510302FF0F060DFF vt=Y(21/22) vtstat=3088/729ms tc=Y drp=0mm tcq=0
16:21:58.049 I] [NM]: Control function with address 38 and NAME 000000000000000lx is now offline on channel 197275905.
16:21:58.049 I] [NM]: Control function with address 233 and NAME 000000000000000lx is now offline on channel 203452081.
16:21:58.049 I] [NM]: Control function with address 245 and NAME 000000000000000lx is now offline on channel 203452081.
16:21:58.074 [ISOBUS] addr=0x81 claimed=Y load=14.7% msgs=59323 aiso=1849(1928790ms) xte=0.00m spd=0.00m/s q=0 ggaAge=33 vtgAge=33 xteAge=1928790 xteraw=80:510302FF0F060DFF vt=Y(21/22) vtstat=3089/733ms tc=Y drp=0mm tcq=0
16:21:58.741 W] [PR]: NACK-ing PGN request for PGN 60928 because no callback could handle it.
16:21:59.069 [ISOBUS] addr=0x81 claimed=Y load=14.6% msgs=59364 aiso=1850(1929790ms) xte=0.00m spd=0.00m/s q=0 ggaAge=33 vtgAge=33 xteAge=1929790 xteraw=80:510302FF0F060DFF vt=Y(21/22) vtstat=3090/733ms tc=Y drp=0mm tcq=0
16:21:59.721 I] [NM]: External control function with name 000000000000000lx has claimed address 198344577 on channel 2684363008.
16:21:59.721 I] [NM]: External control function with name 000000000000000lx has claimed address 197275905 on channel 536876800.
16:22:00.094 [ISOBUS] addr=0x81 claimed=Y load=14.5% msgs=59405 aiso=1851(1930790ms) xte=0.00m spd=0.00m/s q=0 ggaAge=33 vtgAge=33 xteAge=1930790 xteraw=80:510302FF0F060DFF vt=Y(21/22) vtstat=3091/729ms tc=Y drp=0mm tcq=0
16:22:00.775 W] [TP]: Received a Request to Send (RTS) message with a global destination, ignoring
16:22:01.066 [ISOBUS] addr=0x81 claimed=Y load=14.9% msgs=59446 aiso=1852(1931790ms) xte=0.00m spd=0.00m/s q=0 ggaAge=33 vtgAge=33 xteAge=1931790 xteraw=80:510302FF0F060DFF vt=Y(21/22) vtstat=3092/729ms tc=Y drp=0mm tcq=0
16:22:01.768 W] [PR]: NACK-ing PGN request for PGN 60928 because no callback could handle it.
16:22:02.085 W] [TP]: Received a Request to Send (RTS) message with a global destination, ignoring
16:22:02.085 [ISOBUS] addr=0x81 claimed=Y load=14.6% msgs=59487 aiso=1853(1932790ms) xte=0.00m spd=0.00m/s q=0 ggaAge=33 vtgAge=33 xteAge=1932790 xteraw=80:510302FF0F060DFF vt=Y(21/22) vtstat=3093/733ms tc=Y drp=0mm tcq=0
16:22:03.069 [ISOBUS] addr=0x81 claimed=Y load=14.9% msgs=59528 aiso=1854(1933790ms) xte=0.00m spd=0.00m/s q=0 ggaAge=33 vtgAge=33 xteAge=1933790 xteraw=80:510302FF0F060DFF vt=Y(21/22) vtstat=3094/733ms tc=Y drp=0mm tcq=0
16:22:03.337 W] [TP]: Received a Request to Send (RTS) message with a global destination, ignoring
16:22:03.736 W] [PR]: NACK-ing PGN request for PGN 60928 because no callback could handle it.
16:22:04.070 [ISOBUS] addr=0x81 claimed=Y load=14.8% msgs=59569 aiso=1855(1934790ms) xte=0.00m spd=0.00m/s q=0 ggaAge=33 vtgAge=33 xteAge=1934790 xteraw=80:510302FF0F060DFF vt=Y(21/22) vtstat=3095/729ms tc=Y drp=0mm tcq=0
16:22:04.616 W] [TP]: Received an Abort message with a global destination, ignoring
16:22:04.617 W] [TP]: Received a Request to Send (RTS) message with a global destination, ignoring
16:22:05.070 [ISOBUS] addr=0x81 claimed=Y load=15.3% msgs=59613 aiso=1856(1935790ms) xte=0.00m spd=0.00m/s q=0 ggaAge=33 vtgAge=33 xteAge=1935790 xteraw=80:510302FF0F060DFF vt=Y(21/22) vtstat=3096/717ms tc=Y drp=0mm tcq=0
16:22:05.902 W] [TP]: Received a Request to Send (RTS) message with a global destination, ignoring
16:22:06.068 [ISOBUS] addr=0x81 claimed=Y load=14.9% msgs=59654 aiso=1857(1936790ms) xte=0.00m spd=0.00m/s q=0 ggaAge=34 vtgAge=34 xteAge=1936790 xteraw=80:510302FF0F060DFF vt=Y(21/22) vtstat=3097/734ms tc=Y drp=0mm tcq=0
16:22:06.750 W] [PR]: NACK-ing PGN request for PGN 60928 because no callback could handle it.
16:22:07.088 [ISOBUS] addr=0x81 claimed=Y load=14.7% msgs=59695 aiso=1858(1937790ms) xte=0.00m spd=0.00m/s q=0 ggaAge=34 vtgAge=34 xteAge=1937790 xteraw=80:510302FF0F060DFF vt=Y(21/22) vtstat=3098/730ms tc=Y drp=0mm tcq=0
16:22:07.190 W] [TP]: Received a Request to Send (RTS) message with a global destination, ignoring
16:22:08.085 [ISOBUS] addr=0x81 claimed=Y load=14.8% msgs=59736 aiso=1859(1938790ms) xte=0.00m spd=0.00m/s q=0 ggaAge=34 vtgAge=34 xteAge=1938790 xteraw=80:510302FF0F060DFF vt=Y(21/22) vtstat=3099/734ms tc=Y drp=0mm tcq=0
16:22:08.464 W] [TP]: Received an Abort message with a global destination, ignoring
16:22:08.502 W] [TP]: Received a Request to Send (RTS) message with a global destination, ignoring
16:22:08.750 W] [PR]: NACK-ing PGN request for PGN 60928 because no callback could handle it.
16:22:09.087 [ISOBUS] addr=0x81 claimed=Y load=14.9% msgs=59777 aiso=1860(1939790ms) xte=0.00m spd=0.00m/s q=0 ggaAge=34 vtgAge=34 xteAge=1939790 xteraw=80:510302FF0F060DFF vt=Y(21/22) vtstat=3100/730ms tc=Y drp=0mm tcq=0
16:22:09.756 W] [TP]: Received a Request to Send (RTS) message with a global destination, ignoring
16:22:10.087 [ISOBUS] addr=0x81 claimed=Y load=14.8% msgs=59818 aiso=1861(1940790ms) xte=0.00m spd=0.00m/s q=0 ggaAge=34 vtgAge=34 xteAge=1940790 xteraw=80:510302FF0F060DFF vt=Y(21/22) vtstat=3101/734ms tc=Y drp=0mm tcq=0
16:22:10.987 W] [TP]: Received a Request to Send (RTS) message with a global destination, ignoring
16:22:11.083 [ISOBUS] addr=0x81 claimed=Y load=14.8% msgs=59859 aiso=1862(1941790ms) xte=0.00m spd=0.00m/s q=0 ggaAge=34 vtgAge=34 xteAge=1941790 xteraw=80:510302FF0F060DFF vt=Y(21/22) vtstat=3102/734ms tc=Y drp=0mm tcq=0
16:22:11.751 W] [PR]: NACK-ing PGN request for PGN 60928 because no callback could handle it.
16:22:12.068 [ISOBUS] addr=0x81 claimed=Y load=14.7% msgs=59900 aiso=1863(1942790ms) xte=0.00m spd=0.00m/s q=0 ggaAge=34 vtgAge=34 xteAge=1942790 xteraw=80:510302FF0F060DFF vt=Y(21/22) vtstat=3103/734ms tc=Y drp=0mm tcq=0
16:22:12.259 W] [TP]: Received an Abort message with a global destination, ignoring
16:22:12.295 W] [TP]: Received a Request to Send (RTS) message with a global destination, ignoring
16:22:13.070 [ISOBUS] addr=0x81 claimed=Y load=14.8% msgs=59941 aiso=1864(1943790ms) xte=0.00m spd=0.00m/s q=0 ggaAge=34 vtgAge=34 xteAge=1943790 xteraw=80:510302FF0F060DFF vt=Y(21/22) vtstat=3104/734ms tc=Y drp=0mm tcq=0
16:22:13.579 W] [TP]: Received a Request to Send (RTS) message with a global destination, ignoring
16:22:13.766 W] [PR]: NACK-ing PGN request for PGN 60928 because no callback could handle it.
16:22:14.101 [ISOBUS] addr=0x81 claimed=Y load=14.9% msgs=59982 aiso=1865(1944790ms) xte=0.00m spd=0.00m/s q=0 ggaAge=34 vtgAge=34 xteAge=1944790 xteraw=80:510302FF0F060DFF vt=Y(21/22) vtstat=3105/734ms tc=Y drp=0mm tcq=0
16:22:14.844 W] [TP]: Received a Request to Send (RTS) message with a global destination, ignoring
16:22:15.094 [ISOBUS] addr=0x81 claimed=Y load=15.2% msgs=60026 aiso=1866(1945790ms) xte=0.00m spd=0.00m/s q=0 ggaAge=30 vtgAge=30 xteAge=1945790 xteraw=80:510302FF0F060DFF vt=Y(21/22) vtstat=3106/730ms tc=Y drp=0mm tcq=0
16:22:16.077 [ISOBUS] addr=0x81 claimed=Y load=14.6% msgs=60067 aiso=1867(1946790ms) xte=0.00m spd=0.00m/s q=0 ggaAge=34 vtgAge=34 xteAge=1946790 xteraw=80:510302FF0F060DFF vt=Y(21/22) vtstat=3107/730ms tc=Y drp=0mm tcq=0
16:22:16.141 W] [TP]: Received an Abort message with a global destination, ignoring
16:22:16.143 W] [TP]: Received a Request to Send (RTS) message with a global destination, ignoring
16:22:16.758 W] [PR]: NACK-ing PGN request for PGN 60928 because no callback could handle it.
16:22:17.074 [ISOBUS] addr=0x81 claimed=Y load=14.9% msgs=60108 aiso=1868(1947790ms) xte=0.00m spd=0.00m/s q=0 ggaAge=34 vtgAge=34 xteAge=1947790 xteraw=80:510302FF0F060DFF vt=Y(21/22) vtstat=3108/734ms tc=Y drp=0mm tcq=0
16:22:17.404 W] [TP]: Received a Request to Send (RTS) message with a global destination, ignoring
16:22:18.075 [ISOBUS] addr=0x81 claimed=Y load=14.8% msgs=60149 aiso=1869(1948790ms) xte=0.00m spd=0.00m/s q=0 ggaAge=34 vtgAge=34 xteAge=1948790 xteraw=80:510302FF0F060DFF vt=Y(21/22) vtstat=3109/730ms tc=Y drp=0mm tcq=0
16:22:18.704 W] [TP]: Received a Request to Send (RTS) message with a global destination, ignoring
16:22:18.761 W] [PR]: NACK-ing PGN request for PGN 60928 because no callback could handle it.
16:22:19.082 [ISOBUS] addr=0x81 claimed=Y load=14.9% msgs=60190 aiso=1870(1949790ms) xte=0.00m spd=0.00m/s q=0 ggaAge=34 vtgAge=34 xteAge=1949790 xteraw=80:510302FF0F060DFF vt=Y(21/22) vtstat=3110/730ms tc=Y drp=0mm tcq=0
16:22:19.921 ### sending keys: x1q
16:22:21.245 === ISOBUS DEBUG MENU ===
16:22:21.247 1. Full status dump
16:22:21.248 2. Periodic summary line (ON - press to toggle)
16:22:21.248 3. Reset message counters
16:22:21.248 4. Dump DDOP as hex (open in AgIsoDDOPGenerator)
16:22:21.248 5. Dump VT object pool as hex
16:22:21.248 q. Exit
16:22:21.248 W] [TP]: Received an Abort message with a global destination, ignoring
16:22:21.248 W] [TP]: Received a Request to Send (RTS) message with a global destination, ignoring
16:22:21.248 === ISOBUS STATUS ===
16:22:21.248 Address claim: CLAIMED  address=0x81
16:22:21.248 CAN controller: error-active  TX err 0 (peak 245)  RX err 0 (peak 69)
16:22:21.248   error-passive entries: 3  bus-off entries: 0  longest episode: 67055 ms
16:22:21.248 Bus load (ch0): 14.9 %
16:22:21.254 --- Message counters ---
16:22:21.254   PGN 129025 Position NMEA2000: 0
16:22:21.254   PGN 129026 Speed NMEA2000:    0
16:22:21.254   PGN 129283 XTE NMEA2000:      192
16:22:21.254   PGN 65267  Position legacy:   12959
16:22:21.254   PGN 65256  Speed legacy:      12959   last SA=0x80 raw=0x0
16:22:21.254   PGN 65535  all senders:       12959   last SA=0x80
16:22:21.254   PGN 65535  XTE carrier 0x2A:  0   (none decoded)
16:22:21.254              raw SA=0x80 word=0xFFF byte1=0x3 payload 510302FF0F060DFF  (58 ms ago)
16:22:21.254   PGN 60160  XTE Trimble legacy:578   last SA=0xAC
16:22:21.254   PGN 64770  AISO stop:         1871   last 1950814 ms ago
16:22:21.254   TOTAL:                        60231
16:22:21.254 --- Guidance telemetry ---
16:22:21.254   XTE:          0.00 m
16:22:21.254   Speed:        0.00 m/s (0.00 kn)
16:22:21.254   Quality:      0   RTK quality=4  PGN 129029 GNSS position: (none received)
16:22:21.254   PGN 129027 position deltas: 0
16:22:21.264   Guidance machine info (PGN 44032): 18713 msgs, last 50 ms ago
16:22:21.264     lockout=YES/READY  steeringReady=n/a  remoteEngage=n/a  curvature=-17.00 1/km
16:22:21.264   IsRtkQuality=N
16:22:21.264   GGA fix age:  58 ms
16:22:21.264   VTG fix age:  58 ms
16:22:21.264   XTE fix age:  1950814 ms
16:22:21.264   Lat/Lon/Alt/Course: 53.442230 / 6.755487 / 4.4 m / 301.6 deg
16:22:21.267 --- Virtual Terminal ---
16:22:21.267   Connected:    Y
16:22:21.268   State:        21/22  Connected
16:22:21.268   VT version:  3
16:22:21.268   VT status msgs: 3111   last 758 ms ago
16:22:21.268   Partner: addr=0x80 valid=Y  reconnect attempts=0
16:22:21.268   VT failover: switches=3 claim requests=7
16:22:21.270 --- Lightbar emulation (Ag Leader L160, PGN 65462) ---
16:22:21.270   Address claim: CLAIMED  address=0xDC
16:22:21.271   Display partner: 0xF5  identification requests=22 answered=22 unknown=0  last DID=0x8015  hello=Y
16:22:21.271   Sent: frames=1207 failures=1 heartbeats=1166 softwareId=Y  proprietary A from display=0
16:22:21.272   PGN 65462 XTE: frames=0 committed=0
16:22:21.272 --- Task Controller ---
16:22:21.272   Connected:    Y
16:22:21.272   TC-GEO (with/without pos): Y/N
16:22:21.272   Task active:  Y
16:22:21.272   DRP deviation (DDI 513): 0 mm, last 1950814 ms ago
16:22:21.272   GNSS quality (DDI 514):  0, last 1950814 ms ago
16:22:21.272   [via stack] Value cmds to handler: 0  last DDI=(none)
16:22:21.272   [via stack] Value req callbacks:  0   (mostly AgIsoStack's own re-polling -- NOT bus traffic)
16:22:21.272   [on bus] Requests for our values: 0
16:22:21.272   [on bus] Set-value commands:      0
16:22:21.272   [on bus] Measurement commands:    0  (none)
16:22:21.278   [on bus] Other, addressed to us:  18
16:22:21.278   Partner: addr=0xF7 valid=Y  reconnect attempts=35
16:22:21.278   Tramline setpoint (DDI 506): (none yet -- no Tramline Control seen on this terminal)
16:22:21.278   Guidance track (DDI 507-511): (none yet)
16:22:21.280 === ISOBUS DEBUG MENU ===
16:22:21.280 1. Full status dump
16:22:21.282 2. Periodic summary line (ON - press to toggle)
16:22:21.282 3. Reset message counters
16:22:21.282 4. Dump DDOP as hex (open in AgIsoDDOPGenerator)
16:22:21.282 5. Dump VT object pool as hex
16:22:21.283 q. Exit
16:22:21.283 Exiting.
16:22:21.285 [ISOBUS] addr=0x81 claimed=Y load=14.9% msgs=60239 aiso=1871(1950967ms) xte=0.00m spd=0.00m/s q=0 ggaAge=11 vtgAge=11 xteAge=1950967 xteraw=80:510302FF0F060DFF vt=Y(21/22) vtstat=3111/911ms tc=Y drp=0mm tcq=0
16:22:21.285 [ISOBUS] addr=0x81 claimed=Y load=14.6% msgs=60280 aiso=1872(1951967ms) xte=0.00m spd=0.00m/s q=0 ggaAge=11 vtgAge=11 xteAge=1951967 xteraw=80:510302FF0F060DFF vt=Y(21/22) vtstat=3112/907ms tc=Y drp=0mm tcq=0
16:22:21.286 W] [TP]: Received a Request to Send (RTS) message with a global destination, ignoring
16:22:21.767 W] [PR]: NACK-ing PGN request for PGN 60928 because no callback could handle it.
16:22:22.270 [ISOBUS] addr=0x81 claimed=Y load=14.9% msgs=60321 aiso=1873(1952967ms) xte=0.00m spd=0.00m/s q=0 ggaAge=11 vtgAge=11 xteAge=1952967 xteraw=80:510302FF0F060DFF vt=Y(21/22) vtstat=3113/911ms tc=Y drp=0mm tcq=0
16:22:22.854 W] [TP]: Received a Request to Send (RTS) message with a global destination, ignoring
16:22:23.271 [ISOBUS] addr=0x81 claimed=Y load=14.9% msgs=60362 aiso=1874(1953967ms) xte=0.00m spd=0.00m/s q=0 ggaAge=11 vtgAge=11 xteAge=1953967 xteraw=80:510302FF0F060DFF vt=Y(21/22) vtstat=3114/907ms tc=Y drp=0mm tcq=0
16:22:23.755 W] [PR]: NACK-ing PGN request for PGN 60928 because no callback could handle it.
16:22:24.124 W] [TP]: Received an Abort message with a global destination, ignoring
16:22:24.155 W] [TP]: Received a Request to Send (RTS) message with a global destination, ignoring
16:22:24.254 [ISOBUS] addr=0x81 claimed=Y load=15.0% msgs=60403 aiso=1875(1954967ms) xte=0.00m spd=0.00m/s q=0 ggaAge=11 vtgAge=11 xteAge=1954967 xteraw=80:510302FF0F060DFF vt=Y(21/22) vtstat=3115/907ms tc=Y drp=0mm tcq=0
16:22:25.247 [ISOBUS] addr=0x81 claimed=Y load=15.0% msgs=60447 aiso=1876(1955967ms) xte=0.00m spd=0.00m/s q=0 ggaAge=11 vtgAge=11 xteAge=1955967 xteraw=80:510302FF0F060DFF vt=Y(21/22) vtstat=3116/911ms tc=Y drp=0mm tcq=0
16:22:25.439 W] [TP]: Received a Request to Send (RTS) message with a global destination, ignoring
16:22:26.258 [ISOBUS] addr=0x81 claimed=Y load=14.8% msgs=60488 aiso=1877(1956967ms) xte=0.00m spd=0.00m/s q=0 ggaAge=11 vtgAge=11 xteAge=1956967 xteraw=80:510302FF0F060DFF vt=Y(21/22) vtstat=3117/907ms tc=Y drp=0mm tcq=0
16:22:26.665 W] [TP]: Received a Request to Send (RTS) message with a global destination, ignoring
16:22:26.768 W] [PR]: NACK-ing PGN request for PGN 60928 because no callback could handle it.
16:22:27.263 [ISOBUS] addr=0x81 claimed=Y load=14.9% msgs=60529 aiso=1878(1957967ms) xte=0.00m spd=0.00m/s q=0 ggaAge=11 vtgAge=11 xteAge=1957967 xteraw=80:510302FF0F060DFF vt=Y(21/22) vtstat=3118/911ms tc=Y drp=0mm tcq=0
16:22:27.955 W] [TP]: Received an Abort message with a global destination, ignoring
16:22:27.955 W] [TP]: Received a Request to Send (RTS) message with a global destination, ignoring
16:22:28.270 [ISOBUS] addr=0x81 claimed=Y load=14.9% msgs=60570 aiso=1879(1958967ms) xte=0.00m spd=0.00m/s q=0 ggaAge=11 vtgAge=11 xteAge=1958967 xteraw=80:510302FF0F060DFF vt=Y(21/22) vtstat=3119/911ms tc=Y drp=0mm tcq=0
16:22:28.743 W] [PR]: NACK-ing PGN request for PGN 60928 because no callback could handle it.
16:22:29.258 W] [TP]: Received a Request to Send (RTS) message with a global destination, ignoring
16:22:29.258 [ISOBUS] addr=0x81 claimed=Y load=14.7% msgs=60611 aiso=1880(1959967ms) xte=0.00m spd=0.00m/s q=0 ggaAge=11 vtgAge=11 xteAge=1959967 xteraw=80:510302FF0F060DFF vt=Y(21/22) vtstat=3120/907ms tc=Y drp=0mm tcq=0
16:22:30.246 [ISOBUS] addr=0x81 claimed=Y load=14.7% msgs=60652 aiso=1881(1960967ms) xte=0.00m spd=0.00m/s q=0 ggaAge=11 vtgAge=11 xteAge=1960967 xteraw=80:510302FF0F060DFF vt=Y(21/22) vtstat=3121/911ms tc=Y drp=0mm tcq=0
16:22:30.505 W] [TP]: Received a Request to Send (RTS) message with a global destination, ignoring
16:22:31.259 [ISOBUS] addr=0x81 claimed=Y load=14.7% msgs=60693 aiso=1882(1961967ms) xte=0.00m spd=0.00m/s q=0 ggaAge=11 vtgAge=11 xteAge=1961967 xteraw=80:510302FF0F060DFF vt=Y(21/22) vtstat=3122/907ms tc=Y drp=0mm tcq=0
16:22:31.748 W] [PR]: NACK-ing PGN request for PGN 60928 because no callback could handle it.
16:22:31.788 W] [TP]: Received an Abort message with a global destination, ignoring
16:22:31.788 W] [TP]: Received a Request to Send (RTS) message with a global destination, ignoring
16:22:32.247 [ISOBUS] addr=0x81 claimed=Y load=14.9% msgs=60734 aiso=1883(1962967ms) xte=0.00m spd=0.00m/s q=0 ggaAge=11 vtgAge=11 xteAge=1962967 xteraw=80:510302FF0F060DFF vt=Y(21/22) vtstat=3123/911ms tc=Y drp=0mm tcq=0
16:22:33.069 W] [TP]: Received a Request to Send (RTS) message with a global destination, ignoring
16:22:33.270 [ISOBUS] addr=0x81 claimed=Y load=14.7% msgs=60775 aiso=1884(1963967ms) xte=0.00m spd=0.00m/s q=0 ggaAge=11 vtgAge=11 xteAge=1963967 xteraw=80:510302FF0F060DFF vt=Y(21/22) vtstat=3124/907ms tc=Y drp=0mm tcq=0
16:22:33.772 W] [PR]: NACK-ing PGN request for PGN 60928 because no callback could handle it.
16:22:34.248 [ISOBUS] addr=0x81 claimed=Y load=14.8% msgs=60816 aiso=1885(1964967ms) xte=0.00m spd=0.00m/s q=0 ggaAge=11 vtgAge=11 xteAge=1964967 xteraw=80:510302FF0F060DFF vt=Y(21/22) vtstat=3125/911ms tc=Y drp=0mm tcq=0
16:22:34.353 W] [TP]: Received a Request to Send (RTS) message with a global destination, ignoring
16:22:35.272 [ISOBUS] addr=0x81 claimed=Y load=15.1% msgs=60860 aiso=1886(1965967ms) xte=0.00m spd=0.00m/s q=0 ggaAge=11 vtgAge=11 xteAge=1965967 xteraw=80:510302FF0F060DFF vt=Y(21/22) vtstat=3126/907ms tc=Y drp=0mm tcq=0
16:22:35.636 W] [TP]: Received an Abort message with a global destination, ignoring
16:22:36.259 [ISOBUS] addr=0x81 claimed=Y load=14.6% msgs=60901 aiso=1887(1966967ms) xte=0.00m spd=0.00m/s q=0 ggaAge=11 vtgAge=11 xteAge=1966967 xteraw=80:510302FF0F060DFF vt=Y(21/22) vtstat=3127/907ms tc=Y drp=0mm tcq=0
16:22:36.419 ### sending keys: x1q
16:22:37.261 === ISOBUS DEBUG MENU ===
16:22:37.261 1. Full status dump
16:22:37.263 2. Periodic summary line (ON - press to toggle)
16:22:37.263 3. Reset message counters
16:22:37.263 4. Dump DDOP as hex (open in AgIsoDDOPGenerator)
16:22:37.264 5. Dump VT object pool as hex
16:22:37.264 q. Exit
16:22:37.264 === ISOBUS STATUS ===
16:22:37.264 Address claim: CLAIMED  address=0x81
16:22:37.266 CAN controller: error-active  TX err 0 (peak 245)  RX err 0 (peak 69)
16:22:37.266   error-passive entries: 3  bus-off entries: 0  longest episode: 67055 ms
16:22:37.266 Bus load (ch0): 14.7 %
16:22:37.267 --- Message counters ---
16:22:37.267   PGN 129025 Position NMEA2000: 0
16:22:37.267   PGN 129026 Speed NMEA2000:    0
16:22:37.267   PGN 129283 XTE NMEA2000:      194
16:22:37.269   PGN 65267  Position legacy:   13124
16:22:37.269   PGN 65256  Speed legacy:      13124   last SA=0x80 raw=0x0
16:22:37.269   PGN 65535  all senders:       13124   last SA=0x80
16:22:37.270   PGN 65535  XTE carrier 0x2A:  0   (none decoded)
16:22:37.270              raw SA=0x80 word=0xFFF byte1=0x3 payload 510302FF0F060DFF  (47 ms ago)
16:22:37.270   PGN 60160  XTE Trimble legacy:582   last SA=0xAC
16:22:37.272   PGN 64770  AISO stop:         1887   last 1967307 ms ago
16:22:37.272   TOTAL:                        60913
16:22:37.272 --- Guidance telemetry ---
16:22:37.273   XTE:          0.00 m
16:22:37.273   Speed:        0.00 m/s (0.00 kn)
16:22:37.273   Quality:      0   RTK quality=4  PGN 129029 GNSS position: (none received)
16:22:37.273   PGN 129027 position deltas: 0
16:22:37.274   Guidance machine info (PGN 44032): 18878 msgs, last 43 ms ago
16:22:37.274     lockout=YES/READY  steeringReady=n/a  remoteEngage=n/a  curvature=-17.00 1/km
16:22:37.276   IsRtkQuality=N
16:22:37.276   GGA fix age:  51 ms
16:22:37.276   VTG fix age:  51 ms
16:22:37.277   XTE fix age:  1967307 ms
16:22:37.277   Lat/Lon/Alt/Course: 53.442230 / 6.755487 / 4.4 m / 301.6 deg
16:22:37.277 --- Virtual Terminal ---
16:22:37.277   Connected:    Y
16:22:37.278   State:        21/22  Connected
16:22:37.278   VT version:  3
16:22:37.279   VT status msgs: 3128   last 247 ms ago
16:22:37.279   Partner: addr=0x80 valid=Y  reconnect attempts=0
16:22:37.279   VT failover: switches=3 claim requests=7
16:22:37.281 --- Lightbar emulation (Ag Leader L160, PGN 65462) ---
16:22:37.281   Address claim: CLAIMED  address=0xDC
16:22:37.281   Display partner: 0xF5  identification requests=22 answered=22 unknown=0  last DID=0x8015  hello=Y
16:22:37.281   Sent: frames=1217 failures=1 heartbeats=1176 softwareId=Y  proprietary A from display=0
16:22:37.281   PGN 65462 XTE: frames=0 committed=0
16:22:37.281 --- Task Controller ---
16:22:37.281   Connected:    Y
16:22:37.281   TC-GEO (with/without pos): Y/N
16:22:37.281   Task active:  Y
16:22:37.281   DRP deviation (DDI 513): 0 mm, last 1967307 ms ago
16:22:37.281   GNSS quality (DDI 514):  0, last 1967307 ms ago
16:22:37.281   [via stack] Value cmds to handler: 0  last DDI=(none)
16:22:37.281   [via stack] Value req callbacks:  0   (mostly AgIsoStack's own re-polling -- NOT bus traffic)
16:22:37.281   [on bus] Requests for our values: 0
16:22:37.281   [on bus] Set-value commands:      0
16:22:37.281   [on bus] Measurement commands:    0  (none)
16:22:37.281   [on bus] Other, addressed to us:  18
16:22:37.281   Partner: addr=0xF7 valid=Y  reconnect attempts=35
16:22:37.281   Tramline setpoint (DDI 506): (none yet -- no Tramline Control seen on this terminal)
16:22:37.281   Guidance track (DDI 507-511): (none yet)
16:22:37.281 === ISOBUS DEBUG MENU ===
16:22:37.281 1. Full status dump
16:22:37.281 2. Periodic summary line (ON - press to toggle)
16:22:37.281 3. Reset message counters
16:22:37.281 4. Dump DDOP as hex (open in AgIsoDDOPGenerator)
16:22:37.292 5. Dump VT object pool as hex
16:22:37.292 q. Exit
16:22:37.293 W] [PR]: NACK-ing PGN request for PGN 60928 because no callback could handle it.
16:22:37.293 Exiting.
16:22:37.294 [ISOBUS] addr=0x81 claimed=Y load=14.6% msgs=60942 aiso=1888(1967967ms) xte=0.00m spd=0.00m/s q=0 ggaAge=11 vtgAge=11 xteAge=1967967 xteraw=80:510302FF0F060DFF vt=Y(21/22) vtstat=3128/907ms tc=Y drp=0mm tcq=0
16:22:38.259 [ISOBUS] addr=0x81 claimed=Y load=14.5% msgs=60983 aiso=1889(1968967ms) xte=0.00m spd=0.00m/s q=0 ggaAge=11 vtgAge=11 xteAge=1968967 xteraw=80:510302FF0F060DFF vt=Y(21/22) vtstat=3129/907ms tc=Y drp=0mm tcq=0
16:22:38.760 W] [PR]: NACK-ing PGN request for PGN 60928 because no callback could handle it.
16:22:39.273 [ISOBUS] addr=0x81 claimed=Y load=14.8% msgs=61024 aiso=1890(1969967ms) xte=0.00m spd=0.00m/s q=0 ggaAge=11 vtgAge=7 xteAge=1969967 xteraw=80:510302FF0F060DFF vt=Y(21/22) vtstat=3130/907ms tc=Y drp=0mm tcq=0
16:22:40.270 [ISOBUS] addr=0x81 claimed=Y load=14.4% msgs=61065 aiso=1891(1970967ms) xte=0.00m spd=0.00m/s q=0 ggaAge=11 vtgAge=11 xteAge=1970967 xteraw=80:510302FF0F060DFF vt=Y(21/22) vtstat=3131/907ms tc=Y drp=0mm tcq=0
16:22:41.269 [ISOBUS] addr=0x81 claimed=Y load=14.6% msgs=61105 aiso=1892(1971967ms) xte=0.00m spd=0.00m/s q=0 ggaAge=11 vtgAge=7 xteAge=1971967 xteraw=80:510302FF0F060DFF vt=Y(21/22) vtstat=3132/911ms tc=Y drp=0mm tcq=0
16:22:41.761 W] [PR]: NACK-ing PGN request for PGN 60928 because no callback could handle it.
16:22:42.249 [ISOBUS] addr=0x81 claimed=Y load=14.6% msgs=61147 aiso=1893(1972967ms) xte=0.00m spd=0.00m/s q=0 ggaAge=11 vtgAge=7 xteAge=1972967 xteraw=80:510302FF0F060DFF vt=Y(21/22) vtstat=3133/911ms tc=Y drp=0mm tcq=0
16:22:43.268 [ISOBUS] addr=0x81 claimed=Y load=14.6% msgs=61188 aiso=1894(1973967ms) xte=0.00m spd=0.00m/s q=0 ggaAge=11 vtgAge=11 xteAge=1973967 xteraw=80:510302FF0F060DFF vt=Y(21/22) vtstat=3134/907ms tc=Y drp=0mm tcq=0
16:22:43.765 W] [PR]: NACK-ing PGN request for PGN 60928 because no callback could handle it.
16:22:44.266 [ISOBUS] addr=0x81 claimed=Y load=14.6% msgs=61228 aiso=1895(1974967ms) xte=0.00m spd=0.00m/s q=0 ggaAge=11 vtgAge=11 xteAge=1974967 xteraw=80:510302FF0F060DFF vt=Y(21/22) vtstat=3135/907ms tc=Y drp=0mm tcq=0
16:22:45.263 [ISOBUS] addr=0x81 claimed=Y load=14.8% msgs=61273 aiso=1896(1975967ms) xte=0.00m spd=0.00m/s q=0 ggaAge=11 vtgAge=7 xteAge=1975967 xteraw=80:510302FF0F060DFF vt=Y(21/22) vtstat=3136/911ms tc=Y drp=0mm tcq=0
16:22:46.265 [ISOBUS] addr=0x81 claimed=Y load=14.4% msgs=61314 aiso=1897(1976967ms) xte=0.00m spd=0.00m/s q=0 ggaAge=11 vtgAge=7 xteAge=1976967 xteraw=80:510302FF0F060DFF vt=Y(21/22) vtstat=3137/907ms tc=Y drp=0mm tcq=0
16:22:46.743 W] [PR]: NACK-ing PGN request for PGN 60928 because no callback could handle it.
16:22:47.252 [ISOBUS] addr=0x81 claimed=Y load=14.7% msgs=61354 aiso=1898(1977967ms) xte=0.00m spd=0.00m/s q=0 ggaAge=11 vtgAge=11 xteAge=1977967 xteraw=80:510302FF0F060DFF vt=Y(21/22) vtstat=3138/911ms tc=Y drp=0mm tcq=0
16:22:48.272 [ISOBUS] addr=0x81 claimed=Y load=14.4% msgs=61396 aiso=1899(1978967ms) xte=0.00m spd=0.00m/s q=0 ggaAge=11 vtgAge=7 xteAge=1978967 xteraw=80:510302FF0F060DFF vt=Y(21/22) vtstat=3139/907ms tc=Y drp=0mm tcq=0
16:22:48.747 W] [PR]: NACK-ing PGN request for PGN 60928 because no callback could handle it.
16:22:49.268 [ISOBUS] addr=0x81 claimed=Y load=14.6% msgs=61437 aiso=1900(1979967ms) xte=0.00m spd=0.00m/s q=0 ggaAge=11 vtgAge=11 xteAge=1979967 xteraw=80:510302FF0F060DFF vt=Y(21/22) vtstat=3140/907ms tc=Y drp=0mm tcq=0
16:22:50.266 [ISOBUS] addr=0x81 claimed=Y load=14.3% msgs=61478 aiso=1901(1980967ms) xte=0.00m spd=0.00m/s q=0 ggaAge=11 vtgAge=8 xteAge=1980967 xteraw=80:510302FF0F060DFF vt=Y(21/22) vtstat=3141/907ms tc=Y drp=0mm tcq=0
16:22:51.266 [ISOBUS] addr=0x81 claimed=Y load=14.4% msgs=61518 aiso=1902(1981967ms) xte=0.00m spd=0.00m/s q=0 ggaAge=12 vtgAge=8 xteAge=1981967 xteraw=80:510302FF0F060DFF vt=Y(21/22) vtstat=3142/907ms tc=Y drp=0mm tcq=0
16:22:51.763 W] [PR]: NACK-ing PGN request for PGN 60928 because no callback could handle it.
16:22:52.268 [ISOBUS] addr=0x81 claimed=Y load=14.5% msgs=61559 aiso=1903(1982967ms) xte=0.00m spd=0.00m/s q=0 ggaAge=12 vtgAge=8 xteAge=1982967 xteraw=80:510302FF0F060DFF vt=Y(21/22) vtstat=3143/908ms tc=Y drp=0mm tcq=0
16:22:53.268 [ISOBUS] addr=0x81 claimed=Y load=14.4% msgs=61600 aiso=1904(1983967ms) xte=0.00m spd=0.00m/s q=0 ggaAge=12 vtgAge=8 xteAge=1983967 xteraw=80:510302FF0F060DFF vt=Y(21/22) vtstat=3144/908ms tc=Y drp=0mm tcq=0
16:22:53.774 W] [PR]: NACK-ing PGN request for PGN 60928 because no callback could handle it.
16:22:54.249 [ISOBUS] addr=0x81 claimed=Y load=14.5% msgs=61641 aiso=1905(1984967ms) xte=0.00m spd=0.00m/s q=0 ggaAge=12 vtgAge=8 xteAge=1984967 xteraw=80:510302FF0F060DFF vt=Y(21/22) vtstat=3145/908ms tc=Y drp=0mm tcq=0
16:22:55.256 [ISOBUS] addr=0x81 claimed=Y load=14.7% msgs=61682 aiso=1906(1985967ms) xte=0.00m spd=0.00m/s q=0 ggaAge=12 vtgAge=8 xteAge=1985967 xteraw=80:510302FF0F060DFF vt=Y(21/22) vtstat=3146/908ms tc=Y drp=0mm tcq=0
16:22:56.254 [ISOBUS] addr=0x81 claimed=Y load=14.4% msgs=61723 aiso=1907(1986967ms) xte=0.00m spd=0.00m/s q=0 ggaAge=12 vtgAge=8 xteAge=1986967 xteraw=80:510302FF0F060DFF vt=Y(21/22) vtstat=3147/908ms tc=Y drp=0mm tcq=0
16:22:56.755 W] [PR]: NACK-ing PGN request for PGN 60928 because no callback could handle it.
16:22:57.256 [ISOBUS] addr=0x81 claimed=Y load=14.6% msgs=61764 aiso=1908(1987967ms) xte=0.00m spd=0.00m/s q=0 ggaAge=12 vtgAge=8 xteAge=1987967 xteraw=80:510302FF0F060DFF vt=Y(21/22) vtstat=3148/912ms tc=Y drp=0mm tcq=0
16:22:58.247 [ISOBUS] addr=0x81 claimed=Y load=14.4% msgs=61805 aiso=1909(1988967ms) xte=0.00m spd=0.00m/s q=0 ggaAge=12 vtgAge=8 xteAge=1988967 xteraw=80:510302FF0F060DFF vt=Y(21/22) vtstat=3149/908ms tc=Y drp=0mm tcq=0
16:22:58.747 W] [PR]: NACK-ing PGN request for PGN 60928 because no callback could handle it.
16:22:59.255 [ISOBUS] addr=0x81 claimed=Y load=14.6% msgs=61846 aiso=1910(1989967ms) xte=0.00m spd=0.00m/s q=0 ggaAge=12 vtgAge=8 xteAge=1989967 xteraw=80:510302FF0F060DFF vt=Y(21/22) vtstat=3150/912ms tc=Y drp=0mm tcq=0
16:23:00.274 [ISOBUS] addr=0x81 claimed=Y load=14.3% msgs=61887 aiso=1911(1990967ms) xte=0.00m spd=0.00m/s q=0 ggaAge=8 vtgAge=8 xteAge=1990967 xteraw=80:510302FF0F060DFF vt=Y(21/22) vtstat=3151/912ms tc=Y drp=0mm tcq=0
16:23:01.256 [ISOBUS] addr=0x81 claimed=Y load=14.5% msgs=61928 aiso=1912(1991967ms) xte=0.00m spd=0.00m/s q=0 ggaAge=12 vtgAge=8 xteAge=1991967 xteraw=80:510302FF0F060DFF vt=Y(21/22) vtstat=3152/908ms tc=Y drp=0mm tcq=0
16:23:01.757 W] [PR]: NACK-ing PGN request for PGN 60928 because no callback could handle it.
16:23:02.265 [ISOBUS] addr=0x81 claimed=Y load=14.5% msgs=61969 aiso=1913(1992967ms) xte=0.00m spd=0.00m/s q=0 ggaAge=12 vtgAge=8 xteAge=1992967 xteraw=80:510302FF0F060DFF vt=Y(21/22) vtstat=3153/908ms tc=Y drp=0mm tcq=0
16:23:03.255 [ISOBUS] addr=0x81 claimed=Y load=14.8% msgs=62010 aiso=1914(1993967ms) xte=0.00m spd=0.00m/s q=0 ggaAge=12 vtgAge=8 xteAge=1993967 xteraw=80:510302FF0F060DFF vt=Y(21/22) vtstat=3154/908ms tc=Y drp=0mm tcq=0
16:23:03.700 I] [NM]: Control function with address 172 and NAME 000000000000000lx is now offline on channel 197275905.
16:23:03.700 I] [NM]: Control function with address 205 and NAME 000000000000000lx is now offline on channel 198344577.
16:23:04.260 [ISOBUS] addr=0x81 claimed=Y load=14.4% msgs=62051 aiso=1915(1994967ms) xte=0.00m spd=0.00m/s q=0 ggaAge=8 vtgAge=8 xteAge=1994967 xteraw=80:510302FF0F060DFF vt=Y(21/22) vtstat=3155/908ms tc=Y drp=0mm tcq=0
16:23:05.271 [ISOBUS] addr=0x81 claimed=Y load=14.7% msgs=62092 aiso=1916(1995967ms) xte=0.00m spd=0.00m/s q=0 ggaAge=8 vtgAge=8 xteAge=1995967 xteraw=80:510302FF0F060DFF vt=Y(21/22) vtstat=3156/908ms tc=Y drp=0mm tcq=0
16:23:06.273 [ISOBUS] addr=0x81 claimed=Y load=14.4% msgs=62133 aiso=1917(1996967ms) xte=0.00m spd=0.00m/s q=0 ggaAge=8 vtgAge=8 xteAge=1996967 xteraw=80:510302FF0F060DFF vt=Y(21/22) vtstat=3157/908ms tc=Y drp=0mm tcq=0
16:23:06.751 W] [PR]: NACK-ing PGN request for PGN 60928 because no callback could handle it.
16:23:07.257 [ISOBUS] addr=0x81 claimed=Y load=14.6% msgs=62174 aiso=1918(1997967ms) xte=0.00m spd=0.00m/s q=0 ggaAge=8 vtgAge=8 xteAge=1997967 xteraw=80:510302FF0F060DFF vt=Y(21/22) vtstat=3158/908ms tc=Y drp=0mm tcq=0
16:23:08.261 [ISOBUS] addr=0x81 claimed=Y load=14.4% msgs=62215 aiso=1919(1998967ms) xte=0.00m spd=0.00m/s q=0 ggaAge=8 vtgAge=8 xteAge=1998967 xteraw=80:510302FF0F060DFF vt=Y(21/22) vtstat=3159/908ms tc=Y drp=0mm tcq=0
16:23:08.769 W] [PR]: NACK-ing PGN request for PGN 60928 because no callback could handle it.
16:23:09.251 [ISOBUS] addr=0x81 claimed=Y load=14.6% msgs=62256 aiso=1920(1999967ms) xte=0.00m spd=0.00m/s q=0 ggaAge=12 vtgAge=8 xteAge=1999967 xteraw=80:510302FF0F060DFF vt=Y(21/22) vtstat=3160/908ms tc=Y drp=0mm tcq=0
16:23:09.741 I] [NM]: External control function with name 000000000000000lx has claimed address 203452081 on channel 2147516416.
16:23:09.742 I] [NM]: External control function with name 000000000000000lx has claimed address 203452081 on channel 536903720.
16:23:10.287 [ISOBUS] addr=0x81 claimed=Y load=14.8% msgs=62297 aiso=1921(2000967ms) xte=0.00m spd=0.00m/s q=0 ggaAge=8 vtgAge=8 xteAge=2000967 xteraw=80:510302FF0F060DFF vt=Y(21/22) vtstat=3161/908ms tc=Y drp=0mm tcq=0
16:23:11.262 [ISOBUS] addr=0x81 claimed=Y load=14.5% msgs=62338 aiso=1922(2001967ms) xte=0.00m spd=0.00m/s q=0 ggaAge=8 vtgAge=8 xteAge=2001967 xteraw=80:510302FF0F060DFF vt=Y(21/22) vtstat=3162/908ms tc=Y drp=0mm tcq=0
16:23:11.740 W] [PR]: NACK-ing PGN request for PGN 60928 because no callback could handle it.
16:23:12.165 I] [NM]: External control function with name 000000000000000lx has claimed address 198344577 on channel 2684363008.
16:23:12.166 I] [NM]: External control function with name 000000000000000lx has claimed address 197275905 on channel 536876800.
16:23:12.277 [ISOBUS] addr=0x81 claimed=Y load=14.6% msgs=62379 aiso=1923(2002967ms) xte=0.00m spd=0.00m/s q=0 ggaAge=8 vtgAge=8 xteAge=2002967 xteraw=80:510302FF0F060DFF vt=Y(21/22) vtstat=3163/912ms tc=Y drp=0mm tcq=0
16:23:13.252 [ISOBUS] addr=0x81 claimed=Y load=14.6% msgs=62422 aiso=1924(2003967ms) xte=0.00m spd=0.00m/s q=0 ggaAge=8 vtgAge=8 xteAge=2003967 xteraw=80:510302FF0F060DFF vt=Y(21/22) vtstat=3164/908ms tc=Y drp=0mm tcq=0
16:23:13.759 W] [PR]: NACK-ing PGN request for PGN 60928 because no callback could handle it.
16:23:14.268 [ISOBUS] addr=0x81 claimed=Y load=14.9% msgs=62463 aiso=1925(2004967ms) xte=0.00m spd=0.00m/s q=0 ggaAge=8 vtgAge=8 xteAge=2004967 xteraw=80:510302FF0F060DFF vt=Y(21/22) vtstat=3165/912ms tc=Y drp=0mm tcq=0
16:23:15.265 [ISOBUS] addr=0x81 claimed=Y load=15.8% msgs=62507 aiso=1926(2005967ms) xte=0.00m spd=0.00m/s q=0 ggaAge=8 vtgAge=8 xteAge=2005967 xteraw=80:510302FF0F060DFF vt=Y(21/22) vtstat=3166/908ms tc=Y drp=0mm tcq=0
16:23:15.524 I] [NM]: External control function with name 000000000000000lx has claimed address 197275905 on channel 2684361992.
16:23:16.265 [ISOBUS] addr=0x81 claimed=Y load=15.6% msgs=62548 aiso=1927(2006967ms) xte=0.00m spd=0.00m/s q=0 ggaAge=8 vtgAge=8 xteAge=2006967 xteraw=80:510302FF0F060DFF vt=Y(21/22) vtstat=3167/908ms tc=Y drp=0mm tcq=0
16:23:17.125 W] [TP]: Received a Request to Send (RTS) message with a global destination, ignoring
16:23:17.252 [ISOBUS] addr=0x81 claimed=Y load=15.5% msgs=62589 aiso=1928(2007967ms) xte=0.00m spd=0.00m/s q=0 ggaAge=8 vtgAge=8 xteAge=2007967 xteraw=80:510302FF0F060DFF vt=Y(21/22) vtstat=3169/744ms tc=Y drp=0mm tcq=0
16:23:18.261 [ISOBUS] addr=0x81 claimed=Y load=15.6% msgs=62630 aiso=1929(2008967ms) xte=0.00m spd=0.00m/s q=0 ggaAge=8 vtgAge=8 xteAge=2008967 xteraw=80:510302FF0F060DFF vt=Y(21/22) vtstat=3171/740ms tc=Y drp=0mm tcq=0
16:23:18.429 W] [TP]: Received a Request to Send (RTS) message with a global destination, ignoring
16:23:18.766 W] [PR]: NACK-ing PGN request for PGN 60928 because no callback could handle it.
16:23:19.263 [ISOBUS] addr=0x81 claimed=Y load=15.8% msgs=62671 aiso=1930(2009967ms) xte=0.00m spd=0.00m/s q=0 ggaAge=8 vtgAge=8 xteAge=2009967 xteraw=80:510302FF0F060DFF vt=Y(21/22) vtstat=3173/740ms tc=Y drp=0mm tcq=0
16:23:19.864 W] [TP]: Received a Request to Send (RTS) message with a global destination, ignoring
16:23:20.259 [ISOBUS] addr=0x81 claimed=Y load=15.1% msgs=62712 aiso=1931(2010967ms) xte=0.00m spd=0.00m/s q=0 ggaAge=8 vtgAge=8 xteAge=2010967 xteraw=80:510302FF0F060DFF vt=Y(21/22) vtstat=3175/728ms tc=Y drp=0mm tcq=0
16:23:21.162 W] [TP]: Received an Abort message with a global destination, ignoring
16:23:21.204 W] [TP]: Received a Request to Send (RTS) message with a global destination, ignoring
16:23:21.265 [ISOBUS] addr=0x81 claimed=Y load=15.0% msgs=62753 aiso=1932(2011967ms) xte=0.00m spd=0.00m/s q=0 ggaAge=8 vtgAge=8 xteAge=2011967 xteraw=80:510302FF0F060DFF vt=Y(21/22) vtstat=3177/728ms tc=Y drp=0mm tcq=0
16:23:21.772 W] [PR]: NACK-ing PGN request for PGN 60928 because no callback could handle it.
16:23:22.268 [ISOBUS] addr=0x81 claimed=Y load=15.1% msgs=62794 aiso=1933(2012967ms) xte=0.00m spd=0.00m/s q=0 ggaAge=8 vtgAge=8 xteAge=2012967 xteraw=80:510302FF0F060DFF vt=Y(21/22) vtstat=3179/724ms tc=Y drp=0mm tcq=0
16:23:22.486 W] [TP]: Received a Request to Send (RTS) message with a global destination, ignoring
16:23:23.275 [ISOBUS] addr=0x81 claimed=Y load=14.9% msgs=62835 aiso=1934(2013967ms) xte=0.00m spd=0.00m/s q=0 ggaAge=8 vtgAge=8 xteAge=2013967 xteraw=80:510302FF0F060DFF vt=Y(21/22) vtstat=3181/724ms tc=Y drp=0mm tcq=0
16:23:23.744 W] [PR]: NACK-ing PGN request for PGN 60928 because no callback could handle it.
16:23:23.774 W] [TP]: Received a Request to Send (RTS) message with a global destination, ignoring
16:23:24.253 [ISOBUS] addr=0x81 claimed=Y load=15.3% msgs=62876 aiso=1935(2014967ms) xte=0.00m spd=0.00m/s q=0 ggaAge=8 vtgAge=8 xteAge=2014967 xteraw=80:510302FF0F060DFF vt=Y(21/22) vtstat=3183/724ms tc=Y drp=0mm tcq=0
16:23:25.047 W] [TP]: Received an Abort message with a global destination, ignoring
16:23:25.076 W] [TP]: Received a Request to Send (RTS) message with a global destination, ignoring
16:23:25.266 [ISOBUS] addr=0x81 claimed=Y load=15.5% msgs=62921 aiso=1936(2015967ms) xte=0.00m spd=0.00m/s q=0 ggaAge=8 vtgAge=8 xteAge=2015967 xteraw=80:510302FF0F060DFF vt=Y(21/22) vtstat=3185/724ms tc=Y drp=0mm tcq=0
16:23:26.257 [ISOBUS] addr=0x81 claimed=Y load=15.0% msgs=62962 aiso=1937(2016967ms) xte=0.00m spd=0.00m/s q=0 ggaAge=8 vtgAge=8 xteAge=2016967 xteraw=80:510302FF0F060DFF vt=Y(21/22) vtstat=3187/720ms tc=Y drp=0mm tcq=0
16:23:26.327 W] [TP]: Received a Request to Send (RTS) message with a global destination, ignoring
16:23:26.764 W] [PR]: NACK-ing PGN request for PGN 60928 because no callback could handle it.
16:23:27.258 [ISOBUS] addr=0x81 claimed=Y load=15.0% msgs=63003 aiso=1938(2017967ms) xte=0.00m spd=0.00m/s q=0 ggaAge=8 vtgAge=8 xteAge=2017967 xteraw=80:510302FF0F060DFF vt=Y(21/22) vtstat=3189/720ms tc=Y drp=0mm tcq=0
16:23:27.623 W] [TP]: Received a Request to Send (RTS) message with a global destination, ignoring
16:23:28.260 [ISOBUS] addr=0x81 claimed=Y load=15.0% msgs=63044 aiso=1939(2018967ms) xte=0.00m spd=0.00m/s q=0 ggaAge=8 vtgAge=8 xteAge=2018967 xteraw=80:510302FF0F060DFF vt=Y(21/22) vtstat=3191/720ms tc=Y drp=0mm tcq=0
16:23:28.760 W] [PR]: NACK-ing PGN request for PGN 60928 because no callback could handle it.
16:23:28.896 W] [TP]: Received an Abort message with a global destination, ignoring
16:23:28.898 W] [TP]: Received a Request to Send (RTS) message with a global destination, ignoring
16:23:29.274 [ISOBUS] addr=0x81 claimed=Y load=15.4% msgs=63085 aiso=1940(2019967ms) xte=0.00m spd=0.00m/s q=0 ggaAge=8 vtgAge=8 xteAge=2019967 xteraw=80:510302FF0F060DFF vt=Y(21/22) vtstat=3193/720ms tc=Y drp=0mm tcq=0
16:23:30.164 W] [TP]: Received a Request to Send (RTS) message with a global destination, ignoring
16:23:30.274 [ISOBUS] addr=0x81 claimed=Y load=15.0% msgs=63126 aiso=1941(2020967ms) xte=0.00m spd=0.00m/s q=0 ggaAge=8 vtgAge=8 xteAge=2020967 xteraw=80:510302FF0F060DFF vt=Y(21/22) vtstat=3195/720ms tc=Y drp=0mm tcq=0
16:23:31.254 [ISOBUS] addr=0x81 claimed=Y load=14.9% msgs=63167 aiso=1942(2021967ms) xte=0.00m spd=0.00m/s q=0 ggaAge=8 vtgAge=8 xteAge=2021967 xteraw=80:510302FF0F060DFF vt=Y(21/22) vtstat=3197/720ms tc=Y drp=0mm tcq=0
16:23:31.441 W] [TP]: Received a Request to Send (RTS) message with a global destination, ignoring
16:23:31.745 W] [PR]: NACK-ing PGN request for PGN 60928 because no callback could handle it.
16:23:32.254 [ISOBUS] addr=0x81 claimed=Y load=15.0% msgs=63208 aiso=1943(2022967ms) xte=0.00m spd=0.00m/s q=0 ggaAge=8 vtgAge=8 xteAge=2022967 xteraw=80:510302FF0F060DFF vt=Y(21/22) vtstat=3199/716ms tc=Y drp=0mm tcq=0
16:23:32.731 W] [TP]: Received an Abort message with a global destination, ignoring
16:23:32.733 W] [TP]: Received a Request to Send (RTS) message with a global destination, ignoring
16:23:33.273 [ISOBUS] addr=0x81 claimed=Y load=15.1% msgs=63249 aiso=1944(2023967ms) xte=0.00m spd=0.00m/s q=0 ggaAge=8 vtgAge=8 xteAge=2023967 xteraw=80:510302FF0F060DFF vt=Y(21/22) vtstat=3201/720ms tc=Y drp=0mm tcq=0
16:23:33.741 W] [PR]: NACK-ing PGN request for PGN 60928 because no callback could handle it.
16:23:33.998 W] [TP]: Received a Request to Send (RTS) message with a global destination, ignoring
16:23:34.276 [ISOBUS] addr=0x81 claimed=Y load=15.3% msgs=63290 aiso=1945(2024967ms) xte=0.00m spd=0.00m/s q=0 ggaAge=8 vtgAge=8 xteAge=2024967 xteraw=80:510302FF0F060DFF vt=Y(21/22) vtstat=3203/720ms tc=Y drp=0mm tcq=0
16:23:35.258 [ISOBUS] addr=0x81 claimed=Y load=15.4% msgs=63335 aiso=1946(2025967ms) xte=0.00m spd=0.00m/s q=0 ggaAge=8 vtgAge=8 xteAge=2025967 xteraw=80:510302FF0F060DFF vt=Y(21/22) vtstat=3205/716ms tc=Y drp=0mm tcq=0
16:23:35.305 W] [TP]: Received a Request to Send (RTS) message with a global destination, ignoring
16:23:36.256 [ISOBUS] addr=0x81 claimed=Y load=14.9% msgs=63377 aiso=1947(2026967ms) xte=0.00m spd=0.00m/s q=0 ggaAge=8 vtgAge=8 xteAge=2026967 xteraw=80:510302FF0F060DFF vt=Y(21/22) vtstat=3207/716ms tc=Y drp=0mm tcq=0
16:23:36.575 W] [TP]: Received an Abort message with a global destination, ignoring
16:23:36.575 W] [TP]: Received a Request to Send (RTS) message with a global destination, ignoring
16:23:36.763 W] [PR]: NACK-ing PGN request for PGN 60928 because no callback could handle it.
16:23:37.271 [ISOBUS] addr=0x81 claimed=Y load=15.2% msgs=63418 aiso=1948(2027967ms) xte=0.00m spd=0.00m/s q=0 ggaAge=9 vtgAge=9 xteAge=2027967 xteraw=80:510302FF0F060DFF vt=Y(21/22) vtstat=3209/716ms tc=Y drp=0mm tcq=0
16:23:37.848 W] [TP]: Received a Request to Send (RTS) message with a global destination, ignoring
16:23:38.254 [ISOBUS] addr=0x81 claimed=Y load=15.2% msgs=63459 aiso=1949(2028967ms) xte=0.00m spd=0.00m/s q=0 ggaAge=9 vtgAge=9 xteAge=2028967 xteraw=80:510302FF0F060DFF vt=Y(21/22) vtstat=3211/717ms tc=Y drp=0mm tcq=0
16:23:38.737 W] [PR]: NACK-ing PGN request for PGN 60928 because no callback could handle it.
16:23:39.125 W] [TP]: Received a Request to Send (RTS) message with a global destination, ignoring
16:23:39.259 [ISOBUS] addr=0x81 claimed=Y load=15.2% msgs=63500 aiso=1950(2029967ms) xte=0.00m spd=0.00m/s q=0 ggaAge=9 vtgAge=9 xteAge=2029967 xteraw=80:510302FF0F060DFF vt=Y(21/22) vtstat=3213/717ms tc=Y drp=0mm tcq=0
16:23:40.256 [ISOBUS] addr=0x81 claimed=Y load=14.9% msgs=63541 aiso=1951(2030967ms) xte=0.00m spd=0.00m/s q=0 ggaAge=9 vtgAge=9 xteAge=2030967 xteraw=80:510302FF0F060DFF vt=Y(21/22) vtstat=3215/717ms tc=Y drp=0mm tcq=0
16:23:40.382 W] [TP]: Received an Abort message with a global destination, ignoring
16:23:40.429 W] [TP]: Received a Request to Send (RTS) message with a global destination, ignoring
16:23:41.255 [ISOBUS] addr=0x81 claimed=Y load=15.0% msgs=63582 aiso=1952(2031967ms) xte=0.00m spd=0.00m/s q=0 ggaAge=9 vtgAge=9 xteAge=2031967 xteraw=80:510302FF0F060DFF vt=Y(21/22) vtstat=3217/717ms tc=Y drp=0mm tcq=0
16:23:41.681 W] [TP]: Received a Request to Send (RTS) message with a global destination, ignoring
16:23:41.755 W] [PR]: NACK-ing PGN request for PGN 60928 because no callback could handle it.
16:23:42.256 [ISOBUS] addr=0x81 claimed=Y load=15.1% msgs=63623 aiso=1953(2032967ms) xte=0.00m spd=0.00m/s q=0 ggaAge=9 vtgAge=9 xteAge=2032967 xteraw=80:510302FF0F060DFF vt=Y(21/22) vtstat=3219/717ms tc=Y drp=0mm tcq=0
16:23:42.975 W] [TP]: Received a Request to Send (RTS) message with a global destination, ignoring
16:23:43.273 [ISOBUS] addr=0x81 claimed=Y load=15.1% msgs=63664 aiso=1954(2033967ms) xte=0.00m spd=0.00m/s q=0 ggaAge=9 vtgAge=9 xteAge=2033967 xteraw=80:510302FF0F060DFF vt=Y(21/22) vtstat=3221/717ms tc=Y drp=0mm tcq=0
16:23:43.764 W] [PR]: NACK-ing PGN request for PGN 60928 because no callback could handle it.
16:23:44.243 W] [TP]: Received an Abort message with a global destination, ignoring
16:23:44.243 W] [TP]: Received a Request to Send (RTS) message with a global destination, ignoring
16:23:44.275 [ISOBUS] addr=0x81 claimed=Y load=15.0% msgs=63705 aiso=1955(2034967ms) xte=0.00m spd=0.00m/s q=0 ggaAge=9 vtgAge=9 xteAge=2034967 xteraw=80:510302FF0F060DFF vt=Y(21/22) vtstat=3223/717ms tc=Y drp=0mm tcq=0
16:23:45.277 [ISOBUS] addr=0x81 claimed=Y load=15.5% msgs=63750 aiso=1956(2035967ms) xte=0.00m spd=0.00m/s q=0 ggaAge=9 vtgAge=9 xteAge=2035967 xteraw=80:510302FF0F060DFF vt=Y(21/22) vtstat=3226/105ms tc=Y drp=0mm tcq=0
16:23:45.503 W] [TP]: Received a Request to Send (RTS) message with a global destination, ignoring
16:23:46.278 [ISOBUS] addr=0x81 claimed=Y load=14.8% msgs=63791 aiso=1957(2036967ms) xte=0.00m spd=0.00m/s q=0 ggaAge=9 vtgAge=9 xteAge=2036967 xteraw=80:510302FF0F060DFF vt=Y(21/22) vtstat=3228/717ms tc=Y drp=0mm tcq=0
16:23:46.764 W] [PR]: NACK-ing PGN request for PGN 60928 because no callback could handle it.
16:23:46.792 W] [TP]: Received a Request to Send (RTS) message with a global destination, ignoring
16:23:47.277 [ISOBUS] addr=0x81 claimed=Y load=15.2% msgs=63832 aiso=1958(2037967ms) xte=0.00m spd=0.00m/s q=0 ggaAge=9 vtgAge=9 xteAge=2037967 xteraw=80:510302FF0F060DFF vt=Y(21/22) vtstat=3231/709ms tc=Y drp=0mm tcq=0
16:23:48.059 W] [TP]: Received an Abort message with a global destination, ignoring
16:23:48.254 [ISOBUS] addr=0x81 claimed=Y load=14.9% msgs=63873 aiso=1959(2038967ms) xte=0.00m spd=0.00m/s q=0 ggaAge=9 vtgAge=9 xteAge=2038967 xteraw=80:510302FF0F060DFF vt=Y(21/22) vtstat=3233/713ms tc=Y drp=0mm tcq=0
16:23:48.750 W] [PR]: NACK-ing PGN request for PGN 60928 because no callback could handle it.
16:23:49.255 [ISOBUS] addr=0x81 claimed=Y load=15.7% msgs=63914 aiso=1960(2039967ms) xte=0.00m spd=0.00m/s q=0 ggaAge=9 vtgAge=9 xteAge=2039967 xteraw=80:510302FF0F060DFF vt=Y(21/22) vtstat=3235/713ms tc=Y drp=0mm tcq=0
16:23:50.277 [ISOBUS] addr=0x81 claimed=Y load=14.9% msgs=63955 aiso=1961(2040967ms) xte=0.00m spd=0.00m/s q=0 ggaAge=9 vtgAge=9 xteAge=2040967 xteraw=80:510302FF0F060DFF vt=Y(21/22) vtstat=3238/101ms tc=Y drp=0mm tcq=0
16:23:51.260 [ISOBUS] addr=0x81 claimed=Y load=14.8% msgs=63996 aiso=1962(2041967ms) xte=0.00m spd=0.00m/s q=0 ggaAge=9 vtgAge=9 xteAge=2041967 xteraw=80:510302FF0F060DFF vt=Y(21/22) vtstat=3240/101ms tc=Y drp=0mm tcq=0
16:23:51.749 W] [PR]: NACK-ing PGN request for PGN 60928 because no callback could handle it.
16:23:52.279 [ISOBUS] addr=0x81 claimed=Y load=14.8% msgs=64037 aiso=1963(2042967ms) xte=0.00m spd=0.00m/s q=0 ggaAge=9 vtgAge=9 xteAge=2042967 xteraw=80:510302FF0F060DFF vt=Y(21/22) vtstat=3242/101ms tc=Y drp=0mm tcq=0
16:23:53.276 [ISOBUS] addr=0x81 claimed=Y load=14.6% msgs=64078 aiso=1964(2043967ms) xte=0.00m spd=0.00m/s q=0 ggaAge=9 vtgAge=9 xteAge=2043967 xteraw=80:510302FF0F060DFF vt=Y(21/22) vtstat=3244/101ms tc=Y drp=0mm tcq=0
16:23:53.757 W] [PR]: NACK-ing PGN request for PGN 60928 because no callback could handle it.
16:23:54.282 [ISOBUS] addr=0x81 claimed=Y load=14.8% msgs=64119 aiso=1965(2044967ms) xte=0.00m spd=0.00m/s q=0 ggaAge=9 vtgAge=9 xteAge=2044967 xteraw=80:510302FF0F060DFF vt=Y(21/22) vtstat=3246/101ms tc=Y drp=0mm tcq=0
16:23:54.991 ### sending keys: x1q
16:23:56.312 === ISOBUS DEBUG MENU ===
16:23:56.312 1. Full status dump
16:23:56.315 2. Periodic summary line (ON - press to toggle)
16:23:56.315 3. Reset message counters
16:23:56.315 4. Dump DDOP as hex (open in AgIsoDDOPGenerator)
16:23:56.317 5. Dump VT object pool as hex
16:23:56.317 q. Exit
16:23:56.317 === ISOBUS STATUS ===
16:23:56.319 Address claim: CLAIMED  address=0x81
16:23:56.319 CAN controller: error-active  TX err 0 (peak 245)  RX err 0 (peak 69)
16:23:56.319   error-passive entries: 3  bus-off entries: 0  longest episode: 67055 ms
16:23:56.320 Bus load (ch0): 15.0 %
16:23:56.321 --- Message counters ---
16:23:56.321   PGN 129025 Position NMEA2000: 0
16:23:56.321   PGN 129026 Speed NMEA2000:    0
16:23:56.321   PGN 129283 XTE NMEA2000:      201
16:23:56.321   PGN 65267  Position legacy:   13910
16:23:56.321   PGN 65256  Speed legacy:      13910   last SA=0x80 raw=0x0
16:23:56.321   PGN 65535  all senders:       13910   last SA=0x80
16:23:56.321   PGN 65535  XTE carrier 0x2A:  0   (none decoded)
16:23:56.326              raw SA=0x80 word=0xFFF byte1=0x3 payload 510302FF0F060DFF  (2 ms ago)
16:23:56.327   PGN 60160  XTE Trimble legacy:599   last SA=0x26
16:23:56.327   PGN 64770  AISO stop:         1966   last 2045860 ms ago
16:23:56.327   TOTAL:                        64159
16:23:56.328 --- Guidance telemetry ---
16:23:56.328   XTE:          0.00 m
16:23:56.328   Speed:        0.00 m/s (0.00 kn)
16:23:56.330   Quality:      0   RTK quality=4  PGN 129029 GNSS position: (none received)
16:23:56.330   PGN 129027 position deltas: 0
16:23:56.330   Guidance machine info (PGN 44032): 19663 msgs, last 94 ms ago
16:23:56.330     lockout=YES/READY  steeringReady=n/a  remoteEngage=n/a  curvature=-17.00 1/km
16:23:56.330   IsRtkQuality=N
16:23:56.330   GGA fix age:  2 ms
16:23:56.330   VTG fix age:  2 ms
16:23:56.330   XTE fix age:  2045860 ms
16:23:56.330   Lat/Lon/Alt/Course: 53.442230 / 6.755487 / 4.4 m / 301.6 deg
16:23:56.330 --- Virtual Terminal ---
16:23:56.334   Connected:    Y
16:23:56.334   State:        21/22  Connected
16:23:56.334   VT version:  3
16:23:56.334   VT status msgs: 3247   last 798 ms ago
16:23:56.334   Partner: addr=0x80 valid=Y  reconnect attempts=0
16:23:56.334   VT failover: switches=3 claim requests=7
16:23:56.334 --- Lightbar emulation (Ag Leader L160, PGN 65462) ---
16:23:56.334   Address claim: CLAIMED  address=0xDC
16:23:56.334   Display partner: 0xF5  identification requests=22 answered=22 unknown=0  last DID=0x8015  hello=Y
16:23:56.334   Sent: frames=1264 failures=1 heartbeats=1223 softwareId=Y  proprietary A from display=0
16:23:56.334   PGN 65462 XTE: frames=0 committed=0
16:23:56.334 --- Task Controller ---
16:23:56.334   Connected:    Y
16:23:56.334   TC-GEO (with/without pos): Y/N
16:23:56.334   Task active:  Y
16:23:56.334   DRP deviation (DDI 513): 0 mm, last 2045860 ms ago
16:23:56.334   GNSS quality (DDI 514):  0, last 2045860 ms ago
16:23:56.342   [via stack] Value cmds to handler: 0  last DDI=(none)
16:23:56.342   [via stack] Value req callbacks:  0   (mostly AgIsoStack's own re-polling -- NOT bus traffic)
16:23:56.342   [on bus] Requests for our values: 0
16:23:56.342   [on bus] Set-value commands:      0
16:23:56.342   [on bus] Measurement commands:    0  (none)
16:23:56.342   [on bus] Other, addressed to us:  18
16:23:56.342   Partner: addr=0xF7 valid=Y  reconnect attempts=35
16:23:56.342   Tramline setpoint (DDI 506): (none yet -- no Tramline Control seen on this terminal)
16:23:56.342   Guidance track (DDI 507-511): (none yet)
16:23:56.342 === ISOBUS DEBUG MENU ===
16:23:56.342 1. Full status dump
16:23:56.342 2. Periodic summary line (ON - press to toggle)
16:23:56.342 3. Reset message counters
16:23:56.342 4. Dump DDOP as hex (open in AgIsoDDOPGenerator)
16:23:56.342 5. Dump VT object pool as hex
16:23:56.349 q. Exit
16:23:56.349 Exiting.
16:23:56.351 [ISOBUS] addr=0x81 claimed=Y load=15.0% msgs=64164 aiso=1966(2046013ms) xte=0.00m spd=0.00m/s q=0 ggaAge=55 vtgAge=55 xteAge=2046013 xteraw=80:510302FF0F060DFF vt=Y(21/22) vtstat=3248/147ms tc=Y drp=0mm tcq=0
16:23:56.351 [ISOBUS] addr=0x81 claimed=Y load=14.7% msgs=64205 aiso=1967(2047013ms) xte=0.00m spd=0.00m/s q=0 ggaAge=55 vtgAge=55 xteAge=2047013 xteraw=80:510302FF0F060DFF vt=Y(21/22) vtstat=3250/147ms tc=Y drp=0mm tcq=0
16:23:56.759 W] [PR]: NACK-ing PGN request for PGN 60928 because no callback could handle it.
16:23:57.326 [ISOBUS] addr=0x81 claimed=Y load=14.7% msgs=64246 aiso=1968(2048013ms) xte=0.00m spd=0.00m/s q=0 ggaAge=55 vtgAge=55 xteAge=2048013 xteraw=80:510302FF0F060DFF vt=Y(21/22) vtstat=3252/147ms tc=Y drp=0mm tcq=0
16:23:58.298 [ISOBUS] addr=0x81 claimed=Y load=14.7% msgs=64287 aiso=1969(2049013ms) xte=0.00m spd=0.00m/s q=0 ggaAge=55 vtgAge=55 xteAge=2049013 xteraw=80:510302FF0F060DFF vt=Y(21/22) vtstat=3254/147ms tc=Y drp=0mm tcq=0
16:23:58.750 W] [PR]: NACK-ing PGN request for PGN 60928 because no callback could handle it.
16:23:59.310 [ISOBUS] addr=0x81 claimed=Y load=14.8% msgs=64328 aiso=1970(2050013ms) xte=0.00m spd=0.00m/s q=0 ggaAge=55 vtgAge=55 xteAge=2050013 xteraw=80:510302FF0F060DFF vt=Y(21/22) vtstat=3256/143ms tc=Y drp=0mm tcq=0
16:24:00.326 [ISOBUS] addr=0x81 claimed=Y load=14.6% msgs=64369 aiso=1971(2051013ms) xte=0.00m spd=0.00m/s q=0 ggaAge=55 vtgAge=55 xteAge=2051013 xteraw=80:510302FF0F060DFF vt=Y(21/22) vtstat=3258/147ms tc=Y drp=0mm tcq=0
16:24:01.308 [ISOBUS] addr=0x81 claimed=Y load=14.6% msgs=64410 aiso=1972(2052013ms) xte=0.00m spd=0.00m/s q=0 ggaAge=55 vtgAge=55 xteAge=2052013 xteraw=80:510302FF0F060DFF vt=Y(21/22) vtstat=3260/143ms tc=Y drp=0mm tcq=0
16:24:01.751 W] [PR]: NACK-ing PGN request for PGN 60928 because no callback could handle it.
16:24:02.327 [ISOBUS] addr=0x81 claimed=Y load=14.8% msgs=64451 aiso=1973(2053013ms) xte=0.00m spd=0.00m/s q=0 ggaAge=55 vtgAge=55 xteAge=2053013 xteraw=80:510302FF0F060DFF vt=Y(21/22) vtstat=3262/143ms tc=Y drp=0mm tcq=0
16:24:03.303 [ISOBUS] addr=0x81 claimed=Y load=14.6% msgs=64492 aiso=1974(2054013ms) xte=0.00m spd=0.00m/s q=0 ggaAge=55 vtgAge=55 xteAge=2054013 xteraw=80:510302FF0F060DFF vt=Y(21/22) vtstat=3264/143ms tc=Y drp=0mm tcq=0
16:24:03.784 W] [PR]: NACK-ing PGN request for PGN 60928 because no callback could handle it.
16:24:04.310 [ISOBUS] addr=0x81 claimed=Y load=14.8% msgs=64533 aiso=1975(2055013ms) xte=0.00m spd=0.00m/s q=0 ggaAge=55 vtgAge=55 xteAge=2055013 xteraw=80:510302FF0F060DFF vt=Y(21/22) vtstat=3266/143ms tc=Y drp=0mm tcq=0
16:24:05.328 [ISOBUS] addr=0x81 claimed=Y load=15.0% msgs=64578 aiso=1976(2056013ms) xte=0.00m spd=0.00m/s q=0 ggaAge=55 vtgAge=55 xteAge=2056013 xteraw=80:510302FF0F060DFF vt=Y(21/22) vtstat=3268/143ms tc=Y drp=0mm tcq=0
16:24:06.329 [ISOBUS] addr=0x81 claimed=Y load=14.7% msgs=64619 aiso=1977(2057013ms) xte=0.00m spd=0.00m/s q=0 ggaAge=55 vtgAge=55 xteAge=2057013 xteraw=80:510302FF0F060DFF vt=Y(21/22) vtstat=3270/143ms tc=Y drp=0mm tcq=0
16:24:06.775 W] [PR]: NACK-ing PGN request for PGN 60928 because no callback could handle it.
16:24:07.309 [ISOBUS] addr=0x81 claimed=Y load=14.7% msgs=64660 aiso=1978(2058013ms) xte=0.00m spd=0.00m/s q=0 ggaAge=55 vtgAge=55 xteAge=2058013 xteraw=80:510302FF0F060DFF vt=Y(21/22) vtstat=3272/143ms tc=Y drp=0mm tcq=0
16:24:08.320 [ISOBUS] addr=0x81 claimed=Y load=14.7% msgs=64701 aiso=1979(2059013ms) xte=0.00m spd=0.00m/s q=0 ggaAge=55 vtgAge=55 xteAge=2059013 xteraw=80:510302FF0F060DFF vt=Y(21/22) vtstat=3274/143ms tc=Y drp=0mm tcq=0
16:24:08.788 W] [PR]: NACK-ing PGN request for PGN 60928 because no callback could handle it.
16:24:09.336 [ISOBUS] addr=0x81 claimed=Y load=14.8% msgs=64742 aiso=1980(2060013ms) xte=0.00m spd=0.00m/s q=0 ggaAge=55 vtgAge=55 xteAge=2060013 xteraw=80:510302FF0F060DFF vt=Y(21/22) vtstat=3276/143ms tc=Y drp=0mm tcq=0
16:24:10.310 [ISOBUS] addr=0x81 claimed=Y load=14.6% msgs=64783 aiso=1981(2061013ms) xte=0.00m spd=0.00m/s q=0 ggaAge=55 vtgAge=55 xteAge=2061013 xteraw=80:510302FF0F060DFF vt=Y(21/22) vtstat=3278/143ms tc=Y drp=0mm tcq=0
16:24:11.327 [ISOBUS] addr=0x81 claimed=Y load=14.6% msgs=64824 aiso=1982(2062013ms) xte=0.00m spd=0.00m/s q=0 ggaAge=55 vtgAge=55 xteAge=2062013 xteraw=80:510302FF0F060DFF vt=Y(21/22) vtstat=3280/143ms tc=Y drp=0mm tcq=0
16:24:11.774 W] [PR]: NACK-ing PGN request for PGN 60928 because no callback could handle it.
16:24:12.312 [ISOBUS] addr=0x81 claimed=Y load=14.8% msgs=64865 aiso=1983(2063013ms) xte=0.00m spd=0.00m/s q=0 ggaAge=55 vtgAge=55 xteAge=2063013 xteraw=80:510302FF0F060DFF vt=Y(21/22) vtstat=3282/139ms tc=Y drp=0mm tcq=0
16:24:13.308 [ISOBUS] addr=0x81 claimed=Y load=14.6% msgs=64906 aiso=1984(2064013ms) xte=0.00m spd=0.00m/s q=0 ggaAge=55 vtgAge=55 xteAge=2064013 xteraw=80:510302FF0F060DFF vt=Y(21/22) vtstat=3284/139ms tc=Y drp=0mm tcq=0
16:24:13.774 W] [PR]: NACK-ing PGN request for PGN 60928 because no callback could handle it.
16:24:14.329 [ISOBUS] addr=0x81 claimed=Y load=14.8% msgs=64947 aiso=1985(2065013ms) xte=0.00m spd=0.00m/s q=0 ggaAge=55 vtgAge=55 xteAge=2065013 xteraw=80:510302FF0F060DFF vt=Y(21/22) vtstat=3286/139ms tc=Y drp=0mm tcq=0
16:24:15.302 [ISOBUS] addr=0x81 claimed=Y load=15.0% msgs=64992 aiso=1986(2066013ms) xte=0.00m spd=0.00m/s q=0 ggaAge=55 vtgAge=55 xteAge=2066013 xteraw=80:510302FF0F060DFF vt=Y(21/22) vtstat=3288/139ms tc=Y drp=0mm tcq=0
16:24:16.311 [ISOBUS] addr=0x81 claimed=Y load=14.7% msgs=65033 aiso=1987(2067013ms) xte=0.00m spd=0.00m/s q=0 ggaAge=55 vtgAge=55 xteAge=2067013 xteraw=80:510302FF0F060DFF vt=Y(21/22) vtstat=3290/139ms tc=Y drp=0mm tcq=0
16:24:16.754 W] [PR]: NACK-ing PGN request for PGN 60928 because no callback could handle it.
16:24:17.314 [ISOBUS] addr=0x81 claimed=Y load=14.7% msgs=65074 aiso=1988(2068013ms) xte=0.00m spd=0.00m/s q=0 ggaAge=55 vtgAge=55 xteAge=2068013 xteraw=80:510302FF0F060DFF vt=Y(21/22) vtstat=3292/139ms tc=Y drp=0mm tcq=0
16:24:18.301 [ISOBUS] addr=0x81 claimed=Y load=14.7% msgs=65115 aiso=1989(2069013ms) xte=0.00m spd=0.00m/s q=0 ggaAge=55 vtgAge=55 xteAge=2069013 xteraw=80:510302FF0F060DFF vt=Y(21/22) vtstat=3294/139ms tc=Y drp=0mm tcq=0
16:24:18.766 W] [PR]: NACK-ing PGN request for PGN 60928 because no callback could handle it.
16:24:19.315 [ISOBUS] addr=0x81 claimed=Y load=14.8% msgs=65156 aiso=1990(2070013ms) xte=0.00m spd=0.00m/s q=0 ggaAge=55 vtgAge=55 xteAge=2070013 xteraw=80:510302FF0F060DFF vt=Y(21/22) vtstat=3296/139ms tc=Y drp=0mm tcq=0
16:24:20.310 [ISOBUS] addr=0x81 claimed=Y load=14.6% msgs=65197 aiso=1991(2071013ms) xte=0.00m spd=0.00m/s q=0 ggaAge=55 vtgAge=55 xteAge=2071013 xteraw=80:510302FF0F060DFF vt=Y(21/22) vtstat=3298/139ms tc=Y drp=0mm tcq=0
16:24:21.304 [ISOBUS] addr=0x81 claimed=Y load=14.6% msgs=65238 aiso=1992(2072013ms) xte=0.00m spd=0.00m/s q=0 ggaAge=55 vtgAge=55 xteAge=2072013 xteraw=80:510302FF0F060DFF vt=Y(21/22) vtstat=3300/139ms tc=Y drp=0mm tcq=0
16:24:21.767 W] [PR]: NACK-ing PGN request for PGN 60928 because no callback could handle it.
16:24:22.304 [ISOBUS] addr=0x81 claimed=Y load=14.8% msgs=65279 aiso=1993(2073013ms) xte=0.00m spd=0.00m/s q=0 ggaAge=55 vtgAge=55 xteAge=2073013 xteraw=80:510302FF0F060DFF vt=Y(21/22) vtstat=3302/135ms tc=Y drp=0mm tcq=0
16:24:23.306 [ISOBUS] addr=0x81 claimed=Y load=14.6% msgs=65320 aiso=1994(2074013ms) xte=0.00m spd=0.00m/s q=0 ggaAge=56 vtgAge=55 xteAge=2074013 xteraw=80:510302FF0F060DFF vt=Y(21/22) vtstat=3304/135ms tc=Y drp=0mm tcq=0
16:24:23.777 W] [PR]: NACK-ing PGN request for PGN 60928 because no callback could handle it.
16:24:24.302 [ISOBUS] addr=0x81 claimed=Y load=14.8% msgs=65361 aiso=1995(2075013ms) xte=0.00m spd=0.00m/s q=0 ggaAge=56 vtgAge=56 xteAge=2075013 xteraw=80:510302FF0F060DFF vt=Y(21/22) vtstat=3306/135ms tc=Y drp=0mm tcq=0
16:24:25.311 [ISOBUS] addr=0x81 claimed=Y load=15.0% msgs=65406 aiso=1996(2076013ms) xte=0.00m spd=0.00m/s q=0 ggaAge=56 vtgAge=56 xteAge=2076013 xteraw=80:510302FF0F060DFF vt=Y(21/22) vtstat=3308/136ms tc=Y drp=0mm tcq=0
16:24:26.303 [ISOBUS] addr=0x81 claimed=Y load=14.7% msgs=65447 aiso=1997(2077013ms) xte=0.00m spd=0.00m/s q=0 ggaAge=56 vtgAge=52 xteAge=2077013 xteraw=80:510302FF0F060DFF vt=Y(21/22) vtstat=3310/136ms tc=Y drp=0mm tcq=0
16:24:26.759 W] [PR]: NACK-ing PGN request for PGN 60928 because no callback could handle it.
16:24:27.301 [ISOBUS] addr=0x81 claimed=Y load=14.7% msgs=65488 aiso=1998(2078013ms) xte=0.00m spd=0.00m/s q=0 ggaAge=56 vtgAge=56 xteAge=2078013 xteraw=80:510302FF0F060DFF vt=Y(21/22) vtstat=3312/136ms tc=Y drp=0mm tcq=0
16:24:28.299 [ISOBUS] addr=0x81 claimed=Y load=14.7% msgs=65529 aiso=1999(2079013ms) xte=0.00m spd=0.00m/s q=0 ggaAge=56 vtgAge=56 xteAge=2079013 xteraw=80:510302FF0F060DFF vt=Y(21/22) vtstat=3314/136ms tc=Y drp=0mm tcq=0
16:24:28.773 W] [PR]: NACK-ing PGN request for PGN 60928 because no callback could handle it.
16:24:29.323 [ISOBUS] addr=0x81 claimed=Y load=14.8% msgs=65570 aiso=2000(2080013ms) xte=0.00m spd=0.00m/s q=0 ggaAge=56 vtgAge=52 xteAge=2080013 xteraw=80:510302FF0F060DFF vt=Y(21/22) vtstat=3316/136ms tc=Y drp=0mm tcq=0
16:24:30.328 [ISOBUS] addr=0x81 claimed=Y load=14.6% msgs=65611 aiso=2001(2081013ms) xte=0.00m spd=0.00m/s q=0 ggaAge=56 vtgAge=56 xteAge=2081013 xteraw=80:510302FF0F060DFF vt=Y(21/22) vtstat=3318/136ms tc=Y drp=0mm tcq=0
16:24:30.769 W] [PR]: NACK-ing PGN request for PGN 60928 because no callback could handle it.
16:24:31.329 [ISOBUS] addr=0x81 claimed=Y load=14.8% msgs=65652 aiso=2002(2082013ms) xte=0.00m spd=0.00m/s q=0 ggaAge=56 vtgAge=56 xteAge=2082013 xteraw=80:510302FF0F060DFF vt=Y(21/22) vtstat=3320/136ms tc=Y drp=0mm tcq=0
16:24:32.303 [ISOBUS] addr=0x81 claimed=Y load=14.6% msgs=65693 aiso=2003(2083013ms) xte=0.00m spd=0.00m/s q=0 ggaAge=56 vtgAge=52 xteAge=2083013 xteraw=80:510302FF0F060DFF vt=Y(21/22) vtstat=3322/136ms tc=Y drp=0mm tcq=0
16:24:33.305 [ISOBUS] addr=0x81 claimed=Y load=14.6% msgs=65734 aiso=2004(2084013ms) xte=0.00m spd=0.00m/s q=0 ggaAge=56 vtgAge=52 xteAge=2084013 xteraw=80:510302FF0F060DFF vt=Y(21/22) vtstat=3324/132ms tc=Y drp=0mm tcq=0
16:24:33.757 W] [PR]: NACK-ing PGN request for PGN 60928 because no callback could handle it.
16:24:34.326 [ISOBUS] addr=0x81 claimed=Y load=14.8% msgs=65775 aiso=2005(2085013ms) xte=0.00m spd=0.00m/s q=0 ggaAge=56 vtgAge=52 xteAge=2085013 xteraw=80:510302FF0F060DFF vt=Y(21/22) vtstat=3326/132ms tc=Y drp=0mm tcq=0
16:24:35.327 [ISOBUS] addr=0x81 claimed=Y load=15.0% msgs=65820 aiso=2006(2086013ms) xte=0.00m spd=0.00m/s q=0 ggaAge=56 vtgAge=52 xteAge=2086013 xteraw=80:510302FF0F060DFF vt=Y(21/22) vtstat=3328/132ms tc=Y drp=0mm tcq=0
16:24:35.771 W] [PR]: NACK-ing PGN request for PGN 60928 because no callback could handle it.
16:24:36.305 [ISOBUS] addr=0x81 claimed=Y load=14.8% msgs=65861 aiso=2007(2087013ms) xte=0.00m spd=0.00m/s q=0 ggaAge=52 vtgAge=52 xteAge=2087013 xteraw=80:510302FF0F060DFF vt=Y(21/22) vtstat=3330/132ms tc=Y drp=0mm tcq=0
16:24:37.332 [ISOBUS] addr=0x81 claimed=Y load=14.5% msgs=65902 aiso=2008(2088013ms) xte=0.00m spd=0.00m/s q=0 ggaAge=56 vtgAge=52 xteAge=2088013 xteraw=80:510302FF0F060DFF vt=Y(21/22) vtstat=3332/132ms tc=Y drp=0mm tcq=0
16:24:38.300 [ISOBUS] addr=0x81 claimed=Y load=14.7% msgs=65943 aiso=2009(2089013ms) xte=0.00m spd=0.00m/s q=0 ggaAge=56 vtgAge=52 xteAge=2089013 xteraw=80:510302FF0F060DFF vt=Y(21/22) vtstat=3334/132ms tc=Y drp=0mm tcq=0
16:24:38.753 W] [PR]: NACK-ing PGN request for PGN 60928 because no callback could handle it.
16:24:39.299 [ISOBUS] addr=0x81 claimed=Y load=14.8% msgs=65984 aiso=2010(2090013ms) xte=0.00m spd=0.00m/s q=0 ggaAge=56 vtgAge=52 xteAge=2090013 xteraw=80:510302FF0F060DFF vt=Y(21/22) vtstat=3336/132ms tc=Y drp=0mm tcq=0
16:24:40.314 [ISOBUS] addr=0x81 claimed=Y load=14.6% msgs=66025 aiso=2011(2091013ms) xte=0.00m spd=0.00m/s q=0 ggaAge=56 vtgAge=56 xteAge=2091013 xteraw=80:510302FF0F060DFF vt=Y(21/22) vtstat=3338/132ms tc=Y drp=0mm tcq=0
16:24:40.752 W] [PR]: NACK-ing PGN request for PGN 60928 because no callback could handle it.
16:24:41.321 [ISOBUS] addr=0x81 claimed=Y load=14.8% msgs=66066 aiso=2012(2092013ms) xte=0.00m spd=0.00m/s q=0 ggaAge=56 vtgAge=56 xteAge=2092013 xteraw=80:510302FF0F060DFF vt=Y(21/22) vtstat=3340/132ms tc=Y drp=0mm tcq=0
16:24:42.319 [ISOBUS] addr=0x81 claimed=Y load=14.6% msgs=66107 aiso=2013(2093013ms) xte=0.00m spd=0.00m/s q=0 ggaAge=56 vtgAge=52 xteAge=2093013 xteraw=80:510302FF0F060DFF vt=Y(21/22) vtstat=3342/132ms tc=Y drp=0mm tcq=0
16:24:43.312 [ISOBUS] addr=0x81 claimed=Y load=14.6% msgs=66148 aiso=2014(2094013ms) xte=0.00m spd=0.00m/s q=0 ggaAge=52 vtgAge=52 xteAge=2094013 xteraw=80:510302FF0F060DFF vt=Y(21/22) vtstat=3344/132ms tc=Y drp=0mm tcq=0
16:24:43.758 W] [PR]: NACK-ing PGN request for PGN 60928 because no callback could handle it.
16:24:44.329 [ISOBUS] addr=0x81 claimed=Y load=14.8% msgs=66189 aiso=2015(2095013ms) xte=0.00m spd=0.00m/s q=0 ggaAge=56 vtgAge=52 xteAge=2095013 xteraw=80:510302FF0F060DFF vt=Y(21/22) vtstat=3346/128ms tc=Y drp=0mm tcq=0
16:24:45.316 [ISOBUS] addr=0x81 claimed=Y load=15.0% msgs=66234 aiso=2016(2096013ms) xte=0.00m spd=0.00m/s q=0 ggaAge=56 vtgAge=52 xteAge=2096013 xteraw=80:510302FF0F060DFF vt=Y(21/22) vtstat=3348/128ms tc=Y drp=0mm tcq=0
16:24:45.764 W] [PR]: NACK-ing PGN request for PGN 60928 because no callback could handle it.
16:24:46.309 [ISOBUS] addr=0x81 claimed=Y load=14.8% msgs=66275 aiso=2017(2097013ms) xte=0.00m spd=0.00m/s q=0 ggaAge=52 vtgAge=52 xteAge=2097013 xteraw=80:510302FF0F060DFF vt=Y(21/22) vtstat=3350/128ms tc=Y drp=0mm tcq=0
16:24:47.302 [ISOBUS] addr=0x81 claimed=Y load=14.5% msgs=66316 aiso=2018(2098013ms) xte=0.00m spd=0.00m/s q=0 ggaAge=56 vtgAge=52 xteAge=2098013 xteraw=80:510302FF0F060DFF vt=Y(21/22) vtstat=3352/128ms tc=Y drp=0mm tcq=0
16:24:48.329 [ISOBUS] addr=0x81 claimed=Y load=14.7% msgs=66357 aiso=2019(2099013ms) xte=0.00m spd=0.00m/s q=0 ggaAge=56 vtgAge=52 xteAge=2099013 xteraw=80:510302FF0F060DFF vt=Y(21/22) vtstat=3354/128ms tc=Y drp=0mm tcq=0
16:24:48.760 W] [PR]: NACK-ing PGN request for PGN 60928 because no callback could handle it.
16:24:49.317 [ISOBUS] addr=0x81 claimed=Y load=14.8% msgs=66398 aiso=2020(2100013ms) xte=0.00m spd=0.00m/s q=0 ggaAge=56 vtgAge=56 xteAge=2100013 xteraw=80:510302FF0F060DFF vt=Y(21/22) vtstat=3356/128ms tc=Y drp=0mm tcq=0
16:24:50.309 [ISOBUS] addr=0x81 claimed=Y load=14.6% msgs=66439 aiso=2021(2101013ms) xte=0.00m spd=0.00m/s q=0 ggaAge=52 vtgAge=52 xteAge=2101013 xteraw=80:510302FF0F060DFF vt=Y(21/22) vtstat=3358/128ms tc=Y drp=0mm tcq=0
16:24:50.762 W] [PR]: NACK-ing PGN request for PGN 60928 because no callback could handle it.
16:24:51.326 [ISOBUS] addr=0x81 claimed=Y load=14.8% msgs=66480 aiso=2022(2102013ms) xte=0.00m spd=0.00m/s q=0 ggaAge=56 vtgAge=52 xteAge=2102013 xteraw=80:510302FF0F060DFF vt=Y(21/22) vtstat=3360/128ms tc=Y drp=0mm tcq=0
16:24:52.329 [ISOBUS] addr=0x81 claimed=Y load=14.6% msgs=66521 aiso=2023(2103013ms) xte=0.00m spd=0.00m/s q=0 ggaAge=56 vtgAge=52 xteAge=2103013 xteraw=80:510302FF0F060DFF vt=Y(21/22) vtstat=3362/128ms tc=Y drp=0mm tcq=0
16:24:53.305 [ISOBUS] addr=0x81 claimed=Y load=14.6% msgs=66562 aiso=2024(2104013ms) xte=0.00m spd=0.00m/s q=0 ggaAge=56 vtgAge=52 xteAge=2104013 xteraw=80:510302FF0F060DFF vt=Y(21/22) vtstat=3364/128ms tc=Y drp=0mm tcq=0
16:24:53.754 W] [PR]: NACK-ing PGN request for PGN 60928 because no callback could handle it.
16:24:54.312 [ISOBUS] addr=0x81 claimed=Y load=14.8% msgs=66603 aiso=2025(2105013ms) xte=0.00m spd=0.00m/s q=0 ggaAge=56 vtgAge=52 xteAge=2105013 xteraw=80:510302FF0F060DFF vt=Y(21/22) vtstat=3366/128ms tc=Y drp=0mm tcq=0
16:24:55.315 [ISOBUS] addr=0x81 claimed=Y load=15.0% msgs=66648 aiso=2026(2106013ms) xte=0.00m spd=0.00m/s q=0 ggaAge=52 vtgAge=52 xteAge=2106013 xteraw=80:510302FF0F060DFF vt=Y(21/22) vtstat=3368/124ms tc=Y drp=0mm tcq=0
16:24:55.780 W] [PR]: NACK-ing PGN request for PGN 60928 because no callback could handle it.
16:24:56.324 [ISOBUS] addr=0x81 claimed=Y load=14.8% msgs=66689 aiso=2027(2107013ms) xte=0.00m spd=0.00m/s q=0 ggaAge=52 vtgAge=52 xteAge=2107013 xteraw=80:510302FF0F060DFF vt=Y(21/22) vtstat=3370/124ms tc=Y drp=0mm tcq=0
16:24:57.319 [ISOBUS] addr=0x81 claimed=Y load=14.5% msgs=66730 aiso=2028(2108013ms) xte=0.00m spd=0.00m/s q=0 ggaAge=56 vtgAge=56 xteAge=2108013 xteraw=80:510302FF0F060DFF vt=Y(21/22) vtstat=3372/124ms tc=Y drp=0mm tcq=0
16:24:58.319 [ISOBUS] addr=0x81 claimed=Y load=14.7% msgs=66771 aiso=2029(2109013ms) xte=0.00m spd=0.00m/s q=0 ggaAge=56 vtgAge=52 xteAge=2109013 xteraw=80:510302FF0F060DFF vt=Y(21/22) vtstat=3374/124ms tc=Y drp=0mm tcq=0
16:24:58.776 W] [PR]: NACK-ing PGN request for PGN 60928 because no callback could handle it.
16:24:59.324 [ISOBUS] addr=0x81 claimed=Y load=14.8% msgs=66812 aiso=2030(2110013ms) xte=0.00m spd=0.00m/s q=0 ggaAge=56 vtgAge=56 xteAge=2110013 xteraw=80:510302FF0F060DFF vt=Y(21/22) vtstat=3376/124ms tc=Y drp=0mm tcq=0
16:25:00.330 [ISOBUS] addr=0x81 claimed=Y load=14.6% msgs=66853 aiso=2031(2111013ms) xte=0.00m spd=0.00m/s q=0 ggaAge=56 vtgAge=56 xteAge=2111013 xteraw=80:510302FF0F060DFF vt=Y(21/22) vtstat=3378/124ms tc=Y drp=0mm tcq=0
16:25:00.750 W] [PR]: NACK-ing PGN request for PGN 60928 because no callback could handle it.
16:25:01.316 [ISOBUS] addr=0x81 claimed=Y load=14.8% msgs=66894 aiso=2032(2112013ms) xte=0.00m spd=0.00m/s q=0 ggaAge=52 vtgAge=52 xteAge=2112013 xteraw=80:510302FF0F060DFF vt=Y(21/22) vtstat=3380/124ms tc=Y drp=0mm tcq=0
16:25:02.330 [ISOBUS] addr=0x81 claimed=Y load=14.6% msgs=66935 aiso=2033(2113013ms) xte=0.00m spd=0.00m/s q=0 ggaAge=56 vtgAge=52 xteAge=2113013 xteraw=80:510302FF0F060DFF vt=Y(21/22) vtstat=3382/124ms tc=Y drp=0mm tcq=0
16:25:03.343 [ISOBUS] addr=0x81 claimed=Y load=14.6% msgs=66976 aiso=2034(2114013ms) xte=0.00m spd=0.00m/s q=0 ggaAge=56 vtgAge=52 xteAge=2114013 xteraw=80:510302FF0F060DFF vt=Y(21/22) vtstat=3384/124ms tc=Y drp=0mm tcq=0
16:25:03.747 W] [PR]: NACK-ing PGN request for PGN 60928 because no callback could handle it.
16:25:04.322 [ISOBUS] addr=0x81 claimed=Y load=14.8% msgs=67017 aiso=2035(2115013ms) xte=0.00m spd=0.00m/s q=0 ggaAge=56 vtgAge=56 xteAge=2115013 xteraw=80:510302FF0F060DFF vt=Y(21/22) vtstat=3386/124ms tc=Y drp=0mm tcq=0
16:25:05.318 [ISOBUS] addr=0x81 claimed=Y load=15.0% msgs=67062 aiso=2036(2116013ms) xte=0.00m spd=0.00m/s q=0 ggaAge=56 vtgAge=52 xteAge=2116013 xteraw=80:510302FF0F060DFF vt=Y(21/22) vtstat=3388/124ms tc=Y drp=0mm tcq=0
16:25:05.771 W] [PR]: NACK-ing PGN request for PGN 60928 because no callback could handle it.
16:25:06.328 [ISOBUS] addr=0x81 claimed=Y load=14.8% msgs=67103 aiso=2037(2117013ms) xte=0.00m spd=0.00m/s q=0 ggaAge=56 vtgAge=52 xteAge=2117013 xteraw=80:510302FF0F060DFF vt=Y(21/22) vtstat=3390/120ms tc=Y drp=0mm tcq=0
16:25:07.314 [ISOBUS] addr=0x81 claimed=Y load=10.5% msgs=67132 aiso=2038(2118013ms) xte=0.00m spd=0.00m/s q=0 ggaAge=356 vtgAge=352 xteAge=2118013 xteraw=80:510302FF0F060DFF vt=Y(21/22) vtstat=3391/952ms tc=Y drp=0mm tcq=0
16:25:08.317 [ISOBUS] addr=0x81 claimed=Y load=0.2% msgs=67132 aiso=2038(2119013ms) xte=0.00m spd=0.00m/s q=0 ggaAge=1356 vtgAge=1352 xteAge=2119013 xteraw=80:510302FF0F060DFF vt=Y(21/22) vtstat=3391/1952ms tc=Y drp=0mm tcq=0
16:25:08.959 W] [VT]: Server response to a command timed out
16:25:09.323 [ISOBUS] addr=0x81 claimed=Y load=0.3% msgs=67132 aiso=2038(2120013ms) xte=0.00m spd=0.00m/s q=0 ggaAge=2356 vtgAge=2352 xteAge=2120013 xteraw=80:510302FF0F060DFF vt=Y(21/22) vtstat=3391/2952ms tc=Y drp=0mm tcq=0
16:25:09.362 E] [VT]: Status Timeout
16:25:10.327 [ISOBUS] addr=0x81 claimed=Y load=0.1% msgs=67132 aiso=2038(2121013ms) xte=0.00m spd=0.00m/s q=0 ggaAge=3356 vtgAge=3352 xteAge=2121013 xteraw=80:510302FF0F060DFF vt=N(1/22) vtstat=3391/3952ms tc=Y drp=0mm tcq=0
16:25:11.330 [ISOBUS] addr=0x81 claimed=Y load=0.2% msgs=67132 aiso=2038(2122013ms) xte=0.00m spd=0.00m/s q=0 ggaAge=4356 vtgAge=4352 xteAge=2122013 xteraw=80:510302FF0F060DFF vt=N(1/22) vtstat=3391/4952ms tc=Y drp=0mm tcq=0
16:25:12.314 [ISOBUS] addr=0x81 claimed=Y load=0.1% msgs=67132 aiso=2038(2123013ms) xte=0.00m spd=0.00m/s q=0 ggaAge=5356 vtgAge=5352 xteAge=2123013 xteraw=80:510302FF0F060DFF vt=N(1/22) vtstat=3391/5952ms tc=Y drp=0mm tcq=0
16:25:12.377 E] [TC]: Server Status Message Timeout. The TC may be offline.
16:25:13.323 [ISOBUS] addr=0x81 claimed=Y load=0.1% msgs=67132 aiso=2038(2124013ms) xte=0.00m spd=0.00m/s q=0 ggaAge=6356 vtgAge=6352 xteAge=2124013 xteraw=80:510302FF0F060DFF vt=N(1/22) vtstat=3391/6952ms tc=N drp=0mm tcq=0
16:25:14.306 [ISOBUS] addr=0x81 claimed=Y load=0.1% msgs=67132 aiso=2038(2125013ms) xte=0.00m spd=0.00m/s q=0 ggaAge=7356 vtgAge=7352 xteAge=2125013 xteraw=80:510302FF0F060DFF vt=N(1/22) vtstat=3391/7952ms tc=N drp=0mm tcq=0
16:25:15.305 [ISOBUS] addr=0x81 claimed=Y load=0.3% msgs=67132 aiso=2038(2126013ms) xte=0.00m spd=0.00m/s q=0 ggaAge=8356 vtgAge=8352 xteAge=2126013 xteraw=80:510302FF0F060DFF vt=N(1/22) vtstat=3391/8952ms tc=N drp=0mm tcq=0
16:25:16.305 [ISOBUS] addr=0x81 claimed=Y load=0.1% msgs=67132 aiso=2038(2127013ms) xte=0.00m spd=0.00m/s q=0 ggaAge=9356 vtgAge=9352 xteAge=2127013 xteraw=80:510302FF0F060DFF vt=N(1/22) vtstat=3391/9952ms tc=N drp=0mm tcq=0
16:25:17.303 [ISOBUS] addr=0x81 claimed=Y load=0.1% msgs=67132 aiso=2038(2128013ms) xte=0.00m spd=0.00m/s q=0 ggaAge=10356 vtgAge=10352 xteAge=2128013 xteraw=80:510302FF0F060DFF vt=N(1/22) vtstat=3391/10952ms tc=N drp=0mm tcq=0
16:25:18.311 [ISOBUS] addr=0x81 claimed=Y load=0.1% msgs=67132 aiso=2038(2129013ms) xte=0.00m spd=0.00m/s q=0 ggaAge=11356 vtgAge=11352 xteAge=2129013 xteraw=80:510302FF0F060DFF vt=N(1/22) vtstat=3391/11952ms tc=N drp=0mm tcq=0
16:25:19.314 [ISOBUS] addr=0x81 claimed=Y load=0.1% msgs=67132 aiso=2038(2130013ms) xte=0.00m spd=0.00m/s q=0 ggaAge=12356 vtgAge=12352 xteAge=2130013 xteraw=80:510302FF0F060DFF vt=N(1/22) vtstat=3391/12952ms tc=N drp=0mm tcq=0
16:25:19.353 VT: disconnected 10s after having been connected -- forcing reconnect attempt 1 (partner addr=0x80 valid=Y)
16:25:19.353 I] [VT]: VT Client connection has been terminated.
16:25:20.329 [ISOBUS] addr=0x81 claimed=Y load=0.1% msgs=67132 aiso=2038(2131013ms) xte=0.00m spd=0.00m/s q=0 ggaAge=13356 vtgAge=13352 xteAge=2131013 xteraw=80:510302FF0F060DFF vt=N(1/22) vtstat=3391/13952ms tc=N drp=0mm tcq=0
16:25:21.314 [ISOBUS] addr=0x81 claimed=Y load=0.1% msgs=67132 aiso=2038(2132013ms) xte=0.00m spd=0.00m/s q=0 ggaAge=14356 vtgAge=14352 xteAge=2132013 xteraw=80:510302FF0F060DFF vt=N(1/22) vtstat=3391/14952ms tc=N drp=0mm tcq=0
16:25:21.377 VT: partner 0x80 silent -- requesting address claims to find another VT
16:25:21.377 W] [AC]: Address violation for address 129
16:25:22.120 I] [NM]: Control function with address 38 and NAME 000000000000000lx is now offline on channel 197275905.
16:25:22.120 I] [NM]: Control function with address 43 and NAME 000000000000000lx is now offline on channel 203452081.
16:25:22.120 I] [NM]: Control function with address 172 and NAME 000000000000000lx is now offline on channel 197275905.
16:25:22.120 I] [NM]: Control function with address 205 and NAME 000000000000000lx is now offline on channel 198344577.
16:25:22.120 I] [NM]: Control function with address 233 and NAME 000000000000000lx is now offline on channel 203452081.
16:25:22.128 I] [NM]: Control function with address 240 and NAME 000000000000000lx is now offline on channel 197783967.
16:25:22.128 I] [NM]: Control function with address 245 and NAME 000000000000000lx is now offline on channel 203452081.
16:25:22.326 [ISOBUS] addr=0x81 claimed=Y load=0.2% msgs=67132 aiso=2038(2133013ms) xte=0.00m spd=0.00m/s q=0 ggaAge=15356 vtgAge=15352 xteAge=2133013 xteraw=80:510302FF0F060DFF vt=N(1/22) vtstat=3391/15952ms tc=N drp=0mm tcq=0
16:25:23.321 [ISOBUS] addr=0x81 claimed=Y load=0.1% msgs=67132 aiso=2038(2134013ms) xte=0.00m spd=0.00m/s q=0 ggaAge=16356 vtgAge=16352 xteAge=2134013 xteraw=80:510302FF0F060DFF vt=N(1/22) vtstat=3391/16952ms tc=N drp=0mm tcq=0
16:25:24.314 [ISOBUS] addr=0x81 claimed=Y load=0.1% msgs=67132 aiso=2038(2135013ms) xte=0.00m spd=0.00m/s q=0 ggaAge=17356 vtgAge=17352 xteAge=2135013 xteraw=80:510302FF0F060DFF vt=N(1/22) vtstat=3391/17952ms tc=N drp=0mm tcq=0
16:25:25.331 [ISOBUS] addr=0x81 claimed=Y load=0.3% msgs=67132 aiso=2038(2136013ms) xte=0.00m spd=0.00m/s q=0 ggaAge=18356 vtgAge=18352 xteAge=2136013 xteraw=80:510302FF0F060DFF vt=N(1/22) vtstat=3391/18952ms tc=N drp=0mm tcq=0
16:25:26.310 [ISOBUS] addr=0x81 claimed=Y load=0.1% msgs=67132 aiso=2038(2137013ms) xte=0.00m spd=0.00m/s q=0 ggaAge=19356 vtgAge=19352 xteAge=2137013 xteraw=80:510302FF0F060DFF vt=N(1/22) vtstat=3391/19952ms tc=N drp=0mm tcq=0
