[   0.003] --- connected ---
[   2.107] I] [NM]: A partner with name 000000000000000lx has claimed address 2684361992 on channel 197275905.
[   2.107] === ISOBUS DEBUG MENU ===
[   2.107] 1. Full status dump
[   2.107] 2. Periodic summary line (OFF - press to toggle)
[   2.107] 3. Reset message counters
[   2.108] q. Exit
[   2.110] Periodic summary line: ON
[   2.110] === ISOBUS DEBUG MENU ===
[   2.110] 1. Full status dump
[   2.110] 2. Periodic summary line (ON - press to toggle)
[   2.110] 3. Reset message counters
[   2.110] q. Exit
[   2.110] Exiting.
[   3.110] [ISOBUS] addr=0x81 claimed=Y load=7.8% msgs=0 aiso=0(0ms) xte=0.00m spd=0.00m/s q=0 ggaAge=9426 vtgAge=9426 xteAge=9426 vt=N(1/22) vtstat=0/0ms tc=N drp=0mm tcq=0
[   3.111] I] [VT]: VT Server has a matching label for MW03   . It will be loaded and upload will be skipped.
[   3.111] I] [VT]: Loaded object pool version from VT non-volatile memory with no errors.
[   4.110] [ISOBUS] addr=0x81 claimed=Y load=12.9% msgs=6 aiso=1(10426ms) xte=0.00m spd=0.00m/s q=0 ggaAge=10426 vtgAge=10426 xteAge=10426 vt=Y(21/22) vtstat=1/935ms tc=N drp=0mm tcq=0
[   5.124] [ISOBUS] addr=0x81 claimed=Y load=11.5% msgs=7 aiso=2(11426ms) xte=0.00m spd=0.00m/s q=0 ggaAge=11426 vtgAge=11426 xteAge=11426 vt=Y(21/22) vtstat=2/935ms tc=N drp=0mm tcq=0
[   5.124] [ISOBUS] addr=0x81 claimed=Y load=11.5% msgs=8 aiso=3(12426ms) xte=0.00m spd=0.00m/s q=0 ggaAge=12426 vtgAge=12426 xteAge=12426 vt=Y(21/22) vtstat=3/934ms tc=N drp=0mm tcq=0
[   6.138] [ISOBUS] addr=0x81 claimed=Y load=11.5% msgs=9 aiso=4(13426ms) xte=0.00m spd=0.00m/s q=0 ggaAge=13426 vtgAge=13426 xteAge=13426 vt=Y(21/22) vtstat=4/934ms tc=N drp=0mm tcq=0
[   7.149] [ISOBUS] addr=0x81 claimed=Y load=11.5% msgs=10 aiso=5(14426ms) xte=0.00m spd=0.00m/s q=0 ggaAge=14426 vtgAge=14426 xteAge=14426 vt=Y(21/22) vtstat=5/934ms tc=N drp=0mm tcq=0
[   8.164] [ISOBUS] addr=0x81 claimed=Y load=11.5% msgs=11 aiso=6(15426ms) xte=0.00m spd=0.00m/s q=0 ggaAge=15426 vtgAge=15426 xteAge=15426 vt=Y(21/22) vtstat=6/934ms tc=N drp=0mm tcq=0
[   9.166] [ISOBUS] addr=0x81 claimed=Y load=11.5% msgs=12 aiso=7(16426ms) xte=0.00m spd=0.00m/s q=0 ggaAge=16426 vtgAge=16426 xteAge=16426 vt=Y(21/22) vtstat=7/933ms tc=N drp=0mm tcq=0
[  10.179] [ISOBUS] addr=0x81 claimed=Y load=12.0% msgs=17 aiso=8(17426ms) xte=0.00m spd=0.00m/s q=0 ggaAge=17426 vtgAge=17426 xteAge=17426 vt=Y(21/22) vtstat=9/533ms tc=N drp=0mm tcq=0
[  11.180] [ISOBUS] addr=0x81 claimed=Y load=11.5% msgs=18 aiso=9(18426ms) xte=0.00m spd=0.00m/s q=0 ggaAge=18426 vtgAge=18426 xteAge=18426 vt=Y(21/22) vtstat=10/532ms tc=N drp=0mm tcq=0
[  12.183] [ISOBUS] addr=0x81 claimed=Y load=11.5% msgs=19 aiso=10(19426ms) xte=0.00m spd=0.00m/s q=0 ggaAge=19426 vtgAge=19426 xteAge=19426 vt=Y(21/22) vtstat=11/532ms tc=N drp=0mm tcq=0
[  13.187] [ISOBUS] addr=0x81 claimed=Y load=11.5% msgs=20 aiso=11(20426ms) xte=0.00m spd=0.00m/s q=0 ggaAge=20426 vtgAge=20426 xteAge=20426 vt=Y(21/22) vtstat=12/531ms tc=N drp=0mm tcq=0
[  14.191] [ISOBUS] addr=0x81 claimed=Y load=11.5% msgs=21 aiso=12(21426ms) xte=0.00m spd=0.00m/s q=0 ggaAge=21426 vtgAge=21426 xteAge=21426 vt=Y(21/22) vtstat=13/531ms tc=N drp=0mm tcq=0
[  15.193] [ISOBUS] addr=0x81 claimed=Y load=11.5% msgs=22 aiso=13(22426ms) xte=0.00m spd=0.00m/s q=0 ggaAge=22426 vtgAge=22426 xteAge=22426 vt=Y(21/22) vtstat=14/531ms tc=N drp=0mm tcq=0
[  16.193] [ISOBUS] addr=0x81 claimed=Y load=11.5% msgs=23 aiso=14(23426ms) xte=0.00m spd=0.00m/s q=0 ggaAge=23426 vtgAge=23426 xteAge=23426 vt=Y(21/22) vtstat=15/530ms tc=N drp=0mm tcq=0
[  17.207] [ISOBUS] addr=0x81 claimed=Y load=11.5% msgs=24 aiso=15(24426ms) xte=0.00m spd=0.00m/s q=0 ggaAge=24426 vtgAge=24426 xteAge=24426 vt=Y(21/22) vtstat=16/530ms tc=N drp=0mm tcq=0
[  18.209] [ISOBUS] addr=0x81 claimed=Y load=11.5% msgs=25 aiso=16(25426ms) xte=0.00m spd=0.00m/s q=0 ggaAge=25426 vtgAge=25426 xteAge=25426 vt=Y(21/22) vtstat=17/530ms tc=N drp=0mm tcq=0
[  19.212] [ISOBUS] addr=0x81 claimed=Y load=11.5% msgs=26 aiso=17(26426ms) xte=0.00m spd=0.00m/s q=0 ggaAge=26426 vtgAge=26426 xteAge=26426 vt=Y(21/22) vtstat=18/529ms tc=N drp=0mm tcq=0
[  20.213] [ISOBUS] addr=0x81 claimed=Y load=11.9% msgs=31 aiso=18(27426ms) xte=0.00m spd=0.00m/s q=0 ggaAge=27426 vtgAge=27426 xteAge=27426 vt=Y(21/22) vtstat=19/529ms tc=N drp=0mm tcq=0
[  21.227] [ISOBUS] addr=0x81 claimed=Y load=11.5% msgs=32 aiso=19(28426ms) xte=0.00m spd=0.00m/s q=0 ggaAge=28426 vtgAge=28426 xteAge=28426 vt=Y(21/22) vtstat=20/529ms tc=N drp=0mm tcq=0
[  22.228] [ISOBUS] addr=0x81 claimed=Y load=11.5% msgs=33 aiso=20(29426ms) xte=0.00m spd=0.00m/s q=0 ggaAge=29426 vtgAge=29426 xteAge=29426 vt=Y(21/22) vtstat=21/528ms tc=N drp=0mm tcq=0
[  23.241] [ISOBUS] addr=0x81 claimed=Y load=11.5% msgs=34 aiso=21(30426ms) xte=0.00m spd=0.00m/s q=0 ggaAge=30426 vtgAge=30426 xteAge=30426 vt=Y(21/22) vtstat=22/528ms tc=N drp=0mm tcq=0
[  24.256] [ISOBUS] addr=0x81 claimed=Y load=11.5% msgs=35 aiso=22(31426ms) xte=0.00m spd=0.00m/s q=0 ggaAge=31426 vtgAge=31426 xteAge=31426 vt=Y(21/22) vtstat=23/528ms tc=N drp=0mm tcq=0
[  25.257] [ISOBUS] addr=0x81 claimed=Y load=11.5% msgs=36 aiso=23(32426ms) xte=0.00m spd=0.00m/s q=0 ggaAge=32426 vtgAge=32426 xteAge=32426 vt=Y(21/22) vtstat=24/527ms tc=N drp=0mm tcq=0
[  26.261] [ISOBUS] addr=0x81 claimed=Y load=11.5% msgs=37 aiso=24(33426ms) xte=0.00m spd=0.00m/s q=0 ggaAge=33426 vtgAge=33426 xteAge=33426 vt=Y(21/22) vtstat=25/527ms tc=N drp=0mm tcq=0
[  27.271] [ISOBUS] addr=0x81 claimed=Y load=11.5% msgs=38 aiso=25(34426ms) xte=0.00m spd=0.00m/s q=0 ggaAge=34426 vtgAge=34426 xteAge=34426 vt=Y(21/22) vtstat=26/527ms tc=N drp=0mm tcq=0
[  28.284] [ISOBUS] addr=0x81 claimed=Y load=11.5% msgs=39 aiso=26(35426ms) xte=0.00m spd=0.00m/s q=0 ggaAge=35426 vtgAge=35426 xteAge=35426 vt=Y(21/22) vtstat=27/526ms tc=N drp=0mm tcq=0
[  29.286] [ISOBUS] addr=0x81 claimed=Y load=11.5% msgs=40 aiso=27(36426ms) xte=0.00m spd=0.00m/s q=0 ggaAge=36426 vtgAge=36426 xteAge=36426 vt=Y(21/22) vtstat=28/526ms tc=N drp=0mm tcq=0
[  30.288] [ISOBUS] addr=0x81 claimed=Y load=11.9% msgs=45 aiso=28(37426ms) xte=0.00m spd=0.00m/s q=0 ggaAge=37426 vtgAge=37426 xteAge=37426 vt=Y(21/22) vtstat=29/526ms tc=N drp=0mm tcq=0
[  31.302] [ISOBUS] addr=0x81 claimed=Y load=11.5% msgs=46 aiso=29(38426ms) xte=0.00m spd=0.00m/s q=0 ggaAge=38426 vtgAge=38426 xteAge=38426 vt=Y(21/22) vtstat=30/525ms tc=N drp=0mm tcq=0
[  32.317] [ISOBUS] addr=0x81 claimed=Y load=11.6% msgs=47 aiso=30(39426ms) xte=0.00m spd=0.00m/s q=0 ggaAge=39426 vtgAge=39426 xteAge=39426 vt=Y(21/22) vtstat=31/525ms tc=N drp=0mm tcq=0
[  32.317] VT: Wider pressed
[  33.331] [ISOBUS] addr=0x81 claimed=Y load=11.9% msgs=48 aiso=31(40426ms) xte=0.00m spd=0.00m/s q=0 ggaAge=40426 vtgAge=40426 xteAge=40426 vt=Y(21/22) vtstat=32/525ms tc=N drp=0mm tcq=0
[  34.332] VT: Narrower pressed
[  34.332] [ISOBUS] addr=0x81 claimed=Y load=12.0% msgs=49 aiso=32(41426ms) xte=0.00m spd=0.00m/s q=0 ggaAge=41426 vtgAge=41426 xteAge=41426 vt=Y(21/22) vtstat=33/524ms tc=N drp=0mm tcq=0
[  35.336] VT: Narrower pressed
[  35.336] [ISOBUS] addr=0x81 claimed=Y load=11.9% msgs=50 aiso=33(42426ms) xte=0.00m spd=0.00m/s q=0 ggaAge=42426 vtgAge=42426 xteAge=42426 vt=Y(21/22) vtstat=34/524ms tc=N drp=0mm tcq=0
[  36.351] [ISOBUS] addr=0x81 claimed=Y load=11.8% msgs=51 aiso=34(43426ms) xte=0.00m spd=0.00m/s q=0 ggaAge=43426 vtgAge=43426 xteAge=43426 vt=Y(21/22) vtstat=35/524ms tc=N drp=0mm tcq=0
[  36.351] VT: Narrower pressed
[  37.351] VT: Wider pressed
[  37.351] [ISOBUS] addr=0x81 claimed=Y load=12.2% msgs=52 aiso=35(44426ms) xte=0.00m spd=0.00m/s q=0 ggaAge=44426 vtgAge=44426 xteAge=44426 vt=Y(21/22) vtstat=36/523ms tc=N drp=0mm tcq=0
[  38.362] [ISOBUS] addr=0x81 claimed=Y load=11.5% msgs=53 aiso=36(45426ms) xte=0.00m spd=0.00m/s q=0 ggaAge=45426 vtgAge=45426 xteAge=45426 vt=Y(21/22) vtstat=37/523ms tc=N drp=0mm tcq=0
[  39.371] [ISOBUS] addr=0x81 claimed=Y load=11.5% msgs=54 aiso=37(46426ms) xte=0.00m spd=0.00m/s q=0 ggaAge=46426 vtgAge=46426 xteAge=46426 vt=Y(21/22) vtstat=38/523ms tc=N drp=0mm tcq=0
[  40.383] [ISOBUS] addr=0x81 claimed=Y load=11.9% msgs=59 aiso=38(47426ms) xte=0.00m spd=0.00m/s q=0 ggaAge=47426 vtgAge=47426 xteAge=47426 vt=Y(21/22) vtstat=39/522ms tc=N drp=0mm tcq=0
[  41.386] [ISOBUS] addr=0x81 claimed=Y load=11.6% msgs=60 aiso=39(48426ms) xte=0.00m spd=0.00m/s q=0 ggaAge=48426 vtgAge=48426 xteAge=48426 vt=Y(21/22) vtstat=40/522ms tc=N drp=0mm tcq=0
[  42.399] VT: Narrower pressed
[  42.399] [ISOBUS] addr=0x81 claimed=Y load=12.0% msgs=61 aiso=40(49426ms) xte=0.00m spd=0.00m/s q=0 ggaAge=49426 vtgAge=49426 xteAge=49426 vt=Y(21/22) vtstat=41/522ms tc=N drp=0mm tcq=0
[  43.412] VT: Narrower pressed
[  43.412] [ISOBUS] addr=0x81 claimed=Y load=11.7% msgs=62 aiso=41(50426ms) xte=0.00m spd=0.00m/s q=0 ggaAge=50426 vtgAge=50426 xteAge=50426 vt=Y(21/22) vtstat=42/521ms tc=N drp=0mm tcq=0
[  44.425] VT: Narrower pressed
[  44.425] [ISOBUS] addr=0x81 claimed=Y load=11.7% msgs=63 aiso=42(51426ms) xte=0.00m spd=0.00m/s q=0 ggaAge=51426 vtgAge=51426 xteAge=51426 vt=Y(21/22) vtstat=43/521ms tc=N drp=0mm tcq=0
[  45.436] VT: Auto pressed (not wired to control)
[  45.436] [ISOBUS] addr=0x81 claimed=Y load=12.0% msgs=64 aiso=43(52426ms) xte=0.00m spd=0.00m/s q=0 ggaAge=52426 vtgAge=52426 xteAge=52426 vt=Y(21/22) vtstat=44/521ms tc=N drp=0mm tcq=0
[  46.451] [ISOBUS] addr=0x81 claimed=Y load=11.5% msgs=65 aiso=44(53426ms) xte=0.00m spd=0.00m/s q=0 ggaAge=53426 vtgAge=53426 xteAge=53426 vt=Y(21/22) vtstat=45/520ms tc=N drp=0mm tcq=0
[  46.451] VT: Auto pressed (not wired to control)
[  47.453] [ISOBUS] addr=0x81 claimed=Y load=11.7% msgs=66 aiso=45(54426ms) xte=0.00m spd=0.00m/s q=0 ggaAge=54426 vtgAge=54426 xteAge=54426 vt=Y(21/22) vtstat=46/520ms tc=N drp=0mm tcq=0
[  48.460] [ISOBUS] addr=0x81 claimed=Y load=11.5% msgs=67 aiso=46(55426ms) xte=0.00m spd=0.00m/s q=0 ggaAge=55426 vtgAge=55426 xteAge=55426 vt=Y(21/22) vtstat=47/520ms tc=N drp=0mm tcq=0
[  49.467] [ISOBUS] addr=0x81 claimed=Y load=11.5% msgs=68 aiso=47(56426ms) xte=0.00m spd=0.00m/s q=0 ggaAge=56426 vtgAge=56426 xteAge=56426 vt=Y(21/22) vtstat=48/520ms tc=N drp=0mm tcq=0
[  50.479] [ISOBUS] addr=0x81 claimed=Y load=11.9% msgs=73 aiso=48(57426ms) xte=0.00m spd=0.00m/s q=0 ggaAge=57426 vtgAge=57426 xteAge=57426 vt=Y(21/22) vtstat=49/519ms tc=N drp=0mm tcq=0
[  51.486] [ISOBUS] addr=0x81 claimed=Y load=11.5% msgs=74 aiso=49(58426ms) xte=0.00m spd=0.00m/s q=0 ggaAge=58426 vtgAge=58426 xteAge=58426 vt=Y(21/22) vtstat=50/519ms tc=N drp=0mm tcq=0
[  52.495] [ISOBUS] addr=0x81 claimed=Y load=11.5% msgs=75 aiso=50(59426ms) xte=0.00m spd=0.00m/s q=0 ggaAge=59426 vtgAge=59426 xteAge=59426 vt=Y(21/22) vtstat=51/518ms tc=N drp=0mm tcq=0
[  53.500] [ISOBUS] addr=0x81 claimed=Y load=11.5% msgs=76 aiso=51(60426ms) xte=0.00m spd=0.00m/s q=0 ggaAge=60426 vtgAge=60426 xteAge=60426 vt=Y(21/22) vtstat=52/518ms tc=N drp=0mm tcq=0
[  54.501] [ISOBUS] addr=0x81 claimed=Y load=11.5% msgs=77 aiso=52(61426ms) xte=0.00m spd=0.00m/s q=0 ggaAge=61426 vtgAge=61426 xteAge=61426 vt=Y(21/22) vtstat=53/518ms tc=N drp=0mm tcq=0
[  55.506] [ISOBUS] addr=0x81 claimed=Y load=11.5% msgs=78 aiso=53(62426ms) xte=0.00m spd=0.00m/s q=0 ggaAge=62426 vtgAge=62426 xteAge=62426 vt=Y(21/22) vtstat=54/518ms tc=N drp=0mm tcq=0
[  56.514] [ISOBUS] addr=0x81 claimed=Y load=11.5% msgs=79 aiso=54(63426ms) xte=0.00m spd=0.00m/s q=0 ggaAge=63426 vtgAge=63426 xteAge=63426 vt=Y(21/22) vtstat=55/517ms tc=N drp=0mm tcq=0
[  57.527] [ISOBUS] addr=0x81 claimed=Y load=11.5% msgs=80 aiso=55(64426ms) xte=0.00m spd=0.00m/s q=0 ggaAge=64426 vtgAge=64426 xteAge=64426 vt=Y(21/22) vtstat=56/517ms tc=N drp=0mm tcq=0
[  58.558] [ISOBUS] addr=0x81 claimed=Y load=11.5% msgs=81 aiso=56(65426ms) xte=0.00m spd=0.00m/s q=0 ggaAge=65426 vtgAge=65426 xteAge=65426 vt=Y(21/22) vtstat=57/516ms tc=N drp=0mm tcq=0
[  59.559] [ISOBUS] addr=0x81 claimed=Y load=11.5% msgs=82 aiso=57(66426ms) xte=0.00m spd=0.00m/s q=0 ggaAge=66426 vtgAge=66426 xteAge=66426 vt=Y(21/22) vtstat=58/515ms tc=N drp=0mm tcq=0
[  60.570] [ISOBUS] addr=0x81 claimed=Y load=11.9% msgs=87 aiso=58(67426ms) xte=0.00m spd=0.00m/s q=0 ggaAge=67426 vtgAge=67426 xteAge=67426 vt=Y(21/22) vtstat=59/515ms tc=N drp=0mm tcq=0
[  61.577] [ISOBUS] addr=0x81 claimed=Y load=11.5% msgs=88 aiso=59(68428ms) xte=0.00m spd=0.00m/s q=0 ggaAge=68428 vtgAge=68428 xteAge=68428 vt=Y(21/22) vtstat=60/517ms tc=N drp=0mm tcq=0
[  62.591] [ISOBUS] addr=0x81 claimed=Y load=11.9% msgs=89 aiso=60(69428ms) xte=0.00m spd=0.00m/s q=0 ggaAge=69428 vtgAge=69428 xteAge=69428 vt=Y(21/22) vtstat=61/517ms tc=N drp=0mm tcq=0
[  63.595] [ISOBUS] addr=0x81 claimed=Y load=11.7% msgs=90 aiso=61(70428ms) xte=0.00m spd=0.00m/s q=0 ggaAge=70428 vtgAge=70428 xteAge=70428 vt=Y(21/22) vtstat=62/517ms tc=N drp=0mm tcq=0
[  64.601] [ISOBUS] addr=0x81 claimed=Y load=11.8% msgs=91 aiso=62(71428ms) xte=0.00m spd=0.00m/s q=0 ggaAge=71428 vtgAge=71428 xteAge=71428 vt=Y(21/22) vtstat=63/516ms tc=N drp=0mm tcq=0
[  65.608] [ISOBUS] addr=0x81 claimed=Y load=11.5% msgs=92 aiso=63(72428ms) xte=0.00m spd=0.00m/s q=0 ggaAge=72428 vtgAge=72428 xteAge=72428 vt=Y(21/22) vtstat=64/516ms tc=N drp=0mm tcq=0
[  66.608] [ISOBUS] addr=0x81 claimed=Y load=11.5% msgs=93 aiso=64(73428ms) xte=0.00m spd=0.00m/s q=0 ggaAge=73428 vtgAge=73428 xteAge=73428 vt=Y(21/22) vtstat=65/516ms tc=N drp=0mm tcq=0
[  67.614] [ISOBUS] addr=0x81 claimed=Y load=11.5% msgs=94 aiso=65(74428ms) xte=0.00m spd=0.00m/s q=0 ggaAge=74428 vtgAge=74428 xteAge=74428 vt=Y(21/22) vtstat=66/515ms tc=N drp=0mm tcq=0
[  68.617] [ISOBUS] addr=0x81 claimed=Y load=11.5% msgs=95 aiso=66(75428ms) xte=0.00m spd=0.00m/s q=0 ggaAge=75428 vtgAge=75428 xteAge=75428 vt=Y(21/22) vtstat=67/515ms tc=N drp=0mm tcq=0
[  69.630] [ISOBUS] addr=0x81 claimed=Y load=11.5% msgs=96 aiso=67(76428ms) xte=0.00m spd=0.00m/s q=0 ggaAge=76428 vtgAge=76428 xteAge=76428 vt=Y(21/22) vtstat=68/515ms tc=N drp=0mm tcq=0
[  70.640] [ISOBUS] addr=0x81 claimed=Y load=11.9% msgs=101 aiso=68(77428ms) xte=0.00m spd=0.00m/s q=0 ggaAge=77428 vtgAge=77428 xteAge=77428 vt=Y(21/22) vtstat=69/514ms tc=N drp=0mm tcq=0
[  71.644] [ISOBUS] addr=0x81 claimed=Y load=11.4% msgs=102 aiso=69(78428ms) xte=0.00m spd=0.00m/s q=0 ggaAge=78428 vtgAge=78428 xteAge=78428 vt=Y(21/22) vtstat=70/514ms tc=N drp=0mm tcq=0
[  72.652] [ISOBUS] addr=0x81 claimed=Y load=11.5% msgs=103 aiso=70(79428ms) xte=0.00m spd=0.00m/s q=0 ggaAge=79428 vtgAge=79428 xteAge=79428 vt=Y(21/22) vtstat=71/514ms tc=N drp=0mm tcq=0
[  73.660] [ISOBUS] addr=0x81 claimed=Y load=11.5% msgs=104 aiso=71(80428ms) xte=0.00m spd=0.00m/s q=0 ggaAge=80428 vtgAge=80428 xteAge=80428 vt=Y(21/22) vtstat=72/513ms tc=N drp=0mm tcq=0
[  74.665] [ISOBUS] addr=0x81 claimed=Y load=11.4% msgs=105 aiso=72(81428ms) xte=0.00m spd=0.00m/s q=0 ggaAge=81428 vtgAge=81428 xteAge=81428 vt=Y(21/22) vtstat=73/513ms tc=N drp=0mm tcq=0
[  75.673] [ISOBUS] addr=0x81 claimed=Y load=11.5% msgs=106 aiso=73(82428ms) xte=0.00m spd=0.00m/s q=0 ggaAge=82428 vtgAge=82428 xteAge=82428 vt=Y(21/22) vtstat=74/513ms tc=N drp=0mm tcq=0
[  76.678] [ISOBUS] addr=0x81 claimed=Y load=11.5% msgs=107 aiso=74(83428ms) xte=0.00m spd=0.00m/s q=0 ggaAge=83428 vtgAge=83428 xteAge=83428 vt=Y(21/22) vtstat=75/512ms tc=N drp=0mm tcq=0
[  77.685] [ISOBUS] addr=0x81 claimed=Y load=11.4% msgs=108 aiso=75(84428ms) xte=0.00m spd=0.00m/s q=0 ggaAge=84428 vtgAge=84428 xteAge=84428 vt=Y(21/22) vtstat=76/512ms tc=N drp=0mm tcq=0
[  78.693] [ISOBUS] addr=0x81 claimed=Y load=11.5% msgs=109 aiso=76(85428ms) xte=0.00m spd=0.00m/s q=0 ggaAge=85428 vtgAge=85428 xteAge=85428 vt=Y(21/22) vtstat=77/512ms tc=N drp=0mm tcq=0
[  79.697] [ISOBUS] addr=0x81 claimed=Y load=11.5% msgs=110 aiso=77(86428ms) xte=0.00m spd=0.00m/s q=0 ggaAge=86428 vtgAge=86428 xteAge=86428 vt=Y(21/22) vtstat=78/511ms tc=N drp=0mm tcq=0
[  80.703] [ISOBUS] addr=0x81 claimed=Y load=11.9% msgs=115 aiso=78(87428ms) xte=0.00m spd=0.00m/s q=0 ggaAge=87428 vtgAge=87428 xteAge=87428 vt=Y(21/22) vtstat=79/511ms tc=N drp=0mm tcq=0
[  81.734] [ISOBUS] addr=0x81 claimed=Y load=11.5% msgs=116 aiso=79(88428ms) xte=0.00m spd=0.00m/s q=0 ggaAge=88428 vtgAge=88428 xteAge=88428 vt=Y(21/22) vtstat=80/511ms tc=N drp=0mm tcq=0
[  82.748] [ISOBUS] addr=0x81 claimed=Y load=11.5% msgs=117 aiso=80(89428ms) xte=0.00m spd=0.00m/s q=0 ggaAge=89428 vtgAge=89428 xteAge=89428 vt=Y(21/22) vtstat=81/510ms tc=N drp=0mm tcq=0
[  83.751] [ISOBUS] addr=0x81 claimed=Y load=11.4% msgs=118 aiso=81(90428ms) xte=0.00m spd=0.00m/s q=0 ggaAge=90428 vtgAge=90428 xteAge=90428 vt=Y(21/22) vtstat=82/510ms tc=N drp=0mm tcq=0
[  84.757] [ISOBUS] addr=0x81 claimed=Y load=11.5% msgs=119 aiso=82(91428ms) xte=0.00m spd=0.00m/s q=0 ggaAge=91428 vtgAge=91428 xteAge=91428 vt=Y(21/22) vtstat=83/510ms tc=N drp=0mm tcq=0
[  85.771] [ISOBUS] addr=0x81 claimed=Y load=11.5% msgs=120 aiso=83(92428ms) xte=0.00m spd=0.00m/s q=0 ggaAge=92428 vtgAge=92428 xteAge=92428 vt=Y(21/22) vtstat=84/509ms tc=N drp=0mm tcq=0
[  86.779] [ISOBUS] addr=0x81 claimed=Y load=11.4% msgs=121 aiso=84(93428ms) xte=0.00m spd=0.00m/s q=0 ggaAge=93428 vtgAge=93428 xteAge=93428 vt=Y(21/22) vtstat=85/509ms tc=N drp=0mm tcq=0
[  87.780] [ISOBUS] addr=0x81 claimed=Y load=11.5% msgs=122 aiso=85(94428ms) xte=0.00m spd=0.00m/s q=0 ggaAge=94428 vtgAge=94428 xteAge=94428 vt=Y(21/22) vtstat=86/509ms tc=N drp=0mm tcq=0
[  88.794] [ISOBUS] addr=0x81 claimed=Y load=11.4% msgs=123 aiso=86(95428ms) xte=0.00m spd=0.00m/s q=0 ggaAge=95428 vtgAge=95428 xteAge=95428 vt=Y(21/22) vtstat=87/508ms tc=N drp=0mm tcq=0
[  89.801] [ISOBUS] addr=0x81 claimed=Y load=11.5% msgs=124 aiso=87(96428ms) xte=0.00m spd=0.00m/s q=0 ggaAge=96428 vtgAge=96428 xteAge=96428 vt=Y(21/22) vtstat=88/508ms tc=N drp=0mm tcq=0
[  90.807] [ISOBUS] addr=0x81 claimed=Y load=12.0% msgs=129 aiso=88(97428ms) xte=0.00m spd=0.00m/s q=0 ggaAge=97428 vtgAge=97428 xteAge=97428 vt=Y(21/22) vtstat=89/508ms tc=N drp=0mm tcq=0
[  91.817] [ISOBUS] addr=0x81 claimed=Y load=11.4% msgs=130 aiso=89(98428ms) xte=0.00m spd=0.00m/s q=0 ggaAge=98428 vtgAge=98428 xteAge=98428 vt=Y(21/22) vtstat=90/506ms tc=N drp=0mm tcq=0
[  92.823] [ISOBUS] addr=0x81 claimed=Y load=11.5% msgs=131 aiso=90(99428ms) xte=0.00m spd=0.00m/s q=0 ggaAge=99428 vtgAge=99428 xteAge=99428 vt=Y(21/22) vtstat=91/506ms tc=N drp=0mm tcq=0
[  93.828] [ISOBUS] addr=0x81 claimed=Y load=11.5% msgs=132 aiso=91(100428ms) xte=0.00m spd=0.00m/s q=0 ggaAge=100428 vtgAge=100428 xteAge=100428 vt=Y(21/22) vtstat=92/506ms tc=N drp=0mm tcq=0
[  94.836] [ISOBUS] addr=0x81 claimed=Y load=11.5% msgs=133 aiso=92(101428ms) xte=0.00m spd=0.00m/s q=0 ggaAge=101428 vtgAge=101428 xteAge=101428 vt=Y(21/22) vtstat=93/506ms tc=N drp=0mm tcq=0
[  95.850] [ISOBUS] addr=0x81 claimed=Y load=11.5% msgs=134 aiso=93(102428ms) xte=0.00m spd=0.00m/s q=0 ggaAge=102428 vtgAge=102428 xteAge=102428 vt=Y(21/22) vtstat=94/506ms tc=N drp=0mm tcq=0
[  96.853] [ISOBUS] addr=0x81 claimed=Y load=11.5% msgs=135 aiso=94(103428ms) xte=0.00m spd=0.00m/s q=0 ggaAge=103428 vtgAge=103428 xteAge=103428 vt=Y(21/22) vtstat=95/506ms tc=N drp=0mm tcq=0
[  97.860] [ISOBUS] addr=0x81 claimed=Y load=11.5% msgs=136 aiso=95(104428ms) xte=0.00m spd=0.00m/s q=0 ggaAge=104428 vtgAge=104428 xteAge=104428 vt=Y(21/22) vtstat=96/505ms tc=N drp=0mm tcq=0
[  98.867] [ISOBUS] addr=0x81 claimed=Y load=11.5% msgs=137 aiso=96(105428ms) xte=0.00m spd=0.00m/s q=0 ggaAge=105428 vtgAge=105428 xteAge=105428 vt=Y(21/22) vtstat=97/505ms tc=N drp=0mm tcq=0
[  99.870] [ISOBUS] addr=0x81 claimed=Y load=11.5% msgs=138 aiso=97(106428ms) xte=0.00m spd=0.00m/s q=0 ggaAge=106428 vtgAge=106428 xteAge=106428 vt=Y(21/22) vtstat=98/505ms tc=N drp=0mm tcq=0
[ 100.872] [ISOBUS] addr=0x81 claimed=Y load=11.9% msgs=143 aiso=98(107428ms) xte=0.00m spd=0.00m/s q=0 ggaAge=107428 vtgAge=107428 xteAge=107428 vt=Y(21/22) vtstat=99/504ms tc=N drp=0mm tcq=0
[ 101.886] [ISOBUS] addr=0x81 claimed=Y load=11.5% msgs=144 aiso=99(108428ms) xte=0.00m spd=0.00m/s q=0 ggaAge=108428 vtgAge=108428 xteAge=108428 vt=Y(21/22) vtstat=100/504ms tc=N drp=0mm tcq=0
[ 102.901] [ISOBUS] addr=0x81 claimed=Y load=11.5% msgs=145 aiso=100(109428ms) xte=0.00m spd=0.00m/s q=0 ggaAge=109428 vtgAge=109428 xteAge=109428 vt=Y(21/22) vtstat=101/504ms tc=N drp=0mm tcq=0
[ 103.906] [ISOBUS] addr=0x81 claimed=Y load=11.5% msgs=146 aiso=101(110428ms) xte=0.00m spd=0.00m/s q=0 ggaAge=110428 vtgAge=110428 xteAge=110428 vt=Y(21/22) vtstat=102/503ms tc=N drp=0mm tcq=0
[ 104.908] [ISOBUS] addr=0x81 claimed=Y load=11.5% msgs=147 aiso=102(111428ms) xte=0.00m spd=0.00m/s q=0 ggaAge=111428 vtgAge=111428 xteAge=111428 vt=Y(21/22) vtstat=103/503ms tc=N drp=0mm tcq=0
[ 105.915] [ISOBUS] addr=0x81 claimed=Y load=11.5% msgs=148 aiso=103(112428ms) xte=0.00m spd=0.00m/s q=0 ggaAge=112428 vtgAge=112428 xteAge=112428 vt=Y(21/22) vtstat=104/503ms tc=N drp=0mm tcq=0
[ 106.925] [ISOBUS] addr=0x81 claimed=Y load=11.5% msgs=149 aiso=104(113428ms) xte=0.00m spd=0.00m/s q=0 ggaAge=113428 vtgAge=113428 xteAge=113428 vt=Y(21/22) vtstat=105/502ms tc=N drp=0mm tcq=0
[ 107.929] [ISOBUS] addr=0x81 claimed=Y load=11.4% msgs=150 aiso=105(114428ms) xte=0.00m spd=0.00m/s q=0 ggaAge=114428 vtgAge=114428 xteAge=114428 vt=Y(21/22) vtstat=106/502ms tc=N drp=0mm tcq=0
[ 108.930] [ISOBUS] addr=0x81 claimed=Y load=11.5% msgs=151 aiso=106(115428ms) xte=0.00m spd=0.00m/s q=0 ggaAge=115428 vtgAge=115428 xteAge=115428 vt=Y(21/22) vtstat=107/501ms tc=N drp=0mm tcq=0
[ 109.934] [ISOBUS] addr=0x81 claimed=Y load=11.5% msgs=152 aiso=107(116428ms) xte=0.00m spd=0.00m/s q=0 ggaAge=116428 vtgAge=116428 xteAge=116428 vt=Y(21/22) vtstat=108/501ms tc=N drp=0mm tcq=0
[ 110.940] [ISOBUS] addr=0x81 claimed=Y load=11.9% msgs=157 aiso=108(117428ms) xte=0.00m spd=0.00m/s q=0 ggaAge=117428 vtgAge=117428 xteAge=117428 vt=Y(21/22) vtstat=109/501ms tc=N drp=0mm tcq=0
[ 111.947] [ISOBUS] addr=0x81 claimed=Y load=11.5% msgs=158 aiso=109(118428ms) xte=0.00m spd=0.00m/s q=0 ggaAge=118428 vtgAge=118428 xteAge=118428 vt=Y(21/22) vtstat=110/500ms tc=N drp=0mm tcq=0
[ 112.958] [ISOBUS] addr=0x81 claimed=Y load=11.5% msgs=159 aiso=110(119428ms) xte=0.00m spd=0.00m/s q=0 ggaAge=119428 vtgAge=119428 xteAge=119428 vt=Y(21/22) vtstat=111/500ms tc=N drp=0mm tcq=0
[ 113.963] [ISOBUS] addr=0x81 claimed=Y load=11.5% msgs=160 aiso=111(120428ms) xte=0.00m spd=0.00m/s q=0 ggaAge=120428 vtgAge=120428 xteAge=120428 vt=Y(21/22) vtstat=112/500ms tc=N drp=0mm tcq=0
[ 114.966] [ISOBUS] addr=0x81 claimed=Y load=11.5% msgs=161 aiso=112(121428ms) xte=0.00m spd=0.00m/s q=0 ggaAge=121428 vtgAge=121428 xteAge=121428 vt=Y(21/22) vtstat=113/499ms tc=N drp=0mm tcq=0
[ 115.972] [ISOBUS] addr=0x81 claimed=Y load=11.5% msgs=162 aiso=113(122428ms) xte=0.00m spd=0.00m/s q=0 ggaAge=122428 vtgAge=122428 xteAge=122428 vt=Y(21/22) vtstat=114/499ms tc=N drp=0mm tcq=0
[ 116.973] [ISOBUS] addr=0x81 claimed=Y load=11.5% msgs=163 aiso=114(123428ms) xte=0.00m spd=0.00m/s q=0 ggaAge=123428 vtgAge=123428 xteAge=123428 vt=Y(21/22) vtstat=115/499ms tc=N drp=0mm tcq=0
[ 117.973] [ISOBUS] addr=0x81 claimed=Y load=11.5% msgs=164 aiso=115(124428ms) xte=0.00m spd=0.00m/s q=0 ggaAge=124428 vtgAge=124428 xteAge=124428 vt=Y(21/22) vtstat=116/498ms tc=N drp=0mm tcq=0
[ 118.983] [ISOBUS] addr=0x81 claimed=Y load=11.5% msgs=165 aiso=116(125428ms) xte=0.00m spd=0.00m/s q=0 ggaAge=125428 vtgAge=125428 xteAge=125428 vt=Y(21/22) vtstat=117/498ms tc=N drp=0mm tcq=0
[ 119.993] [ISOBUS] addr=0x81 claimed=Y load=11.5% msgs=166 aiso=117(126428ms) xte=0.00m spd=0.00m/s q=0 ggaAge=126428 vtgAge=126428 xteAge=126428 vt=Y(21/22) vtstat=118/497ms tc=N drp=0mm tcq=0
[ 120.994] [ISOBUS] addr=0x81 claimed=Y load=11.9% msgs=171 aiso=118(127428ms) xte=0.00m spd=0.00m/s q=0 ggaAge=127428 vtgAge=127428 xteAge=127428 vt=Y(21/22) vtstat=119/497ms tc=N drp=0mm tcq=0
[ 122.001] [ISOBUS] addr=0x81 claimed=Y load=11.5% msgs=172 aiso=119(128428ms) xte=0.00m spd=0.00m/s q=0 ggaAge=128428 vtgAge=128428 xteAge=128428 vt=Y(21/22) vtstat=120/495ms tc=N drp=0mm tcq=0
[ 123.012] [ISOBUS] addr=0x81 claimed=Y load=11.5% msgs=173 aiso=120(129428ms) xte=0.00m spd=0.00m/s q=0 ggaAge=129428 vtgAge=129428 xteAge=129428 vt=Y(21/22) vtstat=121/495ms tc=N drp=0mm tcq=0
[ 124.053] [ISOBUS] addr=0x81 claimed=Y load=11.5% msgs=174 aiso=121(130428ms) xte=0.00m spd=0.00m/s q=0 ggaAge=130428 vtgAge=130428 xteAge=130428 vt=Y(21/22) vtstat=122/494ms tc=N drp=0mm tcq=0
[ 125.055] [ISOBUS] addr=0x81 claimed=Y load=11.5% msgs=175 aiso=122(131428ms) xte=0.00m spd=0.00m/s q=0 ggaAge=131428 vtgAge=131428 xteAge=131428 vt=Y(21/22) vtstat=123/495ms tc=N drp=0mm tcq=0
[ 126.059] [ISOBUS] addr=0x81 claimed=Y load=11.5% msgs=176 aiso=123(132428ms) xte=0.00m spd=0.00m/s q=0 ggaAge=132428 vtgAge=132428 xteAge=132428 vt=Y(21/22) vtstat=124/495ms tc=N drp=0mm tcq=0
[ 127.063] [ISOBUS] addr=0x81 claimed=Y load=11.5% msgs=177 aiso=124(133428ms) xte=0.00m spd=0.00m/s q=0 ggaAge=133428 vtgAge=133428 xteAge=133428 vt=Y(21/22) vtstat=125/495ms tc=N drp=0mm tcq=0
[ 128.063] [ISOBUS] addr=0x81 claimed=Y load=11.5% msgs=178 aiso=125(134428ms) xte=0.00m spd=0.00m/s q=0 ggaAge=134428 vtgAge=134428 xteAge=134428 vt=Y(21/22) vtstat=126/495ms tc=N drp=0mm tcq=0
[ 129.063] [ISOBUS] addr=0x81 claimed=Y load=11.5% msgs=179 aiso=126(135428ms) xte=0.00m spd=0.00m/s q=0 ggaAge=135428 vtgAge=135428 xteAge=135428 vt=Y(21/22) vtstat=127/494ms tc=N drp=0mm tcq=0
[ 130.071] [ISOBUS] addr=0x81 claimed=Y load=11.5% msgs=180 aiso=127(136428ms) xte=0.00m spd=0.00m/s q=0 ggaAge=136428 vtgAge=136428 xteAge=136428 vt=Y(21/22) vtstat=128/494ms tc=N drp=0mm tcq=0
[ 131.079] [ISOBUS] addr=0x81 claimed=Y load=11.9% msgs=185 aiso=128(137428ms) xte=0.00m spd=0.00m/s q=0 ggaAge=137428 vtgAge=137428 xteAge=137428 vt=Y(21/22) vtstat=129/494ms tc=N drp=0mm tcq=0
[ 132.092] [ISOBUS] addr=0x81 claimed=Y load=11.5% msgs=186 aiso=129(138428ms) xte=0.00m spd=0.00m/s q=0 ggaAge=138428 vtgAge=138428 xteAge=138428 vt=Y(21/22) vtstat=130/493ms tc=N drp=0mm tcq=0
[ 133.096] [ISOBUS] addr=0x81 claimed=Y load=11.5% msgs=187 aiso=130(139428ms) xte=0.00m spd=0.00m/s q=0 ggaAge=139428 vtgAge=139428 xteAge=139428 vt=Y(21/22) vtstat=131/493ms tc=N drp=0mm tcq=0
[ 134.111] [ISOBUS] addr=0x81 claimed=Y load=11.5% msgs=188 aiso=131(140428ms) xte=0.00m spd=0.00m/s q=0 ggaAge=140428 vtgAge=140428 xteAge=140428 vt=Y(21/22) vtstat=132/492ms tc=N drp=0mm tcq=0
[ 135.115] [ISOBUS] addr=0x81 claimed=Y load=11.5% msgs=189 aiso=132(141428ms) xte=0.00m spd=0.00m/s q=0 ggaAge=141428 vtgAge=141428 xteAge=141428 vt=Y(21/22) vtstat=133/492ms tc=N drp=0mm tcq=0
[ 136.116] [ISOBUS] addr=0x81 claimed=Y load=11.5% msgs=190 aiso=133(142428ms) xte=0.00m spd=0.00m/s q=0 ggaAge=142428 vtgAge=142428 xteAge=142428 vt=Y(21/22) vtstat=134/492ms tc=N drp=0mm tcq=0
[ 137.113] [ISOBUS] addr=0x81 claimed=Y load=11.5% msgs=191 aiso=134(143428ms) xte=0.00m spd=0.00m/s q=0 ggaAge=143428 vtgAge=143428 xteAge=143428 vt=Y(21/22) vtstat=135/491ms tc=N drp=0mm tcq=0
[ 138.115] [ISOBUS] addr=0x81 claimed=Y load=11.5% msgs=192 aiso=135(144428ms) xte=0.00m spd=0.00m/s q=0 ggaAge=144428 vtgAge=144428 xteAge=144428 vt=Y(21/22) vtstat=136/491ms tc=N drp=0mm tcq=0
[ 139.130] [ISOBUS] addr=0x81 claimed=Y load=11.5% msgs=193 aiso=136(145428ms) xte=0.00m spd=0.00m/s q=0 ggaAge=145428 vtgAge=145428 xteAge=145428 vt=Y(21/22) vtstat=137/490ms tc=N drp=0mm tcq=0
[ 139.130] [ISOBUS] addr=0x81 claimed=Y load=11.5% msgs=194 aiso=137(146428ms) xte=0.00m spd=0.00m/s q=0 ggaAge=146428 vtgAge=146428 xteAge=146428 vt=Y(21/22) vtstat=138/490ms tc=N drp=0mm tcq=0
[ 140.133] [ISOBUS] addr=0x81 claimed=Y load=11.9% msgs=199 aiso=138(147428ms) xte=0.00m spd=0.00m/s q=0 ggaAge=147428 vtgAge=147428 xteAge=147428 vt=Y(21/22) vtstat=139/490ms tc=N drp=0mm tcq=0
[ 141.145] [ISOBUS] addr=0x81 claimed=Y load=11.5% msgs=200 aiso=139(148428ms) xte=0.00m spd=0.00m/s q=0 ggaAge=148428 vtgAge=148428 xteAge=148428 vt=Y(21/22) vtstat=140/489ms tc=N drp=0mm tcq=0
[ 142.152] [ISOBUS] addr=0x81 claimed=Y load=11.5% msgs=201 aiso=140(149428ms) xte=0.00m spd=0.00m/s q=0 ggaAge=149428 vtgAge=149428 xteAge=149428 vt=Y(21/22) vtstat=141/489ms tc=N drp=0mm tcq=0
[ 143.167] [ISOBUS] addr=0x81 claimed=Y load=11.5% msgs=202 aiso=141(150428ms) xte=0.00m spd=0.00m/s q=0 ggaAge=150428 vtgAge=150428 xteAge=150428 vt=Y(21/22) vtstat=142/489ms tc=N drp=0mm tcq=0
[ 144.172] [ISOBUS] addr=0x81 claimed=Y load=11.5% msgs=203 aiso=142(151428ms) xte=0.00m spd=0.00m/s q=0 ggaAge=151428 vtgAge=151428 xteAge=151428 vt=Y(21/22) vtstat=143/488ms tc=N drp=0mm tcq=0
[ 145.180] [ISOBUS] addr=0x81 claimed=Y load=11.5% msgs=204 aiso=143(152428ms) xte=0.00m spd=0.00m/s q=0 ggaAge=152428 vtgAge=152428 xteAge=152428 vt=Y(21/22) vtstat=144/488ms tc=N drp=0mm tcq=0
[ 146.195] [ISOBUS] addr=0x81 claimed=Y load=11.5% msgs=205 aiso=144(153428ms) xte=0.00m spd=0.00m/s q=0 ggaAge=153428 vtgAge=153428 xteAge=153428 vt=Y(21/22) vtstat=145/488ms tc=N drp=0mm tcq=0
[ 147.202] [ISOBUS] addr=0x81 claimed=Y load=11.5% msgs=206 aiso=145(154428ms) xte=0.00m spd=0.00m/s q=0 ggaAge=154428 vtgAge=154428 xteAge=154428 vt=Y(21/22) vtstat=146/487ms tc=N drp=0mm tcq=0
[ 148.212] [ISOBUS] addr=0x81 claimed=Y load=11.5% msgs=207 aiso=146(155428ms) xte=0.00m spd=0.00m/s q=0 ggaAge=155428 vtgAge=155428 xteAge=155428 vt=Y(21/22) vtstat=147/487ms tc=N drp=0mm tcq=0
[ 149.213] [ISOBUS] addr=0x81 claimed=Y load=11.5% msgs=208 aiso=147(156428ms) xte=0.00m spd=0.00m/s q=0 ggaAge=156428 vtgAge=156428 xteAge=156428 vt=Y(21/22) vtstat=148/487ms tc=N drp=0mm tcq=0
[ 150.227] [ISOBUS] addr=0x81 claimed=Y load=11.9% msgs=213 aiso=148(157428ms) xte=0.00m spd=0.00m/s q=0 ggaAge=157428 vtgAge=157428 xteAge=157428 vt=Y(21/22) vtstat=149/486ms tc=N drp=0mm tcq=0
[ 151.230] [ISOBUS] addr=0x81 claimed=Y load=11.5% msgs=214 aiso=149(158428ms) xte=0.00m spd=0.00m/s q=0 ggaAge=158428 vtgAge=158428 xteAge=158428 vt=Y(21/22) vtstat=150/485ms tc=N drp=0mm tcq=0
[ 152.237] [ISOBUS] addr=0x81 claimed=Y load=11.5% msgs=215 aiso=150(159428ms) xte=0.00m spd=0.00m/s q=0 ggaAge=159428 vtgAge=159428 xteAge=159428 vt=Y(21/22) vtstat=151/485ms tc=N drp=0mm tcq=0
[ 153.244] [ISOBUS] addr=0x81 claimed=Y load=11.5% msgs=216 aiso=151(160428ms) xte=0.00m spd=0.00m/s q=0 ggaAge=160428 vtgAge=160428 xteAge=160428 vt=Y(21/22) vtstat=152/485ms tc=N drp=0mm tcq=0
[ 154.246] [ISOBUS] addr=0x81 claimed=Y load=11.5% msgs=217 aiso=152(161428ms) xte=0.00m spd=0.00m/s q=0 ggaAge=161428 vtgAge=161428 xteAge=161428 vt=Y(21/22) vtstat=153/485ms tc=N drp=0mm tcq=0
[ 155.249] [ISOBUS] addr=0x81 claimed=Y load=11.5% msgs=218 aiso=153(162428ms) xte=0.00m spd=0.00m/s q=0 ggaAge=162428 vtgAge=162428 xteAge=162428 vt=Y(21/22) vtstat=154/484ms tc=N drp=0mm tcq=0
[ 156.254] [ISOBUS] addr=0x81 claimed=Y load=11.5% msgs=219 aiso=154(163428ms) xte=0.00m spd=0.00m/s q=0 ggaAge=163428 vtgAge=163428 xteAge=163428 vt=Y(21/22) vtstat=155/484ms tc=N drp=0mm tcq=0
[ 157.262] [ISOBUS] addr=0x81 claimed=Y load=11.5% msgs=220 aiso=155(164428ms) xte=0.00m spd=0.00m/s q=0 ggaAge=164428 vtgAge=164428 xteAge=164428 vt=Y(21/22) vtstat=156/484ms tc=N drp=0mm tcq=0
[ 158.265] [ISOBUS] addr=0x81 claimed=Y load=11.5% msgs=221 aiso=156(165428ms) xte=0.00m spd=0.00m/s q=0 ggaAge=165428 vtgAge=165428 xteAge=165428 vt=Y(21/22) vtstat=157/483ms tc=N drp=0mm tcq=0
[ 159.277] [ISOBUS] addr=0x81 claimed=Y load=11.5% msgs=222 aiso=157(166428ms) xte=0.00m spd=0.00m/s q=0 ggaAge=166428 vtgAge=166428 xteAge=166428 vt=Y(21/22) vtstat=158/483ms tc=N drp=0mm tcq=0
[ 160.292] [ISOBUS] addr=0x81 claimed=Y load=11.9% msgs=227 aiso=158(167428ms) xte=0.00m spd=0.00m/s q=0 ggaAge=167428 vtgAge=167428 xteAge=167428 vt=Y(21/22) vtstat=159/483ms tc=N drp=0mm tcq=0
[ 161.307] [ISOBUS] addr=0x81 claimed=Y load=11.5% msgs=228 aiso=159(168428ms) xte=0.00m spd=0.00m/s q=0 ggaAge=168428 vtgAge=168428 xteAge=168428 vt=Y(21/22) vtstat=160/482ms tc=N drp=0mm tcq=0
[ 162.312] [ISOBUS] addr=0x81 claimed=Y load=11.5% msgs=229 aiso=160(169428ms) xte=0.00m spd=0.00m/s q=0 ggaAge=169428 vtgAge=169428 xteAge=169428 vt=Y(21/22) vtstat=161/482ms tc=N drp=0mm tcq=0
[ 163.319] [ISOBUS] addr=0x81 claimed=Y load=11.5% msgs=230 aiso=161(170428ms) xte=0.00m spd=0.00m/s q=0 ggaAge=170428 vtgAge=170428 xteAge=170428 vt=Y(21/22) vtstat=162/481ms tc=N drp=0mm tcq=0
[ 164.113] I] [NM]: Partnered control function with name 000000000000000lx has claimed address 203452081 on channel 2684387840.
[ 165.130] [ISOBUS] addr=0x81 claimed=Y load=13.5% msgs=234 aiso=162(171428ms) xte=-158.73m spd=0.00m/s q=0 ggaAge=92 vtgAge=91 xteAge=89 vt=Y(21/22) vtstat=163/481ms tc=N drp=0mm tcq=0
[ 165.130] [ISOBUS] addr=0x81 claimed=Y load=16.5% msgs=265 aiso=163(172428ms) xte=-158.73m spd=0.00m/s q=0 ggaAge=93 vtgAge=93 xteAge=92 vt=Y(21/22) vtstat=164/481ms tc=N drp=0mm tcq=0
[ 165.391] I] [NM]: Control function with address 38 and NAME 000000000000000lx is now offline on channel 197275905.
[ 165.391] I] [NM]: Control function with address 43 and NAME 000000000000000lx is now offline on channel 203452081.
[ 165.391] I] [NM]: Control function with address 128 and NAME 000000000000000lx is now offline on channel 203452081.
[ 165.391] I] [NM]: Control function with address 205 and NAME 000000000000000lx is now offline on channel 198344577.
[ 165.391] I] [NM]: Control function with address 233 and NAME 000000000000000lx is now offline on channel 203452081.
[ 165.391] I] [NM]: Control function with address 240 and NAME 000000000000000lx is now offline on channel 197783967.
[ 165.391] I] [NM]: Control function with address 245 and NAME 000000000000000lx is now offline on channel 203452081.
[ 166.113] I] [NM]: Control function with address 247 and NAME 000000000000000lx is now offline on channel 203452081.
[ 166.113] W] [PR]: NACK-ing PGN request for PGN 64653 because no callback could handle it.
[ 166.544] [ISOBUS] addr=0x81 claimed=Y load=16.2% msgs=306 aiso=164(173428ms) xte=-158.73m spd=0.00m/s q=0 ggaAge=93 vtgAge=93 xteAge=92 vt=Y(21/22) vtstat=164/1481ms tc=N drp=0mm tcq=0
[ 166.544] W] [PR]: NACK-ing PGN request for PGN 60928 because no callback could handle it.
[ 167.113] I] [NM]: External control function with name 000000000000000lx has claimed address 198344577 on channel 2684363008.
[ 167.113] W] [TP]: Received a Request to Send (RTS) message with a global destination, ignoring
[ 167.113] W] [PR]: NACK-ing PGN request for PGN 64653 because no callback could handle it.
[ 167.636] [ISOBUS] addr=0x81 claimed=Y load=14.2% msgs=337 aiso=165(174428ms) xte=-158.73m spd=0.00m/s q=0 ggaAge=93 vtgAge=92 xteAge=92 vt=Y(21/22) vtstat=164/2481ms tc=N drp=0mm tcq=0
[ 167.636] I] [NM]: Control function with address 205 and NAME 000000000000000lx is now offline on channel 198344577.
[ 168.110] E] [VT]: Status Timeout
[ 168.110] W] [PR]: NACK-ing PGN request for PGN 64653 because no callback could handle it.
[ 169.112] [ISOBUS] addr=0x81 claimed=Y load=13.9% msgs=368 aiso=166(175428ms) xte=-158.73m spd=0.00m/s q=0 ggaAge=91 vtgAge=90 xteAge=87 vt=N(0/22) vtstat=164/3481ms tc=N drp=0mm tcq=0
[ 169.112] W] [PR]: NACK-ing PGN request for PGN 60928 because no callback could handle it.
[ 169.112] W] [PR]: NACK-ing PGN request for PGN 64653 because no callback could handle it.
[ 170.016] [ISOBUS] addr=0x81 claimed=Y load=14.1% msgs=399 aiso=167(176428ms) xte=-158.73m spd=0.00m/s q=0 ggaAge=92 vtgAge=92 xteAge=91 vt=N(0/22) vtstat=164/4481ms tc=N drp=0mm tcq=0
[ 170.516] W] [PR]: NACK-ing PGN request for PGN 64653 because no callback could handle it.
[ 170.516] [ISOBUS] addr=0x81 claimed=Y load=14.1% msgs=430 aiso=168(177428ms) xte=-158.73m spd=0.00m/s q=0 ggaAge=93 vtgAge=92 xteAge=91 vt=N(0/22) vtstat=164/5481ms tc=N drp=0mm tcq=0
[ 171.114] W] [PR]: NACK-ing PGN request for PGN 60928 because no callback could handle it.
[ 171.114] I] [NM]: External control function with name 000000000000000lx has claimed address 198344577 on channel 2684363008.
[ 171.114] W] [TP]: Received a Request to Send (RTS) message with a global destination, ignoring
[ 172.117] [ISOBUS] addr=0x81 claimed=Y load=14.4% msgs=461 aiso=169(178428ms) xte=-158.73m spd=0.00m/s q=0 ggaAge=92 vtgAge=91 xteAge=91 vt=N(0/22) vtstat=164/6481ms tc=N drp=0mm tcq=0
[ 172.135] I] [NM]: Control function with address 205 and NAME 000000000000000lx is now offline on channel 198344577.
[ 173.115] [ISOBUS] addr=0x81 claimed=Y load=14.0% msgs=492 aiso=170(179428ms) xte=-158.73m spd=0.00m/s q=0 ggaAge=93 vtgAge=93 xteAge=92 vt=N(0/22) vtstat=164/7481ms tc=N drp=0mm tcq=0
[ 173.115] W] [PR]: NACK-ing PGN request for PGN 60928 because no callback could handle it.
[ 174.116] [ISOBUS] addr=0x81 claimed=Y load=14.3% msgs=523 aiso=171(180428ms) xte=-158.73m spd=0.00m/s q=0 ggaAge=93 vtgAge=92 xteAge=91 vt=N(0/22) vtstat=164/8481ms tc=N drp=0mm tcq=0
[ 175.115] [ISOBUS] addr=0x81 claimed=Y load=13.9% msgs=554 aiso=172(181428ms) xte=-158.73m spd=0.00m/s q=0 ggaAge=93 vtgAge=92 xteAge=92 vt=N(0/22) vtstat=164/9481ms tc=N drp=0mm tcq=0
[ 175.115] W] [PR]: NACK-ing PGN request for PGN 60928 because no callback could handle it.
[ 175.635] [ISOBUS] addr=0x81 claimed=Y load=14.3% msgs=585 aiso=173(182428ms) xte=-158.73m spd=0.00m/s q=0 ggaAge=93 vtgAge=92 xteAge=92 vt=N(0/22) vtstat=164/10481ms tc=N drp=0mm tcq=0
[ 175.635] I] [NM]: External control function with name 000000000000000lx has claimed address 198344577 on channel 2684363008.
[ 176.110] W] [TP]: Received an Abort message with a global destination, ignoring
[ 176.110] W] [TP]: Received a Request to Send (RTS) message with a global destination, ignoring
[ 176.525] [ISOBUS] addr=0x81 claimed=Y load=14.2% msgs=616 aiso=174(183428ms) xte=-158.73m spd=0.00m/s q=0 ggaAge=91 vtgAge=90 xteAge=90 vt=N(0/22) vtstat=164/11481ms tc=N drp=0mm tcq=0
[ 176.525] I] [NM]: Control function with address 172 and NAME 000000000000000lx is now offline on channel 197275905.
[ 176.525] I] [NM]: Control function with address 205 and NAME 000000000000000lx is now offline on channel 198344577.
[ 177.116] I] [NM]: External control function with name 000000000000000lx has claimed address 197275905 on channel 536876800.
[ 178.117] [ISOBUS] addr=0x81 claimed=Y load=14.1% msgs=647 aiso=175(184428ms) xte=-158.73m spd=0.00m/s q=0 ggaAge=93 vtgAge=92 xteAge=92 vt=N(0/22) vtstat=164/12481ms tc=N drp=0mm tcq=0
[ 178.117] I] [NM]: Control function with address 172 and NAME 000000000000000lx is now offline on channel 197275905.
[ 179.116] [ISOBUS] addr=0x81 claimed=Y load=13.9% msgs=678 aiso=176(185428ms) xte=-158.73m spd=0.00m/s q=0 ggaAge=87 vtgAge=86 xteAge=86 vt=N(0/22) vtstat=164/13481ms tc=N drp=0mm tcq=0
[ 179.116] W] [PR]: NACK-ing PGN request for PGN 60928 because no callback could handle it.
[ 179.116] I] [NM]: External control function with name 000000000000000lx has claimed address 197275905 on channel 536876800.
[ 179.280] [ISOBUS] addr=0x81 claimed=Y load=14.3% msgs=709 aiso=177(186428ms) xte=-158.73m spd=0.00m/s q=0 ggaAge=94 vtgAge=93 xteAge=92 vt=N(0/22) vtstat=164/14481ms tc=N drp=0mm tcq=0
[ 180.286] I] [NM]: Control function with address 172 and NAME 000000000000000lx is now offline on channel 197275905.
[ 180.286] [ISOBUS] addr=0x81 claimed=Y load=14.1% msgs=740 aiso=178(187428ms) xte=-158.73m spd=0.00m/s q=0 ggaAge=94 vtgAge=93 xteAge=92 vt=N(0/22) vtstat=164/15481ms tc=N drp=0mm tcq=0
[ 180.531] W] [PR]: NACK-ing PGN request for PGN 60928 because no callback could handle it.
[ 180.532] I] [NM]: External control function with name 000000000000000lx has claimed address 198344577 on channel 2684363008.
[ 181.113] I] [NM]: External control function with name 000000000000000lx has claimed address 197275905 on channel 536876800.
[ 181.113] W] [TP]: Received a Request to Send (RTS) message with a global destination, ignoring
[ 181.278] [ISOBUS] addr=0x81 claimed=Y load=14.5% msgs=771 aiso=179(188428ms) xte=-158.73m spd=0.00m/s q=0 ggaAge=93 vtgAge=92 xteAge=86 vt=N(0/22) vtstat=164/16481ms tc=N drp=0mm tcq=0
[ 181.278] I] [NM]: Control function with address 172 and NAME 000000000000000lx is now offline on channel 197275905.
[ 182.279] I] [NM]: Control function with address 205 and NAME 000000000000000lx is now offline on channel 198344577.
[ 182.279] [ISOBUS] addr=0x81 claimed=Y load=13.9% msgs=802 aiso=180(189428ms) xte=-145.93m spd=0.00m/s q=0 ggaAge=90 vtgAge=89 xteAge=89 vt=N(0/22) vtstat=164/17481ms tc=N drp=0mm tcq=0
[ 183.117] W] [PR]: NACK-ing PGN request for PGN 60928 because no callback could handle it.
[ 183.117] I] [NM]: External control function with name 000000000000000lx has claimed address 197275905 on channel 536876800.
[ 184.112] [ISOBUS] addr=0x81 claimed=Y load=14.2% msgs=833 aiso=181(190428ms) xte=-145.93m spd=0.00m/s q=0 ggaAge=93 vtgAge=92 xteAge=91 vt=N(0/22) vtstat=164/18481ms tc=N drp=0mm tcq=0
[ 184.112] I] [NM]: Control function with address 172 and NAME 000000000000000lx is now offline on channel 197275905.
[ 184.530] [ISOBUS] addr=0x81 claimed=Y load=14.1% msgs=864 aiso=182(191428ms) xte=-145.93m spd=0.00m/s q=0 ggaAge=92 vtgAge=91 xteAge=90 vt=N(0/22) vtstat=164/19481ms tc=N drp=0mm tcq=0
[ 184.530] W] [PR]: NACK-ing PGN request for PGN 60928 because no callback could handle it.
[ 184.567] I] [NM]: External control function with name 000000000000000lx has claimed address 198344577 on channel 2684363008.
[ 184.567] I] [NM]: External control function with name 000000000000000lx has claimed address 197275905 on channel 536876800.
[ 185.280] W] [TP]: Received a Request to Send (RTS) message with a global destination, ignoring
[ 185.280] [ISOBUS] addr=0x81 claimed=Y load=14.5% msgs=895 aiso=183(192428ms) xte=-145.93m spd=0.00m/s q=0 ggaAge=92 vtgAge=92 xteAge=91 vt=N(0/22) vtstat=164/20481ms tc=N drp=0mm tcq=0
[ 186.116] I] [NM]: Control function with address 172 and NAME 000000000000000lx is now offline on channel 197275905.
[ 186.116] I] [NM]: Control function with address 205 and NAME 000000000000000lx is now offline on channel 198344577.
[ 186.520] [ISOBUS] addr=0x81 claimed=Y load=14.0% msgs=926 aiso=184(193428ms) xte=-145.93m spd=0.00m/s q=0 ggaAge=91 vtgAge=90 xteAge=90 vt=N(0/22) vtstat=164/21481ms tc=N drp=0mm tcq=0
[ 186.520] W] [PR]: NACK-ing PGN request for PGN 60928 because no callback could handle it.
[ 187.281] I] [NM]: External control function with name 000000000000000lx has claimed address 197275905 on channel 536876800.
[ 187.281] [ISOBUS] addr=0x81 claimed=Y load=14.0% msgs=957 aiso=185(194428ms) xte=-145.93m spd=0.00m/s q=0 ggaAge=90 vtgAge=89 xteAge=89 vt=N(0/22) vtstat=164/22481ms tc=N drp=0mm tcq=0
[ 188.294] I] [NM]: Control function with address 172 and NAME 000000000000000lx is now offline on channel 197275905.
[ 188.294] [ISOBUS] addr=0x81 claimed=Y load=14.1% msgs=988 aiso=186(195428ms) xte=-147.21m spd=0.00m/s q=0 ggaAge=90 vtgAge=90 xteAge=89 vt=N(0/22) vtstat=164/23481ms tc=N drp=0mm tcq=0
[ 189.117] W] [PR]: NACK-ing PGN request for PGN 60928 because no callback could handle it.
[ 189.118] I] [NM]: External control function with name 000000000000000lx has claimed address 197275905 on channel 536876800.
[ 189.527] [ISOBUS] addr=0x81 claimed=Y load=14.3% msgs=1019 aiso=187(196428ms) xte=-147.21m spd=0.00m/s q=0 ggaAge=88 vtgAge=87 xteAge=87 vt=N(0/22) vtstat=164/24481ms tc=N drp=0mm tcq=0
[ 189.529] I] [NM]: Control function with address 172 and NAME 000000000000000lx is now offline on channel 197275905.
[ 190.108] I] [NM]: External control function with name 000000000000000lx has claimed address 198344577 on channel 2684363008.
[ 190.108] W] [TP]: Received a Request to Send (RTS) message with a global destination, ignoring
[ 190.529] [ISOBUS] addr=0x81 claimed=Y load=14.2% msgs=1050 aiso=188(197428ms) xte=-147.21m spd=0.00m/s q=0 ggaAge=90 vtgAge=89 xteAge=89 vt=N(0/22) vtstat=164/25481ms tc=N drp=0mm tcq=0
[ 190.529] I] [NM]: Control function with address 205 and NAME 000000000000000lx is now offline on channel 198344577.
[ 191.281] I] [NM]: External control function with name 000000000000000lx has claimed address 197275905 on channel 536876800.
[ 191.281] [ISOBUS] addr=0x81 claimed=Y load=14.1% msgs=1081 aiso=189(198428ms) xte=-147.21m spd=0.00m/s q=0 ggaAge=87 vtgAge=87 xteAge=86 vt=N(0/22) vtstat=164/26481ms tc=N drp=0mm tcq=0
[ 192.113] I] [NM]: Control function with address 172 and NAME 000000000000000lx is now offline on channel 197275905.
[ 193.117] [ISOBUS] addr=0x81 claimed=Y load=13.5% msgs=1112 aiso=190(199428ms) xte=-147.21m spd=0.00m/s q=0 ggaAge=92 vtgAge=91 xteAge=91 vt=N(0/22) vtstat=164/27481ms tc=N drp=0mm tcq=0
[ 193.117] W] [PR]: NACK-ing PGN request for PGN 60928 because no callback could handle it.
[ 193.117] I] [NM]: External control function with name 000000000000000lx has claimed address 197275905 on channel 536876800.
[ 194.117] [ISOBUS] addr=0x81 claimed=Y load=14.1% msgs=1143 aiso=191(200428ms) xte=-135.69m spd=0.00m/s q=0 ggaAge=93 vtgAge=91 xteAge=91 vt=N(0/22) vtstat=164/28481ms tc=N drp=0mm tcq=0
[ 194.117] I] [NM]: Control function with address 172 and NAME 000000000000000lx is now offline on channel 197275905.
[ 194.528] [ISOBUS] addr=0x81 claimed=Y load=13.8% msgs=1174 aiso=192(201428ms) xte=-131.85m spd=0.00m/s q=0 ggaAge=94 vtgAge=93 xteAge=92 vt=N(0/22) vtstat=164/29481ms tc=N drp=0mm tcq=0
[ 194.528] W] [PR]: NACK-ing PGN request for PGN 60928 because no callback could handle it.
[ 194.789] I] [NM]: External control function with name 000000000000000lx has claimed address 198344577 on channel 2684363008.
[ 194.789] I] [NM]: External control function with name 000000000000000lx has claimed address 197275905 on channel 536876800.
[ 195.117] W] [TP]: Received an Abort message with a global destination, ignoring
[ 195.117] W] [TP]: Received a Request to Send (RTS) message with a global destination, ignoring
[ 195.280] [ISOBUS] addr=0x81 claimed=Y load=14.9% msgs=1209 aiso=193(202428ms) xte=-144.65m spd=0.00m/s q=0 ggaAge=92 vtgAge=91 xteAge=91 vt=N(0/22) vtstat=164/30481ms tc=N drp=0mm tcq=0
[ 195.280] I] [NM]: Control function with address 172 and NAME 000000000000000lx is now offline on channel 197275905.
[ 196.292] I] [NM]: Control function with address 205 and NAME 000000000000000lx is now offline on channel 198344577.
[ 196.292] [ISOBUS] addr=0x81 claimed=Y load=14.1% msgs=1240 aiso=194(203428ms) xte=-138.25m spd=0.00m/s q=0 ggaAge=93 vtgAge=92 xteAge=92 vt=N(0/22) vtstat=164/31481ms tc=N drp=0mm tcq=0
[ 197.116] W] [PR]: NACK-ing PGN request for PGN 60928 because no callback could handle it.
[ 197.116] I] [NM]: External control function with name 000000000000000lx has claimed address 197275905 on channel 536876800.
[ 198.117] [ISOBUS] addr=0x81 claimed=Y load=13.8% msgs=1271 aiso=195(204428ms) xte=-142.09m spd=0.00m/s q=0 ggaAge=92 vtgAge=91 xteAge=91 vt=N(0/22) vtstat=164/32481ms tc=N drp=0mm tcq=0
[ 198.117] I] [NM]: Control function with address 172 and NAME 000000000000000lx is now offline on channel 197275905.
[ 198.526] [ISOBUS] addr=0x81 claimed=Y load=13.7% msgs=1302 aiso=196(205428ms) xte=-144.65m spd=0.00m/s q=0 ggaAge=92 vtgAge=91 xteAge=91 vt=N(0/22) vtstat=164/33481ms tc=N drp=0mm tcq=0
[ 198.526] W] [PR]: NACK-ing PGN request for PGN 60928 because no callback could handle it.
[ 198.621] I] [NM]: External control function with name 000000000000000lx has claimed address 198344577 on channel 2684363008.
[ 198.621] I] [NM]: External control function with name 000000000000000lx has claimed address 197275905 on channel 536876800.
[ 199.278] W] [TP]: Received an Abort message with a global destination, ignoring
[ 199.279] [ISOBUS] addr=0x81 claimed=Y load=14.0% msgs=1333 aiso=197(206428ms) xte=-144.65m spd=0.00m/s q=0 ggaAge=93 vtgAge=92 xteAge=91 vt=N(0/22) vtstat=164/34481ms tc=N drp=0mm tcq=0
[ 200.117] I] [NM]: Control function with address 172 and NAME 000000000000000lx is now offline on channel 197275905.
[ 200.118] I] [NM]: Control function with address 205 and NAME 000000000000000lx is now offline on channel 198344577.
[ 200.524] [ISOBUS] addr=0x81 claimed=Y load=13.4% msgs=1364 aiso=198(207428ms) xte=-147.21m spd=0.00m/s q=0 ggaAge=94 vtgAge=93 xteAge=91 vt=N(0/22) vtstat=164/35481ms tc=N drp=0mm tcq=0
[ 200.524] W] [PR]: NACK-ing PGN request for PGN 60928 because no callback could handle it.
[ 201.117] I] [NM]: External control function with name 000000000000000lx has claimed address 198344577 on channel 2684363008.
[ 201.117] I] [NM]: External control function with name 000000000000000lx has claimed address 197275905 on channel 536876800.
[ 201.278] [ISOBUS] addr=0x81 claimed=Y load=13.9% msgs=1395 aiso=199(208428ms) xte=-147.21m spd=0.00m/s q=0 ggaAge=92 vtgAge=92 xteAge=91 vt=N(0/22) vtstat=164/36481ms tc=N drp=0mm tcq=0
[ 201.278] I] [NM]: Control function with address 172 and NAME 000000000000000lx is now offline on channel 197275905.
[ 202.297] I] [NM]: Control function with address 205 and NAME 000000000000000lx is now offline on channel 198344577.
[ 202.297] [ISOBUS] addr=0x81 claimed=Y load=13.4% msgs=1426 aiso=200(209428ms) xte=-147.21m spd=0.00m/s q=0 ggaAge=93 vtgAge=92 xteAge=91 vt=N(0/22) vtstat=164/37481ms tc=N drp=0mm tcq=0
[ 202.537] W] [PR]: NACK-ing PGN request for PGN 60928 because no callback could handle it.
[ 202.537] I] [NM]: External control function with name 000000000000000lx has claimed address 198344577 on channel 2684363008.
[ 203.283] I] [NM]: External control function with name 000000000000000lx has claimed address 197275905 on channel 536876800.
[ 203.283] [ISOBUS] addr=0x81 claimed=Y load=13.9% msgs=1457 aiso=201(210428ms) xte=-147.21m spd=0.00m/s q=0 ggaAge=92 vtgAge=92 xteAge=91 vt=N(0/22) vtstat=164/38481ms tc=N drp=0mm tcq=0
[ 204.110] I] [NM]: Control function with address 172 and NAME 000000000000000lx is now offline on channel 197275905.
[ 204.110] I] [NM]: Control function with address 205 and NAME 000000000000000lx is now offline on channel 198344577.
[ 204.532] [ISOBUS] addr=0x81 claimed=Y load=13.4% msgs=1488 aiso=202(211428ms) xte=-147.21m spd=0.00m/s q=0 ggaAge=92 vtgAge=92 xteAge=91 vt=N(0/22) vtstat=164/39481ms tc=N drp=0mm tcq=0
[ 204.532] W] [PR]: NACK-ing PGN request for PGN 60928 because no callback could handle it.
[ 205.116] I] [NM]: External control function with name 000000000000000lx has claimed address 198344577 on channel 2684363008.
[ 205.116] I] [NM]: External control function with name 000000000000000lx has claimed address 197275905 on channel 536876800.
[ 205.284] [ISOBUS] addr=0x81 claimed=Y load=13.9% msgs=1519 aiso=203(212428ms) xte=-147.21m spd=0.00m/s q=0 ggaAge=94 vtgAge=93 xteAge=91 vt=N(0/22) vtstat=164/40481ms tc=N drp=0mm tcq=0
[ 205.284] I] [NM]: Control function with address 172 and NAME 000000000000000lx is now offline on channel 197275905.
[ 206.290] I] [NM]: Control function with address 205 and NAME 000000000000000lx is now offline on channel 198344577.
[ 206.290] [ISOBUS] addr=0x81 claimed=Y load=13.4% msgs=1550 aiso=204(213428ms) xte=-147.21m spd=0.00m/s q=0 ggaAge=86 vtgAge=85 xteAge=85 vt=N(0/22) vtstat=164/41481ms tc=N drp=0mm tcq=0
[ 206.538] W] [PR]: NACK-ing PGN request for PGN 60928 because no callback could handle it.
[ 206.538] I] [NM]: External control function with name 000000000000000lx has claimed address 198344577 on channel 2684363008.
[ 207.282] I] [NM]: External control function with name 000000000000000lx has claimed address 197275905 on channel 536876800.
[ 207.282] [ISOBUS] addr=0x81 claimed=Y load=13.9% msgs=1581 aiso=205(214428ms) xte=-147.21m spd=0.00m/s q=0 ggaAge=94 vtgAge=93 xteAge=91 vt=N(0/22) vtstat=164/42481ms tc=N drp=0mm tcq=0
[ 208.114] I] [NM]: Control function with address 172 and NAME 000000000000000lx is now offline on channel 197275905.
[ 208.114] I] [NM]: Control function with address 205 and NAME 000000000000000lx is now offline on channel 198344577.
[ 208.524] [ISOBUS] addr=0x81 claimed=Y load=13.4% msgs=1612 aiso=206(215428ms) xte=-147.21m spd=0.00m/s q=0 ggaAge=94 vtgAge=93 xteAge=91 vt=N(0/22) vtstat=164/43481ms tc=N drp=0mm tcq=0
[ 208.524] W] [PR]: NACK-ing PGN request for PGN 60928 because no callback could handle it.
[ 209.118] I] [NM]: External control function with name 000000000000000lx has claimed address 198344577 on channel 2684363008.
[ 209.118] I] [NM]: External control function with name 000000000000000lx has claimed address 197275905 on channel 536876800.
[ 209.281] [ISOBUS] addr=0x81 claimed=Y load=13.9% msgs=1643 aiso=207(216428ms) xte=-147.21m spd=0.00m/s q=0 ggaAge=94 vtgAge=93 xteAge=92 vt=N(0/22) vtstat=164/44481ms tc=N drp=0mm tcq=0
[ 209.281] I] [NM]: Control function with address 172 and NAME 000000000000000lx is now offline on channel 197275905.
[ 210.293] I] [NM]: Control function with address 205 and NAME 000000000000000lx is now offline on channel 198344577.
[ 210.293] [ISOBUS] addr=0x81 claimed=Y load=13.4% msgs=1674 aiso=208(217428ms) xte=-147.21m spd=0.00m/s q=0 ggaAge=92 vtgAge=92 xteAge=91 vt=N(0/22) vtstat=164/45481ms tc=N drp=0mm tcq=0
[ 210.536] W] [PR]: NACK-ing PGN request for PGN 60928 because no callback could handle it.
[ 210.536] I] [NM]: External control function with name 000000000000000lx has claimed address 198344577 on channel 2684363008.
[ 211.279] I] [NM]: External control function with name 000000000000000lx has claimed address 197275905 on channel 536876800.
[ 211.279] [ISOBUS] addr=0x81 claimed=Y load=13.9% msgs=1705 aiso=209(218428ms) xte=-147.21m spd=0.00m/s q=0 ggaAge=94 vtgAge=93 xteAge=92 vt=N(0/22) vtstat=164/46481ms tc=N drp=0mm tcq=0
[ 212.119] I] [NM]: Control function with address 172 and NAME 000000000000000lx is now offline on channel 197275905.
[ 212.119] I] [NM]: Control function with address 205 and NAME 000000000000000lx is now offline on channel 198344577.
[ 212.532] [ISOBUS] addr=0x81 claimed=Y load=13.4% msgs=1736 aiso=210(219428ms) xte=-147.21m spd=0.00m/s q=0 ggaAge=95 vtgAge=93 xteAge=91 vt=N(0/22) vtstat=164/47481ms tc=N drp=0mm tcq=0
[ 212.532] W] [PR]: NACK-ing PGN request for PGN 60928 because no callback could handle it.
[ 213.117] I] [NM]: External control function with name 000000000000000lx has claimed address 198344577 on channel 2684363008.
[ 213.117] I] [NM]: External control function with name 000000000000000lx has claimed address 197275905 on channel 536876800.
[ 213.280] [ISOBUS] addr=0x81 claimed=Y load=13.9% msgs=1767 aiso=211(220428ms) xte=-147.21m spd=0.00m/s q=0 ggaAge=94 vtgAge=92 xteAge=91 vt=N(0/22) vtstat=164/48481ms tc=N drp=0mm tcq=0
[ 213.280] I] [NM]: Control function with address 172 and NAME 000000000000000lx is now offline on channel 197275905.
[ 214.285] I] [NM]: Control function with address 205 and NAME 000000000000000lx is now offline on channel 198344577.
[ 214.285] [ISOBUS] addr=0x81 claimed=Y load=13.4% msgs=1798 aiso=212(221428ms) xte=-147.21m spd=0.00m/s q=0 ggaAge=95 vtgAge=93 xteAge=92 vt=N(0/22) vtstat=164/49481ms tc=N drp=0mm tcq=0
[ 214.538] W] [PR]: NACK-ing PGN request for PGN 60928 because no callback could handle it.
[ 214.538] I] [NM]: External control function with name 000000000000000lx has claimed address 198344577 on channel 2684363008.
[ 215.282] I] [NM]: External control function with name 000000000000000lx has claimed address 197275905 on channel 536876800.
[ 215.282] [ISOBUS] addr=0x81 claimed=Y load=13.9% msgs=1829 aiso=213(222428ms) xte=-147.21m spd=0.00m/s q=0 ggaAge=95 vtgAge=93 xteAge=91 vt=N(0/22) vtstat=164/50481ms tc=N drp=0mm tcq=0
[ 216.113] I] [NM]: Control function with address 172 and NAME 000000000000000lx is now offline on channel 197275905.
[ 216.113] I] [NM]: Control function with address 205 and NAME 000000000000000lx is now offline on channel 198344577.
[ 216.530] [ISOBUS] addr=0x81 claimed=Y load=13.4% msgs=1860 aiso=214(223428ms) xte=-147.21m spd=0.00m/s q=0 ggaAge=94 vtgAge=93 xteAge=91 vt=N(0/22) vtstat=164/51481ms tc=N drp=0mm tcq=0
[ 216.530] W] [PR]: NACK-ing PGN request for PGN 60928 because no callback could handle it.
[ 217.114] I] [NM]: External control function with name 000000000000000lx has claimed address 198344577 on channel 2684363008.
[ 217.114] I] [NM]: External control function with name 000000000000000lx has claimed address 197275905 on channel 536876800.
[ 217.283] [ISOBUS] addr=0x81 claimed=Y load=13.9% msgs=1891 aiso=215(224428ms) xte=-147.21m spd=0.00m/s q=0 ggaAge=92 vtgAge=92 xteAge=91 vt=N(0/22) vtstat=164/52481ms tc=N drp=0mm tcq=0
[ 217.283] I] [NM]: Control function with address 172 and NAME 000000000000000lx is now offline on channel 197275905.
[ 218.296] I] [NM]: Control function with address 205 and NAME 000000000000000lx is now offline on channel 198344577.
[ 218.296] [ISOBUS] addr=0x81 claimed=Y load=13.4% msgs=1922 aiso=216(225428ms) xte=-147.21m spd=0.00m/s q=0 ggaAge=92 vtgAge=92 xteAge=91 vt=N(0/22) vtstat=164/53481ms tc=N drp=0mm tcq=0
[ 218.532] W] [PR]: NACK-ing PGN request for PGN 60928 because no callback could handle it.
[ 218.539] I] [NM]: External control function with name 000000000000000lx has claimed address 198344577 on channel 2684363008.
[ 219.280] I] [NM]: External control function with name 000000000000000lx has claimed address 197275905 on channel 536876800.
[ 219.280] [ISOBUS] addr=0x81 claimed=Y load=13.9% msgs=1953 aiso=217(226428ms) xte=-147.21m spd=0.00m/s q=0 ggaAge=94 vtgAge=93 xteAge=91 vt=N(0/22) vtstat=164/54481ms tc=N drp=0mm tcq=0
[ 220.108] I] [NM]: Control function with address 172 and NAME 000000000000000lx is now offline on channel 197275905.
[ 220.108] I] [NM]: Control function with address 205 and NAME 000000000000000lx is now offline on channel 198344577.
[ 220.527] [ISOBUS] addr=0x81 claimed=Y load=13.4% msgs=1984 aiso=218(227428ms) xte=-147.21m spd=0.00m/s q=0 ggaAge=92 vtgAge=92 xteAge=91 vt=N(0/22) vtstat=164/55481ms tc=N drp=0mm tcq=0
[ 220.527] W] [PR]: NACK-ing PGN request for PGN 60928 because no callback could handle it.
[ 221.119] I] [NM]: External control function with name 000000000000000lx has claimed address 198344577 on channel 2684363008.
[ 221.119] I] [NM]: External control function with name 000000000000000lx has claimed address 197275905 on channel 536876800.
[ 221.275] [ISOBUS] addr=0x81 claimed=Y load=13.9% msgs=2015 aiso=219(228428ms) xte=-147.21m spd=0.00m/s q=0 ggaAge=94 vtgAge=93 xteAge=91 vt=N(0/22) vtstat=164/56481ms tc=N drp=0mm tcq=0
[ 221.281] I] [NM]: Control function with address 172 and NAME 000000000000000lx is now offline on channel 197275905.
[ 222.284] I] [NM]: Control function with address 205 and NAME 000000000000000lx is now offline on channel 198344577.
[ 222.284] [ISOBUS] addr=0x81 claimed=Y load=13.4% msgs=2046 aiso=220(229428ms) xte=-147.21m spd=0.00m/s q=0 ggaAge=94 vtgAge=93 xteAge=91 vt=N(0/22) vtstat=164/57481ms tc=N drp=0mm tcq=0
[ 222.533] W] [PR]: NACK-ing PGN request for PGN 60928 because no callback could handle it.
[ 222.533] I] [NM]: External control function with name 000000000000000lx has claimed address 198344577 on channel 2684363008.
[ 223.281] I] [NM]: External control function with name 000000000000000lx has claimed address 197275905 on channel 536876800.
[ 223.281] [ISOBUS] addr=0x81 claimed=Y load=13.9% msgs=2077 aiso=221(230428ms) xte=-147.21m spd=0.00m/s q=0 ggaAge=92 vtgAge=92 xteAge=91 vt=N(0/22) vtstat=164/58481ms tc=N drp=0mm tcq=0
[ 224.109] I] [NM]: Control function with address 172 and NAME 000000000000000lx is now offline on channel 197275905.
[ 224.109] I] [NM]: Control function with address 205 and NAME 000000000000000lx is now offline on channel 198344577.
[ 224.531] [ISOBUS] addr=0x81 claimed=Y load=13.4% msgs=2108 aiso=222(231428ms) xte=-147.21m spd=0.00m/s q=0 ggaAge=93 vtgAge=92 xteAge=91 vt=N(0/22) vtstat=164/59481ms tc=N drp=0mm tcq=0
[ 224.531] W] [PR]: NACK-ing PGN request for PGN 60928 because no callback could handle it.
[ 225.118] I] [NM]: External control function with name 000000000000000lx has claimed address 198344577 on channel 2684363008.
[ 225.118] I] [NM]: External control function with name 000000000000000lx has claimed address 197275905 on channel 536876800.
[ 225.269] [ISOBUS] addr=0x81 claimed=Y load=13.9% msgs=2139 aiso=223(232428ms) xte=-147.21m spd=0.00m/s q=0 ggaAge=94 vtgAge=92 xteAge=91 vt=N(0/22) vtstat=164/60481ms tc=N drp=0mm tcq=0
[ 225.269] I] [NM]: Control function with address 172 and NAME 000000000000000lx is now offline on channel 197275905.
[ 226.278] I] [NM]: Control function with address 205 and NAME 000000000000000lx is now offline on channel 198344577.
[ 226.278] [ISOBUS] addr=0x81 claimed=Y load=13.4% msgs=2170 aiso=224(233428ms) xte=-147.21m spd=0.00m/s q=0 ggaAge=95 vtgAge=93 xteAge=91 vt=N(0/22) vtstat=164/61481ms tc=N drp=0mm tcq=0
[ 226.540] W] [PR]: NACK-ing PGN request for PGN 60928 because no callback could handle it.
[ 226.540] I] [NM]: External control function with name 000000000000000lx has claimed address 198344577 on channel 2684363008.
[ 227.284] I] [NM]: External control function with name 000000000000000lx has claimed address 197275905 on channel 536876800.
[ 227.284] [ISOBUS] addr=0x81 claimed=Y load=13.9% msgs=2201 aiso=225(234428ms) xte=-147.21m spd=0.00m/s q=0 ggaAge=92 vtgAge=91 xteAge=91 vt=N(0/22) vtstat=164/62481ms tc=N drp=0mm tcq=0
[ 228.118] I] [NM]: Control function with address 172 and NAME 000000000000000lx is now offline on channel 197275905.
[ 228.118] I] [NM]: Control function with address 205 and NAME 000000000000000lx is now offline on channel 198344577.
[ 228.531] [ISOBUS] addr=0x81 claimed=Y load=13.4% msgs=2232 aiso=226(235428ms) xte=-148.49m spd=0.00m/s q=0 ggaAge=94 vtgAge=92 xteAge=91 vt=N(0/22) vtstat=164/63481ms tc=N drp=0mm tcq=0
[ 228.531] W] [PR]: NACK-ing PGN request for PGN 60928 because no callback could handle it.
[ 229.116] I] [NM]: External control function with name 000000000000000lx has claimed address 198344577 on channel 2684363008.
[ 229.116] I] [NM]: External control function with name 000000000000000lx has claimed address 197275905 on channel 536876800.
[ 229.284] [ISOBUS] addr=0x81 claimed=Y load=13.9% msgs=2263 aiso=227(236428ms) xte=-148.49m spd=0.00m/s q=0 ggaAge=95 vtgAge=93 xteAge=92 vt=N(0/22) vtstat=164/64481ms tc=N drp=0mm tcq=0
[ 229.285] I] [NM]: Control function with address 172 and NAME 000000000000000lx is now offline on channel 197275905.
[ 230.291] I] [NM]: Control function with address 205 and NAME 000000000000000lx is now offline on channel 198344577.
[ 230.291] [ISOBUS] addr=0x81 claimed=Y load=13.4% msgs=2294 aiso=228(237428ms) xte=-148.49m spd=0.00m/s q=0 ggaAge=92 vtgAge=91 xteAge=91 vt=N(0/22) vtstat=164/65481ms tc=N drp=0mm tcq=0
[ 230.535] W] [PR]: NACK-ing PGN request for PGN 60928 because no callback could handle it.
[ 230.537] I] [NM]: External control function with name 000000000000000lx has claimed address 198344577 on channel 2684363008.
[ 231.284] I] [NM]: External control function with name 000000000000000lx has claimed address 197275905 on channel 536876800.
[ 231.284] [ISOBUS] addr=0x81 claimed=Y load=13.9% msgs=2325 aiso=229(238428ms) xte=-148.49m spd=0.00m/s q=0 ggaAge=95 vtgAge=93 xteAge=91 vt=N(0/22) vtstat=164/66481ms tc=N drp=0mm tcq=0
[ 232.118] I] [NM]: Control function with address 172 and NAME 000000000000000lx is now offline on channel 197275905.
[ 232.118] I] [NM]: Control function with address 205 and NAME 000000000000000lx is now offline on channel 198344577.
[ 232.528] [ISOBUS] addr=0x81 claimed=Y load=13.4% msgs=2356 aiso=230(239428ms) xte=-148.49m spd=0.00m/s q=0 ggaAge=92 vtgAge=91 xteAge=91 vt=N(0/22) vtstat=164/67481ms tc=N drp=0mm tcq=0
[ 232.528] W] [PR]: NACK-ing PGN request for PGN 60928 because no callback could handle it.
[ 233.118] I] [NM]: External control function with name 000000000000000lx has claimed address 198344577 on channel 2684363008.
[ 233.118] I] [NM]: External control function with name 000000000000000lx has claimed address 197275905 on channel 536876800.
[ 233.280] [ISOBUS] addr=0x81 claimed=Y load=13.9% msgs=2387 aiso=231(240428ms) xte=-148.49m spd=0.00m/s q=0 ggaAge=93 vtgAge=92 xteAge=91 vt=N(0/22) vtstat=164/68481ms tc=N drp=0mm tcq=0
[ 233.280] I] [NM]: Control function with address 172 and NAME 000000000000000lx is now offline on channel 197275905.
[ 234.282] I] [NM]: Control function with address 205 and NAME 000000000000000lx is now offline on channel 198344577.
[ 234.282] [ISOBUS] addr=0x81 claimed=Y load=13.4% msgs=2418 aiso=232(241428ms) xte=-148.49m spd=0.00m/s q=0 ggaAge=95 vtgAge=93 xteAge=91 vt=N(0/22) vtstat=164/69481ms tc=N drp=0mm tcq=0
[ 234.538] W] [PR]: NACK-ing PGN request for PGN 60928 because no callback could handle it.
[ 234.538] I] [NM]: External control function with name 000000000000000lx has claimed address 198344577 on channel 2684363008.
[ 235.280] I] [NM]: External control function with name 000000000000000lx has claimed address 197275905 on channel 536876800.
[ 235.281] [ISOBUS] addr=0x81 claimed=Y load=13.9% msgs=2449 aiso=233(242428ms) xte=-147.21m spd=0.00m/s q=0 ggaAge=93 vtgAge=92 xteAge=91 vt=N(0/22) vtstat=164/70481ms tc=N drp=0mm tcq=0
[ 236.116] I] [NM]: Control function with address 172 and NAME 000000000000000lx is now offline on channel 197275905.
[ 236.116] I] [NM]: Control function with address 205 and NAME 000000000000000lx is now offline on channel 198344577.
[ 236.532] [ISOBUS] addr=0x81 claimed=Y load=13.4% msgs=2480 aiso=234(243428ms) xte=-148.49m spd=0.00m/s q=0 ggaAge=92 vtgAge=91 xteAge=91 vt=N(0/22) vtstat=164/71481ms tc=N drp=0mm tcq=0
[ 236.532] W] [PR]: NACK-ing PGN request for PGN 60928 because no callback could handle it.
[ 237.117] I] [NM]: External control function with name 000000000000000lx has claimed address 198344577 on channel 2684363008.
[ 237.117] I] [NM]: External control function with name 000000000000000lx has claimed address 197275905 on channel 536876800.
[ 237.284] [ISOBUS] addr=0x81 claimed=Y load=13.9% msgs=2511 aiso=235(244428ms) xte=-148.49m spd=0.00m/s q=0 ggaAge=95 vtgAge=93 xteAge=91 vt=N(0/22) vtstat=164/72481ms tc=N drp=0mm tcq=0
[ 237.284] I] [NM]: Control function with address 172 and NAME 000000000000000lx is now offline on channel 197275905.
[ 238.294] I] [NM]: Control function with address 205 and NAME 000000000000000lx is now offline on channel 198344577.
[ 238.294] [ISOBUS] addr=0x81 claimed=Y load=13.4% msgs=2542 aiso=236(245428ms) xte=-148.49m spd=0.00m/s q=0 ggaAge=93 vtgAge=92 xteAge=91 vt=N(0/22) vtstat=164/73481ms tc=N drp=0mm tcq=0
[ 238.545] W] [PR]: NACK-ing PGN request for PGN 60928 because no callback could handle it.
[ 238.546] I] [NM]: External control function with name 000000000000000lx has claimed address 198344577 on channel 2684363008.
[ 239.283] I] [NM]: External control function with name 000000000000000lx has claimed address 197275905 on channel 536876800.
[ 239.283] [ISOBUS] addr=0x81 claimed=Y load=13.9% msgs=2573 aiso=237(246428ms) xte=-148.49m spd=0.00m/s q=0 ggaAge=93 vtgAge=92 xteAge=91 vt=N(0/22) vtstat=164/74481ms tc=N drp=0mm tcq=0
[ 240.118] I] [NM]: Control function with address 172 and NAME 000000000000000lx is now offline on channel 197275905.
[ 240.118] I] [NM]: Control function with address 205 and NAME 000000000000000lx is now offline on channel 198344577.
[ 240.532] [ISOBUS] addr=0x81 claimed=Y load=13.4% msgs=2604 aiso=238(247428ms) xte=-148.49m spd=0.00m/s q=0 ggaAge=92 vtgAge=91 xteAge=90 vt=N(0/22) vtstat=164/75481ms tc=N drp=0mm tcq=0
[ 240.532] W] [PR]: NACK-ing PGN request for PGN 60928 because no callback could handle it.
[ 241.118] I] [NM]: External control function with name 000000000000000lx has claimed address 198344577 on channel 2684363008.
[ 241.118] I] [NM]: External control function with name 000000000000000lx has claimed address 197275905 on channel 536876800.
[ 241.282] [ISOBUS] addr=0x81 claimed=Y load=13.9% msgs=2635 aiso=239(248428ms) xte=-142.09m spd=0.00m/s q=0 ggaAge=93 vtgAge=92 xteAge=91 vt=N(0/22) vtstat=164/76481ms tc=N drp=0mm tcq=0
[ 241.282] I] [NM]: Control function with address 172 and NAME 000000000000000lx is now offline on channel 197275905.
[ 242.296] I] [NM]: Control function with address 205 and NAME 000000000000000lx is now offline on channel 198344577.
[ 242.296] [ISOBUS] addr=0x81 claimed=Y load=13.4% msgs=2666 aiso=240(249428ms) xte=-142.09m spd=0.00m/s q=0 ggaAge=95 vtgAge=88 xteAge=87 vt=N(0/22) vtstat=164/77481ms tc=N drp=0mm tcq=0
[ 242.539] W] [PR]: NACK-ing PGN request for PGN 60928 because no callback could handle it.
[ 242.539] I] [NM]: External control function with name 000000000000000lx has claimed address 198344577 on channel 2684363008.
[ 243.284] I] [NM]: External control function with name 000000000000000lx has claimed address 197275905 on channel 536876800.
[ 243.284] [ISOBUS] addr=0x81 claimed=Y load=13.9% msgs=2697 aiso=241(250428ms) xte=-142.09m spd=0.00m/s q=0 ggaAge=95 vtgAge=93 xteAge=92 vt=N(0/22) vtstat=164/78481ms tc=N drp=0mm tcq=0
[ 244.118] I] [NM]: Control function with address 172 and NAME 000000000000000lx is now offline on channel 197275905.
[ 244.118] I] [NM]: Control function with address 205 and NAME 000000000000000lx is now offline on channel 198344577.
[ 244.533] [ISOBUS] addr=0x81 claimed=Y load=13.4% msgs=2728 aiso=242(251428ms) xte=-142.09m spd=0.00m/s q=0 ggaAge=91 vtgAge=91 xteAge=90 vt=N(0/22) vtstat=164/79481ms tc=N drp=0mm tcq=0
[ 244.535] W] [PR]: NACK-ing PGN request for PGN 60928 because no callback could handle it.
[ 245.116] I] [NM]: External control function with name 000000000000000lx has claimed address 198344577 on channel 2684363008.
[ 245.116] I] [NM]: External control function with name 000000000000000lx has claimed address 197275905 on channel 536876800.
[ 245.283] [ISOBUS] addr=0x81 claimed=Y load=13.9% msgs=2759 aiso=243(252428ms) xte=-142.09m spd=0.00m/s q=0 ggaAge=95 vtgAge=93 xteAge=91 vt=N(0/22) vtstat=164/80481ms tc=N drp=0mm tcq=0
[ 245.283] I] [NM]: Control function with address 172 and NAME 000000000000000lx is now offline on channel 197275905.
[ 246.287] I] [NM]: Control function with address 205 and NAME 000000000000000lx is now offline on channel 198344577.
[ 246.288] [ISOBUS] addr=0x81 claimed=Y load=13.4% msgs=2790 aiso=244(253428ms) xte=-142.09m spd=0.00m/s q=0 ggaAge=95 vtgAge=93 xteAge=91 vt=N(0/22) vtstat=164/81481ms tc=N drp=0mm tcq=0
[ 246.537] W] [PR]: NACK-ing PGN request for PGN 60928 because no callback could handle it.
[ 246.537] I] [NM]: External control function with name 000000000000000lx has claimed address 198344577 on channel 2684363008.
[ 247.282] I] [NM]: External control function with name 000000000000000lx has claimed address 197275905 on channel 536876800.
[ 247.284] [ISOBUS] addr=0x81 claimed=Y load=13.9% msgs=2821 aiso=245(254428ms) xte=-142.09m spd=0.00m/s q=0 ggaAge=93 vtgAge=92 xteAge=91 vt=N(0/22) vtstat=164/82481ms tc=N drp=0mm tcq=0
[ 248.119] I] [NM]: Control function with address 172 and NAME 000000000000000lx is now offline on channel 197275905.
[ 248.119] I] [NM]: Control function with address 205 and NAME 000000000000000lx is now offline on channel 198344577.
[ 248.530] [ISOBUS] addr=0x81 claimed=Y load=13.4% msgs=2852 aiso=246(255428ms) xte=-142.09m spd=0.00m/s q=0 ggaAge=95 vtgAge=93 xteAge=91 vt=N(0/22) vtstat=164/83481ms tc=N drp=0mm tcq=0
[ 248.555] W] [PR]: NACK-ing PGN request for PGN 60928 because no callback could handle it.
[ 249.115] I] [NM]: External control function with name 000000000000000lx has claimed address 198344577 on channel 2684363008.
[ 249.115] I] [NM]: External control function with name 000000000000000lx has claimed address 197275905 on channel 536876800.
[ 249.283] [ISOBUS] addr=0x81 claimed=Y load=13.9% msgs=2883 aiso=247(256428ms) xte=-142.09m spd=0.00m/s q=0 ggaAge=93 vtgAge=92 xteAge=91 vt=N(0/22) vtstat=164/84481ms tc=N drp=0mm tcq=0
[ 249.283] I] [NM]: Control function with address 172 and NAME 000000000000000lx is now offline on channel 197275905.
[ 250.294] I] [NM]: Control function with address 205 and NAME 000000000000000lx is now offline on channel 198344577.
[ 250.294] [ISOBUS] addr=0x81 claimed=Y load=13.4% msgs=2914 aiso=248(257428ms) xte=-142.09m spd=0.00m/s q=0 ggaAge=91 vtgAge=91 xteAge=90 vt=N(0/22) vtstat=164/85481ms tc=N drp=0mm tcq=0
[ 250.535] W] [PR]: NACK-ing PGN request for PGN 60928 because no callback could handle it.
[ 250.535] I] [NM]: External control function with name 000000000000000lx has claimed address 198344577 on channel 2684363008.
[ 251.282] I] [NM]: External control function with name 000000000000000lx has claimed address 197275905 on channel 536876800.
[ 251.284] [ISOBUS] addr=0x81 claimed=Y load=13.9% msgs=2945 aiso=249(258428ms) xte=-142.09m spd=0.00m/s q=0 ggaAge=91 vtgAge=91 xteAge=90 vt=N(0/22) vtstat=164/86481ms tc=N drp=0mm tcq=0
[ 252.119] I] [NM]: Control function with address 172 and NAME 000000000000000lx is now offline on channel 197275905.
[ 252.119] I] [NM]: Control function with address 205 and NAME 000000000000000lx is now offline on channel 198344577.
[ 252.532] [ISOBUS] addr=0x81 claimed=Y load=13.4% msgs=2976 aiso=250(259428ms) xte=-142.09m spd=0.00m/s q=0 ggaAge=95 vtgAge=93 xteAge=91 vt=N(0/22) vtstat=164/87481ms tc=N drp=0mm tcq=0
[ 252.532] W] [PR]: NACK-ing PGN request for PGN 60928 because no callback could handle it.
[ 253.119] I] [NM]: External control function with name 000000000000000lx has claimed address 198344577 on channel 2684363008.
[ 253.120] I] [NM]: External control function with name 000000000000000lx has claimed address 197275905 on channel 536876800.
[ 253.285] [ISOBUS] addr=0x81 claimed=Y load=13.9% msgs=3007 aiso=251(260428ms) xte=-142.09m spd=0.00m/s q=0 ggaAge=93 vtgAge=92 xteAge=90 vt=N(0/22) vtstat=164/88481ms tc=N drp=0mm tcq=0
[ 253.285] I] [NM]: Control function with address 172 and NAME 000000000000000lx is now offline on channel 197275905.
[ 254.288] I] [NM]: Control function with address 205 and NAME 000000000000000lx is now offline on channel 198344577.
[ 254.288] [ISOBUS] addr=0x81 claimed=Y load=13.4% msgs=3038 aiso=252(261428ms) xte=-142.09m spd=0.00m/s q=0 ggaAge=95 vtgAge=94 xteAge=91 vt=N(0/22) vtstat=164/89481ms tc=N drp=0mm tcq=0
[ 254.533] W] [PR]: NACK-ing PGN request for PGN 60928 because no callback could handle it.
[ 254.533] I] [NM]: External control function with name 000000000000000lx has claimed address 198344577 on channel 2684363008.
[ 255.281] I] [NM]: External control function with name 000000000000000lx has claimed address 197275905 on channel 536876800.
[ 255.283] [ISOBUS] addr=0x81 claimed=Y load=13.9% msgs=3069 aiso=253(262428ms) xte=-142.09m spd=0.00m/s q=0 ggaAge=94 vtgAge=92 xteAge=91 vt=N(0/22) vtstat=164/90481ms tc=N drp=0mm tcq=0
[ 256.119] I] [NM]: Control function with address 172 and NAME 000000000000000lx is now offline on channel 197275905.
[ 256.119] I] [NM]: Control function with address 205 and NAME 000000000000000lx is now offline on channel 198344577.
[ 256.534] [ISOBUS] addr=0x81 claimed=Y load=13.4% msgs=3100 aiso=254(263428ms) xte=-142.09m spd=0.00m/s q=0 ggaAge=95 vtgAge=94 xteAge=91 vt=N(0/22) vtstat=164/91481ms tc=N drp=0mm tcq=0
[ 256.534] W] [PR]: NACK-ing PGN request for PGN 60928 because no callback could handle it.
[ 257.120] I] [NM]: External control function with name 000000000000000lx has claimed address 198344577 on channel 2684363008.
[ 257.120] I] [NM]: External control function with name 000000000000000lx has claimed address 197275905 on channel 536876800.
[ 257.283] [ISOBUS] addr=0x81 claimed=Y load=13.9% msgs=3131 aiso=255(264428ms) xte=-142.09m spd=0.00m/s q=0 ggaAge=95 vtgAge=93 xteAge=91 vt=N(0/22) vtstat=164/92481ms tc=N drp=0mm tcq=0
[ 257.283] I] [NM]: Control function with address 172 and NAME 000000000000000lx is now offline on channel 197275905.
[ 258.295] I] [NM]: Control function with address 205 and NAME 000000000000000lx is now offline on channel 198344577.
[ 258.295] [ISOBUS] addr=0x81 claimed=Y load=13.4% msgs=3162 aiso=256(265428ms) xte=-142.09m spd=0.00m/s q=0 ggaAge=94 vtgAge=93 xteAge=91 vt=N(0/22) vtstat=164/93481ms tc=N drp=0mm tcq=0
[ 258.538] W] [PR]: NACK-ing PGN request for PGN 60928 because no callback could handle it.
[ 258.538] I] [NM]: External control function with name 000000000000000lx has claimed address 198344577 on channel 2684363008.
[ 259.285] I] [NM]: External control function with name 000000000000000lx has claimed address 197275905 on channel 536876800.
[ 259.285] [ISOBUS] addr=0x81 claimed=Y load=13.9% msgs=3193 aiso=257(266428ms) xte=-142.09m spd=0.00m/s q=0 ggaAge=95 vtgAge=94 xteAge=91 vt=N(0/22) vtstat=164/94481ms tc=N drp=0mm tcq=0
[ 260.119] I] [NM]: Control function with address 172 and NAME 000000000000000lx is now offline on channel 197275905.
[ 260.120] I] [NM]: Control function with address 205 and NAME 000000000000000lx is now offline on channel 198344577.
[ 260.531] [ISOBUS] addr=0x81 claimed=Y load=13.4% msgs=3224 aiso=258(267428ms) xte=-142.09m spd=0.00m/s q=0 ggaAge=95 vtgAge=94 xteAge=93 vt=N(0/22) vtstat=164/95481ms tc=N drp=0mm tcq=0
[ 260.531] W] [PR]: NACK-ing PGN request for PGN 60928 because no callback could handle it.
[ 261.117] I] [NM]: External control function with name 000000000000000lx has claimed address 198344577 on channel 2684363008.
[ 261.117] I] [NM]: External control function with name 000000000000000lx has claimed address 197275905 on channel 536876800.
[ 261.279] [ISOBUS] addr=0x81 claimed=Y load=13.9% msgs=3255 aiso=259(268428ms) xte=-142.09m spd=0.00m/s q=0 ggaAge=93 vtgAge=91 xteAge=90 vt=N(0/22) vtstat=164/96481ms tc=N drp=0mm tcq=0
[ 261.279] I] [NM]: Control function with address 172 and NAME 000000000000000lx is now offline on channel 197275905.
[ 262.281] I] [NM]: Control function with address 205 and NAME 000000000000000lx is now offline on channel 198344577.
[ 262.281] [ISOBUS] addr=0x81 claimed=Y load=13.4% msgs=3286 aiso=260(269428ms) xte=-142.09m spd=0.00m/s q=0 ggaAge=93 vtgAge=91 xteAge=90 vt=N(0/22) vtstat=164/97481ms tc=N drp=0mm tcq=0
[ 262.535] W] [PR]: NACK-ing PGN request for PGN 60928 because no callback could handle it.
[ 262.535] I] [NM]: External control function with name 000000000000000lx has claimed address 198344577 on channel 2684363008.
[ 263.282] I] [NM]: External control function with name 000000000000000lx has claimed address 197275905 on channel 536876800.
[ 263.283] [ISOBUS] addr=0x81 claimed=Y load=13.9% msgs=3317 aiso=261(270428ms) xte=-142.09m spd=0.00m/s q=0 ggaAge=95 vtgAge=94 xteAge=91 vt=N(0/22) vtstat=164/98481ms tc=N drp=0mm tcq=0
[ 264.119] I] [NM]: Control function with address 172 and NAME 000000000000000lx is now offline on channel 197275905.
[ 264.119] I] [NM]: Control function with address 205 and NAME 000000000000000lx is now offline on channel 198344577.
[ 264.535] [ISOBUS] addr=0x81 claimed=Y load=13.4% msgs=3348 aiso=262(271428ms) xte=-142.09m spd=0.00m/s q=0 ggaAge=91 vtgAge=90 xteAge=90 vt=N(0/22) vtstat=164/99481ms tc=N drp=0mm tcq=0
[ 264.535] W] [PR]: NACK-ing PGN request for PGN 60928 because no callback could handle it.
[ 265.116] I] [NM]: External control function with name 000000000000000lx has claimed address 198344577 on channel 2684363008.
[ 265.116] I] [NM]: External control function with name 000000000000000lx has claimed address 197275905 on channel 536876800.
[ 265.287] [ISOBUS] addr=0x81 claimed=Y load=13.9% msgs=3379 aiso=263(272428ms) xte=-142.09m spd=0.00m/s q=0 ggaAge=93 vtgAge=92 xteAge=90 vt=N(0/22) vtstat=164/100481ms tc=N drp=0mm tcq=0
[ 265.287] I] [NM]: Control function with address 172 and NAME 000000000000000lx is now offline on channel 197275905.
[ 266.294] I] [NM]: Control function with address 205 and NAME 000000000000000lx is now offline on channel 198344577.
[ 266.294] [ISOBUS] addr=0x81 claimed=Y load=13.4% msgs=3410 aiso=264(273428ms) xte=-142.09m spd=0.00m/s q=0 ggaAge=95 vtgAge=94 xteAge=93 vt=N(0/22) vtstat=164/101481ms tc=N drp=0mm tcq=0
[ 266.542] W] [PR]: NACK-ing PGN request for PGN 60928 because no callback could handle it.
[ 266.542] I] [NM]: External control function with name 000000000000000lx has claimed address 198344577 on channel 2684363008.
[ 267.285] I] [NM]: External control function with name 000000000000000lx has claimed address 197275905 on channel 536876800.
[ 267.285] [ISOBUS] addr=0x81 claimed=Y load=13.9% msgs=3441 aiso=265(274428ms) xte=-142.09m spd=0.00m/s q=0 ggaAge=92 vtgAge=91 xteAge=90 vt=N(0/22) vtstat=164/102481ms tc=N drp=0mm tcq=0
[ 268.114] I] [NM]: Control function with address 172 and NAME 000000000000000lx is now offline on channel 197275905.
[ 268.114] I] [NM]: Control function with address 205 and NAME 000000000000000lx is now offline on channel 198344577.
[ 268.529] [ISOBUS] addr=0x81 claimed=Y load=13.4% msgs=3472 aiso=266(275428ms) xte=-142.09m spd=0.00m/s q=0 ggaAge=94 vtgAge=92 xteAge=91 vt=N(0/22) vtstat=164/103481ms tc=N drp=0mm tcq=0
[ 268.529] W] [PR]: NACK-ing PGN request for PGN 60928 because no callback could handle it.
[ 269.117] I] [NM]: External control function with name 000000000000000lx has claimed address 198344577 on channel 2684363008.
[ 269.117] I] [NM]: External control function with name 000000000000000lx has claimed address 197275905 on channel 536876800.
[ 269.284] [ISOBUS] addr=0x81 claimed=Y load=13.9% msgs=3503 aiso=267(276428ms) xte=-142.09m spd=0.00m/s q=0 ggaAge=91 vtgAge=90 xteAge=90 vt=N(0/22) vtstat=164/104481ms tc=N drp=0mm tcq=0
[ 269.284] I] [NM]: Control function with address 172 and NAME 000000000000000lx is now offline on channel 197275905.
[ 270.295] I] [NM]: Control function with address 205 and NAME 000000000000000lx is now offline on channel 198344577.
[ 270.295] [ISOBUS] addr=0x81 claimed=Y load=13.4% msgs=3534 aiso=268(277428ms) xte=-142.09m spd=0.00m/s q=0 ggaAge=94 vtgAge=92 xteAge=90 vt=N(0/22) vtstat=164/105481ms tc=N drp=0mm tcq=0
[ 270.536] W] [PR]: NACK-ing PGN request for PGN 60928 because no callback could handle it.
[ 270.536] I] [NM]: External control function with name 000000000000000lx has claimed address 198344577 on channel 2684363008.
[ 271.282] I] [NM]: External control function with name 000000000000000lx has claimed address 197275905 on channel 536876800.
[ 271.282] [ISOBUS] addr=0x81 claimed=Y load=13.9% msgs=3565 aiso=269(278428ms) xte=-142.09m spd=0.00m/s q=0 ggaAge=94 vtgAge=92 xteAge=91 vt=N(0/22) vtstat=164/106481ms tc=N drp=0mm tcq=0
[ 272.120] I] [NM]: Control function with address 172 and NAME 000000000000000lx is now offline on channel 197275905.
[ 272.120] I] [NM]: Control function with address 205 and NAME 000000000000000lx is now offline on channel 198344577.
[ 272.532] [ISOBUS] addr=0x81 claimed=Y load=13.4% msgs=3596 aiso=270(279428ms) xte=-142.09m spd=0.00m/s q=0 ggaAge=94 vtgAge=92 xteAge=91 vt=N(0/22) vtstat=164/107481ms tc=N drp=0mm tcq=0
[ 272.532] W] [PR]: NACK-ing PGN request for PGN 60928 because no callback could handle it.
[ 273.119] I] [NM]: External control function with name 000000000000000lx has claimed address 198344577 on channel 2684363008.
[ 273.125] I] [NM]: External control function with name 000000000000000lx has claimed address 197275905 on channel 536876800.
[ 273.287] [ISOBUS] addr=0x81 claimed=Y load=13.9% msgs=3627 aiso=271(280428ms) xte=-142.09m spd=0.00m/s q=0 ggaAge=94 vtgAge=92 xteAge=90 vt=N(0/22) vtstat=164/108481ms tc=N drp=0mm tcq=0
[ 273.287] I] [NM]: Control function with address 172 and NAME 000000000000000lx is now offline on channel 197275905.
[ 274.288] I] [NM]: Control function with address 205 and NAME 000000000000000lx is now offline on channel 198344577.
[ 274.288] [ISOBUS] addr=0x81 claimed=Y load=13.4% msgs=3658 aiso=272(281428ms) xte=-142.09m spd=0.00m/s q=0 ggaAge=92 vtgAge=91 xteAge=90 vt=N(0/22) vtstat=164/109481ms tc=N drp=0mm tcq=0
[ 274.537] W] [PR]: NACK-ing PGN request for PGN 60928 because no callback could handle it.
[ 274.537] I] [NM]: External control function with name 000000000000000lx has claimed address 198344577 on channel 2684363008.
[ 275.283] I] [NM]: External control function with name 000000000000000lx has claimed address 197275905 on channel 536876800.
[ 275.283] [ISOBUS] addr=0x81 claimed=Y load=13.9% msgs=3689 aiso=273(282428ms) xte=-142.09m spd=0.00m/s q=0 ggaAge=95 vtgAge=94 xteAge=93 vt=N(0/22) vtstat=164/110481ms tc=N drp=0mm tcq=0
[ 276.120] I] [NM]: Control function with address 172 and NAME 000000000000000lx is now offline on channel 197275905.
[ 276.120] I] [NM]: Control function with address 205 and NAME 000000000000000lx is now offline on channel 198344577.
[ 276.526] [ISOBUS] addr=0x81 claimed=Y load=13.4% msgs=3720 aiso=274(283428ms) xte=-142.09m spd=0.00m/s q=0 ggaAge=94 vtgAge=94 xteAge=91 vt=N(0/22) vtstat=164/111481ms tc=N drp=0mm tcq=0
[ 276.526] W] [PR]: NACK-ing PGN request for PGN 60928 because no callback could handle it.
[ 277.115] I] [NM]: External control function with name 000000000000000lx has claimed address 198344577 on channel 2684363008.
[ 277.115] I] [NM]: External control function with name 000000000000000lx has claimed address 197275905 on channel 536876800.
[ 277.282] [ISOBUS] addr=0x81 claimed=Y load=13.9% msgs=3751 aiso=275(284428ms) xte=-142.09m spd=0.00m/s q=0 ggaAge=94 vtgAge=94 xteAge=91 vt=N(0/22) vtstat=164/112481ms tc=N drp=0mm tcq=0
[ 277.282] I] [NM]: Control function with address 172 and NAME 000000000000000lx is now offline on channel 197275905.
[ 278.298] I] [NM]: Control function with address 205 and NAME 000000000000000lx is now offline on channel 198344577.
[ 278.298] [ISOBUS] addr=0x81 claimed=Y load=13.4% msgs=3782 aiso=276(285428ms) xte=-142.09m spd=0.00m/s q=0 ggaAge=94 vtgAge=92 xteAge=90 vt=N(0/22) vtstat=164/113481ms tc=N drp=0mm tcq=0
[ 278.537] W] [PR]: NACK-ing PGN request for PGN 60928 because no callback could handle it.
[ 278.557] I] [NM]: External control function with name 000000000000000lx has claimed address 198344577 on channel 2684363008.
[ 279.281] I] [NM]: External control function with name 000000000000000lx has claimed address 197275905 on channel 536876800.
[ 279.281] [ISOBUS] addr=0x81 claimed=Y load=13.9% msgs=3813 aiso=277(286428ms) xte=-142.09m spd=0.00m/s q=0 ggaAge=94 vtgAge=92 xteAge=90 vt=N(0/22) vtstat=164/114481ms tc=N drp=0mm tcq=0
[ 280.119] I] [NM]: Control function with address 172 and NAME 000000000000000lx is now offline on channel 197275905.
[ 280.119] I] [NM]: Control function with address 205 and NAME 000000000000000lx is now offline on channel 198344577.
[ 280.531] [ISOBUS] addr=0x81 claimed=Y load=13.4% msgs=3844 aiso=278(287428ms) xte=-142.09m spd=0.00m/s q=0 ggaAge=94 vtgAge=94 xteAge=91 vt=N(0/22) vtstat=164/115481ms tc=N drp=0mm tcq=0
[ 280.531] W] [PR]: NACK-ing PGN request for PGN 60928 because no callback could handle it.
[ 281.119] I] [NM]: External control function with name 000000000000000lx has claimed address 198344577 on channel 2684363008.
[ 281.119] I] [NM]: External control function with name 000000000000000lx has claimed address 197275905 on channel 536876800.
[ 281.285] [ISOBUS] addr=0x81 claimed=Y load=13.9% msgs=3875 aiso=279(288428ms) xte=-142.09m spd=0.00m/s q=0 ggaAge=94 vtgAge=92 xteAge=90 vt=N(0/22) vtstat=164/116481ms tc=N drp=0mm tcq=0
[ 281.286] I] [NM]: Control function with address 172 and NAME 000000000000000lx is now offline on channel 197275905.
[ 282.298] I] [NM]: Control function with address 205 and NAME 000000000000000lx is now offline on channel 198344577.
[ 282.298] [ISOBUS] addr=0x81 claimed=Y load=13.4% msgs=3906 aiso=280(289428ms) xte=-142.09m spd=0.00m/s q=0 ggaAge=92 vtgAge=91 xteAge=89 vt=N(0/22) vtstat=164/117481ms tc=N drp=0mm tcq=0
[ 282.539] W] [PR]: NACK-ing PGN request for PGN 60928 because no callback could handle it.
[ 282.539] I] [NM]: External control function with name 000000000000000lx has claimed address 198344577 on channel 2684363008.
[ 283.285] I] [NM]: External control function with name 000000000000000lx has claimed address 197275905 on channel 536876800.
[ 283.288] [ISOBUS] addr=0x81 claimed=Y load=13.9% msgs=3937 aiso=281(290428ms) xte=-142.09m spd=0.00m/s q=0 ggaAge=94 vtgAge=92 xteAge=90 vt=N(0/22) vtstat=164/118481ms tc=N drp=0mm tcq=0
[ 284.115] I] [NM]: Control function with address 172 and NAME 000000000000000lx is now offline on channel 197275905.
[ 284.115] I] [NM]: Control function with address 205 and NAME 000000000000000lx is now offline on channel 198344577.
[ 284.533] [ISOBUS] addr=0x81 claimed=Y load=13.4% msgs=3968 aiso=282(291428ms) xte=-142.09m spd=0.00m/s q=0 ggaAge=94 vtgAge=93 xteAge=91 vt=N(0/22) vtstat=164/119481ms tc=N drp=0mm tcq=0
[ 284.533] W] [PR]: NACK-ing PGN request for PGN 60928 because no callback could handle it.
[ 285.119] I] [NM]: External control function with name 000000000000000lx has claimed address 198344577 on channel 2684363008.
[ 285.119] I] [NM]: External control function with name 000000000000000lx has claimed address 197275905 on channel 536876800.
[ 285.282] [ISOBUS] addr=0x81 claimed=Y load=13.9% msgs=3999 aiso=283(292428ms) xte=-142.09m spd=0.00m/s q=0 ggaAge=94 vtgAge=91 xteAge=90 vt=N(0/22) vtstat=164/120481ms tc=N drp=0mm tcq=0
[ 285.282] I] [NM]: Control function with address 172 and NAME 000000000000000lx is now offline on channel 197275905.
[ 286.288] I] [NM]: Control function with address 205 and NAME 000000000000000lx is now offline on channel 198344577.
[ 286.288] [ISOBUS] addr=0x81 claimed=Y load=13.4% msgs=4030 aiso=284(293428ms) xte=-142.09m spd=0.00m/s q=0 ggaAge=94 vtgAge=94 xteAge=91 vt=N(0/22) vtstat=164/121481ms tc=N drp=0mm tcq=0
[ 286.541] W] [PR]: NACK-ing PGN request for PGN 60928 because no callback could handle it.
[ 286.541] I] [NM]: External control function with name 000000000000000lx has claimed address 198344577 on channel 2684363008.
[ 287.286] I] [NM]: External control function with name 000000000000000lx has claimed address 197275905 on channel 536876800.
[ 287.286] [ISOBUS] addr=0x81 claimed=Y load=13.9% msgs=4061 aiso=285(294428ms) xte=-142.09m spd=0.00m/s q=0 ggaAge=85 vtgAge=85 xteAge=84 vt=N(0/22) vtstat=164/122481ms tc=N drp=0mm tcq=0
[ 288.115] I] [NM]: Control function with address 172 and NAME 000000000000000lx is now offline on channel 197275905.
[ 288.115] I] [NM]: Control function with address 205 and NAME 000000000000000lx is now offline on channel 198344577.
[ 288.532] [ISOBUS] addr=0x81 claimed=Y load=13.4% msgs=4092 aiso=286(295428ms) xte=-142.09m spd=0.00m/s q=0 ggaAge=94 vtgAge=93 xteAge=90 vt=N(0/22) vtstat=164/123481ms tc=N drp=0mm tcq=0
[ 288.532] W] [PR]: NACK-ing PGN request for PGN 60928 because no callback could handle it.
[ 289.119] I] [NM]: External control function with name 000000000000000lx has claimed address 198344577 on channel 2684363008.
[ 289.119] I] [NM]: External control function with name 000000000000000lx has claimed address 197275905 on channel 536876800.
[ 289.279] [ISOBUS] addr=0x81 claimed=Y load=13.9% msgs=4123 aiso=287(296428ms) xte=-142.09m spd=0.00m/s q=0 ggaAge=94 vtgAge=94 xteAge=91 vt=N(0/22) vtstat=164/124481ms tc=N drp=0mm tcq=0
[ 289.279] I] [NM]: Control function with address 172 and NAME 000000000000000lx is now offline on channel 197275905.
[ 290.289] I] [NM]: Control function with address 205 and NAME 000000000000000lx is now offline on channel 198344577.
[ 290.289] [ISOBUS] addr=0x81 claimed=Y load=13.4% msgs=4154 aiso=288(297428ms) xte=-142.09m spd=0.00m/s q=0 ggaAge=95 vtgAge=94 xteAge=93 vt=N(0/22) vtstat=164/125481ms tc=N drp=0mm tcq=0
[ 290.535] W] [PR]: NACK-ing PGN request for PGN 60928 because no callback could handle it.
[ 290.535] I] [NM]: External control function with name 000000000000000lx has claimed address 198344577 on channel 2684363008.
[ 291.283] I] [NM]: External control function with name 000000000000000lx has claimed address 197275905 on channel 536876800.
[ 291.283] [ISOBUS] addr=0x81 claimed=Y load=13.9% msgs=4185 aiso=289(298428ms) xte=-142.09m spd=0.00m/s q=0 ggaAge=94 vtgAge=94 xteAge=91 vt=N(0/22) vtstat=164/126481ms tc=N drp=0mm tcq=0
[ 292.115] I] [NM]: Control function with address 172 and NAME 000000000000000lx is now offline on channel 197275905.
[ 292.115] I] [NM]: Control function with address 205 and NAME 000000000000000lx is now offline on channel 198344577.
[ 292.529] [ISOBUS] addr=0x81 claimed=Y load=13.4% msgs=4216 aiso=290(299428ms) xte=-142.09m spd=0.00m/s q=0 ggaAge=94 vtgAge=93 xteAge=91 vt=N(0/22) vtstat=164/127481ms tc=N drp=0mm tcq=0
[ 292.529] W] [PR]: NACK-ing PGN request for PGN 60928 because no callback could handle it.
[ 293.117] I] [NM]: External control function with name 000000000000000lx has claimed address 198344577 on channel 2684363008.
[ 293.117] I] [NM]: External control function with name 000000000000000lx has claimed address 197275905 on channel 536876800.
[ 293.286] [ISOBUS] addr=0x81 claimed=Y load=13.9% msgs=4247 aiso=291(300428ms) xte=-142.09m spd=0.00m/s q=0 ggaAge=95 vtgAge=94 xteAge=93 vt=N(0/22) vtstat=164/128481ms tc=N drp=0mm tcq=0
[ 293.286] I] [NM]: Control function with address 172 and NAME 000000000000000lx is now offline on channel 197275905.
[ 294.289] I] [NM]: Control function with address 205 and NAME 000000000000000lx is now offline on channel 198344577.
[ 294.289] [ISOBUS] addr=0x81 claimed=Y load=13.4% msgs=4278 aiso=292(301428ms) xte=-142.09m spd=0.00m/s q=0 ggaAge=94 vtgAge=94 xteAge=93 vt=N(0/22) vtstat=164/129481ms tc=N drp=0mm tcq=0
[ 294.542] W] [PR]: NACK-ing PGN request for PGN 60928 because no callback could handle it.
[ 294.542] I] [NM]: External control function with name 000000000000000lx has claimed address 198344577 on channel 2684363008.
[ 295.283] I] [NM]: External control function with name 000000000000000lx has claimed address 197275905 on channel 536876800.
[ 295.283] [ISOBUS] addr=0x81 claimed=Y load=13.9% msgs=4309 aiso=293(302428ms) xte=-142.09m spd=0.00m/s q=0 ggaAge=94 vtgAge=94 xteAge=93 vt=N(0/22) vtstat=164/130481ms tc=N drp=0mm tcq=0
[ 296.119] I] [NM]: Control function with address 172 and NAME 000000000000000lx is now offline on channel 197275905.
[ 296.119] I] [NM]: Control function with address 205 and NAME 000000000000000lx is now offline on channel 198344577.
[ 296.533] [ISOBUS] addr=0x81 claimed=Y load=13.4% msgs=4340 aiso=294(303428ms) xte=-142.09m spd=0.00m/s q=0 ggaAge=94 vtgAge=93 xteAge=93 vt=N(0/22) vtstat=164/131481ms tc=N drp=0mm tcq=0
[ 296.533] W] [PR]: NACK-ing PGN request for PGN 60928 because no callback could handle it.
[ 297.120] I] [NM]: External control function with name 000000000000000lx has claimed address 198344577 on channel 2684363008.
[ 297.120] I] [NM]: External control function with name 000000000000000lx has claimed address 197275905 on channel 536876800.
[ 297.281] [ISOBUS] addr=0x81 claimed=Y load=13.9% msgs=4371 aiso=295(304428ms) xte=-142.09m spd=0.00m/s q=0 ggaAge=94 vtgAge=92 xteAge=90 vt=N(0/22) vtstat=164/132481ms tc=N drp=0mm tcq=0
[ 297.281] I] [NM]: Control function with address 172 and NAME 000000000000000lx is now offline on channel 197275905.
[ 298.284] I] [NM]: Control function with address 205 and NAME 000000000000000lx is now offline on channel 198344577.
[ 298.284] [ISOBUS] addr=0x81 claimed=Y load=13.4% msgs=4402 aiso=296(305428ms) xte=-142.09m spd=0.00m/s q=0 ggaAge=93 vtgAge=91 xteAge=89 vt=N(0/22) vtstat=164/133481ms tc=N drp=0mm tcq=0
[ 298.542] W] [PR]: NACK-ing PGN request for PGN 60928 because no callback could handle it.
[ 298.542] I] [NM]: External control function with name 000000000000000lx has claimed address 198344577 on channel 2684363008.
[ 299.286] I] [NM]: External control function with name 000000000000000lx has claimed address 197275905 on channel 536876800.
[ 299.286] [ISOBUS] addr=0x81 claimed=Y load=13.9% msgs=4433 aiso=297(306428ms) xte=-142.09m spd=0.00m/s q=0 ggaAge=93 vtgAge=91 xteAge=89 vt=N(0/22) vtstat=164/134481ms tc=N drp=0mm tcq=0
[ 300.117] I] [NM]: Control function with address 172 and NAME 000000000000000lx is now offline on channel 197275905.
[ 300.117] I] [NM]: Control function with address 205 and NAME 000000000000000lx is now offline on channel 198344577.
[ 300.531] [ISOBUS] addr=0x81 claimed=Y load=13.4% msgs=4464 aiso=298(307428ms) xte=-142.09m spd=0.00m/s q=0 ggaAge=94 vtgAge=93 xteAge=90 vt=N(0/22) vtstat=164/135481ms tc=N drp=0mm tcq=0
[ 300.531] W] [PR]: NACK-ing PGN request for PGN 60928 because no callback could handle it.
[ 301.120] I] [NM]: External control function with name 000000000000000lx has claimed address 198344577 on channel 2684363008.
[ 301.120] I] [NM]: External control function with name 000000000000000lx has claimed address 197275905 on channel 536876800.
[ 301.283] [ISOBUS] addr=0x81 claimed=Y load=13.9% msgs=4495 aiso=299(308428ms) xte=-142.09m spd=0.00m/s q=0 ggaAge=94 vtgAge=93 xteAge=90 vt=N(0/22) vtstat=164/136481ms tc=N drp=0mm tcq=0
[ 301.283] I] [NM]: Control function with address 172 and NAME 000000000000000lx is now offline on channel 197275905.
[ 302.298] I] [NM]: Control function with address 205 and NAME 000000000000000lx is now offline on channel 198344577.
[ 302.298] [ISOBUS] addr=0x81 claimed=Y load=13.4% msgs=4526 aiso=300(309428ms) xte=-142.09m spd=0.00m/s q=0 ggaAge=93 vtgAge=91 xteAge=90 vt=N(0/22) vtstat=164/137481ms tc=N drp=0mm tcq=0
[ 302.533] W] [PR]: NACK-ing PGN request for PGN 60928 because no callback could handle it.
[ 302.533] I] [NM]: External control function with name 000000000000000lx has claimed address 198344577 on channel 2684363008.
[ 303.277] I] [NM]: External control function with name 000000000000000lx has claimed address 197275905 on channel 536876800.
[ 303.277] [ISOBUS] addr=0x81 claimed=Y load=13.9% msgs=4557 aiso=301(310428ms) xte=-142.09m spd=0.00m/s q=0 ggaAge=93 vtgAge=92 xteAge=90 vt=N(0/22) vtstat=164/138481ms tc=N drp=0mm tcq=0
[ 304.112] I] [NM]: Control function with address 172 and NAME 000000000000000lx is now offline on channel 197275905.
[ 304.112] I] [NM]: Control function with address 205 and NAME 000000000000000lx is now offline on channel 198344577.
[ 304.532] [ISOBUS] addr=0x81 claimed=Y load=13.4% msgs=4588 aiso=302(311428ms) xte=-142.09m spd=0.00m/s q=0 ggaAge=94 vtgAge=93 xteAge=90 vt=N(0/22) vtstat=164/139481ms tc=N drp=0mm tcq=0
[ 304.532] W] [PR]: NACK-ing PGN request for PGN 60928 because no callback could handle it.
[ 305.120] I] [NM]: External control function with name 000000000000000lx has claimed address 198344577 on channel 2684363008.
[ 305.120] I] [NM]: External control function with name 000000000000000lx has claimed address 197275905 on channel 536876800.
[ 305.283] [ISOBUS] addr=0x81 claimed=Y load=13.9% msgs=4619 aiso=303(312428ms) xte=-142.09m spd=0.00m/s q=0 ggaAge=94 vtgAge=94 xteAge=93 vt=N(0/22) vtstat=164/140481ms tc=N drp=0mm tcq=0
[ 305.283] I] [NM]: Control function with address 172 and NAME 000000000000000lx is now offline on channel 197275905.
[ 306.291] I] [NM]: Control function with address 205 and NAME 000000000000000lx is now offline on channel 198344577.
[ 306.291] [ISOBUS] addr=0x81 claimed=Y load=13.4% msgs=4650 aiso=304(313428ms) xte=-142.09m spd=0.00m/s q=0 ggaAge=94 vtgAge=93 xteAge=90 vt=N(0/22) vtstat=164/141481ms tc=N drp=0mm tcq=0
[ 306.540] W] [PR]: NACK-ing PGN request for PGN 60928 because no callback could handle it.
[ 306.540] I] [NM]: External control function with name 000000000000000lx has claimed address 198344577 on channel 2684363008.
[ 307.287] I] [NM]: External control function with name 000000000000000lx has claimed address 197275905 on channel 536876800.
[ 307.287] [ISOBUS] addr=0x81 claimed=Y load=13.9% msgs=4681 aiso=305(314428ms) xte=-142.09m spd=0.00m/s q=0 ggaAge=94 vtgAge=94 xteAge=93 vt=N(0/22) vtstat=164/142481ms tc=N drp=0mm tcq=0
[ 308.108] I] [NM]: Control function with address 172 and NAME 000000000000000lx is now offline on channel 197275905.
[ 308.108] I] [NM]: Control function with address 205 and NAME 000000000000000lx is now offline on channel 198344577.
[ 308.535] [ISOBUS] addr=0x81 claimed=Y load=13.4% msgs=4712 aiso=306(315428ms) xte=-142.09m spd=0.00m/s q=0 ggaAge=94 vtgAge=93 xteAge=93 vt=N(0/22) vtstat=164/143481ms tc=N drp=0mm tcq=0
[ 308.562] W] [PR]: NACK-ing PGN request for PGN 60928 because no callback could handle it.
[ 309.115] I] [NM]: External control function with name 000000000000000lx has claimed address 198344577 on channel 2684363008.
[ 309.115] I] [NM]: External control function with name 000000000000000lx has claimed address 197275905 on channel 536876800.
[ 309.282] [ISOBUS] addr=0x81 claimed=Y load=13.9% msgs=4743 aiso=307(316428ms) xte=-142.09m spd=0.00m/s q=0 ggaAge=93 vtgAge=91 xteAge=90 vt=N(0/22) vtstat=164/144481ms tc=N drp=0mm tcq=0
[ 309.282] I] [NM]: Control function with address 172 and NAME 000000000000000lx is now offline on channel 197275905.
[ 310.293] I] [NM]: Control function with address 205 and NAME 000000000000000lx is now offline on channel 198344577.
[ 310.293] [ISOBUS] addr=0x81 claimed=Y load=13.6% msgs=4774 aiso=308(317428ms) xte=-142.09m spd=0.00m/s q=0 ggaAge=94 vtgAge=94 xteAge=93 vt=N(0/22) vtstat=164/145481ms tc=N drp=0mm tcq=0
[ 310.541] W] [PR]: NACK-ing PGN request for PGN 60928 because no callback could handle it.
[ 310.541] I] [NM]: External control function with name 000000000000000lx has claimed address 198344577 on channel 2684363008.
[ 311.283] I] [NM]: External control function with name 000000000000000lx has claimed address 197275905 on channel 536876800.
[ 311.283] [ISOBUS] addr=0x81 claimed=Y load=13.9% msgs=4805 aiso=309(318428ms) xte=-142.09m spd=0.00m/s q=0 ggaAge=93 vtgAge=93 xteAge=92 vt=N(0/22) vtstat=164/146481ms tc=N drp=0mm tcq=0
[ 312.120] I] [NM]: Control function with address 172 and NAME 000000000000000lx is now offline on channel 197275905.
[ 312.120] I] [NM]: Control function with address 205 and NAME 000000000000000lx is now offline on channel 198344577.
[ 312.523] [ISOBUS] addr=0x81 claimed=Y load=13.4% msgs=4836 aiso=310(319428ms) xte=-142.09m spd=0.00m/s q=0 ggaAge=93 vtgAge=93 xteAge=90 vt=N(0/22) vtstat=164/147481ms tc=N drp=0mm tcq=0
[ 312.523] W] [PR]: NACK-ing PGN request for PGN 60928 because no callback could handle it.
[ 313.120] I] [NM]: External control function with name 000000000000000lx has claimed address 198344577 on channel 2684363008.
[ 313.120] I] [NM]: External control function with name 000000000000000lx has claimed address 197275905 on channel 536876800.
[ 313.282] [ISOBUS] addr=0x81 claimed=Y load=13.9% msgs=4867 aiso=311(320428ms) xte=-142.09m spd=0.00m/s q=0 ggaAge=94 vtgAge=94 xteAge=93 vt=N(0/22) vtstat=164/148481ms tc=N drp=0mm tcq=0
[ 313.282] I] [NM]: Control function with address 172 and NAME 000000000000000lx is now offline on channel 197275905.
[ 314.289] I] [NM]: Control function with address 205 and NAME 000000000000000lx is now offline on channel 198344577.
[ 314.289] [ISOBUS] addr=0x81 claimed=Y load=13.4% msgs=4898 aiso=312(321428ms) xte=-142.09m spd=0.00m/s q=0 ggaAge=94 vtgAge=93 xteAge=92 vt=N(0/22) vtstat=164/149481ms tc=N drp=0mm tcq=0
[ 314.541] W] [PR]: NACK-ing PGN request for PGN 60928 because no callback could handle it.
[ 314.542] I] [NM]: External control function with name 000000000000000lx has claimed address 198344577 on channel 2684363008.
[ 315.285] I] [NM]: External control function with name 000000000000000lx has claimed address 197275905 on channel 536876800.
[ 315.285] [ISOBUS] addr=0x81 claimed=Y load=14.3% msgs=4929 aiso=313(322428ms) xte=-142.09m spd=0.00m/s q=0 ggaAge=93 vtgAge=93 xteAge=90 vt=N(0/22) vtstat=164/150481ms tc=N drp=0mm tcq=0
[ 316.121] I] [NM]: Control function with address 172 and NAME 000000000000000lx is now offline on channel 197275905.
[ 316.121] I] [NM]: Control function with address 205 and NAME 000000000000000lx is now offline on channel 198344577.
[ 316.538] [ISOBUS] addr=0x81 claimed=Y load=13.5% msgs=4960 aiso=314(323428ms) xte=-142.09m spd=0.00m/s q=0 ggaAge=93 vtgAge=93 xteAge=90 vt=N(0/22) vtstat=164/151481ms tc=N drp=0mm tcq=0
[ 316.538] W] [PR]: NACK-ing PGN request for PGN 60928 because no callback could handle it.
[ 317.122] I] [NM]: External control function with name 000000000000000lx has claimed address 198344577 on channel 2684363008.
[ 317.122] I] [NM]: External control function with name 000000000000000lx has claimed address 197275905 on channel 536876800.
[ 317.286] [ISOBUS] addr=0x81 claimed=Y load=13.9% msgs=4991 aiso=315(324428ms) xte=-142.09m spd=0.00m/s q=0 ggaAge=94 vtgAge=92 xteAge=90 vt=N(0/22) vtstat=164/152481ms tc=N drp=0mm tcq=0
[ 317.286] I] [NM]: Control function with address 172 and NAME 000000000000000lx is now offline on channel 197275905.
[ 318.295] I] [NM]: Control function with address 205 and NAME 000000000000000lx is now offline on channel 198344577.
[ 318.295] [ISOBUS] addr=0x81 claimed=Y load=13.6% msgs=5022 aiso=316(325428ms) xte=-142.09m spd=0.00m/s q=0 ggaAge=93 vtgAge=92 xteAge=90 vt=N(0/22) vtstat=164/153481ms tc=N drp=0mm tcq=0
[ 318.543] W] [PR]: NACK-ing PGN request for PGN 60928 because no callback could handle it.
[ 318.543] I] [NM]: External control function with name 000000000000000lx has claimed address 198344577 on channel 2684363008.
[ 319.283] I] [NM]: External control function with name 000000000000000lx has claimed address 197275905 on channel 536876800.
[ 319.283] [ISOBUS] addr=0x81 claimed=Y load=14.1% msgs=5053 aiso=317(326428ms) xte=-142.09m spd=0.00m/s q=0 ggaAge=94 vtgAge=93 xteAge=90 vt=N(0/22) vtstat=164/154481ms tc=N drp=0mm tcq=0
[ 320.120] I] [NM]: Control function with address 172 and NAME 000000000000000lx is now offline on channel 197275905.
[ 320.120] I] [NM]: Control function with address 205 and NAME 000000000000000lx is now offline on channel 198344577.
[ 320.533] [ISOBUS] addr=0x81 claimed=Y load=13.4% msgs=5084 aiso=318(327428ms) xte=-142.09m spd=0.00m/s q=0 ggaAge=93 vtgAge=93 xteAge=90 vt=N(0/22) vtstat=164/155481ms tc=N drp=0mm tcq=0
[ 320.533] W] [PR]: NACK-ing PGN request for PGN 60928 because no callback could handle it.
[ 321.121] I] [NM]: External control function with name 000000000000000lx has claimed address 198344577 on channel 2684363008.
[ 321.121] I] [NM]: External control function with name 000000000000000lx has claimed address 197275905 on channel 536876800.
[ 321.288] [ISOBUS] addr=0x81 claimed=Y load=13.9% msgs=5115 aiso=319(328428ms) xte=-142.09m spd=0.00m/s q=0 ggaAge=94 vtgAge=93 xteAge=92 vt=N(0/22) vtstat=164/156481ms tc=N drp=0mm tcq=0
[ 321.288] I] [NM]: Control function with address 172 and NAME 000000000000000lx is now offline on channel 197275905.
[ 322.291] I] [NM]: Control function with address 205 and NAME 000000000000000lx is now offline on channel 198344577.
[ 322.291] [ISOBUS] addr=0x81 claimed=Y load=13.4% msgs=5146 aiso=320(329428ms) xte=-142.09m spd=0.00m/s q=0 ggaAge=94 vtgAge=93 xteAge=93 vt=N(0/22) vtstat=164/157481ms tc=N drp=0mm tcq=0
[ 322.543] W] [PR]: NACK-ing PGN request for PGN 60928 because no callback could handle it.
[ 322.543] I] [NM]: External control function with name 000000000000000lx has claimed address 198344577 on channel 2684363008.
[ 323.283] I] [NM]: External control function with name 000000000000000lx has claimed address 197275905 on channel 536876800.
[ 323.283] [ISOBUS] addr=0x81 claimed=Y load=13.9% msgs=5177 aiso=321(330428ms) xte=-142.09m spd=0.00m/s q=0 ggaAge=94 vtgAge=93 xteAge=93 vt=N(0/22) vtstat=164/158481ms tc=N drp=0mm tcq=0
[ 324.118] I] [NM]: Control function with address 172 and NAME 000000000000000lx is now offline on channel 197275905.
[ 324.118] I] [NM]: Control function with address 205 and NAME 000000000000000lx is now offline on channel 198344577.
[ 324.532] [ISOBUS] addr=0x81 claimed=Y load=13.4% msgs=5208 aiso=322(331428ms) xte=-142.09m spd=0.00m/s q=0 ggaAge=93 vtgAge=93 xteAge=90 vt=N(0/22) vtstat=164/159481ms tc=N drp=0mm tcq=0
[ 324.532] W] [PR]: NACK-ing PGN request for PGN 60928 because no callback could handle it.
[ 325.119] I] [NM]: External control function with name 000000000000000lx has claimed address 198344577 on channel 2684363008.
[ 325.119] I] [NM]: External control function with name 000000000000000lx has claimed address 197275905 on channel 536876800.
[ 325.286] [ISOBUS] addr=0x81 claimed=Y load=13.9% msgs=5239 aiso=323(332428ms) xte=-142.09m spd=0.00m/s q=0 ggaAge=94 vtgAge=94 xteAge=93 vt=N(0/22) vtstat=164/160481ms tc=N drp=0mm tcq=0
[ 325.286] I] [NM]: Control function with address 172 and NAME 000000000000000lx is now offline on channel 197275905.
[ 326.297] I] [NM]: Control function with address 205 and NAME 000000000000000lx is now offline on channel 198344577.
[ 326.297] [ISOBUS] addr=0x81 claimed=Y load=13.3% msgs=5270 aiso=324(333428ms) xte=-142.09m spd=0.00m/s q=0 ggaAge=94 vtgAge=93 xteAge=93 vt=N(0/22) vtstat=164/161481ms tc=N drp=0mm tcq=0
[ 326.540] W] [PR]: NACK-ing PGN request for PGN 60928 because no callback could handle it.
[ 326.540] I] [NM]: External control function with name 000000000000000lx has claimed address 198344577 on channel 2684363008.
[ 327.289] I] [NM]: External control function with name 000000000000000lx has claimed address 197275905 on channel 536876800.
[ 327.289] [ISOBUS] addr=0x81 claimed=Y load=13.9% msgs=5301 aiso=325(334428ms) xte=-142.09m spd=0.00m/s q=0 ggaAge=93 vtgAge=93 xteAge=92 vt=N(0/22) vtstat=164/162481ms tc=N drp=0mm tcq=0
[ 328.120] I] [NM]: Control function with address 172 and NAME 000000000000000lx is now offline on channel 197275905.
[ 328.120] I] [NM]: Control function with address 205 and NAME 000000000000000lx is now offline on channel 198344577.
[ 328.535] [ISOBUS] addr=0x81 claimed=Y load=13.4% msgs=5332 aiso=326(335428ms) xte=-142.09m spd=0.00m/s q=0 ggaAge=94 vtgAge=93 xteAge=92 vt=N(0/22) vtstat=164/163481ms tc=N drp=0mm tcq=0
[ 328.535] W] [PR]: NACK-ing PGN request for PGN 60928 because no callback could handle it.
[ 329.122] I] [NM]: External control function with name 000000000000000lx has claimed address 198344577 on channel 2684363008.
[ 329.122] I] [NM]: External control function with name 000000000000000lx has claimed address 197275905 on channel 536876800.
[ 329.284] [ISOBUS] addr=0x81 claimed=Y load=13.9% msgs=5363 aiso=327(336428ms) xte=-142.09m spd=0.00m/s q=0 ggaAge=94 vtgAge=94 xteAge=93 vt=N(0/22) vtstat=164/164481ms tc=N drp=0mm tcq=0
[ 329.284] I] [NM]: Control function with address 172 and NAME 000000000000000lx is now offline on channel 197275905.
[ 330.295] I] [NM]: Control function with address 205 and NAME 000000000000000lx is now offline on channel 198344577.
[ 330.295] [ISOBUS] addr=0x81 claimed=Y load=13.4% msgs=5394 aiso=328(337428ms) xte=-142.09m spd=0.00m/s q=0 ggaAge=93 vtgAge=93 xteAge=92 vt=N(0/22) vtstat=164/165481ms tc=N drp=0mm tcq=0
[ 330.542] W] [PR]: NACK-ing PGN request for PGN 60928 because no callback could handle it.
[ 330.542] I] [NM]: External control function with name 000000000000000lx has claimed address 198344577 on channel 2684363008.
[ 331.285] I] [NM]: External control function with name 000000000000000lx has claimed address 197275905 on channel 536876800.
[ 331.285] [ISOBUS] addr=0x81 claimed=Y load=13.9% msgs=5425 aiso=329(338428ms) xte=-142.09m spd=0.00m/s q=0 ggaAge=94 vtgAge=93 xteAge=93 vt=N(0/22) vtstat=164/166481ms tc=N drp=0mm tcq=0
[ 332.122] I] [NM]: Control function with address 172 and NAME 000000000000000lx is now offline on channel 197275905.
[ 332.122] I] [NM]: Control function with address 205 and NAME 000000000000000lx is now offline on channel 198344577.
[ 332.532] [ISOBUS] addr=0x81 claimed=Y load=13.3% msgs=5456 aiso=330(339428ms) xte=-142.09m spd=0.00m/s q=0 ggaAge=94 vtgAge=93 xteAge=93 vt=N(0/22) vtstat=164/167481ms tc=N drp=0mm tcq=0
[ 332.535] W] [PR]: NACK-ing PGN request for PGN 60928 because no callback could handle it.
[ 333.121] I] [NM]: External control function with name 000000000000000lx has claimed address 198344577 on channel 2684363008.
[ 333.121] I] [NM]: External control function with name 000000000000000lx has claimed address 197275905 on channel 536876800.
[ 333.284] [ISOBUS] addr=0x81 claimed=Y load=13.9% msgs=5487 aiso=331(340428ms) xte=-142.09m spd=0.00m/s q=0 ggaAge=93 vtgAge=93 xteAge=92 vt=N(0/22) vtstat=164/168481ms tc=N drp=0mm tcq=0
[ 333.284] I] [NM]: Control function with address 172 and NAME 000000000000000lx is now offline on channel 197275905.
[ 334.291] I] [NM]: Control function with address 205 and NAME 000000000000000lx is now offline on channel 198344577.
[ 334.291] [ISOBUS] addr=0x81 claimed=Y load=13.3% msgs=5518 aiso=332(341428ms) xte=-142.09m spd=0.00m/s q=0 ggaAge=94 vtgAge=93 xteAge=93 vt=N(0/22) vtstat=164/169481ms tc=N drp=0mm tcq=0
[ 334.538] W] [PR]: NACK-ing PGN request for PGN 60928 because no callback could handle it.
[ 334.538] I] [NM]: External control function with name 000000000000000lx has claimed address 198344577 on channel 2684363008.
[ 335.284] I] [NM]: External control function with name 000000000000000lx has claimed address 197275905 on channel 536876800.
[ 335.285] [ISOBUS] addr=0x81 claimed=Y load=13.9% msgs=5549 aiso=333(342428ms) xte=-142.09m spd=0.00m/s q=0 ggaAge=94 vtgAge=93 xteAge=93 vt=N(0/22) vtstat=164/170481ms tc=N drp=0mm tcq=0
[ 336.120] I] [NM]: Control function with address 172 and NAME 000000000000000lx is now offline on channel 197275905.
[ 336.120] I] [NM]: Control function with address 205 and NAME 000000000000000lx is now offline on channel 198344577.
[ 336.533] [ISOBUS] addr=0x81 claimed=Y load=13.5% msgs=5580 aiso=334(343428ms) xte=-142.09m spd=0.00m/s q=0 ggaAge=93 vtgAge=93 xteAge=92 vt=N(0/22) vtstat=164/171481ms tc=N drp=0mm tcq=0
[ 336.533] W] [PR]: NACK-ing PGN request for PGN 60928 because no callback could handle it.
[ 337.109] I] [NM]: External control function with name 000000000000000lx has claimed address 198344577 on channel 2684363008.
[ 337.109] I] [NM]: External control function with name 000000000000000lx has claimed address 197275905 on channel 536876800.
[ 337.283] [ISOBUS] addr=0x81 claimed=Y load=13.9% msgs=5611 aiso=335(344428ms) xte=-142.09m spd=0.00m/s q=0 ggaAge=93 vtgAge=93 xteAge=92 vt=N(0/22) vtstat=164/172481ms tc=N drp=0mm tcq=0
[ 337.283] I] [NM]: Control function with address 172 and NAME 000000000000000lx is now offline on channel 197275905.
[ 338.290] I] [NM]: Control function with address 205 and NAME 000000000000000lx is now offline on channel 198344577.
[ 338.290] [ISOBUS] addr=0x81 claimed=Y load=13.4% msgs=5642 aiso=336(345428ms) xte=-142.09m spd=0.00m/s q=0 ggaAge=94 vtgAge=93 xteAge=92 vt=N(0/22) vtstat=164/173481ms tc=N drp=0mm tcq=0
[ 338.546] W] [PR]: NACK-ing PGN request for PGN 60928 because no callback could handle it.
[ 338.551] I] [NM]: External control function with name 000000000000000lx has claimed address 198344577 on channel 2684363008.
[ 339.288] I] [NM]: External control function with name 000000000000000lx has claimed address 197275905 on channel 536876800.
[ 339.288] [ISOBUS] addr=0x81 claimed=Y load=13.8% msgs=5673 aiso=337(346428ms) xte=-142.09m spd=0.00m/s q=0 ggaAge=94 vtgAge=93 xteAge=93 vt=N(0/22) vtstat=164/174481ms tc=N drp=0mm tcq=0
[ 340.122] I] [NM]: Control function with address 172 and NAME 000000000000000lx is now offline on channel 197275905.
[ 340.122] I] [NM]: Control function with address 205 and NAME 000000000000000lx is now offline on channel 198344577.
[ 340.534] [ISOBUS] addr=0x81 claimed=Y load=13.4% msgs=5704 aiso=338(347428ms) xte=-142.09m spd=0.00m/s q=0 ggaAge=94 vtgAge=93 xteAge=92 vt=N(0/22) vtstat=164/175481ms tc=N drp=0mm tcq=0
[ 340.534] W] [PR]: NACK-ing PGN request for PGN 60928 because no callback could handle it.
[ 341.121] I] [NM]: External control function with name 000000000000000lx has claimed address 198344577 on channel 2684363008.
[ 341.121] I] [NM]: External control function with name 000000000000000lx has claimed address 197275905 on channel 536876800.
[ 341.287] [ISOBUS] addr=0x81 claimed=Y load=13.9% msgs=5735 aiso=339(348428ms) xte=-142.09m spd=0.00m/s q=0 ggaAge=93 vtgAge=93 xteAge=92 vt=N(0/22) vtstat=164/176481ms tc=N drp=0mm tcq=0
[ 341.287] I] [NM]: Control function with address 172 and NAME 000000000000000lx is now offline on channel 197275905.
[ 342.296] I] [NM]: Control function with address 205 and NAME 000000000000000lx is now offline on channel 198344577.
[ 342.296] [ISOBUS] addr=0x81 claimed=Y load=13.4% msgs=5766 aiso=340(349428ms) xte=-142.09m spd=0.00m/s q=0 ggaAge=93 vtgAge=93 xteAge=92 vt=N(0/22) vtstat=164/177481ms tc=N drp=0mm tcq=0
[ 342.540] W] [PR]: NACK-ing PGN request for PGN 60928 because no callback could handle it.
[ 342.540] I] [NM]: External control function with name 000000000000000lx has claimed address 198344577 on channel 2684363008.
[ 343.291] I] [NM]: External control function with name 000000000000000lx has claimed address 197275905 on channel 536876800.
[ 343.291] [ISOBUS] addr=0x81 claimed=Y load=13.9% msgs=5797 aiso=341(350428ms) xte=-142.09m spd=0.00m/s q=0 ggaAge=93 vtgAge=92 xteAge=89 vt=N(0/22) vtstat=164/178481ms tc=N drp=0mm tcq=0
[ 344.122] I] [NM]: Control function with address 172 and NAME 000000000000000lx is now offline on channel 197275905.
[ 344.122] I] [NM]: Control function with address 205 and NAME 000000000000000lx is now offline on channel 198344577.
[ 344.530] [ISOBUS] addr=0x81 claimed=Y load=13.4% msgs=5828 aiso=342(351428ms) xte=-142.09m spd=0.00m/s q=0 ggaAge=93 vtgAge=93 xteAge=92 vt=N(0/22) vtstat=164/179481ms tc=N drp=0mm tcq=0
[ 344.530] W] [PR]: NACK-ing PGN request for PGN 60928 because no callback could handle it.
[ 345.120] I] [NM]: External control function with name 000000000000000lx has claimed address 198344577 on channel 2684363008.
[ 345.120] I] [NM]: External control function with name 000000000000000lx has claimed address 197275905 on channel 536876800.
[ 345.283] [ISOBUS] addr=0x81 claimed=Y load=13.9% msgs=5859 aiso=343(352428ms) xte=-142.09m spd=0.00m/s q=0 ggaAge=92 vtgAge=90 xteAge=89 vt=N(0/22) vtstat=164/180481ms tc=N drp=0mm tcq=0
[ 345.283] I] [NM]: Control function with address 172 and NAME 000000000000000lx is now offline on channel 197275905.
[ 346.290] I] [NM]: Control function with address 205 and NAME 000000000000000lx is now offline on channel 198344577.
[ 346.290] [ISOBUS] addr=0x81 claimed=Y load=13.4% msgs=5890 aiso=344(353428ms) xte=-142.09m spd=0.00m/s q=0 ggaAge=94 vtgAge=93 xteAge=92 vt=N(0/22) vtstat=164/181481ms tc=N drp=0mm tcq=0
[ 346.538] W] [PR]: NACK-ing PGN request for PGN 60928 because no callback could handle it.
[ 346.538] I] [NM]: External control function with name 000000000000000lx has claimed address 198344577 on channel 2684363008.
[ 347.289] I] [NM]: External control function with name 000000000000000lx has claimed address 197275905 on channel 536876800.
[ 347.289] [ISOBUS] addr=0x81 claimed=Y load=13.9% msgs=5921 aiso=345(354428ms) xte=-142.09m spd=0.00m/s q=0 ggaAge=93 vtgAge=93 xteAge=92 vt=N(0/22) vtstat=164/182481ms tc=N drp=0mm tcq=0
[ 348.108] I] [NM]: Control function with address 172 and NAME 000000000000000lx is now offline on channel 197275905.
[ 348.108] I] [NM]: Control function with address 205 and NAME 000000000000000lx is now offline on channel 198344577.
[ 348.530] [ISOBUS] addr=0x81 claimed=Y load=13.4% msgs=5952 aiso=346(355428ms) xte=-142.09m spd=0.00m/s q=0 ggaAge=93 vtgAge=92 xteAge=92 vt=N(0/22) vtstat=164/183481ms tc=N drp=0mm tcq=0
[ 348.533] W] [PR]: NACK-ing PGN request for PGN 60928 because no callback could handle it.
[ 349.114] I] [NM]: External control function with name 000000000000000lx has claimed address 198344577 on channel 2684363008.
[ 349.114] I] [NM]: External control function with name 000000000000000lx has claimed address 197275905 on channel 536876800.
[ 349.285] [ISOBUS] addr=0x81 claimed=Y load=13.9% msgs=5983 aiso=347(356428ms) xte=-142.09m spd=0.00m/s q=0 ggaAge=94 vtgAge=93 xteAge=92 vt=N(0/22) vtstat=164/184481ms tc=N drp=0mm tcq=0
[ 349.285] I] [NM]: Control function with address 172 and NAME 000000000000000lx is now offline on channel 197275905.
[ 350.299] I] [NM]: Control function with address 205 and NAME 000000000000000lx is now offline on channel 198344577.
[ 350.299] [ISOBUS] addr=0x81 claimed=Y load=13.4% msgs=6014 aiso=348(357428ms) xte=-142.09m spd=0.00m/s q=0 ggaAge=94 vtgAge=93 xteAge=92 vt=N(0/22) vtstat=164/185481ms tc=N drp=0mm tcq=0
[ 350.543] W] [PR]: NACK-ing PGN request for PGN 60928 because no callback could handle it.
[ 350.543] I] [NM]: External control function with name 000000000000000lx has claimed address 198344577 on channel 2684363008.
[ 351.288] I] [NM]: External control function with name 000000000000000lx has claimed address 197275905 on channel 536876800.
[ 351.288] [ISOBUS] addr=0x81 claimed=Y load=13.9% msgs=6045 aiso=349(358428ms) xte=-142.09m spd=0.00m/s q=0 ggaAge=93 vtgAge=92 xteAge=92 vt=N(0/22) vtstat=164/186481ms tc=N drp=0mm tcq=0
[ 352.117] I] [NM]: Control function with address 172 and NAME 000000000000000lx is now offline on channel 197275905.
[ 352.117] I] [NM]: Control function with address 205 and NAME 000000000000000lx is now offline on channel 198344577.
[ 352.524] [ISOBUS] addr=0x81 claimed=Y load=13.4% msgs=6076 aiso=350(359428ms) xte=-142.09m spd=0.00m/s q=0 ggaAge=93 vtgAge=92 xteAge=89 vt=N(0/22) vtstat=164/187481ms tc=N drp=0mm tcq=0
[ 352.524] W] [PR]: NACK-ing PGN request for PGN 60928 because no callback could handle it.
[ 353.119] I] [NM]: External control function with name 000000000000000lx has claimed address 198344577 on channel 2684363008.
[ 353.119] I] [NM]: External control function with name 000000000000000lx has claimed address 197275905 on channel 536876800.
[ 353.284] [ISOBUS] addr=0x81 claimed=Y load=13.9% msgs=6107 aiso=351(360428ms) xte=-142.09m spd=0.00m/s q=0 ggaAge=93 vtgAge=92 xteAge=92 vt=N(0/22) vtstat=164/188481ms tc=N drp=0mm tcq=0
[ 353.284] I] [NM]: Control function with address 172 and NAME 000000000000000lx is now offline on channel 197275905.
[ 354.294] I] [NM]: Control function with address 205 and NAME 000000000000000lx is now offline on channel 198344577.
[ 354.294] [ISOBUS] addr=0x81 claimed=Y load=13.4% msgs=6138 aiso=352(361428ms) xte=-142.09m spd=0.00m/s q=0 ggaAge=94 vtgAge=93 xteAge=93 vt=N(0/22) vtstat=164/189481ms tc=N drp=0mm tcq=0
[ 354.536] W] [PR]: NACK-ing PGN request for PGN 60928 because no callback could handle it.
[ 354.536] I] [NM]: External control function with name 000000000000000lx has claimed address 198344577 on channel 2684363008.
[ 355.279] I] [NM]: External control function with name 000000000000000lx has claimed address 197275905 on channel 536876800.
[ 355.279] [ISOBUS] addr=0x81 claimed=Y load=13.9% msgs=6169 aiso=353(362428ms) xte=-142.09m spd=0.00m/s q=0 ggaAge=93 vtgAge=93 xteAge=92 vt=N(0/22) vtstat=164/190481ms tc=N drp=0mm tcq=0
[ 356.118] I] [NM]: Control function with address 172 and NAME 000000000000000lx is now offline on channel 197275905.
[ 356.118] I] [NM]: Control function with address 205 and NAME 000000000000000lx is now offline on channel 198344577.
[ 356.533] [ISOBUS] addr=0x81 claimed=Y load=13.4% msgs=6200 aiso=354(363428ms) xte=-142.09m spd=0.00m/s q=0 ggaAge=93 vtgAge=93 xteAge=92 vt=N(0/22) vtstat=164/191481ms tc=N drp=0mm tcq=0
[ 356.533] W] [PR]: NACK-ing PGN request for PGN 60928 because no callback could handle it.
[ 357.120] I] [NM]: External control function with name 000000000000000lx has claimed address 198344577 on channel 2684363008.
[ 357.120] I] [NM]: External control function with name 000000000000000lx has claimed address 197275905 on channel 536876800.
[ 357.287] [ISOBUS] addr=0x81 claimed=Y load=13.9% msgs=6231 aiso=355(364428ms) xte=-142.09m spd=0.00m/s q=0 ggaAge=93 vtgAge=92 xteAge=92 vt=N(0/22) vtstat=164/192481ms tc=N drp=0mm tcq=0
[ 357.287] I] [NM]: Control function with address 172 and NAME 000000000000000lx is now offline on channel 197275905.
[ 358.288] I] [NM]: Control function with address 205 and NAME 000000000000000lx is now offline on channel 198344577.
[ 358.288] [ISOBUS] addr=0x81 claimed=Y load=13.4% msgs=6262 aiso=356(365428ms) xte=-142.09m spd=0.00m/s q=0 ggaAge=93 vtgAge=92 xteAge=92 vt=N(0/22) vtstat=164/193481ms tc=N drp=0mm tcq=0
[ 358.542] W] [PR]: NACK-ing PGN request for PGN 60928 because no callback could handle it.
[ 358.542] I] [NM]: External control function with name 000000000000000lx has claimed address 198344577 on channel 2684363008.
[ 359.284] I] [NM]: External control function with name 000000000000000lx has claimed address 197275905 on channel 536876800.
[ 359.284] [ISOBUS] addr=0x81 claimed=Y load=13.9% msgs=6293 aiso=357(366428ms) xte=-142.09m spd=0.00m/s q=0 ggaAge=90 vtgAge=89 xteAge=88 vt=N(0/22) vtstat=164/194481ms tc=N drp=0mm tcq=0
[ 360.122] I] [NM]: Control function with address 172 and NAME 000000000000000lx is now offline on channel 197275905.
[ 360.122] I] [NM]: Control function with address 205 and NAME 000000000000000lx is now offline on channel 198344577.
[ 360.533] [ISOBUS] addr=0x81 claimed=Y load=13.4% msgs=6324 aiso=358(367428ms) xte=-142.09m spd=0.00m/s q=0 ggaAge=93 vtgAge=93 xteAge=92 vt=N(0/22) vtstat=164/195481ms tc=N drp=0mm tcq=0
[ 360.533] W] [PR]: NACK-ing PGN request for PGN 60928 because no callback could handle it.
[ 361.116] I] [NM]: External control function with name 000000000000000lx has claimed address 198344577 on channel 2684363008.
[ 361.116] I] [NM]: External control function with name 000000000000000lx has claimed address 197275905 on channel 536876800.
[ 361.283] [ISOBUS] addr=0x81 claimed=Y load=13.9% msgs=6355 aiso=359(368428ms) xte=-142.09m spd=0.00m/s q=0 ggaAge=93 vtgAge=93 xteAge=92 vt=N(0/22) vtstat=164/196481ms tc=N drp=0mm tcq=0
[ 361.283] I] [NM]: Control function with address 172 and NAME 000000000000000lx is now offline on channel 197275905.
[ 362.283] I] [NM]: Control function with address 205 and NAME 000000000000000lx is now offline on channel 198344577.
[ 362.283] [ISOBUS] addr=0x81 claimed=Y load=13.4% msgs=6386 aiso=360(369428ms) xte=-142.09m spd=0.00m/s q=0 ggaAge=93 vtgAge=93 xteAge=92 vt=N(0/22) vtstat=164/197481ms tc=N drp=0mm tcq=0
[ 362.545] W] [PR]: NACK-ing PGN request for PGN 60928 because no callback could handle it.
[ 362.545] I] [NM]: External control function with name 000000000000000lx has claimed address 198344577 on channel 2684363008.
[ 363.289] I] [NM]: External control function with name 000000000000000lx has claimed address 197275905 on channel 536876800.
[ 363.289] [ISOBUS] addr=0x81 claimed=Y load=13.9% msgs=6417 aiso=361(370428ms) xte=-142.09m spd=0.00m/s q=0 ggaAge=94 vtgAge=93 xteAge=92 vt=N(0/22) vtstat=164/198481ms tc=N drp=0mm tcq=0
[ 364.118] I] [NM]: Control function with address 172 and NAME 000000000000000lx is now offline on channel 197275905.
[ 364.118] I] [NM]: Control function with address 205 and NAME 000000000000000lx is now offline on channel 198344577.
[ 364.542] [ISOBUS] addr=0x81 claimed=Y load=13.4% msgs=6448 aiso=362(371428ms) xte=-142.09m spd=0.00m/s q=0 ggaAge=93 vtgAge=92 xteAge=92 vt=N(0/22) vtstat=164/199481ms tc=N drp=0mm tcq=0
[ 364.542] W] [PR]: NACK-ing PGN request for PGN 60928 because no callback could handle it.
[ 365.115] I] [NM]: External control function with name 000000000000000lx has claimed address 198344577 on channel 2684363008.
[ 365.115] I] [NM]: External control function with name 000000000000000lx has claimed address 197275905 on channel 536876800.
[ 365.284] [ISOBUS] addr=0x81 claimed=Y load=13.9% msgs=6479 aiso=363(372428ms) xte=-142.09m spd=0.00m/s q=0 ggaAge=93 vtgAge=92 xteAge=92 vt=N(0/22) vtstat=164/200481ms tc=N drp=0mm tcq=0
[ 365.284] I] [NM]: Control function with address 172 and NAME 000000000000000lx is now offline on channel 197275905.
[ 366.288] I] [NM]: Control function with address 205 and NAME 000000000000000lx is now offline on channel 198344577.
[ 366.288] [ISOBUS] addr=0x81 claimed=Y load=13.4% msgs=6510 aiso=364(373428ms) xte=-142.09m spd=0.00m/s q=0 ggaAge=93 vtgAge=93 xteAge=92 vt=N(0/22) vtstat=164/201481ms tc=N drp=0mm tcq=0
[ 366.537] W] [PR]: NACK-ing PGN request for PGN 60928 because no callback could handle it.
[ 366.539] I] [NM]: External control function with name 000000000000000lx has claimed address 198344577 on channel 2684363008.
[ 367.284] I] [NM]: External control function with name 000000000000000lx has claimed address 197275905 on channel 536876800.
[ 367.284] [ISOBUS] addr=0x81 claimed=Y load=13.9% msgs=6541 aiso=365(374428ms) xte=-142.09m spd=0.00m/s q=0 ggaAge=93 vtgAge=93 xteAge=92 vt=N(0/22) vtstat=164/202481ms tc=N drp=0mm tcq=0
[ 368.122] I] [NM]: Control function with address 172 and NAME 000000000000000lx is now offline on channel 197275905.
[ 368.122] I] [NM]: Control function with address 205 and NAME 000000000000000lx is now offline on channel 198344577.
[ 368.533] [ISOBUS] addr=0x81 claimed=Y load=13.4% msgs=6572 aiso=366(375428ms) xte=-142.09m spd=0.00m/s q=0 ggaAge=94 vtgAge=93 xteAge=93 vt=N(0/22) vtstat=164/203481ms tc=N drp=0mm tcq=0
[ 368.534] W] [PR]: NACK-ing PGN request for PGN 60928 because no callback could handle it.
[ 369.122] I] [NM]: External control function with name 000000000000000lx has claimed address 198344577 on channel 2684363008.
[ 369.122] I] [NM]: External control function with name 000000000000000lx has claimed address 197275905 on channel 536876800.
[ 369.284] [ISOBUS] addr=0x81 claimed=Y load=13.9% msgs=6603 aiso=367(376428ms) xte=-142.09m spd=0.00m/s q=0 ggaAge=93 vtgAge=92 xteAge=92 vt=N(0/22) vtstat=164/204481ms tc=N drp=0mm tcq=0
[ 369.284] I] [NM]: Control function with address 172 and NAME 000000000000000lx is now offline on channel 197275905.
[ 370.293] I] [NM]: Control function with address 205 and NAME 000000000000000lx is now offline on channel 198344577.
[ 370.293] [ISOBUS] addr=0x81 claimed=Y load=13.4% msgs=6634 aiso=368(377428ms) xte=-142.09m spd=0.00m/s q=0 ggaAge=94 vtgAge=93 xteAge=93 vt=N(0/22) vtstat=164/205481ms tc=N drp=0mm tcq=0
[ 370.534] W] [PR]: NACK-ing PGN request for PGN 60928 because no callback could handle it.
[ 370.534] I] [NM]: External control function with name 000000000000000lx has claimed address 198344577 on channel 2684363008.
[ 371.288] I] [NM]: External control function with name 000000000000000lx has claimed address 197275905 on channel 536876800.
[ 371.288] [ISOBUS] addr=0x81 claimed=Y load=13.9% msgs=6665 aiso=369(378428ms) xte=-142.09m spd=0.00m/s q=0 ggaAge=93 vtgAge=92 xteAge=92 vt=N(0/22) vtstat=164/206481ms tc=N drp=0mm tcq=0
[ 372.122] I] [NM]: Control function with address 172 and NAME 000000000000000lx is now offline on channel 197275905.
[ 372.122] I] [NM]: Control function with address 205 and NAME 000000000000000lx is now offline on channel 198344577.
[ 372.533] [ISOBUS] addr=0x81 claimed=Y load=13.4% msgs=6696 aiso=370(379428ms) xte=-142.09m spd=0.00m/s q=0 ggaAge=93 vtgAge=92 xteAge=92 vt=N(0/22) vtstat=164/207481ms tc=N drp=0mm tcq=0
[ 372.533] W] [PR]: NACK-ing PGN request for PGN 60928 because no callback could handle it.
[ 373.122] I] [NM]: External control function with name 000000000000000lx has claimed address 198344577 on channel 2684363008.
[ 373.122] I] [NM]: External control function with name 000000000000000lx has claimed address 197275905 on channel 536876800.
[ 373.276] [ISOBUS] addr=0x81 claimed=Y load=13.9% msgs=6727 aiso=371(380428ms) xte=-142.09m spd=0.00m/s q=0 ggaAge=93 vtgAge=93 xteAge=92 vt=N(0/22) vtstat=164/208481ms tc=N drp=0mm tcq=0
[ 373.276] I] [NM]: Control function with address 172 and NAME 000000000000000lx is now offline on channel 197275905.
[ 374.290] I] [NM]: Control function with address 205 and NAME 000000000000000lx is now offline on channel 198344577.
[ 374.290] [ISOBUS] addr=0x81 claimed=Y load=13.4% msgs=6758 aiso=372(381428ms) xte=-142.09m spd=0.00m/s q=0 ggaAge=94 vtgAge=93 xteAge=93 vt=N(0/22) vtstat=164/209481ms tc=N drp=0mm tcq=0
[ 374.542] W] [PR]: NACK-ing PGN request for PGN 60928 because no callback could handle it.
[ 374.542] I] [NM]: External control function with name 000000000000000lx has claimed address 198344577 on channel 2684363008.
[ 375.286] I] [NM]: External control function with name 000000000000000lx has claimed address 197275905 on channel 536876800.
[ 375.286] [ISOBUS] addr=0x81 claimed=Y load=13.9% msgs=6789 aiso=373(382428ms) xte=-142.09m spd=0.00m/s q=0 ggaAge=93 vtgAge=84 xteAge=84 vt=N(0/22) vtstat=164/210481ms tc=N drp=0mm tcq=0
[ 376.120] I] [NM]: Control function with address 172 and NAME 000000000000000lx is now offline on channel 197275905.
[ 376.123] I] [NM]: Control function with address 205 and NAME 000000000000000lx is now offline on channel 198344577.
[ 376.536] [ISOBUS] addr=0x81 claimed=Y load=13.4% msgs=6820 aiso=374(383428ms) xte=-142.09m spd=0.00m/s q=0 ggaAge=93 vtgAge=93 xteAge=92 vt=N(0/22) vtstat=164/211481ms tc=N drp=0mm tcq=0
[ 376.536] W] [PR]: NACK-ing PGN request for PGN 60928 because no callback could handle it.
[ 377.114] I] [NM]: External control function with name 000000000000000lx has claimed address 198344577 on channel 2684363008.
[ 377.114] I] [NM]: External control function with name 000000000000000lx has claimed address 197275905 on channel 536876800.
[ 377.285] [ISOBUS] addr=0x81 claimed=Y load=13.9% msgs=6851 aiso=375(384428ms) xte=-142.09m spd=0.00m/s q=0 ggaAge=93 vtgAge=92 xteAge=92 vt=N(0/22) vtstat=164/212481ms tc=N drp=0mm tcq=0
[ 377.285] I] [NM]: Control function with address 172 and NAME 000000000000000lx is now offline on channel 197275905.
[ 378.286] I] [NM]: Control function with address 205 and NAME 000000000000000lx is now offline on channel 198344577.
[ 378.286] [ISOBUS] addr=0x81 claimed=Y load=13.4% msgs=6882 aiso=376(385428ms) xte=-142.09m spd=0.00m/s q=0 ggaAge=93 vtgAge=92 xteAge=92 vt=N(0/22) vtstat=164/213481ms tc=N drp=0mm tcq=0
[ 378.533] W] [PR]: NACK-ing PGN request for PGN 60928 because no callback could handle it.
[ 378.533] I] [NM]: External control function with name 000000000000000lx has claimed address 198344577 on channel 2684363008.
[ 379.284] I] [NM]: External control function with name 000000000000000lx has claimed address 197275905 on channel 536876800.
[ 379.284] [ISOBUS] addr=0x81 claimed=Y load=13.9% msgs=6913 aiso=377(386428ms) xte=-142.09m spd=0.00m/s q=0 ggaAge=94 vtgAge=93 xteAge=92 vt=N(0/22) vtstat=164/214481ms tc=N drp=0mm tcq=0
[ 380.122] I] [NM]: Control function with address 172 and NAME 000000000000000lx is now offline on channel 197275905.
[ 380.122] I] [NM]: Control function with address 205 and NAME 000000000000000lx is now offline on channel 198344577.
[ 380.535] [ISOBUS] addr=0x81 claimed=Y load=13.4% msgs=6944 aiso=378(387428ms) xte=-142.09m spd=0.00m/s q=0 ggaAge=94 vtgAge=92 xteAge=92 vt=N(0/22) vtstat=164/215481ms tc=N drp=0mm tcq=0
[ 380.540] W] [PR]: NACK-ing PGN request for PGN 60928 because no callback could handle it.
[ 381.117] I] [NM]: External control function with name 000000000000000lx has claimed address 198344577 on channel 2684363008.
[ 381.117] I] [NM]: External control function with name 000000000000000lx has claimed address 197275905 on channel 536876800.
[ 381.292] [ISOBUS] addr=0x81 claimed=Y load=13.9% msgs=6975 aiso=379(388428ms) xte=-142.09m spd=0.00m/s q=0 ggaAge=93 vtgAge=92 xteAge=92 vt=N(0/22) vtstat=164/216481ms tc=N drp=0mm tcq=0
[ 381.292] I] [NM]: Control function with address 172 and NAME 000000000000000lx is now offline on channel 197275905.
[ 382.305] I] [NM]: Control function with address 205 and NAME 000000000000000lx is now offline on channel 198344577.
[ 382.305] [ISOBUS] addr=0x81 claimed=Y load=13.4% msgs=7006 aiso=380(389428ms) xte=-142.09m spd=0.00m/s q=0 ggaAge=93 vtgAge=92 xteAge=92 vt=N(0/22) vtstat=164/217481ms tc=N drp=0mm tcq=0
[ 382.542] W] [PR]: NACK-ing PGN request for PGN 60928 because no callback could handle it.
[ 382.542] I] [NM]: External control function with name 000000000000000lx has claimed address 198344577 on channel 2684363008.
[ 383.287] I] [NM]: External control function with name 000000000000000lx has claimed address 197275905 on channel 536876800.
[ 383.287] [ISOBUS] addr=0x81 claimed=Y load=13.9% msgs=7037 aiso=381(390428ms) xte=-142.09m spd=0.00m/s q=0 ggaAge=93 vtgAge=92 xteAge=92 vt=N(0/22) vtstat=164/218481ms tc=N drp=0mm tcq=0
[ 384.118] I] [NM]: Control function with address 172 and NAME 000000000000000lx is now offline on channel 197275905.
[ 384.118] I] [NM]: Control function with address 205 and NAME 000000000000000lx is now offline on channel 198344577.
[ 384.535] [ISOBUS] addr=0x81 claimed=Y load=13.4% msgs=7068 aiso=382(391428ms) xte=-142.09m spd=0.00m/s q=0 ggaAge=93 vtgAge=92 xteAge=92 vt=N(0/22) vtstat=164/219481ms tc=N drp=0mm tcq=0
[ 384.535] W] [PR]: NACK-ing PGN request for PGN 60928 because no callback could handle it.
[ 385.123] I] [NM]: External control function with name 000000000000000lx has claimed address 198344577 on channel 2684363008.
[ 385.123] I] [NM]: External control function with name 000000000000000lx has claimed address 197275905 on channel 536876800.
[ 385.276] [ISOBUS] addr=0x81 claimed=Y load=13.9% msgs=7099 aiso=383(392428ms) xte=-142.09m spd=0.00m/s q=0 ggaAge=94 vtgAge=93 xteAge=92 vt=N(0/22) vtstat=164/220481ms tc=N drp=0mm tcq=0
[ 385.276] I] [NM]: Control function with address 172 and NAME 000000000000000lx is now offline on channel 197275905.
[ 386.288] I] [NM]: Control function with address 205 and NAME 000000000000000lx is now offline on channel 198344577.
[ 386.288] [ISOBUS] addr=0x81 claimed=Y load=13.4% msgs=7130 aiso=384(393428ms) xte=-142.09m spd=0.00m/s q=0 ggaAge=94 vtgAge=93 xteAge=92 vt=N(0/22) vtstat=164/221481ms tc=N drp=0mm tcq=0
[ 386.543] W] [PR]: NACK-ing PGN request for PGN 60928 because no callback could handle it.
[ 386.543] I] [NM]: External control function with name 000000000000000lx has claimed address 198344577 on channel 2684363008.
[ 387.290] I] [NM]: External control function with name 000000000000000lx has claimed address 197275905 on channel 536876800.
[ 387.290] [ISOBUS] addr=0x81 claimed=Y load=13.9% msgs=7161 aiso=385(394428ms) xte=-142.09m spd=0.00m/s q=0 ggaAge=94 vtgAge=93 xteAge=92 vt=N(0/22) vtstat=164/222481ms tc=N drp=0mm tcq=0
[ 388.116] I] [NM]: Control function with address 172 and NAME 000000000000000lx is now offline on channel 197275905.
[ 388.116] I] [NM]: Control function with address 205 and NAME 000000000000000lx is now offline on channel 198344577.
[ 388.538] [ISOBUS] addr=0x81 claimed=Y load=13.4% msgs=7192 aiso=386(395428ms) xte=-142.09m spd=0.00m/s q=0 ggaAge=93 vtgAge=92 xteAge=92 vt=N(0/22) vtstat=164/223481ms tc=N drp=0mm tcq=0
[ 388.538] W] [PR]: NACK-ing PGN request for PGN 60928 because no callback could handle it.
[ 389.119] I] [NM]: External control function with name 000000000000000lx has claimed address 198344577 on channel 2684363008.
[ 389.119] I] [NM]: External control function with name 000000000000000lx has claimed address 197275905 on channel 536876800.
[ 389.291] [ISOBUS] addr=0x81 claimed=Y load=13.9% msgs=7223 aiso=387(396428ms) xte=-142.09m spd=0.00m/s q=0 ggaAge=93 vtgAge=93 xteAge=92 vt=N(0/22) vtstat=164/224481ms tc=N drp=0mm tcq=0
[ 389.291] I] [NM]: Control function with address 172 and NAME 000000000000000lx is now offline on channel 197275905.
[ 390.293] I] [NM]: Control function with address 205 and NAME 000000000000000lx is now offline on channel 198344577.
[ 390.293] [ISOBUS] addr=0x81 claimed=Y load=13.4% msgs=7254 aiso=388(397428ms) xte=-142.09m spd=0.00m/s q=0 ggaAge=93 vtgAge=93 xteAge=92 vt=N(0/22) vtstat=164/225481ms tc=N drp=0mm tcq=0
[ 390.540] W] [PR]: NACK-ing PGN request for PGN 60928 because no callback could handle it.
[ 390.540] I] [NM]: External control function with name 000000000000000lx has claimed address 198344577 on channel 2684363008.
[ 391.281] I] [NM]: External control function with name 000000000000000lx has claimed address 197275905 on channel 536876800.
[ 391.281] [ISOBUS] addr=0x81 claimed=Y load=13.9% msgs=7285 aiso=389(398428ms) xte=-142.09m spd=0.00m/s q=0 ggaAge=93 vtgAge=93 xteAge=92 vt=N(0/22) vtstat=164/226481ms tc=N drp=0mm tcq=0
[ 392.123] I] [NM]: Control function with address 172 and NAME 000000000000000lx is now offline on channel 197275905.
[ 392.123] I] [NM]: Control function with address 205 and NAME 000000000000000lx is now offline on channel 198344577.
[ 392.536] [ISOBUS] addr=0x81 claimed=Y load=13.4% msgs=7316 aiso=390(399428ms) xte=-142.09m spd=0.00m/s q=0 ggaAge=93 vtgAge=92 xteAge=92 vt=N(0/22) vtstat=164/227481ms tc=N drp=0mm tcq=0
[ 392.537] W] [PR]: NACK-ing PGN request for PGN 60928 because no callback could handle it.
[ 393.125] I] [NM]: External control function with name 000000000000000lx has claimed address 198344577 on channel 2684363008.
[ 393.125] I] [NM]: External control function with name 000000000000000lx has claimed address 197275905 on channel 536876800.
[ 393.287] [ISOBUS] addr=0x81 claimed=Y load=13.9% msgs=7347 aiso=391(400428ms) xte=-142.09m spd=0.00m/s q=0 ggaAge=91 vtgAge=91 xteAge=88 vt=N(0/22) vtstat=164/228481ms tc=N drp=0mm tcq=0
[ 393.287] I] [NM]: Control function with address 172 and NAME 000000000000000lx is now offline on channel 197275905.
[ 394.289] I] [NM]: Control function with address 205 and NAME 000000000000000lx is now offline on channel 198344577.
[ 394.289] [ISOBUS] addr=0x81 claimed=Y load=13.4% msgs=7378 aiso=392(401428ms) xte=-142.09m spd=0.00m/s q=0 ggaAge=93 vtgAge=93 xteAge=92 vt=N(0/22) vtstat=164/229481ms tc=N drp=0mm tcq=0
[ 394.547] W] [PR]: NACK-ing PGN request for PGN 60928 because no callback could handle it.
[ 394.547] I] [NM]: External control function with name 000000000000000lx has claimed address 198344577 on channel 2684363008.
[ 395.289] I] [NM]: External control function with name 000000000000000lx has claimed address 197275905 on channel 536876800.
[ 395.289] [ISOBUS] addr=0x81 claimed=Y load=13.9% msgs=7409 aiso=393(402428ms) xte=-142.09m spd=0.00m/s q=0 ggaAge=93 vtgAge=92 xteAge=92 vt=N(0/22) vtstat=164/230481ms tc=N drp=0mm tcq=0
[ 396.115] I] [NM]: Control function with address 172 and NAME 000000000000000lx is now offline on channel 197275905.
[ 396.115] I] [NM]: Control function with address 205 and NAME 000000000000000lx is now offline on channel 198344577.
[ 396.537] [ISOBUS] addr=0x81 claimed=Y load=13.4% msgs=7440 aiso=394(403428ms) xte=-142.09m spd=0.00m/s q=0 ggaAge=93 vtgAge=93 xteAge=84 vt=N(0/22) vtstat=164/231481ms tc=N drp=0mm tcq=0
[ 396.537] W] [PR]: NACK-ing PGN request for PGN 60928 because no callback could handle it.
[ 397.120] I] [NM]: External control function with name 000000000000000lx has claimed address 198344577 on channel 2684363008.
[ 397.120] I] [NM]: External control function with name 000000000000000lx has claimed address 197275905 on channel 536876800.
[ 397.283] [ISOBUS] addr=0x81 claimed=Y load=13.9% msgs=7471 aiso=395(404428ms) xte=-142.09m spd=0.00m/s q=0 ggaAge=93 vtgAge=93 xteAge=92 vt=N(0/22) vtstat=164/232481ms tc=N drp=0mm tcq=0
[ 397.283] I] [NM]: Control function with address 172 and NAME 000000000000000lx is now offline on channel 197275905.
[ 398.287] I] [NM]: Control function with address 205 and NAME 000000000000000lx is now offline on channel 198344577.
[ 398.287] [ISOBUS] addr=0x81 claimed=Y load=13.4% msgs=7502 aiso=396(405428ms) xte=-142.09m spd=0.00m/s q=0 ggaAge=93 vtgAge=92 xteAge=91 vt=N(0/22) vtstat=164/233481ms tc=N drp=0mm tcq=0
[ 398.545] W] [PR]: NACK-ing PGN request for PGN 60928 because no callback could handle it.
[ 398.545] I] [NM]: External control function with name 000000000000000lx has claimed address 198344577 on channel 2684363008.
[ 399.285] I] [NM]: External control function with name 000000000000000lx has claimed address 197275905 on channel 536876800.
[ 399.285] [ISOBUS] addr=0x81 claimed=Y load=13.9% msgs=7533 aiso=397(406428ms) xte=-142.09m spd=0.00m/s q=0 ggaAge=91 vtgAge=89 xteAge=88 vt=N(0/22) vtstat=164/234481ms tc=N drp=0mm tcq=0
[ 400.121] I] [NM]: Control function with address 172 and NAME 000000000000000lx is now offline on channel 197275905.
[ 400.121] I] [NM]: Control function with address 205 and NAME 000000000000000lx is now offline on channel 198344577.
[ 400.535] [ISOBUS] addr=0x81 claimed=Y load=13.4% msgs=7564 aiso=398(407428ms) xte=-142.09m spd=0.00m/s q=0 ggaAge=93 vtgAge=92 xteAge=91 vt=N(0/22) vtstat=164/235481ms tc=N drp=0mm tcq=0
[ 400.535] W] [PR]: NACK-ing PGN request for PGN 60928 because no callback could handle it.
[ 401.121] I] [NM]: External control function with name 000000000000000lx has claimed address 198344577 on channel 2684363008.
[ 401.121] I] [NM]: External control function with name 000000000000000lx has claimed address 197275905 on channel 536876800.
[ 401.282] [ISOBUS] addr=0x81 claimed=Y load=13.9% msgs=7595 aiso=399(408428ms) xte=-142.09m spd=0.00m/s q=0 ggaAge=93 vtgAge=92 xteAge=91 vt=N(0/22) vtstat=164/236481ms tc=N drp=0mm tcq=0
[ 401.282] I] [NM]: Control function with address 172 and NAME 000000000000000lx is now offline on channel 197275905.
[ 402.291] I] [NM]: Control function with address 205 and NAME 000000000000000lx is now offline on channel 198344577.
[ 402.291] [ISOBUS] addr=0x81 claimed=Y load=13.4% msgs=7626 aiso=400(409428ms) xte=-142.09m spd=0.00m/s q=0 ggaAge=93 vtgAge=92 xteAge=92 vt=N(0/22) vtstat=164/237481ms tc=N drp=0mm tcq=0
[ 402.546] W] [PR]: NACK-ing PGN request for PGN 60928 because no callback could handle it.
[ 402.546] I] [NM]: External control function with name 000000000000000lx has claimed address 198344577 on channel 2684363008.
[ 403.291] I] [NM]: External control function with name 000000000000000lx has claimed address 197275905 on channel 536876800.
[ 403.291] [ISOBUS] addr=0x81 claimed=Y load=13.9% msgs=7657 aiso=401(410428ms) xte=-142.09m spd=0.00m/s q=0 ggaAge=93 vtgAge=93 xteAge=92 vt=N(0/22) vtstat=164/238481ms tc=N drp=0mm tcq=0
[ 404.112] I] [NM]: Control function with address 172 and NAME 000000000000000lx is now offline on channel 197275905.
[ 404.112] I] [NM]: Control function with address 205 and NAME 000000000000000lx is now offline on channel 198344577.
[ 404.536] [ISOBUS] addr=0x81 claimed=Y load=13.4% msgs=7688 aiso=402(411428ms) xte=-142.09m spd=0.00m/s q=0 ggaAge=93 vtgAge=92 xteAge=92 vt=N(0/22) vtstat=164/239481ms tc=N drp=0mm tcq=0
[ 404.536] W] [PR]: NACK-ing PGN request for PGN 60928 because no callback could handle it.
[ 405.123] I] [NM]: External control function with name 000000000000000lx has claimed address 198344577 on channel 2684363008.
[ 405.123] I] [NM]: External control function with name 000000000000000lx has claimed address 197275905 on channel 536876800.
[ 405.286] [ISOBUS] addr=0x81 claimed=Y load=13.9% msgs=7719 aiso=403(412428ms) xte=-142.09m spd=0.00m/s q=0 ggaAge=93 vtgAge=92 xteAge=92 vt=N(0/22) vtstat=164/240481ms tc=N drp=0mm tcq=0
[ 405.286] I] [NM]: Control function with address 172 and NAME 000000000000000lx is now offline on channel 197275905.
[ 406.295] I] [NM]: Control function with address 205 and NAME 000000000000000lx is now offline on channel 198344577.
[ 406.295] [ISOBUS] addr=0x81 claimed=Y load=13.4% msgs=7750 aiso=404(413428ms) xte=-142.09m spd=0.00m/s q=0 ggaAge=93 vtgAge=92 xteAge=91 vt=N(0/22) vtstat=164/241481ms tc=N drp=0mm tcq=0
[ 406.533] W] [PR]: NACK-ing PGN request for PGN 60928 because no callback could handle it.
[ 406.533] I] [NM]: External control function with name 000000000000000lx has claimed address 198344577 on channel 2684363008.
[ 407.290] I] [NM]: External control function with name 000000000000000lx has claimed address 197275905 on channel 536876800.
[ 407.290] [ISOBUS] addr=0x81 claimed=Y load=13.9% msgs=7781 aiso=405(414428ms) xte=-142.09m spd=0.00m/s q=0 ggaAge=93 vtgAge=93 xteAge=92 vt=N(0/22) vtstat=164/242481ms tc=N drp=0mm tcq=0
[ 408.113] I] [NM]: Control function with address 172 and NAME 000000000000000lx is now offline on channel 197275905.
[ 408.113] I] [NM]: Control function with address 205 and NAME 000000000000000lx is now offline on channel 198344577.
[ 408.532] [ISOBUS] addr=0x81 claimed=Y load=13.4% msgs=7812 aiso=406(415428ms) xte=-142.09m spd=0.00m/s q=0 ggaAge=93 vtgAge=93 xteAge=92 vt=N(0/22) vtstat=164/243481ms tc=N drp=0mm tcq=0
[ 408.532] W] [PR]: NACK-ing PGN request for PGN 60928 because no callback could handle it.
[ 409.116] I] [NM]: External control function with name 000000000000000lx has claimed address 198344577 on channel 2684363008.
[ 409.116] I] [NM]: External control function with name 000000000000000lx has claimed address 197275905 on channel 536876800.
[ 409.276] [ISOBUS] addr=0x81 claimed=Y load=13.9% msgs=7843 aiso=407(416428ms) xte=-142.09m spd=0.00m/s q=0 ggaAge=93 vtgAge=93 xteAge=92 vt=N(0/22) vtstat=164/244481ms tc=N drp=0mm tcq=0
[ 409.276] I] [NM]: Control function with address 172 and NAME 000000000000000lx is now offline on channel 197275905.
[ 410.281] I] [NM]: Control function with address 205 and NAME 000000000000000lx is now offline on channel 198344577.
[ 410.281] [ISOBUS] addr=0x81 claimed=Y load=13.4% msgs=7874 aiso=408(417428ms) xte=-142.09m spd=0.00m/s q=0 ggaAge=93 vtgAge=92 xteAge=92 vt=N(0/22) vtstat=164/245481ms tc=N drp=0mm tcq=0
[ 410.536] W] [PR]: NACK-ing PGN request for PGN 60928 because no callback could handle it.
[ 410.536] I] [NM]: External control function with name 000000000000000lx has claimed address 198344577 on channel 2684363008.
[ 411.286] I] [NM]: External control function with name 000000000000000lx has claimed address 197275905 on channel 536876800.
[ 411.286] [ISOBUS] addr=0x81 claimed=Y load=13.9% msgs=7905 aiso=409(418428ms) xte=-142.09m spd=0.00m/s q=0 ggaAge=92 vtgAge=91 xteAge=91 vt=N(0/22) vtstat=164/246481ms tc=N drp=0mm tcq=0
[ 412.120] I] [NM]: Control function with address 172 and NAME 000000000000000lx is now offline on channel 197275905.
[ 412.120] I] [NM]: Control function with address 205 and NAME 000000000000000lx is now offline on channel 198344577.
[ 412.535] [ISOBUS] addr=0x81 claimed=Y load=13.4% msgs=7936 aiso=410(419428ms) xte=-142.09m spd=0.00m/s q=0 ggaAge=93 vtgAge=92 xteAge=91 vt=N(0/22) vtstat=164/247481ms tc=N drp=0mm tcq=0
[ 412.535] W] [PR]: NACK-ing PGN request for PGN 60928 because no callback could handle it.
[ 413.124] I] [NM]: External control function with name 000000000000000lx has claimed address 198344577 on channel 2684363008.
[ 413.124] I] [NM]: External control function with name 000000000000000lx has claimed address 197275905 on channel 536876800.
[ 413.290] [ISOBUS] addr=0x81 claimed=Y load=13.9% msgs=7967 aiso=411(420428ms) xte=-142.09m spd=0.00m/s q=0 ggaAge=92 vtgAge=92 xteAge=91 vt=N(0/22) vtstat=164/248481ms tc=N drp=0mm tcq=0
[ 413.290] I] [NM]: Control function with address 172 and NAME 000000000000000lx is now offline on channel 197275905.
[ 414.299] I] [NM]: Control function with address 205 and NAME 000000000000000lx is now offline on channel 198344577.
[ 414.299] [ISOBUS] addr=0x81 claimed=Y load=13.4% msgs=7998 aiso=412(421428ms) xte=-142.09m spd=0.00m/s q=0 ggaAge=93 vtgAge=92 xteAge=91 vt=N(0/22) vtstat=164/249481ms tc=N drp=0mm tcq=0
[ 414.541] W] [PR]: NACK-ing PGN request for PGN 60928 because no callback could handle it.
[ 414.541] I] [NM]: External control function with name 000000000000000lx has claimed address 198344577 on channel 2684363008.
[ 415.292] I] [NM]: External control function with name 000000000000000lx has claimed address 197275905 on channel 536876800.
[ 415.292] [ISOBUS] addr=0x81 claimed=Y load=13.9% msgs=8029 aiso=413(422428ms) xte=-142.09m spd=0.00m/s q=0 ggaAge=93 vtgAge=92 xteAge=92 vt=N(0/22) vtstat=164/250481ms tc=N drp=0mm tcq=0
[ 416.125] I] [NM]: Control function with address 172 and NAME 000000000000000lx is now offline on channel 197275905.
[ 416.125] I] [NM]: Control function with address 205 and NAME 000000000000000lx is now offline on channel 198344577.
[ 416.541] [ISOBUS] addr=0x81 claimed=Y load=13.4% msgs=8060 aiso=414(423428ms) xte=-142.09m spd=0.00m/s q=0 ggaAge=92 vtgAge=92 xteAge=91 vt=N(0/22) vtstat=164/251481ms tc=N drp=0mm tcq=0
[ 416.541] W] [PR]: NACK-ing PGN request for PGN 60928 because no callback could handle it.
[ 417.124] I] [NM]: External control function with name 000000000000000lx has claimed address 198344577 on channel 2684363008.
[ 417.124] I] [NM]: External control function with name 000000000000000lx has claimed address 197275905 on channel 536876800.
[ 417.288] [ISOBUS] addr=0x81 claimed=Y load=13.9% msgs=8091 aiso=415(424428ms) xte=-142.09m spd=0.00m/s q=0 ggaAge=93 vtgAge=92 xteAge=91 vt=N(0/22) vtstat=164/252481ms tc=N drp=0mm tcq=0
[ 417.288] I] [NM]: Control function with address 172 and NAME 000000000000000lx is now offline on channel 197275905.
[ 418.302] I] [NM]: Control function with address 205 and NAME 000000000000000lx is now offline on channel 198344577.
[ 418.302] [ISOBUS] addr=0x81 claimed=Y load=13.4% msgs=8122 aiso=416(425428ms) xte=-142.09m spd=0.00m/s q=0 ggaAge=92 vtgAge=91 xteAge=91 vt=N(0/22) vtstat=164/253481ms tc=N drp=0mm tcq=0
[ 418.538] W] [PR]: NACK-ing PGN request for PGN 60928 because no callback could handle it.
[ 418.538] I] [NM]: External control function with name 000000000000000lx has claimed address 198344577 on channel 2684363008.
[ 419.287] I] [NM]: External control function with name 000000000000000lx has claimed address 197275905 on channel 536876800.
[ 419.288] [ISOBUS] addr=0x81 claimed=Y load=13.9% msgs=8153 aiso=417(426428ms) xte=-142.09m spd=0.00m/s q=0 ggaAge=93 vtgAge=92 xteAge=91 vt=N(0/22) vtstat=164/254481ms tc=N drp=0mm tcq=0
[ 420.121] I] [NM]: Control function with address 172 and NAME 000000000000000lx is now offline on channel 197275905.
[ 420.121] I] [NM]: Control function with address 205 and NAME 000000000000000lx is now offline on channel 198344577.
[ 420.354] --- disconnected (ClearCommError failed (PermissionError(13, 'Het apparaat herkent de opdracht niet.', None, 22))) ---
[ 420.857] --- disconnected (could not open port 'COM4': FileNotFoundError(2, 'Het systeem kan het opgegeven bestand niet vinden.', None, 2)) ---
[ 421.358] --- disconnected (could not open port 'COM4': FileNotFoundError(2, 'Het systeem kan het opgegeven bestand niet vinden.', None, 2)) ---
[ 421.860] --- disconnected (could not open port 'COM4': FileNotFoundError(2, 'Het systeem kan het opgegeven bestand niet vinden.', None, 2)) ---
[ 422.361] --- disconnected (could not open port 'COM4': FileNotFoundError(2, 'Het systeem kan het opgegeven bestand niet vinden.', None, 2)) ---
[ 422.863] --- connected ---
[ 426.189] --------------------------------
[ 426.189] -----------MeijWorks------------
[ 426.189] --------------------------------
[ 426.189] Ploughcontrol ISOBUS version 0.1
[ 426.189] (c) 2011 - 2026 by J.A. Woltjer 
[ 426.189] --------------------------------
[ 427.454] =====================================
[ 427.456] Guidance source using following data:
[ 427.456] =====================================
[ 427.456] RTK Quality
[ 427.456] 4
[ 427.456] -------------------------------
[ 427.456] -------------------------------
[ 427.456] Tractor using following data:
[ 427.456] -------------------------------
[ 427.456] Speed calibration
[ 427.456] 250
[ 427.456] -------------------------------
[ 427.456] Simspeed
[ 427.456] 1.00
[ 427.456] -------------------------------
[ 427.456] Sim time
[ 427.456] 2
[ 427.456] -------------------------------
[ 427.456] Sim mode
[ 427.456] 1
[ 427.456] -------------------------------
[ 427.456] Invert hitch signal
[ 427.456] 0
[ 427.456] -------------------------------
[ 427.456] Times started
[ 427.456] 255
[ 427.456] --------------------------
[ 427.456] Using following data:
[ 427.456] --------------------------
[ 427.456] Offset calibration data
[ 427.456] 600, 34
[ 427.456] 461, 42
[ 427.456] 308, 50
[ 427.456] --------------------------
[ 427.456] Number of shares
[ 427.456] 4
[ 427.456] --------------------------
[ 427.456] error margin
[ 427.456] 2
[ 427.456] --------------------------
[ 427.456] error ploughside
[ 427.456] 0
[ 427.456] --------------------------
[ 427.456] Maximum correction
[ 427.456] 50
[ 427.456] --------------------------
[ 427.456] =====================================
[ 427.456] Guidance source using following data:
[ 427.456] =====================================
[ 427.456] RTK Quality
[ 427.456] 4
[ 427.456] -------------------------------
[ 427.456] Times started
[ 427.456] 255
[ 427.456] --------------------------
[ 427.456] Using following data:
[ 427.456] --------------------------
[ 427.456] Offset calibration data
[ 427.456] 600, 34
[ 427.456] 461, 42
[ 427.456] 308, 50
[ 427.456] --------------------------
[ 427.456] Number of shares
[ 427.456] 4
[ 427.700] --------------------------
[ 427.700] error margin
[ 427.700] 2
[ 427.700] --------------------------
[ 427.700] error ploughside
[ 427.700] 0
[ 427.700] --------------------------
[ 427.700] Maximum correction
[ 427.700] 50
[ 427.700] --------------------------
[ 427.700] IsobusGuidanceChannel: claiming address address claimed: 0x81
[ 428.703] IsobusDebugMenu: send any character to open the status menu.
[ 429.850] I] [NM]: A partner with name 000000000000000lx has claimed address 2684361992 on channel 197275905.
[ 429.850] I] [NM]: A partner with name 000000000000000lx has claimed address 2684387840 on channel 203452081.
[ 429.850] === ISOBUS DEBUG MENU ===
[ 429.850] 1. Full status dump
[ 429.852] 2. Periodic summary line (OFF - press to toggle)
[ 429.852] 3. Reset message counters
[ 429.852] q. Exit
[ 429.852] Periodic summary line: ON
[ 429.852] === ISOBUS DEBUG MENU ===
[ 429.852] 1. Full status dump
[ 429.852] 2. Periodic summary line (ON - press to toggle)
[ 429.852] 3. Reset message counters
[ 429.852] q. Exit
[ 429.852] Exiting.
[ 430.033] [ISOBUS] addr=0x81 claimed=Y load=9.5% msgs=0 aiso=0(0ms) xte=0.00m spd=0.00m/s q=0 ggaAge=7426 vtgAge=7426 xteAge=7426 vt=N(1/22) vtstat=0/0ms tc=N drp=0mm tcq=0
[ 431.035] I] [VT]: VT Server has a matching label for MW03   . It will be loaded and upload will be skipped.
[ 431.035] I] [VT]: Loaded object pool version from VT non-volatile memory with no errors.
[ 431.035] [ISOBUS] addr=0x81 claimed=Y load=15.7% msgs=37 aiso=1(8426ms) xte=-142.09m spd=0.00m/s q=0 ggaAge=20 vtgAge=19 xteAge=18 vt=Y(21/22) vtstat=3/21ms tc=N drp=0mm tcq=0
[ 432.040] [ISOBUS] addr=0x81 claimed=Y load=14.4% msgs=68 aiso=2(9426ms) xte=-142.09m spd=0.00m/s q=0 ggaAge=21 vtgAge=12 xteAge=11 vt=Y(21/22) vtstat=5/11ms tc=N drp=0mm tcq=0
[ 432.292] I] [NM]: Control function with address 38 and NAME 000000000000000lx is now offline on channel 197275905.
[ 432.292] I] [NM]: Control function with address 43 and NAME 000000000000000lx is now offline on channel 203452081.
[ 432.292] I] [NM]: Control function with address 128 and NAME 000000000000000lx is now offline on channel 203452081.
[ 432.292] I] [NM]: Control function with address 233 and NAME 000000000000000lx is now offline on channel 203452081.
[ 432.531] I] [NM]: Control function with address 240 and NAME 000000000000000lx is now offline on channel 197783967.
[ 432.531] I] [NM]: Control function with address 245 and NAME 000000000000000lx is now offline on channel 203452081.
[ 432.531] I] [NM]: Control function with address 247 and NAME 000000000000000lx is now offline on channel 203452081.
[ 433.539] W] [PR]: NACK-ing PGN request for PGN 64653 because no callback could handle it.
[ 433.539] [ISOBUS] addr=0x81 claimed=Y load=14.1% msgs=99 aiso=3(10426ms) xte=-142.09m spd=0.00m/s q=0 ggaAge=19 vtgAge=19 xteAge=18 vt=Y(21/22) vtstat=5/1011ms tc=N drp=0mm tcq=0
[ 433.852] W] [PR]: NACK-ing PGN request for PGN 64653 because no callback could handle it.
[ 433.852] W] [PR]: NACK-ing PGN request for PGN 60928 because no callback could handle it.
[ 434.853] [ISOBUS] addr=0x81 claimed=Y load=13.9% msgs=130 aiso=4(11426ms) xte=-142.09m spd=0.00m/s q=0 ggaAge=21 vtgAge=21 xteAge=20 vt=Y(21/22) vtstat=5/2011ms tc=N drp=0mm tcq=0
[ 434.853] W] [PR]: NACK-ing PGN request for PGN 64653 because no callback could handle it.
[ 434.853] E] [VT]: Status Timeout
[ 435.852] [ISOBUS] addr=0x81 claimed=Y load=13.6% msgs=161 aiso=5(12426ms) xte=-142.09m spd=0.00m/s q=0 ggaAge=21 vtgAge=20 xteAge=20 vt=N(0/22) vtstat=5/3011ms tc=N drp=0mm tcq=0
[ 435.852] W] [PR]: NACK-ing PGN request for PGN 64653 because no callback could handle it.
[ 435.852] W] [PR]: NACK-ing PGN request for PGN 60928 because no callback could handle it.
[ 436.851] [ISOBUS] addr=0x81 claimed=Y load=13.9% msgs=192 aiso=6(13426ms) xte=-142.09m spd=0.00m/s q=0 ggaAge=20 vtgAge=20 xteAge=19 vt=N(0/22) vtstat=5/4011ms tc=N drp=0mm tcq=0
[ 436.851] W] [PR]: NACK-ing PGN request for PGN 64653 because no callback could handle it.
[ 437.840] [ISOBUS] addr=0x81 claimed=Y load=13.6% msgs=223 aiso=7(14426ms) xte=-142.09m spd=0.00m/s q=0 ggaAge=20 vtgAge=20 xteAge=19 vt=N(0/22) vtstat=5/5011ms tc=N drp=0mm tcq=0
[ 437.840] W] [PR]: NACK-ing PGN request for PGN 60928 because no callback could handle it.
[ 438.842] [ISOBUS] addr=0x81 claimed=Y load=13.9% msgs=254 aiso=8(15426ms) xte=-142.09m spd=0.00m/s q=0 ggaAge=21 vtgAge=20 xteAge=20 vt=N(0/22) vtstat=5/6011ms tc=N drp=0mm tcq=0
[ 439.846] [ISOBUS] addr=0x81 claimed=Y load=13.5% msgs=285 aiso=9(16426ms) xte=-142.09m spd=0.00m/s q=0 ggaAge=20 vtgAge=19 xteAge=18 vt=N(0/22) vtstat=5/7011ms tc=N drp=0mm tcq=0
[ 439.846] W] [PR]: NACK-ing PGN request for PGN 60928 because no callback could handle it.
[ 440.853] [ISOBUS] addr=0x81 claimed=Y load=13.9% msgs=316 aiso=10(17426ms) xte=-142.09m spd=0.00m/s q=0 ggaAge=21 vtgAge=20 xteAge=20 vt=N(0/22) vtstat=5/8011ms tc=N drp=0mm tcq=0
[ 441.850] [ISOBUS] addr=0x81 claimed=Y load=13.5% msgs=347 aiso=11(18426ms) xte=-142.09m spd=0.00m/s q=0 ggaAge=20 vtgAge=20 xteAge=19 vt=N(0/22) vtstat=5/9011ms tc=N drp=0mm tcq=0
[ 441.850] W] [PR]: NACK-ing PGN request for PGN 60928 because no callback could handle it.
[ 442.840] [ISOBUS] addr=0x81 claimed=Y load=13.9% msgs=378 aiso=12(19426ms) xte=-142.09m spd=0.00m/s q=0 ggaAge=20 vtgAge=20 xteAge=19 vt=N(0/22) vtstat=5/10011ms tc=N drp=0mm tcq=0
[ 443.841] [ISOBUS] addr=0x81 claimed=Y load=13.5% msgs=409 aiso=13(20426ms) xte=-142.09m spd=0.00m/s q=0 ggaAge=21 vtgAge=20 xteAge=20 vt=N(0/22) vtstat=5/11011ms tc=N drp=0mm tcq=0
[ 443.841] W] [PR]: NACK-ing PGN request for PGN 60928 because no callback could handle it.
[ 444.849] [ISOBUS] addr=0x81 claimed=Y load=13.9% msgs=440 aiso=14(21426ms) xte=-142.09m spd=0.00m/s q=0 ggaAge=21 vtgAge=20 xteAge=20 vt=N(0/22) vtstat=5/12011ms tc=N drp=0mm tcq=0
[ 445.853] [ISOBUS] addr=0x81 claimed=Y load=13.5% msgs=471 aiso=15(22426ms) xte=-142.09m spd=0.00m/s q=0 ggaAge=21 vtgAge=20 xteAge=20 vt=N(0/22) vtstat=5/13011ms tc=N drp=0mm tcq=0
[ 445.853] W] [PR]: NACK-ing PGN request for PGN 60928 because no callback could handle it.
[ 446.853] [ISOBUS] addr=0x81 claimed=Y load=13.9% msgs=502 aiso=16(23426ms) xte=-142.09m spd=0.00m/s q=0 ggaAge=20 vtgAge=19 xteAge=19 vt=N(0/22) vtstat=5/14011ms tc=N drp=0mm tcq=0
[ 447.851] [ISOBUS] addr=0x81 claimed=Y load=13.5% msgs=533 aiso=17(24426ms) xte=-142.09m spd=0.00m/s q=0 ggaAge=20 vtgAge=19 xteAge=19 vt=N(0/22) vtstat=5/15011ms tc=N drp=0mm tcq=0
[ 447.853] W] [PR]: NACK-ing PGN request for PGN 60928 because no callback could handle it.
[ 448.852] [ISOBUS] addr=0x81 claimed=Y load=13.9% msgs=564 aiso=18(25426ms) xte=-142.09m spd=0.00m/s q=0 ggaAge=20 vtgAge=20 xteAge=19 vt=N(0/22) vtstat=5/16011ms tc=N drp=0mm tcq=0
[ 449.851] [ISOBUS] addr=0x81 claimed=Y load=13.5% msgs=595 aiso=19(26426ms) xte=-142.09m spd=0.00m/s q=0 ggaAge=20 vtgAge=20 xteAge=19 vt=N(0/22) vtstat=5/17011ms tc=N drp=0mm tcq=0
[ 449.853] W] [PR]: NACK-ing PGN request for PGN 60928 because no callback could handle it.
[ 450.867] [ISOBUS] addr=0x81 claimed=Y load=13.9% msgs=626 aiso=20(27426ms) xte=-142.09m spd=0.00m/s q=0 ggaAge=21 vtgAge=20 xteAge=20 vt=N(0/22) vtstat=5/18011ms tc=N drp=0mm tcq=0
[ 450.867] [ISOBUS] addr=0x81 claimed=Y load=13.5% msgs=657 aiso=21(28426ms) xte=-142.09m spd=0.00m/s q=0 ggaAge=21 vtgAge=20 xteAge=19 vt=N(0/22) vtstat=5/19011ms tc=N drp=0mm tcq=0
[ 451.879] W] [PR]: NACK-ing PGN request for PGN 60928 because no callback could handle it.
[ 451.879] [ISOBUS] addr=0x81 claimed=Y load=13.9% msgs=688 aiso=22(29426ms) xte=-142.09m spd=0.00m/s q=0 ggaAge=20 vtgAge=19 xteAge=19 vt=N(0/22) vtstat=5/20011ms tc=N drp=0mm tcq=0
[ 452.884] [ISOBUS] addr=0x81 claimed=Y load=13.5% msgs=719 aiso=23(30426ms) xte=-142.09m spd=0.00m/s q=0 ggaAge=21 vtgAge=20 xteAge=20 vt=N(0/22) vtstat=5/21011ms tc=N drp=0mm tcq=0
[ 453.885] W] [PR]: NACK-ing PGN request for PGN 60928 because no callback could handle it.
[ 453.885] [ISOBUS] addr=0x81 claimed=Y load=13.9% msgs=750 aiso=24(31426ms) xte=-142.09m spd=0.00m/s q=0 ggaAge=20 vtgAge=19 xteAge=19 vt=N(0/22) vtstat=5/22011ms tc=N drp=0mm tcq=0
[ 454.895] [ISOBUS] addr=0x81 claimed=Y load=13.5% msgs=781 aiso=25(32426ms) xte=-142.09m spd=0.00m/s q=0 ggaAge=20 vtgAge=19 xteAge=18 vt=N(0/22) vtstat=5/23011ms tc=N drp=0mm tcq=0
[ 455.900] W] [PR]: NACK-ing PGN request for PGN 60928 because no callback could handle it.
[ 455.901] [ISOBUS] addr=0x81 claimed=Y load=13.8% msgs=812 aiso=26(33426ms) xte=-142.09m spd=0.00m/s q=0 ggaAge=21 vtgAge=20 xteAge=19 vt=N(0/22) vtstat=5/24011ms tc=N drp=0mm tcq=0
[ 456.901] [ISOBUS] addr=0x81 claimed=Y load=13.5% msgs=843 aiso=27(34426ms) xte=-142.09m spd=0.00m/s q=0 ggaAge=21 vtgAge=20 xteAge=19 vt=N(0/22) vtstat=5/25011ms tc=N drp=0mm tcq=0
[ 457.906] W] [PR]: NACK-ing PGN request for PGN 60928 because no callback could handle it.
[ 457.906] [ISOBUS] addr=0x81 claimed=Y load=13.8% msgs=874 aiso=28(35426ms) xte=-142.09m spd=0.00m/s q=0 ggaAge=20 vtgAge=19 xteAge=19 vt=N(0/22) vtstat=5/26011ms tc=N drp=0mm tcq=0
[ 458.915] [ISOBUS] addr=0x81 claimed=Y load=13.5% msgs=905 aiso=29(36426ms) xte=-142.09m spd=0.00m/s q=0 ggaAge=20 vtgAge=19 xteAge=19 vt=N(0/22) vtstat=5/27011ms tc=N drp=0mm tcq=0
[ 459.925] W] [PR]: NACK-ing PGN request for PGN 60928 because no callback could handle it.
[ 459.925] [ISOBUS] addr=0x81 claimed=Y load=13.8% msgs=936 aiso=30(37426ms) xte=-142.09m spd=0.00m/s q=0 ggaAge=20 vtgAge=19 xteAge=18 vt=N(0/22) vtstat=5/28011ms tc=N drp=0mm tcq=0
[ 460.932] [ISOBUS] addr=0x81 claimed=Y load=13.5% msgs=967 aiso=31(38426ms) xte=-142.09m spd=0.00m/s q=0 ggaAge=20 vtgAge=19 xteAge=19 vt=N(0/22) vtstat=5/29011ms tc=N drp=0mm tcq=0
[ 461.934] W] [PR]: NACK-ing PGN request for PGN 60928 because no callback could handle it.
[ 461.934] [ISOBUS] addr=0x81 claimed=Y load=13.8% msgs=998 aiso=32(39426ms) xte=-142.09m spd=0.00m/s q=0 ggaAge=20 vtgAge=20 xteAge=19 vt=N(0/22) vtstat=5/30011ms tc=N drp=0mm tcq=0
[ 462.949] [ISOBUS] addr=0x81 claimed=Y load=13.5% msgs=1029 aiso=33(40426ms) xte=-142.09m spd=0.00m/s q=0 ggaAge=21 vtgAge=20 xteAge=20 vt=N(0/22) vtstat=5/31011ms tc=N drp=0mm tcq=0
[ 463.853] W] [PR]: NACK-ing PGN request for PGN 60928 because no callback could handle it.
[ 463.853] [ISOBUS] addr=0x81 claimed=Y load=13.8% msgs=1060 aiso=34(41426ms) xte=-142.09m spd=0.00m/s q=0 ggaAge=20 vtgAge=20 xteAge=19 vt=N(0/22) vtstat=5/32011ms tc=N drp=0mm tcq=0
[ 464.866] [ISOBUS] addr=0x81 claimed=Y load=13.5% msgs=1091 aiso=35(42426ms) xte=-142.09m spd=0.00m/s q=0 ggaAge=19 vtgAge=18 xteAge=18 vt=N(0/22) vtstat=5/33011ms tc=N drp=0mm tcq=0
[ 465.853] W] [PR]: NACK-ing PGN request for PGN 60928 because no callback could handle it.
[ 465.853] [ISOBUS] addr=0x81 claimed=Y load=13.8% msgs=1122 aiso=36(43426ms) xte=-142.09m spd=0.00m/s q=0 ggaAge=19 vtgAge=19 xteAge=18 vt=N(0/22) vtstat=5/34011ms tc=N drp=0mm tcq=0
[ 466.862] [ISOBUS] addr=0x81 claimed=Y load=13.5% msgs=1153 aiso=37(44426ms) xte=-142.09m spd=0.00m/s q=0 ggaAge=19 vtgAge=18 xteAge=18 vt=N(0/22) vtstat=5/35011ms tc=N drp=0mm tcq=0
[ 467.848] W] [PR]: NACK-ing PGN request for PGN 60928 because no callback could handle it.
[ 467.848] [ISOBUS] addr=0x81 claimed=Y load=13.8% msgs=1184 aiso=38(45426ms) xte=-142.09m spd=0.00m/s q=0 ggaAge=20 vtgAge=20 xteAge=19 vt=N(0/22) vtstat=5/36011ms tc=N drp=0mm tcq=0
[ 469.534] [ISOBUS] addr=0x81 claimed=Y load=13.5% msgs=1215 aiso=39(46426ms) xte=-142.09m spd=0.00m/s q=0 ggaAge=19 vtgAge=19 xteAge=18 vt=N(0/22) vtstat=5/37011ms tc=N drp=0mm tcq=0
[ 469.534] W] [PR]: NACK-ing PGN request for PGN 60928 because no callback could handle it.
[ 470.534] [ISOBUS] addr=0x81 claimed=Y load=13.8% msgs=1246 aiso=40(47426ms) xte=-142.09m spd=0.00m/s q=0 ggaAge=19 vtgAge=18 xteAge=18 vt=N(0/22) vtstat=5/38011ms tc=N drp=0mm tcq=0
[ 471.523] [ISOBUS] addr=0x81 claimed=Y load=13.5% msgs=1277 aiso=41(48426ms) xte=-142.09m spd=0.00m/s q=0 ggaAge=19 vtgAge=18 xteAge=18 vt=N(0/22) vtstat=5/39011ms tc=N drp=0mm tcq=0
[ 471.534] W] [PR]: NACK-ing PGN request for PGN 60928 because no callback could handle it.
[ 472.549] [ISOBUS] addr=0x81 claimed=Y load=13.8% msgs=1308 aiso=42(49426ms) xte=-142.09m spd=0.00m/s q=0 ggaAge=19 vtgAge=18 xteAge=18 vt=N(0/22) vtstat=5/40011ms tc=N drp=0mm tcq=0
[ 473.527] [ISOBUS] addr=0x81 claimed=Y load=13.5% msgs=1339 aiso=43(50426ms) xte=-142.09m spd=0.00m/s q=0 ggaAge=21 vtgAge=20 xteAge=19 vt=N(0/22) vtstat=5/41011ms tc=N drp=0mm tcq=0
[ 473.527] W] [PR]: NACK-ing PGN request for PGN 60928 because no callback could handle it.
[ 474.540] [ISOBUS] addr=0x81 claimed=Y load=13.8% msgs=1370 aiso=44(51426ms) xte=-142.09m spd=0.00m/s q=0 ggaAge=20 vtgAge=19 xteAge=19 vt=N(0/22) vtstat=5/42011ms tc=N drp=0mm tcq=0
[ 475.525] [ISOBUS] addr=0x81 claimed=Y load=13.5% msgs=1401 aiso=45(52426ms) xte=-142.09m spd=0.00m/s q=0 ggaAge=19 vtgAge=19 xteAge=18 vt=N(0/22) vtstat=5/43011ms tc=N drp=0mm tcq=0
[ 475.525] W] [PR]: NACK-ing PGN request for PGN 60928 because no callback could handle it.
[ 476.526] [ISOBUS] addr=0x81 claimed=Y load=13.8% msgs=1432 aiso=46(53426ms) xte=-142.09m spd=0.00m/s q=0 ggaAge=20 vtgAge=20 xteAge=19 vt=N(0/22) vtstat=5/44011ms tc=N drp=0mm tcq=0
[ 477.535] [ISOBUS] addr=0x81 claimed=Y load=13.5% msgs=1463 aiso=47(54426ms) xte=-142.09m spd=0.00m/s q=0 ggaAge=19 vtgAge=18 xteAge=18 vt=N(0/22) vtstat=5/45011ms tc=N drp=0mm tcq=0
[ 477.850] W] [PR]: NACK-ing PGN request for PGN 60928 because no callback could handle it.
[ 477.850] [ISOBUS] addr=0x81 claimed=Y load=13.8% msgs=1494 aiso=48(55426ms) xte=-142.09m spd=0.00m/s q=0 ggaAge=21 vtgAge=20 xteAge=19 vt=N(0/22) vtstat=5/46011ms tc=N drp=0mm tcq=0
[ 478.862] [ISOBUS] addr=0x81 claimed=Y load=13.5% msgs=1525 aiso=49(56426ms) xte=-142.09m spd=0.00m/s q=0 ggaAge=19 vtgAge=18 xteAge=18 vt=N(0/22) vtstat=5/47011ms tc=N drp=0mm tcq=0
[ 479.846] W] [PR]: NACK-ing PGN request for PGN 60928 because no callback could handle it.
[ 479.846] [ISOBUS] addr=0x81 claimed=Y load=13.8% msgs=1556 aiso=50(57426ms) xte=-142.09m spd=0.00m/s q=0 ggaAge=20 vtgAge=19 xteAge=19 vt=N(0/22) vtstat=5/48011ms tc=N drp=0mm tcq=0
[ 481.534] [ISOBUS] addr=0x81 claimed=Y load=13.5% msgs=1587 aiso=51(58426ms) xte=-142.09m spd=0.00m/s q=0 ggaAge=21 vtgAge=20 xteAge=19 vt=N(0/22) vtstat=5/49011ms tc=N drp=0mm tcq=0
[ 481.534] W] [PR]: NACK-ing PGN request for PGN 60928 because no callback could handle it.
[ 482.541] [ISOBUS] addr=0x81 claimed=Y load=13.8% msgs=1618 aiso=52(59426ms) xte=-142.09m spd=0.00m/s q=0 ggaAge=20 vtgAge=20 xteAge=19 vt=N(0/22) vtstat=5/50011ms tc=N drp=0mm tcq=0
[ 483.535] [ISOBUS] addr=0x81 claimed=Y load=13.5% msgs=1649 aiso=53(60426ms) xte=-142.09m spd=0.00m/s q=0 ggaAge=20 vtgAge=19 xteAge=19 vt=N(0/22) vtstat=5/51011ms tc=N drp=0mm tcq=0
[ 483.535] W] [PR]: NACK-ing PGN request for PGN 60928 because no callback could handle it.
[ 484.536] [ISOBUS] addr=0x81 claimed=Y load=13.8% msgs=1680 aiso=54(61426ms) xte=-142.09m spd=0.00m/s q=0 ggaAge=19 vtgAge=18 xteAge=18 vt=N(0/22) vtstat=5/52011ms tc=N drp=0mm tcq=0
[ 485.536] [ISOBUS] addr=0x81 claimed=Y load=13.5% msgs=1711 aiso=55(62426ms) xte=-142.09m spd=0.00m/s q=0 ggaAge=20 vtgAge=19 xteAge=18 vt=N(0/22) vtstat=5/53011ms tc=N drp=0mm tcq=0
[ 485.536] W] [PR]: NACK-ing PGN request for PGN 60928 because no callback could handle it.
[ 486.550] [ISOBUS] addr=0x81 claimed=Y load=13.8% msgs=1742 aiso=56(63426ms) xte=-142.09m spd=0.00m/s q=0 ggaAge=21 vtgAge=20 xteAge=19 vt=N(0/22) vtstat=5/54011ms tc=N drp=0mm tcq=0
[ 487.523] [ISOBUS] addr=0x81 claimed=Y load=13.5% msgs=1773 aiso=57(64426ms) xte=-142.09m spd=0.00m/s q=0 ggaAge=19 vtgAge=19 xteAge=18 vt=N(0/22) vtstat=5/55011ms tc=N drp=0mm tcq=0
[ 487.523] W] [PR]: NACK-ing PGN request for PGN 60928 because no callback could handle it.
[ 488.535] [ISOBUS] addr=0x81 claimed=Y load=13.8% msgs=1804 aiso=58(65426ms) xte=-142.09m spd=0.00m/s q=0 ggaAge=19 vtgAge=19 xteAge=18 vt=N(0/22) vtstat=5/56011ms tc=N drp=0mm tcq=0
[ 489.535] [ISOBUS] addr=0x81 claimed=Y load=13.5% msgs=1835 aiso=59(66426ms) xte=-142.09m spd=0.00m/s q=0 ggaAge=18 vtgAge=18 xteAge=17 vt=N(0/22) vtstat=5/57011ms tc=N drp=0mm tcq=0
[ 489.535] W] [PR]: NACK-ing PGN request for PGN 60928 because no callback could handle it.
[ 490.542] [ISOBUS] addr=0x81 claimed=Y load=13.8% msgs=1866 aiso=60(67426ms) xte=-142.09m spd=0.00m/s q=0 ggaAge=20 vtgAge=19 xteAge=19 vt=N(0/22) vtstat=5/58011ms tc=N drp=0mm tcq=0
[ 491.532] [ISOBUS] addr=0x81 claimed=Y load=13.5% msgs=1897 aiso=61(68426ms) xte=-142.09m spd=0.00m/s q=0 ggaAge=20 vtgAge=20 xteAge=19 vt=N(0/22) vtstat=5/59011ms tc=N drp=0mm tcq=0
[ 491.532] W] [PR]: NACK-ing PGN request for PGN 60928 because no callback could handle it.
[ 492.533] [ISOBUS] addr=0x81 claimed=Y load=13.8% msgs=1928 aiso=62(69426ms) xte=-142.09m spd=0.00m/s q=0 ggaAge=21 vtgAge=20 xteAge=19 vt=N(0/22) vtstat=5/60011ms tc=N drp=0mm tcq=0
[ 493.528] [ISOBUS] addr=0x81 claimed=Y load=13.5% msgs=1959 aiso=63(70426ms) xte=-142.09m spd=0.00m/s q=0 ggaAge=20 vtgAge=19 xteAge=19 vt=N(0/22) vtstat=5/61011ms tc=N drp=0mm tcq=0
[ 493.528] W] [PR]: NACK-ing PGN request for PGN 60928 because no callback could handle it.
[ 494.538] [ISOBUS] addr=0x81 claimed=Y load=13.8% msgs=1990 aiso=64(71426ms) xte=-142.09m spd=0.00m/s q=0 ggaAge=20 vtgAge=20 xteAge=19 vt=N(0/22) vtstat=5/62011ms tc=N drp=0mm tcq=0
[ 495.537] [ISOBUS] addr=0x81 claimed=Y load=13.5% msgs=2021 aiso=65(72426ms) xte=-142.09m spd=0.00m/s q=0 ggaAge=19 vtgAge=18 xteAge=18 vt=N(0/22) vtstat=5/63011ms tc=N drp=0mm tcq=0
[ 495.537] W] [PR]: NACK-ing PGN request for PGN 60928 because no callback could handle it.
[ 496.546] [ISOBUS] addr=0x81 claimed=Y load=13.8% msgs=2052 aiso=66(73426ms) xte=-142.09m spd=0.00m/s q=0 ggaAge=20 vtgAge=20 xteAge=19 vt=N(0/22) vtstat=5/64011ms tc=N drp=0mm tcq=0
[ 497.537] [ISOBUS] addr=0x81 claimed=Y load=13.5% msgs=2083 aiso=67(74426ms) xte=-142.09m spd=0.00m/s q=0 ggaAge=19 vtgAge=18 xteAge=17 vt=N(0/22) vtstat=5/65011ms tc=N drp=0mm tcq=0
[ 497.537] W] [PR]: NACK-ing PGN request for PGN 60928 because no callback could handle it.
[ 498.552] [ISOBUS] addr=0x81 claimed=Y load=13.8% msgs=2114 aiso=68(75426ms) xte=-142.09m spd=0.00m/s q=0 ggaAge=19 vtgAge=19 xteAge=18 vt=N(0/22) vtstat=5/66011ms tc=N drp=0mm tcq=0
[ 499.537] [ISOBUS] addr=0x81 claimed=Y load=13.5% msgs=2145 aiso=69(76426ms) xte=-142.09m spd=0.00m/s q=0 ggaAge=19 vtgAge=18 xteAge=18 vt=N(0/22) vtstat=5/67011ms tc=N drp=0mm tcq=0
[ 499.537] W] [PR]: NACK-ing PGN request for PGN 60928 because no callback could handle it.
[ 500.543] [ISOBUS] addr=0x81 claimed=Y load=13.8% msgs=2176 aiso=70(77426ms) xte=-142.09m spd=0.00m/s q=0 ggaAge=19 vtgAge=19 xteAge=18 vt=N(0/22) vtstat=5/68011ms tc=N drp=0mm tcq=0
[ 501.535] [ISOBUS] addr=0x81 claimed=Y load=13.4% msgs=2207 aiso=71(78426ms) xte=-142.09m spd=0.00m/s q=0 ggaAge=20 vtgAge=20 xteAge=19 vt=N(0/22) vtstat=5/69011ms tc=N drp=0mm tcq=0
[ 501.535] W] [PR]: NACK-ing PGN request for PGN 60928 because no callback could handle it.
[ 502.288] [ISOBUS] addr=0x81 claimed=Y load=13.8% msgs=2238 aiso=72(79426ms) xte=-142.09m spd=0.00m/s q=0 ggaAge=19 vtgAge=19 xteAge=18 vt=N(0/22) vtstat=5/70011ms tc=N drp=0mm tcq=0
[ 503.293] I] [NM]: Control function with address 205 and NAME 000000000000000lx is now offline on channel 198344577.
[ 503.293] [ISOBUS] addr=0x81 claimed=Y load=13.5% msgs=2269 aiso=73(80426ms) xte=-142.09m spd=0.00m/s q=0 ggaAge=21 vtgAge=20 xteAge=19 vt=N(0/22) vtstat=5/71011ms tc=N drp=0mm tcq=0
[ 503.854] W] [PR]: NACK-ing PGN request for PGN 60928 because no callback could handle it.
[ 503.854] I] [NM]: External control function with name 000000000000000lx has claimed address 198344577 on channel 2684363008.
[ 504.854] [ISOBUS] addr=0x81 claimed=Y load=13.7% msgs=2300 aiso=74(81426ms) xte=-142.09m spd=0.00m/s q=0 ggaAge=20 vtgAge=19 xteAge=19 vt=N(0/22) vtstat=5/72011ms tc=N drp=0mm tcq=0
[ 504.854] I] [NM]: Control function with address 205 and NAME 000000000000000lx is now offline on channel 198344577.
[ 505.535] [ISOBUS] addr=0x81 claimed=Y load=13.5% msgs=2331 aiso=75(82426ms) xte=-142.09m spd=0.00m/s q=0 ggaAge=20 vtgAge=20 xteAge=19 vt=N(0/22) vtstat=5/73011ms tc=N drp=0mm tcq=0
[ 505.535] W] [PR]: NACK-ing PGN request for PGN 60928 because no callback could handle it.
[ 505.855] I] [NM]: External control function with name 000000000000000lx has claimed address 198344577 on channel 2684363008.
[ 506.855] [ISOBUS] addr=0x81 claimed=Y load=13.7% msgs=2362 aiso=76(83426ms) xte=-142.09m spd=0.00m/s q=0 ggaAge=20 vtgAge=20 xteAge=19 vt=N(0/22) vtstat=5/74011ms tc=N drp=0mm tcq=0
[ 506.855] I] [NM]: Control function with address 205 and NAME 000000000000000lx is now offline on channel 198344577.
[ 507.853] [ISOBUS] addr=0x81 claimed=Y load=13.5% msgs=2393 aiso=77(84426ms) xte=-142.09m spd=0.00m/s q=0 ggaAge=19 vtgAge=18 xteAge=18 vt=N(0/22) vtstat=5/75011ms tc=N drp=0mm tcq=0
[ 507.853] W] [PR]: NACK-ing PGN request for PGN 60928 because no callback could handle it.
[ 507.853] I] [NM]: External control function with name 000000000000000lx has claimed address 198344577 on channel 2684363008.
[ 508.855] [ISOBUS] addr=0x81 claimed=Y load=13.8% msgs=2424 aiso=78(85426ms) xte=-142.09m spd=0.00m/s q=0 ggaAge=20 vtgAge=20 xteAge=19 vt=N(0/22) vtstat=5/76011ms tc=N drp=0mm tcq=0
[ 508.855] I] [NM]: Control function with address 205 and NAME 000000000000000lx is now offline on channel 198344577.
[ 509.537] [ISOBUS] addr=0x81 claimed=Y load=13.4% msgs=2455 aiso=79(86426ms) xte=-142.09m spd=0.00m/s q=0 ggaAge=20 vtgAge=19 xteAge=19 vt=N(0/22) vtstat=5/77011ms tc=N drp=0mm tcq=0
[ 509.538] W] [PR]: NACK-ing PGN request for PGN 60928 because no callback could handle it.
[ 509.846] I] [NM]: External control function with name 000000000000000lx has claimed address 198344577 on channel 2684363008.
[ 510.852] [ISOBUS] addr=0x81 claimed=Y load=13.9% msgs=2486 aiso=80(87426ms) xte=-142.09m spd=0.00m/s q=0 ggaAge=11 vtgAge=10 xteAge=9 vt=N(0/22) vtstat=5/78011ms tc=N drp=0mm tcq=0
[ 510.852] I] [NM]: Control function with address 205 and NAME 000000000000000lx is now offline on channel 198344577.
[ 511.538] [ISOBUS] addr=0x81 claimed=Y load=16.0% msgs=2517 aiso=81(88426ms) xte=-142.09m spd=0.00m/s q=0 ggaAge=20 vtgAge=19 xteAge=16 vt=N(0/22) vtstat=5/79011ms tc=N drp=0mm tcq=0
[ 511.854] I] [NM]: External control function with name 000000000000000lx has claimed address 198344577 on channel 2684363008.
[ 511.854] W] [PR]: NACK-ing PGN request for PGN 60928 because no callback could handle it.
[ 512.842] [ISOBUS] addr=0x81 claimed=Y load=16.6% msgs=2548 aiso=82(89426ms) xte=-142.09m spd=0.00m/s q=0 ggaAge=19 vtgAge=18 xteAge=16 vt=N(0/22) vtstat=5/80011ms tc=N drp=0mm tcq=0
[ 512.842] I] [NM]: Control function with address 205 and NAME 000000000000000lx is now offline on channel 198344577.
[ 513.850] [ISOBUS] addr=0x81 claimed=Y load=0.8% msgs=2555 aiso=82(90426ms) xte=-142.09m spd=0.00m/s q=0 ggaAge=417 vtgAge=818 xteAge=818 vt=N(0/22) vtstat=5/81011ms tc=N drp=0mm tcq=0
[ 514.851] [ISOBUS] addr=0x81 claimed=Y load=0.0% msgs=2555 aiso=82(91426ms) xte=-142.09m spd=0.00m/s q=0 ggaAge=1417 vtgAge=1818 xteAge=1818 vt=N(0/22) vtstat=5/82011ms tc=N drp=0mm tcq=0
[ 515.854] [ISOBUS] addr=0x81 claimed=Y load=0.0% msgs=2555 aiso=82(92426ms) xte=-142.09m spd=0.00m/s q=0 ggaAge=2417 vtgAge=2818 xteAge=2818 vt=N(0/22) vtstat=5/83011ms tc=N drp=0mm tcq=0
[ 516.854] [ISOBUS] addr=0x81 claimed=Y load=0.0% msgs=2555 aiso=82(93426ms) xte=-142.09m spd=0.00m/s q=0 ggaAge=3417 vtgAge=3818 xteAge=3818 vt=N(0/22) vtstat=5/84011ms tc=N drp=0mm tcq=0
[ 517.856] [ISOBUS] addr=0x81 claimed=Y load=0.0% msgs=2555 aiso=82(94426ms) xte=-142.09m spd=0.00m/s q=0 ggaAge=4417 vtgAge=4818 xteAge=4818 vt=N(0/22) vtstat=5/85011ms tc=N drp=0mm tcq=0
[ 518.856] [ISOBUS] addr=0x81 claimed=Y load=0.0% msgs=2555 aiso=82(95426ms) xte=-142.09m spd=0.00m/s q=0 ggaAge=5417 vtgAge=5818 xteAge=5818 vt=N(0/22) vtstat=5/86011ms tc=N drp=0mm tcq=0
[ 518.856] [ISOBUS] addr=0x81 claimed=Y load=0.0% msgs=2555 aiso=82(96426ms) xte=-142.09m spd=0.00m/s q=0 ggaAge=6417 vtgAge=6818 xteAge=6818 vt=N(0/22) vtstat=5/87011ms tc=N drp=0mm tcq=0
[ 519.870] [ISOBUS] addr=0x81 claimed=Y load=0.0% msgs=2555 aiso=82(97426ms) xte=-142.09m spd=0.00m/s q=0 ggaAge=7417 vtgAge=7818 xteAge=7818 vt=N(0/22) vtstat=5/88011ms tc=N drp=0mm tcq=0
[ 520.878] [ISOBUS] addr=0x81 claimed=Y load=0.0% msgs=2555 aiso=82(98426ms) xte=-142.09m spd=0.00m/s q=0 ggaAge=8417 vtgAge=8818 xteAge=8818 vt=N(0/22) vtstat=5/89011ms tc=N drp=0mm tcq=0
[ 521.881] [ISOBUS] addr=0x81 claimed=Y load=0.0% msgs=2555 aiso=82(99426ms) xte=-142.09m spd=0.00m/s q=0 ggaAge=9417 vtgAge=9818 xteAge=9818 vt=N(0/22) vtstat=5/90011ms tc=N drp=0mm tcq=0
[ 522.895] [ISOBUS] addr=0x81 claimed=Y load=0.0% msgs=2555 aiso=82(100426ms) xte=-142.09m spd=0.00m/s q=0 ggaAge=10417 vtgAge=10818 xteAge=10818 vt=N(0/22) vtstat=5/91011ms tc=N drp=0mm tcq=0
[ 523.897] [ISOBUS] addr=0x81 claimed=Y load=0.0% msgs=2555 aiso=82(101426ms) xte=-142.09m spd=0.00m/s q=0 ggaAge=11417 vtgAge=11818 xteAge=11818 vt=N(0/22) vtstat=5/92011ms tc=N drp=0mm tcq=0
[ 524.908] [ISOBUS] addr=0x81 claimed=Y load=0.0% msgs=2555 aiso=82(102426ms) xte=-142.09m spd=0.00m/s q=0 ggaAge=12417 vtgAge=12818 xteAge=12818 vt=N(0/22) vtstat=5/93011ms tc=N drp=0mm tcq=0
[ 525.916] [ISOBUS] addr=0x81 claimed=Y load=0.0% msgs=2555 aiso=82(103426ms) xte=-142.09m spd=0.00m/s q=0 ggaAge=13417 vtgAge=13818 xteAge=13818 vt=N(0/22) vtstat=5/94011ms tc=N drp=0mm tcq=0
[ 526.920] [ISOBUS] addr=0x81 claimed=Y load=0.0% msgs=2555 aiso=82(104426ms) xte=-142.09m spd=0.00m/s q=0 ggaAge=14417 vtgAge=14818 xteAge=14818 vt=N(0/22) vtstat=5/95011ms tc=N drp=0mm tcq=0
[ 527.922] [ISOBUS] addr=0x81 claimed=Y load=0.0% msgs=2555 aiso=82(105426ms) xte=-142.09m spd=0.00m/s q=0 ggaAge=15417 vtgAge=15818 xteAge=15818 vt=N(0/22) vtstat=5/96011ms tc=N drp=0mm tcq=0
[ 528.928] [ISOBUS] addr=0x81 claimed=Y load=0.0% msgs=2555 aiso=82(106426ms) xte=-142.09m spd=0.00m/s q=0 ggaAge=16417 vtgAge=16818 xteAge=16818 vt=N(0/22) vtstat=5/97011ms tc=N drp=0mm tcq=0
[ 529.944] [ISOBUS] addr=0x81 claimed=Y load=0.0% msgs=2555 aiso=82(107426ms) xte=-142.09m spd=0.00m/s q=0 ggaAge=17417 vtgAge=17818 xteAge=17818 vt=N(0/22) vtstat=5/98011ms tc=N drp=0mm tcq=0
[ 530.952] [ISOBUS] addr=0x81 claimed=Y load=0.0% msgs=2555 aiso=82(108426ms) xte=-142.09m spd=0.00m/s q=0 ggaAge=18417 vtgAge=18818 xteAge=18818 vt=N(0/22) vtstat=5/99011ms tc=N drp=0mm tcq=0
[ 531.959] [ISOBUS] addr=0x81 claimed=Y load=0.0% msgs=2555 aiso=82(109426ms) xte=-142.09m spd=0.00m/s q=0 ggaAge=19417 vtgAge=19818 xteAge=19818 vt=N(0/22) vtstat=5/100011ms tc=N drp=0mm tcq=0
[ 532.964] [ISOBUS] addr=0x81 claimed=Y load=0.0% msgs=2555 aiso=82(110426ms) xte=-142.09m spd=0.00m/s q=0 ggaAge=20417 vtgAge=20818 xteAge=20818 vt=N(0/22) vtstat=5/101011ms tc=N drp=0mm tcq=0
[ 533.966] [ISOBUS] addr=0x81 claimed=Y load=0.0% msgs=2555 aiso=82(111426ms) xte=-142.09m spd=0.00m/s q=0 ggaAge=21417 vtgAge=21818 xteAge=21818 vt=N(0/22) vtstat=5/102011ms tc=N drp=0mm tcq=0
[ 534.966] [ISOBUS] addr=0x81 claimed=Y load=0.0% msgs=2555 aiso=82(112426ms) xte=-142.09m spd=0.00m/s q=0 ggaAge=22417 vtgAge=22818 xteAge=22818 vt=N(0/22) vtstat=5/103011ms tc=N drp=0mm tcq=0
[ 535.973] [ISOBUS] addr=0x81 claimed=Y load=0.0% msgs=2555 aiso=82(113426ms) xte=-142.09m spd=0.00m/s q=0 ggaAge=23417 vtgAge=23818 xteAge=23818 vt=N(0/22) vtstat=5/104011ms tc=N drp=0mm tcq=0
[ 536.983] [ISOBUS] addr=0x81 claimed=Y load=0.0% msgs=2555 aiso=82(114426ms) xte=-142.09m spd=0.00m/s q=0 ggaAge=24417 vtgAge=24818 xteAge=24818 vt=N(0/22) vtstat=5/105011ms tc=N drp=0mm tcq=0
[ 537.992] [ISOBUS] addr=0x81 claimed=Y load=0.0% msgs=2555 aiso=82(115426ms) xte=-142.09m spd=0.00m/s q=0 ggaAge=25417 vtgAge=25818 xteAge=25818 vt=N(0/22) vtstat=5/106011ms tc=N drp=0mm tcq=0
[ 538.997] [ISOBUS] addr=0x81 claimed=Y load=0.0% msgs=2555 aiso=82(116426ms) xte=-142.09m spd=0.00m/s q=0 ggaAge=26417 vtgAge=26818 xteAge=26818 vt=N(0/22) vtstat=5/107011ms tc=N drp=0mm tcq=0
[ 540.009] [ISOBUS] addr=0x81 claimed=Y load=0.0% msgs=2555 aiso=82(117426ms) xte=-142.09m spd=0.00m/s q=0 ggaAge=27417 vtgAge=27818 xteAge=27818 vt=N(0/22) vtstat=5/108011ms tc=N drp=0mm tcq=0
[ 541.019] [ISOBUS] addr=0x81 claimed=Y load=0.0% msgs=2555 aiso=82(118426ms) xte=-142.09m spd=0.00m/s q=0 ggaAge=28417 vtgAge=28818 xteAge=28818 vt=N(0/22) vtstat=5/109011ms tc=N drp=0mm tcq=0
[ 541.683] --- disconnected (ClearCommError failed (PermissionError(13, 'Het apparaat herkent de opdracht niet.', None, 22))) ---
[ 542.190] --- disconnected (could not open port 'COM4': FileNotFoundError(2, 'Het systeem kan het opgegeven bestand niet vinden.', None, 2)) ---
[ 542.691] --- disconnected (could not open port 'COM4': FileNotFoundError(2, 'Het systeem kan het opgegeven bestand niet vinden.', None, 2)) ---
[ 543.192] --- disconnected (could not open port 'COM4': FileNotFoundError(2, 'Het systeem kan het opgegeven bestand niet vinden.', None, 2)) ---
[ 543.696] --- connected ---
[ 547.019] --------------------------------
[ 547.019] -----------MeijWorks------------
[ 547.019] --------------------------------
[ 547.019] Ploughcontrol ISOBUS version 0.1
[ 547.019] (c) 2011 - 2026 by J.A. Woltjer 
[ 547.019] --------------------------------
[ 548.416] =====================================
[ 548.416] Guidance source using following data:
[ 548.416] =====================================
[ 548.416] RTK Quality
[ 548.416] 4
[ 548.416] -------------------------------
[ 548.416] -------------------------------
[ 548.416] Tractor using following data:
[ 548.416] -------------------------------
[ 548.416] Speed calibration
[ 548.416] 250
[ 548.416] -------------------------------
[ 548.416] Simspeed
[ 548.417] 1.00
[ 548.417] -------------------------------
[ 548.417] Sim time
[ 548.417] 2
[ 548.417] -------------------------------
[ 548.417] Sim mode
[ 548.417] 1
[ 548.417] -------------------------------
[ 548.417] Invert hitch signal
[ 548.417] 0
[ 548.417] -------------------------------
[ 548.417] Times started
[ 548.417] 255
[ 548.417] --------------------------
[ 548.417] Using following data:
[ 548.417] --------------------------
[ 548.417] Offset calibration data
[ 548.417] 600, 34
[ 548.417] 461, 42
[ 548.417] 308, 50
[ 548.417] --------------------------
[ 548.417] Number of shares
[ 548.417] 4
[ 548.417] --------------------------
[ 548.417] error margin
[ 548.417] 2
[ 548.417] --------------------------
[ 548.417] error ploughside
[ 548.417] 0
[ 548.417] --------------------------
[ 548.417] Maximum correction
[ 548.417] 50
[ 548.417] --------------------------
[ 548.417] =====================================
[ 548.417] Guidance source using following data:
[ 548.417] =====================================
[ 548.417] RTK Quality
[ 548.417] 4
[ 548.417] -------------------------------
[ 548.417] Times started
[ 548.417] 255
[ 548.417] --------------------------
[ 548.417] Using following data:
[ 548.417] --------------------------
[ 548.417] Offset calibration data
[ 548.417] 600, 34
[ 548.419] 461, 42
[ 548.419] 308, 50
[ 548.419] --------------------------
[ 548.419] Number of shares
[ 548.419] 4
[ 548.665] --------------------------
[ 548.665] error margin
[ 548.665] 2
[ 548.665] --------------------------
[ 548.665] error ploughside
[ 548.665] 0
[ 548.665] --------------------------
[ 548.665] Maximum correction
[ 548.665] 50
[ 548.665] --------------------------
[ 548.665] IsobusGuidanceChannel: claiming address address claimed: 0x81
[ 549.674] IsobusDebugMenu: send any character to open the status menu.
[ 550.810] === ISOBUS DEBUG MENU ===
[ 550.810] 1. Full status dump
[ 550.810] 2. Periodic summary line (OFF - press to toggle)
[ 550.810] 3. Reset message counters
[ 550.810] q. Exit
[ 550.810] Periodic summary line: ON
[ 550.810] === ISOBUS DEBUG MENU ===
[ 550.810] 1. Full status dump
[ 551.806] 2. Periodic summary line (ON - press to toggle)
[ 551.806] 3. Reset message counters
[ 551.806] q. Exit
[ 551.806] Exiting.
[ 551.806] [ISOBUS] addr=0x81 claimed=Y load=0.2% msgs=0 aiso=0(0ms) xte=0.00m spd=0.00m/s q=0 ggaAge=7426 vtgAge=7426 xteAge=7426 vt=N(0/22) vtstat=0/0ms tc=N drp=0mm tcq=0
[ 552.807] [ISOBUS] addr=0x81 claimed=Y load=0.3% msgs=0 aiso=0(0ms) xte=0.00m spd=0.00m/s q=0 ggaAge=8426 vtgAge=8426 xteAge=8426 vt=N(0/22) vtstat=0/0ms tc=N drp=0mm tcq=0
[ 553.816] [ISOBUS] addr=0x81 claimed=Y load=0.0% msgs=0 aiso=0(0ms) xte=0.00m spd=0.00m/s q=0 ggaAge=9426 vtgAge=9426 xteAge=9426 vt=N(0/22) vtstat=0/0ms tc=N drp=0mm tcq=0
[ 553.816] [ISOBUS] addr=0x81 claimed=Y load=0.0% msgs=0 aiso=0(0ms) xte=0.00m spd=0.00m/s q=0 ggaAge=10426 vtgAge=10426 xteAge=10426 vt=N(0/22) vtstat=0/0ms tc=N drp=0mm tcq=0
[ 554.820] [ISOBUS] addr=0x81 claimed=Y load=0.0% msgs=0 aiso=0(0ms) xte=0.00m spd=0.00m/s q=0 ggaAge=11426 vtgAge=11426 xteAge=11426 vt=N(0/22) vtstat=0/0ms tc=N drp=0mm tcq=0
[ 555.827] [ISOBUS] addr=0x81 claimed=Y load=0.0% msgs=0 aiso=0(0ms) xte=0.00m spd=0.00m/s q=0 ggaAge=12426 vtgAge=12426 xteAge=12426 vt=N(0/22) vtstat=0/0ms tc=N drp=0mm tcq=0
[ 556.834] [ISOBUS] addr=0x81 claimed=Y load=0.0% msgs=0 aiso=0(0ms) xte=0.00m spd=0.00m/s q=0 ggaAge=13426 vtgAge=13426 xteAge=13426 vt=N(0/22) vtstat=0/0ms tc=N drp=0mm tcq=0
[ 557.836] [ISOBUS] addr=0x81 claimed=Y load=0.0% msgs=0 aiso=0(0ms) xte=0.00m spd=0.00m/s q=0 ggaAge=14426 vtgAge=14426 xteAge=14426 vt=N(0/22) vtstat=0/0ms tc=N drp=0mm tcq=0
[ 558.843] [ISOBUS] addr=0x81 claimed=Y load=0.3% msgs=0 aiso=0(0ms) xte=0.00m spd=0.00m/s q=0 ggaAge=15426 vtgAge=15426 xteAge=15426 vt=N(0/22) vtstat=0/0ms tc=N drp=0mm tcq=0
[ 559.844] [ISOBUS] addr=0x81 claimed=Y load=0.0% msgs=0 aiso=0(0ms) xte=0.00m spd=0.00m/s q=0 ggaAge=16426 vtgAge=16426 xteAge=16426 vt=N(0/22) vtstat=0/0ms tc=N drp=0mm tcq=0
[ 560.847] [ISOBUS] addr=0x81 claimed=Y load=0.0% msgs=0 aiso=0(0ms) xte=0.00m spd=0.00m/s q=0 ggaAge=17426 vtgAge=17426 xteAge=17426 vt=N(0/22) vtstat=0/0ms tc=N drp=0mm tcq=0
[ 561.889] [ISOBUS] addr=0x81 claimed=Y load=0.0% msgs=0 aiso=0(0ms) xte=0.00m spd=0.00m/s q=0 ggaAge=18426 vtgAge=18426 xteAge=18426 vt=N(0/22) vtstat=0/0ms tc=N drp=0mm tcq=0
[ 562.894] [ISOBUS] addr=0x81 claimed=Y load=0.0% msgs=0 aiso=0(0ms) xte=0.00m spd=0.00m/s q=0 ggaAge=19426 vtgAge=19426 xteAge=19426 vt=N(0/22) vtstat=0/0ms tc=N drp=0mm tcq=0
[ 563.902] [ISOBUS] addr=0x81 claimed=Y load=0.0% msgs=0 aiso=0(0ms) xte=0.00m spd=0.00m/s q=0 ggaAge=20426 vtgAge=20426 xteAge=20426 vt=N(0/22) vtstat=0/0ms tc=N drp=0mm tcq=0
[ 564.907] [ISOBUS] addr=0x81 claimed=Y load=0.0% msgs=0 aiso=0(0ms) xte=0.00m spd=0.00m/s q=0 ggaAge=21426 vtgAge=21426 xteAge=21426 vt=N(0/22) vtstat=0/0ms tc=N drp=0mm tcq=0
[ 565.907] [ISOBUS] addr=0x81 claimed=Y load=0.0% msgs=0 aiso=0(0ms) xte=0.00m spd=0.00m/s q=0 ggaAge=22426 vtgAge=22426 xteAge=22426 vt=N(0/22) vtstat=0/0ms tc=N drp=0mm tcq=0
[ 566.919] [ISOBUS] addr=0x81 claimed=Y load=0.0% msgs=0 aiso=0(0ms) xte=0.00m spd=0.00m/s q=0 ggaAge=23426 vtgAge=23426 xteAge=23426 vt=N(0/22) vtstat=0/0ms tc=N drp=0mm tcq=0
[ 567.935] [ISOBUS] addr=0x81 claimed=Y load=0.0% msgs=0 aiso=0(0ms) xte=0.00m spd=0.00m/s q=0 ggaAge=24426 vtgAge=24426 xteAge=24426 vt=N(0/22) vtstat=0/0ms tc=N drp=0mm tcq=0
[ 568.943] [ISOBUS] addr=0x81 claimed=Y load=0.3% msgs=0 aiso=0(0ms) xte=0.00m spd=0.00m/s q=0 ggaAge=25426 vtgAge=25426 xteAge=25426 vt=N(0/22) vtstat=0/0ms tc=N drp=0mm tcq=0
[ 569.958] [ISOBUS] addr=0x81 claimed=Y load=0.0% msgs=0 aiso=0(0ms) xte=0.00m spd=0.00m/s q=0 ggaAge=26426 vtgAge=26426 xteAge=26426 vt=N(0/22) vtstat=0/0ms tc=N drp=0mm tcq=0
[ 570.959] [ISOBUS] addr=0x81 claimed=Y load=0.0% msgs=0 aiso=0(0ms) xte=0.00m spd=0.00m/s q=0 ggaAge=27426 vtgAge=27426 xteAge=27426 vt=N(0/22) vtstat=0/0ms tc=N drp=0mm tcq=0
[ 571.969] [ISOBUS] addr=0x81 claimed=Y load=0.0% msgs=0 aiso=0(0ms) xte=0.00m spd=0.00m/s q=0 ggaAge=28426 vtgAge=28426 xteAge=28426 vt=N(0/22) vtstat=0/0ms tc=N drp=0mm tcq=0
[ 572.970] [ISOBUS] addr=0x81 claimed=Y load=0.0% msgs=0 aiso=0(0ms) xte=0.00m spd=0.00m/s q=0 ggaAge=29426 vtgAge=29426 xteAge=29426 vt=N(0/22) vtstat=0/0ms tc=N drp=0mm tcq=0
[ 573.971] [ISOBUS] addr=0x81 claimed=Y load=0.0% msgs=0 aiso=0(0ms) xte=0.00m spd=0.00m/s q=0 ggaAge=30426 vtgAge=30426 xteAge=30426 vt=N(0/22) vtstat=0/0ms tc=N drp=0mm tcq=0
[ 574.985] [ISOBUS] addr=0x81 claimed=Y load=0.0% msgs=0 aiso=0(0ms) xte=0.00m spd=0.00m/s q=0 ggaAge=31426 vtgAge=31426 xteAge=31426 vt=N(0/22) vtstat=0/0ms tc=N drp=0mm tcq=0
[ 576.001] [ISOBUS] addr=0x81 claimed=Y load=0.0% msgs=0 aiso=0(0ms) xte=0.00m spd=0.00m/s q=0 ggaAge=32426 vtgAge=32426 xteAge=32426 vt=N(0/22) vtstat=0/0ms tc=N drp=0mm tcq=0
[ 577.003] [ISOBUS] addr=0x81 claimed=Y load=0.0% msgs=0 aiso=0(0ms) xte=0.00m spd=0.00m/s q=0 ggaAge=33426 vtgAge=33426 xteAge=33426 vt=N(0/22) vtstat=0/0ms tc=N drp=0mm tcq=0
[ 578.010] [ISOBUS] addr=0x81 claimed=Y load=0.0% msgs=0 aiso=0(0ms) xte=0.00m spd=0.00m/s q=0 ggaAge=34426 vtgAge=34426 xteAge=34426 vt=N(0/22) vtstat=0/0ms tc=N drp=0mm tcq=0
[ 579.018] [ISOBUS] addr=0x81 claimed=Y load=0.3% msgs=0 aiso=0(0ms) xte=0.00m spd=0.00m/s q=0 ggaAge=35426 vtgAge=35426 xteAge=35426 vt=N(0/22) vtstat=0/0ms tc=N drp=0mm tcq=0
[ 580.029] [ISOBUS] addr=0x81 claimed=Y load=0.0% msgs=0 aiso=0(0ms) xte=0.00m spd=0.00m/s q=0 ggaAge=36426 vtgAge=36426 xteAge=36426 vt=N(0/22) vtstat=0/0ms tc=N drp=0mm tcq=0
[ 581.036] [ISOBUS] addr=0x81 claimed=Y load=0.0% msgs=0 aiso=0(0ms) xte=0.00m spd=0.00m/s q=0 ggaAge=37426 vtgAge=37426 xteAge=37426 vt=N(0/22) vtstat=0/0ms tc=N drp=0mm tcq=0
[ 582.043] [ISOBUS] addr=0x81 claimed=Y load=0.0% msgs=0 aiso=0(0ms) xte=0.00m spd=0.00m/s q=0 ggaAge=38426 vtgAge=38426 xteAge=38426 vt=N(0/22) vtstat=0/0ms tc=N drp=0mm tcq=0
[ 583.053] [ISOBUS] addr=0x81 claimed=Y load=0.0% msgs=0 aiso=0(0ms) xte=0.00m spd=0.00m/s q=0 ggaAge=39426 vtgAge=39426 xteAge=39426 vt=N(0/22) vtstat=0/0ms tc=N drp=0mm tcq=0
[ 584.060] [ISOBUS] addr=0x81 claimed=Y load=0.0% msgs=0 aiso=0(0ms) xte=0.00m spd=0.00m/s q=0 ggaAge=40426 vtgAge=40426 xteAge=40426 vt=N(0/22) vtstat=0/0ms tc=N drp=0mm tcq=0
[ 585.097] [ISOBUS] addr=0x81 claimed=Y load=0.0% msgs=0 aiso=0(0ms) xte=0.00m spd=0.00m/s q=0 ggaAge=41426 vtgAge=41426 xteAge=41426 vt=N(0/22) vtstat=0/0ms tc=N drp=0mm tcq=0
[ 586.110] [ISOBUS] addr=0x81 claimed=Y load=0.0% msgs=0 aiso=0(0ms) xte=0.00m spd=0.00m/s q=0 ggaAge=42426 vtgAge=42426 xteAge=42426 vt=N(0/22) vtstat=0/0ms tc=N drp=0mm tcq=0
[ 587.124] [ISOBUS] addr=0x81 claimed=Y load=0.0% msgs=0 aiso=0(0ms) xte=0.00m spd=0.00m/s q=0 ggaAge=43426 vtgAge=43426 xteAge=43426 vt=N(0/22) vtstat=0/0ms tc=N drp=0mm tcq=0
[ 588.139] [ISOBUS] addr=0x81 claimed=Y load=0.0% msgs=0 aiso=0(0ms) xte=0.00m spd=0.00m/s q=0 ggaAge=44426 vtgAge=44426 xteAge=44426 vt=N(0/22) vtstat=0/0ms tc=N drp=0mm tcq=0
[ 589.153] [ISOBUS] addr=0x81 claimed=Y load=0.3% msgs=0 aiso=0(0ms) xte=0.00m spd=0.00m/s q=0 ggaAge=45426 vtgAge=45426 xteAge=45426 vt=N(0/22) vtstat=0/0ms tc=N drp=0mm tcq=0
[ 590.164] [ISOBUS] addr=0x81 claimed=Y load=0.0% msgs=0 aiso=0(0ms) xte=0.00m spd=0.00m/s q=0 ggaAge=46426 vtgAge=46426 xteAge=46426 vt=N(0/22) vtstat=0/0ms tc=N drp=0mm tcq=0
[ 591.168] [ISOBUS] addr=0x81 claimed=Y load=0.0% msgs=0 aiso=0(0ms) xte=0.00m spd=0.00m/s q=0 ggaAge=47426 vtgAge=47426 xteAge=47426 vt=N(0/22) vtstat=0/0ms tc=N drp=0mm tcq=0
[ 592.178] [ISOBUS] addr=0x81 claimed=Y load=0.0% msgs=0 aiso=0(0ms) xte=0.00m spd=0.00m/s q=0 ggaAge=48426 vtgAge=48426 xteAge=48426 vt=N(0/22) vtstat=0/0ms tc=N drp=0mm tcq=0
[ 593.186] [ISOBUS] addr=0x81 claimed=Y load=0.0% msgs=0 aiso=0(0ms) xte=0.00m spd=0.00m/s q=0 ggaAge=49426 vtgAge=49426 xteAge=49426 vt=N(0/22) vtstat=0/0ms tc=N drp=0mm tcq=0
[ 594.191] [ISOBUS] addr=0x81 claimed=Y load=0.0% msgs=0 aiso=0(0ms) xte=0.00m spd=0.00m/s q=0 ggaAge=50426 vtgAge=50426 xteAge=50426 vt=N(0/22) vtstat=0/0ms tc=N drp=0mm tcq=0
[ 595.192] [ISOBUS] addr=0x81 claimed=Y load=0.0% msgs=0 aiso=0(0ms) xte=0.00m spd=0.00m/s q=0 ggaAge=51426 vtgAge=51426 xteAge=51426 vt=N(0/22) vtstat=0/0ms tc=N drp=0mm tcq=0
[ 596.193] [ISOBUS] addr=0x81 claimed=Y load=0.0% msgs=0 aiso=0(0ms) xte=0.00m spd=0.00m/s q=0 ggaAge=52426 vtgAge=52426 xteAge=52426 vt=N(0/22) vtstat=0/0ms tc=N drp=0mm tcq=0
[ 597.194] [ISOBUS] addr=0x81 claimed=Y load=0.0% msgs=0 aiso=0(0ms) xte=0.00m spd=0.00m/s q=0 ggaAge=53426 vtgAge=53426 xteAge=53426 vt=N(0/22) vtstat=0/0ms tc=N drp=0mm tcq=0
[ 598.201] [ISOBUS] addr=0x81 claimed=Y load=0.0% msgs=0 aiso=0(0ms) xte=0.00m spd=0.00m/s q=0 ggaAge=54426 vtgAge=54426 xteAge=54426 vt=N(0/22) vtstat=0/0ms tc=N drp=0mm tcq=0
[ 599.204] [ISOBUS] addr=0x81 claimed=Y load=0.3% msgs=0 aiso=0(0ms) xte=0.00m spd=0.00m/s q=0 ggaAge=55426 vtgAge=55426 xteAge=55426 vt=N(0/22) vtstat=0/0ms tc=N drp=0mm tcq=0
[ 600.205] [ISOBUS] addr=0x81 claimed=Y load=0.0% msgs=0 aiso=0(0ms) xte=0.00m spd=0.00m/s q=0 ggaAge=56426 vtgAge=56426 xteAge=56426 vt=N(0/22) vtstat=0/0ms tc=N drp=0mm tcq=0
[ 601.219] [ISOBUS] addr=0x81 claimed=Y load=0.0% msgs=0 aiso=0(0ms) xte=0.00m spd=0.00m/s q=0 ggaAge=57426 vtgAge=57426 xteAge=57426 vt=N(0/22) vtstat=0/0ms tc=N drp=0mm tcq=0
[ 602.229] [ISOBUS] addr=0x81 claimed=Y load=0.0% msgs=0 aiso=0(0ms) xte=0.00m spd=0.00m/s q=0 ggaAge=58426 vtgAge=58426 xteAge=58426 vt=N(0/22) vtstat=0/0ms tc=N drp=0mm tcq=0
[ 603.236] [ISOBUS] addr=0x81 claimed=Y load=0.0% msgs=0 aiso=0(0ms) xte=0.00m spd=0.00m/s q=0 ggaAge=59426 vtgAge=59426 xteAge=59426 vt=N(0/22) vtstat=0/0ms tc=N drp=0mm tcq=0
[ 604.239] [ISOBUS] addr=0x81 claimed=Y load=0.0% msgs=0 aiso=0(0ms) xte=0.00m spd=0.00m/s q=0 ggaAge=60426 vtgAge=60426 xteAge=60426 vt=N(0/22) vtstat=0/0ms tc=N drp=0mm tcq=0
[ 605.245] [ISOBUS] addr=0x81 claimed=Y load=0.0% msgs=0 aiso=0(0ms) xte=0.00m spd=0.00m/s q=0 ggaAge=61426 vtgAge=61426 xteAge=61426 vt=N(0/22) vtstat=0/0ms tc=N drp=0mm tcq=0
[ 606.255] [ISOBUS] addr=0x81 claimed=Y load=0.0% msgs=0 aiso=0(0ms) xte=0.00m spd=0.00m/s q=0 ggaAge=62426 vtgAge=62426 xteAge=62426 vt=N(0/22) vtstat=0/0ms tc=N drp=0mm tcq=0
[ 607.262] [ISOBUS] addr=0x81 claimed=Y load=0.0% msgs=0 aiso=0(0ms) xte=0.00m spd=0.00m/s q=0 ggaAge=63426 vtgAge=63426 xteAge=63426 vt=N(0/22) vtstat=0/0ms tc=N drp=0mm tcq=0
[ 608.284] [ISOBUS] addr=0x81 claimed=Y load=0.0% msgs=0 aiso=0(0ms) xte=0.00m spd=0.00m/s q=0 ggaAge=64426 vtgAge=64426 xteAge=64426 vt=N(0/22) vtstat=0/0ms tc=N drp=0mm tcq=0
[ 609.289] [ISOBUS] addr=0x81 claimed=Y load=0.3% msgs=0 aiso=0(0ms) xte=0.00m spd=0.00m/s q=0 ggaAge=65426 vtgAge=65426 xteAge=65426 vt=N(0/22) vtstat=0/0ms tc=N drp=0mm tcq=0
[ 610.297] [ISOBUS] addr=0x81 claimed=Y load=0.0% msgs=0 aiso=0(0ms) xte=0.00m spd=0.00m/s q=0 ggaAge=66426 vtgAge=66426 xteAge=66426 vt=N(0/22) vtstat=0/0ms tc=N drp=0mm tcq=0
[ 611.309] [ISOBUS] addr=0x81 claimed=Y load=0.0% msgs=0 aiso=0(0ms) xte=0.00m spd=0.00m/s q=0 ggaAge=67426 vtgAge=67426 xteAge=67426 vt=N(0/22) vtstat=0/0ms tc=N drp=0mm tcq=0
[ 612.318] [ISOBUS] addr=0x81 claimed=Y load=0.0% msgs=0 aiso=0(0ms) xte=0.00m spd=0.00m/s q=0 ggaAge=68426 vtgAge=68426 xteAge=68426 vt=N(0/22) vtstat=0/0ms tc=N drp=0mm tcq=0
[ 613.332] [ISOBUS] addr=0x81 claimed=Y load=0.0% msgs=0 aiso=0(0ms) xte=0.00m spd=0.00m/s q=0 ggaAge=69426 vtgAge=69426 xteAge=69426 vt=N(0/22) vtstat=0/0ms tc=N drp=0mm tcq=0
[ 614.346] [ISOBUS] addr=0x81 claimed=Y load=0.0% msgs=0 aiso=0(0ms) xte=0.00m spd=0.00m/s q=0 ggaAge=70426 vtgAge=70426 xteAge=70426 vt=N(0/22) vtstat=0/0ms tc=N drp=0mm tcq=0
[ 615.353] [ISOBUS] addr=0x81 claimed=Y load=0.0% msgs=0 aiso=0(0ms) xte=0.00m spd=0.00m/s q=0 ggaAge=71426 vtgAge=71426 xteAge=71426 vt=N(0/22) vtstat=0/0ms tc=N drp=0mm tcq=0
[ 616.363] [ISOBUS] addr=0x81 claimed=Y load=0.0% msgs=0 aiso=0(0ms) xte=0.00m spd=0.00m/s q=0 ggaAge=72426 vtgAge=72426 xteAge=72426 vt=N(0/22) vtstat=0/0ms tc=N drp=0mm tcq=0
[ 617.372] [ISOBUS] addr=0x81 claimed=Y load=0.0% msgs=0 aiso=0(0ms) xte=0.00m spd=0.00m/s q=0 ggaAge=73426 vtgAge=73426 xteAge=73426 vt=N(0/22) vtstat=0/0ms tc=N drp=0mm tcq=0
[ 618.378] [ISOBUS] addr=0x81 claimed=Y load=0.0% msgs=0 aiso=0(0ms) xte=0.00m spd=0.00m/s q=0 ggaAge=74426 vtgAge=74426 xteAge=74426 vt=N(0/22) vtstat=0/0ms tc=N drp=0mm tcq=0
[ 619.390] [ISOBUS] addr=0x81 claimed=Y load=0.3% msgs=0 aiso=0(0ms) xte=0.00m spd=0.00m/s q=0 ggaAge=75426 vtgAge=75426 xteAge=75426 vt=N(0/22) vtstat=0/0ms tc=N drp=0mm tcq=0
[ 620.394] [ISOBUS] addr=0x81 claimed=Y load=0.0% msgs=0 aiso=0(0ms) xte=0.00m spd=0.00m/s q=0 ggaAge=76426 vtgAge=76426 xteAge=76426 vt=N(0/22) vtstat=0/0ms tc=N drp=0mm tcq=0
[ 621.048] [ISOBUS] addr=0x81 claimed=Y load=0.0% msgs=0 aiso=0(0ms) xte=0.00m spd=0.00m/s q=0 ggaAge=77426 vtgAge=77426 xteAge=77426 vt=N(0/22) vtstat=0/0ms tc=N drp=0mm tcq=0
[ 621.814] I] [NM]: Partnered control function with name 000000000000000lx has claimed address 203452081 on channel 2684387840.
[ 621.814] I] [NM]: Partnered control function with name 000000000000000lx has claimed address 203452081 on channel 2147491072.
[ 622.814] [ISOBUS] addr=0x81 claimed=Y load=5.1% msgs=29 aiso=0(0ms) xte=-139.53m spd=0.00m/s q=0 ggaAge=75 vtgAge=74 xteAge=74 vt=N(1/22) vtstat=0/0ms tc=N drp=0mm tcq=0
[ 622.814] I] [VT]: VT Server has a matching label for MW03   . It will be loaded and upload will be skipped.
[ 622.814] I] [VT]: Loaded object pool version from VT non-volatile memory with no errors.
[ 622.850] [ISOBUS] addr=0x81 claimed=Y load=13.2% msgs=62 aiso=1(79426ms) xte=-139.53m spd=0.00m/s q=0 ggaAge=74 vtgAge=74 xteAge=73 vt=Y(21/22) vtstat=2/773ms tc=N drp=0mm tcq=0
[ 623.813] W] [TC]: The TC is < version 4 but no VT was provided. Language data will be requested globally, which might not be ideal.
[ 623.813] I] [TC]: DDOP will be generated using the server's version instead of the specified version. New version: 3
[ 623.813] I] [TC]: DDOP Activated without error.
[ 624.819] [ISOBUS] addr=0x81 claimed=Y load=17.4% msgs=93 aiso=2(80426ms) xte=-139.53m spd=0.00m/s q=0 ggaAge=74 vtgAge=74 xteAge=73 vt=Y(21/22) vtstat=3/964ms tc=Y drp=0mm tcq=0
[ 624.819] [ISOBUS] addr=0x81 claimed=Y load=14.9% msgs=124 aiso=3(81426ms) xte=-139.53m spd=0.00m/s q=0 ggaAge=75 vtgAge=75 xteAge=74 vt=Y(21/22) vtstat=4/973ms tc=Y drp=0mm tcq=0
[ 625.819] [ISOBUS] addr=0x81 claimed=Y load=14.0% msgs=155 aiso=4(82426ms) xte=-139.53m spd=0.00m/s q=0 ggaAge=75 vtgAge=74 xteAge=74 vt=Y(21/22) vtstat=5/973ms tc=Y drp=0mm tcq=0
[ 626.820] [ISOBUS] addr=0x81 claimed=Y load=14.0% msgs=186 aiso=5(83426ms) xte=-139.53m spd=0.00m/s q=0 ggaAge=75 vtgAge=74 xteAge=74 vt=Y(21/22) vtstat=6/975ms tc=Y drp=0mm tcq=0
[ 627.825] [ISOBUS] addr=0x81 claimed=Y load=14.0% msgs=217 aiso=6(84426ms) xte=-139.53m spd=0.00m/s q=0 ggaAge=74 vtgAge=74 xteAge=73 vt=Y(21/22) vtstat=7/975ms tc=Y drp=0mm tcq=0
[ 628.832] [ISOBUS] addr=0x81 claimed=Y load=14.5% msgs=248 aiso=7(85426ms) xte=-139.53m spd=0.00m/s q=0 ggaAge=75 vtgAge=74 xteAge=74 vt=Y(21/22) vtstat=8/973ms tc=Y drp=0mm tcq=0
[ 629.840] [ISOBUS] addr=0x81 claimed=Y load=14.0% msgs=279 aiso=8(86426ms) xte=-139.53m spd=0.00m/s q=0 ggaAge=75 vtgAge=74 xteAge=73 vt=Y(21/22) vtstat=9/973ms tc=Y drp=0mm tcq=0
[ 630.845] [ISOBUS] addr=0x81 claimed=Y load=16.3% msgs=310 aiso=9(87426ms) xte=-139.53m spd=0.00m/s q=0 ggaAge=74 vtgAge=74 xteAge=73 vt=Y(21/22) vtstat=10/975ms tc=Y drp=0mm tcq=0
[ 631.854] [ISOBUS] addr=0x81 claimed=Y load=19.8% msgs=341 aiso=10(88426ms) xte=-139.53m spd=0.00m/s q=0 ggaAge=74 vtgAge=74 xteAge=73 vt=Y(21/22) vtstat=11/974ms tc=Y drp=0mm tcq=0
[ 632.864] [ISOBUS] addr=0x81 claimed=Y load=19.8% msgs=372 aiso=11(89426ms) xte=-139.53m spd=0.00m/s q=0 ggaAge=73 vtgAge=73 xteAge=72 vt=Y(21/22) vtstat=12/972ms tc=Y drp=0mm tcq=0
[ 633.870] [ISOBUS] addr=0x81 claimed=Y load=19.8% msgs=403 aiso=12(90426ms) xte=-139.53m spd=0.00m/s q=0 ggaAge=66 vtgAge=65 xteAge=65 vt=Y(21/22) vtstat=13/975ms tc=Y drp=0mm tcq=0
[ 634.879] [ISOBUS] addr=0x81 claimed=Y load=19.8% msgs=434 aiso=13(91426ms) xte=-139.53m spd=0.00m/s q=0 ggaAge=74 vtgAge=74 xteAge=73 vt=Y(21/22) vtstat=14/975ms tc=Y drp=0mm tcq=0
[ 635.887] [ISOBUS] addr=0x81 claimed=Y load=20.6% msgs=465 aiso=14(92426ms) xte=-139.53m spd=0.00m/s q=0 ggaAge=74 vtgAge=74 xteAge=73 vt=Y(21/22) vtstat=15/973ms tc=Y drp=0mm tcq=0
[ 636.902] [ISOBUS] addr=0x81 claimed=Y load=20.8% msgs=496 aiso=15(93426ms) xte=-139.53m spd=0.00m/s q=0 ggaAge=75 vtgAge=75 xteAge=74 vt=Y(21/22) vtstat=16/973ms tc=Y drp=0mm tcq=0
[ 637.918] [ISOBUS] addr=0x81 claimed=Y load=20.4% msgs=527 aiso=16(94426ms) xte=-139.53m spd=0.00m/s q=0 ggaAge=75 vtgAge=74 xteAge=74 vt=Y(21/22) vtstat=17/972ms tc=Y drp=0mm tcq=0
[ 638.924] [ISOBUS] addr=0x81 claimed=Y load=18.6% msgs=558 aiso=17(95426ms) xte=-139.53m spd=0.00m/s q=0 ggaAge=75 vtgAge=74 xteAge=74 vt=Y(21/22) vtstat=18/972ms tc=Y drp=0mm tcq=0
[ 639.937] [ISOBUS] addr=0x81 claimed=Y load=20.4% msgs=589 aiso=18(96426ms) xte=-139.53m spd=0.00m/s q=0 ggaAge=74 vtgAge=73 xteAge=73 vt=Y(21/22) vtstat=19/975ms tc=Y drp=0mm tcq=0
[ 640.292] I] [NM]: Control function with address 43 and NAME 000000000000000lx is now offline on channel 203452081.
[ 640.292] I] [NM]: Control function with address 128 and NAME 000000000000000lx is now offline on channel 203452081.
[ 640.292] I] [NM]: Control function with address 205 and NAME 000000000000000lx is now offline on channel 198344577.
[ 640.292] I] [NM]: Control function with address 233 and NAME 000000000000000lx is now offline on channel 203452081.
[ 640.670] I] [NM]: Control function with address 240 and NAME 000000000000000lx is now offline on channel 197783967.
[ 640.670] I] [NM]: Control function with address 245 and NAME 000000000000000lx is now offline on channel 203452081.
[ 640.670] I] [NM]: Control function with address 247 and NAME 000000000000000lx is now offline on channel 203452081.
[ 640.670] I] [NM]: External control function with name 000000000000000lx has claimed address 203452081 on channel 2147516672.
[ 640.670] I] [NM]: External control function with name 000000000000000lx has claimed address 203452081 on channel 2147516416.
[ 640.678] I] [NM]: External control function with name 000000000000000lx has claimed address 203452081 on channel 536903720.
[ 640.678] I] [NM]: Partnered control function with name 000000000000000lx has claimed address 203452081 on channel 2684387840.
[ 640.685] I] [NM]: Partnered control function with name 000000000000000lx has claimed address 203452081 on channel 2147491072.
[ 640.685] I] [NM]: External control function with name 000000000000000lx has claimed address 198344577 on channel 2684363008.
[ 641.429] I] [NM]: External control function with name 000000000000000lx has claimed address 197783967 on channel 2684388864.
[ 641.429] [ISOBUS] addr=0x81 claimed=Y load=20.6% msgs=620 aiso=19(97426ms) xte=-139.53m spd=0.00m/s q=0 ggaAge=74 vtgAge=73 xteAge=73 vt=Y(21/22) vtstat=20/975ms tc=Y drp=0mm tcq=0
[ 641.429] I] [NM]: Control function with address 128 and NAME 000000000000000lx is now offline on channel 203452081.
[ 641.429] I] [NM]: Control function with address 205 and NAME 000000000000000lx is now offline on channel 198344577.
[ 641.429] I] [NM]: Control function with address 233 and NAME 000000000000000lx is now offline on channel 203452081.
[ 641.429] I] [NM]: Control function with address 240 and NAME 000000000000000lx is now offline on channel 197783967.
[ 641.429] I] [NM]: Control function with address 245 and NAME 000000000000000lx is now offline on channel 203452081.
[ 641.529] I] [NM]: Control function with address 247 and NAME 000000000000000lx is now offline on channel 203452081.
[ 641.529] I] [NM]: External control function with name 000000000000000lx has claimed address 203452081 on channel 2147516416.
[ 641.529] I] [NM]: External control function with name 000000000000000lx has claimed address 203452081 on channel 536903720.
[ 641.529] I] [NM]: Partnered control function with name 000000000000000lx has claimed address 203452081 on channel 2684387840.
[ 641.536] I] [NM]: Partnered control function with name 000000000000000lx has claimed address 203452081 on channel 2147491072.
[ 641.537] I] [NM]: External control function with name 000000000000000lx has claimed address 198344577 on channel 2684363008.
[ 642.282] I] [NM]: External control function with name 000000000000000lx has claimed address 197783967 on channel 2684388864.
[ 642.282] [ISOBUS] addr=0x81 claimed=Y load=20.9% msgs=651 aiso=20(98426ms) xte=-139.53m spd=0.00m/s q=0 ggaAge=74 vtgAge=73 xteAge=72 vt=Y(21/22) vtstat=21/973ms tc=Y drp=0mm tcq=0
[ 642.282] I] [NM]: Control function with address 128 and NAME 000000000000000lx is now offline on channel 203452081.
[ 642.282] I] [NM]: Control function with address 205 and NAME 000000000000000lx is now offline on channel 198344577.
[ 642.284] I] [NM]: Control function with address 233 and NAME 000000000000000lx is now offline on channel 203452081.
[ 642.284] I] [NM]: Control function with address 240 and NAME 000000000000000lx is now offline on channel 197783967.
[ 642.284] I] [NM]: Control function with address 245 and NAME 000000000000000lx is now offline on channel 203452081.
[ 642.712] I] [NM]: Control function with address 247 and NAME 000000000000000lx is now offline on channel 203452081.
[ 642.712] I] [NM]: External control function with name 000000000000000lx has claimed address 198344577 on channel 2684363008.
[ 643.296] W] [TP]: Received a Request to Send (RTS) message with a global destination, ignoring
[ 643.296] [ISOBUS] addr=0x81 claimed=Y load=20.8% msgs=682 aiso=21(99426ms) xte=-139.53m spd=0.00m/s q=0 ggaAge=74 vtgAge=74 xteAge=73 vt=Y(21/22) vtstat=23/672ms tc=Y drp=0mm tcq=0
[ 643.296] I] [NM]: Control function with address 38 and NAME 000000000000000lx is now offline on channel 197275905.
[ 643.296] I] [NM]: Control function with address 43 and NAME 000000000000000lx is now offline on channel 203452081.
[ 643.805] I] [NM]: Control function with address 172 and NAME 000000000000000lx is now offline on channel 197275905.
[ 643.815] I] [NM]: Control function with address 205 and NAME 000000000000000lx is now offline on channel 198344577.
[ 643.815] I] [NM]: External control function with name 000000000000000lx has claimed address 197275905 on channel 536876800.
[ 644.293] [ISOBUS] addr=0x81 claimed=Y load=20.4% msgs=713 aiso=22(100426ms) xte=-139.53m spd=0.00m/s q=0 ggaAge=74 vtgAge=73 xteAge=73 vt=Y(21/22) vtstat=24/670ms tc=Y drp=0mm tcq=0
[ 645.299] I] [NM]: Control function with address 172 and NAME 000000000000000lx is now offline on channel 197275905.
[ 645.299] E] [TC]: Server Status Message Timeout. The TC may be offline.
[ 645.299] [ISOBUS] addr=0x81 claimed=Y load=20.2% msgs=750 aiso=23(101426ms) xte=-139.53m spd=0.00m/s q=0 ggaAge=75 vtgAge=74 xteAge=73 vt=Y(21/22) vtstat=24/1670ms tc=N drp=0mm tcq=0
[ 645.814] W] [PR]: NACK-ing PGN request for PGN 60928 because no callback could handle it.
[ 645.814] I] [NM]: External control function with name 000000000000000lx has claimed address 197275905 on channel 536876800.
[ 646.808] [ISOBUS] addr=0x81 claimed=Y load=19.9% msgs=781 aiso=24(102426ms) xte=-139.53m spd=0.00m/s q=0 ggaAge=75 vtgAge=74 xteAge=74 vt=Y(21/22) vtstat=24/2670ms tc=N drp=0mm tcq=0
[ 646.808] E] [VT]: Status Timeout
[ 646.808] I] [NM]: Control function with address 172 and NAME 000000000000000lx is now offline on channel 197275905.
[ 647.545] [ISOBUS] addr=0x81 claimed=Y load=19.7% msgs=812 aiso=25(103426ms) xte=-139.53m spd=0.00m/s q=0 ggaAge=75 vtgAge=75 xteAge=74 vt=N(0/22) vtstat=24/3670ms tc=N drp=0mm tcq=0
[ 647.545] W] [PR]: NACK-ing PGN request for PGN 60928 because no callback could handle it.
[ 647.815] I] [NM]: External control function with name 000000000000000lx has claimed address 197275905 on channel 536876800.
[ 648.809] [ISOBUS] addr=0x81 claimed=Y load=19.8% msgs=843 aiso=26(104426ms) xte=-139.53m spd=0.00m/s q=0 ggaAge=75 vtgAge=74 xteAge=73 vt=N(0/22) vtstat=24/4670ms tc=N drp=0mm tcq=0
[ 648.809] I] [NM]: Control function with address 172 and NAME 000000000000000lx is now offline on channel 197275905.
[ 649.808] [ISOBUS] addr=0x81 claimed=Y load=19.5% msgs=874 aiso=27(105426ms) xte=-139.53m spd=0.00m/s q=0 ggaAge=74 vtgAge=74 xteAge=73 vt=N(0/22) vtstat=24/5670ms tc=N drp=0mm tcq=0
[ 649.808] W] [PR]: NACK-ing PGN request for PGN 60928 because no callback could handle it.
[ 649.808] I] [NM]: External control function with name 000000000000000lx has claimed address 197275905 on channel 536876800.
[ 650.293] [ISOBUS] addr=0x81 claimed=Y load=19.7% msgs=905 aiso=28(106426ms) xte=-139.53m spd=0.00m/s q=0 ggaAge=74 vtgAge=74 xteAge=73 vt=N(0/22) vtstat=24/6670ms tc=N drp=0mm tcq=0
[ 651.297] I] [NM]: Control function with address 172 and NAME 000000000000000lx is now offline on channel 197275905.
[ 651.297] [ISOBUS] addr=0x81 claimed=Y load=19.6% msgs=936 aiso=29(107426ms) xte=-139.53m spd=0.00m/s q=0 ggaAge=75 vtgAge=74 xteAge=74 vt=N(0/22) vtstat=24/7670ms tc=N drp=0mm tcq=0
[ 651.545] W] [PR]: NACK-ing PGN request for PGN 60928 because no callback could handle it.
[ 651.545] I] [NM]: External control function with name 000000000000000lx has claimed address 198344577 on channel 2684363008.
[ 651.810] I] [NM]: External control function with name 000000000000000lx has claimed address 197275905 on channel 536876800.
[ 651.810] W] [TP]: Received a Request to Send (RTS) message with a global destination, ignoring
[ 652.295] [ISOBUS] addr=0x81 claimed=Y load=19.9% msgs=967 aiso=30(108426ms) xte=-139.53m spd=0.00m/s q=0 ggaAge=74 vtgAge=73 xteAge=72 vt=N(0/22) vtstat=24/8670ms tc=N drp=0mm tcq=0
[ 652.295] I] [NM]: Control function with address 172 and NAME 000000000000000lx is now offline on channel 197275905.
[ 653.296] I] [NM]: Control function with address 205 and NAME 000000000000000lx is now offline on channel 198344577.
[ 653.296] [ISOBUS] addr=0x81 claimed=Y load=19.4% msgs=998 aiso=31(109426ms) xte=-139.53m spd=0.00m/s q=0 ggaAge=75 vtgAge=74 xteAge=74 vt=N(0/22) vtstat=24/9670ms tc=N drp=0mm tcq=0
[ 653.815] W] [PR]: NACK-ing PGN request for PGN 60928 because no callback could handle it.
[ 653.815] I] [NM]: External control function with name 000000000000000lx has claimed address 197275905 on channel 536876800.
[ 654.810] [ISOBUS] addr=0x81 claimed=Y load=19.7% msgs=1029 aiso=32(110426ms) xte=-139.53m spd=0.00m/s q=0 ggaAge=74 vtgAge=74 xteAge=73 vt=N(0/22) vtstat=24/10670ms tc=N drp=0mm tcq=0
[ 654.810] I] [NM]: Control function with address 172 and NAME 000000000000000lx is now offline on channel 197275905.
[ 655.541] [ISOBUS] addr=0x81 claimed=Y load=19.6% msgs=1060 aiso=33(111426ms) xte=-139.53m spd=0.00m/s q=0 ggaAge=75 vtgAge=74 xteAge=73 vt=N(0/22) vtstat=24/11670ms tc=N drp=0mm tcq=0
[ 655.541] W] [PR]: NACK-ing PGN request for PGN 60928 because no callback could handle it.
[ 655.814] I] [NM]: External control function with name 000000000000000lx has claimed address 197275905 on channel 536876800.
[ 656.748] [ISOBUS] addr=0x81 claimed=Y load=19.7% msgs=1091 aiso=34(112426ms) xte=-139.53m spd=0.00m/s q=0 ggaAge=75 vtgAge=74 xteAge=74 vt=N(0/22) vtstat=24/12670ms tc=N drp=0mm tcq=0
[ 656.748] I] [NM]: Control function with address 172 and NAME 000000000000000lx is now offline on channel 197275905.
[ 656.748] I] [NM]: External control function with name 000000000000000lx has claimed address 198344577 on channel 2684363008.
[ 657.291] W] [TP]: Received a Request to Send (RTS) message with a global destination, ignoring
[ 657.291] [ISOBUS] addr=0x81 claimed=Y load=19.7% msgs=1122 aiso=35(113426ms) xte=-139.53m spd=0.00m/s q=0 ggaAge=74 vtgAge=74 xteAge=73 vt=N(0/22) vtstat=24/13670ms tc=N drp=0mm tcq=0
[ 657.804] I] [NM]: Control function with address 205 and NAME 000000000000000lx is now offline on channel 198344577.
[ 657.804] I] [NM]: External control function with name 000000000000000lx has claimed address 197275905 on channel 536876800.
[ 658.804] [ISOBUS] addr=0x81 claimed=Y load=19.5% msgs=1153 aiso=36(114426ms) xte=-139.53m spd=0.00m/s q=0 ggaAge=75 vtgAge=74 xteAge=73 vt=N(0/22) vtstat=24/14670ms tc=N drp=0mm tcq=0
[ 658.804] I] [NM]: Control function with address 172 and NAME 000000000000000lx is now offline on channel 197275905.
[ 659.548] [ISOBUS] addr=0x81 claimed=Y load=19.6% msgs=1184 aiso=37(115426ms) xte=-139.53m spd=0.00m/s q=0 ggaAge=74 vtgAge=74 xteAge=73 vt=N(0/22) vtstat=24/15670ms tc=N drp=0mm tcq=0
[ 659.548] W] [PR]: NACK-ing PGN request for PGN 60928 because no callback could handle it.
[ 659.813] I] [NM]: External control function with name 000000000000000lx has claimed address 197275905 on channel 536876800.
[ 660.588] [ISOBUS] addr=0x81 claimed=Y load=19.7% msgs=1215 aiso=38(116426ms) xte=-139.53m spd=0.00m/s q=0 ggaAge=75 vtgAge=74 xteAge=74 vt=N(0/22) vtstat=24/16670ms tc=N drp=0mm tcq=0
[ 660.588] I] [NM]: Control function with address 172 and NAME 000000000000000lx is now offline on channel 197275905.
[ 660.588] I] [NM]: External control function with name 000000000000000lx has claimed address 198344577 on channel 2684363008.
[ 661.296] W] [TP]: Received a Request to Send (RTS) message with a global destination, ignoring
[ 661.296] [ISOBUS] addr=0x81 claimed=Y load=19.7% msgs=1246 aiso=39(117426ms) xte=-139.53m spd=0.00m/s q=0 ggaAge=73 vtgAge=73 xteAge=72 vt=N(0/22) vtstat=24/17670ms tc=N drp=0mm tcq=0
[ 661.812] I] [NM]: Control function with address 205 and NAME 000000000000000lx is now offline on channel 198344577.
[ 661.812] I] [NM]: External control function with name 000000000000000lx has claimed address 197275905 on channel 536876800.
[ 662.815] [ISOBUS] addr=0x81 claimed=Y load=19.5% msgs=1277 aiso=40(118426ms) xte=-139.53m spd=0.00m/s q=0 ggaAge=74 vtgAge=74 xteAge=73 vt=N(0/22) vtstat=24/18670ms tc=N drp=0mm tcq=0
[ 662.815] I] [NM]: Control function with address 172 and NAME 000000000000000lx is now offline on channel 197275905.
[ 663.543] [ISOBUS] addr=0x81 claimed=Y load=19.6% msgs=1308 aiso=41(119426ms) xte=-139.53m spd=0.00m/s q=0 ggaAge=74 vtgAge=73 xteAge=73 vt=N(0/22) vtstat=24/19670ms tc=N drp=0mm tcq=0
[ 663.815] W] [PR]: NACK-ing PGN request for PGN 60928 because no callback could handle it.
[ 663.815] I] [NM]: External control function with name 000000000000000lx has claimed address 197275905 on channel 536876800.
[ 664.814] [ISOBUS] addr=0x81 claimed=Y load=19.7% msgs=1339 aiso=42(120426ms) xte=-139.53m spd=0.00m/s q=0 ggaAge=74 vtgAge=74 xteAge=73 vt=N(0/22) vtstat=24/20670ms tc=N drp=0mm tcq=0
[ 664.814] I] [NM]: Control function with address 172 and NAME 000000000000000lx is now offline on channel 197275905.
[ 665.544] [ISOBUS] addr=0x81 claimed=Y load=19.5% msgs=1370 aiso=43(121426ms) xte=-139.53m spd=0.00m/s q=0 ggaAge=74 vtgAge=73 xteAge=73 vt=N(0/22) vtstat=24/21670ms tc=N drp=0mm tcq=0
[ 665.544] W] [PR]: NACK-ing PGN request for PGN 60928 because no callback could handle it.
[ 665.711] I] [NM]: External control function with name 000000000000000lx has claimed address 198344577 on channel 2684363008.
[ 665.711] I] [NM]: External control function with name 000000000000000lx has claimed address 197275905 on channel 536876800.
[ 665.711] W] [TP]: Received an Abort message with a global destination, ignoring
[ 666.294] W] [TP]: Received a Request to Send (RTS) message with a global destination, ignoring
[ 666.294] [ISOBUS] addr=0x81 claimed=Y load=19.9% msgs=1401 aiso=44(122426ms) xte=-139.53m spd=0.00m/s q=0 ggaAge=74 vtgAge=74 xteAge=73 vt=N(0/22) vtstat=24/22670ms tc=N drp=0mm tcq=0
[ 666.815] I] [NM]: Control function with address 172 and NAME 000000000000000lx is now offline on channel 197275905.
[ 666.815] I] [NM]: Control function with address 205 and NAME 000000000000000lx is now offline on channel 198344577.
[ 667.545] [ISOBUS] addr=0x81 claimed=Y load=19.3% msgs=1432 aiso=45(123426ms) xte=-139.53m spd=0.00m/s q=0 ggaAge=74 vtgAge=73 xteAge=72 vt=N(0/22) vtstat=24/23670ms tc=N drp=0mm tcq=0
[ 667.545] W] [PR]: NACK-ing PGN request for PGN 60928 because no callback could handle it.
[ 668.297] I] [NM]: External control function with name 000000000000000lx has claimed address 197275905 on channel 536876800.
[ 668.297] [ISOBUS] addr=0x81 claimed=Y load=19.6% msgs=1463 aiso=46(124426ms) xte=-139.53m spd=0.00m/s q=0 ggaAge=73 vtgAge=73 xteAge=72 vt=N(0/22) vtstat=24/24670ms tc=N drp=0mm tcq=0
[ 669.298] I] [NM]: Control function with address 172 and NAME 000000000000000lx is now offline on channel 197275905.
[ 669.298] [ISOBUS] addr=0x81 claimed=Y load=19.5% msgs=1494 aiso=47(125426ms) xte=-139.53m spd=0.00m/s q=0 ggaAge=73 vtgAge=73 xteAge=72 vt=N(0/22) vtstat=24/25670ms tc=N drp=0mm tcq=0
[ 669.811] W] [PR]: NACK-ing PGN request for PGN 60928 because no callback could handle it.
[ 669.811] I] [NM]: External control function with name 000000000000000lx has claimed address 197275905 on channel 536876800.
[ 670.807] [ISOBUS] addr=0x81 claimed=Y load=19.7% msgs=1525 aiso=48(126426ms) xte=-135.69m spd=0.00m/s q=0 ggaAge=75 vtgAge=74 xteAge=73 vt=N(0/22) vtstat=24/26670ms tc=N drp=0mm tcq=0
[ 670.807] I] [NM]: Control function with address 172 and NAME 000000000000000lx is now offline on channel 197275905.
[ 671.538] [ISOBUS] addr=0x81 claimed=Y load=19.3% msgs=1556 aiso=49(127426ms) xte=-135.69m spd=0.00m/s q=0 ggaAge=75 vtgAge=74 xteAge=74 vt=N(0/22) vtstat=24/27670ms tc=N drp=0mm tcq=0
[ 671.538] W] [PR]: NACK-ing PGN request for PGN 60928 because no callback could handle it.
[ 671.814] I] [NM]: External control function with name 000000000000000lx has claimed address 197275905 on channel 536876800.
[ 672.811] [ISOBUS] addr=0x81 claimed=Y load=19.6% msgs=1587 aiso=50(128426ms) xte=-135.69m spd=0.00m/s q=0 ggaAge=74 vtgAge=73 xteAge=73 vt=N(0/22) vtstat=24/28670ms tc=N drp=0mm tcq=0
[ 672.811] I] [NM]: Control function with address 172 and NAME 000000000000000lx is now offline on channel 197275905.
[ 673.814] [ISOBUS] addr=0x81 claimed=Y load=19.4% msgs=1618 aiso=51(129426ms) xte=-135.69m spd=0.00m/s q=0 ggaAge=75 vtgAge=74 xteAge=73 vt=N(0/22) vtstat=24/29670ms tc=N drp=0mm tcq=0
[ 673.814] W] [PR]: NACK-ing PGN request for PGN 60928 because no callback could handle it.
[ 673.814] I] [NM]: External control function with name 000000000000000lx has claimed address 197275905 on channel 536876800.
[ 674.299] [ISOBUS] addr=0x81 claimed=Y load=19.6% msgs=1649 aiso=52(130426ms) xte=-135.69m spd=0.00m/s q=0 ggaAge=75 vtgAge=74 xteAge=74 vt=N(0/22) vtstat=24/30670ms tc=N drp=0mm tcq=0
[ 674.816] I] [NM]: Control function with address 172 and NAME 000000000000000lx is now offline on channel 197275905.
[ 674.816] I] [NM]: External control function with name 000000000000000lx has claimed address 198344577 on channel 2684363008.
[ 675.542] [ISOBUS] addr=0x81 claimed=Y load=19.4% msgs=1680 aiso=53(131426ms) xte=-135.69m spd=0.00m/s q=0 ggaAge=75 vtgAge=74 xteAge=73 vt=N(0/22) vtstat=24/31670ms tc=N drp=0mm tcq=0
[ 675.542] I] [NM]: Control function with address 205 and NAME 000000000000000lx is now offline on channel 198344577.
[ 676.291] I] [NM]: External control function with name 000000000000000lx has claimed address 197275905 on channel 536876800.
[ 676.291] [ISOBUS] addr=0x81 claimed=Y load=19.3% msgs=1711 aiso=54(132426ms) xte=-135.69m spd=0.00m/s q=0 ggaAge=74 vtgAge=73 xteAge=73 vt=N(0/22) vtstat=24/32670ms tc=N drp=0mm tcq=0
[ 676.815] I] [NM]: Control function with address 172 and NAME 000000000000000lx is now offline on channel 197275905.
[ 676.815] I] [NM]: External control function with name 000000000000000lx has claimed address 198344577 on channel 2684363008.
[ 677.538] [ISOBUS] addr=0x81 claimed=Y load=19.4% msgs=1742 aiso=55(133426ms) xte=-135.69m spd=0.00m/s q=0 ggaAge=74 vtgAge=73 xteAge=73 vt=N(0/22) vtstat=24/33670ms tc=N drp=0mm tcq=0
[ 677.538] I] [NM]: Control function with address 205 and NAME 000000000000000lx is now offline on channel 198344577.
[ 678.297] I] [NM]: External control function with name 000000000000000lx has claimed address 197275905 on channel 536876800.
[ 678.297] [ISOBUS] addr=0x81 claimed=Y load=19.3% msgs=1773 aiso=56(134426ms) xte=-135.69m spd=0.00m/s q=0 ggaAge=73 vtgAge=72 xteAge=72 vt=N(0/22) vtstat=24/34670ms tc=N drp=0mm tcq=0
[ 678.815] I] [NM]: Control function with address 172 and NAME 000000000000000lx is now offline on channel 197275905.
[ 678.815] I] [NM]: External control function with name 000000000000000lx has claimed address 198344577 on channel 2684363008.
[ 679.549] [ISOBUS] addr=0x81 claimed=Y load=19.4% msgs=1804 aiso=57(135426ms) xte=-135.69m spd=0.00m/s q=0 ggaAge=73 vtgAge=73 xteAge=72 vt=N(0/22) vtstat=24/35670ms tc=N drp=0mm tcq=0
[ 679.549] I] [NM]: Control function with address 205 and NAME 000000000000000lx is now offline on channel 198344577.
[ 679.811] I] [NM]: External control function with name 000000000000000lx has claimed address 197275905 on channel 536876800.
[ 680.815] [ISOBUS] addr=0x81 claimed=Y load=19.3% msgs=1835 aiso=58(136426ms) xte=-135.69m spd=0.00m/s q=0 ggaAge=75 vtgAge=74 xteAge=73 vt=N(0/22) vtstat=24/36670ms tc=N drp=0mm tcq=0
[ 680.815] I] [NM]: Control function with address 172 and NAME 000000000000000lx is now offline on channel 197275905.
[ 680.815] I] [NM]: External control function with name 000000000000000lx has claimed address 198344577 on channel 2684363008.
[ 681.300] [ISOBUS] addr=0x81 claimed=Y load=19.4% msgs=1866 aiso=59(137426ms) xte=-135.69m spd=0.00m/s q=0 ggaAge=74 vtgAge=74 xteAge=73 vt=N(0/22) vtstat=24/37670ms tc=N drp=0mm tcq=0
[ 681.813] I] [NM]: Control function with address 205 and NAME 000000000000000lx is now offline on channel 198344577.
[ 681.813] I] [NM]: External control function with name 000000000000000lx has claimed address 197275905 on channel 536876800.
[ 682.545] [ISOBUS] addr=0x81 claimed=Y load=19.3% msgs=1897 aiso=60(138426ms) xte=-135.69m spd=0.00m/s q=0 ggaAge=75 vtgAge=74 xteAge=73 vt=N(0/22) vtstat=24/38670ms tc=N drp=0mm tcq=0
[ 682.545] I] [NM]: Control function with address 172 and NAME 000000000000000lx is now offline on channel 197275905.
[ 683.292] I] [NM]: External control function with name 000000000000000lx has claimed address 198344577 on channel 2684363008.
[ 683.292] [ISOBUS] addr=0x81 claimed=Y load=19.4% msgs=1928 aiso=61(139426ms) xte=-135.69m spd=0.00m/s q=0 ggaAge=74 vtgAge=74 xteAge=73 vt=N(0/22) vtstat=24/39670ms tc=N drp=0mm tcq=0
[ 683.812] I] [NM]: Control function with address 205 and NAME 000000000000000lx is now offline on channel 198344577.
[ 683.812] I] [NM]: External control function with name 000000000000000lx has claimed address 197275905 on channel 536876800.
[ 684.541] [ISOBUS] addr=0x81 claimed=Y load=19.3% msgs=1959 aiso=62(140426ms) xte=-135.69m spd=0.00m/s q=0 ggaAge=74 vtgAge=73 xteAge=73 vt=N(0/22) vtstat=24/40670ms tc=N drp=0mm tcq=0
[ 684.541] I] [NM]: Control function with address 172 and NAME 000000000000000lx is now offline on channel 197275905.
[ 685.291] I] [NM]: External control function with name 000000000000000lx has claimed address 198344577 on channel 2684363008.
[ 685.291] [ISOBUS] addr=0x81 claimed=Y load=19.4% msgs=1990 aiso=63(141426ms) xte=-135.69m spd=0.00m/s q=0 ggaAge=74 vtgAge=74 xteAge=73 vt=N(0/22) vtstat=24/41670ms tc=N drp=0mm tcq=0
[ 685.812] I] [NM]: Control function with address 205 and NAME 000000000000000lx is now offline on channel 198344577.
[ 685.812] I] [NM]: External control function with name 000000000000000lx has claimed address 197275905 on channel 536876800.
[ 686.553] [ISOBUS] addr=0x81 claimed=Y load=19.3% msgs=2021 aiso=64(142426ms) xte=-135.69m spd=0.00m/s q=0 ggaAge=74 vtgAge=73 xteAge=72 vt=N(0/22) vtstat=24/42670ms tc=N drp=0mm tcq=0
[ 686.553] I] [NM]: Control function with address 172 and NAME 000000000000000lx is now offline on channel 197275905.
[ 686.807] I] [NM]: External control function with name 000000000000000lx has claimed address 198344577 on channel 2684363008.
[ 687.815] [ISOBUS] addr=0x81 claimed=Y load=19.4% msgs=2052 aiso=65(143426ms) xte=-135.69m spd=0.00m/s q=0 ggaAge=75 vtgAge=74 xteAge=73 vt=N(0/22) vtstat=24/43670ms tc=N drp=0mm tcq=0
[ 687.815] I] [NM]: Control function with address 205 and NAME 000000000000000lx is now offline on channel 198344577.
[ 687.815] I] [NM]: External control function with name 000000000000000lx has claimed address 197275905 on channel 536876800.
[ 688.294] [ISOBUS] addr=0x81 claimed=Y load=19.3% msgs=2083 aiso=66(144426ms) xte=-135.69m spd=0.00m/s q=0 ggaAge=74 vtgAge=73 xteAge=73 vt=N(0/22) vtstat=24/44670ms tc=N drp=0mm tcq=0
[ 688.813] I] [NM]: Control function with address 172 and NAME 000000000000000lx is now offline on channel 197275905.
[ 688.813] I] [NM]: External control function with name 000000000000000lx has claimed address 198344577 on channel 2684363008.
[ 689.545] [ISOBUS] addr=0x81 claimed=Y load=19.4% msgs=2114 aiso=67(145426ms) xte=-135.69m spd=0.00m/s q=0 ggaAge=74 vtgAge=74 xteAge=73 vt=N(0/22) vtstat=24/45670ms tc=N drp=0mm tcq=0
[ 689.545] I] [NM]: Control function with address 205 and NAME 000000000000000lx is now offline on channel 198344577.
[ 690.298] I] [NM]: External control function with name 000000000000000lx has claimed address 197275905 on channel 536876800.
[ 690.299] [ISOBUS] addr=0x81 claimed=Y load=19.3% msgs=2145 aiso=68(146426ms) xte=-135.69m spd=0.00m/s q=0 ggaAge=74 vtgAge=74 xteAge=73 vt=N(0/22) vtstat=24/46670ms tc=N drp=0mm tcq=0
[ 690.812] I] [NM]: Control function with address 172 and NAME 000000000000000lx is now offline on channel 197275905.
[ 690.816] I] [NM]: External control function with name 000000000000000lx has claimed address 198344577 on channel 2684363008.
[ 691.551] [ISOBUS] addr=0x81 claimed=Y load=19.4% msgs=2176 aiso=69(147426ms) xte=-135.69m spd=0.00m/s q=0 ggaAge=74 vtgAge=74 xteAge=73 vt=N(0/22) vtstat=24/47670ms tc=N drp=0mm tcq=0
[ 691.551] I] [NM]: Control function with address 205 and NAME 000000000000000lx is now offline on channel 198344577.
[ 692.299] I] [NM]: External control function with name 000000000000000lx has claimed address 197275905 on channel 536876800.
[ 692.299] [ISOBUS] addr=0x81 claimed=Y load=19.3% msgs=2207 aiso=70(148426ms) xte=-135.69m spd=0.00m/s q=0 ggaAge=74 vtgAge=73 xteAge=73 vt=N(0/22) vtstat=24/48670ms tc=N drp=0mm tcq=0
[ 692.816] I] [NM]: Control function with address 172 and NAME 000000000000000lx is now offline on channel 197275905.
[ 692.816] I] [NM]: External control function with name 000000000000000lx has claimed address 198344577 on channel 2684363008.
[ 693.543] [ISOBUS] addr=0x81 claimed=Y load=19.4% msgs=2238 aiso=71(149426ms) xte=-135.69m spd=0.00m/s q=0 ggaAge=74 vtgAge=74 xteAge=73 vt=N(0/22) vtstat=24/49670ms tc=N drp=0mm tcq=0
[ 693.543] I] [NM]: Control function with address 205 and NAME 000000000000000lx is now offline on channel 198344577.
[ 693.813] I] [NM]: External control function with name 000000000000000lx has claimed address 197275905 on channel 536876800.
[ 694.813] [ISOBUS] addr=0x81 claimed=Y load=19.2% msgs=2269 aiso=72(150426ms) xte=-135.69m spd=0.00m/s q=0 ggaAge=74 vtgAge=73 xteAge=73 vt=N(0/22) vtstat=24/50670ms tc=N drp=0mm tcq=0
[ 694.813] I] [NM]: Control function with address 172 and NAME 000000000000000lx is now offline on channel 197275905.
[ 694.813] I] [NM]: External control function with name 000000000000000lx has claimed address 198344577 on channel 2684363008.
[ 695.299] [ISOBUS] addr=0x81 claimed=Y load=19.4% msgs=2300 aiso=73(151426ms) xte=-135.69m spd=0.00m/s q=0 ggaAge=74 vtgAge=73 xteAge=73 vt=N(0/22) vtstat=24/51670ms tc=N drp=0mm tcq=0
[ 695.816] I] [NM]: Control function with address 205 and NAME 000000000000000lx is now offline on channel 198344577.
[ 695.816] I] [NM]: External control function with name 000000000000000lx has claimed address 197275905 on channel 536876800.
[ 696.543] [ISOBUS] addr=0x81 claimed=Y load=19.3% msgs=2331 aiso=74(152426ms) xte=-135.69m spd=0.00m/s q=0 ggaAge=74 vtgAge=73 xteAge=73 vt=N(0/22) vtstat=24/52670ms tc=N drp=0mm tcq=0
[ 696.543] I] [NM]: Control function with address 172 and NAME 000000000000000lx is now offline on channel 197275905.
[ 697.292] I] [NM]: External control function with name 000000000000000lx has claimed address 198344577 on channel 2684363008.
[ 697.292] [ISOBUS] addr=0x81 claimed=Y load=19.4% msgs=2362 aiso=75(153426ms) xte=-135.69m spd=0.00m/s q=0 ggaAge=74 vtgAge=74 xteAge=73 vt=N(0/22) vtstat=24/53670ms tc=N drp=0mm tcq=0
[ 697.814] I] [NM]: Control function with address 205 and NAME 000000000000000lx is now offline on channel 198344577.
[ 697.814] I] [NM]: External control function with name 000000000000000lx has claimed address 197275905 on channel 536876800.
[ 698.548] [ISOBUS] addr=0x81 claimed=Y load=19.3% msgs=2393 aiso=76(154426ms) xte=-135.69m spd=0.00m/s q=0 ggaAge=74 vtgAge=73 xteAge=73 vt=N(0/22) vtstat=24/54670ms tc=N drp=0mm tcq=0
[ 698.548] I] [NM]: Control function with address 172 and NAME 000000000000000lx is now offline on channel 197275905.
[ 699.299] I] [NM]: External control function with name 000000000000000lx has claimed address 198344577 on channel 2684363008.
[ 699.299] [ISOBUS] addr=0x81 claimed=Y load=19.4% msgs=2424 aiso=77(155426ms) xte=-135.69m spd=0.00m/s q=0 ggaAge=74 vtgAge=73 xteAge=73 vt=N(0/22) vtstat=24/55670ms tc=N drp=0mm tcq=0
[ 699.815] I] [NM]: Control function with address 205 and NAME 000000000000000lx is now offline on channel 198344577.
[ 699.815] I] [NM]: External control function with name 000000000000000lx has claimed address 197275905 on channel 536876800.
[ 700.542] [ISOBUS] addr=0x81 claimed=Y load=19.3% msgs=2455 aiso=78(156426ms) xte=-135.69m spd=0.00m/s q=0 ggaAge=74 vtgAge=73 xteAge=73 vt=N(0/22) vtstat=24/56670ms tc=N drp=0mm tcq=0
[ 700.542] I] [NM]: Control function with address 172 and NAME 000000000000000lx is now offline on channel 197275905.
[ 700.816] I] [NM]: External control function with name 000000000000000lx has claimed address 198344577 on channel 2684363008.
[ 701.810] [ISOBUS] addr=0x81 claimed=Y load=19.4% msgs=2486 aiso=79(157426ms) xte=-135.69m spd=0.00m/s q=0 ggaAge=74 vtgAge=74 xteAge=73 vt=N(0/22) vtstat=24/57670ms tc=N drp=0mm tcq=0
[ 701.816] I] [NM]: Control function with address 205 and NAME 000000000000000lx is now offline on channel 198344577.
[ 701.816] I] [NM]: External control function with name 000000000000000lx has claimed address 197275905 on channel 536876800.
[ 702.295] [ISOBUS] addr=0x81 claimed=Y load=19.3% msgs=2517 aiso=80(158426ms) xte=-135.69m spd=0.00m/s q=0 ggaAge=74 vtgAge=73 xteAge=73 vt=N(0/22) vtstat=24/58670ms tc=N drp=0mm tcq=0
[ 702.813] I] [NM]: Control function with address 172 and NAME 000000000000000lx is now offline on channel 197275905.
[ 702.813] I] [NM]: External control function with name 000000000000000lx has claimed address 198344577 on channel 2684363008.
[ 703.541] [ISOBUS] addr=0x81 claimed=Y load=19.4% msgs=2548 aiso=81(159426ms) xte=-135.69m spd=0.00m/s q=0 ggaAge=74 vtgAge=73 xteAge=65 vt=N(0/22) vtstat=24/59670ms tc=N drp=0mm tcq=0
[ 703.541] I] [NM]: Control function with address 205 and NAME 000000000000000lx is now offline on channel 198344577.
[ 704.300] I] [NM]: External control function with name 000000000000000lx has claimed address 197275905 on channel 536876800.
[ 704.300] [ISOBUS] addr=0x81 claimed=Y load=19.3% msgs=2579 aiso=82(160426ms) xte=-135.69m spd=0.00m/s q=0 ggaAge=74 vtgAge=73 xteAge=72 vt=N(0/22) vtstat=24/60670ms tc=N drp=0mm tcq=0
[ 704.811] I] [NM]: Control function with address 172 and NAME 000000000000000lx is now offline on channel 197275905.
[ 704.811] I] [NM]: External control function with name 000000000000000lx has claimed address 198344577 on channel 2684363008.
[ 705.550] [ISOBUS] addr=0x81 claimed=Y load=19.4% msgs=2610 aiso=83(161426ms) xte=-135.69m spd=0.00m/s q=0 ggaAge=74 vtgAge=73 xteAge=73 vt=N(0/22) vtstat=24/61670ms tc=N drp=0mm tcq=0
[ 705.550] I] [NM]: Control function with address 205 and NAME 000000000000000lx is now offline on channel 198344577.
[ 706.290] I] [NM]: External control function with name 000000000000000lx has claimed address 197275905 on channel 536876800.
[ 706.290] [ISOBUS] addr=0x81 claimed=Y load=19.3% msgs=2641 aiso=84(162426ms) xte=-135.69m spd=0.00m/s q=0 ggaAge=74 vtgAge=73 xteAge=72 vt=N(0/22) vtstat=24/62670ms tc=N drp=0mm tcq=0
[ 706.815] I] [NM]: Control function with address 172 and NAME 000000000000000lx is now offline on channel 197275905.
[ 706.841] I] [NM]: External control function with name 000000000000000lx has claimed address 198344577 on channel 2684363008.
[ 707.550] [ISOBUS] addr=0x81 claimed=Y load=19.4% msgs=2672 aiso=85(163426ms) xte=-135.69m spd=0.00m/s q=0 ggaAge=74 vtgAge=73 xteAge=72 vt=N(0/22) vtstat=24/63670ms tc=N drp=0mm tcq=0
[ 707.550] I] [NM]: Control function with address 205 and NAME 000000000000000lx is now offline on channel 198344577.
[ 708.294] I] [NM]: External control function with name 000000000000000lx has claimed address 197275905 on channel 536876800.
[ 708.294] [ISOBUS] addr=0x81 claimed=Y load=19.3% msgs=2703 aiso=86(164426ms) xte=-135.69m spd=0.00m/s q=0 ggaAge=74 vtgAge=73 xteAge=73 vt=N(0/22) vtstat=24/64670ms tc=N drp=0mm tcq=0
[ 708.812] I] [NM]: Control function with address 172 and NAME 000000000000000lx is now offline on channel 197275905.
[ 708.812] I] [NM]: External control function with name 000000000000000lx has claimed address 198344577 on channel 2684363008.
[ 709.549] [ISOBUS] addr=0x81 claimed=Y load=19.4% msgs=2734 aiso=87(165426ms) xte=-135.69m spd=0.00m/s q=0 ggaAge=74 vtgAge=73 xteAge=73 vt=N(0/22) vtstat=24/65670ms tc=N drp=0mm tcq=0
[ 709.565] I] [NM]: Control function with address 205 and NAME 000000000000000lx is now offline on channel 198344577.
[ 709.816] I] [NM]: External control function with name 000000000000000lx has claimed address 197275905 on channel 536876800.
[ 710.817] [ISOBUS] addr=0x81 claimed=Y load=19.3% msgs=2765 aiso=88(166426ms) xte=-135.69m spd=0.00m/s q=0 ggaAge=74 vtgAge=74 xteAge=73 vt=N(0/22) vtstat=24/66670ms tc=N drp=0mm tcq=0
[ 710.817] I] [NM]: Control function with address 172 and NAME 000000000000000lx is now offline on channel 197275905.
[ 710.817] I] [NM]: External control function with name 000000000000000lx has claimed address 198344577 on channel 2684363008.
[ 711.297] [ISOBUS] addr=0x81 claimed=Y load=19.4% msgs=2796 aiso=89(167426ms) xte=-135.69m spd=0.00m/s q=0 ggaAge=74 vtgAge=73 xteAge=73 vt=N(0/22) vtstat=24/67670ms tc=N drp=0mm tcq=0
[ 711.815] I] [NM]: Control function with address 205 and NAME 000000000000000lx is now offline on channel 198344577.
[ 711.815] I] [NM]: External control function with name 000000000000000lx has claimed address 197275905 on channel 536876800.
[ 712.544] [ISOBUS] addr=0x81 claimed=Y load=19.3% msgs=2827 aiso=90(168426ms) xte=-135.69m spd=0.00m/s q=0 ggaAge=74 vtgAge=73 xteAge=73 vt=N(0/22) vtstat=24/68670ms tc=N drp=0mm tcq=0
[ 712.546] I] [NM]: Control function with address 172 and NAME 000000000000000lx is now offline on channel 197275905.
[ 713.296] I] [NM]: External control function with name 000000000000000lx has claimed address 198344577 on channel 2684363008.
[ 713.296] [ISOBUS] addr=0x81 claimed=Y load=19.4% msgs=2858 aiso=91(169426ms) xte=-135.69m spd=0.00m/s q=0 ggaAge=74 vtgAge=73 xteAge=73 vt=N(0/22) vtstat=24/69670ms tc=N drp=0mm tcq=0
[ 713.811] I] [NM]: Control function with address 205 and NAME 000000000000000lx is now offline on channel 198344577.
[ 713.811] I] [NM]: External control function with name 000000000000000lx has claimed address 197275905 on channel 536876800.
[ 714.543] [ISOBUS] addr=0x81 claimed=Y load=19.3% msgs=2889 aiso=92(170426ms) xte=-135.69m spd=0.00m/s q=0 ggaAge=74 vtgAge=73 xteAge=73 vt=N(0/22) vtstat=24/70670ms tc=N drp=0mm tcq=0
[ 714.543] I] [NM]: Control function with address 172 and NAME 000000000000000lx is now offline on channel 197275905.
[ 715.296] I] [NM]: External control function with name 000000000000000lx has claimed address 198344577 on channel 2684363008.
[ 715.298] [ISOBUS] addr=0x81 claimed=Y load=19.4% msgs=2920 aiso=93(171426ms) xte=-135.69m spd=0.00m/s q=0 ggaAge=74 vtgAge=73 xteAge=73 vt=N(0/22) vtstat=24/71670ms tc=N drp=0mm tcq=0
[ 715.814] I] [NM]: Control function with address 205 and NAME 000000000000000lx is now offline on channel 198344577.
[ 715.814] I] [NM]: External control function with name 000000000000000lx has claimed address 197275905 on channel 536876800.
[ 716.549] [ISOBUS] addr=0x81 claimed=Y load=19.3% msgs=2951 aiso=94(172426ms) xte=-135.69m spd=0.00m/s q=0 ggaAge=74 vtgAge=74 xteAge=73 vt=N(0/22) vtstat=24/72670ms tc=N drp=0mm tcq=0
[ 716.549] I] [NM]: Control function with address 172 and NAME 000000000000000lx is now offline on channel 197275905.
[ 716.816] I] [NM]: External control function with name 000000000000000lx has claimed address 198344577 on channel 2684363008.
[ 717.815] [ISOBUS] addr=0x81 claimed=Y load=19.4% msgs=2982 aiso=95(173426ms) xte=-135.69m spd=0.00m/s q=0 ggaAge=74 vtgAge=73 xteAge=73 vt=N(0/22) vtstat=24/73670ms tc=N drp=0mm tcq=0
[ 717.815] I] [NM]: Control function with address 205 and NAME 000000000000000lx is now offline on channel 198344577.
[ 717.815] I] [NM]: External control function with name 000000000000000lx has claimed address 197275905 on channel 536876800.
[ 718.297] [ISOBUS] addr=0x81 claimed=Y load=19.3% msgs=3013 aiso=96(174426ms) xte=-135.69m spd=0.00m/s q=0 ggaAge=74 vtgAge=73 xteAge=73 vt=N(0/22) vtstat=24/74670ms tc=N drp=0mm tcq=0
[ 718.814] I] [NM]: Control function with address 172 and NAME 000000000000000lx is now offline on channel 197275905.
[ 718.814] I] [NM]: External control function with name 000000000000000lx has claimed address 198344577 on channel 2684363008.
[ 719.543] [ISOBUS] addr=0x81 claimed=Y load=19.3% msgs=3044 aiso=97(175426ms) xte=-135.69m spd=0.00m/s q=0 ggaAge=74 vtgAge=73 xteAge=73 vt=N(0/22) vtstat=24/75670ms tc=N drp=0mm tcq=0
[ 719.543] I] [NM]: Control function with address 205 and NAME 000000000000000lx is now offline on channel 198344577.
[ 720.300] I] [NM]: External control function with name 000000000000000lx has claimed address 197275905 on channel 536876800.
[ 720.300] [ISOBUS] addr=0x81 claimed=Y load=19.3% msgs=3075 aiso=98(176426ms) xte=-135.69m spd=0.00m/s q=0 ggaAge=74 vtgAge=73 xteAge=73 vt=N(0/22) vtstat=24/76670ms tc=N drp=0mm tcq=0
[ 720.812] I] [NM]: Control function with address 172 and NAME 000000000000000lx is now offline on channel 197275905.
[ 720.812] I] [NM]: External control function with name 000000000000000lx has claimed address 198344577 on channel 2684363008.
[ 721.543] [ISOBUS] addr=0x81 claimed=Y load=19.4% msgs=3106 aiso=99(177426ms) xte=-135.69m spd=0.00m/s q=0 ggaAge=74 vtgAge=73 xteAge=73 vt=N(0/22) vtstat=24/77670ms tc=N drp=0mm tcq=0
[ 721.543] I] [NM]: Control function with address 205 and NAME 000000000000000lx is now offline on channel 198344577.
[ 722.298] I] [NM]: External control function with name 000000000000000lx has claimed address 197275905 on channel 536876800.
[ 722.298] [ISOBUS] addr=0x81 claimed=Y load=19.3% msgs=3137 aiso=100(178426ms) xte=-135.69m spd=0.00m/s q=0 ggaAge=74 vtgAge=73 xteAge=73 vt=N(0/22) vtstat=24/78670ms tc=N drp=0mm tcq=0
[ 722.814] I] [NM]: Control function with address 172 and NAME 000000000000000lx is now offline on channel 197275905.
[ 722.814] I] [NM]: External control function with name 000000000000000lx has claimed address 198344577 on channel 2684363008.
[ 723.537] [ISOBUS] addr=0x81 claimed=Y load=19.4% msgs=3168 aiso=101(179426ms) xte=-135.69m spd=0.00m/s q=0 ggaAge=74 vtgAge=73 xteAge=72 vt=N(0/22) vtstat=24/79670ms tc=N drp=0mm tcq=0
[ 723.537] I] [NM]: Control function with address 205 and NAME 000000000000000lx is now offline on channel 198344577.
[ 723.815] I] [NM]: External control function with name 000000000000000lx has claimed address 197275905 on channel 536876800.
[ 724.813] [ISOBUS] addr=0x81 claimed=Y load=19.3% msgs=3199 aiso=102(180426ms) xte=-135.69m spd=0.00m/s q=0 ggaAge=73 vtgAge=73 xteAge=72 vt=N(0/22) vtstat=24/80670ms tc=N drp=0mm tcq=0
[ 724.813] I] [NM]: Control function with address 172 and NAME 000000000000000lx is now offline on channel 197275905.
[ 724.813] I] [NM]: External control function with name 000000000000000lx has claimed address 198344577 on channel 2684363008.
[ 725.293] [ISOBUS] addr=0x81 claimed=Y load=19.4% msgs=3230 aiso=103(181426ms) xte=-135.69m spd=0.00m/s q=0 ggaAge=74 vtgAge=73 xteAge=73 vt=N(0/22) vtstat=24/81670ms tc=N drp=0mm tcq=0
[ 725.818] I] [NM]: Control function with address 205 and NAME 000000000000000lx is now offline on channel 198344577.
[ 725.818] I] [NM]: External control function with name 000000000000000lx has claimed address 197275905 on channel 536876800.
[ 726.548] [ISOBUS] addr=0x81 claimed=Y load=19.3% msgs=3261 aiso=104(182426ms) xte=-135.69m spd=0.00m/s q=0 ggaAge=67 vtgAge=65 xteAge=65 vt=N(0/22) vtstat=24/82670ms tc=N drp=0mm tcq=0
[ 726.548] I] [NM]: Control function with address 172 and NAME 000000000000000lx is now offline on channel 197275905.
[ 727.298] I] [NM]: External control function with name 000000000000000lx has claimed address 198344577 on channel 2684363008.
[ 727.298] [ISOBUS] addr=0x81 claimed=Y load=19.4% msgs=3292 aiso=105(183426ms) xte=-135.69m spd=0.00m/s q=0 ggaAge=74 vtgAge=74 xteAge=73 vt=N(0/22) vtstat=24/83670ms tc=N drp=0mm tcq=0
[ 727.810] I] [NM]: Control function with address 205 and NAME 000000000000000lx is now offline on channel 198344577.
[ 727.810] I] [NM]: External control function with name 000000000000000lx has claimed address 197275905 on channel 536876800.
[ 728.540] [ISOBUS] addr=0x81 claimed=Y load=19.3% msgs=3323 aiso=106(184426ms) xte=-135.69m spd=0.00m/s q=0 ggaAge=74 vtgAge=73 xteAge=73 vt=N(0/22) vtstat=24/84670ms tc=N drp=0mm tcq=0
[ 728.540] I] [NM]: Control function with address 172 and NAME 000000000000000lx is now offline on channel 197275905.
[ 729.290] I] [NM]: External control function with name 000000000000000lx has claimed address 198344577 on channel 2684363008.
[ 729.290] [ISOBUS] addr=0x81 claimed=Y load=19.4% msgs=3354 aiso=107(185426ms) xte=-135.69m spd=0.00m/s q=0 ggaAge=74 vtgAge=73 xteAge=73 vt=N(0/22) vtstat=24/85670ms tc=N drp=0mm tcq=0
[ 729.816] I] [NM]: Control function with address 205 and NAME 000000000000000lx is now offline on channel 198344577.
[ 729.816] I] [NM]: External control function with name 000000000000000lx has claimed address 197275905 on channel 536876800.
[ 730.546] [ISOBUS] addr=0x81 claimed=Y load=19.3% msgs=3385 aiso=108(186426ms) xte=-135.69m spd=0.00m/s q=0 ggaAge=74 vtgAge=73 xteAge=73 vt=N(0/22) vtstat=24/86670ms tc=N drp=0mm tcq=0
[ 730.546] I] [NM]: Control function with address 172 and NAME 000000000000000lx is now offline on channel 197275905.
[ 730.814] I] [NM]: External control function with name 000000000000000lx has claimed address 198344577 on channel 2684363008.
[ 730.814] [ISOBUS] addr=0x81 claimed=Y load=19.4% msgs=3416 aiso=109(187426ms) xte=-135.69m spd=0.00m/s q=0 ggaAge=74 vtgAge=73 xteAge=73 vt=N(0/22) vtstat=24/87670ms tc=N drp=0mm tcq=0
[ 731.817] I] [NM]: Control function with address 205 and NAME 000000000000000lx is now offline on channel 198344577.
[ 731.817] I] [NM]: External control function with name 000000000000000lx has claimed address 197275905 on channel 536876800.
[ 732.547] [ISOBUS] addr=0x81 claimed=Y load=19.3% msgs=3447 aiso=110(188426ms) xte=-135.69m spd=0.00m/s q=0 ggaAge=74 vtgAge=73 xteAge=73 vt=N(0/22) vtstat=24/88670ms tc=N drp=0mm tcq=0
[ 732.547] I] [NM]: Control function with address 172 and NAME 000000000000000lx is now offline on channel 197275905.
[ 732.817] I] [NM]: External control function with name 000000000000000lx has claimed address 198344577 on channel 2684363008.
[ 733.547] [ISOBUS] addr=0x81 claimed=Y load=19.3% msgs=3478 aiso=111(189426ms) xte=-135.69m spd=0.00m/s q=0 ggaAge=73 vtgAge=73 xteAge=72 vt=N(0/22) vtstat=24/89670ms tc=N drp=0mm tcq=0
[ 733.547] I] [NM]: Control function with address 205 and NAME 000000000000000lx is now offline on channel 198344577.
[ 734.299] I] [NM]: External control function with name 000000000000000lx has claimed address 197275905 on channel 536876800.
[ 734.299] [ISOBUS] addr=0x81 claimed=Y load=19.3% msgs=3509 aiso=112(190426ms) xte=-135.69m spd=0.00m/s q=0 ggaAge=74 vtgAge=73 xteAge=72 vt=N(0/22) vtstat=24/90670ms tc=N drp=0mm tcq=0
[ 734.806] I] [NM]: Control function with address 172 and NAME 000000000000000lx is now offline on channel 197275905.
[ 734.806] I] [NM]: External control function with name 000000000000000lx has claimed address 198344577 on channel 2684363008.
[ 735.546] [ISOBUS] addr=0x81 claimed=Y load=19.4% msgs=3540 aiso=113(191426ms) xte=-135.69m spd=0.00m/s q=0 ggaAge=73 vtgAge=73 xteAge=72 vt=N(0/22) vtstat=24/91670ms tc=N drp=0mm tcq=0
[ 735.546] I] [NM]: Control function with address 205 and NAME 000000000000000lx is now offline on channel 198344577.
[ 736.296] I] [NM]: External control function with name 000000000000000lx has claimed address 197275905 on channel 536876800.
[ 736.296] [ISOBUS] addr=0x81 claimed=Y load=19.2% msgs=3571 aiso=114(192426ms) xte=-135.69m spd=0.00m/s q=0 ggaAge=74 vtgAge=74 xteAge=73 vt=N(0/22) vtstat=24/92670ms tc=N drp=0mm tcq=0
[ 736.818] I] [NM]: Control function with address 172 and NAME 000000000000000lx is now offline on channel 197275905.
[ 736.818] I] [NM]: External control function with name 000000000000000lx has claimed address 198344577 on channel 2684363008.
[ 737.549] [ISOBUS] addr=0x81 claimed=Y load=19.4% msgs=3602 aiso=115(193426ms) xte=-135.69m spd=0.00m/s q=0 ggaAge=74 vtgAge=73 xteAge=72 vt=N(0/22) vtstat=24/93670ms tc=N drp=0mm tcq=0
[ 737.549] I] [NM]: Control function with address 205 and NAME 000000000000000lx is now offline on channel 198344577.
[ 738.297] I] [NM]: External control function with name 000000000000000lx has claimed address 197275905 on channel 536876800.
[ 738.297] [ISOBUS] addr=0x81 claimed=Y load=19.3% msgs=3633 aiso=116(194426ms) xte=-135.69m spd=0.00m/s q=0 ggaAge=74 vtgAge=73 xteAge=73 vt=N(0/22) vtstat=24/94670ms tc=N drp=0mm tcq=0
[ 738.817] I] [NM]: Control function with address 172 and NAME 000000000000000lx is now offline on channel 197275905.
[ 738.817] I] [NM]: External control function with name 000000000000000lx has claimed address 198344577 on channel 2684363008.
[ 739.543] [ISOBUS] addr=0x81 claimed=Y load=19.4% msgs=3664 aiso=117(195426ms) xte=-135.69m spd=0.00m/s q=0 ggaAge=74 vtgAge=73 xteAge=72 vt=N(0/22) vtstat=24/95670ms tc=N drp=0mm tcq=0
[ 739.543] I] [NM]: Control function with address 205 and NAME 000000000000000lx is now offline on channel 198344577.
[ 739.813] I] [NM]: External control function with name 000000000000000lx has claimed address 197275905 on channel 536876800.
[ 740.810] [ISOBUS] addr=0x81 claimed=Y load=19.2% msgs=3695 aiso=118(196426ms) xte=-135.69m spd=0.00m/s q=0 ggaAge=73 vtgAge=73 xteAge=72 vt=N(0/22) vtstat=24/96670ms tc=N drp=0mm tcq=0
[ 740.810] I] [NM]: Control function with address 172 and NAME 000000000000000lx is now offline on channel 197275905.
[ 740.810] I] [NM]: External control function with name 000000000000000lx has claimed address 198344577 on channel 2684363008.
[ 741.294] [ISOBUS] addr=0x81 claimed=Y load=19.4% msgs=3726 aiso=119(197426ms) xte=-135.69m spd=0.00m/s q=0 ggaAge=73 vtgAge=73 xteAge=72 vt=N(0/22) vtstat=24/97670ms tc=N drp=0mm tcq=0
[ 741.810] I] [NM]: Control function with address 205 and NAME 000000000000000lx is now offline on channel 198344577.
[ 741.810] I] [NM]: External control function with name 000000000000000lx has claimed address 197275905 on channel 536876800.
[ 742.552] [ISOBUS] addr=0x81 claimed=Y load=19.3% msgs=3757 aiso=120(198426ms) xte=-135.69m spd=0.00m/s q=0 ggaAge=73 vtgAge=73 xteAge=72 vt=N(0/22) vtstat=24/98670ms tc=N drp=0mm tcq=0
[ 742.552] I] [NM]: Control function with address 172 and NAME 000000000000000lx is now offline on channel 197275905.
[ 743.300] I] [NM]: External control function with name 000000000000000lx has claimed address 198344577 on channel 2684363008.
[ 743.300] [ISOBUS] addr=0x81 claimed=Y load=19.4% msgs=3788 aiso=121(199426ms) xte=-135.69m spd=0.00m/s q=0 ggaAge=73 vtgAge=73 xteAge=72 vt=N(0/22) vtstat=24/99670ms tc=N drp=0mm tcq=0
[ 743.817] I] [NM]: Control function with address 205 and NAME 000000000000000lx is now offline on channel 198344577.
[ 743.817] I] [NM]: External control function with name 000000000000000lx has claimed address 197275905 on channel 536876800.
[ 744.548] [ISOBUS] addr=0x81 claimed=Y load=19.2% msgs=3819 aiso=122(200426ms) xte=-135.69m spd=0.00m/s q=0 ggaAge=73 vtgAge=73 xteAge=72 vt=N(0/22) vtstat=24/100670ms tc=N drp=0mm tcq=0
[ 744.548] I] [NM]: Control function with address 172 and NAME 000000000000000lx is now offline on channel 197275905.
[ 745.294] I] [NM]: External control function with name 000000000000000lx has claimed address 198344577 on channel 2684363008.
[ 745.294] [ISOBUS] addr=0x81 claimed=Y load=19.4% msgs=3850 aiso=123(201426ms) xte=-135.69m spd=0.00m/s q=0 ggaAge=73 vtgAge=73 xteAge=72 vt=N(0/22) vtstat=24/101670ms tc=N drp=0mm tcq=0
[ 745.815] I] [NM]: Control function with address 205 and NAME 000000000000000lx is now offline on channel 198344577.
[ 745.815] I] [NM]: External control function with name 000000000000000lx has claimed address 197275905 on channel 536876800.
[ 746.539] [ISOBUS] addr=0x81 claimed=Y load=19.3% msgs=3881 aiso=124(202426ms) xte=-135.69m spd=0.00m/s q=0 ggaAge=74 vtgAge=73 xteAge=73 vt=N(0/22) vtstat=24/102670ms tc=N drp=0mm tcq=0
[ 746.539] I] [NM]: Control function with address 172 and NAME 000000000000000lx is now offline on channel 197275905.
[ 746.810] I] [NM]: External control function with name 000000000000000lx has claimed address 198344577 on channel 2684363008.
[ 747.817] [ISOBUS] addr=0x81 claimed=Y load=19.4% msgs=3912 aiso=125(203426ms) xte=-135.69m spd=0.00m/s q=0 ggaAge=73 vtgAge=73 xteAge=72 vt=N(0/22) vtstat=24/103670ms tc=N drp=0mm tcq=0
[ 747.817] I] [NM]: Control function with address 205 and NAME 000000000000000lx is now offline on channel 198344577.
[ 747.817] I] [NM]: External control function with name 000000000000000lx has claimed address 197275905 on channel 536876800.
[ 748.293] [ISOBUS] addr=0x81 claimed=Y load=19.2% msgs=3943 aiso=126(204426ms) xte=-135.69m spd=0.00m/s q=0 ggaAge=73 vtgAge=73 xteAge=72 vt=N(0/22) vtstat=24/104670ms tc=N drp=0mm tcq=0
[ 748.817] I] [NM]: Control function with address 172 and NAME 000000000000000lx is now offline on channel 197275905.
[ 748.817] I] [NM]: External control function with name 000000000000000lx has claimed address 198344577 on channel 2684363008.
[ 749.548] [ISOBUS] addr=0x81 claimed=Y load=19.4% msgs=3974 aiso=127(205426ms) xte=-135.69m spd=0.00m/s q=0 ggaAge=74 vtgAge=73 xteAge=73 vt=N(0/22) vtstat=24/105670ms tc=N drp=0mm tcq=0
[ 749.548] I] [NM]: Control function with address 205 and NAME 000000000000000lx is now offline on channel 198344577.
[ 750.299] I] [NM]: External control function with name 000000000000000lx has claimed address 197275905 on channel 536876800.
[ 750.299] [ISOBUS] addr=0x81 claimed=Y load=19.2% msgs=4005 aiso=128(206426ms) xte=-135.69m spd=0.00m/s q=0 ggaAge=73 vtgAge=72 xteAge=72 vt=N(0/22) vtstat=24/106670ms tc=N drp=0mm tcq=0
[ 750.817] I] [NM]: Control function with address 172 and NAME 000000000000000lx is now offline on channel 197275905.
[ 750.817] I] [NM]: External control function with name 000000000000000lx has claimed address 198344577 on channel 2684363008.
[ 751.551] [ISOBUS] addr=0x81 claimed=Y load=19.4% msgs=4036 aiso=129(207426ms) xte=-135.69m spd=0.00m/s q=0 ggaAge=73 vtgAge=73 xteAge=72 vt=N(0/22) vtstat=24/107670ms tc=N drp=0mm tcq=0
[ 751.551] I] [NM]: Control function with address 205 and NAME 000000000000000lx is now offline on channel 198344577.
[ 752.300] I] [NM]: External control function with name 000000000000000lx has claimed address 197275905 on channel 536876800.
[ 752.300] [ISOBUS] addr=0x81 claimed=Y load=19.3% msgs=4067 aiso=130(208426ms) xte=-135.69m spd=0.00m/s q=0 ggaAge=73 vtgAge=73 xteAge=72 vt=N(0/22) vtstat=24/108670ms tc=N drp=0mm tcq=0
[ 752.806] I] [NM]: Control function with address 172 and NAME 000000000000000lx is now offline on channel 197275905.
[ 752.806] I] [NM]: External control function with name 000000000000000lx has claimed address 198344577 on channel 2684363008.
[ 753.548] [ISOBUS] addr=0x81 claimed=Y load=19.4% msgs=4098 aiso=131(209426ms) xte=-135.69m spd=0.00m/s q=0 ggaAge=74 vtgAge=73 xteAge=72 vt=N(0/22) vtstat=24/109670ms tc=N drp=0mm tcq=0
[ 753.548] I] [NM]: Control function with address 205 and NAME 000000000000000lx is now offline on channel 198344577.
[ 753.813] I] [NM]: External control function with name 000000000000000lx has claimed address 197275905 on channel 536876800.
[ 754.550] [ISOBUS] addr=0x81 claimed=Y load=19.3% msgs=4129 aiso=132(210426ms) xte=-135.69m spd=0.00m/s q=0 ggaAge=74 vtgAge=73 xteAge=73 vt=N(0/22) vtstat=24/110670ms tc=N drp=0mm tcq=0
[ 754.550] I] [NM]: Control function with address 172 and NAME 000000000000000lx is now offline on channel 197275905.
[ 755.286] I] [NM]: External control function with name 000000000000000lx has claimed address 198344577 on channel 2684363008.
[ 755.286] [ISOBUS] addr=0x81 claimed=Y load=19.3% msgs=4160 aiso=133(211426ms) xte=-135.69m spd=0.00m/s q=0 ggaAge=73 vtgAge=73 xteAge=72 vt=N(0/22) vtstat=24/111670ms tc=N drp=0mm tcq=0
[ 755.813] I] [NM]: Control function with address 205 and NAME 000000000000000lx is now offline on channel 198344577.
[ 755.813] I] [NM]: External control function with name 000000000000000lx has claimed address 197275905 on channel 536876800.
[ 756.541] [ISOBUS] addr=0x81 claimed=Y load=19.4% msgs=4191 aiso=134(212426ms) xte=-135.69m spd=0.00m/s q=0 ggaAge=73 vtgAge=73 xteAge=72 vt=N(0/22) vtstat=24/112670ms tc=N drp=0mm tcq=0
[ 756.541] I] [NM]: Control function with address 172 and NAME 000000000000000lx is now offline on channel 197275905.
[ 757.298] I] [NM]: External control function with name 000000000000000lx has claimed address 198344577 on channel 2684363008.
[ 757.320] [ISOBUS] addr=0x81 claimed=Y load=19.4% msgs=4222 aiso=135(213426ms) xte=-135.69m spd=0.00m/s q=0 ggaAge=74 vtgAge=73 xteAge=73 vt=N(0/22) vtstat=24/113670ms tc=N drp=0mm tcq=0
[ 757.815] I] [NM]: Control function with address 205 and NAME 000000000000000lx is now offline on channel 198344577.
[ 757.815] I] [NM]: External control function with name 000000000000000lx has claimed address 197275905 on channel 536876800.
[ 758.541] [ISOBUS] addr=0x81 claimed=Y load=19.3% msgs=4253 aiso=136(214426ms) xte=-135.69m spd=0.00m/s q=0 ggaAge=73 vtgAge=72 xteAge=72 vt=N(0/22) vtstat=24/114670ms tc=N drp=0mm tcq=0
[ 758.541] I] [NM]: Control function with address 172 and NAME 000000000000000lx is now offline on channel 197275905.
[ 759.299] I] [NM]: External control function with name 000000000000000lx has claimed address 198344577 on channel 2684363008.
[ 759.299] [ISOBUS] addr=0x81 claimed=Y load=19.3% msgs=4284 aiso=137(215426ms) xte=-138.25m spd=0.00m/s q=0 ggaAge=73 vtgAge=73 xteAge=72 vt=N(0/22) vtstat=24/115670ms tc=N drp=0mm tcq=0
[ 759.814] I] [NM]: Control function with address 205 and NAME 000000000000000lx is now offline on channel 198344577.
[ 759.814] I] [NM]: External control function with name 000000000000000lx has claimed address 197275905 on channel 536876800.
[ 760.544] [ISOBUS] addr=0x81 claimed=Y load=19.4% msgs=4315 aiso=138(216426ms) xte=-138.25m spd=0.00m/s q=0 ggaAge=73 vtgAge=72 xteAge=72 vt=N(0/22) vtstat=24/116670ms tc=N drp=0mm tcq=0
[ 760.544] I] [NM]: Control function with address 172 and NAME 000000000000000lx is now offline on channel 197275905.
[ 760.817] I] [NM]: External control function with name 000000000000000lx has claimed address 198344577 on channel 2684363008.
[ 761.549] [ISOBUS] addr=0x81 claimed=Y load=19.4% msgs=4346 aiso=139(217426ms) xte=-138.25m spd=0.00m/s q=0 ggaAge=73 vtgAge=73 xteAge=72 vt=N(0/22) vtstat=24/117670ms tc=N drp=0mm tcq=0
[ 761.549] I] [NM]: Control function with address 205 and NAME 000000000000000lx is now offline on channel 198344577.
[ 762.300] I] [NM]: External control function with name 000000000000000lx has claimed address 197275905 on channel 536876800.
[ 762.300] [ISOBUS] addr=0x81 claimed=Y load=19.2% msgs=4377 aiso=140(218426ms) xte=-138.25m spd=0.00m/s q=0 ggaAge=73 vtgAge=72 xteAge=72 vt=N(0/22) vtstat=24/118670ms tc=N drp=0mm tcq=0
[ 762.813] I] [NM]: Control function with address 172 and NAME 000000000000000lx is now offline on channel 197275905.
[ 762.813] I] [NM]: External control function with name 000000000000000lx has claimed address 198344577 on channel 2684363008.
[ 763.545] [ISOBUS] addr=0x81 claimed=Y load=19.4% msgs=4408 aiso=141(219426ms) xte=-138.25m spd=0.00m/s q=0 ggaAge=73 vtgAge=73 xteAge=72 vt=N(0/22) vtstat=24/119670ms tc=N drp=0mm tcq=0
[ 763.545] I] [NM]: Control function with address 205 and NAME 000000000000000lx is now offline on channel 198344577.
[ 764.287] I] [NM]: External control function with name 000000000000000lx has claimed address 197275905 on channel 536876800.
[ 764.287] [ISOBUS] addr=0x81 claimed=Y load=19.2% msgs=4439 aiso=142(220426ms) xte=-138.25m spd=0.00m/s q=0 ggaAge=73 vtgAge=73 xteAge=72 vt=N(0/22) vtstat=24/120670ms tc=N drp=0mm tcq=0
[ 764.818] I] [NM]: Control function with address 172 and NAME 000000000000000lx is now offline on channel 197275905.
[ 764.818] I] [NM]: External control function with name 000000000000000lx has claimed address 198344577 on channel 2684363008.
[ 765.547] [ISOBUS] addr=0x81 claimed=Y load=19.4% msgs=4470 aiso=143(221426ms) xte=-138.25m spd=0.00m/s q=0 ggaAge=73 vtgAge=73 xteAge=72 vt=N(0/22) vtstat=24/121670ms tc=N drp=0mm tcq=0
[ 765.547] I] [NM]: Control function with address 205 and NAME 000000000000000lx is now offline on channel 198344577.
[ 766.297] I] [NM]: External control function with name 000000000000000lx has claimed address 197275905 on channel 536876800.
[ 766.297] [ISOBUS] addr=0x81 claimed=Y load=19.3% msgs=4501 aiso=144(222426ms) xte=-138.25m spd=0.00m/s q=0 ggaAge=74 vtgAge=73 xteAge=73 vt=N(0/22) vtstat=24/122670ms tc=N drp=0mm tcq=0
[ 766.817] I] [NM]: Control function with address 172 and NAME 000000000000000lx is now offline on channel 197275905.
[ 766.817] I] [NM]: External control function with name 000000000000000lx has claimed address 198344577 on channel 2684363008.
[ 767.543] [ISOBUS] addr=0x81 claimed=Y load=19.4% msgs=4532 aiso=145(223426ms) xte=-138.25m spd=0.00m/s q=0 ggaAge=73 vtgAge=72 xteAge=72 vt=N(0/22) vtstat=24/123670ms tc=N drp=0mm tcq=0
[ 767.543] I] [NM]: Control function with address 205 and NAME 000000000000000lx is now offline on channel 198344577.
[ 767.818] I] [NM]: External control function with name 000000000000000lx has claimed address 197275905 on channel 536876800.
[ 768.552] [ISOBUS] addr=0x81 claimed=Y load=19.3% msgs=4563 aiso=146(224426ms) xte=-138.25m spd=0.00m/s q=0 ggaAge=74 vtgAge=73 xteAge=72 vt=N(0/22) vtstat=24/124670ms tc=N drp=0mm tcq=0
[ 768.552] I] [NM]: Control function with address 172 and NAME 000000000000000lx is now offline on channel 197275905.
[ 769.301] I] [NM]: External control function with name 000000000000000lx has claimed address 198344577 on channel 2684363008.
[ 769.301] [ISOBUS] addr=0x81 claimed=Y load=19.4% msgs=4594 aiso=147(225426ms) xte=-138.25m spd=0.00m/s q=0 ggaAge=74 vtgAge=73 xteAge=73 vt=N(0/22) vtstat=24/125670ms tc=N drp=0mm tcq=0
[ 769.818] I] [NM]: Control function with address 205 and NAME 000000000000000lx is now offline on channel 198344577.
[ 769.818] I] [NM]: External control function with name 000000000000000lx has claimed address 197275905 on channel 536876800.
[ 770.549] [ISOBUS] addr=0x81 claimed=Y load=19.2% msgs=4625 aiso=148(226426ms) xte=-138.25m spd=0.00m/s q=0 ggaAge=73 vtgAge=72 xteAge=72 vt=N(0/22) vtstat=24/126670ms tc=N drp=0mm tcq=0
[ 770.549] I] [NM]: Control function with address 172 and NAME 000000000000000lx is now offline on channel 197275905.
[ 771.301] I] [NM]: External control function with name 000000000000000lx has claimed address 198344577 on channel 2684363008.
[ 771.301] [ISOBUS] addr=0x81 claimed=Y load=19.4% msgs=4656 aiso=149(227426ms) xte=-138.25m spd=0.00m/s q=0 ggaAge=74 vtgAge=73 xteAge=73 vt=N(0/22) vtstat=24/127670ms tc=N drp=0mm tcq=0
[ 771.817] I] [NM]: Control function with address 205 and NAME 000000000000000lx is now offline on channel 198344577.
[ 771.817] I] [NM]: External control function with name 000000000000000lx has claimed address 197275905 on channel 536876800.
[ 772.549] [ISOBUS] addr=0x81 claimed=Y load=19.3% msgs=4687 aiso=150(228426ms) xte=-138.25m spd=0.00m/s q=0 ggaAge=73 vtgAge=73 xteAge=72 vt=N(0/22) vtstat=24/128670ms tc=N drp=0mm tcq=0
[ 772.550] I] [NM]: Control function with address 172 and NAME 000000000000000lx is now offline on channel 197275905.
[ 772.816] I] [NM]: External control function with name 000000000000000lx has claimed address 198344577 on channel 2684363008.
[ 773.810] [ISOBUS] addr=0x81 claimed=Y load=19.4% msgs=4718 aiso=151(229426ms) xte=-138.25m spd=0.00m/s q=0 ggaAge=73 vtgAge=73 xteAge=72 vt=N(0/22) vtstat=24/129670ms tc=N drp=0mm tcq=0
[ 773.810] I] [NM]: Control function with address 205 and NAME 000000000000000lx is now offline on channel 198344577.
[ 773.810] I] [NM]: External control function with name 000000000000000lx has claimed address 197275905 on channel 536876800.
[ 774.547] [ISOBUS] addr=0x81 claimed=Y load=19.3% msgs=4749 aiso=152(230426ms) xte=-138.25m spd=0.00m/s q=0 ggaAge=74 vtgAge=73 xteAge=72 vt=N(0/22) vtstat=24/130670ms tc=N drp=0mm tcq=0
[ 774.547] I] [NM]: Control function with address 172 and NAME 000000000000000lx is now offline on channel 197275905.
[ 774.818] I] [NM]: External control function with name 000000000000000lx has claimed address 198344577 on channel 2684363008.
[ 775.549] [ISOBUS] addr=0x81 claimed=Y load=19.4% msgs=4780 aiso=153(231426ms) xte=-138.25m spd=0.00m/s q=0 ggaAge=74 vtgAge=73 xteAge=72 vt=N(0/22) vtstat=24/131670ms tc=N drp=0mm tcq=0
[ 775.549] I] [NM]: Control function with address 205 and NAME 000000000000000lx is now offline on channel 198344577.
[ 776.291] I] [NM]: External control function with name 000000000000000lx has claimed address 197275905 on channel 536876800.
[ 776.291] [ISOBUS] addr=0x81 claimed=Y load=19.3% msgs=4811 aiso=154(232426ms) xte=-138.25m spd=0.00m/s q=0 ggaAge=73 vtgAge=72 xteAge=72 vt=N(0/22) vtstat=24/132670ms tc=N drp=0mm tcq=0
[ 776.816] I] [NM]: Control function with address 172 and NAME 000000000000000lx is now offline on channel 197275905.
[ 776.816] I] [NM]: External control function with name 000000000000000lx has claimed address 198344577 on channel 2684363008.
[ 777.541] [ISOBUS] addr=0x81 claimed=Y load=19.4% msgs=4842 aiso=155(233426ms) xte=-138.25m spd=0.00m/s q=0 ggaAge=73 vtgAge=72 xteAge=72 vt=N(0/22) vtstat=24/133670ms tc=N drp=0mm tcq=0
[ 777.541] I] [NM]: Control function with address 205 and NAME 000000000000000lx is now offline on channel 198344577.
[ 778.299] I] [NM]: External control function with name 000000000000000lx has claimed address 197275905 on channel 536876800.
[ 778.299] [ISOBUS] addr=0x81 claimed=Y load=19.3% msgs=4873 aiso=156(234426ms) xte=-138.25m spd=0.00m/s q=0 ggaAge=74 vtgAge=73 xteAge=73 vt=N(0/22) vtstat=24/134670ms tc=N drp=0mm tcq=0
[ 778.817] I] [NM]: Control function with address 172 and NAME 000000000000000lx is now offline on channel 197275905.
[ 778.817] I] [NM]: External control function with name 000000000000000lx has claimed address 198344577 on channel 2684363008.
[ 779.555] [ISOBUS] addr=0x81 claimed=Y load=19.4% msgs=4904 aiso=157(235426ms) xte=-138.25m spd=0.00m/s q=0 ggaAge=73 vtgAge=73 xteAge=72 vt=N(0/22) vtstat=24/135670ms tc=N drp=0mm tcq=0
[ 779.555] I] [NM]: Control function with address 205 and NAME 000000000000000lx is now offline on channel 198344577.
[ 779.819] I] [NM]: External control function with name 000000000000000lx has claimed address 197275905 on channel 536876800.
[ 780.811] [ISOBUS] addr=0x81 claimed=Y load=19.3% msgs=4935 aiso=158(236426ms) xte=-138.25m spd=0.00m/s q=0 ggaAge=73 vtgAge=72 xteAge=72 vt=N(0/22) vtstat=24/136670ms tc=N drp=0mm tcq=0
[ 780.811] I] [NM]: Control function with address 172 and NAME 000000000000000lx is now offline on channel 197275905.
[ 780.811] I] [NM]: External control function with name 000000000000000lx has claimed address 198344577 on channel 2684363008.
[ 781.302] [ISOBUS] addr=0x81 claimed=Y load=19.4% msgs=4966 aiso=159(237426ms) xte=-138.25m spd=0.00m/s q=0 ggaAge=73 vtgAge=73 xteAge=72 vt=N(0/22) vtstat=24/137670ms tc=N drp=0mm tcq=0
[ 781.817] I] [NM]: Control function with address 205 and NAME 000000000000000lx is now offline on channel 198344577.
[ 781.819] I] [NM]: External control function with name 000000000000000lx has claimed address 197275905 on channel 536876800.
[ 782.555] [ISOBUS] addr=0x81 claimed=Y load=18.9% msgs=4997 aiso=160(238426ms) xte=-138.25m spd=0.00m/s q=0 ggaAge=73 vtgAge=72 xteAge=72 vt=N(0/22) vtstat=24/138670ms tc=N drp=0mm tcq=0
[ 782.555] I] [NM]: Control function with address 172 and NAME 000000000000000lx is now offline on channel 197275905.
[ 783.302] I] [NM]: External control function with name 000000000000000lx has claimed address 198344577 on channel 2684363008.
[ 783.302] [ISOBUS] addr=0x81 claimed=Y load=13.7% msgs=5028 aiso=161(239426ms) xte=-138.25m spd=0.00m/s q=0 ggaAge=73 vtgAge=73 xteAge=72 vt=N(0/22) vtstat=24/139670ms tc=N drp=0mm tcq=0
[ 783.817] I] [NM]: Control function with address 205 and NAME 000000000000000lx is now offline on channel 198344577.
[ 783.817] I] [NM]: External control function with name 000000000000000lx has claimed address 197275905 on channel 536876800.
[ 784.551] [ISOBUS] addr=0x81 claimed=Y load=13.5% msgs=5059 aiso=162(240426ms) xte=-138.25m spd=0.00m/s q=0 ggaAge=73 vtgAge=72 xteAge=71 vt=N(0/22) vtstat=24/140670ms tc=N drp=0mm tcq=0
[ 784.551] I] [NM]: Control function with address 172 and NAME 000000000000000lx is now offline on channel 197275905.
[ 785.291] I] [NM]: External control function with name 000000000000000lx has claimed address 198344577 on channel 2684363008.
[ 785.291] [ISOBUS] addr=0x81 claimed=Y load=13.6% msgs=5090 aiso=163(241426ms) xte=-138.25m spd=0.00m/s q=0 ggaAge=73 vtgAge=72 xteAge=72 vt=N(0/22) vtstat=24/141670ms tc=N drp=0mm tcq=0
[ 785.819] I] [NM]: Control function with address 205 and NAME 000000000000000lx is now offline on channel 198344577.
[ 785.819] I] [NM]: External control function with name 000000000000000lx has claimed address 197275905 on channel 536876800.
[ 786.554] [ISOBUS] addr=0x81 claimed=Y load=13.5% msgs=5121 aiso=164(242426ms) xte=-138.25m spd=0.00m/s q=0 ggaAge=73 vtgAge=73 xteAge=72 vt=N(0/22) vtstat=24/142670ms tc=N drp=0mm tcq=0
[ 786.554] I] [NM]: Control function with address 172 and NAME 000000000000000lx is now offline on channel 197275905.
[ 786.817] I] [NM]: External control function with name 000000000000000lx has claimed address 198344577 on channel 2684363008.
[ 787.818] [ISOBUS] addr=0x81 claimed=Y load=13.6% msgs=5152 aiso=165(243426ms) xte=-138.25m spd=0.00m/s q=0 ggaAge=73 vtgAge=72 xteAge=71 vt=N(0/22) vtstat=24/143670ms tc=N drp=0mm tcq=0
[ 787.818] I] [NM]: Control function with address 205 and NAME 000000000000000lx is now offline on channel 198344577.
[ 787.818] I] [NM]: External control function with name 000000000000000lx has claimed address 197275905 on channel 536876800.
[ 788.294] [ISOBUS] addr=0x81 claimed=Y load=13.5% msgs=5183 aiso=166(244426ms) xte=-138.25m spd=0.00m/s q=0 ggaAge=73 vtgAge=72 xteAge=72 vt=N(0/22) vtstat=24/144670ms tc=N drp=0mm tcq=0
[ 788.817] I] [NM]: Control function with address 172 and NAME 000000000000000lx is now offline on channel 197275905.
[ 788.817] I] [NM]: External control function with name 000000000000000lx has claimed address 198344577 on channel 2684363008.
[ 789.543] [ISOBUS] addr=0x81 claimed=Y load=13.6% msgs=5214 aiso=167(245426ms) xte=-138.25m spd=0.00m/s q=0 ggaAge=74 vtgAge=73 xteAge=72 vt=N(0/22) vtstat=24/145670ms tc=N drp=0mm tcq=0
[ 789.543] I] [NM]: Control function with address 205 and NAME 000000000000000lx is now offline on channel 198344577.
[ 790.300] I] [NM]: External control function with name 000000000000000lx has claimed address 197275905 on channel 536876800.
[ 790.300] [ISOBUS] addr=0x81 claimed=Y load=13.5% msgs=5245 aiso=168(246426ms) xte=-138.25m spd=0.00m/s q=0 ggaAge=73 vtgAge=72 xteAge=71 vt=N(0/22) vtstat=24/146670ms tc=N drp=0mm tcq=0
[ 790.814] I] [NM]: Control function with address 172 and NAME 000000000000000lx is now offline on channel 197275905.
[ 790.814] I] [NM]: External control function with name 000000000000000lx has claimed address 198344577 on channel 2684363008.
[ 791.556] [ISOBUS] addr=0x81 claimed=Y load=13.6% msgs=5276 aiso=169(247426ms) xte=-138.25m spd=0.00m/s q=0 ggaAge=73 vtgAge=72 xteAge=72 vt=N(0/22) vtstat=24/147670ms tc=N drp=0mm tcq=0
[ 791.556] I] [NM]: Control function with address 205 and NAME 000000000000000lx is now offline on channel 198344577.
[ 792.307] I] [NM]: External control function with name 000000000000000lx has claimed address 197275905 on channel 536876800.
[ 792.307] [ISOBUS] addr=0x81 claimed=Y load=13.5% msgs=5307 aiso=170(248426ms) xte=-138.25m spd=0.00m/s q=0 ggaAge=74 vtgAge=73 xteAge=72 vt=N(0/22) vtstat=24/148670ms tc=N drp=0mm tcq=0
[ 792.811] I] [NM]: Control function with address 172 and NAME 000000000000000lx is now offline on channel 197275905.
[ 792.811] I] [NM]: External control function with name 000000000000000lx has claimed address 198344577 on channel 2684363008.
[ 793.546] [ISOBUS] addr=0x81 claimed=Y load=13.6% msgs=5338 aiso=171(249426ms) xte=-138.25m spd=0.00m/s q=0 ggaAge=72 vtgAge=72 xteAge=71 vt=N(0/22) vtstat=24/149670ms tc=N drp=0mm tcq=0
[ 793.546] I] [NM]: Control function with address 205 and NAME 000000000000000lx is now offline on channel 198344577.
[ 793.818] I] [NM]: External control function with name 000000000000000lx has claimed address 197275905 on channel 536876800.
[ 794.539] [ISOBUS] addr=0x81 claimed=Y load=13.5% msgs=5369 aiso=172(250426ms) xte=-138.25m spd=0.00m/s q=0 ggaAge=73 vtgAge=73 xteAge=72 vt=N(0/22) vtstat=24/150670ms tc=N drp=0mm tcq=0
[ 794.539] I] [NM]: Control function with address 172 and NAME 000000000000000lx is now offline on channel 197275905.
[ 795.296] I] [NM]: External control function with name 000000000000000lx has claimed address 198344577 on channel 2684363008.
[ 795.296] [ISOBUS] addr=0x81 claimed=Y load=13.6% msgs=5400 aiso=173(251426ms) xte=-138.25m spd=0.00m/s q=0 ggaAge=73 vtgAge=72 xteAge=72 vt=N(0/22) vtstat=24/151670ms tc=N drp=0mm tcq=0
[ 795.818] I] [NM]: Control function with address 205 and NAME 000000000000000lx is now offline on channel 198344577.
[ 795.818] I] [NM]: External control function with name 000000000000000lx has claimed address 197275905 on channel 536876800.
[ 796.549] [ISOBUS] addr=0x81 claimed=Y load=13.5% msgs=5431 aiso=174(252426ms) xte=-138.25m spd=0.00m/s q=0 ggaAge=73 vtgAge=72 xteAge=72 vt=N(0/22) vtstat=24/152670ms tc=N drp=0mm tcq=0
[ 796.550] I] [NM]: Control function with address 172 and NAME 000000000000000lx is now offline on channel 197275905.
[ 797.294] I] [NM]: External control function with name 000000000000000lx has claimed address 198344577 on channel 2684363008.
[ 797.294] [ISOBUS] addr=0x81 claimed=Y load=13.6% msgs=5462 aiso=175(253426ms) xte=-138.25m spd=0.00m/s q=0 ggaAge=73 vtgAge=72 xteAge=72 vt=N(0/22) vtstat=24/153670ms tc=N drp=0mm tcq=0
[ 797.818] I] [NM]: Control function with address 205 and NAME 000000000000000lx is now offline on channel 198344577.
[ 797.818] I] [NM]: External control function with name 000000000000000lx has claimed address 197275905 on channel 536876800.
[ 798.546] [ISOBUS] addr=0x81 claimed=Y load=13.5% msgs=5493 aiso=176(254426ms) xte=-138.25m spd=0.00m/s q=0 ggaAge=73 vtgAge=72 xteAge=72 vt=N(0/22) vtstat=24/154670ms tc=N drp=0mm tcq=0
[ 798.546] I] [NM]: Control function with address 172 and NAME 000000000000000lx is now offline on channel 197275905.
[ 799.299] I] [NM]: External control function with name 000000000000000lx has claimed address 198344577 on channel 2684363008.
[ 799.299] [ISOBUS] addr=0x81 claimed=Y load=13.6% msgs=5524 aiso=177(255426ms) xte=-138.25m spd=0.00m/s q=0 ggaAge=73 vtgAge=72 xteAge=72 vt=N(0/22) vtstat=24/155670ms tc=N drp=0mm tcq=0
[ 799.808] I] [NM]: Control function with address 205 and NAME 000000000000000lx is now offline on channel 198344577.
[ 799.808] I] [NM]: External control function with name 000000000000000lx has claimed address 197275905 on channel 536876800.
[ 800.552] [ISOBUS] addr=0x81 claimed=Y load=13.5% msgs=5555 aiso=178(256426ms) xte=-138.25m spd=0.00m/s q=0 ggaAge=73 vtgAge=72 xteAge=72 vt=N(0/22) vtstat=24/156670ms tc=N drp=0mm tcq=0
[ 800.552] I] [NM]: Control function with address 172 and NAME 000000000000000lx is now offline on channel 197275905.
[ 800.818] I] [NM]: External control function with name 000000000000000lx has claimed address 198344577 on channel 2684363008.
[ 801.551] [ISOBUS] addr=0x81 claimed=Y load=13.6% msgs=5586 aiso=179(257426ms) xte=-138.25m spd=0.00m/s q=0 ggaAge=69 vtgAge=69 xteAge=68 vt=N(0/22) vtstat=24/157670ms tc=N drp=0mm tcq=0
[ 801.551] I] [NM]: Control function with address 205 and NAME 000000000000000lx is now offline on channel 198344577.
[ 802.301] I] [NM]: External control function with name 000000000000000lx has claimed address 197275905 on channel 536876800.
[ 802.303] [ISOBUS] addr=0x81 claimed=Y load=13.5% msgs=5617 aiso=180(258426ms) xte=-138.25m spd=0.00m/s q=0 ggaAge=74 vtgAge=73 xteAge=72 vt=N(0/22) vtstat=24/158670ms tc=N drp=0mm tcq=0
[ 802.817] I] [NM]: Control function with address 172 and NAME 000000000000000lx is now offline on channel 197275905.
[ 802.817] I] [NM]: External control function with name 000000000000000lx has claimed address 198344577 on channel 2684363008.
[ 803.547] [ISOBUS] addr=0x81 claimed=Y load=13.6% msgs=5648 aiso=181(259426ms) xte=-138.25m spd=0.00m/s q=0 ggaAge=73 vtgAge=73 xteAge=72 vt=N(0/22) vtstat=24/159670ms tc=N drp=0mm tcq=0
[ 803.547] I] [NM]: Control function with address 205 and NAME 000000000000000lx is now offline on channel 198344577.
[ 804.296] I] [NM]: External control function with name 000000000000000lx has claimed address 197275905 on channel 536876800.
[ 804.296] [ISOBUS] addr=0x81 claimed=Y load=13.5% msgs=5679 aiso=182(260426ms) xte=-138.25m spd=0.00m/s q=0 ggaAge=73 vtgAge=72 xteAge=72 vt=N(0/22) vtstat=24/160670ms tc=N drp=0mm tcq=0
[ 804.819] I] [NM]: Control function with address 172 and NAME 000000000000000lx is now offline on channel 197275905.
[ 804.819] I] [NM]: External control function with name 000000000000000lx has claimed address 198344577 on channel 2684363008.
[ 805.551] [ISOBUS] addr=0x81 claimed=Y load=13.6% msgs=5710 aiso=183(261426ms) xte=-138.25m spd=0.00m/s q=0 ggaAge=73 vtgAge=72 xteAge=71 vt=N(0/22) vtstat=24/161670ms tc=N drp=0mm tcq=0
[ 805.551] I] [NM]: Control function with address 205 and NAME 000000000000000lx is now offline on channel 198344577.
[ 806.297] I] [NM]: External control function with name 000000000000000lx has claimed address 197275905 on channel 536876800.
[ 806.297] [ISOBUS] addr=0x81 claimed=Y load=13.5% msgs=5741 aiso=184(262426ms) xte=-138.25m spd=0.00m/s q=0 ggaAge=73 vtgAge=73 xteAge=72 vt=N(0/22) vtstat=24/162670ms tc=N drp=0mm tcq=0
[ 806.817] I] [NM]: Control function with address 172 and NAME 000000000000000lx is now offline on channel 197275905.
[ 806.817] I] [NM]: External control function with name 000000000000000lx has claimed address 198344577 on channel 2684363008.
[ 807.553] [ISOBUS] addr=0x81 claimed=Y load=13.6% msgs=5772 aiso=185(263426ms) xte=-138.25m spd=0.00m/s q=0 ggaAge=73 vtgAge=72 xteAge=72 vt=N(0/22) vtstat=24/163670ms tc=N drp=0mm tcq=0
[ 807.553] I] [NM]: Control function with address 205 and NAME 000000000000000lx is now offline on channel 198344577.
[ 807.817] I] [NM]: External control function with name 000000000000000lx has claimed address 197275905 on channel 536876800.
[ 808.551] [ISOBUS] addr=0x81 claimed=Y load=13.5% msgs=5803 aiso=186(264426ms) xte=-138.25m spd=0.00m/s q=0 ggaAge=73 vtgAge=72 xteAge=72 vt=N(0/22) vtstat=24/164670ms tc=N drp=0mm tcq=0
[ 808.551] I] [NM]: Control function with address 172 and NAME 000000000000000lx is now offline on channel 197275905.
[ 809.300] I] [NM]: External control function with name 000000000000000lx has claimed address 198344577 on channel 2684363008.
[ 809.300] [ISOBUS] addr=0x81 claimed=Y load=13.6% msgs=5834 aiso=187(265426ms) xte=-138.25m spd=0.00m/s q=0 ggaAge=73 vtgAge=72 xteAge=72 vt=N(0/22) vtstat=24/165670ms tc=N drp=0mm tcq=0
[ 809.819] I] [NM]: Control function with address 205 and NAME 000000000000000lx is now offline on channel 198344577.
[ 809.819] I] [NM]: External control function with name 000000000000000lx has claimed address 197275905 on channel 536876800.
[ 810.550] [ISOBUS] addr=0x81 claimed=Y load=13.5% msgs=5865 aiso=188(266426ms) xte=-138.25m spd=0.00m/s q=0 ggaAge=73 vtgAge=72 xteAge=72 vt=N(0/22) vtstat=24/166670ms tc=N drp=0mm tcq=0
[ 810.551] I] [NM]: Control function with address 172 and NAME 000000000000000lx is now offline on channel 197275905.
[ 811.300] I] [NM]: External control function with name 000000000000000lx has claimed address 198344577 on channel 2684363008.
[ 811.300] [ISOBUS] addr=0x81 claimed=Y load=13.6% msgs=5896 aiso=189(267426ms) xte=-138.25m spd=0.00m/s q=0 ggaAge=73 vtgAge=73 xteAge=72 vt=N(0/22) vtstat=24/167670ms tc=N drp=0mm tcq=0
[ 811.818] I] [NM]: Control function with address 205 and NAME 000000000000000lx is now offline on channel 198344577.
[ 811.840] I] [NM]: External control function with name 000000000000000lx has claimed address 197275905 on channel 536876800.
[ 812.546] [ISOBUS] addr=0x81 claimed=Y load=13.5% msgs=5927 aiso=190(268426ms) xte=-138.25m spd=0.00m/s q=0 ggaAge=73 vtgAge=72 xteAge=72 vt=N(0/22) vtstat=24/168670ms tc=N drp=0mm tcq=0
[ 812.546] I] [NM]: Control function with address 172 and NAME 000000000000000lx is now offline on channel 197275905.
[ 812.813] I] [NM]: External control function with name 000000000000000lx has claimed address 198344577 on channel 2684363008.
[ 813.819] [ISOBUS] addr=0x81 claimed=Y load=13.6% msgs=5958 aiso=191(269426ms) xte=-138.25m spd=0.00m/s q=0 ggaAge=73 vtgAge=72 xteAge=72 vt=N(0/22) vtstat=24/169670ms tc=N drp=0mm tcq=0
[ 813.819] I] [NM]: Control function with address 205 and NAME 000000000000000lx is now offline on channel 198344577.
[ 813.819] I] [NM]: External control function with name 000000000000000lx has claimed address 197275905 on channel 536876800.
[ 814.551] [ISOBUS] addr=0x81 claimed=Y load=13.5% msgs=5989 aiso=192(270426ms) xte=-138.25m spd=0.00m/s q=0 ggaAge=73 vtgAge=73 xteAge=72 vt=N(0/22) vtstat=24/170670ms tc=N drp=0mm tcq=0
[ 814.552] I] [NM]: Control function with address 172 and NAME 000000000000000lx is now offline on channel 197275905.
[ 814.817] I] [NM]: External control function with name 000000000000000lx has claimed address 198344577 on channel 2684363008.
[ 815.547] [ISOBUS] addr=0x81 claimed=Y load=13.6% msgs=6020 aiso=193(271426ms) xte=-138.25m spd=0.00m/s q=0 ggaAge=73 vtgAge=72 xteAge=72 vt=N(0/22) vtstat=24/171670ms tc=N drp=0mm tcq=0
[ 815.547] I] [NM]: Control function with address 205 and NAME 000000000000000lx is now offline on channel 198344577.
[ 816.293] I] [NM]: External control function with name 000000000000000lx has claimed address 197275905 on channel 536876800.
[ 816.293] [ISOBUS] addr=0x81 claimed=Y load=13.5% msgs=6051 aiso=194(272426ms) xte=-138.25m spd=0.00m/s q=0 ggaAge=72 vtgAge=72 xteAge=71 vt=N(0/22) vtstat=24/172670ms tc=N drp=0mm tcq=0
[ 816.805] I] [NM]: Control function with address 172 and NAME 000000000000000lx is now offline on channel 197275905.
[ 816.805] I] [NM]: External control function with name 000000000000000lx has claimed address 198344577 on channel 2684363008.
[ 817.548] [ISOBUS] addr=0x81 claimed=Y load=13.6% msgs=6082 aiso=195(273426ms) xte=-138.25m spd=0.00m/s q=0 ggaAge=73 vtgAge=72 xteAge=72 vt=N(0/22) vtstat=24/173670ms tc=N drp=0mm tcq=0
[ 817.548] I] [NM]: Control function with address 205 and NAME 000000000000000lx is now offline on channel 198344577.
[ 818.304] I] [NM]: External control function with name 000000000000000lx has claimed address 197275905 on channel 536876800.
[ 818.304] [ISOBUS] addr=0x81 claimed=Y load=13.5% msgs=6113 aiso=196(274426ms) xte=-138.25m spd=0.00m/s q=0 ggaAge=72 vtgAge=72 xteAge=71 vt=N(0/22) vtstat=24/174670ms tc=N drp=0mm tcq=0
[ 818.820] I] [NM]: Control function with address 172 and NAME 000000000000000lx is now offline on channel 197275905.
[ 818.820] I] [NM]: External control function with name 000000000000000lx has claimed address 198344577 on channel 2684363008.
[ 819.553] [ISOBUS] addr=0x81 claimed=Y load=13.6% msgs=6144 aiso=197(275426ms) xte=-138.25m spd=0.00m/s q=0 ggaAge=73 vtgAge=73 xteAge=72 vt=N(0/22) vtstat=24/175670ms tc=N drp=0mm tcq=0
[ 819.553] I] [NM]: Control function with address 205 and NAME 000000000000000lx is now offline on channel 198344577.
[ 819.818] I] [NM]: External control function with name 000000000000000lx has claimed address 197275905 on channel 536876800.
[ 820.814] [ISOBUS] addr=0x81 claimed=Y load=13.5% msgs=6175 aiso=198(276426ms) xte=-138.25m spd=0.00m/s q=0 ggaAge=73 vtgAge=73 xteAge=72 vt=N(0/22) vtstat=24/176670ms tc=N drp=0mm tcq=0
[ 820.814] I] [NM]: Control function with address 172 and NAME 000000000000000lx is now offline on channel 197275905.
[ 820.814] I] [NM]: External control function with name 000000000000000lx has claimed address 198344577 on channel 2684363008.
[ 821.299] [ISOBUS] addr=0x81 claimed=Y load=13.6% msgs=6206 aiso=199(277426ms) xte=-138.25m spd=0.00m/s q=0 ggaAge=64 vtgAge=63 xteAge=63 vt=N(0/22) vtstat=24/177670ms tc=N drp=0mm tcq=0
[ 821.811] I] [NM]: Control function with address 205 and NAME 000000000000000lx is now offline on channel 198344577.
[ 821.811] I] [NM]: External control function with name 000000000000000lx has claimed address 197275905 on channel 536876800.
[ 822.552] [ISOBUS] addr=0x81 claimed=Y load=13.5% msgs=6237 aiso=200(278426ms) xte=-138.25m spd=0.00m/s q=0 ggaAge=73 vtgAge=72 xteAge=72 vt=N(0/22) vtstat=24/178670ms tc=N drp=0mm tcq=0
[ 822.552] I] [NM]: Control function with address 172 and NAME 000000000000000lx is now offline on channel 197275905.
[ 823.291] I] [NM]: External control function with name 000000000000000lx has claimed address 198344577 on channel 2684363008.
[ 823.291] [ISOBUS] addr=0x81 claimed=Y load=13.6% msgs=6268 aiso=201(279426ms) xte=-138.25m spd=0.00m/s q=0 ggaAge=73 vtgAge=72 xteAge=72 vt=N(0/22) vtstat=24/179670ms tc=N drp=0mm tcq=0
[ 823.813] I] [NM]: Control function with address 205 and NAME 000000000000000lx is now offline on channel 198344577.
[ 823.813] I] [NM]: External control function with name 000000000000000lx has claimed address 197275905 on channel 536876800.
[ 824.552] [ISOBUS] addr=0x81 claimed=Y load=13.5% msgs=6299 aiso=202(280426ms) xte=-138.25m spd=0.00m/s q=0 ggaAge=72 vtgAge=72 xteAge=71 vt=N(0/22) vtstat=24/180670ms tc=N drp=0mm tcq=0
[ 824.552] I] [NM]: Control function with address 172 and NAME 000000000000000lx is now offline on channel 197275905.
[ 825.299] I] [NM]: External control function with name 000000000000000lx has claimed address 198344577 on channel 2684363008.
[ 825.299] [ISOBUS] addr=0x81 claimed=Y load=13.6% msgs=6330 aiso=203(281426ms) xte=-138.25m spd=0.00m/s q=0 ggaAge=72 vtgAge=71 xteAge=71 vt=N(0/22) vtstat=24/181670ms tc=N drp=0mm tcq=0
[ 825.804] I] [NM]: Control function with address 205 and NAME 000000000000000lx is now offline on channel 198344577.
[ 825.804] I] [NM]: External control function with name 000000000000000lx has claimed address 197275905 on channel 536876800.
[ 826.547] [ISOBUS] addr=0x81 claimed=Y load=13.5% msgs=6361 aiso=204(282426ms) xte=-138.25m spd=0.00m/s q=0 ggaAge=73 vtgAge=72 xteAge=72 vt=N(0/22) vtstat=24/182670ms tc=N drp=0mm tcq=0
[ 826.547] I] [NM]: Control function with address 172 and NAME 000000000000000lx is now offline on channel 197275905.
[ 826.818] I] [NM]: External control function with name 000000000000000lx has claimed address 198344577 on channel 2684363008.
[ 827.819] [ISOBUS] addr=0x81 claimed=Y load=13.6% msgs=6392 aiso=205(283426ms) xte=-138.25m spd=0.00m/s q=0 ggaAge=73 vtgAge=72 xteAge=66 vt=N(0/22) vtstat=24/183670ms tc=N drp=0mm tcq=0
[ 827.819] I] [NM]: Control function with address 205 and NAME 000000000000000lx is now offline on channel 198344577.
[ 827.819] I] [NM]: External control function with name 000000000000000lx has claimed address 197275905 on channel 536876800.
[ 828.303] [ISOBUS] addr=0x81 claimed=Y load=13.5% msgs=6423 aiso=206(284426ms) xte=-138.25m spd=0.00m/s q=0 ggaAge=72 vtgAge=72 xteAge=71 vt=N(0/22) vtstat=24/184670ms tc=N drp=0mm tcq=0
[ 828.818] I] [NM]: Control function with address 172 and NAME 000000000000000lx is now offline on channel 197275905.
[ 828.818] I] [NM]: External control function with name 000000000000000lx has claimed address 198344577 on channel 2684363008.
[ 829.546] [ISOBUS] addr=0x81 claimed=Y load=13.6% msgs=6454 aiso=207(285426ms) xte=-138.25m spd=0.00m/s q=0 ggaAge=73 vtgAge=72 xteAge=72 vt=N(0/22) vtstat=24/185670ms tc=N drp=0mm tcq=0
[ 829.546] I] [NM]: Control function with address 205 and NAME 000000000000000lx is now offline on channel 198344577.
[ 830.305] I] [NM]: External control function with name 000000000000000lx has claimed address 197275905 on channel 536876800.
[ 830.305] [ISOBUS] addr=0x81 claimed=Y load=13.5% msgs=6485 aiso=208(286426ms) xte=-138.25m spd=0.00m/s q=0 ggaAge=73 vtgAge=73 xteAge=72 vt=N(0/22) vtstat=24/186670ms tc=N drp=0mm tcq=0
[ 830.816] I] [NM]: Control function with address 172 and NAME 000000000000000lx is now offline on channel 197275905.
[ 830.816] I] [NM]: External control function with name 000000000000000lx has claimed address 198344577 on channel 2684363008.
[ 831.553] [ISOBUS] addr=0x81 claimed=Y load=13.6% msgs=6516 aiso=209(287426ms) xte=-138.25m spd=0.00m/s q=0 ggaAge=72 vtgAge=72 xteAge=71 vt=N(0/22) vtstat=24/187670ms tc=N drp=0mm tcq=0
[ 831.553] I] [NM]: Control function with address 205 and NAME 000000000000000lx is now offline on channel 198344577.
[ 832.304] I] [NM]: External control function with name 000000000000000lx has claimed address 197275905 on channel 536876800.
[ 832.316] [ISOBUS] addr=0x81 claimed=Y load=13.5% msgs=6547 aiso=210(288426ms) xte=-138.25m spd=0.00m/s q=0 ggaAge=73 vtgAge=73 xteAge=72 vt=N(0/22) vtstat=24/188670ms tc=N drp=0mm tcq=0
[ 832.819] I] [NM]: Control function with address 172 and NAME 000000000000000lx is now offline on channel 197275905.
[ 832.819] I] [NM]: External control function with name 000000000000000lx has claimed address 198344577 on channel 2684363008.
[ 833.552] [ISOBUS] addr=0x81 claimed=Y load=13.6% msgs=6578 aiso=211(289426ms) xte=-138.25m spd=0.00m/s q=0 ggaAge=73 vtgAge=72 xteAge=72 vt=N(0/22) vtstat=24/189670ms tc=N drp=0mm tcq=0
[ 833.552] I] [NM]: Control function with address 205 and NAME 000000000000000lx is now offline on channel 198344577.
[ 833.808] I] [NM]: External control function with name 000000000000000lx has claimed address 197275905 on channel 536876800.
[ 834.820] [ISOBUS] addr=0x81 claimed=Y load=13.5% msgs=6609 aiso=212(290426ms) xte=-138.25m spd=0.00m/s q=0 ggaAge=72 vtgAge=71 xteAge=71 vt=N(0/22) vtstat=24/190670ms tc=N drp=0mm tcq=0
[ 834.820] I] [NM]: Control function with address 172 and NAME 000000000000000lx is now offline on channel 197275905.
[ 834.820] I] [NM]: External control function with name 000000000000000lx has claimed address 198344577 on channel 2684363008.
[ 835.299] [ISOBUS] addr=0x81 claimed=Y load=13.6% msgs=6640 aiso=213(291426ms) xte=-138.25m spd=0.00m/s q=0 ggaAge=73 vtgAge=72 xteAge=71 vt=N(0/22) vtstat=24/191670ms tc=N drp=0mm tcq=0
[ 835.813] I] [NM]: Control function with address 205 and NAME 000000000000000lx is now offline on channel 198344577.
[ 835.813] I] [NM]: External control function with name 000000000000000lx has claimed address 197275905 on channel 536876800.
[ 836.549] [ISOBUS] addr=0x81 claimed=Y load=13.5% msgs=6671 aiso=214(292426ms) xte=-138.25m spd=0.00m/s q=0 ggaAge=64 vtgAge=63 xteAge=63 vt=N(0/22) vtstat=24/192670ms tc=N drp=0mm tcq=0
[ 836.549] I] [NM]: Control function with address 172 and NAME 000000000000000lx is now offline on channel 197275905.
[ 837.300] I] [NM]: External control function with name 000000000000000lx has claimed address 198344577 on channel 2684363008.
[ 837.302] [ISOBUS] addr=0x81 claimed=Y load=13.6% msgs=6702 aiso=215(293426ms) xte=-138.25m spd=0.00m/s q=0 ggaAge=72 vtgAge=72 xteAge=71 vt=N(0/22) vtstat=24/193670ms tc=N drp=0mm tcq=0
[ 837.819] I] [NM]: Control function with address 205 and NAME 000000000000000lx is now offline on channel 198344577.
[ 837.819] I] [NM]: External control function with name 000000000000000lx has claimed address 197275905 on channel 536876800.
[ 838.552] [ISOBUS] addr=0x81 claimed=Y load=13.5% msgs=6733 aiso=216(294426ms) xte=-138.25m spd=0.00m/s q=0 ggaAge=72 vtgAge=72 xteAge=71 vt=N(0/22) vtstat=24/194670ms tc=N drp=0mm tcq=0
[ 838.552] I] [NM]: Control function with address 172 and NAME 000000000000000lx is now offline on channel 197275905.
[ 839.298] I] [NM]: External control function with name 000000000000000lx has claimed address 198344577 on channel 2684363008.
[ 839.298] [ISOBUS] addr=0x81 claimed=Y load=13.6% msgs=6764 aiso=217(295426ms) xte=-138.25m spd=0.00m/s q=0 ggaAge=73 vtgAge=72 xteAge=71 vt=N(0/22) vtstat=24/195670ms tc=N drp=0mm tcq=0
[ 839.815] I] [NM]: Control function with address 205 and NAME 000000000000000lx is now offline on channel 198344577.
[ 839.815] I] [NM]: External control function with name 000000000000000lx has claimed address 197275905 on channel 536876800.
[ 840.557] [ISOBUS] addr=0x81 claimed=Y load=13.5% msgs=6795 aiso=218(296426ms) xte=-138.25m spd=0.00m/s q=0 ggaAge=73 vtgAge=72 xteAge=72 vt=N(0/22) vtstat=24/196670ms tc=N drp=0mm tcq=0
[ 840.557] I] [NM]: Control function with address 172 and NAME 000000000000000lx is now offline on channel 197275905.
[ 840.816] I] [NM]: External control function with name 000000000000000lx has claimed address 198344577 on channel 2684363008.
[ 841.815] [ISOBUS] addr=0x81 claimed=Y load=13.6% msgs=6826 aiso=219(297426ms) xte=-138.25m spd=0.00m/s q=0 ggaAge=73 vtgAge=72 xteAge=72 vt=N(0/22) vtstat=24/197670ms tc=N drp=0mm tcq=0
[ 841.815] I] [NM]: Control function with address 205 and NAME 000000000000000lx is now offline on channel 198344577.
[ 841.815] I] [NM]: External control function with name 000000000000000lx has claimed address 197275905 on channel 536876800.
[ 842.297] [ISOBUS] addr=0x81 claimed=Y load=13.5% msgs=6857 aiso=220(298426ms) xte=-138.25m spd=0.00m/s q=0 ggaAge=73 vtgAge=72 xteAge=71 vt=N(0/22) vtstat=24/198670ms tc=N drp=0mm tcq=0
[ 842.820] I] [NM]: Control function with address 172 and NAME 000000000000000lx is now offline on channel 197275905.
[ 842.820] I] [NM]: External control function with name 000000000000000lx has claimed address 198344577 on channel 2684363008.
[ 843.550] [ISOBUS] addr=0x81 claimed=Y load=13.6% msgs=6888 aiso=221(299426ms) xte=-138.25m spd=0.00m/s q=0 ggaAge=72 vtgAge=72 xteAge=71 vt=N(0/22) vtstat=24/199670ms tc=N drp=0mm tcq=0
[ 843.550] I] [NM]: Control function with address 205 and NAME 000000000000000lx is now offline on channel 198344577.
[ 844.296] I] [NM]: External control function with name 000000000000000lx has claimed address 197275905 on channel 536876800.
[ 844.296] [ISOBUS] addr=0x81 claimed=Y load=13.5% msgs=6919 aiso=222(300426ms) xte=-138.25m spd=0.00m/s q=0 ggaAge=73 vtgAge=72 xteAge=72 vt=N(0/22) vtstat=24/200670ms tc=N drp=0mm tcq=0
[ 844.816] I] [NM]: Control function with address 172 and NAME 000000000000000lx is now offline on channel 197275905.
[ 844.816] I] [NM]: External control function with name 000000000000000lx has claimed address 198344577 on channel 2684363008.
[ 845.547] [ISOBUS] addr=0x81 claimed=Y load=13.6% msgs=6950 aiso=223(301426ms) xte=-138.25m spd=0.00m/s q=0 ggaAge=73 vtgAge=72 xteAge=72 vt=N(0/22) vtstat=24/201670ms tc=N drp=0mm tcq=0
[ 845.547] I] [NM]: Control function with address 205 and NAME 000000000000000lx is now offline on channel 198344577.
[ 846.302] I] [NM]: External control function with name 000000000000000lx has claimed address 197275905 on channel 536876800.
[ 846.302] [ISOBUS] addr=0x81 claimed=Y load=13.5% msgs=6981 aiso=224(302426ms) xte=-138.25m spd=0.00m/s q=0 ggaAge=72 vtgAge=72 xteAge=71 vt=N(0/22) vtstat=24/202670ms tc=N drp=0mm tcq=0
[ 846.819] I] [NM]: Control function with address 172 and NAME 000000000000000lx is now offline on channel 197275905.
[ 846.819] I] [NM]: External control function with name 000000000000000lx has claimed address 198344577 on channel 2684363008.
[ 847.553] [ISOBUS] addr=0x81 claimed=Y load=13.6% msgs=7012 aiso=225(303426ms) xte=-138.25m spd=0.00m/s q=0 ggaAge=73 vtgAge=72 xteAge=71 vt=N(0/22) vtstat=24/203670ms tc=N drp=0mm tcq=0
[ 847.553] I] [NM]: Control function with address 205 and NAME 000000000000000lx is now offline on channel 198344577.
[ 847.814] I] [NM]: External control function with name 000000000000000lx has claimed address 197275905 on channel 536876800.
[ 848.813] [ISOBUS] addr=0x81 claimed=Y load=13.5% msgs=7043 aiso=226(304426ms) xte=-138.25m spd=0.00m/s q=0 ggaAge=73 vtgAge=72 xteAge=72 vt=N(0/22) vtstat=24/204670ms tc=N drp=0mm tcq=0
[ 848.813] I] [NM]: Control function with address 172 and NAME 000000000000000lx is now offline on channel 197275905.
[ 848.813] I] [NM]: External control function with name 000000000000000lx has claimed address 198344577 on channel 2684363008.
[ 849.292] [ISOBUS] addr=0x81 claimed=Y load=13.6% msgs=7074 aiso=227(305426ms) xte=-138.25m spd=0.00m/s q=0 ggaAge=73 vtgAge=72 xteAge=71 vt=N(0/22) vtstat=24/205670ms tc=N drp=0mm tcq=0
[ 849.820] I] [NM]: Control function with address 205 and NAME 000000000000000lx is now offline on channel 198344577.
[ 849.820] I] [NM]: External control function with name 000000000000000lx has claimed address 197275905 on channel 536876800.
[ 850.548] [ISOBUS] addr=0x81 claimed=Y load=13.5% msgs=7105 aiso=228(306426ms) xte=-138.25m spd=0.00m/s q=0 ggaAge=73 vtgAge=72 xteAge=71 vt=N(0/22) vtstat=24/206670ms tc=N drp=0mm tcq=0
[ 850.548] I] [NM]: Control function with address 172 and NAME 000000000000000lx is now offline on channel 197275905.
[ 851.297] I] [NM]: External control function with name 000000000000000lx has claimed address 198344577 on channel 2684363008.
[ 851.302] [ISOBUS] addr=0x81 claimed=Y load=13.6% msgs=7136 aiso=229(307426ms) xte=-138.25m spd=0.00m/s q=0 ggaAge=72 vtgAge=72 xteAge=71 vt=N(0/22) vtstat=24/207670ms tc=N drp=0mm tcq=0
[ 851.815] I] [NM]: Control function with address 205 and NAME 000000000000000lx is now offline on channel 198344577.
[ 851.815] I] [NM]: External control function with name 000000000000000lx has claimed address 197275905 on channel 536876800.
[ 852.551] [ISOBUS] addr=0x81 claimed=Y load=13.5% msgs=7167 aiso=230(308426ms) xte=-138.25m spd=0.00m/s q=0 ggaAge=72 vtgAge=72 xteAge=71 vt=N(0/22) vtstat=24/208670ms tc=N drp=0mm tcq=0
[ 852.551] I] [NM]: Control function with address 172 and NAME 000000000000000lx is now offline on channel 197275905.
[ 853.295] I] [NM]: External control function with name 000000000000000lx has claimed address 198344577 on channel 2684363008.
[ 853.295] [ISOBUS] addr=0x81 claimed=Y load=13.6% msgs=7198 aiso=231(309426ms) xte=-138.25m spd=0.00m/s q=0 ggaAge=72 vtgAge=71 xteAge=71 vt=N(0/22) vtstat=24/209670ms tc=N drp=0mm tcq=0
[ 853.820] I] [NM]: Control function with address 205 and NAME 000000000000000lx is now offline on channel 198344577.
[ 853.820] I] [NM]: External control function with name 000000000000000lx has claimed address 197275905 on channel 536876800.
[ 854.550] [ISOBUS] addr=0x81 claimed=Y load=13.5% msgs=7229 aiso=232(310426ms) xte=-138.25m spd=0.00m/s q=0 ggaAge=73 vtgAge=72 xteAge=72 vt=N(0/22) vtstat=24/210670ms tc=N drp=0mm tcq=0
[ 854.550] I] [NM]: Control function with address 172 and NAME 000000000000000lx is now offline on channel 197275905.
[ 854.821] I] [NM]: External control function with name 000000000000000lx has claimed address 198344577 on channel 2684363008.
[ 855.821] [ISOBUS] addr=0x81 claimed=Y load=13.6% msgs=7260 aiso=233(311426ms) xte=-138.25m spd=0.00m/s q=0 ggaAge=73 vtgAge=72 xteAge=72 vt=N(0/22) vtstat=24/211670ms tc=N drp=0mm tcq=0
[ 855.821] I] [NM]: Control function with address 205 and NAME 000000000000000lx is now offline on channel 198344577.
[ 855.821] I] [NM]: External control function with name 000000000000000lx has claimed address 197275905 on channel 536876800.
[ 856.300] [ISOBUS] addr=0x81 claimed=Y load=13.5% msgs=7291 aiso=234(312426ms) xte=-138.25m spd=0.00m/s q=0 ggaAge=72 vtgAge=72 xteAge=71 vt=N(0/22) vtstat=24/212670ms tc=N drp=0mm tcq=0
[ 856.820] I] [NM]: Control function with address 172 and NAME 000000000000000lx is now offline on channel 197275905.
[ 856.820] I] [NM]: External control function with name 000000000000000lx has claimed address 198344577 on channel 2684363008.
[ 857.550] [ISOBUS] addr=0x81 claimed=Y load=13.6% msgs=7322 aiso=235(313426ms) xte=-138.25m spd=0.00m/s q=0 ggaAge=72 vtgAge=72 xteAge=71 vt=N(0/22) vtstat=24/213670ms tc=N drp=0mm tcq=0
[ 857.550] I] [NM]: Control function with address 205 and NAME 000000000000000lx is now offline on channel 198344577.
[ 858.303] I] [NM]: External control function with name 000000000000000lx has claimed address 197275905 on channel 536876800.
[ 858.303] [ISOBUS] addr=0x81 claimed=Y load=13.5% msgs=7353 aiso=236(314426ms) xte=-138.25m spd=0.00m/s q=0 ggaAge=73 vtgAge=72 xteAge=71 vt=N(0/22) vtstat=24/214670ms tc=N drp=0mm tcq=0
[ 858.821] I] [NM]: Control function with address 172 and NAME 000000000000000lx is now offline on channel 197275905.
[ 858.821] I] [NM]: External control function with name 000000000000000lx has claimed address 198344577 on channel 2684363008.
[ 859.554] [ISOBUS] addr=0x81 claimed=Y load=13.6% msgs=7384 aiso=237(315426ms) xte=-138.25m spd=0.00m/s q=0 ggaAge=73 vtgAge=72 xteAge=72 vt=N(0/22) vtstat=24/215670ms tc=N drp=0mm tcq=0
[ 859.554] I] [NM]: Control function with address 205 and NAME 000000000000000lx is now offline on channel 198344577.
[ 860.300] I] [NM]: External control function with name 000000000000000lx has claimed address 197275905 on channel 536876800.
[ 860.300] [ISOBUS] addr=0x81 claimed=Y load=13.5% msgs=7415 aiso=238(316426ms) xte=-138.25m spd=0.00m/s q=0 ggaAge=72 vtgAge=71 xteAge=71 vt=N(0/22) vtstat=24/216670ms tc=N drp=0mm tcq=0
[ 860.816] I] [NM]: Control function with address 172 and NAME 000000000000000lx is now offline on channel 197275905.
[ 860.816] I] [NM]: External control function with name 000000000000000lx has claimed address 198344577 on channel 2684363008.
[ 861.551] [ISOBUS] addr=0x81 claimed=Y load=13.6% msgs=7446 aiso=239(317426ms) xte=-138.25m spd=0.00m/s q=0 ggaAge=72 vtgAge=72 xteAge=71 vt=N(0/22) vtstat=24/217670ms tc=N drp=0mm tcq=0
[ 861.551] I] [NM]: Control function with address 205 and NAME 000000000000000lx is now offline on channel 198344577.
[ 861.821] I] [NM]: External control function with name 000000000000000lx has claimed address 197275905 on channel 536876800.
[ 862.821] [ISOBUS] addr=0x81 claimed=Y load=13.5% msgs=7477 aiso=240(318426ms) xte=-138.25m spd=0.00m/s q=0 ggaAge=72 vtgAge=72 xteAge=71 vt=N(0/22) vtstat=24/218670ms tc=N drp=0mm tcq=0
[ 862.821] I] [NM]: Control function with address 172 and NAME 000000000000000lx is now offline on channel 197275905.
[ 862.821] I] [NM]: External control function with name 000000000000000lx has claimed address 198344577 on channel 2684363008.
[ 863.299] [ISOBUS] addr=0x81 claimed=Y load=13.6% msgs=7508 aiso=241(319426ms) xte=-138.25m spd=0.00m/s q=0 ggaAge=72 vtgAge=71 xteAge=70 vt=N(0/22) vtstat=24/219670ms tc=N drp=0mm tcq=0
[ 863.807] I] [NM]: Control function with address 205 and NAME 000000000000000lx is now offline on channel 198344577.
[ 863.807] I] [NM]: External control function with name 000000000000000lx has claimed address 197275905 on channel 536876800.
[ 864.543] [ISOBUS] addr=0x81 claimed=Y load=13.5% msgs=7539 aiso=242(320426ms) xte=-138.25m spd=0.00m/s q=0 ggaAge=73 vtgAge=72 xteAge=71 vt=N(0/22) vtstat=24/220670ms tc=N drp=0mm tcq=0
[ 864.543] I] [NM]: Control function with address 172 and NAME 000000000000000lx is now offline on channel 197275905.
[ 865.297] I] [NM]: External control function with name 000000000000000lx has claimed address 198344577 on channel 2684363008.
[ 865.303] [ISOBUS] addr=0x81 claimed=Y load=13.6% msgs=7570 aiso=243(321426ms) xte=-138.25m spd=0.00m/s q=0 ggaAge=72 vtgAge=72 xteAge=71 vt=N(0/22) vtstat=24/221670ms tc=N drp=0mm tcq=0
[ 865.820] I] [NM]: Control function with address 205 and NAME 000000000000000lx is now offline on channel 198344577.
[ 865.820] I] [NM]: External control function with name 000000000000000lx has claimed address 197275905 on channel 536876800.
[ 866.548] [ISOBUS] addr=0x81 claimed=Y load=13.5% msgs=7601 aiso=244(322426ms) xte=-138.25m spd=0.00m/s q=0 ggaAge=72 vtgAge=71 xteAge=70 vt=N(0/22) vtstat=24/222670ms tc=N drp=0mm tcq=0
[ 866.548] I] [NM]: Control function with address 172 and NAME 000000000000000lx is now offline on channel 197275905.
[ 867.306] I] [NM]: External control function with name 000000000000000lx has claimed address 198344577 on channel 2684363008.
[ 867.306] [ISOBUS] addr=0x81 claimed=Y load=13.6% msgs=7632 aiso=245(323426ms) xte=-138.25m spd=0.00m/s q=0 ggaAge=72 vtgAge=71 xteAge=71 vt=N(0/22) vtstat=24/223670ms tc=N drp=0mm tcq=0
[ 867.821] I] [NM]: Control function with address 205 and NAME 000000000000000lx is now offline on channel 198344577.
[ 867.821] I] [NM]: External control function with name 000000000000000lx has claimed address 197275905 on channel 536876800.
[ 868.545] [ISOBUS] addr=0x81 claimed=Y load=13.5% msgs=7663 aiso=246(324426ms) xte=-138.25m spd=0.00m/s q=0 ggaAge=72 vtgAge=72 xteAge=71 vt=N(0/22) vtstat=24/224670ms tc=N drp=0mm tcq=0
[ 868.545] I] [NM]: Control function with address 172 and NAME 000000000000000lx is now offline on channel 197275905.
[ 868.814] I] [NM]: External control function with name 000000000000000lx has claimed address 198344577 on channel 2684363008.
[ 869.813] [ISOBUS] addr=0x81 claimed=Y load=13.6% msgs=7694 aiso=247(325426ms) xte=-138.25m spd=0.00m/s q=0 ggaAge=72 vtgAge=72 xteAge=71 vt=N(0/22) vtstat=24/225670ms tc=N drp=0mm tcq=0
[ 869.813] I] [NM]: Control function with address 205 and NAME 000000000000000lx is now offline on channel 198344577.
[ 869.813] I] [NM]: External control function with name 000000000000000lx has claimed address 197275905 on channel 536876800.
[ 870.302] [ISOBUS] addr=0x81 claimed=Y load=13.5% msgs=7725 aiso=248(326426ms) xte=-138.25m spd=0.00m/s q=0 ggaAge=72 vtgAge=71 xteAge=71 vt=N(0/22) vtstat=24/226670ms tc=N drp=0mm tcq=0
[ 870.818] I] [NM]: Control function with address 172 and NAME 000000000000000lx is now offline on channel 197275905.
[ 870.818] I] [NM]: External control function with name 000000000000000lx has claimed address 198344577 on channel 2684363008.
[ 871.539] [ISOBUS] addr=0x81 claimed=Y load=13.6% msgs=7756 aiso=249(327426ms) xte=-138.25m spd=0.00m/s q=0 ggaAge=72 vtgAge=71 xteAge=71 vt=N(0/22) vtstat=24/227670ms tc=N drp=0mm tcq=0
[ 871.539] I] [NM]: Control function with address 205 and NAME 000000000000000lx is now offline on channel 198344577.
[ 872.299] I] [NM]: External control function with name 000000000000000lx has claimed address 197275905 on channel 536876800.
[ 872.299] [ISOBUS] addr=0x81 claimed=Y load=13.5% msgs=7787 aiso=250(328426ms) xte=-138.25m spd=0.00m/s q=0 ggaAge=72 vtgAge=71 xteAge=71 vt=N(0/22) vtstat=24/228670ms tc=N drp=0mm tcq=0
[ 872.821] I] [NM]: Control function with address 172 and NAME 000000000000000lx is now offline on channel 197275905.
[ 872.821] I] [NM]: External control function with name 000000000000000lx has claimed address 198344577 on channel 2684363008.
[ 873.552] [ISOBUS] addr=0x81 claimed=Y load=13.6% msgs=7818 aiso=251(329426ms) xte=-138.25m spd=0.00m/s q=0 ggaAge=72 vtgAge=71 xteAge=71 vt=N(0/22) vtstat=24/229670ms tc=N drp=0mm tcq=0
[ 873.552] I] [NM]: Control function with address 205 and NAME 000000000000000lx is now offline on channel 198344577.
[ 874.302] I] [NM]: External control function with name 000000000000000lx has claimed address 197275905 on channel 536876800.
[ 874.302] [ISOBUS] addr=0x81 claimed=Y load=13.5% msgs=7849 aiso=252(330426ms) xte=-138.25m spd=0.00m/s q=0 ggaAge=73 vtgAge=72 xteAge=72 vt=N(0/22) vtstat=24/230670ms tc=N drp=0mm tcq=0
[ 874.814] I] [NM]: Control function with address 172 and NAME 000000000000000lx is now offline on channel 197275905.
[ 874.814] I] [NM]: External control function with name 000000000000000lx has claimed address 198344577 on channel 2684363008.
[ 875.552] [ISOBUS] addr=0x81 claimed=Y load=13.6% msgs=7880 aiso=253(331426ms) xte=-138.25m spd=0.00m/s q=0 ggaAge=72 vtgAge=71 xteAge=71 vt=N(0/22) vtstat=24/231670ms tc=N drp=0mm tcq=0
[ 875.552] I] [NM]: Control function with address 205 and NAME 000000000000000lx is now offline on channel 198344577.
[ 875.813] I] [NM]: External control function with name 000000000000000lx has claimed address 197275905 on channel 536876800.
[ 876.812] [ISOBUS] addr=0x81 claimed=Y load=13.5% msgs=7911 aiso=254(332426ms) xte=-138.25m spd=0.00m/s q=0 ggaAge=72 vtgAge=71 xteAge=70 vt=N(0/22) vtstat=24/232670ms tc=N drp=0mm tcq=0
[ 876.812] I] [NM]: Control function with address 172 and NAME 000000000000000lx is now offline on channel 197275905.
[ 876.812] I] [NM]: External control function with name 000000000000000lx has claimed address 198344577 on channel 2684363008.
[ 877.297] [ISOBUS] addr=0x81 claimed=Y load=13.6% msgs=7942 aiso=255(333426ms) xte=-138.25m spd=0.00m/s q=0 ggaAge=73 vtgAge=72 xteAge=72 vt=N(0/22) vtstat=24/233670ms tc=N drp=0mm tcq=0
[ 877.820] I] [NM]: Control function with address 205 and NAME 000000000000000lx is now offline on channel 198344577.
[ 877.820] I] [NM]: External control function with name 000000000000000lx has claimed address 197275905 on channel 536876800.
[ 878.550] [ISOBUS] addr=0x81 claimed=Y load=13.5% msgs=7973 aiso=256(334426ms) xte=-138.25m spd=0.00m/s q=0 ggaAge=72 vtgAge=71 xteAge=71 vt=N(0/22) vtstat=24/234670ms tc=N drp=0mm tcq=0
[ 878.550] I] [NM]: Control function with address 172 and NAME 000000000000000lx is now offline on channel 197275905.
[ 879.297] I] [NM]: External control function with name 000000000000000lx has claimed address 198344577 on channel 2684363008.
[ 879.297] [ISOBUS] addr=0x81 claimed=Y load=13.6% msgs=8004 aiso=257(335426ms) xte=-138.25m spd=0.00m/s q=0 ggaAge=72 vtgAge=72 xteAge=71 vt=N(0/22) vtstat=24/235670ms tc=N drp=0mm tcq=0
[ 879.808] I] [NM]: Control function with address 205 and NAME 000000000000000lx is now offline on channel 198344577.
[ 879.808] I] [NM]: External control function with name 000000000000000lx has claimed address 197275905 on channel 536876800.
[ 880.549] [ISOBUS] addr=0x81 claimed=Y load=13.5% msgs=8035 aiso=258(336426ms) xte=-138.25m spd=0.00m/s q=0 ggaAge=72 vtgAge=71 xteAge=71 vt=N(0/22) vtstat=24/236670ms tc=N drp=0mm tcq=0
[ 880.549] I] [NM]: Control function with address 172 and NAME 000000000000000lx is now offline on channel 197275905.
[ 881.292] I] [NM]: External control function with name 000000000000000lx has claimed address 198344577 on channel 2684363008.
[ 881.303] [ISOBUS] addr=0x81 claimed=Y load=13.6% msgs=8066 aiso=259(337426ms) xte=-138.25m spd=0.00m/s q=0 ggaAge=72 vtgAge=71 xteAge=71 vt=N(0/22) vtstat=24/237670ms tc=N drp=0mm tcq=0
[ 881.817] I] [NM]: Control function with address 205 and NAME 000000000000000lx is now offline on channel 198344577.
[ 881.817] I] [NM]: External control function with name 000000000000000lx has claimed address 197275905 on channel 536876800.
[ 882.551] [ISOBUS] addr=0x81 claimed=Y load=13.5% msgs=8097 aiso=260(338426ms) xte=-138.25m spd=0.00m/s q=0 ggaAge=73 vtgAge=72 xteAge=71 vt=N(0/22) vtstat=24/238670ms tc=N drp=0mm tcq=0
[ 882.551] I] [NM]: Control function with address 172 and NAME 000000000000000lx is now offline on channel 197275905.
[ 882.816] I] [NM]: External control function with name 000000000000000lx has claimed address 198344577 on channel 2684363008.
[ 883.817] [ISOBUS] addr=0x81 claimed=Y load=13.6% msgs=8128 aiso=261(339426ms) xte=-138.25m spd=0.00m/s q=0 ggaAge=73 vtgAge=72 xteAge=71 vt=N(0/22) vtstat=24/239670ms tc=N drp=0mm tcq=0
[ 883.817] I] [NM]: Control function with address 205 and NAME 000000000000000lx is now offline on channel 198344577.
[ 883.817] I] [NM]: External control function with name 000000000000000lx has claimed address 197275905 on channel 536876800.
[ 884.306] [ISOBUS] addr=0x81 claimed=Y load=13.5% msgs=8159 aiso=262(340426ms) xte=-138.25m spd=0.00m/s q=0 ggaAge=73 vtgAge=72 xteAge=71 vt=N(0/22) vtstat=24/240670ms tc=N drp=0mm tcq=0
[ 884.808] I] [NM]: Control function with address 172 and NAME 000000000000000lx is now offline on channel 197275905.
[ 884.808] I] [NM]: External control function with name 000000000000000lx has claimed address 198344577 on channel 2684363008.
[ 885.549] [ISOBUS] addr=0x81 claimed=Y load=13.6% msgs=8190 aiso=263(341426ms) xte=-138.25m spd=0.00m/s q=0 ggaAge=72 vtgAge=72 xteAge=71 vt=N(0/22) vtstat=24/241670ms tc=N drp=0mm tcq=0
[ 885.549] I] [NM]: Control function with address 205 and NAME 000000000000000lx is now offline on channel 198344577.
[ 886.297] I] [NM]: External control function with name 000000000000000lx has claimed address 197275905 on channel 536876800.
[ 886.297] [ISOBUS] addr=0x81 claimed=Y load=13.5% msgs=8221 aiso=264(342426ms) xte=-138.25m spd=0.00m/s q=0 ggaAge=72 vtgAge=72 xteAge=71 vt=N(0/22) vtstat=24/242670ms tc=N drp=0mm tcq=0
[ 886.818] I] [NM]: Control function with address 172 and NAME 000000000000000lx is now offline on channel 197275905.
[ 886.818] I] [NM]: External control function with name 000000000000000lx has claimed address 198344577 on channel 2684363008.
[ 887.558] [ISOBUS] addr=0x81 claimed=Y load=13.6% msgs=8252 aiso=265(343426ms) xte=-138.25m spd=0.00m/s q=0 ggaAge=71 vtgAge=71 xteAge=70 vt=N(0/22) vtstat=24/243670ms tc=N drp=0mm tcq=0
[ 887.558] I] [NM]: Control function with address 205 and NAME 000000000000000lx is now offline on channel 198344577.
[ 888.294] I] [NM]: External control function with name 000000000000000lx has claimed address 197275905 on channel 536876800.
[ 888.294] [ISOBUS] addr=0x81 claimed=Y load=13.5% msgs=8283 aiso=266(344426ms) xte=-138.25m spd=0.00m/s q=0 ggaAge=72 vtgAge=72 xteAge=71 vt=N(0/22) vtstat=24/244670ms tc=N drp=0mm tcq=0
[ 888.821] I] [NM]: Control function with address 172 and NAME 000000000000000lx is now offline on channel 197275905.
[ 888.821] I] [NM]: External control function with name 000000000000000lx has claimed address 198344577 on channel 2684363008.
[ 889.553] [ISOBUS] addr=0x81 claimed=Y load=13.6% msgs=8314 aiso=267(345426ms) xte=-138.25m spd=0.00m/s q=0 ggaAge=72 vtgAge=71 xteAge=71 vt=N(0/22) vtstat=24/245670ms tc=N drp=0mm tcq=0
[ 889.553] I] [NM]: Control function with address 205 and NAME 000000000000000lx is now offline on channel 198344577.
[ 889.821] I] [NM]: External control function with name 000000000000000lx has claimed address 197275905 on channel 536876800.
[ 890.555] [ISOBUS] addr=0x81 claimed=Y load=13.5% msgs=8345 aiso=268(346426ms) xte=-138.25m spd=0.00m/s q=0 ggaAge=72 vtgAge=72 xteAge=71 vt=N(0/22) vtstat=24/246670ms tc=N drp=0mm tcq=0
[ 890.556] I] [NM]: Control function with address 172 and NAME 000000000000000lx is now offline on channel 197275905.
[ 891.293] I] [NM]: External control function with name 000000000000000lx has claimed address 198344577 on channel 2684363008.
[ 891.293] [ISOBUS] addr=0x81 claimed=Y load=13.6% msgs=8376 aiso=269(347426ms) xte=-138.25m spd=0.00m/s q=0 ggaAge=72 vtgAge=71 xteAge=71 vt=N(0/22) vtstat=24/247670ms tc=N drp=0mm tcq=0
[ 891.816] I] [NM]: Control function with address 205 and NAME 000000000000000lx is now offline on channel 198344577.
[ 891.816] I] [NM]: External control function with name 000000000000000lx has claimed address 197275905 on channel 536876800.
[ 892.553] [ISOBUS] addr=0x81 claimed=Y load=13.5% msgs=8407 aiso=270(348426ms) xte=-138.25m spd=0.00m/s q=0 ggaAge=72 vtgAge=71 xteAge=71 vt=N(0/22) vtstat=24/248670ms tc=N drp=0mm tcq=0
[ 892.553] I] [NM]: Control function with address 172 and NAME 000000000000000lx is now offline on channel 197275905.
[ 893.307] I] [NM]: External control function with name 000000000000000lx has claimed address 198344577 on channel 2684363008.
[ 893.307] [ISOBUS] addr=0x81 claimed=Y load=13.6% msgs=8438 aiso=271(349426ms) xte=-138.25m spd=0.00m/s q=0 ggaAge=63 vtgAge=61 xteAge=61 vt=N(0/22) vtstat=24/249670ms tc=N drp=0mm tcq=0
[ 893.816] I] [NM]: Control function with address 205 and NAME 000000000000000lx is now offline on channel 198344577.
[ 893.816] I] [NM]: External control function with name 000000000000000lx has claimed address 197275905 on channel 536876800.
[ 894.551] [ISOBUS] addr=0x81 claimed=Y load=13.5% msgs=8469 aiso=272(350426ms) xte=-138.25m spd=0.00m/s q=0 ggaAge=72 vtgAge=71 xteAge=71 vt=N(0/22) vtstat=24/250670ms tc=N drp=0mm tcq=0
[ 894.551] I] [NM]: Control function with address 172 and NAME 000000000000000lx is now offline on channel 197275905.
[ 895.295] I] [NM]: External control function with name 000000000000000lx has claimed address 198344577 on channel 2684363008.
[ 895.295] [ISOBUS] addr=0x81 claimed=Y load=13.6% msgs=8500 aiso=273(351426ms) xte=-138.25m spd=0.00m/s q=0 ggaAge=72 vtgAge=71 xteAge=71 vt=N(0/22) vtstat=24/251670ms tc=N drp=0mm tcq=0
[ 895.819] I] [NM]: Control function with address 205 and NAME 000000000000000lx is now offline on channel 198344577.
[ 895.819] I] [NM]: External control function with name 000000000000000lx has claimed address 197275905 on channel 536876800.
[ 896.554] [ISOBUS] addr=0x81 claimed=Y load=13.5% msgs=8531 aiso=274(352426ms) xte=-138.25m spd=0.00m/s q=0 ggaAge=72 vtgAge=71 xteAge=71 vt=N(0/22) vtstat=24/252670ms tc=N drp=0mm tcq=0
[ 896.554] I] [NM]: Control function with address 172 and NAME 000000000000000lx is now offline on channel 197275905.
[ 896.819] I] [NM]: External control function with name 000000000000000lx has claimed address 198344577 on channel 2684363008.
[ 897.552] [ISOBUS] addr=0x81 claimed=Y load=13.6% msgs=8562 aiso=275(353426ms) xte=-138.25m spd=0.00m/s q=0 ggaAge=71 vtgAge=71 xteAge=70 vt=N(0/22) vtstat=24/253670ms tc=N drp=0mm tcq=0
[ 897.552] I] [NM]: Control function with address 205 and NAME 000000000000000lx is now offline on channel 198344577.
[ 898.296] I] [NM]: External control function with name 000000000000000lx has claimed address 197275905 on channel 536876800.
[ 898.296] [ISOBUS] addr=0x81 claimed=Y load=13.5% msgs=8593 aiso=276(354426ms) xte=-138.25m spd=0.00m/s q=0 ggaAge=72 vtgAge=72 xteAge=71 vt=N(0/22) vtstat=24/254670ms tc=N drp=0mm tcq=0
[ 898.819] I] [NM]: Control function with address 172 and NAME 000000000000000lx is now offline on channel 197275905.
[ 898.819] I] [NM]: External control function with name 000000000000000lx has claimed address 198344577 on channel 2684363008.
[ 899.548] [ISOBUS] addr=0x81 claimed=Y load=13.6% msgs=8624 aiso=277(355426ms) xte=-138.25m spd=0.00m/s q=0 ggaAge=72 vtgAge=71 xteAge=71 vt=N(0/22) vtstat=24/255670ms tc=N drp=0mm tcq=0
[ 899.548] I] [NM]: Control function with address 205 and NAME 000000000000000lx is now offline on channel 198344577.
[ 900.306] I] [NM]: External control function with name 000000000000000lx has claimed address 197275905 on channel 536876800.
[ 900.306] [ISOBUS] addr=0x81 claimed=Y load=13.5% msgs=8655 aiso=278(356426ms) xte=-138.25m spd=0.00m/s q=0 ggaAge=71 vtgAge=71 xteAge=70 vt=N(0/22) vtstat=24/256670ms tc=N drp=0mm tcq=0
[ 900.813] I] [NM]: Control function with address 172 and NAME 000000000000000lx is now offline on channel 197275905.
[ 900.813] I] [NM]: External control function with name 000000000000000lx has claimed address 198344577 on channel 2684363008.
[ 901.558] [ISOBUS] addr=0x81 claimed=Y load=13.6% msgs=8686 aiso=279(357426ms) xte=-138.25m spd=0.00m/s q=0 ggaAge=71 vtgAge=71 xteAge=70 vt=N(0/22) vtstat=24/257670ms tc=N drp=0mm tcq=0
[ 901.558] I] [NM]: Control function with address 205 and NAME 000000000000000lx is now offline on channel 198344577.
[ 902.300] I] [NM]: External control function with name 000000000000000lx has claimed address 197275905 on channel 536876800.
[ 902.300] [ISOBUS] addr=0x81 claimed=Y load=13.5% msgs=8717 aiso=280(358426ms) xte=-138.25m spd=0.00m/s q=0 ggaAge=72 vtgAge=71 xteAge=71 vt=N(0/22) vtstat=24/258670ms tc=N drp=0mm tcq=0
[ 902.817] I] [NM]: Control function with address 172 and NAME 000000000000000lx is now offline on channel 197275905.
[ 902.817] I] [NM]: External control function with name 000000000000000lx has claimed address 198344577 on channel 2684363008.
[ 903.545] [ISOBUS] addr=0x81 claimed=Y load=13.6% msgs=8748 aiso=281(359426ms) xte=-138.25m spd=0.00m/s q=0 ggaAge=72 vtgAge=71 xteAge=70 vt=N(0/22) vtstat=24/259670ms tc=N drp=0mm tcq=0
[ 903.559] I] [NM]: Control function with address 205 and NAME 000000000000000lx is now offline on channel 198344577.
[ 903.822] I] [NM]: External control function with name 000000000000000lx has claimed address 197275905 on channel 536876800.
[ 904.554] [ISOBUS] addr=0x81 claimed=Y load=13.5% msgs=8779 aiso=282(360426ms) xte=-138.25m spd=0.00m/s q=0 ggaAge=72 vtgAge=71 xteAge=71 vt=N(0/22) vtstat=24/260670ms tc=N drp=0mm tcq=0
[ 904.554] I] [NM]: Control function with address 172 and NAME 000000000000000lx is now offline on channel 197275905.
[ 905.301] I] [NM]: External control function with name 000000000000000lx has claimed address 198344577 on channel 2684363008.
[ 905.301] [ISOBUS] addr=0x81 claimed=Y load=13.6% msgs=8810 aiso=283(361426ms) xte=-138.25m spd=0.00m/s q=0 ggaAge=71 vtgAge=71 xteAge=70 vt=N(0/22) vtstat=24/261670ms tc=N drp=0mm tcq=0
[ 905.819] I] [NM]: Control function with address 205 and NAME 000000000000000lx is now offline on channel 198344577.
[ 905.819] I] [NM]: External control function with name 000000000000000lx has claimed address 197275905 on channel 536876800.
[ 906.560] [ISOBUS] addr=0x81 claimed=Y load=13.5% msgs=8841 aiso=284(362426ms) xte=-138.25m spd=0.00m/s q=0 ggaAge=72 vtgAge=72 xteAge=71 vt=N(0/22) vtstat=24/262670ms tc=N drp=0mm tcq=0
[ 906.560] I] [NM]: Control function with address 172 and NAME 000000000000000lx is now offline on channel 197275905.
[ 907.309] I] [NM]: External control function with name 000000000000000lx has claimed address 198344577 on channel 2684363008.
[ 907.309] [ISOBUS] addr=0x81 claimed=Y load=13.6% msgs=8872 aiso=285(363426ms) xte=-138.25m spd=0.00m/s q=0 ggaAge=72 vtgAge=72 xteAge=71 vt=N(0/22) vtstat=24/263670ms tc=N drp=0mm tcq=0
[ 907.818] I] [NM]: Control function with address 205 and NAME 000000000000000lx is now offline on channel 198344577.
[ 907.818] I] [NM]: External control function with name 000000000000000lx has claimed address 197275905 on channel 536876800.
[ 908.550] [ISOBUS] addr=0x81 claimed=Y load=13.5% msgs=8903 aiso=286(364426ms) xte=-138.25m spd=0.00m/s q=0 ggaAge=67 vtgAge=66 xteAge=65 vt=N(0/22) vtstat=24/264670ms tc=N drp=0mm tcq=0
[ 908.550] I] [NM]: Control function with address 172 and NAME 000000000000000lx is now offline on channel 197275905.
[ 908.814] I] [NM]: External control function with name 000000000000000lx has claimed address 198344577 on channel 2684363008.
[ 909.815] [ISOBUS] addr=0x81 claimed=Y load=13.6% msgs=8934 aiso=287(365426ms) xte=-138.25m spd=0.00m/s q=0 ggaAge=72 vtgAge=72 xteAge=71 vt=N(0/22) vtstat=24/265670ms tc=N drp=0mm tcq=0
[ 909.815] I] [NM]: Control function with address 205 and NAME 000000000000000lx is now offline on channel 198344577.
[ 909.815] I] [NM]: External control function with name 000000000000000lx has claimed address 197275905 on channel 536876800.
[ 910.540] [ISOBUS] addr=0x81 claimed=Y load=13.5% msgs=8965 aiso=288(366426ms) xte=-138.25m spd=0.00m/s q=0 ggaAge=72 vtgAge=72 xteAge=71 vt=N(0/22) vtstat=24/266670ms tc=N drp=0mm tcq=0
[ 910.540] I] [NM]: Control function with address 172 and NAME 000000000000000lx is now offline on channel 197275905.
[ 910.817] I] [NM]: External control function with name 000000000000000lx has claimed address 198344577 on channel 2684363008.
[ 911.553] [ISOBUS] addr=0x81 claimed=Y load=13.6% msgs=8996 aiso=289(367426ms) xte=-138.25m spd=0.00m/s q=0 ggaAge=72 vtgAge=69 xteAge=68 vt=N(0/22) vtstat=24/267670ms tc=N drp=0mm tcq=0
[ 911.553] I] [NM]: Control function with address 205 and NAME 000000000000000lx is now offline on channel 198344577.
[ 912.304] I] [NM]: External control function with name 000000000000000lx has claimed address 197275905 on channel 536876800.
[ 912.305] [ISOBUS] addr=0x81 claimed=Y load=13.5% msgs=9027 aiso=290(368426ms) xte=-138.25m spd=0.00m/s q=0 ggaAge=72 vtgAge=71 xteAge=71 vt=N(0/22) vtstat=24/268670ms tc=N drp=0mm tcq=0
[ 912.823] I] [NM]: Control function with address 172 and NAME 000000000000000lx is now offline on channel 197275905.
[ 912.823] I] [NM]: External control function with name 000000000000000lx has claimed address 198344577 on channel 2684363008.
[ 913.555] [ISOBUS] addr=0x81 claimed=Y load=13.6% msgs=9058 aiso=291(369426ms) xte=-138.25m spd=0.00m/s q=0 ggaAge=71 vtgAge=70 xteAge=70 vt=N(0/22) vtstat=24/269670ms tc=N drp=0mm tcq=0
[ 913.555] I] [NM]: Control function with address 205 and NAME 000000000000000lx is now offline on channel 198344577.
[ 914.300] I] [NM]: External control function with name 000000000000000lx has claimed address 197275905 on channel 536876800.
[ 914.300] [ISOBUS] addr=0x81 claimed=Y load=13.5% msgs=9089 aiso=292(370426ms) xte=-138.25m spd=0.00m/s q=0 ggaAge=72 vtgAge=72 xteAge=71 vt=N(0/22) vtstat=24/270670ms tc=N drp=0mm tcq=0
[ 914.819] I] [NM]: Control function with address 172 and NAME 000000000000000lx is now offline on channel 197275905.
[ 914.819] I] [NM]: External control function with name 000000000000000lx has claimed address 198344577 on channel 2684363008.
[ 915.554] [ISOBUS] addr=0x81 claimed=Y load=13.6% msgs=9120 aiso=293(371426ms) xte=-138.25m spd=0.00m/s q=0 ggaAge=71 vtgAge=71 xteAge=70 vt=N(0/22) vtstat=24/271670ms tc=N drp=0mm tcq=0
[ 915.554] I] [NM]: Control function with address 205 and NAME 000000000000000lx is now offline on channel 198344577.
[ 915.822] I] [NM]: External control function with name 000000000000000lx has claimed address 197275905 on channel 536876800.
[ 916.819] [ISOBUS] addr=0x81 claimed=Y load=13.5% msgs=9151 aiso=294(372426ms) xte=-138.25m spd=0.00m/s q=0 ggaAge=72 vtgAge=72 xteAge=71 vt=N(0/22) vtstat=24/272670ms tc=N drp=0mm tcq=0
[ 916.819] I] [NM]: Control function with address 172 and NAME 000000000000000lx is now offline on channel 197275905.
[ 916.819] I] [NM]: External control function with name 000000000000000lx has claimed address 198344577 on channel 2684363008.
[ 917.299] [ISOBUS] addr=0x81 claimed=Y load=13.6% msgs=9182 aiso=295(373426ms) xte=-138.25m spd=0.00m/s q=0 ggaAge=72 vtgAge=71 xteAge=71 vt=N(0/22) vtstat=24/273670ms tc=N drp=0mm tcq=0
[ 917.822] I] [NM]: Control function with address 205 and NAME 000000000000000lx is now offline on channel 198344577.
[ 917.823] I] [NM]: External control function with name 000000000000000lx has claimed address 197275905 on channel 536876800.
[ 918.543] [ISOBUS] addr=0x81 claimed=Y load=13.5% msgs=9213 aiso=296(374426ms) xte=-138.25m spd=0.00m/s q=0 ggaAge=72 vtgAge=71 xteAge=70 vt=N(0/22) vtstat=24/274670ms tc=N drp=0mm tcq=0
[ 918.543] I] [NM]: Control function with address 172 and NAME 000000000000000lx is now offline on channel 197275905.
[ 919.303] I] [NM]: External control function with name 000000000000000lx has claimed address 198344577 on channel 2684363008.
[ 919.303] [ISOBUS] addr=0x81 claimed=Y load=13.6% msgs=9244 aiso=297(375426ms) xte=-138.25m spd=0.00m/s q=0 ggaAge=72 vtgAge=71 xteAge=71 vt=N(0/22) vtstat=24/275670ms tc=N drp=0mm tcq=0
[ 919.821] I] [NM]: Control function with address 205 and NAME 000000000000000lx is now offline on channel 198344577.
[ 919.821] I] [NM]: External control function with name 000000000000000lx has claimed address 197275905 on channel 536876800.
[ 920.557] [ISOBUS] addr=0x81 claimed=Y load=13.5% msgs=9275 aiso=298(376426ms) xte=-138.25m spd=0.00m/s q=0 ggaAge=72 vtgAge=71 xteAge=71 vt=N(0/22) vtstat=24/276670ms tc=N drp=0mm tcq=0
[ 920.557] I] [NM]: Control function with address 172 and NAME 000000000000000lx is now offline on channel 197275905.
[ 921.300] I] [NM]: External control function with name 000000000000000lx has claimed address 198344577 on channel 2684363008.
[ 921.300] [ISOBUS] addr=0x81 claimed=Y load=13.6% msgs=9306 aiso=299(377426ms) xte=-138.25m spd=0.00m/s q=0 ggaAge=71 vtgAge=71 xteAge=70 vt=N(0/22) vtstat=24/277670ms tc=N drp=0mm tcq=0
[ 921.820] I] [NM]: Control function with address 205 and NAME 000000000000000lx is now offline on channel 198344577.
[ 921.820] I] [NM]: External control function with name 000000000000000lx has claimed address 197275905 on channel 536876800.
[ 922.558] [ISOBUS] addr=0x81 claimed=Y load=13.5% msgs=9337 aiso=300(378426ms) xte=-138.25m spd=0.00m/s q=0 ggaAge=72 vtgAge=71 xteAge=71 vt=N(0/22) vtstat=24/278670ms tc=N drp=0mm tcq=0
[ 922.558] I] [NM]: Control function with address 172 and NAME 000000000000000lx is now offline on channel 197275905.
[ 922.820] I] [NM]: External control function with name 000000000000000lx has claimed address 198344577 on channel 2684363008.
[ 923.820] [ISOBUS] addr=0x81 claimed=Y load=13.6% msgs=9368 aiso=301(379426ms) xte=-138.25m spd=0.00m/s q=0 ggaAge=72 vtgAge=71 xteAge=71 vt=N(0/22) vtstat=24/279670ms tc=N drp=0mm tcq=0
[ 923.820] I] [NM]: Control function with address 205 and NAME 000000000000000lx is now offline on channel 198344577.
[ 923.820] I] [NM]: External control function with name 000000000000000lx has claimed address 197275905 on channel 536876800.
[ 924.298] [ISOBUS] addr=0x81 claimed=Y load=13.5% msgs=9399 aiso=302(380426ms) xte=-138.25m spd=0.00m/s q=0 ggaAge=72 vtgAge=71 xteAge=71 vt=N(0/22) vtstat=24/280670ms tc=N drp=0mm tcq=0
[ 924.821] I] [NM]: Control function with address 172 and NAME 000000000000000lx is now offline on channel 197275905.
[ 924.821] I] [NM]: External control function with name 000000000000000lx has claimed address 198344577 on channel 2684363008.
[ 925.555] [ISOBUS] addr=0x81 claimed=Y load=13.6% msgs=9430 aiso=303(381426ms) xte=-138.25m spd=0.00m/s q=0 ggaAge=71 vtgAge=71 xteAge=70 vt=N(0/22) vtstat=24/281670ms tc=N drp=0mm tcq=0
[ 925.555] I] [NM]: Control function with address 205 and NAME 000000000000000lx is now offline on channel 198344577.
[ 926.299] I] [NM]: External control function with name 000000000000000lx has claimed address 197275905 on channel 536876800.
[ 926.299] [ISOBUS] addr=0x81 claimed=Y load=13.5% msgs=9461 aiso=304(382426ms) xte=-138.25m spd=0.00m/s q=0 ggaAge=71 vtgAge=71 xteAge=70 vt=N(0/22) vtstat=24/282670ms tc=N drp=0mm tcq=0
[ 926.822] I] [NM]: Control function with address 172 and NAME 000000000000000lx is now offline on channel 197275905.
[ 926.822] I] [NM]: External control function with name 000000000000000lx has claimed address 198344577 on channel 2684363008.
[ 927.553] [ISOBUS] addr=0x81 claimed=Y load=13.6% msgs=9492 aiso=305(383426ms) xte=-138.25m spd=0.00m/s q=0 ggaAge=72 vtgAge=71 xteAge=71 vt=N(0/22) vtstat=24/283670ms tc=N drp=0mm tcq=0
[ 927.553] I] [NM]: Control function with address 205 and NAME 000000000000000lx is now offline on channel 198344577.
[ 928.306] I] [NM]: External control function with name 000000000000000lx has claimed address 197275905 on channel 536876800.
[ 928.306] [ISOBUS] addr=0x81 claimed=Y load=13.5% msgs=9523 aiso=306(384426ms) xte=-138.25m spd=0.00m/s q=0 ggaAge=72 vtgAge=71 xteAge=71 vt=N(0/22) vtstat=24/284670ms tc=N drp=0mm tcq=0
[ 928.822] I] [NM]: Control function with address 172 and NAME 000000000000000lx is now offline on channel 197275905.
[ 928.822] I] [NM]: External control function with name 000000000000000lx has claimed address 198344577 on channel 2684363008.
[ 929.556] [ISOBUS] addr=0x81 claimed=Y load=13.6% msgs=9554 aiso=307(385426ms) xte=-138.25m spd=0.00m/s q=0 ggaAge=71 vtgAge=71 xteAge=70 vt=N(0/22) vtstat=24/285670ms tc=N drp=0mm tcq=0
[ 929.556] I] [NM]: Control function with address 205 and NAME 000000000000000lx is now offline on channel 198344577.
[ 929.822] I] [NM]: External control function with name 000000000000000lx has claimed address 197275905 on channel 536876800.
[ 930.555] [ISOBUS] addr=0x81 claimed=Y load=13.5% msgs=9585 aiso=308(386426ms) xte=-138.25m spd=0.00m/s q=0 ggaAge=72 vtgAge=71 xteAge=70 vt=N(0/22) vtstat=24/286670ms tc=N drp=0mm tcq=0
[ 930.555] I] [NM]: Control function with address 172 and NAME 000000000000000lx is now offline on channel 197275905.
[ 931.298] I] [NM]: External control function with name 000000000000000lx has claimed address 198344577 on channel 2684363008.
[ 931.298] [ISOBUS] addr=0x81 claimed=Y load=13.6% msgs=9616 aiso=309(387426ms) xte=-138.25m spd=0.00m/s q=0 ggaAge=72 vtgAge=71 xteAge=71 vt=N(0/22) vtstat=24/287670ms tc=N drp=0mm tcq=0
[ 931.819] I] [NM]: Control function with address 205 and NAME 000000000000000lx is now offline on channel 198344577.
[ 931.823] I] [NM]: External control function with name 000000000000000lx has claimed address 197275905 on channel 536876800.
[ 932.558] [ISOBUS] addr=0x81 claimed=Y load=13.5% msgs=9647 aiso=310(388426ms) xte=-138.25m spd=0.00m/s q=0 ggaAge=71 vtgAge=71 xteAge=70 vt=N(0/22) vtstat=24/288670ms tc=N drp=0mm tcq=0
[ 932.558] I] [NM]: Control function with address 172 and NAME 000000000000000lx is now offline on channel 197275905.
[ 933.309] I] [NM]: External control function with name 000000000000000lx has claimed address 198344577 on channel 2684363008.
[ 933.309] [ISOBUS] addr=0x81 claimed=Y load=13.6% msgs=9678 aiso=311(389426ms) xte=-138.25m spd=0.00m/s q=0 ggaAge=72 vtgAge=71 xteAge=70 vt=N(0/22) vtstat=24/289670ms tc=N drp=0mm tcq=0
[ 933.820] I] [NM]: Control function with address 205 and NAME 000000000000000lx is now offline on channel 198344577.
[ 933.823] I] [NM]: External control function with name 000000000000000lx has claimed address 197275905 on channel 536876800.
[ 934.553] [ISOBUS] addr=0x81 claimed=Y load=13.5% msgs=9709 aiso=312(390426ms) xte=-138.25m spd=0.00m/s q=0 ggaAge=72 vtgAge=71 xteAge=70 vt=N(0/22) vtstat=24/290670ms tc=N drp=0mm tcq=0
[ 934.553] I] [NM]: Control function with address 172 and NAME 000000000000000lx is now offline on channel 197275905.
[ 935.306] I] [NM]: External control function with name 000000000000000lx has claimed address 198344577 on channel 2684363008.
[ 935.306] [ISOBUS] addr=0x81 claimed=Y load=13.6% msgs=9740 aiso=313(391426ms) xte=-138.25m spd=0.00m/s q=0 ggaAge=72 vtgAge=71 xteAge=70 vt=N(0/22) vtstat=24/291670ms tc=N drp=0mm tcq=0
[ 935.823] I] [NM]: Control function with address 205 and NAME 000000000000000lx is now offline on channel 198344577.
[ 935.823] I] [NM]: External control function with name 000000000000000lx has claimed address 197275905 on channel 536876800.
[ 936.556] [ISOBUS] addr=0x81 claimed=Y load=13.5% msgs=9771 aiso=314(392426ms) xte=-138.25m spd=0.00m/s q=0 ggaAge=72 vtgAge=71 xteAge=70 vt=N(0/22) vtstat=24/292670ms tc=N drp=0mm tcq=0
[ 936.556] I] [NM]: Control function with address 172 and NAME 000000000000000lx is now offline on channel 197275905.
[ 936.822] I] [NM]: External control function with name 000000000000000lx has claimed address 198344577 on channel 2684363008.
[ 937.553] [ISOBUS] addr=0x81 claimed=Y load=13.6% msgs=9802 aiso=315(393426ms) xte=-138.25m spd=0.00m/s q=0 ggaAge=71 vtgAge=70 xteAge=70 vt=N(0/22) vtstat=24/293670ms tc=N drp=0mm tcq=0
[ 937.553] I] [NM]: Control function with address 205 and NAME 000000000000000lx is now offline on channel 198344577.
[ 938.296] I] [NM]: External control function with name 000000000000000lx has claimed address 197275905 on channel 536876800.
[ 938.296] [ISOBUS] addr=0x81 claimed=Y load=13.5% msgs=9833 aiso=316(394426ms) xte=-138.25m spd=0.00m/s q=0 ggaAge=71 vtgAge=71 xteAge=70 vt=N(0/22) vtstat=24/294670ms tc=N drp=0mm tcq=0
[ 938.810] I] [NM]: Control function with address 172 and NAME 000000000000000lx is now offline on channel 197275905.
[ 938.810] I] [NM]: External control function with name 000000000000000lx has claimed address 198344577 on channel 2684363008.
[ 939.556] [ISOBUS] addr=0x81 claimed=Y load=13.6% msgs=9864 aiso=317(395426ms) xte=-138.25m spd=0.00m/s q=0 ggaAge=71 vtgAge=71 xteAge=70 vt=N(0/22) vtstat=24/295670ms tc=N drp=0mm tcq=0
[ 939.556] I] [NM]: Control function with address 205 and NAME 000000000000000lx is now offline on channel 198344577.
[ 940.309] I] [NM]: External control function with name 000000000000000lx has claimed address 197275905 on channel 536876800.
[ 940.309] [ISOBUS] addr=0x81 claimed=Y load=13.5% msgs=9895 aiso=318(396426ms) xte=-138.25m spd=0.00m/s q=0 ggaAge=71 vtgAge=71 xteAge=70 vt=N(0/22) vtstat=24/296670ms tc=N drp=0mm tcq=0
[ 940.823] I] [NM]: Control function with address 172 and NAME 000000000000000lx is now offline on channel 197275905.
[ 940.823] I] [NM]: External control function with name 000000000000000lx has claimed address 198344577 on channel 2684363008.
[ 941.555] [ISOBUS] addr=0x81 claimed=Y load=13.6% msgs=9926 aiso=319(397426ms) xte=-138.25m spd=0.00m/s q=0 ggaAge=71 vtgAge=71 xteAge=70 vt=N(0/22) vtstat=24/297670ms tc=N drp=0mm tcq=0
[ 941.555] I] [NM]: Control function with address 205 and NAME 000000000000000lx is now offline on channel 198344577.
[ 942.306] I] [NM]: External control function with name 000000000000000lx has claimed address 197275905 on channel 536876800.
[ 942.306] [ISOBUS] addr=0x81 claimed=Y load=13.5% msgs=9957 aiso=320(398426ms) xte=-138.25m spd=0.00m/s q=0 ggaAge=71 vtgAge=71 xteAge=70 vt=N(0/22) vtstat=24/298670ms tc=N drp=0mm tcq=0
[ 942.822] I] [NM]: Control function with address 172 and NAME 000000000000000lx is now offline on channel 197275905.
[ 942.822] I] [NM]: External control function with name 000000000000000lx has claimed address 198344577 on channel 2684363008.
[ 943.569] [ISOBUS] addr=0x81 claimed=Y load=13.6% msgs=9988 aiso=321(399426ms) xte=-138.25m spd=0.00m/s q=0 ggaAge=71 vtgAge=70 xteAge=70 vt=N(0/22) vtstat=24/299670ms tc=N drp=0mm tcq=0
[ 943.569] I] [NM]: Control function with address 205 and NAME 000000000000000lx is now offline on channel 198344577.
[ 943.822] I] [NM]: External control function with name 000000000000000lx has claimed address 197275905 on channel 536876800.
[ 944.557] [ISOBUS] addr=0x81 claimed=Y load=13.5% msgs=10019 aiso=322(400426ms) xte=-138.25m spd=0.00m/s q=0 ggaAge=71 vtgAge=71 xteAge=70 vt=N(0/22) vtstat=24/300670ms tc=N drp=0mm tcq=0
[ 944.557] I] [NM]: Control function with address 172 and NAME 000000000000000lx is now offline on channel 197275905.
[ 945.306] I] [NM]: External control function with name 000000000000000lx has claimed address 198344577 on channel 2684363008.
[ 945.306] [ISOBUS] addr=0x81 claimed=Y load=13.6% msgs=10050 aiso=323(401426ms) xte=-138.25m spd=0.00m/s q=0 ggaAge=71 vtgAge=71 xteAge=70 vt=N(0/22) vtstat=24/301670ms tc=N drp=0mm tcq=0
[ 945.823] I] [NM]: Control function with address 205 and NAME 000000000000000lx is now offline on channel 198344577.
[ 945.823] I] [NM]: External control function with name 000000000000000lx has claimed address 197275905 on channel 536876800.
[ 946.559] [ISOBUS] addr=0x81 claimed=Y load=13.5% msgs=10081 aiso=324(402426ms) xte=-138.25m spd=0.00m/s q=0 ggaAge=71 vtgAge=71 xteAge=70 vt=N(0/22) vtstat=24/302670ms tc=N drp=0mm tcq=0
[ 946.559] I] [NM]: Control function with address 172 and NAME 000000000000000lx is now offline on channel 197275905.
[ 947.309] I] [NM]: External control function with name 000000000000000lx has claimed address 198344577 on channel 2684363008.
[ 947.309] [ISOBUS] addr=0x81 claimed=Y load=13.6% msgs=10112 aiso=325(403426ms) xte=-138.25m spd=0.00m/s q=0 ggaAge=71 vtgAge=71 xteAge=70 vt=N(0/22) vtstat=24/303670ms tc=N drp=0mm tcq=0
[ 947.823] I] [NM]: Control function with address 205 and NAME 000000000000000lx is now offline on channel 198344577.
[ 947.823] I] [NM]: External control function with name 000000000000000lx has claimed address 197275905 on channel 536876800.
[ 948.555] [ISOBUS] addr=0x81 claimed=Y load=13.5% msgs=10143 aiso=326(404426ms) xte=-138.25m spd=0.00m/s q=0 ggaAge=71 vtgAge=70 xteAge=69 vt=N(0/22) vtstat=24/304670ms tc=N drp=0mm tcq=0
[ 948.555] I] [NM]: Control function with address 172 and NAME 000000000000000lx is now offline on channel 197275905.
[ 948.821] I] [NM]: External control function with name 000000000000000lx has claimed address 198344577 on channel 2684363008.
[ 949.821] [ISOBUS] addr=0x81 claimed=Y load=13.6% msgs=10174 aiso=327(405426ms) xte=-138.25m spd=0.00m/s q=0 ggaAge=71 vtgAge=71 xteAge=70 vt=N(0/22) vtstat=24/305670ms tc=N drp=0mm tcq=0
[ 949.821] I] [NM]: Control function with address 205 and NAME 000000000000000lx is now offline on channel 198344577.
[ 949.821] I] [NM]: External control function with name 000000000000000lx has claimed address 197275905 on channel 536876800.
[ 950.308] [ISOBUS] addr=0x81 claimed=Y load=13.5% msgs=10205 aiso=328(406426ms) xte=-138.25m spd=0.00m/s q=0 ggaAge=71 vtgAge=70 xteAge=70 vt=N(0/22) vtstat=24/306670ms tc=N drp=0mm tcq=0
[ 950.818] I] [NM]: Control function with address 172 and NAME 000000000000000lx is now offline on channel 197275905.
[ 950.818] I] [NM]: External control function with name 000000000000000lx has claimed address 198344577 on channel 2684363008.
[ 951.801] [ISOBUS] addr=0x81 claimed=Y load=13.6% msgs=10236 aiso=329(407426ms) xte=-138.25m spd=0.00m/s q=0 ggaAge=71 vtgAge=71 xteAge=70 vt=N(0/22) vtstat=24/307670ms tc=N drp=0mm tcq=0
[ 951.801] I] [NM]: Control function with address 205 and NAME 000000000000000lx is now offline on channel 198344577.
[ 952.311] I] [NM]: External control function with name 000000000000000lx has claimed address 197275905 on channel 536876800.
[ 952.311] [ISOBUS] addr=0x81 claimed=Y load=13.4% msgs=10267 aiso=330(408426ms) xte=-138.25m spd=0.00m/s q=0 ggaAge=71 vtgAge=71 xteAge=70 vt=N(0/22) vtstat=24/308670ms tc=N drp=0mm tcq=0
[ 952.823] I] [NM]: Control function with address 172 and NAME 000000000000000lx is now offline on channel 197275905.
[ 952.823] I] [NM]: External control function with name 000000000000000lx has claimed address 198344577 on channel 2684363008.
[ 953.666] [ISOBUS] addr=0x81 claimed=Y load=13.6% msgs=10298 aiso=331(409426ms) xte=-138.25m spd=0.00m/s q=0 ggaAge=71 vtgAge=70 xteAge=70 vt=N(0/22) vtstat=24/309670ms tc=N drp=0mm tcq=0
[ 953.685] I] [NM]: Control function with address 205 and NAME 000000000000000lx is now offline on channel 198344577.
[ 954.308] I] [NM]: External control function with name 000000000000000lx has claimed address 197275905 on channel 536876800.
[ 954.308] [ISOBUS] addr=0x81 claimed=Y load=13.5% msgs=10329 aiso=332(410426ms) xte=-138.25m spd=0.00m/s q=0 ggaAge=71 vtgAge=71 xteAge=70 vt=N(0/22) vtstat=24/310670ms tc=N drp=0mm tcq=0
[ 954.823] I] [NM]: Control function with address 172 and NAME 000000000000000lx is now offline on channel 197275905.
[ 954.823] I] [NM]: External control function with name 000000000000000lx has claimed address 198344577 on channel 2684363008.
[ 955.555] [ISOBUS] addr=0x81 claimed=Y load=13.6% msgs=10360 aiso=333(411426ms) xte=-138.25m spd=0.00m/s q=0 ggaAge=71 vtgAge=71 xteAge=70 vt=N(0/22) vtstat=24/311670ms tc=N drp=0mm tcq=0
[ 955.555] I] [NM]: Control function with address 205 and NAME 000000000000000lx is now offline on channel 198344577.
[ 955.823] I] [NM]: External control function with name 000000000000000lx has claimed address 197275905 on channel 536876800.
[ 956.810] [ISOBUS] addr=0x81 claimed=Y load=13.5% msgs=10391 aiso=334(412426ms) xte=-138.25m spd=0.00m/s q=0 ggaAge=71 vtgAge=70 xteAge=70 vt=N(0/22) vtstat=24/312670ms tc=N drp=0mm tcq=0
[ 956.810] I] [NM]: Control function with address 172 and NAME 000000000000000lx is now offline on channel 197275905.
[ 956.810] I] [NM]: External control function with name 000000000000000lx has claimed address 198344577 on channel 2684363008.
[ 957.305] [ISOBUS] addr=0x81 claimed=Y load=13.6% msgs=10422 aiso=335(413426ms) xte=-138.25m spd=0.00m/s q=0 ggaAge=71 vtgAge=70 xteAge=70 vt=N(0/22) vtstat=24/313670ms tc=N drp=0mm tcq=0
[ 957.824] I] [NM]: Control function with address 205 and NAME 000000000000000lx is now offline on channel 198344577.
[ 957.824] I] [NM]: External control function with name 000000000000000lx has claimed address 197275905 on channel 536876800.
[ 958.545] [ISOBUS] addr=0x81 claimed=Y load=13.5% msgs=10453 aiso=336(414426ms) xte=-138.25m spd=0.00m/s q=0 ggaAge=71 vtgAge=70 xteAge=70 vt=N(0/22) vtstat=24/314670ms tc=N drp=0mm tcq=0
[ 958.545] I] [NM]: Control function with address 172 and NAME 000000000000000lx is now offline on channel 197275905.
[ 959.309] I] [NM]: External control function with name 000000000000000lx has claimed address 198344577 on channel 2684363008.
[ 959.309] [ISOBUS] addr=0x81 claimed=Y load=13.6% msgs=10484 aiso=337(415426ms) xte=-138.25m spd=0.00m/s q=0 ggaAge=71 vtgAge=70 xteAge=70 vt=N(0/22) vtstat=24/315670ms tc=N drp=0mm tcq=0
[ 959.822] I] [NM]: Control function with address 205 and NAME 000000000000000lx is now offline on channel 198344577.
[ 959.822] I] [NM]: External control function with name 000000000000000lx has claimed address 197275905 on channel 536876800.
[ 960.562] [ISOBUS] addr=0x81 claimed=Y load=13.5% msgs=10515 aiso=338(416426ms) xte=-138.25m spd=0.00m/s q=0 ggaAge=71 vtgAge=70 xteAge=70 vt=N(0/22) vtstat=24/316670ms tc=N drp=0mm tcq=0
[ 960.562] I] [NM]: Control function with address 172 and NAME 000000000000000lx is now offline on channel 197275905.
[ 961.307] I] [NM]: External control function with name 000000000000000lx has claimed address 198344577 on channel 2684363008.
[ 961.307] [ISOBUS] addr=0x81 claimed=Y load=13.6% msgs=10546 aiso=339(417426ms) xte=-138.25m spd=0.00m/s q=0 ggaAge=71 vtgAge=70 xteAge=70 vt=N(0/22) vtstat=24/317670ms tc=N drp=0mm tcq=0
[ 961.822] I] [NM]: Control function with address 205 and NAME 000000000000000lx is now offline on channel 198344577.
[ 961.822] I] [NM]: External control function with name 000000000000000lx has claimed address 197275905 on channel 536876800.
[ 962.559] [ISOBUS] addr=0x81 claimed=Y load=13.5% msgs=10577 aiso=340(418426ms) xte=-138.25m spd=0.00m/s q=0 ggaAge=60 vtgAge=60 xteAge=59 vt=N(0/22) vtstat=24/318670ms tc=N drp=0mm tcq=0
[ 962.559] I] [NM]: Control function with address 172 and NAME 000000000000000lx is now offline on channel 197275905.
[ 962.820] I] [NM]: External control function with name 000000000000000lx has claimed address 198344577 on channel 2684363008.
[ 963.824] [ISOBUS] addr=0x81 claimed=Y load=13.6% msgs=10608 aiso=341(419426ms) xte=-138.25m spd=0.00m/s q=0 ggaAge=70 vtgAge=70 xteAge=69 vt=N(0/22) vtstat=24/319670ms tc=N drp=0mm tcq=0
[ 963.824] I] [NM]: Control function with address 205 and NAME 000000000000000lx is now offline on channel 198344577.
[ 963.824] I] [NM]: External control function with name 000000000000000lx has claimed address 197275905 on channel 536876800.
[ 964.307] [ISOBUS] addr=0x81 claimed=Y load=13.5% msgs=10639 aiso=342(420426ms) xte=-138.25m spd=0.00m/s q=0 ggaAge=71 vtgAge=70 xteAge=70 vt=N(0/22) vtstat=24/320670ms tc=N drp=0mm tcq=0
[ 964.817] I] [NM]: Control function with address 172 and NAME 000000000000000lx is now offline on channel 197275905.
[ 964.817] I] [NM]: External control function with name 000000000000000lx has claimed address 198344577 on channel 2684363008.
[ 965.554] [ISOBUS] addr=0x81 claimed=Y load=13.6% msgs=10670 aiso=343(421426ms) xte=-138.25m spd=0.00m/s q=0 ggaAge=71 vtgAge=70 xteAge=70 vt=N(0/22) vtstat=24/321670ms tc=N drp=0mm tcq=0
[ 965.554] I] [NM]: Control function with address 205 and NAME 000000000000000lx is now offline on channel 198344577.
[ 966.297] I] [NM]: External control function with name 000000000000000lx has claimed address 197275905 on channel 536876800.
[ 966.297] [ISOBUS] addr=0x81 claimed=Y load=13.5% msgs=10701 aiso=344(422426ms) xte=-138.25m spd=0.00m/s q=0 ggaAge=71 vtgAge=70 xteAge=70 vt=N(0/22) vtstat=24/322670ms tc=N drp=0mm tcq=0
[ 966.822] I] [NM]: Control function with address 172 and NAME 000000000000000lx is now offline on channel 197275905.
[ 966.824] I] [NM]: External control function with name 000000000000000lx has claimed address 198344577 on channel 2684363008.
[ 967.551] [ISOBUS] addr=0x81 claimed=Y load=13.6% msgs=10732 aiso=345(423426ms) xte=-138.25m spd=0.00m/s q=0 ggaAge=71 vtgAge=70 xteAge=70 vt=N(0/22) vtstat=24/323670ms tc=N drp=0mm tcq=0
[ 967.551] I] [NM]: Control function with address 205 and NAME 000000000000000lx is now offline on channel 198344577.
[ 968.307] I] [NM]: External control function with name 000000000000000lx has claimed address 197275905 on channel 536876800.
[ 968.307] [ISOBUS] addr=0x81 claimed=Y load=13.5% msgs=10763 aiso=346(424426ms) xte=-138.25m spd=0.00m/s q=0 ggaAge=70 vtgAge=70 xteAge=69 vt=N(0/22) vtstat=24/324670ms tc=N drp=0mm tcq=0
[ 968.816] I] [NM]: Control function with address 172 and NAME 000000000000000lx is now offline on channel 197275905.
[ 968.816] I] [NM]: External control function with name 000000000000000lx has claimed address 198344577 on channel 2684363008.
[ 969.543] [ISOBUS] addr=0x81 claimed=Y load=13.6% msgs=10794 aiso=347(425426ms) xte=-138.25m spd=0.00m/s q=0 ggaAge=71 vtgAge=70 xteAge=70 vt=N(0/22) vtstat=24/325670ms tc=N drp=0mm tcq=0
[ 969.543] I] [NM]: Control function with address 205 and NAME 000000000000000lx is now offline on channel 198344577.
[ 969.815] I] [NM]: External control function with name 000000000000000lx has claimed address 197275905 on channel 536876800.
[ 970.542] [ISOBUS] addr=0x81 claimed=Y load=13.5% msgs=10825 aiso=348(426426ms) xte=-138.25m spd=0.00m/s q=0 ggaAge=70 vtgAge=70 xteAge=69 vt=N(0/22) vtstat=24/326670ms tc=N drp=0mm tcq=0
[ 970.542] I] [NM]: Control function with address 172 and NAME 000000000000000lx is now offline on channel 197275905.
[ 971.308] I] [NM]: External control function with name 000000000000000lx has claimed address 198344577 on channel 2684363008.
[ 971.308] [ISOBUS] addr=0x81 claimed=Y load=13.6% msgs=10856 aiso=349(427426ms) xte=-138.25m spd=0.00m/s q=0 ggaAge=71 vtgAge=70 xteAge=69 vt=N(0/22) vtstat=24/327670ms tc=N drp=0mm tcq=0
[ 971.561] I] [NM]: Control function with address 205 and NAME 000000000000000lx is now offline on channel 198344577.
[ 971.561] I] [NM]: External control function with name 000000000000000lx has claimed address 197275905 on channel 536876800.
[ 972.309] I] [NM]: External control function with name 000000000000000lx has claimed address 197275905 on channel 2684361992.
[ 972.309] [ISOBUS] addr=0x81 claimed=Y load=13.6% msgs=10887 aiso=350(428426ms) xte=-138.25m spd=0.00m/s q=0 ggaAge=71 vtgAge=70 xteAge=70 vt=N(0/22) vtstat=24/328670ms tc=N drp=0mm tcq=0
[ 972.559] I] [NM]: Control function with address 38 and NAME 000000000000000lx is now offline on channel 197275905.
[ 972.560] I] [NM]: Control function with address 172 and NAME 000000000000000lx is now offline on channel 197275905.
[ 973.307] I] [NM]: External control function with name 000000000000000lx has claimed address 198344577 on channel 2684363008.
[ 973.307] [ISOBUS] addr=0x81 claimed=Y load=13.5% msgs=10918 aiso=351(429426ms) xte=-138.25m spd=0.00m/s q=0 ggaAge=71 vtgAge=70 xteAge=69 vt=N(0/22) vtstat=24/329670ms tc=N drp=0mm tcq=0
[ 973.563] I] [NM]: Control function with address 205 and NAME 000000000000000lx is now offline on channel 198344577.
[ 973.563] I] [NM]: External control function with name 000000000000000lx has claimed address 197275905 on channel 536876800.
[ 974.311] I] [NM]: External control function with name 000000000000000lx has claimed address 197275905 on channel 2684361992.
[ 974.311] [ISOBUS] addr=0x81 claimed=Y load=13.6% msgs=10949 aiso=352(430426ms) xte=-138.25m spd=0.00m/s q=0 ggaAge=70 vtgAge=70 xteAge=69 vt=N(0/22) vtstat=24/330670ms tc=N drp=0mm tcq=0
[ 974.555] I] [NM]: Control function with address 38 and NAME 000000000000000lx is now offline on channel 197275905.
[ 974.555] I] [NM]: Control function with address 172 and NAME 000000000000000lx is now offline on channel 197275905.
[ 975.300] I] [NM]: External control function with name 000000000000000lx has claimed address 198344577 on channel 2684363008.
[ 975.300] [ISOBUS] addr=0x81 claimed=Y load=13.5% msgs=10980 aiso=353(431426ms) xte=-138.25m spd=0.00m/s q=0 ggaAge=71 vtgAge=70 xteAge=70 vt=N(0/22) vtstat=24/331670ms tc=N drp=0mm tcq=0
[ 975.559] I] [NM]: Control function with address 205 and NAME 000000000000000lx is now offline on channel 198344577.
[ 975.559] I] [NM]: External control function with name 000000000000000lx has claimed address 197275905 on channel 536876800.
[ 976.305] I] [NM]: External control function with name 000000000000000lx has claimed address 197275905 on channel 2684361992.
[ 976.308] [ISOBUS] addr=0x81 claimed=Y load=13.6% msgs=11011 aiso=354(432426ms) xte=-138.25m spd=0.00m/s q=0 ggaAge=71 vtgAge=70 xteAge=70 vt=N(0/22) vtstat=24/332670ms tc=N drp=0mm tcq=0
[ 976.560] I] [NM]: Control function with address 38 and NAME 000000000000000lx is now offline on channel 197275905.
[ 976.560] I] [NM]: Control function with address 172 and NAME 000000000000000lx is now offline on channel 197275905.
[ 977.307] I] [NM]: External control function with name 000000000000000lx has claimed address 198344577 on channel 2684363008.
[ 977.307] [ISOBUS] addr=0x81 claimed=Y load=13.5% msgs=11042 aiso=355(433426ms) xte=-138.25m spd=0.00m/s q=0 ggaAge=71 vtgAge=70 xteAge=69 vt=N(0/22) vtstat=24/333670ms tc=N drp=0mm tcq=0
[ 978.324] I] [NM]: Control function with address 205 and NAME 000000000000000lx is now offline on channel 198344577.
[ 978.324] [ISOBUS] addr=0x81 claimed=Y load=13.5% msgs=11073 aiso=356(434426ms) xte=-138.25m spd=0.00m/s q=0 ggaAge=71 vtgAge=70 xteAge=69 vt=N(0/22) vtstat=24/334670ms tc=N drp=0mm tcq=0
[ 979.337] [ISOBUS] addr=0x81 claimed=Y load=13.6% msgs=11104 aiso=357(435426ms) xte=-138.25m spd=0.00m/s q=0 ggaAge=71 vtgAge=70 xteAge=69 vt=N(0/22) vtstat=24/335670ms tc=N drp=0mm tcq=0
[ 980.342] [ISOBUS] addr=0x81 claimed=Y load=13.4% msgs=11135 aiso=358(436426ms) xte=-138.25m spd=0.00m/s q=0 ggaAge=69 vtgAge=68 xteAge=68 vt=N(0/22) vtstat=24/336670ms tc=N drp=0mm tcq=0
[ 981.355] [ISOBUS] addr=0x81 claimed=Y load=15.7% msgs=11166 aiso=359(437426ms) xte=-138.25m spd=0.00m/s q=0 ggaAge=71 vtgAge=70 xteAge=70 vt=N(0/22) vtstat=24/337670ms tc=N drp=0mm tcq=0
[ 981.824] W] [PR]: NACK-ing PGN request for PGN 60928 because no callback could handle it.
[ 982.826] [ISOBUS] addr=0x81 claimed=Y load=16.2% msgs=11197 aiso=360(438426ms) xte=-138.25m spd=0.00m/s q=0 ggaAge=69 vtgAge=69 xteAge=68 vt=N(0/22) vtstat=24/338670ms tc=N drp=0mm tcq=0
[ 982.826] [ISOBUS] addr=0x81 claimed=Y load=16.2% msgs=11228 aiso=361(439426ms) xte=-138.25m spd=0.00m/s q=0 ggaAge=70 vtgAge=69 xteAge=68 vt=N(0/22) vtstat=24/339670ms tc=N drp=0mm tcq=0
[ 983.823] W] [PR]: NACK-ing PGN request for PGN 60928 because no callback could handle it.
[ 984.824] [ISOBUS] addr=0x81 claimed=Y load=16.2% msgs=11259 aiso=362(440426ms) xte=-138.25m spd=0.00m/s q=0 ggaAge=69 vtgAge=69 xteAge=68 vt=N(0/22) vtstat=24/340670ms tc=N drp=0mm tcq=0
[ 985.553] [ISOBUS] addr=0x81 claimed=Y load=16.2% msgs=11290 aiso=363(441426ms) xte=-138.25m spd=0.00m/s q=0 ggaAge=69 vtgAge=68 xteAge=68 vt=N(0/22) vtstat=24/341670ms tc=N drp=0mm tcq=0
[ 986.569] W] [PR]: NACK-ing PGN request for PGN 60928 because no callback could handle it.
[ 986.569] [ISOBUS] addr=0x81 claimed=Y load=16.2% msgs=11321 aiso=364(442426ms) xte=-138.25m spd=0.00m/s q=0 ggaAge=69 vtgAge=68 xteAge=68 vt=N(0/22) vtstat=24/342670ms tc=N drp=0mm tcq=0
[ 987.557] [ISOBUS] addr=0x81 claimed=Y load=16.2% msgs=11352 aiso=365(443426ms) xte=-138.25m spd=0.00m/s q=0 ggaAge=69 vtgAge=68 xteAge=68 vt=N(0/22) vtstat=24/343670ms tc=N drp=0mm tcq=0
[ 988.561] W] [PR]: NACK-ing PGN request for PGN 60928 because no callback could handle it.
[ 988.561] [ISOBUS] addr=0x81 claimed=Y load=16.2% msgs=11383 aiso=366(444426ms) xte=-138.25m spd=0.00m/s q=0 ggaAge=69 vtgAge=68 xteAge=68 vt=N(0/22) vtstat=24/344670ms tc=N drp=0mm tcq=0
[ 989.557] [ISOBUS] addr=0x81 claimed=Y load=16.2% msgs=11414 aiso=367(445426ms) xte=-138.25m spd=0.00m/s q=0 ggaAge=69 vtgAge=68 xteAge=68 vt=N(0/22) vtstat=24/345670ms tc=N drp=0mm tcq=0
[ 990.566] W] [PR]: NACK-ing PGN request for PGN 60928 because no callback could handle it.
[ 990.566] [ISOBUS] addr=0x81 claimed=Y load=16.2% msgs=11445 aiso=368(446426ms) xte=-138.25m spd=0.00m/s q=0 ggaAge=68 vtgAge=68 xteAge=67 vt=N(0/22) vtstat=24/346670ms tc=N drp=0mm tcq=0
[ 991.553] [ISOBUS] addr=0x81 claimed=Y load=16.2% msgs=11476 aiso=369(447426ms) xte=-138.25m spd=0.00m/s q=0 ggaAge=70 vtgAge=69 xteAge=68 vt=N(0/22) vtstat=24/347670ms tc=N drp=0mm tcq=0
[ 992.562] W] [PR]: NACK-ing PGN request for PGN 60928 because no callback could handle it.
[ 992.562] [ISOBUS] addr=0x81 claimed=Y load=16.2% msgs=11507 aiso=370(448426ms) xte=-138.25m spd=0.00m/s q=0 ggaAge=69 vtgAge=68 xteAge=68 vt=N(0/22) vtstat=24/348670ms tc=N drp=0mm tcq=0
[ 993.554] [ISOBUS] addr=0x81 claimed=Y load=16.2% msgs=11538 aiso=371(449426ms) xte=-138.25m spd=0.00m/s q=0 ggaAge=72 vtgAge=69 xteAge=68 vt=N(0/22) vtstat=24/349670ms tc=N drp=0mm tcq=0
[ 994.555] W] [PR]: NACK-ing PGN request for PGN 60928 because no callback could handle it.
[ 994.555] [ISOBUS] addr=0x81 claimed=Y load=16.2% msgs=11569 aiso=372(450426ms) xte=-138.25m spd=0.00m/s q=0 ggaAge=69 vtgAge=68 xteAge=67 vt=N(0/22) vtstat=24/350670ms tc=N drp=0mm tcq=0
[ 995.551] [ISOBUS] addr=0x81 claimed=Y load=16.2% msgs=11600 aiso=373(451426ms) xte=-138.25m spd=0.00m/s q=0 ggaAge=69 vtgAge=68 xteAge=68 vt=N(0/22) vtstat=24/351670ms tc=N drp=0mm tcq=0
[ 996.301] W] [PR]: NACK-ing PGN request for PGN 60928 because no callback could handle it.
[ 996.301] [ISOBUS] addr=0x81 claimed=Y load=16.2% msgs=11631 aiso=374(452426ms) xte=-138.25m spd=0.00m/s q=0 ggaAge=71 vtgAge=69 xteAge=68 vt=N(0/22) vtstat=24/352670ms tc=N drp=0mm tcq=0
[ 996.816] I] [NM]: External control function with name 000000000000000lx has claimed address 203452081 on channel 2147516672.
[ 996.816] I] [NM]: External control function with name 000000000000000lx has claimed address 197783967 on channel 2684388864.
[ 997.062] [ISOBUS] addr=0x81 claimed=Y load=16.5% msgs=11662 aiso=375(453426ms) xte=-138.25m spd=0.00m/s q=0 ggaAge=70 vtgAge=68 xteAge=68 vt=N(0/22) vtstat=24/353670ms tc=N drp=0mm tcq=0
[ 997.062] I] [NM]: Control function with address 43 and NAME 000000000000000lx is now offline on channel 203452081.
[ 997.816] I] [NM]: Control function with address 240 and NAME 000000000000000lx is now offline on channel 197783967.
[ 997.816] W] [PR]: NACK-ing PGN request for PGN 60928 because no callback could handle it.
[ 998.819] [ISOBUS] addr=0x81 claimed=Y load=16.2% msgs=11693 aiso=376(454426ms) xte=-138.25m spd=0.00m/s q=0 ggaAge=69 vtgAge=68 xteAge=68 vt=N(0/22) vtstat=24/354670ms tc=N drp=0mm tcq=0
[ 999.553] [ISOBUS] addr=0x81 claimed=Y load=16.2% msgs=11724 aiso=377(455426ms) xte=-138.25m spd=0.00m/s q=0 ggaAge=69 vtgAge=68 xteAge=68 vt=N(0/22) vtstat=24/355670ms tc=N drp=0mm tcq=0
[1000.555] W] [PR]: NACK-ing PGN request for PGN 60928 because no callback could handle it.
[1000.555] [ISOBUS] addr=0x81 claimed=Y load=16.2% msgs=11755 aiso=378(456426ms) xte=-138.25m spd=0.00m/s q=0 ggaAge=69 vtgAge=68 xteAge=68 vt=N(0/22) vtstat=24/356670ms tc=N drp=0mm tcq=0
[1001.556] [ISOBUS] addr=0x81 claimed=Y load=16.2% msgs=11786 aiso=379(457426ms) xte=-138.25m spd=0.00m/s q=0 ggaAge=69 vtgAge=68 xteAge=67 vt=N(0/22) vtstat=24/357670ms tc=N drp=0mm tcq=0
[1001.820] W] [PR]: NACK-ing PGN request for PGN 60928 because no callback could handle it.
[1002.824] [ISOBUS] addr=0x81 claimed=Y load=16.2% msgs=11817 aiso=380(458426ms) xte=-138.25m spd=0.00m/s q=0 ggaAge=71 vtgAge=71 xteAge=70 vt=N(0/22) vtstat=24/358670ms tc=N drp=0mm tcq=0
[1003.108] [ISOBUS] addr=0x81 claimed=Y load=16.2% msgs=11848 aiso=381(459426ms) xte=-138.25m spd=0.00m/s q=0 ggaAge=69 vtgAge=68 xteAge=68 vt=N(0/22) vtstat=24/359670ms tc=N drp=0mm tcq=0
[1003.824] I] [NM]: External control function with name 000000000000000lx has claimed address 203452081 on channel 2147516672.
[1003.824] I] [NM]: External control function with name 000000000000000lx has claimed address 197783967 on channel 2684388864.
[1003.864] [ISOBUS] addr=0x81 claimed=Y load=16.4% msgs=11879 aiso=382(460426ms) xte=-138.25m spd=0.00m/s q=0 ggaAge=69 vtgAge=68 xteAge=67 vt=N(0/22) vtstat=24/360670ms tc=N drp=0mm tcq=0
[1003.864] I] [NM]: Control function with address 43 and NAME 000000000000000lx is now offline on channel 203452081.
[1004.818] I] [NM]: Control function with address 240 and NAME 000000000000000lx is now offline on channel 197783967.
[1004.818] W] [PR]: NACK-ing PGN request for PGN 60928 because no callback could handle it.
[1005.526] [ISOBUS] addr=0x81 claimed=Y load=16.3% msgs=11910 aiso=383(461426ms) xte=-138.25m spd=0.00m/s q=0 ggaAge=71 vtgAge=69 xteAge=68 vt=N(0/22) vtstat=24/361670ms tc=N drp=0mm tcq=0
[1005.527] I] [NM]: External control function with name 000000000000000lx has claimed address 198344577 on channel 2684363008.
[1006.527] I] [NM]: External control function with name 000000000000000lx has claimed address 197275905 on channel 536876800.
[1006.527] [ISOBUS] addr=0x81 claimed=Y load=16.3% msgs=11941 aiso=384(462426ms) xte=-138.25m spd=0.00m/s q=0 ggaAge=69 vtgAge=68 xteAge=68 vt=N(0/22) vtstat=24/362670ms tc=N drp=0mm tcq=0
[1006.825] W] [PR]: NACK-ing PGN request for PGN 60928 because no callback could handle it.
[1006.825] W] [TP]: Received a Request to Send (RTS) message with a global destination, ignoring
[1007.825] [ISOBUS] addr=0x81 claimed=Y load=16.8% msgs=11972 aiso=385(463426ms) xte=-138.25m spd=0.00m/s q=0 ggaAge=69 vtgAge=62 xteAge=62 vt=N(0/22) vtstat=24/363670ms tc=N drp=0mm tcq=0
[1008.821] [ISOBUS] addr=0x81 claimed=Y load=16.3% msgs=12003 aiso=386(464426ms) xte=-138.25m spd=0.00m/s q=0 ggaAge=69 vtgAge=68 xteAge=67 vt=N(0/22) vtstat=24/364670ms tc=N drp=0mm tcq=0
[1008.821] W] [TP]: Received a Request to Send (RTS) message with a global destination, ignoring
[1008.821] W] [PR]: NACK-ing PGN request for PGN 60928 because no callback could handle it.
[1009.311] [ISOBUS] addr=0x81 claimed=Y load=16.7% msgs=12034 aiso=387(465426ms) xte=-138.25m spd=0.00m/s q=0 ggaAge=69 vtgAge=68 xteAge=67 vt=N(0/22) vtstat=24/365670ms tc=N drp=0mm tcq=0
[1009.311] W] [TP]: Received a Request to Send (RTS) message with a global destination, ignoring
[1010.321] I] [NM]: Control function with address 205 and NAME 000000000000000lx is now offline on channel 198344577.
[1010.321] [ISOBUS] addr=0x81 claimed=Y load=16.4% msgs=12065 aiso=388(466426ms) xte=-138.25m spd=0.00m/s q=0 ggaAge=68 vtgAge=68 xteAge=67 vt=N(0/22) vtstat=24/366670ms tc=N drp=0mm tcq=0
[1010.818] W] [PR]: NACK-ing PGN request for PGN 60928 because no callback could handle it.
[1011.819] [ISOBUS] addr=0x81 claimed=Y load=16.8% msgs=12096 aiso=389(467426ms) xte=-138.25m spd=0.00m/s q=0 ggaAge=69 vtgAge=68 xteAge=67 vt=N(0/22) vtstat=24/367670ms tc=N drp=0mm tcq=0
[1011.819] I] [NM]: External control function with name 000000000000000lx has claimed address 198344577 on channel 2684363008.
[1011.819] W] [TP]: Received a Request to Send (RTS) message with a global destination, ignoring
[1012.313] [ISOBUS] addr=0x81 claimed=Y load=16.6% msgs=12127 aiso=390(468426ms) xte=-138.25m spd=0.00m/s q=0 ggaAge=68 vtgAge=68 xteAge=67 vt=N(0/22) vtstat=24/368670ms tc=N drp=0mm tcq=0
[1012.818] I] [NM]: Control function with address 172 and NAME 000000000000000lx is now offline on channel 197275905.
[1012.818] I] [NM]: Control function with address 205 and NAME 000000000000000lx is now offline on channel 198344577.
[1012.818] I] [NM]: External control function with name 000000000000000lx has claimed address 197275905 on channel 536876800.
[1013.311] [ISOBUS] addr=0x81 claimed=Y load=16.5% msgs=12158 aiso=391(469426ms) xte=-138.25m spd=0.00m/s q=0 ggaAge=69 vtgAge=68 xteAge=67 vt=N(0/22) vtstat=24/369670ms tc=N drp=0mm tcq=0
[1014.317] I] [NM]: Control function with address 172 and NAME 000000000000000lx is now offline on channel 197275905.
[1014.317] [ISOBUS] addr=0x81 claimed=Y load=16.4% msgs=12189 aiso=392(470426ms) xte=-138.25m spd=0.00m/s q=0 ggaAge=69 vtgAge=68 xteAge=67 vt=N(0/22) vtstat=24/370670ms tc=N drp=0mm tcq=0
[1014.817] W] [PR]: NACK-ing PGN request for PGN 60928 because no callback could handle it.
[1014.817] I] [NM]: External control function with name 000000000000000lx has claimed address 197275905 on channel 536876800.
[1015.555] [ISOBUS] addr=0x81 claimed=Y load=16.8% msgs=12220 aiso=393(471426ms) xte=-138.25m spd=0.00m/s q=0 ggaAge=69 vtgAge=68 xteAge=67 vt=N(0/22) vtstat=24/371670ms tc=N drp=0mm tcq=0
[1015.560] I] [NM]: Control function with address 172 and NAME 000000000000000lx is now offline on channel 197275905.
[1015.825] I] [NM]: External control function with name 000000000000000lx has claimed address 198344577 on channel 2684363008.
[1015.825] W] [TP]: Received a Request to Send (RTS) message with a global destination, ignoring
[1016.561] [ISOBUS] addr=0x81 claimed=Y load=16.6% msgs=12251 aiso=394(472426ms) xte=-138.25m spd=0.00m/s q=0 ggaAge=69 vtgAge=68 xteAge=67 vt=N(0/22) vtstat=24/372670ms tc=N drp=0mm tcq=0
[1016.561] I] [NM]: Control function with address 205 and NAME 000000000000000lx is now offline on channel 198344577.
[1017.313] I] [NM]: External control function with name 000000000000000lx has claimed address 197275905 on channel 536876800.
[1017.313] [ISOBUS] addr=0x81 claimed=Y load=16.5% msgs=12282 aiso=395(473426ms) xte=-138.25m spd=0.00m/s q=0 ggaAge=69 vtgAge=68 xteAge=67 vt=N(0/22) vtstat=24/373670ms tc=N drp=0mm tcq=0
[1017.825] I] [NM]: Control function with address 172 and NAME 000000000000000lx is now offline on channel 197275905.
[1018.825] [ISOBUS] addr=0x81 claimed=Y load=16.4% msgs=12313 aiso=396(474426ms) xte=-138.25m spd=0.00m/s q=0 ggaAge=62 vtgAge=61 xteAge=59 vt=N(0/22) vtstat=24/374670ms tc=N drp=0mm tcq=0
[1018.825] W] [PR]: NACK-ing PGN request for PGN 60928 because no callback could handle it.
[1018.825] I] [NM]: External control function with name 000000000000000lx has claimed address 197275905 on channel 536876800.
[1019.817] [ISOBUS] addr=0x81 claimed=Y load=16.8% msgs=12344 aiso=397(475426ms) xte=-138.25m spd=0.00m/s q=0 ggaAge=71 vtgAge=69 xteAge=68 vt=N(0/22) vtstat=24/375670ms tc=N drp=0mm tcq=0
[1019.817] I] [NM]: Control function with address 172 and NAME 000000000000000lx is now offline on channel 197275905.
[1020.558] [ISOBUS] addr=0x81 claimed=Y load=16.4% msgs=12375 aiso=398(476426ms) xte=-138.25m spd=0.00m/s q=0 ggaAge=69 vtgAge=68 xteAge=67 vt=N(0/22) vtstat=24/376670ms tc=N drp=0mm tcq=0
[1020.558] W] [PR]: NACK-ing PGN request for PGN 60928 because no callback could handle it.
[1020.705] I] [NM]: External control function with name 000000000000000lx has claimed address 198344577 on channel 2684363008.
[1020.705] I] [NM]: External control function with name 000000000000000lx has claimed address 197275905 on channel 536876800.
[1021.300] W] [TP]: Received a Request to Send (RTS) message with a global destination, ignoring
[1021.300] [ISOBUS] addr=0x81 claimed=Y load=16.8% msgs=12406 aiso=399(477426ms) xte=-138.25m spd=0.00m/s q=0 ggaAge=68 vtgAge=67 xteAge=67 vt=N(0/22) vtstat=24/377670ms tc=N drp=0mm tcq=0
[1021.823] I] [NM]: Control function with address 172 and NAME 000000000000000lx is now offline on channel 197275905.
[1021.823] I] [NM]: Control function with address 205 and NAME 000000000000000lx is now offline on channel 198344577.
[1022.561] [ISOBUS] addr=0x81 claimed=Y load=16.3% msgs=12437 aiso=400(478426ms) xte=-138.25m spd=0.00m/s q=0 ggaAge=69 vtgAge=68 xteAge=67 vt=N(0/22) vtstat=24/378670ms tc=N drp=0mm tcq=0
[1022.561] W] [PR]: NACK-ing PGN request for PGN 60928 because no callback could handle it.
[1023.311] I] [NM]: External control function with name 000000000000000lx has claimed address 197275905 on channel 536876800.
[1023.311] [ISOBUS] addr=0x81 claimed=Y load=16.7% msgs=12468 aiso=401(479426ms) xte=-138.25m spd=0.00m/s q=0 ggaAge=71 vtgAge=68 xteAge=67 vt=N(0/22) vtstat=24/379670ms tc=N drp=0mm tcq=0
[1023.821] I] [NM]: Control function with address 172 and NAME 000000000000000lx is now offline on channel 197275905.
[1024.825] [ISOBUS] addr=0x81 claimed=Y load=16.4% msgs=12499 aiso=402(480426ms) xte=-138.25m spd=0.00m/s q=0 ggaAge=71 vtgAge=69 xteAge=67 vt=N(0/22) vtstat=24/380670ms tc=N drp=0mm tcq=0
[1024.825] W] [PR]: NACK-ing PGN request for PGN 60928 because no callback could handle it.
[1024.825] I] [NM]: External control function with name 000000000000000lx has claimed address 197275905 on channel 536876800.
[1025.563] [ISOBUS] addr=0x81 claimed=Y load=16.7% msgs=12530 aiso=403(481426ms) xte=-138.25m spd=0.00m/s q=0 ggaAge=71 vtgAge=68 xteAge=67 vt=N(0/22) vtstat=24/381670ms tc=N drp=0mm tcq=0
[1025.563] I] [NM]: Control function with address 172 and NAME 000000000000000lx is now offline on channel 197275905.
[1025.815] I] [NM]: External control function with name 000000000000000lx has claimed address 198344577 on channel 2684363008.
[1025.815] W] [TP]: Received an Abort message with a global destination, ignoring
[1026.315] [ISOBUS] addr=0x81 claimed=Y load=16.4% msgs=12561 aiso=404(482426ms) xte=-138.25m spd=0.00m/s q=0 ggaAge=71 vtgAge=69 xteAge=67 vt=N(0/22) vtstat=24/382670ms tc=N drp=0mm tcq=0
[1026.315] W] [TP]: Received a Request to Send (RTS) message with a global destination, ignoring
[1026.825] I] [NM]: Control function with address 205 and NAME 000000000000000lx is now offline on channel 198344577.
[1026.825] I] [NM]: External control function with name 000000000000000lx has claimed address 197275905 on channel 536876800.
[1027.825] [ISOBUS] addr=0x81 claimed=Y load=16.7% msgs=12592 aiso=405(483426ms) xte=-138.25m spd=0.00m/s q=0 ggaAge=69 vtgAge=68 xteAge=67 vt=N(0/22) vtstat=24/383670ms tc=N drp=0mm tcq=0
[1027.825] I] [NM]: Control function with address 172 and NAME 000000000000000lx is now offline on channel 197275905.
[1028.561] [ISOBUS] addr=0x81 claimed=Y load=16.4% msgs=12623 aiso=406(484426ms) xte=-138.25m spd=0.00m/s q=0 ggaAge=68 vtgAge=67 xteAge=67 vt=N(0/22) vtstat=24/384670ms tc=N drp=0mm tcq=0
[1028.561] W] [PR]: NACK-ing PGN request for PGN 60928 because no callback could handle it.
[1029.304] I] [NM]: External control function with name 000000000000000lx has claimed address 197275905 on channel 536876800.
[1029.304] [ISOBUS] addr=0x81 claimed=Y load=16.7% msgs=12654 aiso=407(485426ms) xte=-138.25m spd=0.00m/s q=0 ggaAge=71 vtgAge=70 xteAge=67 vt=N(0/22) vtstat=24/385670ms tc=N drp=0mm tcq=0
[1029.653] I] [NM]: Control function with address 172 and NAME 000000000000000lx is now offline on channel 197275905.
[1029.653] I] [NM]: External control function with name 000000000000000lx has claimed address 198344577 on channel 2684363008.
[1029.826] W] [TP]: Received an Abort message with a global destination, ignoring
[1029.826] W] [TP]: Received a Request to Send (RTS) message with a global destination, ignoring
[1030.561] [ISOBUS] addr=0x81 claimed=Y load=16.6% msgs=12685 aiso=408(486426ms) xte=-138.25m spd=0.00m/s q=0 ggaAge=69 vtgAge=67 xteAge=67 vt=N(0/22) vtstat=24/386670ms tc=N drp=0mm tcq=0
[1030.561] I] [NM]: Control function with address 205 and NAME 000000000000000lx is now offline on channel 198344577.
[1030.561] I] [NM]: External control function with name 000000000000000lx has claimed address 197275905 on channel 536876800.
[1031.311] [ISOBUS] addr=0x81 claimed=Y load=16.5% msgs=12716 aiso=409(487426ms) xte=-138.25m spd=0.00m/s q=0 ggaAge=71 vtgAge=68 xteAge=67 vt=N(0/22) vtstat=24/387670ms tc=N drp=0mm tcq=0
[1032.311] I] [NM]: Control function with address 172 and NAME 000000000000000lx is now offline on channel 197275905.
[1032.311] [ISOBUS] addr=0x81 claimed=Y load=16.4% msgs=12747 aiso=410(488426ms) xte=-138.25m spd=0.00m/s q=0 ggaAge=68 vtgAge=67 xteAge=67 vt=N(0/22) vtstat=24/388670ms tc=N drp=0mm tcq=0
[1032.814] W] [PR]: NACK-ing PGN request for PGN 60928 because no callback could handle it.
[1032.814] I] [NM]: External control function with name 000000000000000lx has claimed address 197275905 on channel 536876800.
[1033.816] [ISOBUS] addr=0x81 claimed=Y load=16.7% msgs=12778 aiso=411(489426ms) xte=-138.25m spd=0.00m/s q=0 ggaAge=71 vtgAge=69 xteAge=67 vt=N(0/22) vtstat=24/389670ms tc=N drp=0mm tcq=0
[1033.816] I] [NM]: Control function with address 172 and NAME 000000000000000lx is now offline on channel 197275905.
[1034.558] [ISOBUS] addr=0x81 claimed=Y load=16.4% msgs=12809 aiso=412(490426ms) xte=-138.25m spd=0.00m/s q=0 ggaAge=71 vtgAge=68 xteAge=67 vt=N(0/22) vtstat=24/390670ms tc=N drp=0mm tcq=0
[1034.765] W] [PR]: NACK-ing PGN request for PGN 60928 because no callback could handle it.
[1034.765] I] [NM]: External control function with name 000000000000000lx has claimed address 198344577 on channel 2684363008.
[1034.765] I] [NM]: External control function with name 000000000000000lx has claimed address 197275905 on channel 536876800.
[1035.314] W] [TP]: Received a Request to Send (RTS) message with a global destination, ignoring
[1035.314] [ISOBUS] addr=0x81 claimed=Y load=16.8% msgs=12840 aiso=413(491426ms) xte=-138.25m spd=0.00m/s q=0 ggaAge=70 vtgAge=68 xteAge=67 vt=N(0/22) vtstat=24/391670ms tc=N drp=0mm tcq=0
[1035.824] I] [NM]: Control function with address 172 and NAME 000000000000000lx is now offline on channel 197275905.
[1035.824] I] [NM]: Control function with address 205 and NAME 000000000000000lx is now offline on channel 198344577.
[1036.566] [ISOBUS] addr=0x81 claimed=Y load=16.2% msgs=12871 aiso=414(492426ms) xte=-138.25m spd=0.00m/s q=0 ggaAge=69 vtgAge=67 xteAge=67 vt=N(0/22) vtstat=24/392670ms tc=N drp=0mm tcq=0
[1036.566] W] [PR]: NACK-ing PGN request for PGN 60928 because no callback could handle it.
[1037.313] I] [NM]: External control function with name 000000000000000lx has claimed address 197275905 on channel 536876800.
[1037.313] [ISOBUS] addr=0x81 claimed=Y load=16.7% msgs=12902 aiso=415(493426ms) xte=-138.25m spd=0.00m/s q=0 ggaAge=68 vtgAge=67 xteAge=67 vt=N(0/22) vtstat=24/393670ms tc=N drp=0mm tcq=0
[1037.825] I] [NM]: Control function with address 172 and NAME 000000000000000lx is now offline on channel 197275905.
[1038.569] [ISOBUS] addr=0x81 claimed=Y load=16.4% msgs=12933 aiso=416(494426ms) xte=-138.25m spd=0.00m/s q=0 ggaAge=70 vtgAge=68 xteAge=67 vt=N(0/22) vtstat=24/394670ms tc=N drp=0mm tcq=0
[1038.569] W] [PR]: NACK-ing PGN request for PGN 60928 because no callback could handle it.
[1038.569] I] [NM]: External control function with name 000000000000000lx has claimed address 198344577 on channel 2684363008.
[1038.826] I] [NM]: External control function with name 000000000000000lx has claimed address 197275905 on channel 536876800.
[1038.826] W] [TP]: Received a Request to Send (RTS) message with a global destination, ignoring
[1039.316] [ISOBUS] addr=0x81 claimed=Y load=16.8% msgs=12964 aiso=417(495426ms) xte=-138.25m spd=0.00m/s q=0 ggaAge=69 vtgAge=67 xteAge=67 vt=N(0/22) vtstat=24/395670ms tc=N drp=0mm tcq=0
[1039.316] I] [NM]: Control function with address 172 and NAME 000000000000000lx is now offline on channel 197275905.
[1040.327] I] [NM]: Control function with address 205 and NAME 000000000000000lx is now offline on channel 198344577.
[1040.327] [ISOBUS] addr=0x81 claimed=Y load=16.2% msgs=12995 aiso=418(496426ms) xte=-148.49m spd=0.00m/s q=0 ggaAge=69 vtgAge=67 xteAge=67 vt=N(0/22) vtstat=24/396670ms tc=N drp=0mm tcq=0
[1040.825] W] [PR]: NACK-ing PGN request for PGN 60928 because no callback could handle it.
[1040.825] I] [NM]: External control function with name 000000000000000lx has claimed address 197275905 on channel 536876800.
[1041.825] [ISOBUS] addr=0x81 claimed=Y load=16.6% msgs=13026 aiso=419(497426ms) xte=-148.49m spd=0.00m/s q=0 ggaAge=71 vtgAge=68 xteAge=67 vt=N(0/22) vtstat=24/397670ms tc=N drp=0mm tcq=0
[1041.825] I] [NM]: Control function with address 172 and NAME 000000000000000lx is now offline on channel 197275905.
[1042.561] [ISOBUS] addr=0x81 claimed=Y load=16.2% msgs=13057 aiso=420(498426ms) xte=-148.49m spd=0.00m/s q=0 ggaAge=68 vtgAge=67 xteAge=66 vt=N(0/22) vtstat=24/398670ms tc=N drp=0mm tcq=0
[1042.561] W] [PR]: NACK-ing PGN request for PGN 60928 because no callback could handle it.
[1042.820] I] [NM]: External control function with name 000000000000000lx has claimed address 198344577 on channel 2684363008.
[1042.820] I] [NM]: External control function with name 000000000000000lx has claimed address 197275905 on channel 536876800.
[1043.314] [ISOBUS] addr=0x81 claimed=Y load=16.6% msgs=13088 aiso=421(499426ms) xte=-148.49m spd=0.00m/s q=0 ggaAge=70 vtgAge=68 xteAge=67 vt=N(0/22) vtstat=24/399670ms tc=N drp=0mm tcq=0
[1043.314] I] [NM]: Control function with address 172 and NAME 000000000000000lx is now offline on channel 197275905.
[1043.825] I] [NM]: Control function with address 205 and NAME 000000000000000lx is now offline on channel 198344577.
[1044.570] [ISOBUS] addr=0x81 claimed=Y load=16.1% msgs=13119 aiso=422(500426ms) xte=-148.49m spd=0.00m/s q=0 ggaAge=68 vtgAge=67 xteAge=66 vt=N(0/22) vtstat=24/400670ms tc=N drp=0mm tcq=0
[1044.570] W] [PR]: NACK-ing PGN request for PGN 60928 because no callback could handle it.
[1044.570] I] [NM]: External control function with name 000000000000000lx has claimed address 198344577 on channel 2684363008.
[1045.307] I] [NM]: External control function with name 000000000000000lx has claimed address 197275905 on channel 536876800.
[1045.307] [ISOBUS] addr=0x81 claimed=Y load=16.6% msgs=13150 aiso=423(501426ms) xte=-148.49m spd=0.00m/s q=0 ggaAge=70 vtgAge=68 xteAge=67 vt=N(0/22) vtstat=24/401670ms tc=N drp=0mm tcq=0
[1045.819] I] [NM]: Control function with address 172 and NAME 000000000000000lx is now offline on channel 197275905.
[1045.819] I] [NM]: Control function with address 205 and NAME 000000000000000lx is now offline on channel 198344577.
[1046.564] [ISOBUS] addr=0x81 claimed=Y load=16.3% msgs=13181 aiso=424(502426ms) xte=-148.49m spd=0.00m/s q=0 ggaAge=71 vtgAge=70 xteAge=68 vt=N(0/22) vtstat=24/402670ms tc=N drp=0mm tcq=0
[1046.564] W] [PR]: NACK-ing PGN request for PGN 60928 because no callback could handle it.
[1046.826] I] [NM]: External control function with name 000000000000000lx has claimed address 198344577 on channel 2684363008.
[1046.826] I] [NM]: External control function with name 000000000000000lx has claimed address 197275905 on channel 536876800.
[1047.317] [ISOBUS] addr=0x81 claimed=Y load=17.2% msgs=13212 aiso=425(503426ms) xte=-148.49m spd=0.00m/s q=0 ggaAge=70 vtgAge=68 xteAge=67 vt=N(0/22) vtstat=24/403670ms tc=N drp=0mm tcq=0
[1047.317] I] [NM]: Control function with address 172 and NAME 000000000000000lx is now offline on channel 197275905.
[1047.828] I] [NM]: Control function with address 205 and NAME 000000000000000lx is now offline on channel 198344577.
[1048.569] [ISOBUS] addr=0x81 claimed=Y load=16.7% msgs=13243 aiso=426(504426ms) xte=-148.49m spd=0.00m/s q=0 ggaAge=71 vtgAge=68 xteAge=67 vt=N(0/22) vtstat=24/404670ms tc=N drp=0mm tcq=0
[1048.569] W] [PR]: NACK-ing PGN request for PGN 60928 because no callback could handle it.
[1048.569] I] [NM]: External control function with name 000000000000000lx has claimed address 198344577 on channel 2684363008.
[1049.314] I] [NM]: External control function with name 000000000000000lx has claimed address 197275905 on channel 536876800.
[1049.314] [ISOBUS] addr=0x81 claimed=Y load=17.2% msgs=13274 aiso=427(505426ms) xte=-148.49m spd=0.00m/s q=0 ggaAge=71 vtgAge=70 xteAge=67 vt=N(0/22) vtstat=24/405670ms tc=N drp=0mm tcq=0
[1049.825] I] [NM]: Control function with address 172 and NAME 000000000000000lx is now offline on channel 197275905.
[1049.825] I] [NM]: Control function with address 205 and NAME 000000000000000lx is now offline on channel 198344577.
[1050.563] [ISOBUS] addr=0x81 claimed=Y load=16.7% msgs=13305 aiso=428(506426ms) xte=-138.25m spd=0.00m/s q=0 ggaAge=70 vtgAge=68 xteAge=67 vt=N(0/22) vtstat=24/406670ms tc=N drp=0mm tcq=0
[1050.563] W] [PR]: NACK-ing PGN request for PGN 60928 because no callback could handle it.
[1050.817] I] [NM]: External control function with name 000000000000000lx has claimed address 198344577 on channel 2684363008.
[1050.817] I] [NM]: External control function with name 000000000000000lx has claimed address 197275905 on channel 536876800.
[1051.311] [ISOBUS] addr=0x81 claimed=Y load=17.2% msgs=13336 aiso=429(507426ms) xte=-138.25m spd=0.00m/s q=0 ggaAge=70 vtgAge=68 xteAge=67 vt=N(0/22) vtstat=24/407670ms tc=N drp=0mm tcq=0
[1051.311] I] [NM]: Control function with address 172 and NAME 000000000000000lx is now offline on channel 197275905.
[1052.319] I] [NM]: Control function with address 205 and NAME 000000000000000lx is now offline on channel 198344577.
[1052.319] [ISOBUS] addr=0x81 claimed=Y load=16.7% msgs=13367 aiso=430(508426ms) xte=-138.25m spd=0.00m/s q=0 ggaAge=71 vtgAge=62 xteAge=61 vt=N(0/22) vtstat=24/408670ms tc=N drp=0mm tcq=0
[1052.565] W] [PR]: NACK-ing PGN request for PGN 60928 because no callback could handle it.
[1052.568] I] [NM]: External control function with name 000000000000000lx has claimed address 198344577 on channel 2684363008.
[1053.312] I] [NM]: External control function with name 000000000000000lx has claimed address 197275905 on channel 536876800.
[1053.312] [ISOBUS] addr=0x81 claimed=Y load=17.2% msgs=13398 aiso=431(509426ms) xte=-138.25m spd=0.00m/s q=0 ggaAge=62 vtgAge=61 xteAge=61 vt=N(0/22) vtstat=24/409670ms tc=N drp=0mm tcq=0
[1053.819] I] [NM]: Control function with address 172 and NAME 000000000000000lx is now offline on channel 197275905.
[1053.819] I] [NM]: Control function with address 205 and NAME 000000000000000lx is now offline on channel 198344577.
[1054.564] [ISOBUS] addr=0x81 claimed=Y load=16.7% msgs=13429 aiso=432(510426ms) xte=-138.25m spd=0.00m/s q=0 ggaAge=71 vtgAge=70 xteAge=67 vt=N(0/22) vtstat=24/410670ms tc=N drp=0mm tcq=0
[1054.564] W] [PR]: NACK-ing PGN request for PGN 60928 because no callback could handle it.
[1054.813] I] [NM]: External control function with name 000000000000000lx has claimed address 198344577 on channel 2684363008.
[1054.813] I] [NM]: External control function with name 000000000000000lx has claimed address 197275905 on channel 536876800.
[1055.315] [ISOBUS] addr=0x81 claimed=Y load=17.2% msgs=13460 aiso=433(511426ms) xte=-138.25m spd=0.00m/s q=0 ggaAge=70 vtgAge=68 xteAge=67 vt=N(0/22) vtstat=24/411670ms tc=N drp=0mm tcq=0
[1055.315] I] [NM]: Control function with address 172 and NAME 000000000000000lx is now offline on channel 197275905.
[1056.322] I] [NM]: Control function with address 205 and NAME 000000000000000lx is now offline on channel 198344577.
[1056.322] [ISOBUS] addr=0x81 claimed=Y load=16.7% msgs=13491 aiso=434(512426ms) xte=-138.25m spd=0.00m/s q=0 ggaAge=70 vtgAge=68 xteAge=67 vt=N(0/22) vtstat=24/412670ms tc=N drp=0mm tcq=0
[1056.560] W] [PR]: NACK-ing PGN request for PGN 60928 because no callback could handle it.
[1056.560] I] [NM]: External control function with name 000000000000000lx has claimed address 198344577 on channel 2684363008.
[1057.311] I] [NM]: External control function with name 000000000000000lx has claimed address 197275905 on channel 536876800.
[1057.311] [ISOBUS] addr=0x81 claimed=Y load=17.2% msgs=13522 aiso=435(513426ms) xte=-138.25m spd=0.00m/s q=0 ggaAge=68 vtgAge=67 xteAge=66 vt=N(0/22) vtstat=24/413670ms tc=N drp=0mm tcq=0
[1057.819] I] [NM]: Control function with address 172 and NAME 000000000000000lx is now offline on channel 197275905.
[1057.819] I] [NM]: Control function with address 205 and NAME 000000000000000lx is now offline on channel 198344577.
[1058.569] [ISOBUS] addr=0x81 claimed=Y load=16.7% msgs=13553 aiso=436(514426ms) xte=-138.25m spd=0.00m/s q=0 ggaAge=70 vtgAge=68 xteAge=67 vt=N(0/22) vtstat=24/414670ms tc=N drp=0mm tcq=0
[1058.569] W] [PR]: NACK-ing PGN request for PGN 60928 because no callback could handle it.
[1058.820] I] [NM]: External control function with name 000000000000000lx has claimed address 198344577 on channel 2684363008.
[1058.820] I] [NM]: External control function with name 000000000000000lx has claimed address 197275905 on channel 536876800.
[1059.316] [ISOBUS] addr=0x81 claimed=Y load=17.2% msgs=13584 aiso=437(515426ms) xte=-138.25m spd=0.00m/s q=0 ggaAge=70 vtgAge=70 xteAge=67 vt=N(0/22) vtstat=24/415670ms tc=N drp=0mm tcq=0
[1059.316] I] [NM]: Control function with address 172 and NAME 000000000000000lx is now offline on channel 197275905.
[1060.330] I] [NM]: Control function with address 205 and NAME 000000000000000lx is now offline on channel 198344577.
[1060.330] [ISOBUS] addr=0x81 claimed=Y load=16.7% msgs=13615 aiso=438(516426ms) xte=-138.25m spd=0.00m/s q=0 ggaAge=70 vtgAge=70 xteAge=67 vt=N(0/22) vtstat=24/416670ms tc=N drp=0mm tcq=0
[1060.562] W] [PR]: NACK-ing PGN request for PGN 60928 because no callback could handle it.
[1060.562] I] [NM]: External control function with name 000000000000000lx has claimed address 198344577 on channel 2684363008.
[1061.316] I] [NM]: External control function with name 000000000000000lx has claimed address 197275905 on channel 536876800.
[1061.316] [ISOBUS] addr=0x81 claimed=Y load=17.2% msgs=13646 aiso=439(517426ms) xte=-138.25m spd=0.00m/s q=0 ggaAge=67 vtgAge=66 xteAge=66 vt=N(0/22) vtstat=24/417670ms tc=N drp=0mm tcq=0
[1061.821] I] [NM]: Control function with address 172 and NAME 000000000000000lx is now offline on channel 197275905.
[1061.821] I] [NM]: Control function with address 205 and NAME 000000000000000lx is now offline on channel 198344577.
[1062.556] [ISOBUS] addr=0x81 claimed=Y load=16.7% msgs=13677 aiso=440(518426ms) xte=-138.25m spd=0.00m/s q=0 ggaAge=70 vtgAge=67 xteAge=66 vt=N(0/22) vtstat=24/418670ms tc=N drp=0mm tcq=0
[1062.556] W] [PR]: NACK-ing PGN request for PGN 60928 because no callback could handle it.
[1062.825] I] [NM]: External control function with name 000000000000000lx has claimed address 198344577 on channel 2684363008.
[1062.825] I] [NM]: External control function with name 000000000000000lx has claimed address 197275905 on channel 536876800.
[1063.313] [ISOBUS] addr=0x81 claimed=Y load=17.2% msgs=13708 aiso=441(519426ms) xte=-138.25m spd=0.00m/s q=0 ggaAge=70 vtgAge=68 xteAge=67 vt=N(0/22) vtstat=24/419670ms tc=N drp=0mm tcq=0
[1063.313] I] [NM]: Control function with address 172 and NAME 000000000000000lx is now offline on channel 197275905.
[1064.314] I] [NM]: Control function with address 205 and NAME 000000000000000lx is now offline on channel 198344577.
[1064.314] [ISOBUS] addr=0x81 claimed=Y load=16.7% msgs=13739 aiso=442(520426ms) xte=-138.25m spd=0.00m/s q=0 ggaAge=70 vtgAge=70 xteAge=67 vt=N(0/22) vtstat=24/420670ms tc=N drp=0mm tcq=0
[1064.564] W] [PR]: NACK-ing PGN request for PGN 60928 because no callback could handle it.
[1064.564] I] [NM]: External control function with name 000000000000000lx has claimed address 198344577 on channel 2684363008.
[1065.311] I] [NM]: External control function with name 000000000000000lx has claimed address 197275905 on channel 536876800.
[1065.311] [ISOBUS] addr=0x81 claimed=Y load=17.2% msgs=13770 aiso=443(521426ms) xte=-138.25m spd=0.00m/s q=0 ggaAge=71 vtgAge=70 xteAge=69 vt=N(0/22) vtstat=24/421670ms tc=N drp=0mm tcq=0
[1065.824] I] [NM]: Control function with address 172 and NAME 000000000000000lx is now offline on channel 197275905.
[1065.824] I] [NM]: Control function with address 205 and NAME 000000000000000lx is now offline on channel 198344577.
[1066.567] [ISOBUS] addr=0x81 claimed=Y load=16.7% msgs=13801 aiso=444(522426ms) xte=-138.25m spd=0.00m/s q=0 ggaAge=70 vtgAge=70 xteAge=67 vt=N(0/22) vtstat=24/422670ms tc=N drp=0mm tcq=0
[1066.567] W] [PR]: NACK-ing PGN request for PGN 60928 because no callback could handle it.
[1066.825] I] [NM]: External control function with name 000000000000000lx has claimed address 198344577 on channel 2684363008.
[1066.825] I] [NM]: External control function with name 000000000000000lx has claimed address 197275905 on channel 536876800.
[1067.312] [ISOBUS] addr=0x81 claimed=Y load=17.2% msgs=13832 aiso=445(523426ms) xte=-138.25m spd=0.00m/s q=0 ggaAge=68 vtgAge=67 xteAge=66 vt=N(0/22) vtstat=24/423670ms tc=N drp=0mm tcq=0
[1067.312] I] [NM]: Control function with address 172 and NAME 000000000000000lx is now offline on channel 197275905.
[1068.317] I] [NM]: Control function with address 205 and NAME 000000000000000lx is now offline on channel 198344577.
[1068.318] [ISOBUS] addr=0x81 claimed=Y load=16.7% msgs=13863 aiso=446(524426ms) xte=-138.25m spd=0.00m/s q=0 ggaAge=71 vtgAge=70 xteAge=69 vt=N(0/22) vtstat=24/424670ms tc=N drp=0mm tcq=0
[1068.570] W] [PR]: NACK-ing PGN request for PGN 60928 because no callback could handle it.
[1068.570] I] [NM]: External control function with name 000000000000000lx has claimed address 198344577 on channel 2684363008.
[1069.314] I] [NM]: External control function with name 000000000000000lx has claimed address 197275905 on channel 536876800.
[1069.314] [ISOBUS] addr=0x81 claimed=Y load=17.2% msgs=13894 aiso=447(525426ms) xte=-138.25m spd=0.00m/s q=0 ggaAge=71 vtgAge=70 xteAge=67 vt=N(0/22) vtstat=24/425670ms tc=N drp=0mm tcq=0
[1069.825] I] [NM]: Control function with address 172 and NAME 000000000000000lx is now offline on channel 197275905.
[1069.825] I] [NM]: Control function with address 205 and NAME 000000000000000lx is now offline on channel 198344577.
[1070.564] [ISOBUS] addr=0x81 claimed=Y load=16.7% msgs=13925 aiso=448(526426ms) xte=-138.25m spd=0.00m/s q=0 ggaAge=71 vtgAge=70 xteAge=67 vt=N(0/22) vtstat=24/426670ms tc=N drp=0mm tcq=0
[1070.564] W] [PR]: NACK-ing PGN request for PGN 60928 because no callback could handle it.
[1070.815] I] [NM]: External control function with name 000000000000000lx has claimed address 198344577 on channel 2684363008.
[1070.815] I] [NM]: External control function with name 000000000000000lx has claimed address 197275905 on channel 536876800.
[1071.318] [ISOBUS] addr=0x81 claimed=Y load=17.2% msgs=13956 aiso=449(527426ms) xte=-138.25m spd=0.00m/s q=0 ggaAge=70 vtgAge=70 xteAge=67 vt=N(0/22) vtstat=24/427670ms tc=N drp=0mm tcq=0
[1071.318] I] [NM]: Control function with address 172 and NAME 000000000000000lx is now offline on channel 197275905.
[1072.327] I] [NM]: Control function with address 205 and NAME 000000000000000lx is now offline on channel 198344577.
[1072.327] [ISOBUS] addr=0x81 claimed=Y load=16.7% msgs=13987 aiso=450(528426ms) xte=-138.25m spd=0.00m/s q=0 ggaAge=70 vtgAge=68 xteAge=67 vt=N(0/22) vtstat=24/428670ms tc=N drp=0mm tcq=0
[1072.569] W] [PR]: NACK-ing PGN request for PGN 60928 because no callback could handle it.
[1072.569] I] [NM]: External control function with name 000000000000000lx has claimed address 198344577 on channel 2684363008.
[1073.305] I] [NM]: External control function with name 000000000000000lx has claimed address 197275905 on channel 536876800.
[1073.305] [ISOBUS] addr=0x81 claimed=Y load=17.2% msgs=14018 aiso=451(529426ms) xte=-138.25m spd=0.00m/s q=0 ggaAge=70 vtgAge=68 xteAge=67 vt=N(0/22) vtstat=24/429670ms tc=N drp=0mm tcq=0
[1073.727] --- disconnected (ClearCommError failed (PermissionError(13, 'Het apparaat herkent de opdracht niet.', None, 22))) ---
[1074.233] --- disconnected (could not open port 'COM4': FileNotFoundError(2, 'Het systeem kan het opgegeven bestand niet vinden.', None, 2)) ---
[1074.734] --- disconnected (could not open port 'COM4': FileNotFoundError(2, 'Het systeem kan het opgegeven bestand niet vinden.', None, 2)) ---
[1075.235] --- disconnected (could not open port 'COM4': FileNotFoundError(2, 'Het systeem kan het opgegeven bestand niet vinden.', None, 2)) ---
[1075.735] --- disconnected (could not open port 'COM4': FileNotFoundError(2, 'Het systeem kan het opgegeven bestand niet vinden.', None, 2)) ---
[1076.237] --- connected ---
[1079.577] --------------------------------
[1079.577] -----------MeijWorks------------
[1079.577] --------------------------------
[1079.577] Ploughcontrol ISOBUS version 0.1
[1079.577] (c) 2011 - 2026 by J.A. Woltjer 
[1079.577] --------------------------------
[1080.706] =====================================
[1080.706] Guidance source using following data:
[1080.706] =====================================
[1080.706] RTK Quality
[1080.706] 4
[1080.706] -------------------------------
[1080.706] -------------------------------
[1080.706] Tractor using following data:
[1080.706] -------------------------------
[1080.706] Speed calibration
[1080.706] 250
[1080.706] -------------------------------
[1080.706] Simspeed
[1080.706] 1.00
[1080.706] -------------------------------
[1080.706] Sim time
[1080.706] 2
[1080.706] -------------------------------
[1080.706] Sim mode
[1080.706] 1
[1080.706] -------------------------------
[1080.706] Invert hitch signal
[1080.706] 0
[1080.706] -------------------------------
[1080.706] Times started
[1080.706] 255
[1080.706] --------------------------
[1080.706] Using following data:
[1080.706] --------------------------
[1080.706] Offset calibration data
[1080.706] 600, 34
[1080.706] 461, 42
[1080.706] 308, 50
[1080.706] --------------------------
[1080.706] Number of shares
[1080.706] 4
[1080.706] --------------------------
[1080.706] error margin
[1080.706] 2
[1080.706] --------------------------
[1080.706] error ploughside
[1080.706] 0
[1080.706] --------------------------
[1080.706] Maximum correction
[1080.706] 50
[1080.706] --------------------------
[1080.706] =====================================
[1080.706] Guidance source using following data:
[1080.706] =====================================
[1080.706] RTK Quality
[1080.706] 4
[1080.706] -------------------------------
[1080.706] Times started
[1080.706] 255
[1080.706] --------------------------
[1080.706] Using following data:
[1080.706] --------------------------
[1080.706] Offset calibration data
[1080.706] 600, 34
[1080.706] 461, 42
[1080.706] 308, 50
[1080.706] --------------------------
[1080.706] Number of shares
[1080.706] 4
[1080.944] --------------------------
[1080.944] error margin
[1080.944] 2
[1080.944] --------------------------
[1080.944] error ploughside
[1080.944] 0
[1080.944] --------------------------
[1080.944] Maximum correction
[1080.944] 50
[1080.944] --------------------------
[1080.944] IsobusGuidanceChannel: claiming address address claimed: 0x81
[1081.956] IsobusDebugMenu: send any character to open the status menu.
[1083.091] I] [NM]: A partner with name 000000000000000lx has claimed address 2147491072 on channel 203452081.
[1083.091] I] [NM]: A partner with name 000000000000000lx has claimed address 2684387840 on channel 203452081.
[1083.091] === ISOBUS DEBUG MENU ===
[1083.091] 1. Full status dump
[1083.102] 2. Periodic summary line (OFF - press to toggle)
[1083.102] 3. Reset message counters
[1083.102] q. Exit
[1083.102] Periodic summary line: ON
[1083.102] === ISOBUS DEBUG MENU ===
[1083.102] 1. Full status dump
[1083.102] 2. Periodic summary line (ON - press to toggle)
[1083.102] 3. Reset message counters
[1083.102] q. Exit
[1083.102] Exiting.
[1083.871] [ISOBUS] addr=0x81 claimed=Y load=11.7% msgs=1 aiso=0(0ms) xte=0.00m spd=0.00m/s q=0 ggaAge=0 vtgAge=7425 xteAge=7425 vt=N(1/22) vtstat=0/0ms tc=N drp=0mm tcq=0
[1083.871] I] [VT]: VT Server has a matching label for MW03   . It will be loaded and upload will be skipped.
[1084.881] I] [VT]: Loaded object pool version from VT non-volatile memory with no errors.
[1084.881] [ISOBUS] addr=0x81 claimed=Y load=19.0% msgs=38 aiso=1(8425ms) xte=-138.25m spd=0.00m/s q=0 ggaAge=41 vtgAge=40 xteAge=40 vt=Y(21/22) vtstat=2/44ms tc=N drp=0mm tcq=0
[1085.312] [ISOBUS] addr=0x81 claimed=Y load=17.7% msgs=69 aiso=2(9425ms) xte=-138.25m spd=0.00m/s q=0 ggaAge=42 vtgAge=41 xteAge=40 vt=Y(21/22) vtstat=3/240ms tc=N drp=0mm tcq=0
[1085.312] I] [NM]: Control function with address 43 and NAME 000000000000000lx is now offline on channel 203452081.
[1085.312] I] [NM]: Control function with address 128 and NAME 000000000000000lx is now offline on channel 203452081.
[1085.312] I] [NM]: Control function with address 233 and NAME 000000000000000lx is now offline on channel 203452081.
[1085.312] I] [NM]: Control function with address 240 and NAME 000000000000000lx is now offline on channel 197783967.
[1085.312] I] [NM]: Control function with address 245 and NAME 000000000000000lx is now offline on channel 203452081.
[1086.102] I] [NM]: Control function with address 247 and NAME 000000000000000lx is now offline on channel 203452081.
[1086.102] W] [PR]: NACK-ing PGN request for PGN 64653 because no callback could handle it.
[1087.098] [ISOBUS] addr=0x81 claimed=Y load=16.8% msgs=100 aiso=3(10425ms) xte=-138.25m spd=0.00m/s q=0 ggaAge=44 vtgAge=43 xteAge=41 vt=Y(21/22) vtstat=3/1240ms tc=N drp=0mm tcq=0
[1087.098] W] [PR]: NACK-ing PGN request for PGN 60928 because no callback could handle it.
[1087.098] W] [PR]: NACK-ing PGN request for PGN 64653 because no callback could handle it.
[1088.100] [ISOBUS] addr=0x81 claimed=Y load=17.2% msgs=131 aiso=4(11425ms) xte=-138.25m spd=0.00m/s q=0 ggaAge=42 vtgAge=41 xteAge=40 vt=Y(21/22) vtstat=3/2240ms tc=N drp=0mm tcq=0
[1088.100] E] [VT]: Status Timeout
[1088.100] W] [PR]: NACK-ing PGN request for PGN 64653 because no callback could handle it.
[1089.062] [ISOBUS] addr=0x81 claimed=Y load=16.8% msgs=162 aiso=5(12425ms) xte=-138.25m spd=0.00m/s q=0 ggaAge=44 vtgAge=42 xteAge=41 vt=N(0/22) vtstat=3/3240ms tc=N drp=0mm tcq=0
[1089.062] W] [PR]: NACK-ing PGN request for PGN 60928 because no callback could handle it.
[1090.057] W] [PR]: NACK-ing PGN request for PGN 64653 because no callback could handle it.
[1090.057] [ISOBUS] addr=0x81 claimed=Y load=17.2% msgs=193 aiso=6(13425ms) xte=-138.25m spd=0.00m/s q=0 ggaAge=44 vtgAge=42 xteAge=41 vt=N(0/22) vtstat=3/4240ms tc=N drp=0mm tcq=0
[1090.555] W] [PR]: NACK-ing PGN request for PGN 64653 because no callback could handle it.
[1090.555] [ISOBUS] addr=0x81 claimed=Y load=16.8% msgs=224 aiso=7(14425ms) xte=-138.25m spd=0.00m/s q=0 ggaAge=42 vtgAge=41 xteAge=40 vt=N(0/22) vtstat=3/5240ms tc=N drp=0mm tcq=0
[1091.565] W] [PR]: NACK-ing PGN request for PGN 60928 because no callback could handle it.
[1091.565] [ISOBUS] addr=0x81 claimed=Y load=17.2% msgs=255 aiso=8(15425ms) xte=-138.25m spd=0.00m/s q=0 ggaAge=42 vtgAge=41 xteAge=40 vt=N(0/22) vtstat=3/6240ms tc=N drp=0mm tcq=0
[1092.576] [ISOBUS] addr=0x81 claimed=Y load=16.7% msgs=286 aiso=9(16425ms) xte=-138.25m spd=0.00m/s q=0 ggaAge=45 vtgAge=44 xteAge=44 vt=N(0/22) vtstat=3/7240ms tc=N drp=0mm tcq=0
[1092.576] W] [PR]: NACK-ing PGN request for PGN 60928 because no callback could handle it.
[1093.577] [ISOBUS] addr=0x81 claimed=Y load=17.2% msgs=317 aiso=10(17425ms) xte=-138.25m spd=0.00m/s q=0 ggaAge=44 vtgAge=42 xteAge=41 vt=N(0/22) vtstat=3/8240ms tc=N drp=0mm tcq=0
[1094.584] [ISOBUS] addr=0x81 claimed=Y load=16.7% msgs=348 aiso=11(18425ms) xte=-138.25m spd=0.00m/s q=0 ggaAge=44 vtgAge=42 xteAge=41 vt=N(0/22) vtstat=3/9240ms tc=N drp=0mm tcq=0
[1094.584] W] [PR]: NACK-ing PGN request for PGN 60928 because no callback could handle it.
[1095.586] [ISOBUS] addr=0x81 claimed=Y load=17.2% msgs=379 aiso=12(19425ms) xte=-138.25m spd=0.00m/s q=0 ggaAge=44 vtgAge=42 xteAge=40 vt=N(0/22) vtstat=3/10240ms tc=N drp=0mm tcq=0
[1096.589] [ISOBUS] addr=0x81 claimed=Y load=16.7% msgs=410 aiso=13(20425ms) xte=-138.25m spd=0.00m/s q=0 ggaAge=44 vtgAge=42 xteAge=41 vt=N(0/22) vtstat=3/11240ms tc=N drp=0mm tcq=0
[1096.590] W] [PR]: NACK-ing PGN request for PGN 60928 because no callback could handle it.
[1097.593] [ISOBUS] addr=0x81 claimed=Y load=17.2% msgs=441 aiso=14(21425ms) xte=-138.25m spd=0.00m/s q=0 ggaAge=45 vtgAge=44 xteAge=41 vt=N(0/22) vtstat=3/12240ms tc=N drp=0mm tcq=0
[1098.601] [ISOBUS] addr=0x81 claimed=Y load=16.7% msgs=472 aiso=15(22425ms) xte=-138.25m spd=0.00m/s q=0 ggaAge=44 vtgAge=44 xteAge=41 vt=N(0/22) vtstat=3/13240ms tc=N drp=0mm tcq=0
[1098.601] W] [PR]: NACK-ing PGN request for PGN 60928 because no callback could handle it.
[1099.604] [ISOBUS] addr=0x81 claimed=Y load=17.2% msgs=503 aiso=16(23425ms) xte=-138.25m spd=0.00m/s q=0 ggaAge=42 vtgAge=41 xteAge=40 vt=N(0/22) vtstat=3/14240ms tc=N drp=0mm tcq=0
[1100.626] [ISOBUS] addr=0x81 claimed=Y load=16.7% msgs=534 aiso=17(24425ms) xte=-138.25m spd=0.00m/s q=0 ggaAge=44 vtgAge=42 xteAge=41 vt=N(0/22) vtstat=3/15240ms tc=N drp=0mm tcq=0
[1100.626] W] [PR]: NACK-ing PGN request for PGN 60928 because no callback could handle it.
[1101.636] [ISOBUS] addr=0x81 claimed=Y load=17.3% msgs=565 aiso=18(25425ms) xte=-138.25m spd=0.00m/s q=0 ggaAge=44 vtgAge=42 xteAge=40 vt=N(0/22) vtstat=3/16240ms tc=N drp=0mm tcq=0
[1102.645] [ISOBUS] addr=0x81 claimed=Y load=16.7% msgs=596 aiso=19(26425ms) xte=-138.25m spd=0.00m/s q=0 ggaAge=44 vtgAge=44 xteAge=41 vt=N(0/22) vtstat=3/17240ms tc=N drp=0mm tcq=0
[1102.645] W] [PR]: NACK-ing PGN request for PGN 60928 because no callback could handle it.
[1103.655] [ISOBUS] addr=0x81 claimed=Y load=17.2% msgs=627 aiso=20(27425ms) xte=-138.25m spd=0.00m/s q=0 ggaAge=45 vtgAge=44 xteAge=41 vt=N(0/22) vtstat=3/18240ms tc=N drp=0mm tcq=0
[1104.663] [ISOBUS] addr=0x81 claimed=Y load=16.7% msgs=658 aiso=21(28425ms) xte=-138.25m spd=0.00m/s q=0 ggaAge=45 vtgAge=44 xteAge=44 vt=N(0/22) vtstat=3/19240ms tc=N drp=0mm tcq=0
[1104.663] W] [PR]: NACK-ing PGN request for PGN 60928 because no callback could handle it.
[1105.678] [ISOBUS] addr=0x81 claimed=Y load=17.2% msgs=689 aiso=22(29425ms) xte=-138.25m spd=0.00m/s q=0 ggaAge=44 vtgAge=42 xteAge=41 vt=N(0/22) vtstat=3/20240ms tc=N drp=0mm tcq=0
[1106.696] [ISOBUS] addr=0x81 claimed=Y load=16.7% msgs=720 aiso=23(30425ms) xte=-138.25m spd=0.00m/s q=0 ggaAge=44 vtgAge=44 xteAge=41 vt=N(0/22) vtstat=3/21240ms tc=N drp=0mm tcq=0
[1106.696] W] [PR]: NACK-ing PGN request for PGN 60928 because no callback could handle it.
[1107.706] [ISOBUS] addr=0x81 claimed=Y load=17.2% msgs=751 aiso=24(31425ms) xte=-138.25m spd=0.00m/s q=0 ggaAge=45 vtgAge=44 xteAge=41 vt=N(0/22) vtstat=3/22240ms tc=N drp=0mm tcq=0
[1108.712] [ISOBUS] addr=0x81 claimed=Y load=16.7% msgs=782 aiso=25(32425ms) xte=-138.25m spd=0.00m/s q=0 ggaAge=44 vtgAge=42 xteAge=40 vt=N(0/22) vtstat=3/23240ms tc=N drp=0mm tcq=0
[1108.712] W] [PR]: NACK-ing PGN request for PGN 60928 because no callback could handle it.
[1109.712] [ISOBUS] addr=0x81 claimed=Y load=17.2% msgs=813 aiso=26(33425ms) xte=-138.25m spd=0.00m/s q=0 ggaAge=44 vtgAge=44 xteAge=41 vt=N(0/22) vtstat=3/24240ms tc=N drp=0mm tcq=0
[1110.721] [ISOBUS] addr=0x81 claimed=Y load=16.6% msgs=844 aiso=27(34425ms) xte=-138.25m spd=0.00m/s q=0 ggaAge=45 vtgAge=44 xteAge=41 vt=N(0/22) vtstat=3/25240ms tc=N drp=0mm tcq=0
[1110.721] W] [PR]: NACK-ing PGN request for PGN 60928 because no callback could handle it.
[1111.727] [ISOBUS] addr=0x81 claimed=Y load=17.2% msgs=875 aiso=28(35425ms) xte=-138.25m spd=0.00m/s q=0 ggaAge=45 vtgAge=44 xteAge=41 vt=N(0/22) vtstat=3/26240ms tc=N drp=0mm tcq=0
[1112.730] [ISOBUS] addr=0x81 claimed=Y load=16.7% msgs=906 aiso=29(36425ms) xte=-138.25m spd=0.00m/s q=0 ggaAge=45 vtgAge=44 xteAge=44 vt=N(0/22) vtstat=3/27240ms tc=N drp=0mm tcq=0
[1112.730] W] [PR]: NACK-ing PGN request for PGN 60928 because no callback could handle it.
[1113.738] [ISOBUS] addr=0x81 claimed=Y load=17.2% msgs=937 aiso=30(37425ms) xte=-138.25m spd=0.00m/s q=0 ggaAge=45 vtgAge=44 xteAge=44 vt=N(0/22) vtstat=3/28240ms tc=N drp=0mm tcq=0
[1114.745] [ISOBUS] addr=0x81 claimed=Y load=16.7% msgs=968 aiso=31(38425ms) xte=-138.25m spd=0.00m/s q=0 ggaAge=41 vtgAge=40 xteAge=40 vt=N(0/22) vtstat=3/29240ms tc=N drp=0mm tcq=0
[1114.745] W] [PR]: NACK-ing PGN request for PGN 60928 because no callback could handle it.
[1115.759] [ISOBUS] addr=0x81 claimed=Y load=17.2% msgs=999 aiso=32(39425ms) xte=-138.25m spd=0.00m/s q=0 ggaAge=44 vtgAge=44 xteAge=41 vt=N(0/22) vtstat=3/30240ms tc=N drp=0mm tcq=0
[1116.562] [ISOBUS] addr=0x81 claimed=Y load=16.7% msgs=1030 aiso=33(40425ms) xte=-138.25m spd=0.00m/s q=0 ggaAge=44 vtgAge=43 xteAge=40 vt=N(0/22) vtstat=3/31240ms tc=N drp=0mm tcq=0
[1116.563] W] [PR]: NACK-ing PGN request for PGN 60928 because no callback could handle it.
[1117.569] [ISOBUS] addr=0x81 claimed=Y load=17.2% msgs=1061 aiso=34(41425ms) xte=-138.25m spd=0.00m/s q=0 ggaAge=45 vtgAge=44 xteAge=40 vt=N(0/22) vtstat=3/32240ms tc=N drp=0mm tcq=0
[1118.557] [ISOBUS] addr=0x81 claimed=Y load=16.6% msgs=1092 aiso=35(42425ms) xte=-138.25m spd=0.00m/s q=0 ggaAge=43 vtgAge=41 xteAge=40 vt=N(0/22) vtstat=3/33240ms tc=N drp=0mm tcq=0
[1118.557] W] [PR]: NACK-ing PGN request for PGN 60928 because no callback could handle it.
[1119.564] [ISOBUS] addr=0x81 claimed=Y load=17.2% msgs=1123 aiso=36(43425ms) xte=-138.25m spd=0.00m/s q=0 ggaAge=45 vtgAge=44 xteAge=43 vt=N(0/22) vtstat=3/34240ms tc=N drp=0mm tcq=0
[1120.558] [ISOBUS] addr=0x81 claimed=Y load=16.7% msgs=1154 aiso=37(44425ms) xte=-138.25m spd=0.00m/s q=0 ggaAge=44 vtgAge=44 xteAge=41 vt=N(0/22) vtstat=3/35240ms tc=N drp=0mm tcq=0
[1120.558] W] [PR]: NACK-ing PGN request for PGN 60928 because no callback could handle it.
[1121.575] [ISOBUS] addr=0x81 claimed=Y load=17.2% msgs=1185 aiso=38(45425ms) xte=-138.25m spd=0.00m/s q=0 ggaAge=44 vtgAge=43 xteAge=41 vt=N(0/22) vtstat=3/36240ms tc=N drp=0mm tcq=0
[1122.559] [ISOBUS] addr=0x81 claimed=Y load=16.7% msgs=1216 aiso=39(46425ms) xte=-138.25m spd=0.00m/s q=0 ggaAge=44 vtgAge=43 xteAge=40 vt=N(0/22) vtstat=3/37240ms tc=N drp=0mm tcq=0
[1122.559] W] [PR]: NACK-ing PGN request for PGN 60928 because no callback could handle it.
[1123.561] [ISOBUS] addr=0x81 claimed=Y load=17.2% msgs=1247 aiso=40(47425ms) xte=-138.25m spd=0.00m/s q=0 ggaAge=44 vtgAge=43 xteAge=40 vt=N(0/22) vtstat=3/38240ms tc=N drp=0mm tcq=0
[1124.552] [ISOBUS] addr=0x81 claimed=Y load=16.7% msgs=1278 aiso=41(48425ms) xte=-138.25m spd=0.00m/s q=0 ggaAge=44 vtgAge=43 xteAge=40 vt=N(0/22) vtstat=3/39240ms tc=N drp=0mm tcq=0
[1124.552] W] [PR]: NACK-ing PGN request for PGN 60928 because no callback could handle it.
[1125.556] [ISOBUS] addr=0x81 claimed=Y load=17.2% msgs=1309 aiso=42(49425ms) xte=-138.25m spd=0.00m/s q=0 ggaAge=45 vtgAge=44 xteAge=43 vt=N(0/22) vtstat=3/40240ms tc=N drp=0mm tcq=0
[1126.554] [ISOBUS] addr=0x81 claimed=Y load=16.7% msgs=1340 aiso=43(50425ms) xte=-138.25m spd=0.00m/s q=0 ggaAge=44 vtgAge=44 xteAge=43 vt=N(0/22) vtstat=3/41240ms tc=N drp=0mm tcq=0
[1126.554] W] [PR]: NACK-ing PGN request for PGN 60928 because no callback could handle it.
[1127.562] [ISOBUS] addr=0x81 claimed=Y load=17.2% msgs=1371 aiso=44(51425ms) xte=-138.25m spd=0.00m/s q=0 ggaAge=44 vtgAge=43 xteAge=40 vt=N(0/22) vtstat=3/42240ms tc=N drp=0mm tcq=0
[1128.562] [ISOBUS] addr=0x81 claimed=Y load=16.7% msgs=1402 aiso=45(52425ms) xte=-138.25m spd=0.00m/s q=0 ggaAge=44 vtgAge=43 xteAge=40 vt=N(0/22) vtstat=3/43240ms tc=N drp=0mm tcq=0
[1128.562] W] [PR]: NACK-ing PGN request for PGN 60928 because no callback could handle it.
[1129.569] [ISOBUS] addr=0x81 claimed=Y load=17.2% msgs=1433 aiso=46(53425ms) xte=-138.25m spd=0.00m/s q=0 ggaAge=44 vtgAge=43 xteAge=43 vt=N(0/22) vtstat=3/44240ms tc=N drp=0mm tcq=0
[1130.559] [ISOBUS] addr=0x81 claimed=Y load=16.7% msgs=1464 aiso=47(54425ms) xte=-138.25m spd=0.00m/s q=0 ggaAge=43 vtgAge=41 xteAge=39 vt=N(0/22) vtstat=3/45240ms tc=N drp=0mm tcq=0
[1130.559] W] [PR]: NACK-ing PGN request for PGN 60928 because no callback could handle it.
[1131.562] [ISOBUS] addr=0x81 claimed=Y load=17.2% msgs=1495 aiso=48(55425ms) xte=-138.25m spd=0.00m/s q=0 ggaAge=44 vtgAge=44 xteAge=43 vt=N(0/22) vtstat=3/46240ms tc=N drp=0mm tcq=0
[1132.561] [ISOBUS] addr=0x81 claimed=Y load=16.7% msgs=1526 aiso=49(56425ms) xte=-138.25m spd=0.00m/s q=0 ggaAge=44 vtgAge=43 xteAge=43 vt=N(0/22) vtstat=3/47240ms tc=N drp=0mm tcq=0
[1132.561] W] [PR]: NACK-ing PGN request for PGN 60928 because no callback could handle it.
[1133.574] [ISOBUS] addr=0x81 claimed=Y load=17.2% msgs=1557 aiso=50(57425ms) xte=-138.25m spd=0.00m/s q=0 ggaAge=45 vtgAge=44 xteAge=43 vt=N(0/22) vtstat=3/48240ms tc=N drp=0mm tcq=0
[1134.558] [ISOBUS] addr=0x81 claimed=Y load=16.7% msgs=1588 aiso=51(58425ms) xte=-138.25m spd=0.00m/s q=0 ggaAge=43 vtgAge=43 xteAge=40 vt=N(0/22) vtstat=3/49240ms tc=N drp=0mm tcq=0
[1134.558] W] [PR]: NACK-ing PGN request for PGN 60928 because no callback could handle it.
[1135.561] [ISOBUS] addr=0x81 claimed=Y load=17.2% msgs=1619 aiso=52(59425ms) xte=-138.25m spd=0.00m/s q=0 ggaAge=45 vtgAge=44 xteAge=44 vt=N(0/22) vtstat=3/50240ms tc=N drp=0mm tcq=0
[1136.559] [ISOBUS] addr=0x81 claimed=Y load=16.7% msgs=1650 aiso=53(60425ms) xte=-138.25m spd=0.00m/s q=0 ggaAge=44 vtgAge=44 xteAge=43 vt=N(0/22) vtstat=3/51240ms tc=N drp=0mm tcq=0
[1136.559] W] [PR]: NACK-ing PGN request for PGN 60928 because no callback could handle it.
[1137.572] [ISOBUS] addr=0x81 claimed=Y load=17.2% msgs=1681 aiso=54(61425ms) xte=-138.25m spd=0.00m/s q=0 ggaAge=44 vtgAge=43 xteAge=40 vt=N(0/22) vtstat=3/52240ms tc=N drp=0mm tcq=0
[1138.555] [ISOBUS] addr=0x81 claimed=Y load=16.7% msgs=1712 aiso=55(62425ms) xte=-138.25m spd=0.00m/s q=0 ggaAge=43 vtgAge=41 xteAge=40 vt=N(0/22) vtstat=3/53240ms tc=N drp=0mm tcq=0
[1138.555] W] [PR]: NACK-ing PGN request for PGN 60928 because no callback could handle it.
[1139.563] [ISOBUS] addr=0x81 claimed=Y load=17.2% msgs=1743 aiso=56(63425ms) xte=-138.25m spd=0.00m/s q=0 ggaAge=43 vtgAge=43 xteAge=40 vt=N(0/22) vtstat=3/54240ms tc=N drp=0mm tcq=0
[1140.566] [ISOBUS] addr=0x81 claimed=Y load=16.7% msgs=1774 aiso=57(64425ms) xte=-138.25m spd=0.00m/s q=0 ggaAge=45 vtgAge=44 xteAge=44 vt=N(0/22) vtstat=3/55240ms tc=N drp=0mm tcq=0
[1140.567] W] [PR]: NACK-ing PGN request for PGN 60928 because no callback could handle it.
[1141.576] [ISOBUS] addr=0x81 claimed=Y load=17.2% msgs=1805 aiso=58(65425ms) xte=-138.25m spd=0.00m/s q=0 ggaAge=44 vtgAge=43 xteAge=40 vt=N(0/22) vtstat=3/56240ms tc=N drp=0mm tcq=0
[1142.560] [ISOBUS] addr=0x81 claimed=Y load=16.7% msgs=1836 aiso=59(66425ms) xte=-138.25m spd=0.00m/s q=0 ggaAge=44 vtgAge=44 xteAge=43 vt=N(0/22) vtstat=3/57240ms tc=N drp=0mm tcq=0
[1142.560] W] [PR]: NACK-ing PGN request for PGN 60928 because no callback could handle it.
[1143.572] [ISOBUS] addr=0x81 claimed=Y load=17.2% msgs=1867 aiso=60(67425ms) xte=-138.25m spd=0.00m/s q=0 ggaAge=44 vtgAge=43 xteAge=42 vt=N(0/22) vtstat=3/58240ms tc=N drp=0mm tcq=0
[1144.558] [ISOBUS] addr=0x81 claimed=Y load=16.7% msgs=1898 aiso=61(68425ms) xte=-138.25m spd=0.00m/s q=0 ggaAge=44 vtgAge=44 xteAge=43 vt=N(0/22) vtstat=3/59240ms tc=N drp=0mm tcq=0
[1144.558] W] [PR]: NACK-ing PGN request for PGN 60928 because no callback could handle it.
[1145.559] [ISOBUS] addr=0x81 claimed=Y load=17.2% msgs=1929 aiso=62(69425ms) xte=-138.25m spd=0.00m/s q=0 ggaAge=43 vtgAge=41 xteAge=40 vt=N(0/22) vtstat=3/60240ms tc=N drp=0mm tcq=0
[1146.561] [ISOBUS] addr=0x81 claimed=Y load=16.7% msgs=1960 aiso=63(70425ms) xte=-138.25m spd=0.00m/s q=0 ggaAge=45 vtgAge=44 xteAge=43 vt=N(0/22) vtstat=3/61240ms tc=N drp=0mm tcq=0
[1147.104] W] [PR]: NACK-ing PGN request for PGN 60928 because no callback could handle it.
[1147.104] [ISOBUS] addr=0x81 claimed=Y load=17.2% msgs=1991 aiso=64(71425ms) xte=-138.25m spd=0.00m/s q=0 ggaAge=44 vtgAge=43 xteAge=40 vt=N(0/22) vtstat=3/62240ms tc=N drp=0mm tcq=0
[1148.105] [ISOBUS] addr=0x81 claimed=Y load=16.7% msgs=2022 aiso=65(72425ms) xte=-138.25m spd=0.00m/s q=0 ggaAge=44 vtgAge=44 xteAge=43 vt=N(0/22) vtstat=3/63240ms tc=N drp=0mm tcq=0
[1149.103] W] [PR]: NACK-ing PGN request for PGN 60928 because no callback could handle it.
[1149.103] [ISOBUS] addr=0x81 claimed=Y load=17.2% msgs=2053 aiso=66(73425ms) xte=-138.25m spd=0.00m/s q=0 ggaAge=44 vtgAge=44 xteAge=43 vt=N(0/22) vtstat=3/64240ms tc=N drp=0mm tcq=0
[1150.563] [ISOBUS] addr=0x81 claimed=Y load=16.7% msgs=2084 aiso=67(74425ms) xte=-138.25m spd=0.00m/s q=0 ggaAge=44 vtgAge=43 xteAge=43 vt=N(0/22) vtstat=3/65240ms tc=N drp=0mm tcq=0
[1150.563] W] [PR]: NACK-ing PGN request for PGN 60928 because no callback could handle it.
[1151.568] [ISOBUS] addr=0x81 claimed=Y load=17.2% msgs=2115 aiso=68(75425ms) xte=-138.25m spd=0.00m/s q=0 ggaAge=44 vtgAge=43 xteAge=40 vt=N(0/22) vtstat=3/66240ms tc=N drp=0mm tcq=0
[1152.554] [ISOBUS] addr=0x81 claimed=Y load=16.7% msgs=2146 aiso=69(76425ms) xte=-138.25m spd=0.00m/s q=0 ggaAge=44 vtgAge=44 xteAge=43 vt=N(0/22) vtstat=3/67240ms tc=N drp=0mm tcq=0
[1152.554] W] [PR]: NACK-ing PGN request for PGN 60928 because no callback could handle it.
[1153.561] [ISOBUS] addr=0x81 claimed=Y load=17.2% msgs=2177 aiso=70(77425ms) xte=-138.25m spd=0.00m/s q=0 ggaAge=44 vtgAge=43 xteAge=42 vt=N(0/22) vtstat=3/68240ms tc=N drp=0mm tcq=0
[1154.562] [ISOBUS] addr=0x81 claimed=Y load=16.7% msgs=2208 aiso=71(78425ms) xte=-138.25m spd=0.00m/s q=0 ggaAge=44 vtgAge=43 xteAge=42 vt=N(0/22) vtstat=3/69240ms tc=N drp=0mm tcq=0
[1154.562] W] [PR]: NACK-ing PGN request for PGN 60928 because no callback could handle it.
[1155.562] [ISOBUS] addr=0x81 claimed=Y load=17.2% msgs=2239 aiso=72(79425ms) xte=-138.25m spd=0.00m/s q=0 ggaAge=44 vtgAge=44 xteAge=43 vt=N(0/22) vtstat=3/70240ms tc=N drp=0mm tcq=0
[1156.554] [ISOBUS] addr=0x81 claimed=Y load=16.7% msgs=2270 aiso=73(80425ms) xte=-138.25m spd=0.00m/s q=0 ggaAge=44 vtgAge=43 xteAge=43 vt=N(0/22) vtstat=3/71240ms tc=N drp=0mm tcq=0
[1156.554] W] [PR]: NACK-ing PGN request for PGN 60928 because no callback could handle it.
[1157.564] [ISOBUS] addr=0x81 claimed=Y load=17.2% msgs=2301 aiso=74(81425ms) xte=-138.25m spd=0.00m/s q=0 ggaAge=44 vtgAge=43 xteAge=43 vt=N(0/22) vtstat=3/72240ms tc=N drp=0mm tcq=0
[1158.567] [ISOBUS] addr=0x81 claimed=Y load=16.7% msgs=2332 aiso=75(82425ms) xte=-139.53m spd=0.00m/s q=0 ggaAge=44 vtgAge=43 xteAge=43 vt=N(0/22) vtstat=3/73240ms tc=N drp=0mm tcq=0
[1158.567] W] [PR]: NACK-ing PGN request for PGN 60928 because no callback could handle it.
[1159.322] [ISOBUS] addr=0x81 claimed=Y load=17.2% msgs=2363 aiso=76(83425ms) xte=-139.53m spd=0.00m/s q=0 ggaAge=44 vtgAge=44 xteAge=40 vt=N(0/22) vtstat=3/74240ms tc=N drp=0mm tcq=0
[1160.324] I] [NM]: Control function with address 205 and NAME 000000000000000lx is now offline on channel 198344577.
[1160.324] [ISOBUS] addr=0x81 claimed=Y load=16.7% msgs=2394 aiso=77(84425ms) xte=-138.25m spd=0.00m/s q=0 ggaAge=44 vtgAge=44 xteAge=43 vt=N(0/22) vtstat=3/75240ms tc=N drp=0mm tcq=0
[1161.096] W] [PR]: NACK-ing PGN request for PGN 60928 because no callback could handle it.
[1161.096] I] [NM]: External control function with name 000000000000000lx has claimed address 198344577 on channel 2684363008.
[1162.097] [ISOBUS] addr=0x81 claimed=Y load=17.2% msgs=2425 aiso=78(85425ms) xte=-138.25m spd=0.00m/s q=0 ggaAge=44 vtgAge=43 xteAge=43 vt=N(0/22) vtstat=3/76240ms tc=N drp=0mm tcq=0
[1162.097] I] [NM]: Control function with address 205 and NAME 000000000000000lx is now offline on channel 198344577.
[1162.570] [ISOBUS] addr=0x81 claimed=Y load=16.7% msgs=2456 aiso=79(86425ms) xte=-138.25m spd=0.00m/s q=0 ggaAge=43 vtgAge=43 xteAge=42 vt=N(0/22) vtstat=3/77240ms tc=N drp=0mm tcq=0
[1162.570] W] [PR]: NACK-ing PGN request for PGN 60928 because no callback could handle it.
[1163.097] I] [NM]: External control function with name 000000000000000lx has claimed address 198344577 on channel 2684363008.
[1164.097] [ISOBUS] addr=0x81 claimed=Y load=17.2% msgs=2487 aiso=80(87425ms) xte=-138.25m spd=0.00m/s q=0 ggaAge=42 vtgAge=40 xteAge=39 vt=N(0/22) vtstat=3/78240ms tc=N drp=0mm tcq=0
[1164.097] I] [NM]: Control function with address 205 and NAME 000000000000000lx is now offline on channel 198344577.
[1164.567] [ISOBUS] addr=0x81 claimed=Y load=16.7% msgs=2518 aiso=81(88425ms) xte=-139.53m spd=0.00m/s q=0 ggaAge=45 vtgAge=44 xteAge=43 vt=N(0/22) vtstat=3/79240ms tc=N drp=0mm tcq=0
[1164.567] W] [PR]: NACK-ing PGN request for PGN 60928 because no callback could handle it.
[1165.102] I] [NM]: External control function with name 000000000000000lx has claimed address 198344577 on channel 2684363008.
[1166.102] [ISOBUS] addr=0x81 claimed=Y load=17.2% msgs=2549 aiso=82(89425ms) xte=-139.53m spd=0.00m/s q=0 ggaAge=44 vtgAge=43 xteAge=42 vt=N(0/22) vtstat=3/80240ms tc=N drp=0mm tcq=0
[1166.102] I] [NM]: Control function with address 205 and NAME 000000000000000lx is now offline on channel 198344577.
[1166.566] [ISOBUS] addr=0x81 claimed=Y load=16.7% msgs=2580 aiso=83(90425ms) xte=-139.53m spd=0.00m/s q=0 ggaAge=44 vtgAge=43 xteAge=42 vt=N(0/22) vtstat=3/81240ms tc=N drp=0mm tcq=0
[1166.566] I] [NM]: External control function with name 000000000000000lx has claimed address 198344577 on channel 2684363008.
[1167.315] W] [PR]: NACK-ing PGN request for PGN 60928 because no callback could handle it.
[1167.315] [ISOBUS] addr=0x81 claimed=Y load=17.2% msgs=2611 aiso=84(91425ms) xte=-139.53m spd=0.00m/s q=0 ggaAge=43 vtgAge=43 xteAge=42 vt=N(0/22) vtstat=3/82240ms tc=N drp=0mm tcq=0
[1168.321] I] [NM]: Control function with address 205 and NAME 000000000000000lx is now offline on channel 198344577.
[1168.321] [ISOBUS] addr=0x81 claimed=Y load=16.7% msgs=2642 aiso=85(92425ms) xte=-139.53m spd=0.00m/s q=0 ggaAge=44 vtgAge=44 xteAge=43 vt=N(0/22) vtstat=3/83240ms tc=N drp=0mm tcq=0
[1169.098] W] [PR]: NACK-ing PGN request for PGN 60928 because no callback could handle it.
[1169.098] I] [NM]: External control function with name 000000000000000lx has claimed address 198344577 on channel 2684363008.
[1170.089] [ISOBUS] addr=0x81 claimed=Y load=17.2% msgs=2673 aiso=86(93425ms) xte=-139.53m spd=0.00m/s q=0 ggaAge=44 vtgAge=43 xteAge=43 vt=N(0/22) vtstat=3/84240ms tc=N drp=0mm tcq=0
[1170.089] I] [NM]: Control function with address 205 and NAME 000000000000000lx is now offline on channel 198344577.
[1170.566] [ISOBUS] addr=0x81 claimed=Y load=16.7% msgs=2704 aiso=87(94425ms) xte=-138.25m spd=0.00m/s q=0 ggaAge=43 vtgAge=43 xteAge=42 vt=N(0/22) vtstat=3/85240ms tc=N drp=0mm tcq=0
[1170.566] W] [PR]: NACK-ing PGN request for PGN 60928 because no callback could handle it.
[1171.105] I] [NM]: External control function with name 000000000000000lx has claimed address 198344577 on channel 2684363008.
[1172.099] [ISOBUS] addr=0x81 claimed=Y load=17.2% msgs=2735 aiso=88(95425ms) xte=-138.25m spd=0.00m/s q=0 ggaAge=44 vtgAge=43 xteAge=43 vt=N(0/22) vtstat=3/86240ms tc=N drp=0mm tcq=0
[1172.099] I] [NM]: Control function with address 205 and NAME 000000000000000lx is now offline on channel 198344577.
[1173.101] [ISOBUS] addr=0x81 claimed=Y load=16.7% msgs=2766 aiso=89(96425ms) xte=-138.25m spd=0.00m/s q=0 ggaAge=44 vtgAge=44 xteAge=43 vt=N(0/22) vtstat=3/87240ms tc=N drp=0mm tcq=0
[1173.101] W] [PR]: NACK-ing PGN request for PGN 60928 because no callback could handle it.
[1173.101] I] [NM]: External control function with name 000000000000000lx has claimed address 198344577 on channel 2684363008.
[1174.103] [ISOBUS] addr=0x81 claimed=Y load=17.2% msgs=2797 aiso=90(97425ms) xte=-138.25m spd=0.00m/s q=0 ggaAge=44 vtgAge=43 xteAge=43 vt=N(0/22) vtstat=3/88240ms tc=N drp=0mm tcq=0
[1174.103] I] [NM]: Control function with address 205 and NAME 000000000000000lx is now offline on channel 198344577.
[1174.568] [ISOBUS] addr=0x81 claimed=Y load=16.7% msgs=2828 aiso=91(98425ms) xte=-139.53m spd=0.00m/s q=0 ggaAge=44 vtgAge=43 xteAge=42 vt=N(0/22) vtstat=3/89240ms tc=N drp=0mm tcq=0
[1174.568] W] [PR]: NACK-ing PGN request for PGN 60928 because no callback could handle it.
[1175.104] I] [NM]: External control function with name 000000000000000lx has claimed address 198344577 on channel 2684363008.
[1176.103] [ISOBUS] addr=0x81 claimed=Y load=17.2% msgs=2859 aiso=92(99425ms) xte=-139.53m spd=0.00m/s q=0 ggaAge=43 vtgAge=43 xteAge=42 vt=N(0/22) vtstat=3/90240ms tc=N drp=0mm tcq=0
[1176.103] I] [NM]: Control function with address 205 and NAME 000000000000000lx is now offline on channel 198344577.
[1176.563] [ISOBUS] addr=0x81 claimed=Y load=16.7% msgs=2890 aiso=93(100425ms) xte=-139.53m spd=0.00m/s q=0 ggaAge=43 vtgAge=43 xteAge=42 vt=N(0/22) vtstat=3/91240ms tc=N drp=0mm tcq=0
[1176.563] W] [PR]: NACK-ing PGN request for PGN 60928 because no callback could handle it.
[1177.314] I] [NM]: External control function with name 000000000000000lx has claimed address 198344577 on channel 2684363008.
[1177.314] [ISOBUS] addr=0x81 claimed=Y load=17.2% msgs=2921 aiso=94(101425ms) xte=-139.53m spd=0.00m/s q=0 ggaAge=44 vtgAge=43 xteAge=43 vt=N(0/22) vtstat=3/92240ms tc=N drp=0mm tcq=0
[1178.323] I] [NM]: Control function with address 205 and NAME 000000000000000lx is now offline on channel 198344577.
[1178.323] [ISOBUS] addr=0x81 claimed=Y load=16.7% msgs=2952 aiso=95(102425ms) xte=-139.53m spd=0.00m/s q=0 ggaAge=42 vtgAge=40 xteAge=39 vt=N(0/22) vtstat=3/93240ms tc=N drp=0mm tcq=0
[1179.103] W] [PR]: NACK-ing PGN request for PGN 60928 because no callback could handle it.
[1179.103] I] [NM]: External control function with name 000000000000000lx has claimed address 198344577 on channel 2684363008.
[1180.105] [ISOBUS] addr=0x81 claimed=Y load=17.2% msgs=2983 aiso=96(103425ms) xte=-139.53m spd=0.00m/s q=0 ggaAge=44 vtgAge=35 xteAge=34 vt=N(0/22) vtstat=3/94240ms tc=N drp=0mm tcq=0
[1180.105] I] [NM]: Control function with address 205 and NAME 000000000000000lx is now offline on channel 198344577.
[1180.560] [ISOBUS] addr=0x81 claimed=Y load=16.7% msgs=3014 aiso=97(104425ms) xte=-139.53m spd=0.00m/s q=0 ggaAge=44 vtgAge=44 xteAge=43 vt=N(0/22) vtstat=3/95240ms tc=N drp=0mm tcq=0
[1181.096] W] [PR]: NACK-ing PGN request for PGN 60928 because no callback could handle it.
[1181.105] I] [NM]: External control function with name 000000000000000lx has claimed address 198344577 on channel 2684363008.
[1182.103] [ISOBUS] addr=0x81 claimed=Y load=17.2% msgs=3045 aiso=98(105425ms) xte=-139.53m spd=0.00m/s q=0 ggaAge=43 vtgAge=43 xteAge=42 vt=N(0/22) vtstat=3/96240ms tc=N drp=0mm tcq=0
[1182.103] I] [NM]: Control function with address 205 and NAME 000000000000000lx is now offline on channel 198344577.
[1182.569] [ISOBUS] addr=0x81 claimed=Y load=16.7% msgs=3076 aiso=99(106425ms) xte=-139.53m spd=0.00m/s q=0 ggaAge=44 vtgAge=43 xteAge=43 vt=N(0/22) vtstat=3/97240ms tc=N drp=0mm tcq=0
[1182.569] W] [PR]: NACK-ing PGN request for PGN 60928 because no callback could handle it.
[1183.322] I] [NM]: External control function with name 000000000000000lx has claimed address 198344577 on channel 2684363008.
[1183.322] [ISOBUS] addr=0x81 claimed=Y load=17.2% msgs=3107 aiso=100(107425ms) xte=-139.53m spd=0.00m/s q=0 ggaAge=43 vtgAge=42 xteAge=42 vt=N(0/22) vtstat=3/98240ms tc=N drp=0mm tcq=0
[1184.330] I] [NM]: Control function with address 205 and NAME 000000000000000lx is now offline on channel 198344577.
[1184.330] [ISOBUS] addr=0x81 claimed=Y load=16.7% msgs=3138 aiso=101(108425ms) xte=-139.53m spd=0.00m/s q=0 ggaAge=43 vtgAge=43 xteAge=42 vt=N(0/22) vtstat=3/99240ms tc=N drp=0mm tcq=0
[1185.104] W] [PR]: NACK-ing PGN request for PGN 60928 because no callback could handle it.
[1185.105] I] [NM]: External control function with name 000000000000000lx has claimed address 198344577 on channel 2684363008.
[1186.105] [ISOBUS] addr=0x81 claimed=Y load=17.2% msgs=3169 aiso=102(109425ms) xte=-139.53m spd=0.00m/s q=0 ggaAge=44 vtgAge=44 xteAge=43 vt=N(0/22) vtstat=3/100240ms tc=N drp=0mm tcq=0
[1186.105] I] [NM]: Control function with address 205 and NAME 000000000000000lx is now offline on channel 198344577.
[1186.563] [ISOBUS] addr=0x81 claimed=Y load=16.7% msgs=3200 aiso=103(110425ms) xte=-139.53m spd=0.00m/s q=0 ggaAge=44 vtgAge=44 xteAge=43 vt=N(0/22) vtstat=3/101240ms tc=N drp=0mm tcq=0
[1187.104] I] [NM]: External control function with name 000000000000000lx has claimed address 198344577 on channel 2684363008.
[1187.104] W] [PR]: NACK-ing PGN request for PGN 60928 because no callback could handle it.
[1188.093] [ISOBUS] addr=0x81 claimed=Y load=17.2% msgs=3231 aiso=104(111425ms) xte=-139.53m spd=0.00m/s q=0 ggaAge=44 vtgAge=43 xteAge=43 vt=N(0/22) vtstat=3/102240ms tc=N drp=0mm tcq=0
[1188.093] I] [NM]: Control function with address 205 and NAME 000000000000000lx is now offline on channel 198344577.
[1188.563] [ISOBUS] addr=0x81 claimed=Y load=16.7% msgs=3262 aiso=105(112425ms) xte=-139.53m spd=0.00m/s q=0 ggaAge=44 vtgAge=43 xteAge=43 vt=N(0/22) vtstat=3/103240ms tc=N drp=0mm tcq=0
[1188.563] W] [PR]: NACK-ing PGN request for PGN 60928 because no callback could handle it.
[1189.304] I] [NM]: External control function with name 000000000000000lx has claimed address 198344577 on channel 2684363008.
[1189.304] [ISOBUS] addr=0x81 claimed=Y load=17.2% msgs=3293 aiso=106(113425ms) xte=-139.53m spd=0.00m/s q=0 ggaAge=43 vtgAge=43 xteAge=42 vt=N(0/22) vtstat=3/104240ms tc=N drp=0mm tcq=0
[1190.313] I] [NM]: Control function with address 205 and NAME 000000000000000lx is now offline on channel 198344577.
[1190.313] [ISOBUS] addr=0x81 claimed=Y load=16.7% msgs=3324 aiso=107(114425ms) xte=-139.53m spd=0.00m/s q=0 ggaAge=44 vtgAge=44 xteAge=43 vt=N(0/22) vtstat=3/105240ms tc=N drp=0mm tcq=0
[1191.098] W] [PR]: NACK-ing PGN request for PGN 60928 because no callback could handle it.
[1191.098] I] [NM]: External control function with name 000000000000000lx has claimed address 198344577 on channel 2684363008.
[1192.105] [ISOBUS] addr=0x81 claimed=Y load=17.2% msgs=3355 aiso=108(115425ms) xte=-139.53m spd=0.00m/s q=0 ggaAge=43 vtgAge=43 xteAge=42 vt=N(0/22) vtstat=3/106240ms tc=N drp=0mm tcq=0
[1192.105] I] [NM]: Control function with address 205 and NAME 000000000000000lx is now offline on channel 198344577.
[1192.561] [ISOBUS] addr=0x81 claimed=Y load=16.7% msgs=3386 aiso=109(116425ms) xte=-139.53m spd=0.00m/s q=0 ggaAge=44 vtgAge=43 xteAge=43 vt=N(0/22) vtstat=3/107240ms tc=N drp=0mm tcq=0
[1192.561] W] [PR]: NACK-ing PGN request for PGN 60928 because no callback could handle it.
[1193.099] I] [NM]: External control function with name 000000000000000lx has claimed address 198344577 on channel 2684363008.
[1194.105] [ISOBUS] addr=0x81 claimed=Y load=17.2% msgs=3417 aiso=110(117425ms) xte=-139.53m spd=0.00m/s q=0 ggaAge=44 vtgAge=43 xteAge=43 vt=N(0/22) vtstat=3/108240ms tc=N drp=0mm tcq=0
[1194.105] I] [NM]: Control function with address 205 and NAME 000000000000000lx is now offline on channel 198344577.
[1195.098] [ISOBUS] addr=0x81 claimed=Y load=16.7% msgs=3448 aiso=111(118425ms) xte=-139.53m spd=0.00m/s q=0 ggaAge=43 vtgAge=43 xteAge=42 vt=N(0/22) vtstat=3/109240ms tc=N drp=0mm tcq=0
[1195.098] W] [PR]: NACK-ing PGN request for PGN 60928 because no callback could handle it.
[1195.098] I] [NM]: External control function with name 000000000000000lx has claimed address 198344577 on channel 2684363008.
[1195.314] [ISOBUS] addr=0x81 claimed=Y load=17.2% msgs=3479 aiso=112(119425ms) xte=-139.53m spd=0.00m/s q=0 ggaAge=43 vtgAge=43 xteAge=42 vt=N(0/22) vtstat=3/110240ms tc=N drp=0mm tcq=0
[1196.329] I] [NM]: Control function with address 205 and NAME 000000000000000lx is now offline on channel 198344577.
[1196.329] [ISOBUS] addr=0x81 claimed=Y load=16.7% msgs=3510 aiso=113(120425ms) xte=-139.53m spd=0.00m/s q=0 ggaAge=43 vtgAge=42 xteAge=42 vt=N(0/22) vtstat=3/111240ms tc=N drp=0mm tcq=0
[1197.099] I] [NM]: External control function with name 000000000000000lx has claimed address 198344577 on channel 2684363008.
[1197.099] W] [PR]: NACK-ing PGN request for PGN 60928 because no callback could handle it.
[1198.097] [ISOBUS] addr=0x81 claimed=Y load=17.2% msgs=3541 aiso=114(121425ms) xte=-139.53m spd=0.00m/s q=0 ggaAge=43 vtgAge=42 xteAge=42 vt=N(0/22) vtstat=3/112240ms tc=N drp=0mm tcq=0
[1198.097] I] [NM]: Control function with address 205 and NAME 000000000000000lx is now offline on channel 198344577.
[1198.566] [ISOBUS] addr=0x81 claimed=Y load=16.7% msgs=3572 aiso=115(122425ms) xte=-139.53m spd=0.00m/s q=0 ggaAge=44 vtgAge=43 xteAge=43 vt=N(0/22) vtstat=3/113240ms tc=N drp=0mm tcq=0
[1198.566] W] [PR]: NACK-ing PGN request for PGN 60928 because no callback could handle it.
[1199.093] I] [NM]: External control function with name 000000000000000lx has claimed address 198344577 on channel 2684363008.
[1200.098] [ISOBUS] addr=0x81 claimed=Y load=17.2% msgs=3603 aiso=116(123425ms) xte=-139.53m spd=0.00m/s q=0 ggaAge=44 vtgAge=43 xteAge=43 vt=N(0/22) vtstat=3/114240ms tc=N drp=0mm tcq=0
[1200.098] I] [NM]: Control function with address 205 and NAME 000000000000000lx is now offline on channel 198344577.
[1200.566] [ISOBUS] addr=0x81 claimed=Y load=16.7% msgs=3634 aiso=117(124425ms) xte=-139.53m spd=0.00m/s q=0 ggaAge=43 vtgAge=43 xteAge=42 vt=N(0/22) vtstat=3/115240ms tc=N drp=0mm tcq=0
[1201.105] W] [PR]: NACK-ing PGN request for PGN 60928 because no callback could handle it.
[1201.105] I] [NM]: External control function with name 000000000000000lx has claimed address 198344577 on channel 2684363008.
[1202.105] [ISOBUS] addr=0x81 claimed=Y load=17.2% msgs=3665 aiso=118(125425ms) xte=-139.53m spd=0.00m/s q=0 ggaAge=43 vtgAge=42 xteAge=42 vt=N(0/22) vtstat=3/116240ms tc=N drp=0mm tcq=0
[1202.105] I] [NM]: Control function with address 205 and NAME 000000000000000lx is now offline on channel 198344577.
[1202.567] [ISOBUS] addr=0x81 claimed=Y load=16.7% msgs=3696 aiso=119(126425ms) xte=-139.53m spd=0.00m/s q=0 ggaAge=44 vtgAge=43 xteAge=43 vt=N(0/22) vtstat=3/117240ms tc=N drp=0mm tcq=0
[1202.567] W] [PR]: NACK-ing PGN request for PGN 60928 because no callback could handle it.
[1203.320] I] [NM]: External control function with name 000000000000000lx has claimed address 198344577 on channel 2684363008.
[1203.320] [ISOBUS] addr=0x81 claimed=Y load=17.2% msgs=3727 aiso=120(127425ms) xte=-139.53m spd=0.00m/s q=0 ggaAge=43 vtgAge=43 xteAge=42 vt=N(0/22) vtstat=3/118240ms tc=N drp=0mm tcq=0
[1204.327] I] [NM]: Control function with address 205 and NAME 000000000000000lx is now offline on channel 198344577.
[1204.327] [ISOBUS] addr=0x81 claimed=Y load=16.7% msgs=3758 aiso=121(128425ms) xte=-139.53m spd=0.00m/s q=0 ggaAge=44 vtgAge=43 xteAge=43 vt=N(0/22) vtstat=3/119240ms tc=N drp=0mm tcq=0
[1205.105] W] [PR]: NACK-ing PGN request for PGN 60928 because no callback could handle it.
[1205.105] I] [NM]: External control function with name 000000000000000lx has claimed address 198344577 on channel 2684363008.
[1206.105] [ISOBUS] addr=0x81 claimed=Y load=17.2% msgs=3789 aiso=122(129425ms) xte=-139.53m spd=0.00m/s q=0 ggaAge=44 vtgAge=43 xteAge=43 vt=N(0/22) vtstat=3/120240ms tc=N drp=0mm tcq=0
[1206.105] I] [NM]: Control function with address 205 and NAME 000000000000000lx is now offline on channel 198344577.
[1206.563] [ISOBUS] addr=0x81 claimed=Y load=16.7% msgs=3820 aiso=123(130425ms) xte=-139.53m spd=0.00m/s q=0 ggaAge=43 vtgAge=43 xteAge=42 vt=N(0/22) vtstat=3/121240ms tc=N drp=0mm tcq=0
[1206.564] W] [PR]: NACK-ing PGN request for PGN 60928 because no callback could handle it.
[1207.097] I] [NM]: External control function with name 000000000000000lx has claimed address 198344577 on channel 2684363008.
[1208.102] [ISOBUS] addr=0x81 claimed=Y load=17.2% msgs=3851 aiso=124(131425ms) xte=-139.53m spd=0.00m/s q=0 ggaAge=44 vtgAge=43 xteAge=42 vt=N(0/22) vtstat=3/122240ms tc=N drp=0mm tcq=0
[1208.102] I] [NM]: Control function with address 205 and NAME 000000000000000lx is now offline on channel 198344577.
[1209.105] [ISOBUS] addr=0x81 claimed=Y load=16.7% msgs=3882 aiso=125(132425ms) xte=-139.53m spd=0.00m/s q=0 ggaAge=43 vtgAge=43 xteAge=42 vt=N(0/22) vtstat=3/123240ms tc=N drp=0mm tcq=0
[1209.105] W] [PR]: NACK-ing PGN request for PGN 60928 because no callback could handle it.
[1209.105] I] [NM]: External control function with name 000000000000000lx has claimed address 198344577 on channel 2684363008.
[1209.315] [ISOBUS] addr=0x81 claimed=Y load=17.2% msgs=3913 aiso=126(133425ms) xte=-139.53m spd=0.00m/s q=0 ggaAge=43 vtgAge=42 xteAge=42 vt=N(0/22) vtstat=3/124240ms tc=N drp=0mm tcq=0
[1210.323] I] [NM]: Control function with address 205 and NAME 000000000000000lx is now offline on channel 198344577.
[1210.323] [ISOBUS] addr=0x81 claimed=Y load=16.7% msgs=3944 aiso=127(134425ms) xte=-139.53m spd=0.00m/s q=0 ggaAge=43 vtgAge=43 xteAge=42 vt=N(0/22) vtstat=3/125240ms tc=N drp=0mm tcq=0
[1211.105] W] [PR]: NACK-ing PGN request for PGN 60928 because no callback could handle it.
[1211.105] I] [NM]: External control function with name 000000000000000lx has claimed address 198344577 on channel 2684363008.
[1212.099] [ISOBUS] addr=0x81 claimed=Y load=17.2% msgs=3975 aiso=128(135425ms) xte=-139.53m spd=0.00m/s q=0 ggaAge=44 vtgAge=43 xteAge=42 vt=N(0/22) vtstat=3/126240ms tc=N drp=0mm tcq=0
[1212.099] I] [NM]: Control function with address 205 and NAME 000000000000000lx is now offline on channel 198344577.
[1212.563] [ISOBUS] addr=0x81 claimed=Y load=16.7% msgs=4006 aiso=129(136425ms) xte=-139.53m spd=0.00m/s q=0 ggaAge=43 vtgAge=43 xteAge=42 vt=N(0/22) vtstat=3/127240ms tc=N drp=0mm tcq=0
[1212.563] W] [PR]: NACK-ing PGN request for PGN 60928 because no callback could handle it.
[1213.102] I] [NM]: External control function with name 000000000000000lx has claimed address 198344577 on channel 2684363008.
[1214.105] [ISOBUS] addr=0x81 claimed=Y load=17.2% msgs=4037 aiso=130(137425ms) xte=-139.53m spd=0.00m/s q=0 ggaAge=44 vtgAge=43 xteAge=42 vt=N(0/22) vtstat=3/128240ms tc=N drp=0mm tcq=0
[1214.105] I] [NM]: Control function with address 205 and NAME 000000000000000lx is now offline on channel 198344577.
[1215.105] [ISOBUS] addr=0x81 claimed=Y load=16.7% msgs=4068 aiso=131(138425ms) xte=-139.53m spd=0.00m/s q=0 ggaAge=43 vtgAge=43 xteAge=42 vt=N(0/22) vtstat=3/129240ms tc=N drp=0mm tcq=0
[1215.105] W] [PR]: NACK-ing PGN request for PGN 60928 because no callback could handle it.
[1215.105] I] [NM]: External control function with name 000000000000000lx has claimed address 198344577 on channel 2684363008.
[1215.316] [ISOBUS] addr=0x81 claimed=Y load=17.2% msgs=4099 aiso=132(139425ms) xte=-139.53m spd=0.00m/s q=0 ggaAge=43 vtgAge=42 xteAge=41 vt=N(0/22) vtstat=3/130240ms tc=N drp=0mm tcq=0
[1216.318] I] [NM]: Control function with address 205 and NAME 000000000000000lx is now offline on channel 198344577.
[1216.318] [ISOBUS] addr=0x81 claimed=Y load=16.7% msgs=4130 aiso=133(140425ms) xte=-139.53m spd=0.00m/s q=0 ggaAge=44 vtgAge=43 xteAge=42 vt=N(0/22) vtstat=3/131240ms tc=N drp=0mm tcq=0
[1217.105] W] [PR]: NACK-ing PGN request for PGN 60928 because no callback could handle it.
[1217.105] I] [NM]: External control function with name 000000000000000lx has claimed address 198344577 on channel 2684363008.
[1218.098] [ISOBUS] addr=0x81 claimed=Y load=17.2% msgs=4161 aiso=134(141425ms) xte=-139.53m spd=0.00m/s q=0 ggaAge=43 vtgAge=43 xteAge=42 vt=N(0/22) vtstat=3/132240ms tc=N drp=0mm tcq=0
[1218.098] I] [NM]: Control function with address 205 and NAME 000000000000000lx is now offline on channel 198344577.
[1218.573] [ISOBUS] addr=0x81 claimed=Y load=16.7% msgs=4192 aiso=135(142425ms) xte=-139.53m spd=0.00m/s q=0 ggaAge=43 vtgAge=43 xteAge=42 vt=N(0/22) vtstat=3/133240ms tc=N drp=0mm tcq=0
[1218.573] W] [PR]: NACK-ing PGN request for PGN 60928 because no callback could handle it.
[1219.101] I] [NM]: External control function with name 000000000000000lx has claimed address 198344577 on channel 2684363008.
[1220.103] [ISOBUS] addr=0x81 claimed=Y load=17.2% msgs=4223 aiso=136(143425ms) xte=-139.53m spd=0.00m/s q=0 ggaAge=43 vtgAge=42 xteAge=41 vt=N(0/22) vtstat=3/134240ms tc=N drp=0mm tcq=0
[1220.103] I] [NM]: Control function with address 205 and NAME 000000000000000lx is now offline on channel 198344577.
[1220.564] [ISOBUS] addr=0x81 claimed=Y load=16.7% msgs=4254 aiso=137(144425ms) xte=-139.53m spd=0.00m/s q=0 ggaAge=43 vtgAge=42 xteAge=42 vt=N(0/22) vtstat=3/135240ms tc=N drp=0mm tcq=0
[1221.105] W] [PR]: NACK-ing PGN request for PGN 60928 because no callback could handle it.
[1221.105] I] [NM]: External control function with name 000000000000000lx has claimed address 198344577 on channel 2684363008.
[1222.105] [ISOBUS] addr=0x81 claimed=Y load=17.2% msgs=4285 aiso=138(145425ms) xte=-139.53m spd=0.00m/s q=0 ggaAge=44 vtgAge=43 xteAge=43 vt=N(0/22) vtstat=3/136240ms tc=N drp=0mm tcq=0
[1222.105] I] [NM]: Control function with address 205 and NAME 000000000000000lx is now offline on channel 198344577.
[1222.569] [ISOBUS] addr=0x81 claimed=Y load=16.7% msgs=4316 aiso=139(146425ms) xte=-139.53m spd=0.00m/s q=0 ggaAge=43 vtgAge=42 xteAge=42 vt=N(0/22) vtstat=3/137240ms tc=N drp=0mm tcq=0
[1222.569] W] [PR]: NACK-ing PGN request for PGN 60928 because no callback could handle it.
[1223.320] I] [NM]: External control function with name 000000000000000lx has claimed address 198344577 on channel 2684363008.
[1223.320] [ISOBUS] addr=0x81 claimed=Y load=17.2% msgs=4347 aiso=140(147425ms) xte=-139.53m spd=0.00m/s q=0 ggaAge=44 vtgAge=43 xteAge=42 vt=N(0/22) vtstat=3/138240ms tc=N drp=0mm tcq=0
[1224.324] I] [NM]: Control function with address 205 and NAME 000000000000000lx is now offline on channel 198344577.
[1224.324] [ISOBUS] addr=0x81 claimed=Y load=16.7% msgs=4378 aiso=141(148425ms) xte=-139.53m spd=0.00m/s q=0 ggaAge=43 vtgAge=42 xteAge=41 vt=N(0/22) vtstat=3/139240ms tc=N drp=0mm tcq=0
[1225.097] W] [PR]: NACK-ing PGN request for PGN 60928 because no callback could handle it.
[1225.097] I] [NM]: External control function with name 000000000000000lx has claimed address 198344577 on channel 2684363008.
[1226.097] [ISOBUS] addr=0x81 claimed=Y load=17.2% msgs=4409 aiso=142(149425ms) xte=-139.53m spd=0.00m/s q=0 ggaAge=43 vtgAge=42 xteAge=42 vt=N(0/22) vtstat=3/140240ms tc=N drp=0mm tcq=0
[1226.097] I] [NM]: Control function with address 205 and NAME 000000000000000lx is now offline on channel 198344577.
[1226.562] [ISOBUS] addr=0x81 claimed=Y load=16.7% msgs=4440 aiso=143(150425ms) xte=-139.53m spd=0.00m/s q=0 ggaAge=43 vtgAge=42 xteAge=42 vt=N(0/22) vtstat=3/141240ms tc=N drp=0mm tcq=0
[1227.104] W] [PR]: NACK-ing PGN request for PGN 60928 because no callback could handle it.
[1227.104] I] [NM]: External control function with name 000000000000000lx has claimed address 198344577 on channel 2684363008.
[1228.104] [ISOBUS] addr=0x81 claimed=Y load=17.2% msgs=4471 aiso=144(151425ms) xte=-139.53m spd=0.00m/s q=0 ggaAge=44 vtgAge=43 xteAge=42 vt=N(0/22) vtstat=3/142240ms tc=N drp=0mm tcq=0
[1228.104] I] [NM]: Control function with address 205 and NAME 000000000000000lx is now offline on channel 198344577.
[1228.569] [ISOBUS] addr=0x81 claimed=Y load=16.7% msgs=4502 aiso=145(152425ms) xte=-139.53m spd=0.00m/s q=0 ggaAge=43 vtgAge=42 xteAge=42 vt=N(0/22) vtstat=3/143240ms tc=N drp=0mm tcq=0
[1228.569] W] [PR]: NACK-ing PGN request for PGN 60928 because no callback could handle it.
[1229.317] I] [NM]: External control function with name 000000000000000lx has claimed address 198344577 on channel 2684363008.
[1229.317] [ISOBUS] addr=0x81 claimed=Y load=17.2% msgs=4533 aiso=146(153425ms) xte=-139.53m spd=0.00m/s q=0 ggaAge=44 vtgAge=43 xteAge=42 vt=N(0/22) vtstat=3/144240ms tc=N drp=0mm tcq=0
[1230.323] I] [NM]: Control function with address 205 and NAME 000000000000000lx is now offline on channel 198344577.
[1230.323] [ISOBUS] addr=0x81 claimed=Y load=16.7% msgs=4564 aiso=147(154425ms) xte=-139.53m spd=0.00m/s q=0 ggaAge=44 vtgAge=43 xteAge=42 vt=N(0/22) vtstat=3/145240ms tc=N drp=0mm tcq=0
[1231.106] W] [PR]: NACK-ing PGN request for PGN 60928 because no callback could handle it.
[1231.106] I] [NM]: External control function with name 000000000000000lx has claimed address 198344577 on channel 2684363008.
[1232.102] [ISOBUS] addr=0x81 claimed=Y load=17.2% msgs=4595 aiso=148(155425ms) xte=-139.53m spd=0.00m/s q=0 ggaAge=43 vtgAge=42 xteAge=42 vt=N(0/22) vtstat=3/146240ms tc=N drp=0mm tcq=0
[1232.102] I] [NM]: Control function with address 205 and NAME 000000000000000lx is now offline on channel 198344577.
[1232.567] [ISOBUS] addr=0x81 claimed=Y load=16.7% msgs=4626 aiso=149(156425ms) xte=-139.53m spd=0.00m/s q=0 ggaAge=43 vtgAge=43 xteAge=42 vt=N(0/22) vtstat=3/147240ms tc=N drp=0mm tcq=0
[1232.567] W] [PR]: NACK-ing PGN request for PGN 60928 because no callback could handle it.
[1233.102] I] [NM]: External control function with name 000000000000000lx has claimed address 198344577 on channel 2684363008.
[1234.105] [ISOBUS] addr=0x81 claimed=Y load=17.2% msgs=4657 aiso=150(157425ms) xte=-139.53m spd=0.00m/s q=0 ggaAge=43 vtgAge=42 xteAge=42 vt=N(0/22) vtstat=3/148240ms tc=N drp=0mm tcq=0
[1234.105] I] [NM]: Control function with address 205 and NAME 000000000000000lx is now offline on channel 198344577.
[1234.563] [ISOBUS] addr=0x81 claimed=Y load=16.7% msgs=4688 aiso=151(158425ms) xte=-139.53m spd=0.00m/s q=0 ggaAge=43 vtgAge=43 xteAge=37 vt=N(0/22) vtstat=3/149240ms tc=N drp=0mm tcq=0
[1235.091] W] [PR]: NACK-ing PGN request for PGN 60928 because no callback could handle it.
[1235.091] I] [NM]: External control function with name 000000000000000lx has claimed address 198344577 on channel 2684363008.
[1236.097] [ISOBUS] addr=0x81 claimed=Y load=17.2% msgs=4719 aiso=152(159425ms) xte=-139.53m spd=0.00m/s q=0 ggaAge=43 vtgAge=43 xteAge=42 vt=N(0/22) vtstat=3/150240ms tc=N drp=0mm tcq=0
[1236.098] I] [NM]: Control function with address 205 and NAME 000000000000000lx is now offline on channel 198344577.
[1236.570] [ISOBUS] addr=0x81 claimed=Y load=16.7% msgs=4750 aiso=153(160425ms) xte=-139.53m spd=0.00m/s q=0 ggaAge=44 vtgAge=43 xteAge=43 vt=N(0/22) vtstat=3/151240ms tc=N drp=0mm tcq=0
[1237.093] W] [PR]: NACK-ing PGN request for PGN 60928 because no callback could handle it.
[1237.093] I] [NM]: External control function with name 000000000000000lx has claimed address 198344577 on channel 2684363008.
[1238.103] [ISOBUS] addr=0x81 claimed=Y load=17.2% msgs=4781 aiso=154(161425ms) xte=-139.53m spd=0.00m/s q=0 ggaAge=44 vtgAge=43 xteAge=42 vt=N(0/22) vtstat=3/152240ms tc=N drp=0mm tcq=0
[1238.103] I] [NM]: Control function with address 205 and NAME 000000000000000lx is now offline on channel 198344577.
[1238.564] [ISOBUS] addr=0x81 claimed=Y load=16.7% msgs=4812 aiso=155(162425ms) xte=-139.53m spd=0.00m/s q=0 ggaAge=43 vtgAge=43 xteAge=42 vt=N(0/22) vtstat=3/153240ms tc=N drp=0mm tcq=0
[1239.105] I] [NM]: External control function with name 000000000000000lx has claimed address 198344577 on channel 2684363008.
[1239.105] W] [PR]: NACK-ing PGN request for PGN 60928 because no callback could handle it.
[1240.107] [ISOBUS] addr=0x81 claimed=Y load=17.2% msgs=4843 aiso=156(163425ms) xte=-139.53m spd=0.00m/s q=0 ggaAge=43 vtgAge=42 xteAge=41 vt=N(0/22) vtstat=3/154240ms tc=N drp=0mm tcq=0
[1240.107] I] [NM]: Control function with address 205 and NAME 000000000000000lx is now offline on channel 198344577.
[1240.573] [ISOBUS] addr=0x81 claimed=Y load=16.7% msgs=4874 aiso=157(164425ms) xte=-139.53m spd=0.00m/s q=0 ggaAge=43 vtgAge=42 xteAge=42 vt=N(0/22) vtstat=3/155240ms tc=N drp=0mm tcq=0
[1240.573] W] [PR]: NACK-ing PGN request for PGN 60928 because no callback could handle it.
[1241.325] I] [NM]: External control function with name 000000000000000lx has claimed address 198344577 on channel 2684363008.
[1241.325] [ISOBUS] addr=0x81 claimed=Y load=17.2% msgs=4905 aiso=158(165425ms) xte=-139.53m spd=0.00m/s q=0 ggaAge=41 vtgAge=38 xteAge=37 vt=N(0/22) vtstat=3/156240ms tc=N drp=0mm tcq=0
[1242.328] I] [NM]: Control function with address 205 and NAME 000000000000000lx is now offline on channel 198344577.
[1242.328] [ISOBUS] addr=0x81 claimed=Y load=16.7% msgs=4936 aiso=159(166425ms) xte=-139.53m spd=0.00m/s q=0 ggaAge=42 vtgAge=42 xteAge=41 vt=N(0/22) vtstat=3/157240ms tc=N drp=0mm tcq=0
[1243.097] W] [PR]: NACK-ing PGN request for PGN 60928 because no callback could handle it.
[1243.097] I] [NM]: External control function with name 000000000000000lx has claimed address 198344577 on channel 2684363008.
[1244.103] [ISOBUS] addr=0x81 claimed=Y load=17.2% msgs=4967 aiso=160(167425ms) xte=-139.53m spd=0.00m/s q=0 ggaAge=44 vtgAge=43 xteAge=42 vt=N(0/22) vtstat=3/158240ms tc=N drp=0mm tcq=0
[1244.103] I] [NM]: Control function with address 205 and NAME 000000000000000lx is now offline on channel 198344577.
[1244.564] [ISOBUS] addr=0x81 claimed=Y load=16.7% msgs=4998 aiso=161(168425ms) xte=-139.53m spd=0.00m/s q=0 ggaAge=43 vtgAge=42 xteAge=41 vt=N(0/22) vtstat=3/159240ms tc=N drp=0mm tcq=0
[1245.106] W] [PR]: NACK-ing PGN request for PGN 60928 because no callback could handle it.
[1245.106] I] [NM]: External control function with name 000000000000000lx has claimed address 198344577 on channel 2684363008.
[1246.107] [ISOBUS] addr=0x81 claimed=Y load=17.2% msgs=5029 aiso=162(169425ms) xte=-139.53m spd=0.00m/s q=0 ggaAge=43 vtgAge=42 xteAge=42 vt=N(0/22) vtstat=3/160240ms tc=N drp=0mm tcq=0
[1246.107] I] [NM]: Control function with address 205 and NAME 000000000000000lx is now offline on channel 198344577.
[1246.567] [ISOBUS] addr=0x81 claimed=Y load=16.7% msgs=5060 aiso=163(170425ms) xte=-139.53m spd=0.00m/s q=0 ggaAge=44 vtgAge=43 xteAge=42 vt=N(0/22) vtstat=3/161240ms tc=N drp=0mm tcq=0
[1247.102] W] [PR]: NACK-ing PGN request for PGN 60928 because no callback could handle it.
[1247.102] I] [NM]: External control function with name 000000000000000lx has claimed address 198344577 on channel 2684363008.
[1248.102] [ISOBUS] addr=0x81 claimed=Y load=17.2% msgs=5091 aiso=164(171425ms) xte=-139.53m spd=0.00m/s q=0 ggaAge=43 vtgAge=42 xteAge=42 vt=N(0/22) vtstat=3/162240ms tc=N drp=0mm tcq=0
[1248.102] I] [NM]: Control function with address 205 and NAME 000000000000000lx is now offline on channel 198344577.
[1248.568] [ISOBUS] addr=0x81 claimed=Y load=16.7% msgs=5122 aiso=165(172425ms) xte=-139.53m spd=0.00m/s q=0 ggaAge=43 vtgAge=43 xteAge=42 vt=N(0/22) vtstat=3/163240ms tc=N drp=0mm tcq=0
[1248.568] W] [PR]: NACK-ing PGN request for PGN 60928 because no callback could handle it.
[1249.315] I] [NM]: External control function with name 000000000000000lx has claimed address 198344577 on channel 2684363008.
[1249.315] [ISOBUS] addr=0x81 claimed=Y load=17.2% msgs=5153 aiso=166(173425ms) xte=-139.53m spd=0.00m/s q=0 ggaAge=43 vtgAge=43 xteAge=42 vt=N(0/22) vtstat=3/164240ms tc=N drp=0mm tcq=0
[1250.317] I] [NM]: Control function with address 205 and NAME 000000000000000lx is now offline on channel 198344577.
[1250.317] [ISOBUS] addr=0x81 claimed=Y load=16.7% msgs=5184 aiso=167(174425ms) xte=-139.53m spd=0.00m/s q=0 ggaAge=43 vtgAge=43 xteAge=42 vt=N(0/22) vtstat=3/165240ms tc=N drp=0mm tcq=0
[1251.106] W] [PR]: NACK-ing PGN request for PGN 60928 because no callback could handle it.
[1251.106] I] [NM]: External control function with name 000000000000000lx has claimed address 198344577 on channel 2684363008.
[1252.106] [ISOBUS] addr=0x81 claimed=Y load=17.2% msgs=5215 aiso=168(175425ms) xte=-139.53m spd=0.00m/s q=0 ggaAge=43 vtgAge=42 xteAge=42 vt=N(0/22) vtstat=3/166240ms tc=N drp=0mm tcq=0
[1252.106] I] [NM]: Control function with address 205 and NAME 000000000000000lx is now offline on channel 198344577.
[1252.565] [ISOBUS] addr=0x81 claimed=Y load=16.7% msgs=5246 aiso=169(176425ms) xte=-139.53m spd=0.00m/s q=0 ggaAge=34 vtgAge=33 xteAge=32 vt=N(0/22) vtstat=3/167240ms tc=N drp=0mm tcq=0
[1252.565] W] [PR]: NACK-ing PGN request for PGN 60928 because no callback could handle it.
[1253.102] I] [NM]: External control function with name 000000000000000lx has claimed address 198344577 on channel 2684363008.
[1254.098] [ISOBUS] addr=0x81 claimed=Y load=17.2% msgs=5277 aiso=170(177425ms) xte=-139.53m spd=0.00m/s q=0 ggaAge=43 vtgAge=43 xteAge=42 vt=N(0/22) vtstat=3/168240ms tc=N drp=0mm tcq=0
[1254.098] I] [NM]: Control function with address 205 and NAME 000000000000000lx is now offline on channel 198344577.
[1255.101] [ISOBUS] addr=0x81 claimed=Y load=16.7% msgs=5308 aiso=171(178425ms) xte=-139.53m spd=0.00m/s q=0 ggaAge=43 vtgAge=42 xteAge=41 vt=N(0/22) vtstat=3/169240ms tc=N drp=0mm tcq=0
[1255.101] I] [NM]: External control function with name 000000000000000lx has claimed address 198344577 on channel 2684363008.
[1255.101] W] [PR]: NACK-ing PGN request for PGN 60928 because no callback could handle it.
[1255.324] [ISOBUS] addr=0x81 claimed=Y load=17.2% msgs=5339 aiso=172(179425ms) xte=-139.53m spd=0.00m/s q=0 ggaAge=43 vtgAge=42 xteAge=42 vt=N(0/22) vtstat=3/170240ms tc=N drp=0mm tcq=0
[1256.331] I] [NM]: Control function with address 205 and NAME 000000000000000lx is now offline on channel 198344577.
[1256.331] [ISOBUS] addr=0x81 claimed=Y load=16.7% msgs=5370 aiso=173(180425ms) xte=-139.53m spd=0.00m/s q=0 ggaAge=43 vtgAge=42 xteAge=42 vt=N(0/22) vtstat=3/171240ms tc=N drp=0mm tcq=0
[1257.106] W] [PR]: NACK-ing PGN request for PGN 60928 because no callback could handle it.
[1257.106] I] [NM]: External control function with name 000000000000000lx has claimed address 198344577 on channel 2684363008.
[1258.107] [ISOBUS] addr=0x81 claimed=Y load=17.2% msgs=5401 aiso=174(181425ms) xte=-139.53m spd=0.00m/s q=0 ggaAge=43 vtgAge=42 xteAge=42 vt=N(0/22) vtstat=3/172240ms tc=N drp=0mm tcq=0
[1258.107] I] [NM]: Control function with address 205 and NAME 000000000000000lx is now offline on channel 198344577.
[1258.567] [ISOBUS] addr=0x81 claimed=Y load=16.7% msgs=5432 aiso=175(182425ms) xte=-139.53m spd=0.00m/s q=0 ggaAge=40 vtgAge=40 xteAge=37 vt=N(0/22) vtstat=3/173240ms tc=N drp=0mm tcq=0
[1258.567] W] [PR]: NACK-ing PGN request for PGN 60928 because no callback could handle it.
[1259.106] I] [NM]: External control function with name 000000000000000lx has claimed address 198344577 on channel 2684363008.
[1260.103] [ISOBUS] addr=0x81 claimed=Y load=17.2% msgs=5463 aiso=176(183425ms) xte=-139.53m spd=0.00m/s q=0 ggaAge=43 vtgAge=42 xteAge=42 vt=N(0/22) vtstat=3/174240ms tc=N drp=0mm tcq=0
[1260.103] I] [NM]: Control function with address 205 and NAME 000000000000000lx is now offline on channel 198344577.
[1261.103] [ISOBUS] addr=0x81 claimed=Y load=16.7% msgs=5494 aiso=177(184425ms) xte=-139.53m spd=0.00m/s q=0 ggaAge=43 vtgAge=42 xteAge=42 vt=N(0/22) vtstat=3/175240ms tc=N drp=0mm tcq=0
[1261.103] W] [PR]: NACK-ing PGN request for PGN 60928 because no callback could handle it.
[1261.103] I] [NM]: External control function with name 000000000000000lx has claimed address 198344577 on channel 2684363008.
[1261.320] [ISOBUS] addr=0x81 claimed=Y load=17.2% msgs=5525 aiso=178(185425ms) xte=-139.53m spd=0.00m/s q=0 ggaAge=43 vtgAge=43 xteAge=42 vt=N(0/22) vtstat=3/176240ms tc=N drp=0mm tcq=0
[1262.326] I] [NM]: Control function with address 205 and NAME 000000000000000lx is now offline on channel 198344577.
[1262.326] [ISOBUS] addr=0x81 claimed=Y load=16.7% msgs=5556 aiso=179(186425ms) xte=-139.53m spd=0.00m/s q=0 ggaAge=43 vtgAge=42 xteAge=42 vt=N(0/22) vtstat=3/177240ms tc=N drp=0mm tcq=0
[1263.096] W] [PR]: NACK-ing PGN request for PGN 60928 because no callback could handle it.
[1263.096] I] [NM]: External control function with name 000000000000000lx has claimed address 198344577 on channel 2684363008.
[1264.106] [ISOBUS] addr=0x81 claimed=Y load=17.2% msgs=5587 aiso=180(187425ms) xte=-139.53m spd=0.00m/s q=0 ggaAge=43 vtgAge=43 xteAge=42 vt=N(0/22) vtstat=3/178240ms tc=N drp=0mm tcq=0
[1264.107] I] [NM]: Control function with address 205 and NAME 000000000000000lx is now offline on channel 198344577.
[1264.572] [ISOBUS] addr=0x81 claimed=Y load=16.7% msgs=5618 aiso=181(188425ms) xte=-139.53m spd=0.00m/s q=0 ggaAge=43 vtgAge=42 xteAge=41 vt=N(0/22) vtstat=3/179240ms tc=N drp=0mm tcq=0
[1264.572] W] [PR]: NACK-ing PGN request for PGN 60928 because no callback could handle it.
[1265.107] I] [NM]: External control function with name 000000000000000lx has claimed address 198344577 on channel 2684363008.
[1266.106] [ISOBUS] addr=0x81 claimed=Y load=17.2% msgs=5649 aiso=182(189425ms) xte=-139.53m spd=0.00m/s q=0 ggaAge=42 vtgAge=42 xteAge=41 vt=N(0/22) vtstat=3/180240ms tc=N drp=0mm tcq=0
[1266.106] I] [NM]: Control function with address 205 and NAME 000000000000000lx is now offline on channel 198344577.
[1267.100] [ISOBUS] addr=0x81 claimed=Y load=16.7% msgs=5680 aiso=183(190425ms) xte=-139.53m spd=0.00m/s q=0 ggaAge=42 vtgAge=42 xteAge=41 vt=N(0/22) vtstat=3/181240ms tc=N drp=0mm tcq=0
[1267.100] W] [PR]: NACK-ing PGN request for PGN 60928 because no callback could handle it.
[1267.100] I] [NM]: External control function with name 000000000000000lx has claimed address 198344577 on channel 2684363008.
[1267.311] [ISOBUS] addr=0x81 claimed=Y load=17.2% msgs=5711 aiso=184(191425ms) xte=-139.53m spd=0.00m/s q=0 ggaAge=42 vtgAge=42 xteAge=41 vt=N(0/22) vtstat=3/182240ms tc=N drp=0mm tcq=0
[1268.312] I] [NM]: Control function with address 205 and NAME 000000000000000lx is now offline on channel 198344577.
[1268.312] [ISOBUS] addr=0x81 claimed=Y load=16.7% msgs=5742 aiso=185(192425ms) xte=-139.53m spd=0.00m/s q=0 ggaAge=43 vtgAge=43 xteAge=42 vt=N(0/22) vtstat=3/183240ms tc=N drp=0mm tcq=0
[1269.106] W] [PR]: NACK-ing PGN request for PGN 60928 because no callback could handle it.
[1269.106] I] [NM]: External control function with name 000000000000000lx has claimed address 198344577 on channel 2684363008.
[1270.100] [ISOBUS] addr=0x81 claimed=Y load=17.2% msgs=5773 aiso=186(193425ms) xte=-139.53m spd=0.00m/s q=0 ggaAge=42 vtgAge=41 xteAge=41 vt=N(0/22) vtstat=3/184240ms tc=N drp=0mm tcq=0
[1270.100] I] [NM]: Control function with address 205 and NAME 000000000000000lx is now offline on channel 198344577.
[1270.572] [ISOBUS] addr=0x81 claimed=Y load=16.7% msgs=5804 aiso=187(194425ms) xte=-139.53m spd=0.00m/s q=0 ggaAge=42 vtgAge=42 xteAge=41 vt=N(0/22) vtstat=3/185240ms tc=N drp=0mm tcq=0
[1270.572] W] [PR]: NACK-ing PGN request for PGN 60928 because no callback could handle it.
[1271.106] I] [NM]: External control function with name 000000000000000lx has claimed address 198344577 on channel 2684363008.
[1272.105] [ISOBUS] addr=0x81 claimed=Y load=17.2% msgs=5835 aiso=188(195425ms) xte=-139.53m spd=0.00m/s q=0 ggaAge=42 vtgAge=42 xteAge=41 vt=N(0/22) vtstat=3/186240ms tc=N drp=0mm tcq=0
[1272.105] I] [NM]: Control function with address 205 and NAME 000000000000000lx is now offline on channel 198344577.
[1273.103] [ISOBUS] addr=0x81 claimed=Y load=16.7% msgs=5866 aiso=189(196425ms) xte=-139.53m spd=0.00m/s q=0 ggaAge=40 vtgAge=40 xteAge=39 vt=N(0/22) vtstat=3/187240ms tc=N drp=0mm tcq=0
[1273.103] I] [NM]: External control function with name 000000000000000lx has claimed address 198344577 on channel 2684363008.
[1273.103] W] [PR]: NACK-ing PGN request for PGN 60928 because no callback could handle it.
[1273.314] [ISOBUS] addr=0x81 claimed=Y load=17.2% msgs=5897 aiso=190(197425ms) xte=-139.53m spd=0.00m/s q=0 ggaAge=43 vtgAge=42 xteAge=42 vt=N(0/22) vtstat=3/188240ms tc=N drp=0mm tcq=0
[1274.314] I] [NM]: Control function with address 205 and NAME 000000000000000lx is now offline on channel 198344577.
[1274.314] [ISOBUS] addr=0x81 claimed=Y load=16.7% msgs=5928 aiso=191(198425ms) xte=-139.53m spd=0.00m/s q=0 ggaAge=43 vtgAge=43 xteAge=42 vt=N(0/22) vtstat=3/189240ms tc=N drp=0mm tcq=0
[1275.105] W] [PR]: NACK-ing PGN request for PGN 60928 because no callback could handle it.
[1275.105] I] [NM]: External control function with name 000000000000000lx has claimed address 198344577 on channel 2684363008.
[1276.104] [ISOBUS] addr=0x81 claimed=Y load=17.2% msgs=5959 aiso=192(199425ms) xte=-139.53m spd=0.00m/s q=0 ggaAge=42 vtgAge=42 xteAge=41 vt=N(0/22) vtstat=3/190240ms tc=N drp=0mm tcq=0
[1276.104] I] [NM]: Control function with address 205 and NAME 000000000000000lx is now offline on channel 198344577.
[1276.557] [ISOBUS] addr=0x81 claimed=Y load=16.7% msgs=5990 aiso=193(200425ms) xte=-139.53m spd=0.00m/s q=0 ggaAge=42 vtgAge=41 xteAge=41 vt=N(0/22) vtstat=3/191240ms tc=N drp=0mm tcq=0
[1276.557] W] [PR]: NACK-ing PGN request for PGN 60928 because no callback could handle it.
[1277.106] I] [NM]: External control function with name 000000000000000lx has claimed address 198344577 on channel 2684363008.
[1278.106] [ISOBUS] addr=0x81 claimed=Y load=17.2% msgs=6021 aiso=194(201425ms) xte=-139.53m spd=0.00m/s q=0 ggaAge=42 vtgAge=41 xteAge=41 vt=N(0/22) vtstat=3/192240ms tc=N drp=0mm tcq=0
[1278.106] I] [NM]: Control function with address 205 and NAME 000000000000000lx is now offline on channel 198344577.
[1279.107] [ISOBUS] addr=0x81 claimed=Y load=16.7% msgs=6052 aiso=195(202425ms) xte=-139.53m spd=0.00m/s q=0 ggaAge=43 vtgAge=42 xteAge=42 vt=N(0/22) vtstat=3/193240ms tc=N drp=0mm tcq=0
[1279.107] W] [PR]: NACK-ing PGN request for PGN 60928 because no callback could handle it.
[1279.107] I] [NM]: External control function with name 000000000000000lx has claimed address 198344577 on channel 2684363008.
[1279.327] [ISOBUS] addr=0x81 claimed=Y load=17.2% msgs=6083 aiso=196(203425ms) xte=-139.53m spd=0.00m/s q=0 ggaAge=43 vtgAge=42 xteAge=41 vt=N(0/22) vtstat=3/194240ms tc=N drp=0mm tcq=0
[1280.335] I] [NM]: Control function with address 205 and NAME 000000000000000lx is now offline on channel 198344577.
[1280.335] [ISOBUS] addr=0x81 claimed=Y load=16.7% msgs=6114 aiso=197(204425ms) xte=-139.53m spd=0.00m/s q=0 ggaAge=42 vtgAge=42 xteAge=41 vt=N(0/22) vtstat=3/195240ms tc=N drp=0mm tcq=0
[1281.105] W] [PR]: NACK-ing PGN request for PGN 60928 because no callback could handle it.
[1281.107] I] [NM]: External control function with name 000000000000000lx has claimed address 198344577 on channel 2684363008.
[1282.096] [ISOBUS] addr=0x81 claimed=Y load=17.2% msgs=6145 aiso=198(205425ms) xte=-139.53m spd=0.00m/s q=0 ggaAge=43 vtgAge=42 xteAge=41 vt=N(0/22) vtstat=3/196240ms tc=N drp=0mm tcq=0
[1282.096] I] [NM]: Control function with address 205 and NAME 000000000000000lx is now offline on channel 198344577.
[1282.572] [ISOBUS] addr=0x81 claimed=Y load=16.7% msgs=6176 aiso=199(206425ms) xte=-139.53m spd=0.00m/s q=0 ggaAge=42 vtgAge=42 xteAge=41 vt=N(0/22) vtstat=3/197240ms tc=N drp=0mm tcq=0
[1282.572] W] [PR]: NACK-ing PGN request for PGN 60928 because no callback could handle it.
[1283.094] I] [NM]: External control function with name 000000000000000lx has claimed address 198344577 on channel 2684363008.
[1284.097] [ISOBUS] addr=0x81 claimed=Y load=17.2% msgs=6207 aiso=200(207425ms) xte=-139.53m spd=0.00m/s q=0 ggaAge=43 vtgAge=43 xteAge=42 vt=N(0/22) vtstat=3/198240ms tc=N drp=0mm tcq=0
[1284.097] I] [NM]: Control function with address 205 and NAME 000000000000000lx is now offline on channel 198344577.
[1284.571] [ISOBUS] addr=0x81 claimed=Y load=16.7% msgs=6238 aiso=201(208425ms) xte=-139.53m spd=0.00m/s q=0 ggaAge=42 vtgAge=41 xteAge=41 vt=N(0/22) vtstat=3/199240ms tc=N drp=0mm tcq=0
[1285.107] W] [PR]: NACK-ing PGN request for PGN 60928 because no callback could handle it.
[1285.108] I] [NM]: External control function with name 000000000000000lx has claimed address 198344577 on channel 2684363008.
[1286.107] [ISOBUS] addr=0x81 claimed=Y load=17.2% msgs=6269 aiso=202(209425ms) xte=-139.53m spd=0.00m/s q=0 ggaAge=42 vtgAge=42 xteAge=41 vt=N(0/22) vtstat=3/200240ms tc=N drp=0mm tcq=0
[1286.107] I] [NM]: Control function with address 205 and NAME 000000000000000lx is now offline on channel 198344577.
[1286.570] [ISOBUS] addr=0x81 claimed=Y load=16.7% msgs=6300 aiso=203(210425ms) xte=-139.53m spd=0.00m/s q=0 ggaAge=42 vtgAge=41 xteAge=40 vt=N(0/22) vtstat=3/201240ms tc=N drp=0mm tcq=0
[1286.570] W] [PR]: NACK-ing PGN request for PGN 60928 because no callback could handle it.
[1287.318] I] [NM]: External control function with name 000000000000000lx has claimed address 198344577 on channel 2684363008.
[1287.318] [ISOBUS] addr=0x81 claimed=Y load=17.2% msgs=6331 aiso=204(211425ms) xte=-139.53m spd=0.00m/s q=0 ggaAge=42 vtgAge=42 xteAge=41 vt=N(0/22) vtstat=3/202240ms tc=N drp=0mm tcq=0
[1288.326] I] [NM]: Control function with address 205 and NAME 000000000000000lx is now offline on channel 198344577.
[1288.326] [ISOBUS] addr=0x81 claimed=Y load=16.7% msgs=6362 aiso=205(212425ms) xte=-139.53m spd=0.00m/s q=0 ggaAge=42 vtgAge=42 xteAge=41 vt=N(0/22) vtstat=3/203240ms tc=N drp=0mm tcq=0
[1289.106] W] [PR]: NACK-ing PGN request for PGN 60928 because no callback could handle it.
[1289.106] I] [NM]: External control function with name 000000000000000lx has claimed address 198344577 on channel 2684363008.
[1290.106] [ISOBUS] addr=0x81 claimed=Y load=17.2% msgs=6393 aiso=206(213425ms) xte=-139.53m spd=0.00m/s q=0 ggaAge=42 vtgAge=42 xteAge=41 vt=N(0/22) vtstat=3/204240ms tc=N drp=0mm tcq=0
[1290.106] I] [NM]: Control function with address 205 and NAME 000000000000000lx is now offline on channel 198344577.
[1290.567] [ISOBUS] addr=0x81 claimed=Y load=16.7% msgs=6424 aiso=207(214425ms) xte=-139.53m spd=0.00m/s q=0 ggaAge=42 vtgAge=42 xteAge=41 vt=N(0/22) vtstat=3/205240ms tc=N drp=0mm tcq=0
[1290.567] W] [PR]: NACK-ing PGN request for PGN 60928 because no callback could handle it.
[1291.099] I] [NM]: External control function with name 000000000000000lx has claimed address 198344577 on channel 2684363008.
[1292.104] [ISOBUS] addr=0x81 claimed=Y load=17.2% msgs=6455 aiso=208(215425ms) xte=-139.53m spd=0.00m/s q=0 ggaAge=43 vtgAge=42 xteAge=41 vt=N(0/22) vtstat=3/206240ms tc=N drp=0mm tcq=0
[1292.104] I] [NM]: Control function with address 205 and NAME 000000000000000lx is now offline on channel 198344577.
[1292.565] [ISOBUS] addr=0x81 claimed=Y load=16.7% msgs=6486 aiso=209(216425ms) xte=-139.53m spd=0.00m/s q=0 ggaAge=42 vtgAge=42 xteAge=41 vt=N(0/22) vtstat=3/207240ms tc=N drp=0mm tcq=0
[1293.097] W] [PR]: NACK-ing PGN request for PGN 60928 because no callback could handle it.
[1293.097] I] [NM]: External control function with name 000000000000000lx has claimed address 198344577 on channel 2684363008.
[1294.108] [ISOBUS] addr=0x81 claimed=Y load=17.2% msgs=6517 aiso=210(217425ms) xte=-139.53m spd=0.00m/s q=0 ggaAge=43 vtgAge=42 xteAge=42 vt=N(0/22) vtstat=3/208240ms tc=N drp=0mm tcq=0
[1294.108] I] [NM]: Control function with address 205 and NAME 000000000000000lx is now offline on channel 198344577.
[1294.573] [ISOBUS] addr=0x81 claimed=Y load=16.7% msgs=6548 aiso=211(218425ms) xte=-139.53m spd=0.00m/s q=0 ggaAge=43 vtgAge=42 xteAge=41 vt=N(0/22) vtstat=3/209240ms tc=N drp=0mm tcq=0
[1294.573] W] [PR]: NACK-ing PGN request for PGN 60928 because no callback could handle it.
[1295.323] I] [NM]: External control function with name 000000000000000lx has claimed address 198344577 on channel 2684363008.
[1295.323] [ISOBUS] addr=0x81 claimed=Y load=17.2% msgs=6579 aiso=212(219425ms) xte=-139.53m spd=0.00m/s q=0 ggaAge=42 vtgAge=42 xteAge=41 vt=N(0/22) vtstat=3/210240ms tc=N drp=0mm tcq=0
[1296.338] I] [NM]: Control function with address 205 and NAME 000000000000000lx is now offline on channel 198344577.
[1296.338] [ISOBUS] addr=0x81 claimed=Y load=16.7% msgs=6610 aiso=213(220425ms) xte=-139.53m spd=0.00m/s q=0 ggaAge=43 vtgAge=42 xteAge=42 vt=N(0/22) vtstat=3/211240ms tc=N drp=0mm tcq=0
[1297.099] W] [PR]: NACK-ing PGN request for PGN 60928 because no callback could handle it.
[1297.099] I] [NM]: External control function with name 000000000000000lx has claimed address 198344577 on channel 2684363008.
[1298.108] [ISOBUS] addr=0x81 claimed=Y load=17.2% msgs=6641 aiso=214(221425ms) xte=-139.53m spd=0.00m/s q=0 ggaAge=43 vtgAge=43 xteAge=42 vt=N(0/22) vtstat=3/212240ms tc=N drp=0mm tcq=0
[1298.108] I] [NM]: Control function with address 205 and NAME 000000000000000lx is now offline on channel 198344577.
[1298.570] [ISOBUS] addr=0x81 claimed=Y load=16.7% msgs=6672 aiso=215(222425ms) xte=-139.53m spd=0.00m/s q=0 ggaAge=43 vtgAge=34 xteAge=34 vt=N(0/22) vtstat=3/213240ms tc=N drp=0mm tcq=0
[1298.570] W] [PR]: NACK-ing PGN request for PGN 60928 because no callback could handle it.
[1299.108] I] [NM]: External control function with name 000000000000000lx has claimed address 198344577 on channel 2684363008.
[1300.107] [ISOBUS] addr=0x81 claimed=Y load=17.2% msgs=6703 aiso=216(223425ms) xte=-139.53m spd=0.00m/s q=0 ggaAge=43 vtgAge=42 xteAge=41 vt=N(0/22) vtstat=3/214240ms tc=N drp=0mm tcq=0
[1300.107] I] [NM]: Control function with address 205 and NAME 000000000000000lx is now offline on channel 198344577.
[1301.106] [ISOBUS] addr=0x81 claimed=Y load=16.7% msgs=6734 aiso=217(224425ms) xte=-139.53m spd=0.00m/s q=0 ggaAge=43 vtgAge=42 xteAge=42 vt=N(0/22) vtstat=3/215240ms tc=N drp=0mm tcq=0
[1301.106] W] [PR]: NACK-ing PGN request for PGN 60928 because no callback could handle it.
[1301.106] I] [NM]: External control function with name 000000000000000lx has claimed address 198344577 on channel 2684363008.
[1301.322] [ISOBUS] addr=0x81 claimed=Y load=17.2% msgs=6765 aiso=218(225425ms) xte=-139.53m spd=0.00m/s q=0 ggaAge=43 vtgAge=42 xteAge=42 vt=N(0/22) vtstat=3/216240ms tc=N drp=0mm tcq=0
[1302.335] I] [NM]: Control function with address 205 and NAME 000000000000000lx is now offline on channel 198344577.
[1302.335] [ISOBUS] addr=0x81 claimed=Y load=16.7% msgs=6796 aiso=219(226425ms) xte=-139.53m spd=0.00m/s q=0 ggaAge=43 vtgAge=42 xteAge=42 vt=N(0/22) vtstat=3/217240ms tc=N drp=0mm tcq=0
[1303.106] W] [PR]: NACK-ing PGN request for PGN 60928 because no callback could handle it.
[1303.106] I] [NM]: External control function with name 000000000000000lx has claimed address 198344577 on channel 2684363008.
[1304.108] [ISOBUS] addr=0x81 claimed=Y load=17.2% msgs=6827 aiso=220(227425ms) xte=-139.53m spd=0.00m/s q=0 ggaAge=42 vtgAge=41 xteAge=41 vt=N(0/22) vtstat=3/218240ms tc=N drp=0mm tcq=0
[1304.108] I] [NM]: Control function with address 205 and NAME 000000000000000lx is now offline on channel 198344577.
[1304.566] [ISOBUS] addr=0x81 claimed=Y load=16.7% msgs=6858 aiso=221(228425ms) xte=-139.53m spd=0.00m/s q=0 ggaAge=43 vtgAge=42 xteAge=42 vt=N(0/22) vtstat=3/219240ms tc=N drp=0mm tcq=0
[1304.566] W] [PR]: NACK-ing PGN request for PGN 60928 because no callback could handle it.
[1305.107] I] [NM]: External control function with name 000000000000000lx has claimed address 198344577 on channel 2684363008.
[1306.103] [ISOBUS] addr=0x81 claimed=Y load=17.2% msgs=6889 aiso=222(229425ms) xte=-139.53m spd=0.00m/s q=0 ggaAge=43 vtgAge=43 xteAge=42 vt=N(0/22) vtstat=3/220240ms tc=N drp=0mm tcq=0
[1306.103] I] [NM]: Control function with address 205 and NAME 000000000000000lx is now offline on channel 198344577.
[1307.108] [ISOBUS] addr=0x81 claimed=Y load=16.7% msgs=6920 aiso=223(230425ms) xte=-139.53m spd=0.00m/s q=0 ggaAge=43 vtgAge=43 xteAge=42 vt=N(0/22) vtstat=3/221240ms tc=N drp=0mm tcq=0
[1307.108] W] [PR]: NACK-ing PGN request for PGN 60928 because no callback could handle it.
[1307.108] I] [NM]: External control function with name 000000000000000lx has claimed address 198344577 on channel 2684363008.
[1307.321] [ISOBUS] addr=0x81 claimed=Y load=17.2% msgs=6951 aiso=224(231425ms) xte=-139.53m spd=0.00m/s q=0 ggaAge=43 vtgAge=43 xteAge=42 vt=N(0/22) vtstat=3/222240ms tc=N drp=0mm tcq=0
[1308.323] I] [NM]: Control function with address 205 and NAME 000000000000000lx is now offline on channel 198344577.
[1308.323] [ISOBUS] addr=0x81 claimed=Y load=16.7% msgs=6982 aiso=225(232425ms) xte=-139.53m spd=0.00m/s q=0 ggaAge=43 vtgAge=43 xteAge=42 vt=N(0/22) vtstat=3/223240ms tc=N drp=0mm tcq=0
[1309.108] I] [NM]: External control function with name 000000000000000lx has claimed address 198344577 on channel 2684363008.
[1309.108] W] [PR]: NACK-ing PGN request for PGN 60928 because no callback could handle it.
[1310.105] [ISOBUS] addr=0x81 claimed=Y load=17.2% msgs=7013 aiso=226(233425ms) xte=-139.53m spd=0.00m/s q=0 ggaAge=43 vtgAge=43 xteAge=42 vt=N(0/22) vtstat=3/224240ms tc=N drp=0mm tcq=0
[1310.105] I] [NM]: Control function with address 205 and NAME 000000000000000lx is now offline on channel 198344577.
[1310.568] [ISOBUS] addr=0x81 claimed=Y load=16.7% msgs=7044 aiso=227(234425ms) xte=-139.53m spd=0.00m/s q=0 ggaAge=42 vtgAge=41 xteAge=41 vt=N(0/22) vtstat=3/225240ms tc=N drp=0mm tcq=0
[1310.568] W] [PR]: NACK-ing PGN request for PGN 60928 because no callback could handle it.
[1311.105] I] [NM]: External control function with name 000000000000000lx has claimed address 198344577 on channel 2684363008.
[1312.105] [ISOBUS] addr=0x81 claimed=Y load=17.2% msgs=7075 aiso=228(235425ms) xte=-139.53m spd=0.00m/s q=0 ggaAge=43 vtgAge=42 xteAge=41 vt=N(0/22) vtstat=3/226240ms tc=N drp=0mm tcq=0
[1312.105] I] [NM]: Control function with address 205 and NAME 000000000000000lx is now offline on channel 198344577.
[1313.106] [ISOBUS] addr=0x81 claimed=Y load=16.7% msgs=7106 aiso=229(236425ms) xte=-139.53m spd=0.00m/s q=0 ggaAge=43 vtgAge=42 xteAge=42 vt=N(0/22) vtstat=3/227240ms tc=N drp=0mm tcq=0
[1313.106] W] [PR]: NACK-ing PGN request for PGN 60928 because no callback could handle it.
[1313.106] I] [NM]: External control function with name 000000000000000lx has claimed address 198344577 on channel 2684363008.
[1313.322] [ISOBUS] addr=0x81 claimed=Y load=17.2% msgs=7137 aiso=230(237425ms) xte=-139.53m spd=0.00m/s q=0 ggaAge=43 vtgAge=42 xteAge=42 vt=N(0/22) vtstat=3/228240ms tc=N drp=0mm tcq=0
[1314.332] I] [NM]: Control function with address 205 and NAME 000000000000000lx is now offline on channel 198344577.
[1314.332] [ISOBUS] addr=0x81 claimed=Y load=16.7% msgs=7168 aiso=231(238425ms) xte=-139.53m spd=0.00m/s q=0 ggaAge=43 vtgAge=42 xteAge=41 vt=N(0/22) vtstat=3/229240ms tc=N drp=0mm tcq=0
[1315.105] W] [PR]: NACK-ing PGN request for PGN 60928 because no callback could handle it.
[1315.105] I] [NM]: External control function with name 000000000000000lx has claimed address 198344577 on channel 2684363008.
[1316.106] [ISOBUS] addr=0x81 claimed=Y load=17.2% msgs=7199 aiso=232(239425ms) xte=-139.53m spd=0.00m/s q=0 ggaAge=43 vtgAge=42 xteAge=42 vt=N(0/22) vtstat=3/230240ms tc=N drp=0mm tcq=0
[1316.106] I] [NM]: Control function with address 205 and NAME 000000000000000lx is now offline on channel 198344577.
[1316.572] [ISOBUS] addr=0x81 claimed=Y load=16.7% msgs=7230 aiso=233(240425ms) xte=-139.53m spd=0.00m/s q=0 ggaAge=43 vtgAge=42 xteAge=41 vt=N(0/22) vtstat=3/231240ms tc=N drp=0mm tcq=0
[1316.572] W] [PR]: NACK-ing PGN request for PGN 60928 because no callback could handle it.
[1317.107] I] [NM]: External control function with name 000000000000000lx has claimed address 198344577 on channel 2684363008.
[1318.108] [ISOBUS] addr=0x81 claimed=Y load=17.2% msgs=7261 aiso=234(241425ms) xte=-139.53m spd=0.00m/s q=0 ggaAge=42 vtgAge=42 xteAge=41 vt=N(0/22) vtstat=3/232240ms tc=N drp=0mm tcq=0
[1318.108] I] [NM]: Control function with address 205 and NAME 000000000000000lx is now offline on channel 198344577.
[1319.107] [ISOBUS] addr=0x81 claimed=Y load=16.7% msgs=7292 aiso=235(242425ms) xte=-139.53m spd=0.00m/s q=0 ggaAge=44 vtgAge=43 xteAge=42 vt=N(0/22) vtstat=3/233240ms tc=N drp=0mm tcq=0
[1319.108] W] [PR]: NACK-ing PGN request for PGN 60928 because no callback could handle it.
[1319.108] I] [NM]: External control function with name 000000000000000lx has claimed address 198344577 on channel 2684363008.
[1319.327] [ISOBUS] addr=0x81 claimed=Y load=17.2% msgs=7323 aiso=236(243425ms) xte=-139.53m spd=0.00m/s q=0 ggaAge=42 vtgAge=42 xteAge=41 vt=N(0/22) vtstat=3/234240ms tc=N drp=0mm tcq=0
[1320.332] I] [NM]: Control function with address 205 and NAME 000000000000000lx is now offline on channel 198344577.
[1320.332] [ISOBUS] addr=0x81 claimed=Y load=16.7% msgs=7354 aiso=237(244425ms) xte=-139.53m spd=0.00m/s q=0 ggaAge=43 vtgAge=43 xteAge=42 vt=N(0/22) vtstat=3/235240ms tc=N drp=0mm tcq=0
[1321.108] W] [PR]: NACK-ing PGN request for PGN 60928 because no callback could handle it.
[1321.108] I] [NM]: External control function with name 000000000000000lx has claimed address 198344577 on channel 2684363008.
[1322.106] [ISOBUS] addr=0x81 claimed=Y load=17.2% msgs=7385 aiso=238(245425ms) xte=-139.53m spd=0.00m/s q=0 ggaAge=43 vtgAge=43 xteAge=42 vt=N(0/22) vtstat=3/236240ms tc=N drp=0mm tcq=0
[1322.106] I] [NM]: Control function with address 205 and NAME 000000000000000lx is now offline on channel 198344577.
[1322.573] [ISOBUS] addr=0x81 claimed=Y load=16.7% msgs=7416 aiso=239(246425ms) xte=-139.53m spd=0.00m/s q=0 ggaAge=44 vtgAge=43 xteAge=43 vt=N(0/22) vtstat=3/237240ms tc=N drp=0mm tcq=0
[1322.574] W] [PR]: NACK-ing PGN request for PGN 60928 because no callback could handle it.
[1323.107] I] [NM]: External control function with name 000000000000000lx has claimed address 198344577 on channel 2684363008.
[1324.101] [ISOBUS] addr=0x81 claimed=Y load=17.2% msgs=7447 aiso=240(247425ms) xte=-139.53m spd=0.00m/s q=0 ggaAge=43 vtgAge=43 xteAge=42 vt=N(0/22) vtstat=3/238240ms tc=N drp=0mm tcq=0
[1324.101] I] [NM]: Control function with address 205 and NAME 000000000000000lx is now offline on channel 198344577.
[1325.107] [ISOBUS] addr=0x81 claimed=Y load=16.7% msgs=7478 aiso=241(248425ms) xte=-139.53m spd=0.00m/s q=0 ggaAge=44 vtgAge=43 xteAge=42 vt=N(0/22) vtstat=3/239240ms tc=N drp=0mm tcq=0
[1325.107] I] [NM]: External control function with name 000000000000000lx has claimed address 198344577 on channel 2684363008.
[1325.107] W] [PR]: NACK-ing PGN request for PGN 60928 because no callback could handle it.
[1325.317] [ISOBUS] addr=0x81 claimed=Y load=17.2% msgs=7509 aiso=242(249425ms) xte=-139.53m spd=0.00m/s q=0 ggaAge=43 vtgAge=43 xteAge=42 vt=N(0/22) vtstat=3/240240ms tc=N drp=0mm tcq=0
[1326.329] I] [NM]: Control function with address 205 and NAME 000000000000000lx is now offline on channel 198344577.
[1326.329] [ISOBUS] addr=0x81 claimed=Y load=16.6% msgs=7540 aiso=243(250425ms) xte=-139.53m spd=0.00m/s q=0 ggaAge=43 vtgAge=42 xteAge=41 vt=N(0/22) vtstat=3/241240ms tc=N drp=0mm tcq=0
[1327.098] W] [PR]: NACK-ing PGN request for PGN 60928 because no callback could handle it.
[1327.098] I] [NM]: External control function with name 000000000000000lx has claimed address 198344577 on channel 2684363008.
[1328.100] [ISOBUS] addr=0x81 claimed=Y load=17.2% msgs=7571 aiso=244(251425ms) xte=-139.53m spd=0.00m/s q=0 ggaAge=43 vtgAge=42 xteAge=42 vt=N(0/22) vtstat=3/242240ms tc=N drp=0mm tcq=0
[1328.100] I] [NM]: Control function with address 205 and NAME 000000000000000lx is now offline on channel 198344577.
[1328.559] [ISOBUS] addr=0x81 claimed=Y load=16.7% msgs=7602 aiso=245(252425ms) xte=-139.53m spd=0.00m/s q=0 ggaAge=43 vtgAge=43 xteAge=42 vt=N(0/22) vtstat=3/243240ms tc=N drp=0mm tcq=0
[1329.107] W] [PR]: NACK-ing PGN request for PGN 60928 because no callback could handle it.
[1329.107] I] [NM]: External control function with name 000000000000000lx has claimed address 198344577 on channel 2684363008.
[1330.107] [ISOBUS] addr=0x81 claimed=Y load=17.1% msgs=7633 aiso=246(253425ms) xte=-139.53m spd=0.00m/s q=0 ggaAge=41 vtgAge=41 xteAge=40 vt=N(0/22) vtstat=3/244240ms tc=N drp=0mm tcq=0
[1330.107] I] [NM]: Control function with address 205 and NAME 000000000000000lx is now offline on channel 198344577.
[1330.567] [ISOBUS] addr=0x81 claimed=Y load=16.8% msgs=7664 aiso=247(254425ms) xte=-139.53m spd=0.00m/s q=0 ggaAge=43 vtgAge=43 xteAge=42 vt=N(0/22) vtstat=3/245240ms tc=N drp=0mm tcq=0
[1331.108] W] [PR]: NACK-ing PGN request for PGN 60928 because no callback could handle it.
[1331.108] I] [NM]: External control function with name 000000000000000lx has claimed address 198344577 on channel 2684363008.
[1332.108] [ISOBUS] addr=0x81 claimed=Y load=17.1% msgs=7695 aiso=248(255425ms) xte=-139.53m spd=0.00m/s q=0 ggaAge=42 vtgAge=42 xteAge=41 vt=N(0/22) vtstat=3/246240ms tc=N drp=0mm tcq=0
[1332.108] I] [NM]: Control function with address 205 and NAME 000000000000000lx is now offline on channel 198344577.
[1332.572] [ISOBUS] addr=0x81 claimed=Y load=16.7% msgs=7726 aiso=249(256425ms) xte=-139.53m spd=0.00m/s q=0 ggaAge=43 vtgAge=42 xteAge=42 vt=N(0/22) vtstat=3/247240ms tc=N drp=0mm tcq=0
[1332.572] W] [PR]: NACK-ing PGN request for PGN 60928 because no callback could handle it.
[1333.320] I] [NM]: External control function with name 000000000000000lx has claimed address 198344577 on channel 2684363008.
[1333.320] [ISOBUS] addr=0x81 claimed=Y load=17.1% msgs=7757 aiso=250(257425ms) xte=-139.53m spd=0.00m/s q=0 ggaAge=43 vtgAge=42 xteAge=42 vt=N(0/22) vtstat=3/248240ms tc=N drp=0mm tcq=0
[1334.333] I] [NM]: Control function with address 205 and NAME 000000000000000lx is now offline on channel 198344577.
[1334.333] [ISOBUS] addr=0x81 claimed=Y load=16.8% msgs=7788 aiso=251(258425ms) xte=-139.53m spd=0.00m/s q=0 ggaAge=43 vtgAge=43 xteAge=42 vt=N(0/22) vtstat=3/249240ms tc=N drp=0mm tcq=0
[1335.108] W] [PR]: NACK-ing PGN request for PGN 60928 because no callback could handle it.
[1335.108] I] [NM]: External control function with name 000000000000000lx has claimed address 198344577 on channel 2684363008.
[1336.105] [ISOBUS] addr=0x81 claimed=Y load=17.2% msgs=7819 aiso=252(259425ms) xte=-139.53m spd=0.00m/s q=0 ggaAge=43 vtgAge=43 xteAge=42 vt=N(0/22) vtstat=3/250240ms tc=N drp=0mm tcq=0
[1336.105] I] [NM]: Control function with address 205 and NAME 000000000000000lx is now offline on channel 198344577.
[1336.567] [ISOBUS] addr=0x81 claimed=Y load=16.7% msgs=7850 aiso=253(260425ms) xte=-139.53m spd=0.00m/s q=0 ggaAge=43 vtgAge=42 xteAge=42 vt=N(0/22) vtstat=3/251240ms tc=N drp=0mm tcq=0
[1336.567] W] [PR]: NACK-ing PGN request for PGN 60928 because no callback could handle it.
[1337.100] I] [NM]: External control function with name 000000000000000lx has claimed address 198344577 on channel 2684363008.
[1338.099] [ISOBUS] addr=0x81 claimed=Y load=17.2% msgs=7881 aiso=254(261425ms) xte=-139.53m spd=0.00m/s q=0 ggaAge=44 vtgAge=43 xteAge=42 vt=N(0/22) vtstat=3/252240ms tc=N drp=0mm tcq=0
[1338.109] I] [NM]: Control function with address 205 and NAME 000000000000000lx is now offline on channel 198344577.
[1339.102] [ISOBUS] addr=0x81 claimed=Y load=16.6% msgs=7912 aiso=255(262425ms) xte=-139.53m spd=0.00m/s q=0 ggaAge=43 vtgAge=43 xteAge=42 vt=N(0/22) vtstat=3/253240ms tc=N drp=0mm tcq=0
[1339.102] W] [PR]: NACK-ing PGN request for PGN 60928 because no callback could handle it.
[1339.102] I] [NM]: External control function with name 000000000000000lx has claimed address 198344577 on channel 2684363008.
[1339.322] [ISOBUS] addr=0x81 claimed=Y load=17.2% msgs=7943 aiso=256(263425ms) xte=-139.53m spd=0.00m/s q=0 ggaAge=43 vtgAge=42 xteAge=42 vt=N(0/22) vtstat=3/254240ms tc=N drp=0mm tcq=0
[1340.329] I] [NM]: Control function with address 205 and NAME 000000000000000lx is now offline on channel 198344577.
[1340.329] [ISOBUS] addr=0x81 claimed=Y load=16.8% msgs=7974 aiso=257(264425ms) xte=-139.53m spd=0.00m/s q=0 ggaAge=43 vtgAge=43 xteAge=42 vt=N(0/22) vtstat=3/255240ms tc=N drp=0mm tcq=0
[1341.109] W] [PR]: NACK-ing PGN request for PGN 60928 because no callback could handle it.
[1341.109] I] [NM]: External control function with name 000000000000000lx has claimed address 198344577 on channel 2684363008.
[1342.109] [ISOBUS] addr=0x81 claimed=Y load=17.2% msgs=8005 aiso=258(265425ms) xte=-139.53m spd=0.00m/s q=0 ggaAge=43 vtgAge=42 xteAge=42 vt=N(0/22) vtstat=3/256240ms tc=N drp=0mm tcq=0
[1342.109] I] [NM]: Control function with address 205 and NAME 000000000000000lx is now offline on channel 198344577.
[1342.559] [ISOBUS] addr=0x81 claimed=Y load=16.6% msgs=8036 aiso=259(266425ms) xte=-139.53m spd=0.00m/s q=0 ggaAge=44 vtgAge=43 xteAge=43 vt=N(0/22) vtstat=3/257240ms tc=N drp=0mm tcq=0
[1342.559] W] [PR]: NACK-ing PGN request for PGN 60928 because no callback could handle it.
[1343.109] I] [NM]: External control function with name 000000000000000lx has claimed address 198344577 on channel 2684363008.
[1344.107] [ISOBUS] addr=0x81 claimed=Y load=17.2% msgs=8067 aiso=260(267425ms) xte=-139.53m spd=0.00m/s q=0 ggaAge=42 vtgAge=41 xteAge=41 vt=N(0/22) vtstat=3/258240ms tc=N drp=0mm tcq=0
[1344.107] I] [NM]: Control function with address 205 and NAME 000000000000000lx is now offline on channel 198344577.
[1345.109] [ISOBUS] addr=0x81 claimed=Y load=16.8% msgs=8098 aiso=261(268425ms) xte=-139.53m spd=0.00m/s q=0 ggaAge=44 vtgAge=43 xteAge=43 vt=N(0/22) vtstat=3/259240ms tc=N drp=0mm tcq=0
[1345.109] W] [PR]: NACK-ing PGN request for PGN 60928 because no callback could handle it.
[1345.109] I] [NM]: External control function with name 000000000000000lx has claimed address 198344577 on channel 2684363008.
[1345.319] [ISOBUS] addr=0x81 claimed=Y load=17.1% msgs=8129 aiso=262(269425ms) xte=-139.53m spd=0.00m/s q=0 ggaAge=43 vtgAge=42 xteAge=42 vt=N(0/22) vtstat=3/260240ms tc=N drp=0mm tcq=0
[1346.327] I] [NM]: Control function with address 205 and NAME 000000000000000lx is now offline on channel 198344577.
[1346.327] [ISOBUS] addr=0x81 claimed=Y load=16.7% msgs=8160 aiso=263(270425ms) xte=-139.53m spd=0.00m/s q=0 ggaAge=43 vtgAge=42 xteAge=42 vt=N(0/22) vtstat=3/261240ms tc=N drp=0mm tcq=0
[1347.109] W] [PR]: NACK-ing PGN request for PGN 60928 because no callback could handle it.
[1347.109] I] [NM]: External control function with name 000000000000000lx has claimed address 198344577 on channel 2684363008.
[1348.108] [ISOBUS] addr=0x81 claimed=Y load=17.2% msgs=8191 aiso=264(271425ms) xte=-139.53m spd=0.00m/s q=0 ggaAge=42 vtgAge=41 xteAge=41 vt=N(0/22) vtstat=3/262240ms tc=N drp=0mm tcq=0
[1348.108] I] [NM]: Control function with address 205 and NAME 000000000000000lx is now offline on channel 198344577.
[1348.571] [ISOBUS] addr=0x81 claimed=Y load=16.7% msgs=8222 aiso=265(272425ms) xte=-139.53m spd=0.00m/s q=0 ggaAge=42 vtgAge=42 xteAge=41 vt=N(0/22) vtstat=3/263240ms tc=N drp=0mm tcq=0
[1348.571] W] [PR]: NACK-ing PGN request for PGN 60928 because no callback could handle it.
[1349.108] I] [NM]: External control function with name 000000000000000lx has claimed address 198344577 on channel 2684363008.
[1350.108] [ISOBUS] addr=0x81 claimed=Y load=17.2% msgs=8253 aiso=266(273425ms) xte=-139.53m spd=0.00m/s q=0 ggaAge=44 vtgAge=43 xteAge=43 vt=N(0/22) vtstat=3/264240ms tc=N drp=0mm tcq=0
[1350.108] I] [NM]: Control function with address 205 and NAME 000000000000000lx is now offline on channel 198344577.
[1351.108] [ISOBUS] addr=0x81 claimed=Y load=16.7% msgs=8284 aiso=267(274425ms) xte=-139.53m spd=0.00m/s q=0 ggaAge=43 vtgAge=43 xteAge=42 vt=N(0/22) vtstat=3/265240ms tc=N drp=0mm tcq=0
[1351.108] W] [PR]: NACK-ing PGN request for PGN 60928 because no callback could handle it.
[1351.108] I] [NM]: External control function with name 000000000000000lx has claimed address 198344577 on channel 2684363008.
[1351.324] [ISOBUS] addr=0x81 claimed=Y load=17.2% msgs=8315 aiso=268(275425ms) xte=-139.53m spd=0.00m/s q=0 ggaAge=43 vtgAge=42 xteAge=42 vt=N(0/22) vtstat=3/266240ms tc=N drp=0mm tcq=0
[1352.328] I] [NM]: Control function with address 205 and NAME 000000000000000lx is now offline on channel 198344577.
[1352.328] [ISOBUS] addr=0x81 claimed=Y load=16.7% msgs=8346 aiso=269(276425ms) xte=-139.53m spd=0.00m/s q=0 ggaAge=43 vtgAge=43 xteAge=42 vt=N(0/22) vtstat=3/267240ms tc=N drp=0mm tcq=0
[1353.108] W] [PR]: NACK-ing PGN request for PGN 60928 because no callback could handle it.
[1353.108] I] [NM]: External control function with name 000000000000000lx has claimed address 198344577 on channel 2684363008.
[1354.109] [ISOBUS] addr=0x81 claimed=Y load=17.2% msgs=8377 aiso=270(277425ms) xte=-139.53m spd=0.00m/s q=0 ggaAge=44 vtgAge=43 xteAge=42 vt=N(0/22) vtstat=3/268240ms tc=N drp=0mm tcq=0
[1354.110] I] [NM]: Control function with address 205 and NAME 000000000000000lx is now offline on channel 198344577.
[1354.566] [ISOBUS] addr=0x81 claimed=Y load=16.7% msgs=8408 aiso=271(278425ms) xte=-139.53m spd=0.00m/s q=0 ggaAge=43 vtgAge=43 xteAge=42 vt=N(0/22) vtstat=3/269240ms tc=N drp=0mm tcq=0
[1354.566] W] [PR]: NACK-ing PGN request for PGN 60928 because no callback could handle it.
[1355.109] I] [NM]: External control function with name 000000000000000lx has claimed address 198344577 on channel 2684363008.
[1356.108] [ISOBUS] addr=0x81 claimed=Y load=17.2% msgs=8439 aiso=272(279425ms) xte=-139.53m spd=0.00m/s q=0 ggaAge=44 vtgAge=43 xteAge=43 vt=N(0/22) vtstat=3/270240ms tc=N drp=0mm tcq=0
[1356.108] I] [NM]: Control function with address 205 and NAME 000000000000000lx is now offline on channel 198344577.
[1357.108] [ISOBUS] addr=0x81 claimed=Y load=16.7% msgs=8470 aiso=273(280425ms) xte=-139.53m spd=0.00m/s q=0 ggaAge=44 vtgAge=43 xteAge=43 vt=N(0/22) vtstat=3/271240ms tc=N drp=0mm tcq=0
[1357.108] W] [PR]: NACK-ing PGN request for PGN 60928 because no callback could handle it.
[1357.108] I] [NM]: External control function with name 000000000000000lx has claimed address 198344577 on channel 2684363008.
[1357.326] [ISOBUS] addr=0x81 claimed=Y load=17.2% msgs=8501 aiso=274(281425ms) xte=-139.53m spd=0.00m/s q=0 ggaAge=43 vtgAge=43 xteAge=42 vt=N(0/22) vtstat=3/272240ms tc=N drp=0mm tcq=0
[1358.332] I] [NM]: Control function with address 205 and NAME 000000000000000lx is now offline on channel 198344577.
[1358.332] [ISOBUS] addr=0x81 claimed=Y load=16.7% msgs=8532 aiso=275(282425ms) xte=-139.53m spd=0.00m/s q=0 ggaAge=44 vtgAge=35 xteAge=34 vt=N(0/22) vtstat=3/273240ms tc=N drp=0mm tcq=0
[1359.108] W] [PR]: NACK-ing PGN request for PGN 60928 because no callback could handle it.
[1359.109] I] [NM]: External control function with name 000000000000000lx has claimed address 198344577 on channel 2684363008.
[1360.108] [ISOBUS] addr=0x81 claimed=Y load=17.2% msgs=8563 aiso=276(283425ms) xte=-139.53m spd=0.00m/s q=0 ggaAge=44 vtgAge=43 xteAge=43 vt=N(0/22) vtstat=3/274240ms tc=N drp=0mm tcq=0
[1360.110] I] [NM]: Control function with address 205 and NAME 000000000000000lx is now offline on channel 198344577.
[1360.571] [ISOBUS] addr=0x81 claimed=Y load=16.7% msgs=8594 aiso=277(284425ms) xte=-139.53m spd=0.00m/s q=0 ggaAge=44 vtgAge=43 xteAge=43 vt=N(0/22) vtstat=3/275240ms tc=N drp=0mm tcq=0
[1360.573] W] [PR]: NACK-ing PGN request for PGN 60928 because no callback could handle it.
[1361.109] I] [NM]: External control function with name 000000000000000lx has claimed address 198344577 on channel 2684363008.
[1362.109] [ISOBUS] addr=0x81 claimed=Y load=17.2% msgs=8625 aiso=278(285425ms) xte=-139.53m spd=0.00m/s q=0 ggaAge=44 vtgAge=43 xteAge=43 vt=N(0/22) vtstat=3/276240ms tc=N drp=0mm tcq=0
[1362.109] I] [NM]: Control function with address 205 and NAME 000000000000000lx is now offline on channel 198344577.
[1363.110] [ISOBUS] addr=0x81 claimed=Y load=16.7% msgs=8656 aiso=279(286425ms) xte=-139.53m spd=0.00m/s q=0 ggaAge=44 vtgAge=43 xteAge=42 vt=N(0/22) vtstat=3/277240ms tc=N drp=0mm tcq=0
[1363.110] W] [PR]: NACK-ing PGN request for PGN 60928 because no callback could handle it.
[1363.110] I] [NM]: External control function with name 000000000000000lx has claimed address 198344577 on channel 2684363008.
[1363.325] [ISOBUS] addr=0x81 claimed=Y load=17.2% msgs=8687 aiso=280(287425ms) xte=-139.53m spd=0.00m/s q=0 ggaAge=43 vtgAge=43 xteAge=42 vt=N(0/22) vtstat=3/278240ms tc=N drp=0mm tcq=0
[1364.333] I] [NM]: Control function with address 205 and NAME 000000000000000lx is now offline on channel 198344577.
[1364.333] [ISOBUS] addr=0x81 claimed=Y load=16.7% msgs=8718 aiso=281(288425ms) xte=-139.53m spd=0.00m/s q=0 ggaAge=34 vtgAge=33 xteAge=33 vt=N(0/22) vtstat=3/279240ms tc=N drp=0mm tcq=0
[1365.109] W] [PR]: NACK-ing PGN request for PGN 60928 because no callback could handle it.
[1365.109] I] [NM]: External control function with name 000000000000000lx has claimed address 198344577 on channel 2684363008.
[1366.110] [ISOBUS] addr=0x81 claimed=Y load=17.2% msgs=8749 aiso=282(289425ms) xte=-139.53m spd=0.00m/s q=0 ggaAge=43 vtgAge=43 xteAge=42 vt=N(0/22) vtstat=3/280240ms tc=N drp=0mm tcq=0
[1366.110] I] [NM]: Control function with address 205 and NAME 000000000000000lx is now offline on channel 198344577.
[1366.569] [ISOBUS] addr=0x81 claimed=Y load=16.7% msgs=8780 aiso=283(290425ms) xte=-139.53m spd=0.00m/s q=0 ggaAge=44 vtgAge=43 xteAge=43 vt=N(0/22) vtstat=3/281240ms tc=N drp=0mm tcq=0
[1366.569] W] [PR]: NACK-ing PGN request for PGN 60928 because no callback could handle it.
[1367.105] I] [NM]: External control function with name 000000000000000lx has claimed address 198344577 on channel 2684363008.
[1368.110] [ISOBUS] addr=0x81 claimed=Y load=17.2% msgs=8811 aiso=284(291425ms) xte=-139.53m spd=0.00m/s q=0 ggaAge=44 vtgAge=43 xteAge=43 vt=N(0/22) vtstat=3/282240ms tc=N drp=0mm tcq=0
[1368.110] I] [NM]: Control function with address 205 and NAME 000000000000000lx is now offline on channel 198344577.
[1369.110] [ISOBUS] addr=0x81 claimed=Y load=16.7% msgs=8842 aiso=285(292425ms) xte=-139.53m spd=0.00m/s q=0 ggaAge=44 vtgAge=43 xteAge=43 vt=N(0/22) vtstat=3/283240ms tc=N drp=0mm tcq=0
[1369.110] I] [NM]: External control function with name 000000000000000lx has claimed address 198344577 on channel 2684363008.
[1369.110] W] [PR]: NACK-ing PGN request for PGN 60928 because no callback could handle it.
[1369.324] [ISOBUS] addr=0x81 claimed=Y load=17.2% msgs=8873 aiso=286(293425ms) xte=-139.53m spd=0.00m/s q=0 ggaAge=44 vtgAge=44 xteAge=43 vt=N(0/22) vtstat=3/284240ms tc=N drp=0mm tcq=0
[1370.324] I] [NM]: Control function with address 205 and NAME 000000000000000lx is now offline on channel 198344577.
[1370.324] [ISOBUS] addr=0x81 claimed=Y load=16.7% msgs=8904 aiso=287(294425ms) xte=-139.53m spd=0.00m/s q=0 ggaAge=43 vtgAge=43 xteAge=42 vt=N(0/22) vtstat=3/285240ms tc=N drp=0mm tcq=0
[1371.109] W] [PR]: NACK-ing PGN request for PGN 60928 because no callback could handle it.
[1371.109] I] [NM]: External control function with name 000000000000000lx has claimed address 198344577 on channel 2684363008.
[1372.110] [ISOBUS] addr=0x81 claimed=Y load=17.2% msgs=8935 aiso=288(295425ms) xte=-139.53m spd=0.00m/s q=0 ggaAge=44 vtgAge=43 xteAge=42 vt=N(0/22) vtstat=3/286240ms tc=N drp=0mm tcq=0
[1372.110] I] [NM]: Control function with address 205 and NAME 000000000000000lx is now offline on channel 198344577.
[1372.576] [ISOBUS] addr=0x81 claimed=Y load=16.7% msgs=8966 aiso=289(296425ms) xte=-139.53m spd=0.00m/s q=0 ggaAge=44 vtgAge=44 xteAge=43 vt=N(0/22) vtstat=3/287240ms tc=N drp=0mm tcq=0
[1372.576] W] [PR]: NACK-ing PGN request for PGN 60928 because no callback could handle it.
[1373.106] I] [NM]: External control function with name 000000000000000lx has claimed address 198344577 on channel 2684363008.
[1374.110] [ISOBUS] addr=0x81 claimed=Y load=17.2% msgs=8997 aiso=290(297425ms) xte=-139.53m spd=0.00m/s q=0 ggaAge=44 vtgAge=34 xteAge=34 vt=N(0/22) vtstat=3/288240ms tc=N drp=0mm tcq=0
[1374.110] I] [NM]: Control function with address 205 and NAME 000000000000000lx is now offline on channel 198344577.
[1375.108] [ISOBUS] addr=0x81 claimed=Y load=16.7% msgs=9028 aiso=291(298425ms) xte=-139.53m spd=0.00m/s q=0 ggaAge=44 vtgAge=43 xteAge=42 vt=N(0/22) vtstat=3/289240ms tc=N drp=0mm tcq=0
[1375.108] W] [PR]: NACK-ing PGN request for PGN 60928 because no callback could handle it.
[1375.108] I] [NM]: External control function with name 000000000000000lx has claimed address 198344577 on channel 2684363008.
[1375.323] [ISOBUS] addr=0x81 claimed=Y load=17.2% msgs=9059 aiso=292(299425ms) xte=-139.53m spd=0.00m/s q=0 ggaAge=44 vtgAge=43 xteAge=43 vt=N(0/22) vtstat=3/290240ms tc=N drp=0mm tcq=0
[1376.336] I] [NM]: Control function with address 205 and NAME 000000000000000lx is now offline on channel 198344577.
[1376.336] [ISOBUS] addr=0x81 claimed=Y load=16.7% msgs=9090 aiso=293(300425ms) xte=-139.53m spd=0.00m/s q=0 ggaAge=44 vtgAge=44 xteAge=43 vt=N(0/22) vtstat=3/291240ms tc=N drp=0mm tcq=0
[1377.108] W] [PR]: NACK-ing PGN request for PGN 60928 because no callback could handle it.
[1377.108] I] [NM]: External control function with name 000000000000000lx has claimed address 198344577 on channel 2684363008.
[1378.110] [ISOBUS] addr=0x81 claimed=Y load=17.2% msgs=9121 aiso=294(301425ms) xte=-139.53m spd=0.00m/s q=0 ggaAge=44 vtgAge=44 xteAge=43 vt=N(0/22) vtstat=3/292240ms tc=N drp=0mm tcq=0
[1378.110] I] [NM]: Control function with address 205 and NAME 000000000000000lx is now offline on channel 198344577.
[1378.567] [ISOBUS] addr=0x81 claimed=Y load=16.7% msgs=9152 aiso=295(302425ms) xte=-139.53m spd=0.00m/s q=0 ggaAge=43 vtgAge=43 xteAge=42 vt=N(0/22) vtstat=3/293240ms tc=N drp=0mm tcq=0
[1378.567] W] [PR]: NACK-ing PGN request for PGN 60928 because no callback could handle it.
[1379.106] I] [NM]: External control function with name 000000000000000lx has claimed address 198344577 on channel 2684363008.
[1380.100] [ISOBUS] addr=0x81 claimed=Y load=17.2% msgs=9183 aiso=296(303425ms) xte=-139.53m spd=0.00m/s q=0 ggaAge=44 vtgAge=43 xteAge=42 vt=N(0/22) vtstat=3/294240ms tc=N drp=0mm tcq=0
[1380.100] I] [NM]: Control function with address 205 and NAME 000000000000000lx is now offline on channel 198344577.
[1381.109] [ISOBUS] addr=0x81 claimed=Y load=16.7% msgs=9214 aiso=297(304425ms) xte=-139.53m spd=0.00m/s q=0 ggaAge=44 vtgAge=43 xteAge=42 vt=N(0/22) vtstat=3/295240ms tc=N drp=0mm tcq=0
[1381.109] W] [PR]: NACK-ing PGN request for PGN 60928 because no callback could handle it.
[1381.109] I] [NM]: External control function with name 000000000000000lx has claimed address 198344577 on channel 2684363008.
[1381.320] [ISOBUS] addr=0x81 claimed=Y load=17.2% msgs=9245 aiso=298(305425ms) xte=-139.53m spd=0.00m/s q=0 ggaAge=44 vtgAge=43 xteAge=43 vt=N(0/22) vtstat=3/296240ms tc=N drp=0mm tcq=0
[1382.324] I] [NM]: Control function with address 205 and NAME 000000000000000lx is now offline on channel 198344577.
[1382.324] [ISOBUS] addr=0x81 claimed=Y load=16.7% msgs=9276 aiso=299(306425ms) xte=-139.53m spd=0.00m/s q=0 ggaAge=43 vtgAge=43 xteAge=42 vt=N(0/22) vtstat=3/297240ms tc=N drp=0mm tcq=0
[1383.108] W] [PR]: NACK-ing PGN request for PGN 60928 because no callback could handle it.
[1383.108] I] [NM]: External control function with name 000000000000000lx has claimed address 198344577 on channel 2684363008.
[1384.105] [ISOBUS] addr=0x81 claimed=Y load=17.2% msgs=9307 aiso=300(307425ms) xte=-139.53m spd=0.00m/s q=0 ggaAge=43 vtgAge=43 xteAge=42 vt=N(0/22) vtstat=3/298240ms tc=N drp=0mm tcq=0
[1384.105] I] [NM]: Control function with address 205 and NAME 000000000000000lx is now offline on channel 198344577.
[1384.571] [ISOBUS] addr=0x81 claimed=Y load=16.7% msgs=9338 aiso=301(308425ms) xte=-139.53m spd=0.00m/s q=0 ggaAge=44 vtgAge=43 xteAge=43 vt=N(0/22) vtstat=3/299240ms tc=N drp=0mm tcq=0
[1384.571] W] [PR]: NACK-ing PGN request for PGN 60928 because no callback could handle it.
[1385.108] I] [NM]: External control function with name 000000000000000lx has claimed address 198344577 on channel 2684363008.
[1386.106] [ISOBUS] addr=0x81 claimed=Y load=17.2% msgs=9369 aiso=302(309425ms) xte=-139.53m spd=0.00m/s q=0 ggaAge=44 vtgAge=43 xteAge=42 vt=N(0/22) vtstat=3/300240ms tc=N drp=0mm tcq=0
[1386.106] I] [NM]: Control function with address 205 and NAME 000000000000000lx is now offline on channel 198344577.
[1387.108] [ISOBUS] addr=0x81 claimed=Y load=16.7% msgs=9400 aiso=303(310425ms) xte=-139.53m spd=0.00m/s q=0 ggaAge=44 vtgAge=43 xteAge=42 vt=N(0/22) vtstat=3/301240ms tc=N drp=0mm tcq=0
[1387.108] W] [PR]: NACK-ing PGN request for PGN 60928 because no callback could handle it.
[1387.108] I] [NM]: External control function with name 000000000000000lx has claimed address 198344577 on channel 2684363008.
[1387.321] [ISOBUS] addr=0x81 claimed=Y load=17.2% msgs=9431 aiso=304(311425ms) xte=-139.53m spd=0.00m/s q=0 ggaAge=44 vtgAge=43 xteAge=43 vt=N(0/22) vtstat=3/302240ms tc=N drp=0mm tcq=0
[1388.324] I] [NM]: Control function with address 205 and NAME 000000000000000lx is now offline on channel 198344577.
[1388.324] [ISOBUS] addr=0x81 claimed=Y load=16.7% msgs=9462 aiso=305(312425ms) xte=-139.53m spd=0.00m/s q=0 ggaAge=43 vtgAge=43 xteAge=42 vt=N(0/22) vtstat=3/303240ms tc=N drp=0mm tcq=0
[1389.108] W] [PR]: NACK-ing PGN request for PGN 60928 because no callback could handle it.
[1389.108] I] [NM]: External control function with name 000000000000000lx has claimed address 198344577 on channel 2684363008.
[1390.111] [ISOBUS] addr=0x81 claimed=Y load=17.2% msgs=9493 aiso=306(313425ms) xte=-139.53m spd=0.00m/s q=0 ggaAge=43 vtgAge=43 xteAge=42 vt=N(0/22) vtstat=3/304240ms tc=N drp=0mm tcq=0
[1390.111] I] [NM]: Control function with address 205 and NAME 000000000000000lx is now offline on channel 198344577.
[1390.573] [ISOBUS] addr=0x81 claimed=Y load=16.7% msgs=9524 aiso=307(314425ms) xte=-139.53m spd=0.00m/s q=0 ggaAge=44 vtgAge=43 xteAge=43 vt=N(0/22) vtstat=3/305240ms tc=N drp=0mm tcq=0
[1390.573] W] [PR]: NACK-ing PGN request for PGN 60928 because no callback could handle it.
[1391.109] I] [NM]: External control function with name 000000000000000lx has claimed address 198344577 on channel 2684363008.
[1392.108] [ISOBUS] addr=0x81 claimed=Y load=17.2% msgs=9555 aiso=308(315425ms) xte=-139.53m spd=0.00m/s q=0 ggaAge=44 vtgAge=43 xteAge=42 vt=N(0/22) vtstat=3/306240ms tc=N drp=0mm tcq=0
[1392.110] I] [NM]: Control function with address 205 and NAME 000000000000000lx is now offline on channel 198344577.
[1393.111] [ISOBUS] addr=0x81 claimed=Y load=16.7% msgs=9586 aiso=309(316425ms) xte=-139.53m spd=0.00m/s q=0 ggaAge=43 vtgAge=42 xteAge=42 vt=N(0/22) vtstat=3/307240ms tc=N drp=0mm tcq=0
[1393.111] W] [PR]: NACK-ing PGN request for PGN 60928 because no callback could handle it.
[1393.111] I] [NM]: External control function with name 000000000000000lx has claimed address 198344577 on channel 2684363008.
[1393.324] [ISOBUS] addr=0x81 claimed=Y load=17.2% msgs=9617 aiso=310(317425ms) xte=-139.53m spd=0.00m/s q=0 ggaAge=43 vtgAge=43 xteAge=42 vt=N(0/22) vtstat=3/308240ms tc=N drp=0mm tcq=0
[1394.328] I] [NM]: Control function with address 205 and NAME 000000000000000lx is now offline on channel 198344577.
[1394.328] [ISOBUS] addr=0x81 claimed=Y load=16.7% msgs=9648 aiso=311(318425ms) xte=-139.53m spd=0.00m/s q=0 ggaAge=44 vtgAge=43 xteAge=42 vt=N(0/22) vtstat=3/309240ms tc=N drp=0mm tcq=0
[1395.109] W] [PR]: NACK-ing PGN request for PGN 60928 because no callback could handle it.
[1395.109] I] [NM]: External control function with name 000000000000000lx has claimed address 198344577 on channel 2684363008.
[1396.108] [ISOBUS] addr=0x81 claimed=Y load=17.2% msgs=9679 aiso=312(319425ms) xte=-139.53m spd=0.00m/s q=0 ggaAge=44 vtgAge=43 xteAge=42 vt=N(0/22) vtstat=3/310240ms tc=N drp=0mm tcq=0
[1396.108] I] [NM]: Control function with address 205 and NAME 000000000000000lx is now offline on channel 198344577.
[1396.572] [ISOBUS] addr=0x81 claimed=Y load=16.7% msgs=9710 aiso=313(320425ms) xte=-139.53m spd=0.00m/s q=0 ggaAge=43 vtgAge=43 xteAge=42 vt=N(0/22) vtstat=3/311240ms tc=N drp=0mm tcq=0
[1396.572] W] [PR]: NACK-ing PGN request for PGN 60928 because no callback could handle it.
[1397.107] I] [NM]: External control function with name 000000000000000lx has claimed address 198344577 on channel 2684363008.
[1398.101] [ISOBUS] addr=0x81 claimed=Y load=17.2% msgs=9741 aiso=314(321425ms) xte=-139.53m spd=0.00m/s q=0 ggaAge=44 vtgAge=43 xteAge=42 vt=N(0/22) vtstat=3/312240ms tc=N drp=0mm tcq=0
[1398.101] I] [NM]: Control function with address 205 and NAME 000000000000000lx is now offline on channel 198344577.
[1399.110] [ISOBUS] addr=0x81 claimed=Y load=16.7% msgs=9772 aiso=315(322425ms) xte=-139.53m spd=0.00m/s q=0 ggaAge=43 vtgAge=43 xteAge=42 vt=N(0/22) vtstat=3/313240ms tc=N drp=0mm tcq=0
[1399.110] W] [PR]: NACK-ing PGN request for PGN 60928 because no callback could handle it.
[1399.110] I] [NM]: External control function with name 000000000000000lx has claimed address 198344577 on channel 2684363008.
[1399.318] [ISOBUS] addr=0x81 claimed=Y load=17.2% msgs=9803 aiso=316(323425ms) xte=-139.53m spd=0.00m/s q=0 ggaAge=43 vtgAge=43 xteAge=42 vt=N(0/22) vtstat=3/314240ms tc=N drp=0mm tcq=0
[1400.320] I] [NM]: Control function with address 205 and NAME 000000000000000lx is now offline on channel 198344577.
[1400.320] [ISOBUS] addr=0x81 claimed=Y load=16.7% msgs=9834 aiso=317(324425ms) xte=-139.53m spd=0.00m/s q=0 ggaAge=43 vtgAge=43 xteAge=42 vt=N(0/22) vtstat=3/315240ms tc=N drp=0mm tcq=0
[1401.104] W] [PR]: NACK-ing PGN request for PGN 60928 because no callback could handle it.
[1401.104] I] [NM]: External control function with name 000000000000000lx has claimed address 198344577 on channel 2684363008.
[1402.109] [ISOBUS] addr=0x81 claimed=Y load=17.2% msgs=9865 aiso=318(325425ms) xte=-139.53m spd=0.00m/s q=0 ggaAge=43 vtgAge=42 xteAge=42 vt=N(0/22) vtstat=3/316240ms tc=N drp=0mm tcq=0
[1402.109] I] [NM]: Control function with address 205 and NAME 000000000000000lx is now offline on channel 198344577.
[1402.573] [ISOBUS] addr=0x81 claimed=Y load=16.7% msgs=9896 aiso=319(326425ms) xte=-139.53m spd=0.00m/s q=0 ggaAge=43 vtgAge=42 xteAge=42 vt=N(0/22) vtstat=3/317240ms tc=N drp=0mm tcq=0
[1402.573] W] [PR]: NACK-ing PGN request for PGN 60928 because no callback could handle it.
[1403.110] I] [NM]: External control function with name 000000000000000lx has claimed address 198344577 on channel 2684363008.
[1404.107] [ISOBUS] addr=0x81 claimed=Y load=17.2% msgs=9927 aiso=320(327425ms) xte=-139.53m spd=0.00m/s q=0 ggaAge=44 vtgAge=43 xteAge=42 vt=N(0/22) vtstat=3/318240ms tc=N drp=0mm tcq=0
[1404.107] I] [NM]: Control function with address 205 and NAME 000000000000000lx is now offline on channel 198344577.
[1405.109] [ISOBUS] addr=0x81 claimed=Y load=16.7% msgs=9958 aiso=321(328425ms) xte=-139.53m spd=0.00m/s q=0 ggaAge=44 vtgAge=43 xteAge=42 vt=N(0/22) vtstat=3/319240ms tc=N drp=0mm tcq=0
[1405.122] W] [PR]: NACK-ing PGN request for PGN 60928 because no callback could handle it.
[1405.122] I] [NM]: External control function with name 000000000000000lx has claimed address 198344577 on channel 2684363008.
[1405.321] [ISOBUS] addr=0x81 claimed=Y load=17.2% msgs=9989 aiso=322(329425ms) xte=-139.53m spd=0.00m/s q=0 ggaAge=43 vtgAge=42 xteAge=42 vt=N(0/22) vtstat=3/320240ms tc=N drp=0mm tcq=0
[1406.326] I] [NM]: Control function with address 205 and NAME 000000000000000lx is now offline on channel 198344577.
[1406.326] [ISOBUS] addr=0x81 claimed=Y load=16.7% msgs=10020 aiso=323(330425ms) xte=-139.53m spd=0.00m/s q=0 ggaAge=43 vtgAge=43 xteAge=34 vt=N(0/22) vtstat=3/321240ms tc=N drp=0mm tcq=0
[1407.110] W] [PR]: NACK-ing PGN request for PGN 60928 because no callback could handle it.
[1407.110] I] [NM]: External control function with name 000000000000000lx has claimed address 198344577 on channel 2684363008.
[1408.111] [ISOBUS] addr=0x81 claimed=Y load=17.2% msgs=10051 aiso=324(331425ms) xte=-139.53m spd=0.00m/s q=0 ggaAge=43 vtgAge=43 xteAge=42 vt=N(0/22) vtstat=3/322240ms tc=N drp=0mm tcq=0
[1408.111] I] [NM]: Control function with address 205 and NAME 000000000000000lx is now offline on channel 198344577.
[1408.569] [ISOBUS] addr=0x81 claimed=Y load=16.7% msgs=10082 aiso=325(332425ms) xte=-139.53m spd=0.00m/s q=0 ggaAge=42 vtgAge=42 xteAge=41 vt=N(0/22) vtstat=3/323240ms tc=N drp=0mm tcq=0
[1409.111] I] [NM]: External control function with name 000000000000000lx has claimed address 198344577 on channel 2684363008.
[1409.111] W] [PR]: NACK-ing PGN request for PGN 60928 because no callback could handle it.
[1410.110] [ISOBUS] addr=0x81 claimed=Y load=17.2% msgs=10113 aiso=326(333425ms) xte=-139.53m spd=0.00m/s q=0 ggaAge=43 vtgAge=42 xteAge=41 vt=N(0/22) vtstat=3/324240ms tc=N drp=0mm tcq=0
[1410.110] I] [NM]: Control function with address 205 and NAME 000000000000000lx is now offline on channel 198344577.
[1411.111] [ISOBUS] addr=0x81 claimed=Y load=16.7% msgs=10144 aiso=327(334425ms) xte=-139.53m spd=0.00m/s q=0 ggaAge=43 vtgAge=43 xteAge=42 vt=N(0/22) vtstat=3/325240ms tc=N drp=0mm tcq=0
[1411.111] W] [PR]: NACK-ing PGN request for PGN 60928 because no callback could handle it.
[1411.111] I] [NM]: External control function with name 000000000000000lx has claimed address 198344577 on channel 2684363008.
[1411.324] [ISOBUS] addr=0x81 claimed=Y load=17.2% msgs=10175 aiso=328(335425ms) xte=-139.53m spd=0.00m/s q=0 ggaAge=43 vtgAge=42 xteAge=42 vt=N(0/22) vtstat=3/326240ms tc=N drp=0mm tcq=0
[1412.325] I] [NM]: Control function with address 205 and NAME 000000000000000lx is now offline on channel 198344577.
[1412.325] [ISOBUS] addr=0x81 claimed=Y load=16.7% msgs=10206 aiso=329(336425ms) xte=-139.53m spd=0.00m/s q=0 ggaAge=43 vtgAge=43 xteAge=42 vt=N(0/22) vtstat=3/327240ms tc=N drp=0mm tcq=0
[1413.109] W] [PR]: NACK-ing PGN request for PGN 60928 because no callback could handle it.
[1413.111] I] [NM]: External control function with name 000000000000000lx has claimed address 198344577 on channel 2684363008.
[1414.111] [ISOBUS] addr=0x81 claimed=Y load=17.2% msgs=10237 aiso=330(337425ms) xte=-139.53m spd=0.00m/s q=0 ggaAge=43 vtgAge=42 xteAge=42 vt=N(0/22) vtstat=3/328240ms tc=N drp=0mm tcq=0
[1414.111] I] [NM]: Control function with address 205 and NAME 000000000000000lx is now offline on channel 198344577.
[1414.574] [ISOBUS] addr=0x81 claimed=Y load=16.7% msgs=10268 aiso=331(338425ms) xte=-139.53m spd=0.00m/s q=0 ggaAge=43 vtgAge=42 xteAge=42 vt=N(0/22) vtstat=3/329240ms tc=N drp=0mm tcq=0
[1414.574] W] [PR]: NACK-ing PGN request for PGN 60928 because no callback could handle it.
[1415.102] I] [NM]: External control function with name 000000000000000lx has claimed address 198344577 on channel 2684363008.
[1416.111] [ISOBUS] addr=0x81 claimed=Y load=17.2% msgs=10299 aiso=332(339425ms) xte=-139.53m spd=0.00m/s q=0 ggaAge=43 vtgAge=43 xteAge=42 vt=N(0/22) vtstat=3/330240ms tc=N drp=0mm tcq=0
[1416.111] I] [NM]: Control function with address 205 and NAME 000000000000000lx is now offline on channel 198344577.
[1417.109] [ISOBUS] addr=0x81 claimed=Y load=16.7% msgs=10330 aiso=333(340425ms) xte=-139.53m spd=0.00m/s q=0 ggaAge=43 vtgAge=43 xteAge=42 vt=N(0/22) vtstat=3/331240ms tc=N drp=0mm tcq=0
[1417.109] W] [PR]: NACK-ing PGN request for PGN 60928 because no callback could handle it.
[1417.109] I] [NM]: External control function with name 000000000000000lx has claimed address 198344577 on channel 2684363008.
[1417.318] [ISOBUS] addr=0x81 claimed=Y load=17.2% msgs=10361 aiso=334(341425ms) xte=-139.53m spd=0.00m/s q=0 ggaAge=43 vtgAge=42 xteAge=42 vt=N(0/22) vtstat=3/332240ms tc=N drp=0mm tcq=0
[1418.333] I] [NM]: Control function with address 205 and NAME 000000000000000lx is now offline on channel 198344577.
[1418.333] [ISOBUS] addr=0x81 claimed=Y load=16.7% msgs=10392 aiso=335(342425ms) xte=-139.53m spd=0.00m/s q=0 ggaAge=43 vtgAge=42 xteAge=42 vt=N(0/22) vtstat=3/333240ms tc=N drp=0mm tcq=0
[1419.103] W] [PR]: NACK-ing PGN request for PGN 60928 because no callback could handle it.
[1419.103] I] [NM]: External control function with name 000000000000000lx has claimed address 198344577 on channel 2684363008.
[1420.104] [ISOBUS] addr=0x81 claimed=Y load=17.2% msgs=10423 aiso=336(343425ms) xte=-139.53m spd=0.00m/s q=0 ggaAge=43 vtgAge=43 xteAge=42 vt=N(0/22) vtstat=3/334240ms tc=N drp=0mm tcq=0
[1420.104] I] [NM]: Control function with address 205 and NAME 000000000000000lx is now offline on channel 198344577.
[1420.567] [ISOBUS] addr=0x81 claimed=Y load=16.7% msgs=10454 aiso=337(344425ms) xte=-139.53m spd=0.00m/s q=0 ggaAge=43 vtgAge=42 xteAge=42 vt=N(0/22) vtstat=3/335240ms tc=N drp=0mm tcq=0
[1421.098] W] [PR]: NACK-ing PGN request for PGN 60928 because no callback could handle it.
[1421.098] I] [NM]: External control function with name 000000000000000lx has claimed address 198344577 on channel 2684363008.
[1422.111] [ISOBUS] addr=0x81 claimed=Y load=17.2% msgs=10485 aiso=338(345425ms) xte=-139.53m spd=0.00m/s q=0 ggaAge=43 vtgAge=42 xteAge=42 vt=N(0/22) vtstat=3/336240ms tc=N drp=0mm tcq=0
[1422.111] I] [NM]: Control function with address 205 and NAME 000000000000000lx is now offline on channel 198344577.
[1422.575] [ISOBUS] addr=0x81 claimed=Y load=16.7% msgs=10516 aiso=339(346425ms) xte=-139.53m spd=0.00m/s q=0 ggaAge=43 vtgAge=42 xteAge=42 vt=N(0/22) vtstat=3/337240ms tc=N drp=0mm tcq=0
[1422.575] W] [PR]: NACK-ing PGN request for PGN 60928 because no callback could handle it.
[1423.326] I] [NM]: External control function with name 000000000000000lx has claimed address 198344577 on channel 2684363008.
[1423.326] [ISOBUS] addr=0x81 claimed=Y load=17.2% msgs=10547 aiso=340(347425ms) xte=-139.53m spd=0.00m/s q=0 ggaAge=43 vtgAge=42 xteAge=42 vt=N(0/22) vtstat=3/338240ms tc=N drp=0mm tcq=0
[1424.327] I] [NM]: Control function with address 205 and NAME 000000000000000lx is now offline on channel 198344577.
[1424.327] [ISOBUS] addr=0x81 claimed=Y load=16.7% msgs=10578 aiso=341(348425ms) xte=-139.53m spd=0.00m/s q=0 ggaAge=43 vtgAge=42 xteAge=42 vt=N(0/22) vtstat=3/339240ms tc=N drp=0mm tcq=0
[1425.111] W] [PR]: NACK-ing PGN request for PGN 60928 because no callback could handle it.
[1425.111] I] [NM]: External control function with name 000000000000000lx has claimed address 198344577 on channel 2684363008.
[1426.110] [ISOBUS] addr=0x81 claimed=Y load=17.2% msgs=10609 aiso=342(349425ms) xte=-139.53m spd=0.00m/s q=0 ggaAge=43 vtgAge=42 xteAge=42 vt=N(0/22) vtstat=3/340240ms tc=N drp=0mm tcq=0
[1426.110] I] [NM]: Control function with address 205 and NAME 000000000000000lx is now offline on channel 198344577.
[1426.572] [ISOBUS] addr=0x81 claimed=Y load=16.7% msgs=10640 aiso=343(350425ms) xte=-139.53m spd=0.00m/s q=0 ggaAge=43 vtgAge=42 xteAge=42 vt=N(0/22) vtstat=3/341240ms tc=N drp=0mm tcq=0
[1426.572] W] [PR]: NACK-ing PGN request for PGN 60928 because no callback could handle it.
[1427.110] I] [NM]: External control function with name 000000000000000lx has claimed address 198344577 on channel 2684363008.
[1428.111] [ISOBUS] addr=0x81 claimed=Y load=17.2% msgs=10671 aiso=344(351425ms) xte=-139.53m spd=0.00m/s q=0 ggaAge=43 vtgAge=42 xteAge=33 vt=N(0/22) vtstat=3/342240ms tc=N drp=0mm tcq=0
[1428.111] I] [NM]: Control function with address 205 and NAME 000000000000000lx is now offline on channel 198344577.
[1429.112] [ISOBUS] addr=0x81 claimed=Y load=16.7% msgs=10702 aiso=345(352425ms) xte=-139.53m spd=0.00m/s q=0 ggaAge=43 vtgAge=42 xteAge=41 vt=N(0/22) vtstat=3/343240ms tc=N drp=0mm tcq=0
[1429.112] W] [PR]: NACK-ing PGN request for PGN 60928 because no callback could handle it.
[1429.112] I] [NM]: External control function with name 000000000000000lx has claimed address 198344577 on channel 2684363008.
[1429.325] [ISOBUS] addr=0x81 claimed=Y load=17.2% msgs=10733 aiso=346(353425ms) xte=-139.53m spd=0.00m/s q=0 ggaAge=43 vtgAge=42 xteAge=42 vt=N(0/22) vtstat=3/344240ms tc=N drp=0mm tcq=0
[1430.336] I] [NM]: Control function with address 205 and NAME 000000000000000lx is now offline on channel 198344577.
[1430.336] [ISOBUS] addr=0x81 claimed=Y load=16.7% msgs=10764 aiso=347(354425ms) xte=-139.53m spd=0.00m/s q=0 ggaAge=43 vtgAge=42 xteAge=41 vt=N(0/22) vtstat=3/345240ms tc=N drp=0mm tcq=0
[1431.101] W] [PR]: NACK-ing PGN request for PGN 60928 because no callback could handle it.
[1431.101] I] [NM]: External control function with name 000000000000000lx has claimed address 198344577 on channel 2684363008.
[1432.108] [ISOBUS] addr=0x81 claimed=Y load=17.2% msgs=10795 aiso=348(355425ms) xte=-139.53m spd=0.00m/s q=0 ggaAge=43 vtgAge=42 xteAge=42 vt=N(0/22) vtstat=3/346240ms tc=N drp=0mm tcq=0
[1432.108] I] [NM]: Control function with address 205 and NAME 000000000000000lx is now offline on channel 198344577.
[1432.572] [ISOBUS] addr=0x81 claimed=Y load=16.7% msgs=10826 aiso=349(356425ms) xte=-139.53m spd=0.00m/s q=0 ggaAge=43 vtgAge=42 xteAge=42 vt=N(0/22) vtstat=3/347240ms tc=N drp=0mm tcq=0
[1433.103] W] [PR]: NACK-ing PGN request for PGN 60928 because no callback could handle it.
[1433.112] I] [NM]: External control function with name 000000000000000lx has claimed address 198344577 on channel 2684363008.
[1434.108] [ISOBUS] addr=0x81 claimed=Y load=17.2% msgs=10857 aiso=350(357425ms) xte=-139.53m spd=0.00m/s q=0 ggaAge=43 vtgAge=42 xteAge=41 vt=N(0/22) vtstat=3/348240ms tc=N drp=0mm tcq=0
[1434.108] I] [NM]: Control function with address 205 and NAME 000000000000000lx is now offline on channel 198344577.
[1434.575] [ISOBUS] addr=0x81 claimed=Y load=16.7% msgs=10888 aiso=351(358425ms) xte=-139.53m spd=0.00m/s q=0 ggaAge=42 vtgAge=42 xteAge=41 vt=N(0/22) vtstat=3/349240ms tc=N drp=0mm tcq=0
[1434.575] W] [PR]: NACK-ing PGN request for PGN 60928 because no callback could handle it.
[1435.321] I] [NM]: External control function with name 000000000000000lx has claimed address 198344577 on channel 2684363008.
[1435.321] [ISOBUS] addr=0x81 claimed=Y load=17.2% msgs=10919 aiso=352(359425ms) xte=-139.53m spd=0.00m/s q=0 ggaAge=41 vtgAge=41 xteAge=40 vt=N(0/22) vtstat=3/350240ms tc=N drp=0mm tcq=0
[1436.330] I] [NM]: Control function with address 205 and NAME 000000000000000lx is now offline on channel 198344577.
[1436.330] [ISOBUS] addr=0x81 claimed=Y load=16.7% msgs=10950 aiso=353(360425ms) xte=-139.53m spd=0.00m/s q=0 ggaAge=42 vtgAge=42 xteAge=41 vt=N(0/22) vtstat=3/351240ms tc=N drp=0mm tcq=0
[1437.108] W] [PR]: NACK-ing PGN request for PGN 60928 because no callback could handle it.
[1437.108] I] [NM]: External control function with name 000000000000000lx has claimed address 198344577 on channel 2684363008.
[1438.111] [ISOBUS] addr=0x81 claimed=Y load=17.2% msgs=10981 aiso=354(361425ms) xte=-139.53m spd=0.00m/s q=0 ggaAge=43 vtgAge=42 xteAge=41 vt=N(0/22) vtstat=3/352240ms tc=N drp=0mm tcq=0
[1438.111] I] [NM]: Control function with address 205 and NAME 000000000000000lx is now offline on channel 198344577.
[1438.573] [ISOBUS] addr=0x81 claimed=Y load=16.7% msgs=11012 aiso=355(362425ms) xte=-139.53m spd=0.00m/s q=0 ggaAge=42 vtgAge=41 xteAge=41 vt=N(0/22) vtstat=3/353240ms tc=N drp=0mm tcq=0
[1438.573] W] [PR]: NACK-ing PGN request for PGN 60928 because no callback could handle it.
[1439.109] I] [NM]: External control function with name 000000000000000lx has claimed address 198344577 on channel 2684363008.
[1440.111] [ISOBUS] addr=0x81 claimed=Y load=17.2% msgs=11043 aiso=356(363425ms) xte=-139.53m spd=0.00m/s q=0 ggaAge=43 vtgAge=42 xteAge=42 vt=N(0/22) vtstat=3/354240ms tc=N drp=0mm tcq=0
[1440.111] I] [NM]: Control function with address 205 and NAME 000000000000000lx is now offline on channel 198344577.
[1441.107] [ISOBUS] addr=0x81 claimed=Y load=16.7% msgs=11074 aiso=357(364425ms) xte=-139.53m spd=0.00m/s q=0 ggaAge=43 vtgAge=42 xteAge=42 vt=N(0/22) vtstat=3/355240ms tc=N drp=0mm tcq=0
[1441.107] W] [PR]: NACK-ing PGN request for PGN 60928 because no callback could handle it.
[1441.107] I] [NM]: External control function with name 000000000000000lx has claimed address 198344577 on channel 2684363008.
[1441.325] [ISOBUS] addr=0x81 claimed=Y load=17.2% msgs=11105 aiso=358(365425ms) xte=-139.53m spd=0.00m/s q=0 ggaAge=43 vtgAge=42 xteAge=41 vt=N(0/22) vtstat=3/356240ms tc=N drp=0mm tcq=0
[1442.326] I] [NM]: Control function with address 205 and NAME 000000000000000lx is now offline on channel 198344577.
[1442.326] [ISOBUS] addr=0x81 claimed=Y load=16.7% msgs=11136 aiso=359(366425ms) xte=-139.53m spd=0.00m/s q=0 ggaAge=43 vtgAge=42 xteAge=41 vt=N(0/22) vtstat=3/357240ms tc=N drp=0mm tcq=0
[1443.110] W] [PR]: NACK-ing PGN request for PGN 60928 because no callback could handle it.
[1443.110] I] [NM]: External control function with name 000000000000000lx has claimed address 198344577 on channel 2684363008.
[1444.111] [ISOBUS] addr=0x81 claimed=Y load=17.2% msgs=11167 aiso=360(367425ms) xte=-139.53m spd=0.00m/s q=0 ggaAge=43 vtgAge=42 xteAge=41 vt=N(0/22) vtstat=3/358240ms tc=N drp=0mm tcq=0
[1444.111] I] [NM]: Control function with address 205 and NAME 000000000000000lx is now offline on channel 198344577.
[1444.571] [ISOBUS] addr=0x81 claimed=Y load=16.7% msgs=11198 aiso=361(368425ms) xte=-139.53m spd=0.00m/s q=0 ggaAge=42 vtgAge=42 xteAge=41 vt=N(0/22) vtstat=3/359240ms tc=N drp=0mm tcq=0
[1444.571] W] [PR]: NACK-ing PGN request for PGN 60928 because no callback could handle it.
[1445.111] I] [NM]: External control function with name 000000000000000lx has claimed address 198344577 on channel 2684363008.
[1446.103] [ISOBUS] addr=0x81 claimed=Y load=17.2% msgs=11229 aiso=362(369425ms) xte=-139.53m spd=0.00m/s q=0 ggaAge=43 vtgAge=42 xteAge=41 vt=N(0/22) vtstat=3/360240ms tc=N drp=0mm tcq=0
[1446.103] I] [NM]: Control function with address 205 and NAME 000000000000000lx is now offline on channel 198344577.
[1447.109] [ISOBUS] addr=0x81 claimed=Y load=16.7% msgs=11260 aiso=363(370425ms) xte=-139.53m spd=0.00m/s q=0 ggaAge=42 vtgAge=42 xteAge=41 vt=N(0/22) vtstat=3/361240ms tc=N drp=0mm tcq=0
[1447.109] W] [PR]: NACK-ing PGN request for PGN 60928 because no callback could handle it.
[1447.109] I] [NM]: External control function with name 000000000000000lx has claimed address 198344577 on channel 2684363008.
[1447.325] [ISOBUS] addr=0x81 claimed=Y load=17.2% msgs=11291 aiso=364(371425ms) xte=-139.53m spd=0.00m/s q=0 ggaAge=42 vtgAge=42 xteAge=41 vt=N(0/22) vtstat=3/362240ms tc=N drp=0mm tcq=0
[1448.328] I] [NM]: Control function with address 205 and NAME 000000000000000lx is now offline on channel 198344577.
[1448.328] [ISOBUS] addr=0x81 claimed=Y load=16.7% msgs=11322 aiso=365(372425ms) xte=-139.53m spd=0.00m/s q=0 ggaAge=42 vtgAge=41 xteAge=41 vt=N(0/22) vtstat=3/363240ms tc=N drp=0mm tcq=0
[1449.111] W] [PR]: NACK-ing PGN request for PGN 60928 because no callback could handle it.
[1449.111] I] [NM]: External control function with name 000000000000000lx has claimed address 198344577 on channel 2684363008.
[1450.111] [ISOBUS] addr=0x81 claimed=Y load=17.2% msgs=11353 aiso=366(373425ms) xte=-139.53m spd=0.00m/s q=0 ggaAge=43 vtgAge=42 xteAge=41 vt=N(0/22) vtstat=3/364240ms tc=N drp=0mm tcq=0
[1450.111] I] [NM]: Control function with address 205 and NAME 000000000000000lx is now offline on channel 198344577.
[1450.568] [ISOBUS] addr=0x81 claimed=Y load=16.7% msgs=11384 aiso=367(374425ms) xte=-139.53m spd=0.00m/s q=0 ggaAge=42 vtgAge=42 xteAge=41 vt=N(0/22) vtstat=3/365240ms tc=N drp=0mm tcq=0
[1450.568] W] [PR]: NACK-ing PGN request for PGN 60928 because no callback could handle it.
[1451.106] I] [NM]: External control function with name 000000000000000lx has claimed address 198344577 on channel 2684363008.
[1452.110] [ISOBUS] addr=0x81 claimed=Y load=17.2% msgs=11415 aiso=368(375425ms) xte=-139.53m spd=0.00m/s q=0 ggaAge=42 vtgAge=42 xteAge=41 vt=N(0/22) vtstat=3/366240ms tc=N drp=0mm tcq=0
[1452.110] I] [NM]: Control function with address 205 and NAME 000000000000000lx is now offline on channel 198344577.
[1452.565] [ISOBUS] addr=0x81 claimed=Y load=16.7% msgs=11446 aiso=369(376425ms) xte=-139.53m spd=0.00m/s q=0 ggaAge=42 vtgAge=42 xteAge=41 vt=N(0/22) vtstat=3/367240ms tc=N drp=0mm tcq=0
[1453.111] W] [PR]: NACK-ing PGN request for PGN 60928 because no callback could handle it.
[1453.111] I] [NM]: External control function with name 000000000000000lx has claimed address 198344577 on channel 2684363008.
